ISO-10303-21;
HEADER;
FILE_DESCRIPTION (( 'STEP AP203' ),
    '1' );
FILE_NAME ('Link4.STEP',
    '2026-06-24T07:31:11',
    ( '' ),
    ( '' ),
    'SwSTEP 2.0',
    'SolidWorks 2021',
    '' );
FILE_SCHEMA (( 'CONFIG_CONTROL_DESIGN' ));
ENDSEC;

DATA;
#1 = CARTESIAN_POINT ( 'NONE',  ( 2.219457617171543102E-13, -15.86547286757761910, -9.632772884300989255E-14 ) ) ;
#2 = DIRECTION ( 'NONE',  ( -1.000000000000000000, -1.387778780781441731E-14, 0.000000000000000000 ) ) ;
#3 = CARTESIAN_POINT ( 'NONE',  ( 3.699999999999634248, 26.13452713242244130, 1.648907656527608154E-13 ) ) ;
#4 = ORIENTED_EDGE ( 'NONE', *, *, #379, .F. ) ;
#5 = VERTEX_POINT ( 'NONE', #565 ) ;
#6 = CARTESIAN_POINT ( 'NONE',  ( 3.100000000000759925, -25.36547286757731356, 15.59999999999998543 ) ) ;
#7 = CARTESIAN_POINT ( 'NONE',  ( 3.100000000000759925, -26.36547286757733843, -15.60000000000016485 ) ) ;
#8 = CARTESIAN_POINT ( 'NONE',  ( -8.899999999999240075, -24.36547286757755515, 21.49999999999985079 ) ) ;
#9 = EDGE_LOOP ( 'NONE', ( #130, #533, #2284, #3173 ) ) ;
#10 = EDGE_CURVE ( 'NONE', #1948, #3097, #1433, .T. ) ;
#11 = EDGE_CURVE ( 'NONE', #5, #724, #84, .T. ) ;
#12 = DIRECTION ( 'NONE',  ( -1.401656568589260132E-14, 1.000000000000000000, 6.071532165918824830E-15 ) ) ;
#13 = ORIENTED_EDGE ( 'NONE', *, *, #1551, .F. ) ;
#14 = EDGE_CURVE ( 'NONE', #329, #3756, #2362, .T. ) ;
#15 = DIRECTION ( 'NONE',  ( -1.000000000000000000, 0.000000000000000000, 0.000000000000000000 ) ) ;
#16 = APPROVAL_DATE_TIME ( #378, #3274 ) ;
#17 = CARTESIAN_POINT ( 'NONE',  ( -6.499999999999415579, -41.86547286757770792, -2.511928372054661822E-13 ) ) ;
#18 = FACE_OUTER_BOUND ( 'NONE', #1754, .T. ) ;
#19 = FACE_OUTER_BOUND ( 'NONE', #2224, .T. ) ;
#20 = ORIENTED_EDGE ( 'NONE', *, *, #1071, .T. ) ;
#21 = ORIENTED_EDGE ( 'NONE', *, *, #2772, .T. ) ;
#22 = CARTESIAN_POINT ( 'NONE',  ( 2.852514067759217517E-13, -20.36547286757758002, -5.500000000000119904 ) ) ;
#23 = CARTESIAN_POINT ( 'NONE',  ( 2.144395624589695348, -18.86547286757758712, -1.148997196224824173E-13 ) ) ;
#24 = DIRECTION ( 'NONE',  ( -8.326672684688673325E-29, 5.999999999999999677E-15, -1.000000000000000000 ) ) ;
#25 = EDGE_LOOP ( 'NONE', ( #839, #843, #3099, #2529 ) ) ;
#26 = ORIENTED_EDGE ( 'NONE', *, *, #996, .T. ) ;
#27 = CARTESIAN_POINT ( 'NONE',  ( 1.941674341135649103E-13, -13.86547286757765285, 5.499999999999915623 ) ) ;
#28 = EDGE_CURVE ( 'NONE', #2528, #705, #2113, .T. ) ;
#29 = ORIENTED_EDGE ( 'NONE', *, *, #2520, .F. ) ;
#30 = CARTESIAN_POINT ( 'NONE',  ( -13.99999999999959677, -28.86547286757825859, 8.750000000000264677 ) ) ;
#31 = EDGE_CURVE ( 'NONE', #1349, #777, #2846, .T. ) ;
#32 = DIRECTION ( 'NONE',  ( 0.000000000000000000, 1.000000000000000000, 6.071532165918798009E-15 ) ) ;
#33 = CARTESIAN_POINT ( 'NONE',  ( 9.696152422707021046, -13.86547286757743436, -8.000000000000097700 ) ) ;
#34 = TOROIDAL_SURFACE ( 'NONE', #462, 2.750000000000003109, 1.000000000000000000 ) ;
#35 = DIRECTION ( 'NONE',  ( -1.401656568589260132E-14, 1.000000000000000000, 6.071532165918824830E-15 ) ) ;
#36 = ORIENTED_EDGE ( 'NONE', *, *, #1740, .T. ) ;
#37 = AXIS2_PLACEMENT_3D ( 'NONE', #2364, #2147, #2993 ) ;
#38 = DIRECTION ( 'NONE',  ( 0.000000000000000000, 1.000000000000000000, 5.999999999999999677E-15 ) ) ;
#39 = DIRECTION ( 'NONE',  ( 1.000000000000000000, 1.400708396751459244E-14, -6.464807985006734697E-16 ) ) ;
#40 = CIRCLE ( 'NONE', #727, 2.999999999999999112 ) ;
#41 = CARTESIAN_POINT ( 'NONE',  ( -3.700000000000362999, 26.13452713242233827, 1.544089832986894292E-13 ) ) ;
#42 = ORIENTED_EDGE ( 'NONE', *, *, #3785, .T. ) ;
#43 = ORIENTED_EDGE ( 'NONE', *, *, #1381, .T. ) ;
#44 = AXIS2_PLACEMENT_3D ( 'NONE', #1793, #290, #3035 ) ;
#45 = AXIS2_PLACEMENT_3D ( 'NONE', #592, #3266, #2336 ) ;
#46 = VERTEX_POINT ( 'NONE', #2582 ) ;
#47 = VECTOR ( 'NONE', #2971, 1000.000000000000114 ) ;
#48 = AXIS2_PLACEMENT_3D ( 'NONE', #2837, #3808, #815 ) ;
#49 = EDGE_CURVE ( 'NONE', #109, #2141, #2488, .T. ) ;
#50 = CARTESIAN_POINT ( 'NONE',  ( -17.99999999999956657, -31.86547286757753028, 19.09999999999980957 ) ) ;
#51 = ADVANCED_FACE ( 'NONE', ( #1351 ), #2908, .F. ) ;
#52 = FACE_OUTER_BOUND ( 'NONE', #741, .T. ) ;
#53 = EDGE_CURVE ( 'NONE', #2543, #3261, #3873, .T. ) ;
#54 = PLANE ( 'NONE',  #3064 ) ;
#55 = AXIS2_PLACEMENT_3D ( 'NONE', #2542, #3762, #1081 ) ;
#56 = LINE ( 'NONE', #69, #1812 ) ;
#57 = ORIENTED_EDGE ( 'NONE', *, *, #49, .T. ) ;
#58 = LINE ( 'NONE', #2525, #802 ) ;
#59 = ADVANCED_FACE ( 'NONE', ( #1413 ), #2931, .F. ) ;
#60 = DIRECTION ( 'NONE',  ( -1.401873053107404479E-14, 1.000000000000000000, 6.115553587381290921E-15 ) ) ;
#61 = DIRECTION ( 'NONE',  ( 1.000000000000000000, 1.400000000000000188E-14, 8.500145032286355678E-29 ) ) ;
#62 = EDGE_LOOP ( 'NONE', ( #2827, #273 ) ) ;
#63 = ORIENTED_EDGE ( 'NONE', *, *, #3847, .F. ) ;
#64 = CYLINDRICAL_SURFACE ( 'NONE', #978, 1.000000000000000888 ) ;
#65 = ORIENTED_EDGE ( 'NONE', *, *, #2175, .F. ) ;
#66 = DIRECTION ( 'NONE',  ( -1.000000000000000000, -1.387778780781438260E-14, 0.000000000000000000 ) ) ;
#67 = CARTESIAN_POINT ( 'NONE',  ( 15.50000000000019718, 19.78367417133664219, -7.999999999999888978 ) ) ;
#68 = CARTESIAN_POINT ( 'NONE',  ( -3.699999999999710631, -20.36547286757766884, -1.220002147281307420E-13 ) ) ;
#69 = CARTESIAN_POINT ( 'NONE',  ( 6.500000000000591527, -41.86547286757752317, -2.510703725255504625E-13 ) ) ;
#70 = ORIENTED_EDGE ( 'NONE', *, *, #2150, .T. ) ;
#71 = EDGE_CURVE ( 'NONE', #1067, #1234, #3759, .T. ) ;
#72 = DIRECTION ( 'NONE',  ( 1.000000000000000000, 1.400000000000000188E-14, 8.500145032286355678E-29 ) ) ;
#73 = CARTESIAN_POINT ( 'NONE',  ( 5.861166201460866982E-13, -41.86547286757758002, -5.500000000000249578 ) ) ;
#74 = CARTESIAN_POINT ( 'NONE',  ( -1.800000000000317346, 22.63452713242240222, -5.499999999999855227 ) ) ;
#75 = ORIENTED_EDGE ( 'NONE', *, *, #3419, .F. ) ;
#76 = EDGE_CURVE ( 'NONE', #1583, #334, #772, .T. ) ;
#77 = VERTEX_POINT ( 'NONE', #2027 ) ;
#78 = DIRECTION ( 'NONE',  ( -1.401873053107404479E-14, 1.000000000000000000, 6.115553587381290921E-15 ) ) ;
#79 = DIRECTION ( 'NONE',  ( -1.000000000000000000, -1.400708396751459244E-14, 6.464807985006734697E-16 ) ) ;
#80 = EDGE_LOOP ( 'NONE', ( #667, #2682, #2487, #1072 ) ) ;
#81 = CARTESIAN_POINT ( 'NONE',  ( 13.20000000000026752, -19.86547286757753383, 18.09999999999985931 ) ) ;
#82 = CYLINDRICAL_SURFACE ( 'NONE', #1232, 1.000000000000004441 ) ;
#83 = DIRECTION ( 'NONE',  ( 0.000000000000000000, 1.000000000000000000, 5.204170427930398406E-15 ) ) ;
#84 = CIRCLE ( 'NONE', #3428, 2.000000000000000888 ) ;
#85 = DIRECTION ( 'NONE',  ( -1.401873053107404321E-14, 1.000000000000000000, 6.115553587381290921E-15 ) ) ;
#86 = ORIENTED_EDGE ( 'NONE', *, *, #3630, .T. ) ;
#87 = CIRCLE ( 'NONE', #2994, 2.999999999999999112 ) ;
#88 = DIRECTION ( 'NONE',  ( 1.000000000000000000, 1.445602896647338719E-14, 0.000000000000000000 ) ) ;
#89 = CARTESIAN_POINT ( 'NONE',  ( -5.500000000000295763, 21.13452713242231340, 1.297753708178957236E-13 ) ) ;
#90 = ADVANCED_FACE ( 'NONE', ( #453 ), #3227, .T. ) ;
#91 = CARTESIAN_POINT ( 'NONE',  ( -5.500000000000295763, 21.13452713242231340, 1.297753708178957236E-13 ) ) ;
#92 = ORIENTED_EDGE ( 'NONE', *, *, #2520, .T. ) ;
#93 = AXIS2_PLACEMENT_3D ( 'NONE', #1283, #704, #3153 ) ;
#94 = ORIENTED_EDGE ( 'NONE', *, *, #919, .T. ) ;
#95 = FACE_OUTER_BOUND ( 'NONE', #3846, .T. ) ;
#96 = AXIS2_PLACEMENT_3D ( 'NONE', #3707, #2526, #716 ) ;
#97 = EDGE_CURVE ( 'NONE', #3510, #254, #974, .T. ) ;
#98 = ORIENTED_EDGE ( 'NONE', *, *, #793, .F. ) ;
#99 = AXIS2_PLACEMENT_3D ( 'NONE', #2769, #2479, #1291 ) ;
#100 = EDGE_CURVE ( 'NONE', #1448, #1338, #517, .T. ) ;
#101 = DIRECTION ( 'NONE',  ( -1.000000000000000000, -1.387778780781443782E-14, 0.000000000000000000 ) ) ;
#102 = AXIS2_PLACEMENT_3D ( 'NONE', #1015, #2748, #3085 ) ;
#103 = ORIENTED_EDGE ( 'NONE', *, *, #317, .T. ) ;
#104 = AXIS2_PLACEMENT_3D ( 'NONE', #2011, #3214, #1710 ) ;
#105 = DIRECTION ( 'NONE',  ( 0.000000000000000000, 1.000000000000000000, 5.782411586589358822E-15 ) ) ;
#106 = CARTESIAN_POINT ( 'NONE',  ( 5.861166201460866982E-13, -41.86547286757765107, 5.499999999999745981 ) ) ;
#107 = VECTOR ( 'NONE', #761, 1000.000000000000000 ) ;
#108 = DIRECTION ( 'NONE',  ( -1.400000000000000030E-14, 1.000000000000000000, 6.000000000000000466E-15 ) ) ;
#109 = VERTEX_POINT ( 'NONE', #1142 ) ;
#110 = AXIS2_PLACEMENT_3D ( 'NONE', #2775, #387, #3108 ) ;
#111 = DIRECTION ( 'NONE',  ( -1.400000000000000030E-14, 1.000000000000000000, 5.999999999999998889E-15 ) ) ;
#112 = DIRECTION ( 'NONE',  ( -1.000000000000000000, -1.456122284970662170E-14, 0.000000000000000000 ) ) ;
#113 = DIRECTION ( 'NONE',  ( 0.000000000000000000, 1.000000000000000000, 5.204170427930398406E-15 ) ) ;
#114 = ORIENTED_EDGE ( 'NONE', *, *, #3361, .T. ) ;
#115 = AXIS2_PLACEMENT_3D ( 'NONE', #2029, #2933, #252 ) ;
#116 = EDGE_LOOP ( 'NONE', ( #3143, #1244, #467, #181 ) ) ;
#117 = CARTESIAN_POINT ( 'NONE',  ( -8.899999999999240075, -24.36547286757733133, -15.60000000000015419 ) ) ;
#118 = ORIENTED_EDGE ( 'NONE', *, *, #1071, .F. ) ;
#119 = EDGE_CURVE ( 'NONE', #3033, #1948, #477, .T. ) ;
#120 = DIRECTION ( 'NONE',  ( -0.6546536707079784190, 0.3779644730092249771, 0.6546536707079770867 ) ) ;
#121 = ORIENTED_EDGE ( 'NONE', *, *, #3693, .F. ) ;
#122 = EDGE_CURVE ( 'NONE', #1579, #1017, #522, .T. ) ;
#123 = DIRECTION ( 'NONE',  ( 1.000000000000000000, 1.349229370204182437E-14, 0.000000000000000000 ) ) ;
#124 = CARTESIAN_POINT ( 'NONE',  ( 2.151685783464588209E-13, -15.36547286757758179, -5.500000000000089706 ) ) ;
#125 = DIRECTION ( 'NONE',  ( 0.000000000000000000, -1.000000000000000000, -5.204170427930398406E-15 ) ) ;
#126 = EDGE_LOOP ( 'NONE', ( #1721, #131, #560, #3663 ) ) ;
#127 = DIRECTION ( 'NONE',  ( 1.000000000000000000, 1.400000000000000188E-14, 8.500145032286355678E-29 ) ) ;
#128 = CARTESIAN_POINT ( 'NONE',  ( 2.639954587748321394E-13, -18.86547286757761910, -1.145423253407663418E-13 ) ) ;
#129 = DIRECTION ( 'NONE',  ( -1.000000000000000000, -1.349229370204180543E-14, 0.000000000000000000 ) ) ;
#130 = ORIENTED_EDGE ( 'NONE', *, *, #2730, .T. ) ;
#131 = ORIENTED_EDGE ( 'NONE', *, *, #1516, .T. ) ;
#132 = LINE ( 'NONE', #1028, #1235 ) ;
#133 = ORIENTED_EDGE ( 'NONE', *, *, #886, .F. ) ;
#134 = DIRECTION ( 'NONE',  ( 0.000000000000000000, 1.040834085586083310E-14, -1.000000000000000000 ) ) ;
#135 = ADVANCED_FACE ( 'NONE', ( #250 ), #867, .F. ) ;
#136 = CARTESIAN_POINT ( 'NONE',  ( 2.144395624589815696, -27.43073961835341379, -1.662840052040008982E-13 ) ) ;
#137 = LINE ( 'NONE', #220, #1487 ) ;
#138 = DIRECTION ( 'NONE',  ( -1.652117596169240712E-16, 6.071532165918823253E-15, -1.000000000000000000 ) ) ;
#139 = ADVANCED_FACE ( 'NONE', ( #3883, #2074 ), #566, .T. ) ;
#140 = CARTESIAN_POINT ( 'NONE',  ( -13.99999999999957190, -30.66547286757804613, -6.350000000000108891 ) ) ;
#141 = ORIENTED_EDGE ( 'NONE', *, *, #1981, .F. ) ;
#142 = CARTESIAN_POINT ( 'NONE',  ( -8.899999999999240075, -24.36547286757745212, 4.499999999999850786 ) ) ;
#143 = CARTESIAN_POINT ( 'NONE',  ( -8.899999999999240075, -25.36547286757734554, -14.10000000000015774 ) ) ;
#144 = VECTOR ( 'NONE', #1726, 1000.000000000000000 ) ;
#145 = DIRECTION ( 'NONE',  ( 1.000000000000000000, 1.400000000000000188E-14, 8.500145032286355678E-29 ) ) ;
#146 = ORIENTED_EDGE ( 'NONE', *, *, #321, .T. ) ;
#147 = EDGE_LOOP ( 'NONE', ( #179, #1471, #3810, #863 ) ) ;
#148 = AXIS2_PLACEMENT_3D ( 'NONE', #1202, #3541, #2384 ) ;
#149 = DIRECTION ( 'NONE',  ( -1.401656568589260132E-14, 1.000000000000000000, 6.071532165918824830E-15 ) ) ;
#150 = AXIS2_PLACEMENT_3D ( 'NONE', #1047, #3133, #992 ) ;
#151 = PLANE ( 'NONE',  #2573 ) ;
#152 = ORIENTED_EDGE ( 'NONE', *, *, #637, .T. ) ;
#153 = VECTOR ( 'NONE', #168, 1000.000000000000114 ) ;
#154 = CARTESIAN_POINT ( 'NONE',  ( -13.99999999999958256, -29.86547286757790687, -1.280859158188579630E-13 ) ) ;
#155 = ORIENTED_EDGE ( 'NONE', *, *, #3785, .F. ) ;
#156 = AXIS2_PLACEMENT_3D ( 'NONE', #106, #1554, #2753 ) ;
#157 = VERTEX_POINT ( 'NONE', #3250 ) ;
#158 = VECTOR ( 'NONE', #120, 1000.000000000000114 ) ;
#159 = DIRECTION ( 'NONE',  ( -1.401873053107404479E-14, 1.000000000000000000, 6.115553587381290921E-15 ) ) ;
#160 = DIRECTION ( 'NONE',  ( -1.000000000000000000, -1.387778780781445676E-14, 0.000000000000000000 ) ) ;
#161 = DIRECTION ( 'NONE',  ( -1.652117596169240712E-16, 6.071532165918823253E-15, -1.000000000000000000 ) ) ;
#162 = EDGE_LOOP ( 'NONE', ( #845, #1725 ) ) ;
#163 = AXIS2_PLACEMENT_3D ( 'NONE', #1129, #506, #2913 ) ;
#164 = ADVANCED_FACE ( 'NONE', ( #2955 ), #2444, .F. ) ;
#165 = EDGE_CURVE ( 'NONE', #1480, #1693, #840, .T. ) ;
#166 = DIRECTION ( 'NONE',  ( -1.000000000000000000, -1.400000000000000030E-14, -9.082321863761305948E-17 ) ) ;
#167 = VECTOR ( 'NONE', #3208, 1000.000000000000000 ) ;
#168 = DIRECTION ( 'NONE',  ( -0.8660254037844407060, -0.4999999999999965583, -2.892688502127205584E-15 ) ) ;
#169 = AXIS2_PLACEMENT_3D ( 'NONE', #2504, #3054, #1632 ) ;
#170 = CARTESIAN_POINT ( 'NONE',  ( 10.50000000000019362, -13.86547286757742192, -8.000000000000087041 ) ) ;
#171 = ORIENTED_EDGE ( 'NONE', *, *, #1900, .T. ) ;
#172 = ORIENTED_EDGE ( 'NONE', *, *, #1747, .T. ) ;
#173 = VECTOR ( 'NONE', #2546, 1000.000000000000000 ) ;
#174 = ADVANCED_FACE ( 'NONE', ( #1477 ), #3862, .F. ) ;
#175 = DIRECTION ( 'NONE',  ( 1.000000000000000000, 1.349229370204182752E-14, 0.000000000000000000 ) ) ;
#176 = DIRECTION ( 'NONE',  ( -1.404021378911230461E-14, 1.000000000000000000, 6.043800637697349725E-15 ) ) ;
#177 = AXIS2_PLACEMENT_3D ( 'NONE', #643, #3051, #2757 ) ;
#178 = DIRECTION ( 'NONE',  ( 0.000000000000000000, -1.000000000000000000, 0.000000000000000000 ) ) ;
#179 = ORIENTED_EDGE ( 'NONE', *, *, #2003, .F. ) ;
#180 = CARTESIAN_POINT ( 'NONE',  ( -1.799999999999715605, -20.36547286757760489, -5.500000000000119904 ) ) ;
#181 = ORIENTED_EDGE ( 'NONE', *, *, #634, .T. ) ;
#182 = ORIENTED_EDGE ( 'NONE', *, *, #433, .F. ) ;
#183 = FACE_OUTER_BOUND ( 'NONE', #3323, .T. ) ;
#184 = DIRECTION ( 'NONE',  ( 0.000000000000000000, -1.000000000000000000, 0.000000000000000000 ) ) ;
#185 = CARTESIAN_POINT ( 'NONE',  ( -8.899999999999240075, -25.36547286757733488, -15.60000000000015952 ) ) ;
#186 = FACE_BOUND ( 'NONE', #232, .T. ) ;
#187 = DIRECTION ( 'NONE',  ( -1.000000000000000000, -1.404299956743129740E-14, 1.652117596168388002E-16 ) ) ;
#188 = ORIENTED_EDGE ( 'NONE', *, *, #2730, .F. ) ;
#189 = EDGE_CURVE ( 'NONE', #2102, #1460, #1161, .T. ) ;
#190 = ORIENTED_EDGE ( 'NONE', *, *, #3764, .T. ) ;
#191 = CYLINDRICAL_SURFACE ( 'NONE', #799, 1.799999999999999600 ) ;
#192 = CARTESIAN_POINT ( 'NONE',  ( -2.899999999999743228, -29.86547286757752673, 18.09999999999988773 ) ) ;
#193 = DIRECTION ( 'NONE',  ( -1.401873053107404479E-14, 1.000000000000000000, 6.115553587381290921E-15 ) ) ;
#194 = EDGE_CURVE ( 'NONE', #3283, #1492, #3567, .T. ) ;
#195 = ORIENTED_EDGE ( 'NONE', *, *, #3605, .F. ) ;
#196 = CARTESIAN_POINT ( 'NONE',  ( 2.642502625430279422E-13, -18.86547286757761910, -1.130859158188568026E-13 ) ) ;
#197 = ORIENTED_EDGE ( 'NONE', *, *, #3844, .T. ) ;
#198 = VERTEX_POINT ( 'NONE', #2972 ) ;
#199 = PLANE ( 'NONE',  #459 ) ;
#200 = CARTESIAN_POINT ( 'NONE',  ( 1.000000000000194511, -13.86547286757763864, 5.499999999999909406 ) ) ;
#201 = DIRECTION ( 'NONE',  ( 1.401656568589260132E-14, -1.000000000000000000, -6.071532165918824830E-15 ) ) ;
#202 = ORIENTED_EDGE ( 'NONE', *, *, #1623, .F. ) ;
#203 = FACE_BOUND ( 'NONE', #1329, .T. ) ;
#204 = FACE_BOUND ( 'NONE', #750, .T. ) ;
#205 = VERTEX_POINT ( 'NONE', #268 ) ;
#206 = ORIENTED_EDGE ( 'NONE', *, *, #2467, .F. ) ;
#207 = LINE ( 'NONE', #2053, #1559 ) ;
#208 = EDGE_CURVE ( 'NONE', #514, #3223, #3803, .T. ) ;
#209 = DIRECTION ( 'NONE',  ( -1.000000000000000000, -1.387778780781027264E-14, 0.000000000000000000 ) ) ;
#210 = DIRECTION ( 'NONE',  ( 1.000000000000000000, 1.387778780781441731E-14, 0.000000000000000000 ) ) ;
#211 = CIRCLE ( 'NONE', #2491, 1.000000000000003553 ) ;
#212 = ORIENTED_EDGE ( 'NONE', *, *, #3434, .T. ) ;
#213 = EDGE_CURVE ( 'NONE', #1448, #973, #1286, .T. ) ;
#214 = ADVANCED_FACE ( 'NONE', ( #583 ), #1499, .T. ) ;
#215 = DIRECTION ( 'NONE',  ( -1.401873053107404479E-14, 1.000000000000000000, 6.115553587381290921E-15 ) ) ;
#216 = ORIENTED_EDGE ( 'NONE', *, *, #3647, .F. ) ;
#217 = EDGE_LOOP ( 'NONE', ( #3889, #3834, #171, #1444 ) ) ;
#218 = AXIS2_PLACEMENT_3D ( 'NONE', #1227, #1210, #589 ) ;
#219 = EDGE_CURVE ( 'NONE', #546, #1408, #774, .T. ) ;
#220 = CARTESIAN_POINT ( 'NONE',  ( 10.50000000000026290, -18.86547286757752317, 7.999999999999883649 ) ) ;
#221 = EDGE_CURVE ( 'NONE', #3221, #3216, #3492, .T. ) ;
#222 = CARTESIAN_POINT ( 'NONE',  ( 1.800000000000286038, -20.36547286757755870, -5.500000000000119904 ) ) ;
#223 = AXIS2_PLACEMENT_3D ( 'NONE', #1478, #1222, #346 ) ;
#224 = ORIENTED_EDGE ( 'NONE', *, *, #1165, .F. ) ;
#225 = DIRECTION ( 'NONE',  ( 0.000000000000000000, 0.000000000000000000, 1.000000000000000000 ) ) ;
#226 = ORIENTED_EDGE ( 'NONE', *, *, #1949, .F. ) ;
#227 = AXIS2_PLACEMENT_3D ( 'NONE', #3332, #1473, #1831 ) ;
#228 = DIRECTION ( 'NONE',  ( -1.401656568589260132E-14, 1.000000000000000000, 6.071532165918824830E-15 ) ) ;
#229 = AXIS2_PLACEMENT_3D ( 'NONE', #692, #3715, #2145 ) ;
#230 = CYLINDRICAL_SURFACE ( 'NONE', #2634, 2.000000000000000000 ) ;
#231 = ORIENTED_EDGE ( 'NONE', *, *, #3210, .F. ) ;
#232 = EDGE_LOOP ( 'NONE', ( #1044, #1475 ) ) ;
#233 = CIRCLE ( 'NONE', #2878, 1.800000000000003375 ) ;
#234 = CIRCLE ( 'NONE', #3194, 2.000000000000001776 ) ;
#235 = CARTESIAN_POINT ( 'NONE',  ( -18.99999999999972999, -19.86547286757776831, -19.10000000000012577 ) ) ;
#236 = CARTESIAN_POINT ( 'NONE',  ( 2.782668282289205435E-13, -19.86547286757761910, -1.191574479847756400E-13 ) ) ;
#237 = DIRECTION ( 'NONE',  ( -8.326672684688673325E-29, 5.999999999999999677E-15, -1.000000000000000000 ) ) ;
#238 = ORIENTED_EDGE ( 'NONE', *, *, #213, .T. ) ;
#239 = AXIS2_PLACEMENT_3D ( 'NONE', #1822, #937, #2690 ) ;
#240 = CARTESIAN_POINT ( 'NONE',  ( 6.499999999999638511, 26.13452713242248038, 1.601330316474907818E-13 ) ) ;
#241 = ORIENTED_EDGE ( 'NONE', *, *, #2204, .F. ) ;
#242 = EDGE_CURVE ( 'NONE', #3057, #314, #340, .T. ) ;
#243 = ORIENTED_EDGE ( 'NONE', *, *, #1888, .F. ) ;
#244 = FACE_OUTER_BOUND ( 'NONE', #3823, .T. ) ;
#245 = DIRECTION ( 'NONE',  ( 1.046816977530881923E-14, -6.043800637697202997E-15, 1.000000000000000000 ) ) ;
#246 = ORIENTED_EDGE ( 'NONE', *, *, #97, .F. ) ;
#247 = DIRECTION ( 'NONE',  ( -1.400708396751458928E-14, 1.000000000000000000, 5.994332430076922692E-15 ) ) ;
#248 = EDGE_LOOP ( 'NONE', ( #389, #2627 ) ) ;
#249 = ADVANCED_FACE ( 'NONE', ( #2463 ), #1886, .F. ) ;
#250 = FACE_OUTER_BOUND ( 'NONE', #3727, .T. ) ;
#251 = DIRECTION ( 'NONE',  ( -1.000000000000000000, -1.404021378911230461E-14, 0.000000000000000000 ) ) ;
#252 = DIRECTION ( 'NONE',  ( -1.000000000000000000, -1.400000000000000188E-14, 0.000000000000000000 ) ) ;
#253 = ORIENTED_EDGE ( 'NONE', *, *, #2032, .T. ) ;
#254 = VERTEX_POINT ( 'NONE', #2146 ) ;
#255 = CARTESIAN_POINT ( 'NONE',  ( -6.500000000000318856, 22.63452713242229919, 1.344514846222495522E-13 ) ) ;
#256 = CARTESIAN_POINT ( 'NONE',  ( 0.9999999999997069011, 21.13452713242236669, 5.500000000000133227 ) ) ;
#257 = CARTESIAN_POINT ( 'NONE',  ( 2.671204686878123604E-13, -19.06970698461732638, -1.143873627457979988E-13 ) ) ;
#258 = VERTEX_POINT ( 'NONE', #3350 ) ;
#259 = CARTESIAN_POINT ( 'NONE',  ( -18.99999999999956657, -31.86547286757753028, 8.750000000000264677 ) ) ;
#260 = CARTESIAN_POINT ( 'NONE',  ( -3.170902687263196513E-13, 22.63452713242242353, -5.499999999999861444 ) ) ;
#261 = CARTESIAN_POINT ( 'NONE',  ( 11.19615242270683275, 20.73260334377579994, 8.000000000000000000 ) ) ;
#262 = VERTEX_POINT ( 'NONE', #3719 ) ;
#263 = DIRECTION ( 'NONE',  ( -1.000000000000000000, -1.387778780781445676E-14, 0.000000000000000000 ) ) ;
#264 = EDGE_CURVE ( 'NONE', #198, #989, #1603, .T. ) ;
#265 = CARTESIAN_POINT ( 'NONE',  ( 5.499999999999682920, 22.63452713242246617, 1.434863280969262991E-13 ) ) ;
#266 = PERSON_AND_ORGANIZATION_ROLE ( 'design_owner' ) ;
#267 = ORIENTED_EDGE ( 'NONE', *, *, #1741, .F. ) ;
#268 = CARTESIAN_POINT ( 'NONE',  ( -0.9999999999998088196, -13.86547286757759601, -5.500000000000079936 ) ) ;
#269 = EDGE_CURVE ( 'NONE', #2918, #1067, #3120, .T. ) ;
#270 = FACE_OUTER_BOUND ( 'NONE', #3773, .T. ) ;
#271 = DIRECTION ( 'NONE',  ( 1.401656568589260132E-14, -1.000000000000000000, -6.071532165918824830E-15 ) ) ;
#272 = VERTEX_POINT ( 'NONE', #1018 ) ;
#273 = ORIENTED_EDGE ( 'NONE', *, *, #1864, .F. ) ;
#274 = CARTESIAN_POINT ( 'NONE',  ( -3.661482486269437559E-13, 26.13452713242242353, -5.499999999999841016 ) ) ;
#275 = DIRECTION ( 'NONE',  ( -1.000000000000000000, -1.456122284970662170E-14, 0.000000000000000000 ) ) ;
#276 = CC_DESIGN_PERSON_AND_ORGANIZATION_ASSIGNMENT ( #1899, #342, ( #359 ) ) ;
#277 = CARTESIAN_POINT ( 'NONE',  ( 10.50000000000032152, 21.13452713242240932, -7.999999999999875655 ) ) ;
#278 = VERTEX_POINT ( 'NONE', #3420 ) ;
#279 = DIRECTION ( 'NONE',  ( -1.400000000000000030E-14, 1.000000000000000000, 6.000000000000000466E-15 ) ) ;
#280 = VECTOR ( 'NONE', #3796, 1000.000000000000114 ) ;
#281 = DIRECTION ( 'NONE',  ( -1.401873053107404479E-14, 1.000000000000000000, 6.115553587381290921E-15 ) ) ;
#282 = DIRECTION ( 'NONE',  ( 1.000000000000000000, 1.400000000000000188E-14, 8.500145032286354557E-29 ) ) ;
#283 = ORIENTED_EDGE ( 'NONE', *, *, #1788, .F. ) ;
#284 = AXIS2_PLACEMENT_3D ( 'NONE', #1323, #3729, #689 ) ;
#285 = CARTESIAN_POINT ( 'NONE',  ( 8.200000000000407852, -29.86547286757759423, -1.280859158188560697E-13 ) ) ;
#286 = FACE_OUTER_BOUND ( 'NONE', #944, .T. ) ;
#287 = VECTOR ( 'NONE', #3321, 1000.000000000000000 ) ;
#288 = CIRCLE ( 'NONE', #723, 1.800000000000002043 ) ;
#289 = DIRECTION ( 'NONE',  ( -1.400000000000000030E-14, 1.000000000000000000, 6.000000000000000466E-15 ) ) ;
#290 = DIRECTION ( 'NONE',  ( 0.000000000000000000, 0.000000000000000000, -1.000000000000000000 ) ) ;
#291 = CARTESIAN_POINT ( 'NONE',  ( -3.699999999999696421, -21.36547286757766884, -1.280717468940495669E-13 ) ) ;
#292 = EDGE_LOOP ( 'NONE', ( #691, #3307 ) ) ;
#293 = AXIS2_PLACEMENT_3D ( 'NONE', #2675, #888, #2408 ) ;
#294 = ADVANCED_FACE ( 'NONE', ( #52 ), #694, .F. ) ;
#295 = EDGE_CURVE ( 'NONE', #1083, #2538, #2853, .T. ) ;
#296 = EDGE_LOOP ( 'NONE', ( #3714, #1782 ) ) ;
#297 = DIRECTION ( 'NONE',  ( -0.000000000000000000, -0.000000000000000000, 1.000000000000000000 ) ) ;
#298 = LINE ( 'NONE', #351, #1605 ) ;
#299 = VECTOR ( 'NONE', #1917, 1000.000000000000000 ) ;
#300 = DIRECTION ( 'NONE',  ( 0.000000000000000000, 1.000000000000000000, 6.938893903907197612E-15 ) ) ;
#301 = EDGE_LOOP ( 'NONE', ( #411, #2708, #3215, #2324 ) ) ;
#302 = CIRCLE ( 'NONE', #163, 1.000000000000000888 ) ;
#303 = VECTOR ( 'NONE', #3146, 1000.000000000000000 ) ;
#304 = CARTESIAN_POINT ( 'NONE',  ( -5.499999999999784173, -15.36547286757769371, -9.164255389853663050E-14 ) ) ;
#305 = CIRCLE ( 'NONE', #2815, 1.000000000000301537 ) ;
#306 = DIRECTION ( 'NONE',  ( 1.000000000000000000, 1.400000000000000188E-14, 8.500145032286355678E-29 ) ) ;
#307 = ORIENTED_EDGE ( 'NONE', *, *, #1773, .T. ) ;
#308 = AXIS2_PLACEMENT_3D ( 'NONE', #1612, #2154, #3357 ) ;
#309 = PLANE ( 'NONE',  #2503 ) ;
#310 = DIRECTION ( 'NONE',  ( 1.000000000000000000, 1.349229370204180701E-14, 0.000000000000000000 ) ) ;
#311 = CARTESIAN_POINT ( 'NONE',  ( -7.299999999999788436, -15.36547286757772035, -1.096367139724471447E-13 ) ) ;
#312 = CARTESIAN_POINT ( 'NONE',  ( -8.899999999999240075, -25.36547286757751252, 14.09999999999984155 ) ) ;
#313 = ORIENTED_EDGE ( 'NONE', *, *, #3601, .T. ) ;
#314 = VERTEX_POINT ( 'NONE', #3070 ) ;
#315 = DIRECTION ( 'NONE',  ( 1.000000000000000000, 0.000000000000000000, 0.000000000000000000 ) ) ;
#316 = DIRECTION ( 'NONE',  ( 1.000000000000000000, 0.000000000000000000, 0.000000000000000000 ) ) ;
#317 = EDGE_CURVE ( 'NONE', #1407, #2394, #3626, .T. ) ;
#318 = DIRECTION ( 'NONE',  ( 1.000000000000000000, 1.456122284970662170E-14, 0.000000000000000000 ) ) ;
#319 = EDGE_LOOP ( 'NONE', ( #1897, #2209, #2912, #644 ) ) ;
#320 = ORIENTED_EDGE ( 'NONE', *, *, #2916, .T. ) ;
#321 = EDGE_CURVE ( 'NONE', #2007, #3283, #846, .T. ) ;
#322 = DIRECTION ( 'NONE',  ( 1.401656568589260132E-14, -1.000000000000000000, -6.071532165918824830E-15 ) ) ;
#323 = FACE_BOUND ( 'NONE', #432, .T. ) ;
#324 = VERTEX_POINT ( 'NONE', #1330 ) ;
#325 = DIRECTION ( 'NONE',  ( -1.400000000000000030E-14, 1.000000000000000000, 6.000000000000000466E-15 ) ) ;
#326 = DIRECTION ( 'NONE',  ( -8.326672684688673325E-29, 5.999999999999999677E-15, -1.000000000000000000 ) ) ;
#327 = CARTESIAN_POINT ( 'NONE',  ( -7.299999999999704059, -21.36547286757771857, -1.096367139724468670E-13 ) ) ;
#328 = DIRECTION ( 'NONE',  ( 1.400000000000000030E-14, -1.000000000000000000, -5.999999999999999677E-15 ) ) ;
#329 = VERTEX_POINT ( 'NONE', #3648 ) ;
#330 = DIRECTION ( 'NONE',  ( 1.000000000000000000, 1.387778780781027264E-14, 0.000000000000000000 ) ) ;
#331 = DIRECTION ( 'NONE',  ( 1.387778780781446149E-14, -1.000000000000000000, 0.000000000000000000 ) ) ;
#332 = DIRECTION ( 'NONE',  ( -1.387778780781446149E-14, 1.000000000000000000, 0.000000000000000000 ) ) ;
#333 = VERTEX_POINT ( 'NONE', #3660 ) ;
#334 = VERTEX_POINT ( 'NONE', #2752 ) ;
#335 = ADVANCED_FACE ( 'NONE', ( #1570 ), #2768, .F. ) ;
#336 = DIRECTION ( 'NONE',  ( -1.401873053107404321E-14, 1.000000000000000000, 6.115553587381290921E-15 ) ) ;
#337 = ORIENTED_EDGE ( 'NONE', *, *, #1973, .T. ) ;
#338 = EDGE_CURVE ( 'NONE', #157, #3131, #961, .T. ) ;
#339 = ADVANCED_FACE ( 'NONE', ( #2162 ), #82, .F. ) ;
#340 = CIRCLE ( 'NONE', #915, 2.000000000000000888 ) ;
#341 = DIRECTION ( 'NONE',  ( -1.000000000000000000, -1.349229370204180543E-14, 0.000000000000000000 ) ) ;
#342 = PERSON_AND_ORGANIZATION_ROLE ( 'classification_officer' ) ;
#343 = CIRCLE ( 'NONE', #1919, 1.000000000000004441 ) ;
#344 = EDGE_CURVE ( 'NONE', #3756, #1638, #87, .T. ) ;
#345 = DIRECTION ( 'NONE',  ( -8.396311767728323321E-29, 5.994332430076922692E-15, -1.000000000000000000 ) ) ;
#346 = DIRECTION ( 'NONE',  ( 1.000000000000000000, 1.349229370204182437E-14, 0.000000000000000000 ) ) ;
#347 = VECTOR ( 'NONE', #3535, 1000.000000000000227 ) ;
#348 = LINE ( 'NONE', #681, #1305 ) ;
#349 = ORIENTED_EDGE ( 'NONE', *, *, #3419, .T. ) ;
#350 = VECTOR ( 'NONE', #2047, 1000.000000000000000 ) ;
#351 = CARTESIAN_POINT ( 'NONE',  ( 1.800000000000288480, -20.36547286757762620, 5.499999999999875655 ) ) ;
#352 = CIRCLE ( 'NONE', #3818, 1.799999999999999600 ) ;
#353 = ORIENTED_EDGE ( 'NONE', *, *, #555, .F. ) ;
#354 = ORIENTED_EDGE ( 'NONE', *, *, #2792, .T. ) ;
#355 = VECTOR ( 'NONE', #3807, 1000.000000000000000 ) ;
#356 = DIRECTION ( 'NONE',  ( 8.404250380508755870E-29, -5.999999999999998889E-15, 1.000000000000000000 ) ) ;
#357 = CIRCLE ( 'NONE', #1434, 1.800000000000000711 ) ;
#358 = ORIENTED_EDGE ( 'NONE', *, *, #194, .T. ) ;
#359 = SECURITY_CLASSIFICATION ( '', '', #820 ) ;
#360 = AXIS2_PLACEMENT_3D ( 'NONE', #1469, #306, #1784 ) ;
#361 = CARTESIAN_POINT ( 'NONE',  ( -3.642015447995489510E-13, 26.13452713242234182, 8.000000000000159872 ) ) ;
#362 = EDGE_CURVE ( 'NONE', #3359, #278, #3677, .T. ) ;
#363 = AXIS2_PLACEMENT_3D ( 'NONE', #257, #2962, #318 ) ;
#364 = DIRECTION ( 'NONE',  ( -1.401873053107404479E-14, 1.000000000000000000, 6.115553587381290921E-15 ) ) ;
#365 = CYLINDRICAL_SURFACE ( 'NONE', #156, 1.000000000000002665 ) ;
#366 = AXIS2_PLACEMENT_3D ( 'NONE', #2393, #3569, #3680 ) ;
#367 = EDGE_CURVE ( 'NONE', #2492, #3730, #3388, .T. ) ;
#368 = LINE ( 'NONE', #1573, #3330 ) ;
#369 = ORIENTED_EDGE ( 'NONE', *, *, #1482, .F. ) ;
#370 = DIRECTION ( 'NONE',  ( -0.000000000000000000, -0.000000000000000000, 1.000000000000000000 ) ) ;
#371 = FACE_OUTER_BOUND ( 'NONE', #3193, .T. ) ;
#372 = CARTESIAN_POINT ( 'NONE',  ( -6.499999999999786837, -15.36547286757770969, -8.769283720546636135E-14 ) ) ;
#373 = ORIENTED_EDGE ( 'NONE', *, *, #3308, .F. ) ;
#374 = VERTEX_POINT ( 'NONE', #2200 ) ;
#375 = DIRECTION ( 'NONE',  ( 8.404250380508755870E-29, -5.999999999999998889E-15, 1.000000000000000000 ) ) ;
#376 = ORIENTED_EDGE ( 'NONE', *, *, #1020, .T. ) ;
#377 = DIRECTION ( 'NONE',  ( -8.326672684688673325E-29, 5.999999999999999677E-15, -1.000000000000000000 ) ) ;
#378 = DATE_AND_TIME ( #2126, #1877 ) ;
#379 = EDGE_CURVE ( 'NONE', #3551, #3856, #1289, .T. ) ;
#380 = DIRECTION ( 'NONE',  ( 1.000000000000000000, 1.387778780781442047E-14, 0.000000000000000000 ) ) ;
#381 = FACE_BOUND ( 'NONE', #1109, .T. ) ;
#382 = CARTESIAN_POINT ( 'NONE',  ( 5.861166201460866982E-13, -41.86547286757765107, 5.499999999999745981 ) ) ;
#383 = ORIENTED_EDGE ( 'NONE', *, *, #1949, .T. ) ;
#384 = EDGE_CURVE ( 'NONE', #3687, #649, #2232, .T. ) ;
#385 = DIRECTION ( 'NONE',  ( 1.387778780781444413E-14, -1.000000000000000000, 0.000000000000000000 ) ) ;
#386 = DIRECTION ( 'NONE',  ( 1.401656568589260132E-14, -1.000000000000000000, -6.071532165918824830E-15 ) ) ;
#387 = DIRECTION ( 'NONE',  ( 1.652117596169240712E-16, -6.071532165918823253E-15, 1.000000000000000000 ) ) ;
#388 = ORIENTED_EDGE ( 'NONE', *, *, #3105, .T. ) ;
#389 = ORIENTED_EDGE ( 'NONE', *, *, #219, .F. ) ;
#390 = ADVANCED_FACE ( 'NONE', ( #1057 ), #3442, .F. ) ;
#391 = ADVANCED_FACE ( 'NONE', ( #1076 ), #1390, .T. ) ;
#392 = CARTESIAN_POINT ( 'NONE',  ( -2.967621045239567326E-13, 21.13452713242243775, -7.999999999999872102 ) ) ;
#393 = LINE ( 'NONE', #1598, #1681 ) ;
#394 = ORIENTED_EDGE ( 'NONE', *, *, #2322, .F. ) ;
#395 = CARTESIAN_POINT ( 'NONE',  ( -10.89999999999924007, -25.36547286757731712, 15.59999999999998543 ) ) ;
#396 = DIRECTION ( 'NONE',  ( 1.000000000000000000, 0.000000000000000000, 0.000000000000000000 ) ) ;
#397 = DIRECTION ( 'NONE',  ( -1.401873053107404321E-14, 1.000000000000000000, 6.115553587381290921E-15 ) ) ;
#398 = VECTOR ( 'NONE', #2387, 1000.000000000000000 ) ;
#399 = FACE_OUTER_BOUND ( 'NONE', #1355, .T. ) ;
#400 = ORIENTED_EDGE ( 'NONE', *, *, #2171, .T. ) ;
#401 = DIRECTION ( 'NONE',  ( -1.000000000000000000, -1.401656568589260132E-14, 0.000000000000000000 ) ) ;
#402 = LINE ( 'NONE', #2810, #1107 ) ;
#403 = EDGE_CURVE ( 'NONE', #705, #2528, #211, .T. ) ;
#404 = DIRECTION ( 'NONE',  ( -1.387778780781446149E-14, 1.000000000000000000, 0.000000000000000000 ) ) ;
#405 = ORIENTED_EDGE ( 'NONE', *, *, #2344, .T. ) ;
#406 = ADVANCED_FACE ( 'NONE', ( #2903, #3225 ), #199, .F. ) ;
#407 = VERTEX_POINT ( 'NONE', #2841 ) ;
#408 = DIRECTION ( 'NONE',  ( 1.000000000000000000, 1.387778780781027264E-14, 0.000000000000000000 ) ) ;
#409 = VECTOR ( 'NONE', #906, 1000.000000000000227 ) ;
#410 = EDGE_CURVE ( 'NONE', #77, #262, #2796, .T. ) ;
#411 = ORIENTED_EDGE ( 'NONE', *, *, #100, .F. ) ;
#412 = AXIS2_PLACEMENT_3D ( 'NONE', #1431, #2597, #1391 ) ;
#413 = APPLICATION_CONTEXT ( 'configuration controlled 3d designs of mechanical parts and assemblies' ) ;
#414 = FACE_BOUND ( 'NONE', #292, .T. ) ;
#415 = VECTOR ( 'NONE', #279, 1000.000000000000000 ) ;
#416 = CIRCLE ( 'NONE', #2756, 1.000000000000002887 ) ;
#417 = CARTESIAN_POINT ( 'NONE',  ( -3.661482486269437054E-13, 26.13452713242239156, 1.601330316474903274E-13 ) ) ;
#418 = DIRECTION ( 'NONE',  ( 0.000000000000000000, 0.000000000000000000, 1.000000000000000000 ) ) ;
#419 = VECTOR ( 'NONE', #985, 1000.000000000000000 ) ;
#420 = DIRECTION ( 'NONE',  ( 0.8660254037844403729, -0.4999999999999969469, 0.000000000000000000 ) ) ;
#421 = ORIENTED_EDGE ( 'NONE', *, *, #3452, .F. ) ;
#422 = CIRCLE ( 'NONE', #808, 1.000000000000002665 ) ;
#423 = SPHERICAL_SURFACE ( 'NONE', #169, 1.000000000000000000 ) ;
#424 = DIRECTION ( 'NONE',  ( -9.082321863761305948E-17, 0.000000000000000000, 1.000000000000000000 ) ) ;
#425 = CARTESIAN_POINT ( 'NONE',  ( 5.500000000000586198, -41.86547286757753739, -2.511928372054652229E-13 ) ) ;
#426 = EDGE_LOOP ( 'NONE', ( #626, #492 ) ) ;
#427 = AXIS2_PLACEMENT_3D ( 'NONE', #2329, #3486, #1929 ) ;
#428 = VERTEX_POINT ( 'NONE', #818 ) ;
#429 = ADVANCED_FACE ( 'NONE', ( #3180 ), #3793, .F. ) ;
#430 = CARTESIAN_POINT ( 'NONE',  ( 5.100000000000760814, -25.36547286757731356, 15.59999999999998543 ) ) ;
#431 = CARTESIAN_POINT ( 'NONE',  ( -18.99999999999972999, -19.86547286757777542, -18.10000000000012577 ) ) ;
#432 = EDGE_LOOP ( 'NONE', ( #3518, #1645 ) ) ;
#433 = EDGE_CURVE ( 'NONE', #2428, #2335, #1115, .T. ) ;
#434 = CYLINDRICAL_SURFACE ( 'NONE', #1363, 8.000000000000000000 ) ;
#435 = DIRECTION ( 'NONE',  ( -1.000000000000000000, 0.000000000000000000, 8.345426451996534694E-29 ) ) ;
#436 = ORIENTED_EDGE ( 'NONE', *, *, #1516, .F. ) ;
#437 = DIRECTION ( 'NONE',  ( -0.8660254037844407060, -0.4999999999999965583, 0.000000000000000000 ) ) ;
#438 = CARTESIAN_POINT ( 'NONE',  ( 12.20000000000025508, -18.86547286757733843, -18.10000000000011511 ) ) ;
#439 = ORIENTED_EDGE ( 'NONE', *, *, #208, .T. ) ;
#440 = VERTEX_POINT ( 'NONE', #471 ) ;
#441 = CARTESIAN_POINT ( 'NONE',  ( 1.100000000000759259, -25.36547286757731356, 15.59999999999998543 ) ) ;
#442 = LINE ( 'NONE', #2571, #617 ) ;
#443 = ORIENTED_EDGE ( 'NONE', *, *, #2684, .T. ) ;
#444 = DIRECTION ( 'NONE',  ( -8.439860315745318028E-29, -1.181580444204344503E-42, 1.000000000000000000 ) ) ;
#445 = ORIENTED_EDGE ( 'NONE', *, *, #2214, .F. ) ;
#446 = EDGE_CURVE ( 'NONE', #1948, #3742, #137, .T. ) ;
#447 = ADVANCED_FACE ( 'NONE', ( #183 ), #3480, .F. ) ;
#448 = CARTESIAN_POINT ( 'NONE',  ( 1.941674341135649103E-13, -13.86547286757758357, -5.500000000000079936 ) ) ;
#449 = CARTESIAN_POINT ( 'NONE',  ( 11.19615242270680255, -13.46354907893085340, 8.000000000000000000 ) ) ;
#450 = LINE ( 'NONE', #1348, #673 ) ;
#451 = ORIENTED_EDGE ( 'NONE', *, *, #1037, .T. ) ;
#452 = EDGE_CURVE ( 'NONE', #1965, #1280, #527, .T. ) ;
#453 = FACE_OUTER_BOUND ( 'NONE', #80, .T. ) ;
#454 = LINE ( 'NONE', #3546, #3438 ) ;
#455 = AXIS2_PLACEMENT_3D ( 'NONE', #67, #2803, #105 ) ;
#456 = DIRECTION ( 'NONE',  ( -1.401656568589260290E-14, 1.000000000000000000, 6.071532165918825619E-15 ) ) ;
#457 = VERTEX_POINT ( 'NONE', #2002 ) ;
#458 = ORIENTED_EDGE ( 'NONE', *, *, #1695, .F. ) ;
#459 = AXIS2_PLACEMENT_3D ( 'NONE', #730, #2596, #1370 ) ;
#460 = CARTESIAN_POINT ( 'NONE',  ( 5.499999999999682920, 22.63452713242246617, 1.434863280969262991E-13 ) ) ;
#461 = DIRECTION ( 'NONE',  ( 8.404250380508755870E-29, -5.999999999999998889E-15, 1.000000000000000000 ) ) ;
#462 = AXIS2_PLACEMENT_3D ( 'NONE', #236, #1103, #3170 ) ;
#463 = FACE_OUTER_BOUND ( 'NONE', #1014, .T. ) ;
#464 = EDGE_LOOP ( 'NONE', ( #1986, #1267, #1777, #2486 ) ) ;
#465 = AXIS2_PLACEMENT_3D ( 'NONE', #73, #3725, #3127 ) ;
#466 = DIRECTION ( 'NONE',  ( -1.401656568589260132E-14, 1.000000000000000000, 6.071532165918824830E-15 ) ) ;
#467 = ORIENTED_EDGE ( 'NONE', *, *, #1912, .F. ) ;
#468 = CIRCLE ( 'NONE', #1298, 1.000000000000003331 ) ;
#469 = ORIENTED_EDGE ( 'NONE', *, *, #905, .F. ) ;
#470 = CIRCLE ( 'NONE', #2695, 1.000000000000005329 ) ;
#471 = CARTESIAN_POINT ( 'NONE',  ( 3.100000000000759925, -26.36547286757734909, -14.10000000000016307 ) ) ;
#472 = ADVANCED_FACE ( 'NONE', ( #2534 ), #3206, .F. ) ;
#473 = CARTESIAN_POINT ( 'NONE',  ( 8.200000000000288836, -21.36547286757758357, 14.09999999999986642 ) ) ;
#474 = DIRECTION ( 'NONE',  ( -1.401873053107404479E-14, 1.000000000000000000, 6.115553587381290921E-15 ) ) ;
#475 = EDGE_LOOP ( 'NONE', ( #3242, #3317, #1596, #1432 ) ) ;
#476 = VECTOR ( 'NONE', #932, 1000.000000000000000 ) ;
#477 = LINE ( 'NONE', #3014, #3622 ) ;
#478 = EDGE_CURVE ( 'NONE', #1702, #1280, #2173, .T. ) ;
#479 = DIRECTION ( 'NONE',  ( 0.000000000000000000, 1.000000000000000000, 5.204170427930398406E-15 ) ) ;
#480 = CIRCLE ( 'NONE', #3454, 1.800000000000003597 ) ;
#481 = DIRECTION ( 'NONE',  ( 1.000000000000000000, 0.000000000000000000, 0.000000000000000000 ) ) ;
#482 = ORIENTED_EDGE ( 'NONE', *, *, #1020, .F. ) ;
#483 = VERTEX_POINT ( 'NONE', #751 ) ;
#484 = AXIS2_PLACEMENT_3D ( 'NONE', #3080, #2456, #113 ) ;
#485 = CARTESIAN_POINT ( 'NONE',  ( -0.8999999999997430056, -29.86547286757752673, 16.09999999999988418 ) ) ;
#486 = CARTESIAN_POINT ( 'NONE',  ( 12.20000000000026930, -19.86547286757733843, -18.10000000000012221 ) ) ;
#487 = CIRCLE ( 'NONE', #3512, 1.000000000000000888 ) ;
#488 = DIRECTION ( 'NONE',  ( 0.000000000000000000, -0.000000000000000000, -1.000000000000000000 ) ) ;
#489 = ORIENTED_EDGE ( 'NONE', *, *, #1268, .F. ) ;
#490 = CARTESIAN_POINT ( 'NONE',  ( 3.840510828042734135E-13, -27.43073961835344221, -1.665466179277767904E-13 ) ) ;
#491 = VERTEX_POINT ( 'NONE', #3161 ) ;
#492 = ORIENTED_EDGE ( 'NONE', *, *, #3529, .F. ) ;
#493 = CARTESIAN_POINT ( 'NONE',  ( 9.696152422706896701, -10.86547286757748232, 3.745304086198917817E-14 ) ) ;
#494 = LINE ( 'NONE', #2256, #862 ) ;
#495 = ORIENTED_EDGE ( 'NONE', *, *, #3452, .T. ) ;
#496 = FACE_OUTER_BOUND ( 'NONE', #2169, .T. ) ;
#497 = ORIENTED_EDGE ( 'NONE', *, *, #3844, .F. ) ;
#498 = EDGE_CURVE ( 'NONE', #205, #994, #2429, .T. ) ;
#499 = DIRECTION ( 'NONE',  ( -0.000000000000000000, -0.000000000000000000, 1.000000000000000000 ) ) ;
#500 = DIRECTION ( 'NONE',  ( -1.000000000000000000, -1.349229370204181806E-14, 0.000000000000000000 ) ) ;
#501 = CARTESIAN_POINT ( 'NONE',  ( 18.50000000000019540, 21.51572497890552427, -53.70557952810572289 ) ) ;
#502 = ORIENTED_EDGE ( 'NONE', *, *, #3805, .T. ) ;
#503 = EDGE_CURVE ( 'NONE', #578, #3756, #1545, .T. ) ;
#504 = EDGE_CURVE ( 'NONE', #457, #2330, #3682, .T. ) ;
#505 = ORIENTED_EDGE ( 'NONE', *, *, #720, .T. ) ;
#506 = DIRECTION ( 'NONE',  ( -1.387778780781444571E-14, 1.000000000000000000, 1.387778780781449304E-14 ) ) ;
#507 = DIRECTION ( 'NONE',  ( -8.326672684688673325E-29, 5.999999999999999677E-15, -1.000000000000000000 ) ) ;
#508 = DIRECTION ( 'NONE',  ( 4.541160931876460302E-17, 5.994332430076923481E-15, -1.000000000000000000 ) ) ;
#509 = EDGE_CURVE ( 'NONE', #1944, #1325, #2068, .T. ) ;
#510 = ORIENTED_EDGE ( 'NONE', *, *, #2401, .F. ) ;
#511 = EDGE_CURVE ( 'NONE', #2717, #1652, #343, .T. ) ;
#512 = DIRECTION ( 'NONE',  ( 1.000000000000000000, 1.409462824231155764E-14, 0.000000000000000000 ) ) ;
#513 = ORIENTED_EDGE ( 'NONE', *, *, #2970, .F. ) ;
#514 = VERTEX_POINT ( 'NONE', #3273 ) ;
#515 = DIRECTION ( 'NONE',  ( 0.000000000000000000, -1.000000000000000000, -6.938893903907222067E-15 ) ) ;
#516 = CARTESIAN_POINT ( 'NONE',  ( 10.50000000000019540, 21.13452713242248393, -53.70557952810572289 ) ) ;
#517 = LINE ( 'NONE', #1690, #144 ) ;
#518 = CARTESIAN_POINT ( 'NONE',  ( -2.954404104470213637E-13, 21.13452713242238801, 1.288421296892253479E-13 ) ) ;
#519 = DIRECTION ( 'NONE',  ( -4.779491363762493193E-31, -5.994332430076922692E-15, 1.000000000000000000 ) ) ;
#520 = VERTEX_POINT ( 'NONE', #2639 ) ;
#521 = EDGE_LOOP ( 'NONE', ( #1518, #2613 ) ) ;
#522 = CIRCLE ( 'NONE', #2294, 1.000000000000004441 ) ;
#523 = LINE ( 'NONE', #235, #2250 ) ;
#524 = CARTESIAN_POINT ( 'NONE',  ( 3.100000000000759925, -24.36547286757755160, 21.49999999999985079 ) ) ;
#525 = EDGE_CURVE ( 'NONE', #3856, #1207, #3671, .T. ) ;
#526 = DIRECTION ( 'NONE',  ( 1.400000000000000030E-14, -1.000000000000000000, -5.999999999999999677E-15 ) ) ;
#527 = CIRCLE ( 'NONE', #2737, 1.000000000000000888 ) ;
#528 = ORIENTED_EDGE ( 'NONE', *, *, #2536, .T. ) ;
#529 = AXIS2_PLACEMENT_3D ( 'NONE', #3768, #2795, #2513 ) ;
#530 = ADVANCED_FACE ( 'NONE', ( #3378 ), #1880, .T. ) ;
#531 = CYLINDRICAL_SURFACE ( 'NONE', #941, 1.750000000000002442 ) ;
#532 = ORIENTED_EDGE ( 'NONE', *, *, #1111, .F. ) ;
#533 = ORIENTED_EDGE ( 'NONE', *, *, #671, .T. ) ;
#534 = AXIS2_PLACEMENT_3D ( 'NONE', #128, #3373, #112 ) ;
#535 = CARTESIAN_POINT ( 'NONE',  ( -13.99999999999958256, -29.86547286757790687, -4.750000000000001776 ) ) ;
#536 = CARTESIAN_POINT ( 'NONE',  ( 5.499999999999682920, 22.63452713242246617, 1.434863280969262991E-13 ) ) ;
#537 = AXIS2_PLACEMENT_3D ( 'NONE', #1116, #1723, #2340 ) ;
#538 = ORIENTED_EDGE ( 'NONE', *, *, #1278, .T. ) ;
#539 = PERSON_AND_ORGANIZATION_ROLE ( 'creator' ) ;
#540 = ORIENTED_EDGE ( 'NONE', *, *, #2991, .F. ) ;
#541 = VECTOR ( 'NONE', #1568, 1000.000000000000000 ) ;
#542 = DIRECTION ( 'NONE',  ( -0.6546536707079766426, -0.3779644730092235339, -0.6546536707079799733 ) ) ;
#543 = FACE_BOUND ( 'NONE', #3329, .T. ) ;
#544 = AXIS2_PLACEMENT_3D ( 'NONE', #2176, #2800, #3403 ) ;
#545 = DIRECTION ( 'NONE',  ( 0.000000000000000000, 0.000000000000000000, 1.000000000000000000 ) ) ;
#546 = VERTEX_POINT ( 'NONE', #3244 ) ;
#547 = ORIENTED_EDGE ( 'NONE', *, *, #2237, .F. ) ;
#548 = PRODUCT_DEFINITION_FORMATION_WITH_SPECIFIED_SOURCE ( '任何', '', #795, .NOT_KNOWN. ) ;
#549 = VECTOR ( 'NONE', #2019, 1000.000000000000000 ) ;
#550 = CARTESIAN_POINT ( 'NONE',  ( 38.00000000000046185, -30.66547286757731783, 6.350000000000103562 ) ) ;
#551 = CARTESIAN_POINT ( 'NONE',  ( 1.000000000000588640, -41.86547286757763686, 5.499999999999745981 ) ) ;
#552 = CARTESIAN_POINT ( 'NONE',  ( -13.99999999999955413, -31.86547286757790332, 4.749999999999997335 ) ) ;
#553 = AXIS2_PLACEMENT_3D ( 'NONE', #1951, #3154, #2287 ) ;
#554 = ORIENTED_EDGE ( 'NONE', *, *, #919, .F. ) ;
#555 = EDGE_CURVE ( 'NONE', #1965, #3253, #2042, .T. ) ;
#556 = AXIS2_PLACEMENT_3D ( 'NONE', #1908, #61, #404 ) ;
#557 = FACE_OUTER_BOUND ( 'NONE', #1449, .T. ) ;
#558 = DIRECTION ( 'NONE',  ( 1.400000000000000030E-14, -1.000000000000000000, -5.999999999999998889E-15 ) ) ;
#559 = CARTESIAN_POINT ( 'NONE',  ( 4.499999999999677591, 22.63452713242245196, 1.344514846222504862E-13 ) ) ;
#560 = ORIENTED_EDGE ( 'NONE', *, *, #433, .T. ) ;
#561 = EDGE_CURVE ( 'NONE', #2412, #1574, #651, .T. ) ;
#562 = FACE_OUTER_BOUND ( 'NONE', #587, .T. ) ;
#563 = EDGE_LOOP ( 'NONE', ( #86, #3377, #1488, #2155, #94, #57, #1208, #152, #1301, #2292 ) ) ;
#564 = APPROVAL_DATE_TIME ( #1158, #3142 ) ;
#565 = CARTESIAN_POINT ( 'NONE',  ( 5.100000000000760814, -25.36547286757731356, 15.59999999999998543 ) ) ;
#566 = PLANE ( 'NONE',  #3368 ) ;
#567 = CARTESIAN_POINT ( 'NONE',  ( 13.20000000000075779, -54.86547286757731712, -19.10000000000033538 ) ) ;
#568 = FACE_OUTER_BOUND ( 'NONE', #3465, .T. ) ;
#569 = ORIENTED_EDGE ( 'NONE', *, *, #2792, .F. ) ;
#570 = ORIENTED_EDGE ( 'NONE', *, *, #880, .T. ) ;
#571 = DIRECTION ( 'NONE',  ( -1.000000000000000000, -1.400000000000000188E-14, -8.500145032286357920E-29 ) ) ;
#572 = CARTESIAN_POINT ( 'NONE',  ( -18.99999999999960210, -28.86547286757832964, -8.750000000000268230 ) ) ;
#573 = CARTESIAN_POINT ( 'NONE',  ( -1.800000000000366418, 26.13452713242240222, -5.499999999999833022 ) ) ;
#574 = ORIENTED_EDGE ( 'NONE', *, *, #478, .F. ) ;
#575 = DIRECTION ( 'NONE',  ( 1.000000000000000000, 1.445602896647336195E-14, 0.000000000000000000 ) ) ;
#576 = PLANE ( 'NONE',  #1563 ) ;
#577 = CARTESIAN_POINT ( 'NONE',  ( 11.19615242270697131, -13.46354907893075392, -8.000000000000088818 ) ) ;
#578 = VERTEX_POINT ( 'NONE', #535 ) ;
#579 = CARTESIAN_POINT ( 'NONE',  ( -17.99999999999923972, -54.86547286757776476, -18.10000000000033538 ) ) ;
#580 = CARTESIAN_POINT ( 'NONE',  ( -1.749999999999780398, -15.86547286757764397, -9.632772884300989255E-14 ) ) ;
#581 = EDGE_CURVE ( 'NONE', #2394, #821, #2474, .T. ) ;
#582 = ADVANCED_FACE ( 'NONE', ( #1450 ), #64, .T. ) ;
#583 = FACE_OUTER_BOUND ( 'NONE', #865, .T. ) ;
#584 = PLANE ( 'NONE',  #44 ) ;
#585 = CARTESIAN_POINT ( 'NONE',  ( -8.899999999999240075, -25.36547286757731712, 19.09999999999998366 ) ) ;
#586 = ORIENTED_EDGE ( 'NONE', *, *, #3140, .F. ) ;
#587 = EDGE_LOOP ( 'NONE', ( #1398, #1904 ) ) ;
#588 = CARTESIAN_POINT ( 'NONE',  ( 10.50000000000008349, -18.86547286757758712, -8.000000000000124345 ) ) ;
#589 = DIRECTION ( 'NONE',  ( 1.000000000000000000, 1.387778780781441100E-14, 0.000000000000000000 ) ) ;
#590 = CARTESIAN_POINT ( 'NONE',  ( 12.20000000000026930, -19.86547286757755870, 19.09999999999985931 ) ) ;
#591 = VERTEX_POINT ( 'NONE', #958 ) ;
#592 = CARTESIAN_POINT ( 'NONE',  ( -5.499999999999700684, -21.36547286757769371, -1.280717468940495669E-13 ) ) ;
#593 = AXIS2_PLACEMENT_3D ( 'NONE', #2179, #709, #123 ) ;
#594 = CARTESIAN_POINT ( 'NONE',  ( -1.800000000000321565, 22.63452713242233116, 5.500000000000141220 ) ) ;
#595 = ORIENTED_EDGE ( 'NONE', *, *, #503, .F. ) ;
#596 = AXIS2_PLACEMENT_3D ( 'NONE', #2656, #356, #3904 ) ;
#597 = LINE ( 'NONE', #1806, #3441 ) ;
#598 = VECTOR ( 'NONE', #3490, 1000.000000000000000 ) ;
#599 =( LENGTH_UNIT ( ) NAMED_UNIT ( * ) SI_UNIT ( .MILLI., .METRE. ) );
#600 = EDGE_CURVE ( 'NONE', #721, #1585, #1857, .T. ) ;
#601 = AXIS2_PLACEMENT_3D ( 'NONE', #89, #1927, #1945 ) ;
#602 = CARTESIAN_POINT ( 'NONE',  ( 3.100000000000759925, -25.36547286757755515, 21.49999999999984723 ) ) ;
#603 = PLANE ( 'NONE',  #115 ) ;
#604 = VERTEX_POINT ( 'NONE', #887 ) ;
#605 = CIRCLE ( 'NONE', #1426, 2.999999999999999112 ) ;
#606 = EDGE_LOOP ( 'NONE', ( #2094, #1960, #3643, #3479 ) ) ;
#607 = ADVANCED_FACE ( 'NONE', ( #2090 ), #2987, .T. ) ;
#608 = DIRECTION ( 'NONE',  ( 1.401656568589260132E-14, -1.000000000000000000, -6.071532165918824830E-15 ) ) ;
#609 = DIRECTION ( 'NONE',  ( 1.000000000000000000, 1.349229370204180701E-14, 0.000000000000000000 ) ) ;
#610 = AXIS2_PLACEMENT_3D ( 'NONE', #960, #655, #1884 ) ;
#611 = CARTESIAN_POINT ( 'NONE',  ( -17.99999999999972999, -19.86547286757787134, -1.207150661844107711E-13 ) ) ;
#612 = ORIENTED_EDGE ( 'NONE', *, *, #653, .T. ) ;
#613 = CIRCLE ( 'NONE', #2577, 1.000000000000004441 ) ;
#614 = ORIENTED_EDGE ( 'NONE', *, *, #1284, .F. ) ;
#615 = VECTOR ( 'NONE', #2403, 1000.000000000000000 ) ;
#616 = CARTESIAN_POINT ( 'NONE',  ( 2.219457617171543102E-13, -15.86547286757761910, -9.632772884300989255E-14 ) ) ;
#617 = VECTOR ( 'NONE', #745, 1000.000000000000000 ) ;
#618 = CARTESIAN_POINT ( 'NONE',  ( 12.20000000000075957, -54.86547286757733133, -19.10000000000033538 ) ) ;
#619 = ORIENTED_EDGE ( 'NONE', *, *, #2060, .F. ) ;
#620 = CIRCLE ( 'NONE', #308, 1.000000000000000888 ) ;
#621 = DIRECTION ( 'NONE',  ( -1.401873053107404321E-14, 1.000000000000000000, 6.115553587381290921E-15 ) ) ;
#622 = AXIS2_PLACEMENT_3D ( 'NONE', #1145, #1459, #2411 ) ;
#623 = DIRECTION ( 'NONE',  ( -8.326672684688673325E-29, 5.999999999999999677E-15, -1.000000000000000000 ) ) ;
#624 = CARTESIAN_POINT ( 'NONE',  ( -2.652167060272407980E-13, 26.13452713242234182, 8.000000000000159872 ) ) ;
#625 = CARTESIAN_POINT ( 'NONE',  ( -13.99999999999970157, -21.36547286757772923, -14.10000000000013287 ) ) ;
#626 = ORIENTED_EDGE ( 'NONE', *, *, #3545, .F. ) ;
#627 = ADVANCED_FACE ( 'NONE', ( #244, #1155 ), #3837, .F. ) ;
#628 = ORIENTED_EDGE ( 'NONE', *, *, #3625, .F. ) ;
#629 = DIRECTION ( 'NONE',  ( 1.401656568589260132E-14, -1.000000000000000000, -6.071532165918824830E-15 ) ) ;
#630 = DIRECTION ( 'NONE',  ( -8.404250380508755870E-29, 5.999999999999998889E-15, -1.000000000000000000 ) ) ;
#631 = EDGE_CURVE ( 'NONE', #2813, #1974, #2549, .T. ) ;
#632 = LINE ( 'NONE', #8, #3077 ) ;
#633 = ORIENTED_EDGE ( 'NONE', *, *, #3789, .T. ) ;
#634 = EDGE_CURVE ( 'NONE', #1594, #3742, #3174, .T. ) ;
#635 = ORIENTED_EDGE ( 'NONE', *, *, #3601, .F. ) ;
#636 = DIRECTION ( 'NONE',  ( -1.000000000000000000, -1.387778780781444413E-14, 0.000000000000000000 ) ) ;
#637 = EDGE_CURVE ( 'NONE', #1971, #990, #1472, .T. ) ;
#638 = EDGE_LOOP ( 'NONE', ( #2902, #2996, #3564 ) ) ;
#639 = PLANE ( 'NONE',  #610 ) ;
#640 = DATE_AND_TIME ( #3405, #3265 ) ;
#641 = CARTESIAN_POINT ( 'NONE',  ( 13.20000000000039186, -31.86547286757753028, 8.750000000000264677 ) ) ;
#642 = DIRECTION ( 'NONE',  ( 1.400000000000000030E-14, -1.000000000000000000, 0.000000000000000000 ) ) ;
#643 = CARTESIAN_POINT ( 'NONE',  ( 5.499999999999634070, 26.13452713242246617, 1.601330316474907818E-13 ) ) ;
#644 = ORIENTED_EDGE ( 'NONE', *, *, #1618, .F. ) ;
#645 = FACE_OUTER_BOUND ( 'NONE', #1012, .T. ) ;
#646 = CYLINDRICAL_SURFACE ( 'NONE', #2496, 1.799999999999999600 ) ;
#647 = FACE_OUTER_BOUND ( 'NONE', #1801, .T. ) ;
#648 = ORIENTED_EDGE ( 'NONE', *, *, #264, .T. ) ;
#649 = VERTEX_POINT ( 'NONE', #1340 ) ;
#650 = EDGE_CURVE ( 'NONE', #2813, #3221, #3053, .T. ) ;
#651 = LINE ( 'NONE', #3587, #3114 ) ;
#652 = VERTEX_POINT ( 'NONE', #1069 ) ;
#653 = EDGE_CURVE ( 'NONE', #1492, #3041, #3315, .T. ) ;
#654 = AXIS2_PLACEMENT_3D ( 'NONE', #2128, #345, #1313 ) ;
#655 = DIRECTION ( 'NONE',  ( 0.4999999999999962252, -0.8660254037844408170, 0.000000000000000000 ) ) ;
#656 = VECTOR ( 'NONE', #2320, 1000.000000000000000 ) ;
#657 = DIRECTION ( 'NONE',  ( -8.326672684688673325E-29, 5.999999999999999677E-15, -1.000000000000000000 ) ) ;
#658 = CARTESIAN_POINT ( 'NONE',  ( 3.100000000000759925, -25.36547286757731356, -15.60000000000015952 ) ) ;
#659 = CIRCLE ( 'NONE', #2493, 1.000000000000301537 ) ;
#660 = CARTESIAN_POINT ( 'NONE',  ( 9.696152422706848739, 23.13452713242248038, 8.000000000000145661 ) ) ;
#661 = VERTEX_POINT ( 'NONE', #1950 ) ;
#662 = AXIS2_PLACEMENT_3D ( 'NONE', #1009, #2506, #2167 ) ;
#663 = DIRECTION ( 'NONE',  ( -9.082321863752914440E-17, -5.994332430076924270E-15, 1.000000000000000000 ) ) ;
#664 = DIRECTION ( 'NONE',  ( -0.4999999999999965583, 0.8660254037844407060, 0.000000000000000000 ) ) ;
#665 = VECTOR ( 'NONE', #1019, 1000.000000000000000 ) ;
#666 = CARTESIAN_POINT ( 'NONE',  ( 13.20000000000043627, -31.86547286757753028, 18.09999999999978115 ) ) ;
#667 = ORIENTED_EDGE ( 'NONE', *, *, #344, .F. ) ;
#668 = EDGE_LOOP ( 'NONE', ( #1795, #957, #2070, #2619 ) ) ;
#669 = DIRECTION ( 'NONE',  ( 1.244471336224835993E-30, -5.994332430076922692E-15, 1.000000000000000000 ) ) ;
#670 = CIRCLE ( 'NONE', #1187, 8.000000000000000000 ) ;
#671 = EDGE_CURVE ( 'NONE', #2277, #2581, #2247, .T. ) ;
#672 = ORIENTED_EDGE ( 'NONE', *, *, #1546, .F. ) ;
#673 = VECTOR ( 'NONE', #420, 1000.000000000000000 ) ;
#674 = AXIS2_PLACEMENT_3D ( 'NONE', #2759, #3372, #385 ) ;
#675 = DIRECTION ( 'NONE',  ( -8.345426451996534694E-29, 5.999999999999999677E-15, -1.000000000000000000 ) ) ;
#676 = ADVANCED_FACE ( 'NONE', ( #95 ), #3712, .F. ) ;
#677 = AXIS2_PLACEMENT_3D ( 'NONE', #2713, #3260, #897 ) ;
#678 = DIRECTION ( 'NONE',  ( 1.401656568589260132E-14, -1.000000000000000000, -6.071532165918824830E-15 ) ) ;
#679 = DIRECTION ( 'NONE',  ( -1.401873053107404321E-14, 1.000000000000000000, 6.115553587381290921E-15 ) ) ;
#680 = VECTOR ( 'NONE', #3703, 1000.000000000000000 ) ;
#681 = CARTESIAN_POINT ( 'NONE',  ( -18.99999999999956302, -31.86547286757753028, -19.10000000000033538 ) ) ;
#682 = VERTEX_POINT ( 'NONE', #1581 ) ;
#683 = CC_DESIGN_PERSON_AND_ORGANIZATION_ASSIGNMENT ( #838, #539, ( #2495 ) ) ;
#684 = CARTESIAN_POINT ( 'NONE',  ( 38.00000000000047606, -31.86547286757717501, -4.750000000000001776 ) ) ;
#685 = CARTESIAN_POINT ( 'NONE',  ( -17.99999999999956302, -31.86547286757753028, -18.10000000000019682 ) ) ;
#686 = LINE ( 'NONE', #1299, #3016 ) ;
#687 = VERTEX_POINT ( 'NONE', #1013 ) ;
#688 = ORIENTED_EDGE ( 'NONE', *, *, #403, .F. ) ;
#689 = DIRECTION ( 'NONE',  ( -1.000000000000000000, -1.387778780781444098E-14, 0.000000000000000000 ) ) ;
#690 = CARTESIAN_POINT ( 'NONE',  ( -13.99999999999970157, -21.36547286757772923, -14.10000000000013287 ) ) ;
#691 = ORIENTED_EDGE ( 'NONE', *, *, #2533, .T. ) ;
#692 = CARTESIAN_POINT ( 'NONE',  ( 3.100000000000759925, -25.36547286757733133, -15.60000000000015952 ) ) ;
#693 = EDGE_CURVE ( 'NONE', #5, #3393, #1359, .T. ) ;
#694 = CYLINDRICAL_SURFACE ( 'NONE', #1855, 1.000000000000002665 ) ;
#695 = ADVANCED_FACE ( 'NONE', ( #1896 ), #2226, .T. ) ;
#696 = FACE_OUTER_BOUND ( 'NONE', #1524, .T. ) ;
#697 = LINE ( 'NONE', #2501, #3008 ) ;
#698 = ORIENTED_EDGE ( 'NONE', *, *, #822, .T. ) ;
#699 = DIRECTION ( 'NONE',  ( -1.401873053107404321E-14, 1.000000000000000000, 6.115553587381290921E-15 ) ) ;
#700 = CARTESIAN_POINT ( 'NONE',  ( -0.8999999999997430056, -29.86547286757752673, 16.09999999999988418 ) ) ;
#701 = CARTESIAN_POINT ( 'NONE',  ( -1.749999999999808598, -13.86547286757764219, -8.418466451117224289E-14 ) ) ;
#702 = ORIENTED_EDGE ( 'NONE', *, *, #3424, .T. ) ;
#703 = ORIENTED_EDGE ( 'NONE', *, *, #1864, .T. ) ;
#704 = DIRECTION ( 'NONE',  ( -1.404021378911230461E-14, 1.000000000000000000, 6.043800637697349725E-15 ) ) ;
#705 = VERTEX_POINT ( 'NONE', #1304 ) ;
#706 = CARTESIAN_POINT ( 'NONE',  ( -4.899999999999742784, -29.86547286757752673, 16.09999999999988418 ) ) ;
#707 = ORIENTED_EDGE ( 'NONE', *, *, #3673, .T. ) ;
#708 = AXIS2_PLACEMENT_3D ( 'NONE', #2867, #1377, #1983 ) ;
#709 = DIRECTION ( 'NONE',  ( 1.401656568589260132E-14, -1.000000000000000000, -6.071532165918824830E-15 ) ) ;
#710 = PLANE ( 'NONE',  #1048 ) ;
#711 = AXIS2_PLACEMENT_3D ( 'NONE', #2616, #1642, #1658 ) ;
#712 = DIRECTION ( 'NONE',  ( -1.387778780781444413E-14, 1.000000000000000000, 0.000000000000000000 ) ) ;
#713 = ORIENTED_EDGE ( 'NONE', *, *, #3110, .T. ) ;
#714 = EDGE_CURVE ( 'NONE', #682, #324, #2799, .T. ) ;
#715 = DIRECTION ( 'NONE',  ( -1.000000000000000000, -1.387778780781442047E-14, 0.000000000000000000 ) ) ;
#716 = DIRECTION ( 'NONE',  ( -1.387778780781444413E-14, 1.000000000000000000, 0.000000000000000000 ) ) ;
#717 = DIRECTION ( 'NONE',  ( 1.400708396751458928E-14, -1.000000000000000000, -5.994332430076922692E-15 ) ) ;
#718 = ORIENTED_EDGE ( 'NONE', *, *, #1143, .F. ) ;
#719 = VECTOR ( 'NONE', #3302, 1000.000000000000000 ) ;
#720 = EDGE_CURVE ( 'NONE', #762, #3052, #132, .T. ) ;
#721 = VERTEX_POINT ( 'NONE', #2545 ) ;
#722 = DIRECTION ( 'NONE',  ( -1.000000000000000000, -1.349229370204180543E-14, 0.000000000000000000 ) ) ;
#723 = AXIS2_PLACEMENT_3D ( 'NONE', #823, #3507, #500 ) ;
#724 = VERTEX_POINT ( 'NONE', #441 ) ;
#725 = AXIS2_PLACEMENT_3D ( 'NONE', #536, #1495, #3010 ) ;
#726 = DIRECTION ( 'NONE',  ( 1.040834085586083310E-14, -1.000000000000000000, -1.040834085586086781E-14 ) ) ;
#727 = AXIS2_PLACEMENT_3D ( 'NONE', #30, #2385, #1236 ) ;
#728 = ORIENTED_EDGE ( 'NONE', *, *, #321, .F. ) ;
#729 = AXIS2_PLACEMENT_3D ( 'NONE', #6, #297, #315 ) ;
#730 = CARTESIAN_POINT ( 'NONE',  ( -8.899999999999240075, -25.36547286757731712, -15.60000000000015952 ) ) ;
#731 = CARTESIAN_POINT ( 'NONE',  ( 16.50000000000022737, -10.40137125243977678, 7.999999999999934275 ) ) ;
#732 = VECTOR ( 'NONE', #1463, 1000.000000000000000 ) ;
#733 = CARTESIAN_POINT ( 'NONE',  ( 3.628411182972585007E-13, -18.86547286757766884, 7.999999999999887201 ) ) ;
#734 = VERTEX_POINT ( 'NONE', #1650 ) ;
#735 = CIRCLE ( 'NONE', #484, 1.000000000000004441 ) ;
#736 = DIRECTION ( 'NONE',  ( -1.401656568589260132E-14, 1.000000000000000000, 6.071532165918824830E-15 ) ) ;
#737 = CARTESIAN_POINT ( 'NONE',  ( 10.50000000000026290, -18.86547286757742370, -8.000000000000117240 ) ) ;
#738 = ADVANCED_FACE ( 'NONE', ( #2489 ), #3745, .F. ) ;
#739 = DIRECTION ( 'NONE',  ( -0.000000000000000000, 0.000000000000000000, -1.000000000000000000 ) ) ;
#740 = VERTEX_POINT ( 'NONE', #1967 ) ;
#741 = EDGE_LOOP ( 'NONE', ( #2595, #2450, #3496, #118 ) ) ;
#742 = CARTESIAN_POINT ( 'NONE',  ( 1.941674341135649103E-13, -13.86547286757758357, -5.500000000000079936 ) ) ;
#743 = EDGE_CURVE ( 'NONE', #1738, #3781, #1637, .T. ) ;
#744 = EDGE_CURVE ( 'NONE', #994, #205, #1548, .T. ) ;
#745 = DIRECTION ( 'NONE',  ( 1.000000000000000000, 0.000000000000000000, 0.000000000000000000 ) ) ;
#746 = ORIENTED_EDGE ( 'NONE', *, *, #3320, .F. ) ;
#747 = ADVANCED_FACE ( 'NONE', ( #2570 ), #1913, .F. ) ;
#748 = DIRECTION ( 'NONE',  ( 1.401656568589260132E-14, -1.000000000000000000, -6.071532165918824830E-15 ) ) ;
#749 = ORIENTED_EDGE ( 'NONE', *, *, #71, .T. ) ;
#750 = EDGE_LOOP ( 'NONE', ( #940, #3722, #2095, #3718 ) ) ;
#751 = CARTESIAN_POINT ( 'NONE',  ( -6.899999999999239186, -25.36547286757731712, 19.09999999999998366 ) ) ;
#752 = DIRECTION ( 'NONE',  ( -1.000000000000000000, -1.387778780781444098E-14, 0.000000000000000000 ) ) ;
#753 = LINE ( 'NONE', #2888, #3448 ) ;
#754 = ORIENTED_EDGE ( 'NONE', *, *, #76, .T. ) ;
#755 = DIRECTION ( 'NONE',  ( -1.000000000000000000, -1.349229370204183541E-14, 0.000000000000000000 ) ) ;
#756 = DIRECTION ( 'NONE',  ( 1.000000000000000000, 1.400000000000000030E-14, 8.267618268485208376E-29 ) ) ;
#757 = ORIENTED_EDGE ( 'NONE', *, *, #2490, .F. ) ;
#758 = ORIENTED_EDGE ( 'NONE', *, *, #2816, .T. ) ;
#759 = DIRECTION ( 'NONE',  ( 1.000000000000000000, 1.387778780781445676E-14, 0.000000000000000000 ) ) ;
#760 = CARTESIAN_POINT ( 'NONE',  ( -3.661482486269437559E-13, 26.13452713242242353, -5.499999999999841016 ) ) ;
#761 = DIRECTION ( 'NONE',  ( -1.046816977530882080E-14, 6.043800637697202997E-15, -1.000000000000000000 ) ) ;
#762 = VERTEX_POINT ( 'NONE', #2265 ) ;
#763 = ADVANCED_FACE ( 'NONE', ( #3473 ), #3416, .F. ) ;
#764 = DIRECTION ( 'NONE',  ( -1.000000000000000000, -1.387778780781443782E-14, 0.000000000000000000 ) ) ;
#765 = ORIENTED_EDGE ( 'NONE', *, *, #2402, .T. ) ;
#766 = EDGE_LOOP ( 'NONE', ( #1397, #970, #354, #195, #495, #1216, #2923, #2777, #1042, #1625 ) ) ;
#767 = EDGE_CURVE ( 'NONE', #2335, #1580, #1104, .T. ) ;
#768 = CARTESIAN_POINT ( 'NONE',  ( 3.100000000000759925, -25.36547286757751962, 15.59999999999998543 ) ) ;
#769 = CARTESIAN_POINT ( 'NONE',  ( 3.100000000000759925, -24.36547286757750541, 14.09999999999984688 ) ) ;
#770 = FACE_OUTER_BOUND ( 'NONE', #319, .T. ) ;
#771 = ORIENTED_EDGE ( 'NONE', *, *, #653, .F. ) ;
#772 = LINE ( 'NONE', #3164, #1231 ) ;
#773 = FACE_BOUND ( 'NONE', #62, .T. ) ;
#774 = CIRCLE ( 'NONE', #2990, 2.000000000000001776 ) ;
#775 = DIRECTION ( 'NONE',  ( -1.000000000000000000, -1.400708396751458928E-14, 0.000000000000000000 ) ) ;
#776 = EDGE_LOOP ( 'NONE', ( #3488, #3670, #2311, #1964 ) ) ;
#777 = VERTEX_POINT ( 'NONE', #117 ) ;
#778 = AXIS2_PLACEMENT_3D ( 'NONE', #2764, #2358, #3562 ) ;
#779 = CARTESIAN_POINT ( 'NONE',  ( 2.992679724618144036E-13, -21.36547286757758357, -5.500000000000126121 ) ) ;
#780 = CARTESIAN_POINT ( 'NONE',  ( 13.20000000000040785, -29.86547286757752317, -19.10000000000033538 ) ) ;
#781 = LINE ( 'NONE', #2248, #107 ) ;
#782 = DESIGN_CONTEXT ( 'detailed design', #413, 'design' ) ;
#783 = EDGE_LOOP ( 'NONE', ( #3096, #834 ) ) ;
#784 = CIRCLE ( 'NONE', #3690, 1.000000000000000888 ) ;
#785 = CYLINDRICAL_SURFACE ( 'NONE', #3892, 2.144395624589431115 ) ;
#786 = EDGE_CURVE ( 'NONE', #2353, #2272, #2015, .T. ) ;
#787 = ORIENTED_EDGE ( 'NONE', *, *, #3434, .F. ) ;
#788 = VECTOR ( 'NONE', #3481, 1000.000000000000000 ) ;
#789 = VERTEX_POINT ( 'NONE', #1697 ) ;
#790 = AXIS2_PLACEMENT_3D ( 'NONE', #2069, #3275, #1770 ) ;
#791 = CARTESIAN_POINT ( 'NONE',  ( 12.20000000000026574, -19.86547286757754804, 18.09999999999985931 ) ) ;
#792 = PLANE ( 'NONE',  #930 ) ;
#793 = EDGE_CURVE ( 'NONE', #324, #682, #659, .T. ) ;
#794 = ORIENTED_EDGE ( 'NONE', *, *, #2943, .T. ) ;
#795 = PRODUCT ( 'Link4', 'Link4', '', ( #2700 ) ) ;
#796 = LINE ( 'NONE', #2006, #167 ) ;
#797 = CARTESIAN_POINT ( 'NONE',  ( 10.50000000000019895, -18.86547286757752317, 8.000000000000000000 ) ) ;
#798 = AXIS2_PLACEMENT_3D ( 'NONE', #1223, #842, #1188 ) ;
#799 = AXIS2_PLACEMENT_3D ( 'NONE', #460, #1399, #2308 ) ;
#800 = AXIS2_PLACEMENT_3D ( 'NONE', #185, #1021, #125 ) ;
#801 = LINE ( 'NONE', #3188, #153 ) ;
#802 = VECTOR ( 'NONE', #1008, 1000.000000000000000 ) ;
#803 = EDGE_CURVE ( 'NONE', #457, #3359, #3746, .T. ) ;
#804 = PLANE ( 'NONE',  #104 ) ;
#805 = ORIENTED_EDGE ( 'NONE', *, *, #269, .F. ) ;
#806 = EDGE_CURVE ( 'NONE', #762, #1189, #1442, .T. ) ;
#807 = ORIENTED_EDGE ( 'NONE', *, *, #2637, .F. ) ;
#808 = AXIS2_PLACEMENT_3D ( 'NONE', #1379, #2242, #481 ) ;
#809 = DIRECTION ( 'NONE',  ( -1.401873053107404321E-14, 1.000000000000000000, 6.115553587381290921E-15 ) ) ;
#810 = DIRECTION ( 'NONE',  ( -1.000000000000000000, -1.349229370204180543E-14, 0.000000000000000000 ) ) ;
#811 = AXIS2_PLACEMENT_3D ( 'NONE', #501, #1041, #739 ) ;
#812 = DIRECTION ( 'NONE',  ( -1.000000000000000000, -1.400000000000000188E-14, -8.500145032286354557E-29 ) ) ;
#813 = ORIENTED_EDGE ( 'NONE', *, *, #410, .F. ) ;
#814 = DIRECTION ( 'NONE',  ( -1.401656568589260132E-14, 1.000000000000000000, 6.071532165918824830E-15 ) ) ;
#815 = DIRECTION ( 'NONE',  ( 1.387778780781444413E-14, -1.000000000000000000, 0.000000000000000000 ) ) ;
#816 = ORIENTED_EDGE ( 'NONE', *, *, #1931, .T. ) ;
#817 = EDGE_LOOP ( 'NONE', ( #2604, #765, #98, #1135 ) ) ;
#818 = CARTESIAN_POINT ( 'NONE',  ( -2.899999999999743228, -29.86547286757752673, 18.09999999999988773 ) ) ;
#819 = CARTESIAN_POINT ( 'NONE',  ( -13.99999999999955413, -31.86547286757753028, -8.750000000000268230 ) ) ;
#820 = SECURITY_CLASSIFICATION_LEVEL ( 'unclassified' ) ;
#821 = VERTEX_POINT ( 'NONE', #3234 ) ;
#822 = EDGE_CURVE ( 'NONE', #2610, #2978, #3574, .T. ) ;
#823 = CARTESIAN_POINT ( 'NONE',  ( -5.500000000000365930, 26.13452713242231340, 1.648907656527598813E-13 ) ) ;
#824 = CARTESIAN_POINT ( 'NONE',  ( -8.899999999999240075, -25.36547286757745923, 4.499999999999844569 ) ) ;
#825 = ORIENTED_EDGE ( 'NONE', *, *, #2159, .T. ) ;
#826 = VERTEX_POINT ( 'NONE', #2054 ) ;
#827 = ADVANCED_FACE ( 'NONE', ( #2649 ), #34, .T. ) ;
#828 = DIRECTION ( 'NONE',  ( -1.000000000000000000, -1.387778780781441731E-14, 0.000000000000000000 ) ) ;
#829 = CARTESIAN_POINT ( 'NONE',  ( 1.800000000000300027, -21.36547286757755870, -5.500000000000126121 ) ) ;
#830 = CARTESIAN_POINT ( 'NONE',  ( -18.99999999999923972, -31.86547286757753028, -19.10000000000019682 ) ) ;
#831 = VERTEX_POINT ( 'NONE', #2309 ) ;
#832 = CARTESIAN_POINT ( 'NONE',  ( 2.151685783464587704E-13, -15.36547286757764930, 5.499999999999905853 ) ) ;
#833 = VERTEX_POINT ( 'NONE', #1400 ) ;
#834 = ORIENTED_EDGE ( 'NONE', *, *, #1617, .F. ) ;
#835 = DIRECTION ( 'NONE',  ( 1.000000000000000000, 0.000000000000000000, 0.000000000000000000 ) ) ;
#836 = DIRECTION ( 'NONE',  ( 0.000000000000000000, 0.000000000000000000, -1.000000000000000000 ) ) ;
#837 = ORIENTED_EDGE ( 'NONE', *, *, #3498, .F. ) ;
#838 = PERSON_AND_ORGANIZATION ( #1830, #3701 ) ;
#839 = ORIENTED_EDGE ( 'NONE', *, *, #367, .F. ) ;
#840 = LINE ( 'NONE', #1774, #3740 ) ;
#841 = FACE_OUTER_BOUND ( 'NONE', #3417, .T. ) ;
#842 = DIRECTION ( 'NONE',  ( -1.400000000000000030E-14, 1.000000000000000000, 6.000000000000000466E-15 ) ) ;
#843 = ORIENTED_EDGE ( 'NONE', *, *, #1213, .F. ) ;
#844 = ADVANCED_FACE ( 'NONE', ( #1086 ), #3850, .F. ) ;
#845 = ORIENTED_EDGE ( 'NONE', *, *, #122, .F. ) ;
#846 = CIRCLE ( 'NONE', #1168, 1.000000000000002665 ) ;
#847 = CARTESIAN_POINT ( 'NONE',  ( 5.100000000000760814, -25.36547286757731356, -15.60000000000015952 ) ) ;
#848 = CARTESIAN_POINT ( 'NONE',  ( -2.960654201974807493E-13, 21.13452713242242353, -5.499999999999871214 ) ) ;
#849 = FACE_OUTER_BOUND ( 'NONE', #2947, .T. ) ;
#850 = ADVANCED_FACE ( 'NONE', ( #1672 ), #2629, .T. ) ;
#851 = AXIS2_PLACEMENT_3D ( 'NONE', #860, #2967, #263 ) ;
#852 = EDGE_LOOP ( 'NONE', ( #2524, #547 ) ) ;
#853 = AXIS2_PLACEMENT_3D ( 'NONE', #911, #1247, #316 ) ;
#854 = CARTESIAN_POINT ( 'NONE',  ( 1.941674341135649103E-13, -13.86547286757761732, -8.272825498926267844E-14 ) ) ;
#855 = DIRECTION ( 'NONE',  ( -1.404021378911230461E-14, 1.000000000000000000, 6.043800637697349725E-15 ) ) ;
#856 = CARTESIAN_POINT ( 'NONE',  ( -1.799999999999718270, -20.36547286757767594, 5.499999999999875655 ) ) ;
#857 = ORIENTED_EDGE ( 'NONE', *, *, #2974, .T. ) ;
#858 = ORIENTED_EDGE ( 'NONE', *, *, #410, .T. ) ;
#859 = CIRCLE ( 'NONE', #1295, 1.000000000000000888 ) ;
#860 = CARTESIAN_POINT ( 'NONE',  ( 2.642502625430279422E-13, -18.86547286757761910, -1.130859158188568026E-13 ) ) ;
#861 = PLANE ( 'NONE',  #790 ) ;
#862 = VECTOR ( 'NONE', #435, 1000.000000000000000 ) ;
#863 = ORIENTED_EDGE ( 'NONE', *, *, #2420, .T. ) ;
#864 = DIRECTION ( 'NONE',  ( 0.000000000000000000, 1.000000000000000000, 6.938893903907222067E-15 ) ) ;
#865 = EDGE_LOOP ( 'NONE', ( #1796, #202, #1566, #619 ) ) ;
#866 = AXIS2_PLACEMENT_3D ( 'NONE', #1601, #2197, #101 ) ;
#867 = CYLINDRICAL_SURFACE ( 'NONE', #1797, 1.000000000000004441 ) ;
#868 = CARTESIAN_POINT ( 'NONE',  ( -8.899999999999240075, -24.36547286757734199, -14.10000000000015241 ) ) ;
#869 = VECTOR ( 'NONE', #2960, 1000.000000000000000 ) ;
#870 = CARTESIAN_POINT ( 'NONE',  ( 2.992679724618144036E-13, -21.36547286757758357, -5.500000000000126121 ) ) ;
#871 = EDGE_LOOP ( 'NONE', ( #3346, #2033, #2901, #29 ) ) ;
#872 = VERTEX_POINT ( 'NONE', #2351 ) ;
#873 = APPROVAL_PERSON_ORGANIZATION ( #2198, #3274, #3676 ) ;
#874 = CIRCLE ( 'NONE', #1565, 1.800000000000000711 ) ;
#875 = DIRECTION ( 'NONE',  ( -1.051620219116046919E-14, -6.071532165918973136E-15, 1.000000000000000000 ) ) ;
#876 = DIRECTION ( 'NONE',  ( 0.000000000000000000, -1.000000000000000000, -6.938893903907222067E-15 ) ) ;
#877 = DIRECTION ( 'NONE',  ( 8.404250380508755870E-29, -5.999999999999998889E-15, 1.000000000000000000 ) ) ;
#878 = VECTOR ( 'NONE', #3025, 1000.000000000000000 ) ;
#879 = EDGE_LOOP ( 'NONE', ( #1101, #2283 ) ) ;
#880 = EDGE_CURVE ( 'NONE', #724, #1829, #1149, .T. ) ;
#881 = EDGE_CURVE ( 'NONE', #2763, #1663, #3553, .T. ) ;
#882 = AXIS2_PLACEMENT_3D ( 'NONE', #1588, #85, #1293 ) ;
#883 = DIRECTION ( 'NONE',  ( -1.000000000000000000, -1.387778780781027264E-14, 0.000000000000000000 ) ) ;
#884 = DIRECTION ( 'NONE',  ( 0.000000000000000000, 0.000000000000000000, 1.000000000000000000 ) ) ;
#885 = ORIENTED_EDGE ( 'NONE', *, *, #631, .T. ) ;
#886 = EDGE_CURVE ( 'NONE', #2651, #3130, #1130, .T. ) ;
#887 = CARTESIAN_POINT ( 'NONE',  ( -4.899999999999742784, -31.86547286757753028, 16.09999999999988418 ) ) ;
#888 = DIRECTION ( 'NONE',  ( -1.404021378911230461E-14, 1.000000000000000000, 6.043800637697349725E-15 ) ) ;
#889 = COORDINATED_UNIVERSAL_TIME_OFFSET ( 8, 0, .AHEAD. ) ;
#890 = DIRECTION ( 'NONE',  ( 1.000000000000000000, 1.445602896647336195E-14, 0.000000000000000000 ) ) ;
#891 = DIRECTION ( 'NONE',  ( 1.401656568589260132E-14, -1.000000000000000000, -6.071532165918824830E-15 ) ) ;
#892 = DIRECTION ( 'NONE',  ( -1.000000000000000000, 0.000000000000000000, 0.000000000000000000 ) ) ;
#893 = VERTEX_POINT ( 'NONE', #256 ) ;
#894 = ORIENTED_EDGE ( 'NONE', *, *, #1405, .T. ) ;
#895 = CARTESIAN_POINT ( 'NONE',  ( 18.50000000000019540, 19.78367417133664219, -7.999999999999892530 ) ) ;
#896 = DIRECTION ( 'NONE',  ( 0.000000000000000000, -1.000000000000000000, -5.204170427930398406E-15 ) ) ;
#897 = DIRECTION ( 'NONE',  ( 1.000000000000000000, 1.387778780781442047E-14, 0.000000000000000000 ) ) ;
#898 = ORIENTED_EDGE ( 'NONE', *, *, #3383, .F. ) ;
#899 = DIRECTION ( 'NONE',  ( -1.000000000000000000, -1.387778780781440785E-14, 0.000000000000000000 ) ) ;
#900 = DIRECTION ( 'NONE',  ( -1.400000000000000030E-14, 1.000000000000000000, 6.000000000000000466E-15 ) ) ;
#901 = EDGE_CURVE ( 'NONE', #262, #826, #1464, .T. ) ;
#902 = VERTEX_POINT ( 'NONE', #829 ) ;
#903 = DIRECTION ( 'NONE',  ( -8.326672684688673325E-29, 5.999999999999999677E-15, -1.000000000000000000 ) ) ;
#904 = APPROVAL_ROLE ( '' ) ;
#905 = EDGE_CURVE ( 'NONE', #428, #1440, #2035, .T. ) ;
#906 = DIRECTION ( 'NONE',  ( -0.8660254037844408170, 0.4999999999999961142, 3.178843663791572310E-15 ) ) ;
#907 = CARTESIAN_POINT ( 'NONE',  ( 3.100000000000759925, -25.36547286757731356, -15.60000000000015952 ) ) ;
#908 = ORIENTED_EDGE ( 'NONE', *, *, #3738, .T. ) ;
#909 = EDGE_LOOP ( 'NONE', ( #3848, #1374, #369, #2625 ) ) ;
#910 = CARTESIAN_POINT ( 'NONE',  ( -8.899999999999240075, -25.36547286757731712, -15.60000000000015952 ) ) ;
#911 = CARTESIAN_POINT ( 'NONE',  ( -8.899999999999240075, -25.36547286757752317, 15.59999999999998543 ) ) ;
#912 = DIRECTION ( 'NONE',  ( -1.387778780781444413E-14, 1.000000000000000000, 8.673617379884027583E-16 ) ) ;
#913 = ORIENTED_EDGE ( 'NONE', *, *, #2323, .T. ) ;
#914 = LINE ( 'NONE', #3898, #415 ) ;
#915 = AXIS2_PLACEMENT_3D ( 'NONE', #947, #2824, #396 ) ;
#916 = DIRECTION ( 'NONE',  ( 0.000000000000000000, 1.000000000000000000, 6.071532165918822464E-15 ) ) ;
#917 = ORIENTED_EDGE ( 'NONE', *, *, #2439, .T. ) ;
#918 = AXIS2_PLACEMENT_3D ( 'NONE', #1494, #2407, #835 ) ;
#919 = EDGE_CURVE ( 'NONE', #1067, #109, #2301, .T. ) ;
#920 = CARTESIAN_POINT ( 'NONE',  ( -4.499999999999411138, -41.86547286757767949, -2.510703725255514218E-13 ) ) ;
#921 = VECTOR ( 'NONE', #2914, 1000.000000000000000 ) ;
#922 = DATE_TIME_ROLE ( 'classification_date' ) ;
#923 = CIRCLE ( 'NONE', #2373, 1.000000000000000888 ) ;
#924 = EDGE_CURVE ( 'NONE', #705, #1652, #1170, .T. ) ;
#925 = DIRECTION ( 'NONE',  ( 0.000000000000000000, -1.000000000000000000, -6.071532165918819308E-15 ) ) ;
#926 = EDGE_CURVE ( 'NONE', #2565, #661, #3376, .T. ) ;
#927 = DIRECTION ( 'NONE',  ( -8.345426451996534694E-29, 5.999999999999999677E-15, -1.000000000000000000 ) ) ;
#928 = DIRECTION ( 'NONE',  ( 1.000000000000000000, 1.387778780781444413E-14, 0.000000000000000000 ) ) ;
#929 = ORIENTED_EDGE ( 'NONE', *, *, #671, .F. ) ;
#930 = AXIS2_PLACEMENT_3D ( 'NONE', #516, #3463, #2276 ) ;
#931 = ORIENTED_EDGE ( 'NONE', *, *, #714, .F. ) ;
#932 = DIRECTION ( 'NONE',  ( 1.000000000000000000, 0.000000000000000000, -6.464807985007574834E-16 ) ) ;
#933 = EDGE_CURVE ( 'NONE', #2041, #1029, #3880, .T. ) ;
#934 = CARTESIAN_POINT ( 'NONE',  ( 2.852514067759217517E-13, -20.36547286757765107, 5.499999999999875655 ) ) ;
#935 = AXIS2_PLACEMENT_3D ( 'NONE', #3004, #3872, #3238 ) ;
#936 = ADVANCED_FACE ( 'NONE', ( #2688 ), #1799, .T. ) ;
#937 = DIRECTION ( 'NONE',  ( 1.000000000000000000, 1.400000000000000030E-14, 8.267618268485208376E-29 ) ) ;
#938 = VERTEX_POINT ( 'NONE', #2760 ) ;
#939 = APPROVAL_PERSON_ORGANIZATION ( #3590, #3364, #904 ) ;
#940 = ORIENTED_EDGE ( 'NONE', *, *, #446, .T. ) ;
#941 = AXIS2_PLACEMENT_3D ( 'NONE', #616, #1742, #2418 ) ;
#942 = CIRCLE ( 'NONE', #3073, 1.000000000000003553 ) ;
#943 = CARTESIAN_POINT ( 'NONE',  ( -5.499999999999412914, -41.86547286757769371, -2.511928372054661822E-13 ) ) ;
#944 = EDGE_LOOP ( 'NONE', ( #2765, #1713 ) ) ;
#945 = LINE ( 'NONE', #3607, #2442 ) ;
#946 = AXIS2_PLACEMENT_3D ( 'NONE', #1206, #271, #3845 ) ;
#947 = CARTESIAN_POINT ( 'NONE',  ( -8.899999999999240075, -25.36547286757731712, 15.59999999999998543 ) ) ;
#948 = FACE_OUTER_BOUND ( 'NONE', #1230, .T. ) ;
#949 = CARTESIAN_POINT ( 'NONE',  ( 15.50000000000019718, -12.51461990649167610, 7.999999999999916511 ) ) ;
#950 = ORIENTED_EDGE ( 'NONE', *, *, #213, .F. ) ;
#951 = EDGE_CURVE ( 'NONE', #2514, #3375, #981, .T. ) ;
#952 = FACE_OUTER_BOUND ( 'NONE', #301, .T. ) ;
#953 = DIRECTION ( 'NONE',  ( -1.400708396751456404E-14, 1.000000000000000000, 0.000000000000000000 ) ) ;
#954 = FACE_OUTER_BOUND ( 'NONE', #3782, .T. ) ;
#955 = ORIENTED_EDGE ( 'NONE', *, *, #2949, .T. ) ;
#956 = EDGE_CURVE ( 'NONE', #1538, #514, #298, .T. ) ;
#957 = ORIENTED_EDGE ( 'NONE', *, *, #3861, .T. ) ;
#958 = CARTESIAN_POINT ( 'NONE',  ( -17.99999999999972644, -31.86547286757753028, -19.10000000000019682 ) ) ;
#959 = EDGE_LOOP ( 'NONE', ( #2064, #1711, #337, #376, #2776, #197, #2576, #451, #1389, #1621, #2907, #373, #3886, #2696, #313, #349, #858 ) ) ;
#960 = CARTESIAN_POINT ( 'NONE',  ( 10.50000000000019895, -18.86547286757752317, -53.70557952810572289 ) ) ;
#961 = LINE ( 'NONE', #641, #2426 ) ;
#962 = CARTESIAN_POINT ( 'NONE',  ( 8.200000000000366995, -31.86547286757753028, -8.750000000000268230 ) ) ;
#963 = DIRECTION ( 'NONE',  ( -9.082321863761305948E-17, 0.000000000000000000, 1.000000000000000000 ) ) ;
#964 = VERTEX_POINT ( 'NONE', #1264 ) ;
#965 = DIRECTION ( 'NONE',  ( -1.000000000000000000, -1.387778780781438260E-14, 0.000000000000000000 ) ) ;
#966 = CARTESIAN_POINT ( 'NONE',  ( -18.99999999999956302, -31.86547286757753028, -19.10000000000033538 ) ) ;
#967 = ADVANCED_FACE ( 'NONE', ( #1485 ), #1780, .F. ) ;
#968 = CARTESIAN_POINT ( 'NONE',  ( -1.799999999999704281, -21.36547286757767594, 5.499999999999888090 ) ) ;
#969 = ORIENTED_EDGE ( 'NONE', *, *, #1551, .T. ) ;
#970 = ORIENTED_EDGE ( 'NONE', *, *, #344, .T. ) ;
#971 = DIRECTION ( 'NONE',  ( -1.387778780781444413E-14, 1.000000000000000000, 0.000000000000000000 ) ) ;
#972 = EDGE_CURVE ( 'NONE', #46, #329, #3058, .T. ) ;
#973 = VERTEX_POINT ( 'NONE', #3891 ) ;
#974 = CIRCLE ( 'NONE', #708, 1.800000000000002043 ) ;
#975 = FACE_OUTER_BOUND ( 'NONE', #3493, .T. ) ;
#976 = ADVANCED_FACE ( 'NONE', ( #1526 ), #2415, .T. ) ;
#977 = APPROVAL_STATUS ( 'not_yet_approved' ) ;
#978 = AXIS2_PLACEMENT_3D ( 'NONE', #579, #1269, #1749 ) ;
#979 = DIRECTION ( 'NONE',  ( -1.000000000000000000, -1.400708396751458928E-14, 3.363116314379560970E-44 ) ) ;
#980 = FACE_BOUND ( 'NONE', #783, .T. ) ;
#981 = CIRCLE ( 'NONE', #853, 1.000000000000002665 ) ;
#982 = CYLINDRICAL_SURFACE ( 'NONE', #2396, 1.000000000000002665 ) ;
#983 = ORIENTED_EDGE ( 'NONE', *, *, #2194, .F. ) ;
#984 = AXIS2_PLACEMENT_3D ( 'NONE', #567, #2734, #642 ) ;
#985 = DIRECTION ( 'NONE',  ( -4.541160931876460302E-17, -5.994332430076923481E-15, 1.000000000000000000 ) ) ;
#986 = CARTESIAN_POINT ( 'NONE',  ( -18.99999999999959144, -29.86547286757797437, 4.749999999999997335 ) ) ;
#987 = AXIS2_PLACEMENT_3D ( 'NONE', #2091, #2952, #2103 ) ;
#988 = CARTESIAN_POINT ( 'NONE',  ( -2.899999999999743228, -29.86547286757752673, 18.09999999999988773 ) ) ;
#989 = VERTEX_POINT ( 'NONE', #3342 ) ;
#990 = VERTEX_POINT ( 'NONE', #1193 ) ;
#991 = CIRCLE ( 'NONE', #866, 1.750000000000002442 ) ;
#992 = DIRECTION ( 'NONE',  ( 1.000000000000000000, 1.387778780781442047E-14, 0.000000000000000000 ) ) ;
#993 = VECTOR ( 'NONE', #3635, 1000.000000000000000 ) ;
#994 = VERTEX_POINT ( 'NONE', #1540 ) ;
#995 = EDGE_CURVE ( 'NONE', #821, #2297, #1489, .T. ) ;
#996 = EDGE_CURVE ( 'NONE', #2936, #1440, #2115, .T. ) ;
#997 = VECTOR ( 'NONE', #1095, 1000.000000000000000 ) ;
#998 = AXIS2_PLACEMENT_3D ( 'NONE', #1335, #370, #1926 ) ;
#999 = DIRECTION ( 'NONE',  ( 1.387778780781446149E-14, -1.000000000000000000, 0.000000000000000000 ) ) ;
#1000 = EDGE_LOOP ( 'NONE', ( #75, #648, #3511, #2592 ) ) ;
#1001 = AXIS2_PLACEMENT_3D ( 'NONE', #2790, #3655, #2485 ) ;
#1002 = EDGE_CURVE ( 'NONE', #777, #3730, #1922, .T. ) ;
#1003 = CARTESIAN_POINT ( 'NONE',  ( -13.99999999999959677, -28.86547286757825859, -8.750000000000268230 ) ) ;
#1004 = DIRECTION ( 'NONE',  ( 1.000000000000000000, 1.349229370204182437E-14, 0.000000000000000000 ) ) ;
#1005 = AXIS2_PLACEMENT_3D ( 'NONE', #1667, #3798, #1946 ) ;
#1006 = PLANE ( 'NONE',  #1514 ) ;
#1007 = EDGE_LOOP ( 'NONE', ( #3344, #2134, #1823, #3063 ) ) ;
#1008 = DIRECTION ( 'NONE',  ( -0.000000000000000000, -0.000000000000000000, 1.000000000000000000 ) ) ;
#1009 = CARTESIAN_POINT ( 'NONE',  ( 8.200000000000393641, -28.86547286757794595, -8.750000000000268230 ) ) ;
#1010 = CYLINDRICAL_SURFACE ( 'NONE', #2076, 2.999999999999999112 ) ;
#1011 = ORIENTED_EDGE ( 'NONE', *, *, #3257, .T. ) ;
#1012 = EDGE_LOOP ( 'NONE', ( #1513, #1752, #2850, #3276 ) ) ;
#1013 = CARTESIAN_POINT ( 'NONE',  ( 1.799999999999636779, 26.13452713242238090, 5.500000000000152767 ) ) ;
#1014 = EDGE_LOOP ( 'NONE', ( #458, #2078, #2548, #3270 ) ) ;
#1015 = CARTESIAN_POINT ( 'NONE',  ( 12.20000000000075957, -54.86547286757733133, -18.10000000000033538 ) ) ;
#1016 = ADVANCED_FACE ( 'NONE', ( #1509 ), #2469, .F. ) ;
#1017 = VERTEX_POINT ( 'NONE', #7 ) ;
#1018 = CARTESIAN_POINT ( 'NONE',  ( -17.99999999999974420, -18.86547286757797792, 18.09999999999988773 ) ) ;
#1019 = DIRECTION ( 'NONE',  ( -1.000000000000000000, 0.000000000000000000, -8.500145032286354557E-29 ) ) ;
#1020 = EDGE_CURVE ( 'NONE', #1407, #1050, #3039, .T. ) ;
#1021 = DIRECTION ( 'NONE',  ( -8.404250380508755870E-29, 5.999999999999998889E-15, -1.000000000000000000 ) ) ;
#1022 = ORIENTED_EDGE ( 'NONE', *, *, #3031, .F. ) ;
#1023 = DIRECTION ( 'NONE',  ( -1.401656568589260132E-14, 1.000000000000000000, 6.071532165918824830E-15 ) ) ;
#1024 = CARTESIAN_POINT ( 'NONE',  ( -8.899999999999240075, -24.36547286757750896, 14.09999999999984688 ) ) ;
#1025 = CYLINDRICAL_SURFACE ( 'NONE', #2005, 2.999999999999999112 ) ;
#1026 = ORIENTED_EDGE ( 'NONE', *, *, #295, .T. ) ;
#1027 = ORIENTED_EDGE ( 'NONE', *, *, #3176, .T. ) ;
#1028 = CARTESIAN_POINT ( 'NONE',  ( 13.50000000000019718, 19.40247632485332474, -4.999999999999907629 ) ) ;
#1029 = VERTEX_POINT ( 'NONE', #23 ) ;
#1030 = FACE_OUTER_BOUND ( 'NONE', #2762, .T. ) ;
#1031 = VECTOR ( 'NONE', #289, 1000.000000000000000 ) ;
#1032 = EDGE_CURVE ( 'NONE', #3632, #1061, #3634, .T. ) ;
#1033 = DIRECTION ( 'NONE',  ( -4.541160931884852426E-17, -6.302126781383487658E-31, 1.000000000000000000 ) ) ;
#1034 = DIRECTION ( 'NONE',  ( -1.400000000000000030E-14, 1.000000000000000000, 6.000000000000000466E-15 ) ) ;
#1035 = DIRECTION ( 'NONE',  ( 1.401656568589260132E-14, -1.000000000000000000, -6.071532165918824830E-15 ) ) ;
#1036 = ORIENTED_EDGE ( 'NONE', *, *, #2733, .F. ) ;
#1037 = EDGE_CURVE ( 'NONE', #1425, #1480, #2454, .T. ) ;
#1038 = EDGE_CURVE ( 'NONE', #964, #2099, #3654, .T. ) ;
#1039 = CYLINDRICAL_SURFACE ( 'NONE', #3199, 2.000000000000001776 ) ;
#1040 = CARTESIAN_POINT ( 'NONE',  ( 10.50000000000019540, -13.86547286757751785, -53.70557952810572289 ) ) ;
#1041 = DIRECTION ( 'NONE',  ( 1.000000000000000000, 0.000000000000000000, -0.000000000000000000 ) ) ;
#1042 = ORIENTED_EDGE ( 'NONE', *, *, #3062, .T. ) ;
#1043 = CIRCLE ( 'NONE', #601, 1.000000000000002665 ) ;
#1044 = ORIENTED_EDGE ( 'NONE', *, *, #498, .F. ) ;
#1045 = ADVANCED_FACE ( 'NONE', ( #3355 ), #646, .F. ) ;
#1046 = CC_DESIGN_PERSON_AND_ORGANIZATION_ASSIGNMENT ( #3816, #1790, ( #548 ) ) ;
#1047 = CARTESIAN_POINT ( 'NONE',  ( -5.500000000000365930, 26.13452713242231340, 1.601330316474898478E-13 ) ) ;
#1048 = AXIS2_PLACEMENT_3D ( 'NONE', #1921, #418, #1628 ) ;
#1049 = CARTESIAN_POINT ( 'NONE',  ( 2.992502625430291562E-13, -31.86547286757753028, 14.09999999999980425 ) ) ;
#1050 = VERTEX_POINT ( 'NONE', #1592 ) ;
#1051 = CIRCLE ( 'NONE', #1184, 1.750000000000002442 ) ;
#1052 = LINE ( 'NONE', #1954, #1933 ) ;
#1053 = VECTOR ( 'NONE', #884, 1000.000000000000000 ) ;
#1054 = ORIENTED_EDGE ( 'NONE', *, *, #3758, .F. ) ;
#1055 = AXIS2_PLACEMENT_3D ( 'NONE', #3163, #1943, #1662 ) ;
#1056 = VECTOR ( 'NONE', #2355, 1000.000000000000000 ) ;
#1057 = FACE_OUTER_BOUND ( 'NONE', #217, .T. ) ;
#1058 = CARTESIAN_POINT ( 'NONE',  ( 9.696152422706722618, 26.13452713242252656, 5.769882079065032641E-14 ) ) ;
#1059 = VECTOR ( 'NONE', #3306, 1000.000000000000000 ) ;
#1060 = LINE ( 'NONE', #2906, #1680 ) ;
#1061 = VERTEX_POINT ( 'NONE', #2185 ) ;
#1062 = DIRECTION ( 'NONE',  ( -1.401873053107404321E-14, 1.000000000000000000, 6.115553587381290921E-15 ) ) ;
#1063 = CARTESIAN_POINT ( 'NONE',  ( 2.992502625430291562E-13, -21.36547286757770081, 14.09999999999986642 ) ) ;
#1064 = CARTESIAN_POINT ( 'NONE',  ( 17.00000000000018474, 22.38175038268996175, -53.70557952810572289 ) ) ;
#1065 = EDGE_LOOP ( 'NONE', ( #3591, #505, #3324, #1366 ) ) ;
#1066 = EDGE_CURVE ( 'NONE', #3241, #3687, #2927, .T. ) ;
#1067 = VERTEX_POINT ( 'NONE', #986 ) ;
#1068 = DIRECTION ( 'NONE',  ( -1.000000000000000000, -1.349229370204183541E-14, 0.000000000000000000 ) ) ;
#1069 = CARTESIAN_POINT ( 'NONE',  ( -0.9999999999997875033, -15.36547286757765995, 5.499999999999909406 ) ) ;
#1070 = CARTESIAN_POINT ( 'NONE',  ( 10.50000000000053113, -38.00313207658206238, -8.000000000000232703 ) ) ;
#1071 = EDGE_CURVE ( 'NONE', #2978, #1778, #1043, .T. ) ;
#1072 = ORIENTED_EDGE ( 'NONE', *, *, #3839, .F. ) ;
#1073 = LINE ( 'NONE', #3520, #355 ) ;
#1074 = EDGE_LOOP ( 'NONE', ( #2021, #574, #216 ) ) ;
#1075 = EDGE_LOOP ( 'NONE', ( #1506, #482, #103, #2883 ) ) ;
#1076 = FACE_OUTER_BOUND ( 'NONE', #1074, .T. ) ;
#1077 = CARTESIAN_POINT ( 'NONE',  ( 0.000000000000000000, -29.86547286757752673, 0.000000000000000000 ) ) ;
#1078 = CARTESIAN_POINT ( 'NONE',  ( 0.9999999999996858069, 22.63452713242237024, 5.500000000000133227 ) ) ;
#1079 = ORIENTED_EDGE ( 'NONE', *, *, #2861, .F. ) ;
#1080 = DIRECTION ( 'NONE',  ( 1.387778780781444413E-14, -1.000000000000000000, 0.000000000000000000 ) ) ;
#1081 = DIRECTION ( 'NONE',  ( -1.387778780781446149E-14, 1.000000000000000000, 1.734723475976807686E-15 ) ) ;
#1082 = ORIENTED_EDGE ( 'NONE', *, *, #2683, .T. ) ;
#1083 = VERTEX_POINT ( 'NONE', #1319 ) ;
#1084 = LINE ( 'NONE', #2588, #1620 ) ;
#1085 = ADVANCED_FACE ( 'NONE', ( #2562 ), #2483, .T. ) ;
#1086 = FACE_OUTER_BOUND ( 'NONE', #475, .T. ) ;
#1087 = FACE_OUTER_BOUND ( 'NONE', #2471, .T. ) ;
#1088 = ORIENTED_EDGE ( 'NONE', *, *, #1654, .T. ) ;
#1089 = EDGE_CURVE ( 'NONE', #1325, #2305, #2438, .T. ) ;
#1090 = CARTESIAN_POINT ( 'NONE',  ( 2.219457617171543102E-13, -15.86547286757761910, -9.632772884300989255E-14 ) ) ;
#1091 = ORIENTED_EDGE ( 'NONE', *, *, #1422, .F. ) ;
#1092 = ORIENTED_EDGE ( 'NONE', *, *, #511, .F. ) ;
#1093 = CARTESIAN_POINT ( 'NONE',  ( 9.696152422706756369, 18.13452713242252656, 9.209758047965218833E-15 ) ) ;
#1094 = DIRECTION ( 'NONE',  ( -1.046816977530884289E-14, 6.043800637697202997E-15, -1.000000000000000000 ) ) ;
#1095 = DIRECTION ( 'NONE',  ( -1.000000000000000000, 0.000000000000000000, -8.500145032286354557E-29 ) ) ;
#1096 = ORIENTED_EDGE ( 'NONE', *, *, #1112, .F. ) ;
#1097 = FACE_OUTER_BOUND ( 'NONE', #2646, .T. ) ;
#1098 = AXIS2_PLACEMENT_3D ( 'NONE', #1456, #623, #2703 ) ;
#1099 = DIRECTION ( 'NONE',  ( -1.387778780781446149E-14, 1.000000000000000000, 0.000000000000000000 ) ) ;
#1100 = EDGE_LOOP ( 'NONE', ( #1266, #2544 ) ) ;
#1101 = ORIENTED_EDGE ( 'NONE', *, *, #951, .T. ) ;
#1102 = LINE ( 'NONE', #3767, #2067 ) ;
#1103 = DIRECTION ( 'NONE',  ( -1.400708396751458928E-14, 1.000000000000000000, 5.994332430076922692E-15 ) ) ;
#1104 = CIRCLE ( 'NONE', #2435, 2.000000000000001776 ) ;
#1105 = DIRECTION ( 'NONE',  ( 1.000000000000000000, 0.000000000000000000, -8.404250380508755870E-29 ) ) ;
#1106 = ORIENTED_EDGE ( 'NONE', *, *, #881, .T. ) ;
#1107 = VECTOR ( 'NONE', #3427, 1000.000000000000000 ) ;
#1108 = LINE ( 'NONE', #154, #2749 ) ;
#1109 = EDGE_LOOP ( 'NONE', ( #1746, #2317 ) ) ;
#1110 = AXIS2_PLACEMENT_3D ( 'NONE', #124, #3407, #1331 ) ;
#1111 = EDGE_CURVE ( 'NONE', #964, #491, #1493, .T. ) ;
#1112 = EDGE_CURVE ( 'NONE', #1029, #2041, #3001, .T. ) ;
#1113 = VERTEX_POINT ( 'NONE', #1024 ) ;
#1114 = VECTOR ( 'NONE', #215, 1000.000000000000000 ) ;
#1115 = LINE ( 'NONE', #2275, #656 ) ;
#1116 = CARTESIAN_POINT ( 'NONE',  ( -5.500000000000316192, 22.63452713242231340, 1.434863280969253651E-13 ) ) ;
#1117 = ORIENTED_EDGE ( 'NONE', *, *, #1973, .F. ) ;
#1118 = PERSON_AND_ORGANIZATION ( #1830, #3701 ) ;
#1119 = EDGE_LOOP ( 'NONE', ( #21, #3728 ) ) ;
#1120 = EDGE_CURVE ( 'NONE', #2394, #1738, #3079, .T. ) ;
#1121 = AXIS2_PLACEMENT_3D ( 'NONE', #2653, #3558, #1766 ) ;
#1122 = DIRECTION ( 'NONE',  ( 0.000000000000000000, 0.000000000000000000, -1.000000000000000000 ) ) ;
#1123 = DIRECTION ( 'NONE',  ( -1.404021378911230461E-14, 1.000000000000000000, 6.043800637697349725E-15 ) ) ;
#1124 = CIRCLE ( 'NONE', #553, 2.000000000000001776 ) ;
#1125 = CARTESIAN_POINT ( 'NONE',  ( -0.9999999999998063771, -13.86547286757766528, 5.499999999999915623 ) ) ;
#1126 = ORIENTED_EDGE ( 'NONE', *, *, #2237, .T. ) ;
#1127 = ORIENTED_EDGE ( 'NONE', *, *, #1767, .F. ) ;
#1128 = AXIS2_PLACEMENT_3D ( 'NONE', #1781, #1486, #3893 ) ;
#1129 = CARTESIAN_POINT ( 'NONE',  ( -17.99999999999972999, -19.86547286757797792, 18.09999999999988063 ) ) ;
#1130 = LINE ( 'NONE', #780, #1350 ) ;
#1131 = AXIS2_PLACEMENT_3D ( 'NONE', #949, #1274, #1848 ) ;
#1132 = DIRECTION ( 'NONE',  ( -1.000000000000000000, -1.400000000000000188E-14, 0.000000000000000000 ) ) ;
#1133 = ORIENTED_EDGE ( 'NONE', *, *, #1308, .F. ) ;
#1134 = FACE_OUTER_BOUND ( 'NONE', #1153, .T. ) ;
#1135 = ORIENTED_EDGE ( 'NONE', *, *, #1262, .F. ) ;
#1136 = VERTEX_POINT ( 'NONE', #3449 ) ;
#1137 = DIRECTION ( 'NONE',  ( -1.000000000000000000, -1.400000000000000030E-14, -8.439860315745316907E-29 ) ) ;
#1138 = ADVANCED_FACE ( 'NONE', ( #371 ), #2774, .F. ) ;
#1139 = CYLINDRICAL_SURFACE ( 'NONE', #3641, 1.800000000000003375 ) ;
#1140 = ORIENTED_EDGE ( 'NONE', *, *, #786, .T. ) ;
#1141 = DIRECTION ( 'NONE',  ( 1.000000000000000000, 0.000000000000000000, 0.000000000000000000 ) ) ;
#1142 = CARTESIAN_POINT ( 'NONE',  ( -18.99999999999957723, -30.66547286757811719, 6.350000000000103562 ) ) ;
#1143 = EDGE_CURVE ( 'NONE', #591, #3711, #784, .T. ) ;
#1144 = CARTESIAN_POINT ( 'NONE',  ( 12.20000000000025331, -18.86547286757755515, 18.09999999999986642 ) ) ;
#1145 = CARTESIAN_POINT ( 'NONE',  ( -3.170902687263196513E-13, 22.63452713242235603, 5.500000000000137668 ) ) ;
#1146 = ORIENTED_EDGE ( 'NONE', *, *, #1038, .T. ) ;
#1147 = ORIENTED_EDGE ( 'NONE', *, *, #1281, .T. ) ;
#1148 = DIRECTION ( 'NONE',  ( 1.387778780781446149E-14, -1.000000000000000000, 2.891205793294679411E-15 ) ) ;
#1149 = LINE ( 'NONE', #2896, #2052 ) ;
#1150 = DIRECTION ( 'NONE',  ( 1.526556658859590748E-13, 1.000000000000000000, 5.782411586589358822E-15 ) ) ;
#1151 = EDGE_LOOP ( 'NONE', ( #837, #3633 ) ) ;
#1152 = DIRECTION ( 'NONE',  ( -1.400000000000000030E-14, 1.000000000000000000, 5.999999999999998889E-15 ) ) ;
#1153 = EDGE_LOOP ( 'NONE', ( #2461, #2849, #703, #3042 ) ) ;
#1154 = ORIENTED_EDGE ( 'NONE', *, *, #1281, .F. ) ;
#1155 = FACE_BOUND ( 'NONE', #162, .T. ) ;
#1156 = FACE_OUTER_BOUND ( 'NONE', #1562, .T. ) ;
#1157 = ORIENTED_EDGE ( 'NONE', *, *, #2009, .T. ) ;
#1158 = DATE_AND_TIME ( #2620, #2755 ) ;
#1159 = EDGE_LOOP ( 'NONE', ( #3618, #2632, #2038, #3028 ) ) ;
#1160 = EDGE_CURVE ( 'NONE', #1652, #2717, #2801, .T. ) ;
#1161 = LINE ( 'NONE', #2363, #2921 ) ;
#1162 = FACE_OUTER_BOUND ( 'NONE', #563, .T. ) ;
#1163 = DIRECTION ( 'NONE',  ( -8.439195288535822483E-29, 5.999999999999999677E-15, -1.000000000000000000 ) ) ;
#1164 = ORIENTED_EDGE ( 'NONE', *, *, #1257, .F. ) ;
#1165 = EDGE_CURVE ( 'NONE', #2141, #1971, #3684, .T. ) ;
#1166 = EDGE_CURVE ( 'NONE', #1583, #833, #1356, .T. ) ;
#1167 = VERTEX_POINT ( 'NONE', #2222 ) ;
#1168 = AXIS2_PLACEMENT_3D ( 'NONE', #1553, #678, #1627 ) ;
#1169 = LINE ( 'NONE', #1850, #993 ) ;
#1170 = LINE ( 'NONE', #524, #2930 ) ;
#1171 = CARTESIAN_POINT ( 'NONE',  ( -8.899999999999240075, -25.36547286757755870, 21.49999999999984723 ) ) ;
#1172 = VECTOR ( 'NONE', #1180, 1000.000000000000000 ) ;
#1173 = ADVANCED_FACE ( 'NONE', ( #1633, #2829 ), #2206, .T. ) ;
#1174 = VERTEX_POINT ( 'NONE', #700 ) ;
#1175 = AXIS2_PLACEMENT_3D ( 'NONE', #2851, #2192, #3098 ) ;
#1176 = LINE ( 'NONE', #2378, #1059 ) ;
#1177 = CARTESIAN_POINT ( 'NONE',  ( 38.00000000000046185, -30.66547286757731783, -6.350000000000108891 ) ) ;
#1178 = ORIENTED_EDGE ( 'NONE', *, *, #2443, .F. ) ;
#1179 = CIRCLE ( 'NONE', #1423, 1.000000000000002887 ) ;
#1180 = DIRECTION ( 'NONE',  ( -1.400000000000000030E-14, 1.000000000000000000, 5.999999999999998889E-15 ) ) ;
#1181 = CARTESIAN_POINT ( 'NONE',  ( -2.968059120091975410E-13, 21.13452713242243775, -7.999999999999872102 ) ) ;
#1182 = CIRCLE ( 'NONE', #2802, 1.000000000000004441 ) ;
#1183 = ORIENTED_EDGE ( 'NONE', *, *, #1530, .T. ) ;
#1184 = AXIS2_PLACEMENT_3D ( 'NONE', #1090, #3477, #764 ) ;
#1185 = DIRECTION ( 'NONE',  ( -1.082075168361581483E-30, -5.994332430076923481E-15, 1.000000000000000000 ) ) ;
#1186 = FACE_OUTER_BOUND ( 'NONE', #3111, .T. ) ;
#1187 = AXIS2_PLACEMENT_3D ( 'NONE', #854, #12, #3602 ) ;
#1188 = DIRECTION ( 'NONE',  ( -1.000000000000000000, -1.387778780781441100E-14, 0.000000000000000000 ) ) ;
#1189 = VERTEX_POINT ( 'NONE', #3107 ) ;
#1190 = ORIENTED_EDGE ( 'NONE', *, *, #1278, .F. ) ;
#1191 = TOROIDAL_SURFACE ( 'NONE', #3581, 2.750000000000003109, 1.000000000000000000 ) ;
#1192 = CARTESIAN_POINT ( 'NONE',  ( 13.50000000000019718, 19.40247632485326079, 5.000000000000080824 ) ) ;
#1193 = CARTESIAN_POINT ( 'NONE',  ( -18.99999999999973355, -19.86547286757799213, 18.09999999999988418 ) ) ;
#1194 = EDGE_CURVE ( 'NONE', #3632, #205, #402, .T. ) ;
#1195 = PLANE ( 'NONE',  #3201 ) ;
#1196 = AXIS2_PLACEMENT_3D ( 'NONE', #2187, #1852, #2740 ) ;
#1197 = ORIENTED_EDGE ( 'NONE', *, *, #2344, .F. ) ;
#1198 = EDGE_CURVE ( 'NONE', #1594, #3033, #2540, .T. ) ;
#1199 = CARTESIAN_POINT ( 'NONE',  ( -13.99999999999959677, -31.86547286757753028, 8.750000000000264677 ) ) ;
#1200 = FACE_OUTER_BOUND ( 'NONE', #2692, .T. ) ;
#1201 = EDGE_LOOP ( 'NONE', ( #188, #1979 ) ) ;
#1202 = CARTESIAN_POINT ( 'NONE',  ( 12.20000000000026930, -19.86547286757733843, -18.10000000000012221 ) ) ;
#1203 = DIRECTION ( 'NONE',  ( -1.401656568589260132E-14, 1.000000000000000000, 6.071532165918824830E-15 ) ) ;
#1204 = CARTESIAN_POINT ( 'NONE',  ( 9.696152422706202145, 23.13452713242285341, -53.70557952810572999 ) ) ;
#1205 = FACE_OUTER_BOUND ( 'NONE', #3026, .T. ) ;
#1206 = CARTESIAN_POINT ( 'NONE',  ( 5.500000000000299316, -21.36547286757754094, -1.280717468940486328E-13 ) ) ;
#1207 = VERTEX_POINT ( 'NONE', #2847 ) ;
#1208 = ORIENTED_EDGE ( 'NONE', *, *, #1165, .T. ) ;
#1209 = LINE ( 'NONE', #3597, #3387 ) ;
#1210 = DIRECTION ( 'NONE',  ( 1.401656568589260132E-14, -1.000000000000000000, -6.071532165918824830E-15 ) ) ;
#1211 = CARTESIAN_POINT ( 'NONE',  ( -18.99999999999923972, -54.86547286757777186, -19.10000000000033538 ) ) ;
#1212 = ORIENTED_EDGE ( 'NONE', *, *, #367, .T. ) ;
#1213 = EDGE_CURVE ( 'NONE', #1349, #2492, #3566, .T. ) ;
#1214 = LINE ( 'NONE', #3619, #2507 ) ;
#1215 = CARTESIAN_POINT ( 'NONE',  ( 9.696152422706980190, -10.86547286757743436, -8.000000000000067502 ) ) ;
#1216 = ORIENTED_EDGE ( 'NONE', *, *, #3713, .T. ) ;
#1217 = EDGE_CURVE ( 'NONE', #3359, #2330, #923, .T. ) ;
#1218 = CARTESIAN_POINT ( 'NONE',  ( 10.50000000000019895, 26.13452713242248393, -53.70557952810572289 ) ) ;
#1219 = EDGE_CURVE ( 'NONE', #3656, #2338, #801, .T. ) ;
#1220 = ADVANCED_FACE ( 'NONE', ( #1097 ), #2932, .F. ) ;
#1221 = DIRECTION ( 'NONE',  ( 1.401656568589260132E-14, -1.000000000000000000, -6.071532165918824830E-15 ) ) ;
#1222 = DIRECTION ( 'NONE',  ( 1.401656568589260132E-14, -1.000000000000000000, -6.071532165918824830E-15 ) ) ;
#1223 = CARTESIAN_POINT ( 'NONE',  ( 5.861166201460866982E-13, -41.86547286757758002, -5.500000000000249578 ) ) ;
#1224 = ORIENTED_EDGE ( 'NONE', *, *, #631, .F. ) ;
#1225 = VERTEX_POINT ( 'NONE', #1395 ) ;
#1226 = DIRECTION ( 'NONE',  ( 0.8660254037844408170, 0.4999999999999962252, 2.892688502127204006E-15 ) ) ;
#1227 = CARTESIAN_POINT ( 'NONE',  ( 2.151166201460866887E-13, -15.36547286757758357, -5.500000000000090594 ) ) ;
#1228 = FACE_OUTER_BOUND ( 'NONE', #1718, .T. ) ;
#1229 = EDGE_LOOP ( 'NONE', ( #771, #1910 ) ) ;
#1230 = EDGE_LOOP ( 'NONE', ( #929, #3410, #1764, #1164 ) ) ;
#1231 = VECTOR ( 'NONE', #3212, 1000.000000000000000 ) ;
#1232 = AXIS2_PLACEMENT_3D ( 'NONE', #3366, #657, #1272 ) ;
#1233 = DIRECTION ( 'NONE',  ( 1.400000000000000030E-14, -1.000000000000000000, -5.999999999999998889E-15 ) ) ;
#1234 = VERTEX_POINT ( 'NONE', #3485 ) ;
#1235 = VECTOR ( 'NONE', #3435, 1000.000000000000000 ) ;
#1236 = DIRECTION ( 'NONE',  ( -1.387778780781446149E-14, 1.000000000000000000, 0.000000000000000000 ) ) ;
#1237 = EDGE_CURVE ( 'NONE', #3052, #3656, #3779, .T. ) ;
#1238 = VECTOR ( 'NONE', #3628, 1000.000000000000000 ) ;
#1239 = CIRCLE ( 'NONE', #37, 1.800000000000003819 ) ;
#1240 = DIRECTION ( 'NONE',  ( -1.401873053107404321E-14, 1.000000000000000000, 6.115553587381290921E-15 ) ) ;
#1241 = CARTESIAN_POINT ( 'NONE',  ( -18.99999999999923972, -54.86547286757777186, -19.10000000000033538 ) ) ;
#1242 = ADVANCED_FACE ( 'NONE', ( #773, #1457, #1378, #841, #186, #1984 ), #3228, .T. ) ;
#1243 = CARTESIAN_POINT ( 'NONE',  ( 13.20000000000026397, -19.86547286757731712, -19.10000000000012221 ) ) ;
#1244 = ORIENTED_EDGE ( 'NONE', *, *, #2221, .F. ) ;
#1245 = VECTOR ( 'NONE', #325, 1000.000000000000000 ) ;
#1246 = DIRECTION ( 'NONE',  ( 0.000000000000000000, 0.000000000000000000, 1.000000000000000000 ) ) ;
#1247 = DIRECTION ( 'NONE',  ( -0.000000000000000000, -0.000000000000000000, -1.000000000000000000 ) ) ;
#1248 = AXIS2_PLACEMENT_3D ( 'NONE', #2716, #2100, #2085 ) ;
#1249 = CARTESIAN_POINT ( 'NONE',  ( -2.749999999999738876, -18.86547286757765818, -1.131631155546987237E-13 ) ) ;
#1250 = ORIENTED_EDGE ( 'NONE', *, *, #2423, .T. ) ;
#1251 = ORIENTED_EDGE ( 'NONE', *, *, #2552, .T. ) ;
#1252 = AXIS2_PLACEMENT_3D ( 'NONE', #2114, #1246, #3354 ) ;
#1253 = AXIS2_PLACEMENT_3D ( 'NONE', #3268, #3874, #1491 ) ;
#1254 = ORIENTED_EDGE ( 'NONE', *, *, #2861, .T. ) ;
#1255 = CIRCLE ( 'NONE', #1128, 1.000000000000005329 ) ;
#1256 = LINE ( 'NONE', #1845, #2312 ) ;
#1257 = EDGE_CURVE ( 'NONE', #2581, #3791, #2689, .T. ) ;
#1258 = DIRECTION ( 'NONE',  ( 1.404021378911230461E-14, -1.000000000000000000, -6.043800637697349725E-15 ) ) ;
#1259 = DIRECTION ( 'NONE',  ( 1.000000000000000000, 1.387778780781442047E-14, 0.000000000000000000 ) ) ;
#1260 = FACE_BOUND ( 'NONE', #3800, .T. ) ;
#1261 = VERTEX_POINT ( 'NONE', #3213 ) ;
#1262 = EDGE_CURVE ( 'NONE', #3261, #324, #1691, .T. ) ;
#1263 = CARTESIAN_POINT ( 'NONE',  ( -5.500000000000316192, 22.63452713242231340, 1.388826690667739609E-13 ) ) ;
#1264 = CARTESIAN_POINT ( 'NONE',  ( 7.300000000000215650, -15.36547286757751429, -9.164255389853567124E-14 ) ) ;
#1265 = FACE_BOUND ( 'NONE', #1151, .T. ) ;
#1266 = ORIENTED_EDGE ( 'NONE', *, *, #2423, .F. ) ;
#1267 = ORIENTED_EDGE ( 'NONE', *, *, #2559, .T. ) ;
#1268 = EDGE_CURVE ( 'NONE', #3380, #1663, #1925, .T. ) ;
#1269 = DIRECTION ( 'NONE',  ( 1.400000000000000030E-14, -1.000000000000000000, -5.999999999999998889E-15 ) ) ;
#1270 = ORIENTED_EDGE ( 'NONE', *, *, #384, .T. ) ;
#1271 = LINE ( 'NONE', #1624, #1870 ) ;
#1272 = DIRECTION ( 'NONE',  ( 0.000000000000000000, 1.000000000000000000, 6.071532165918798009E-15 ) ) ;
#1273 = LINE ( 'NONE', #3700, #2059 ) ;
#1274 = DIRECTION ( 'NONE',  ( 1.652117596169240712E-16, -6.071532165918823253E-15, 1.000000000000000000 ) ) ;
#1275 = VERTEX_POINT ( 'NONE', #3530 ) ;
#1276 = DIRECTION ( 'NONE',  ( -1.387778780781444413E-14, 1.000000000000000000, 0.000000000000000000 ) ) ;
#1277 = DIRECTION ( 'NONE',  ( -0.000000000000000000, 1.000000000000000000, -0.000000000000000000 ) ) ;
#1278 = EDGE_CURVE ( 'NONE', #2353, #457, #454, .T. ) ;
#1279 = DIRECTION ( 'NONE',  ( -1.401873053107404321E-14, 1.000000000000000000, 6.115553587381290921E-15 ) ) ;
#1280 = VERTEX_POINT ( 'NONE', #1144 ) ;
#1281 = EDGE_CURVE ( 'NONE', #1136, #3300, #288, .T. ) ;
#1282 = ORIENTED_EDGE ( 'NONE', *, *, #2153, .T. ) ;
#1283 = CARTESIAN_POINT ( 'NONE',  ( -2.960654201974807493E-13, 21.13452713242242353, -5.499999999999871214 ) ) ;
#1284 = EDGE_CURVE ( 'NONE', #3687, #3241, #2744, .T. ) ;
#1285 = ORIENTED_EDGE ( 'NONE', *, *, #806, .T. ) ;
#1286 = CIRCLE ( 'NONE', #2046, 1.800000000000003819 ) ;
#1287 = CARTESIAN_POINT ( 'NONE',  ( 5.499999999999704237, 21.13452713242246617, 1.297753708178966576E-13 ) ) ;
#1288 = SHAPE_DEFINITION_REPRESENTATION ( #1467, #1871 ) ;
#1289 = CIRCLE ( 'NONE', #1858, 1.000000000000005329 ) ;
#1290 = DIRECTION ( 'NONE',  ( -1.387778780781446149E-14, 1.000000000000000000, 0.000000000000000000 ) ) ;
#1291 = DIRECTION ( 'NONE',  ( -1.000000000000000000, -1.387778780781442047E-14, 0.000000000000000000 ) ) ;
#1292 = VECTOR ( 'NONE', #3000, 1000.000000000000000 ) ;
#1293 = DIRECTION ( 'NONE',  ( -1.000000000000000000, -1.349229370204181806E-14, 0.000000000000000000 ) ) ;
#1294 = ORIENTED_EDGE ( 'NONE', *, *, #600, .F. ) ;
#1295 = AXIS2_PLACEMENT_3D ( 'NONE', #3467, #1962, #2583 ) ;
#1296 = CARTESIAN_POINT ( 'NONE',  ( -1.800000000000370637, 26.13452713242233116, 5.500000000000162537 ) ) ;
#1297 = DIRECTION ( 'NONE',  ( -1.665334536937733296E-13, 0.000000000000000000, -1.000000000000000000 ) ) ;
#1298 = AXIS2_PLACEMENT_3D ( 'NONE', #3754, #3838, #2554 ) ;
#1299 = CARTESIAN_POINT ( 'NONE',  ( 30.27563291295567183, 9.717060146732499959, 21.77563291295552972 ) ) ;
#1300 = ORIENTED_EDGE ( 'NONE', *, *, #881, .F. ) ;
#1301 = ORIENTED_EDGE ( 'NONE', *, *, #2375, .T. ) ;
#1302 = AXIS2_PLACEMENT_3D ( 'NONE', #2856, #2018, #3175 ) ;
#1303 = ADVANCED_FACE ( 'NONE', ( #203, #3251, #543, #2028, #2956 ), #1414, .F. ) ;
#1304 = CARTESIAN_POINT ( 'NONE',  ( 3.100000000000759925, -24.36547286757751607, 15.59999999999998543 ) ) ;
#1305 = VECTOR ( 'NONE', #963, 1000.000000000000000 ) ;
#1306 = CIRCLE ( 'NONE', #1252, 2.000000000000000888 ) ;
#1307 = EDGE_LOOP ( 'NONE', ( #2666, #2208, #2190 ) ) ;
#1308 = EDGE_CURVE ( 'NONE', #3482, #1574, #3761, .T. ) ;
#1309 = CC_DESIGN_APPROVAL ( #3142, ( #548 ) ) ;
#1310 = VECTOR ( 'NONE', #1233, 1000.000000000000000 ) ;
#1311 = DIRECTION ( 'NONE',  ( -0.000000000000000000, -0.000000000000000000, 1.000000000000000000 ) ) ;
#1312 = AXIS2_PLACEMENT_3D ( 'NONE', #3599, #3303, #1150 ) ;
#1313 = DIRECTION ( 'NONE',  ( 0.000000000000000000, 1.000000000000000000, 5.994332430076925059E-15 ) ) ;
#1314 = DIRECTION ( 'NONE',  ( 1.401656568589260132E-14, -1.000000000000000000, -6.071532165918824830E-15 ) ) ;
#1315 = AXIS2_PLACEMENT_3D ( 'NONE', #870, #2110, #2995 ) ;
#1316 = CARTESIAN_POINT ( 'NONE',  ( -18.99999999999956302, -31.86547286757753028, -18.10000000000020037 ) ) ;
#1317 = EDGE_LOOP ( 'NONE', ( #243, #570, #1342, #1918 ) ) ;
#1318 = CYLINDRICAL_SURFACE ( 'NONE', #998, 2.000000000000000888 ) ;
#1319 = CARTESIAN_POINT ( 'NONE',  ( 17.00000000000018829, 22.38175038268996175, -7.999999999999878320 ) ) ;
#1320 = DIRECTION ( 'NONE',  ( -1.000000000000000000, -1.349229370204183541E-14, 0.000000000000000000 ) ) ;
#1321 = ORIENTED_EDGE ( 'NONE', *, *, #3062, .F. ) ;
#1322 = ORIENTED_EDGE ( 'NONE', *, *, #2445, .T. ) ;
#1323 = CARTESIAN_POINT ( 'NONE',  ( 2.642597442614059085E-13, -18.86547286757761910, -1.131631155546987237E-13 ) ) ;
#1324 = EDGE_CURVE ( 'NONE', #2353, #3691, #859, .T. ) ;
#1325 = VERTEX_POINT ( 'NONE', #1666 ) ;
#1326 = CARTESIAN_POINT ( 'NONE',  ( 10.50000000000053113, -18.86547286757752317, 7.999999999999883649 ) ) ;
#1327 = ADVANCED_FACE ( 'NONE', ( #1205 ), #1775, .F. ) ;
#1328 = EDGE_CURVE ( 'NONE', #1083, #2297, #2129, .T. ) ;
#1329 = EDGE_LOOP ( 'NONE', ( #2274, #2959 ) ) ;
#1330 = CARTESIAN_POINT ( 'NONE',  ( 1.000000000000005551, 21.13452713242243775, -5.499999999999865885 ) ) ;
#1331 = DIRECTION ( 'NONE',  ( 1.000000000000000000, 1.401656568589260132E-14, 0.000000000000000000 ) ) ;
#1332 = LINE ( 'NONE', #2218, #303 ) ;
#1333 = ORIENTED_EDGE ( 'NONE', *, *, #49, .F. ) ;
#1334 = ADVANCED_FACE ( 'NONE', ( #948 ), #2719, .F. ) ;
#1335 = CARTESIAN_POINT ( 'NONE',  ( 3.100000000000759925, -25.36547286757731356, 15.59999999999998543 ) ) ;
#1336 = DIRECTION ( 'NONE',  ( 1.401656568589260132E-14, -1.000000000000000000, -6.071532165918824830E-15 ) ) ;
#1337 = CARTESIAN_POINT ( 'NONE',  ( -3.178687913578073485E-13, 22.63452713242235603, 5.500000000000141220 ) ) ;
#1338 = VERTEX_POINT ( 'NONE', #327 ) ;
#1339 = VERTEX_POINT ( 'NONE', #3351 ) ;
#1340 = CARTESIAN_POINT ( 'NONE',  ( 1.799999999999632561, 26.13452713242244840, -5.499999999999843681 ) ) ;
#1341 = DIRECTION ( 'NONE',  ( 1.401656568589260132E-14, -1.000000000000000000, -6.071532165918824830E-15 ) ) ;
#1342 = ORIENTED_EDGE ( 'NONE', *, *, #2567, .T. ) ;
#1343 = FACE_BOUND ( 'NONE', #3855, .T. ) ;
#1344 = DIRECTION ( 'NONE',  ( 1.046816977530881923E-14, -6.043800637697202997E-15, 1.000000000000000000 ) ) ;
#1345 = EDGE_CURVE ( 'NONE', #1460, #893, #1179, .T. ) ;
#1346 = PLANE ( 'NONE',  #3571 ) ;
#1347 = AXIS2_PLACEMENT_3D ( 'NONE', #493, #3732, #2553 ) ;
#1348 = CARTESIAN_POINT ( 'NONE',  ( 10.50000000000019540, 21.13452713242248393, 8.000000000000000000 ) ) ;
#1349 = VERTEX_POINT ( 'NONE', #868 ) ;
#1350 = VECTOR ( 'NONE', #1762, 1000.000000000000000 ) ;
#1351 = FACE_OUTER_BOUND ( 'NONE', #3788, .T. ) ;
#1352 = ADVANCED_FACE ( 'NONE', ( #3314 ), #3334, .F. ) ;
#1353 = DIRECTION ( 'NONE',  ( -8.345426451996534694E-29, 5.999999999999999677E-15, -1.000000000000000000 ) ) ;
#1354 = CYLINDRICAL_SURFACE ( 'NONE', #3277, 1.000000000000005329 ) ;
#1355 = EDGE_LOOP ( 'NONE', ( #224, #2382, #1294, #3415, #2058, #2685, #2288, #2858, #2473, #1197 ) ) ;
#1356 = CIRCLE ( 'NONE', #662, 2.999999999999999112 ) ;
#1357 = ORIENTED_EDGE ( 'NONE', *, *, #3647, .T. ) ;
#1358 = DIRECTION ( 'NONE',  ( 1.000000000000000000, 1.349229370204180701E-14, 0.000000000000000000 ) ) ;
#1359 = LINE ( 'NONE', #430, #3806 ) ;
#1360 = VECTOR ( 'NONE', #2535, 1000.000000000000000 ) ;
#1361 = DIRECTION ( 'NONE',  ( -0.7071067811865472397, 0.000000000000000000, -0.7071067811865479058 ) ) ;
#1362 = ORIENTED_EDGE ( 'NONE', *, *, #2135, .F. ) ;
#1363 = AXIS2_PLACEMENT_3D ( 'NONE', #2882, #2593, #512 ) ;
#1364 = CARTESIAN_POINT ( 'NONE',  ( -2.144395624589167326, -18.86547286757765107, -1.145423253407663418E-13 ) ) ;
#1365 = VECTOR ( 'NONE', #2120, 1000.000000000000000 ) ;
#1366 = ORIENTED_EDGE ( 'NONE', *, *, #2516, .T. ) ;
#1367 = ORIENTED_EDGE ( 'NONE', *, *, #2060, .T. ) ;
#1368 = AXIS2_PLACEMENT_3D ( 'NONE', #2326, #2361, #864 ) ;
#1369 = AXIS2_PLACEMENT_3D ( 'NONE', #1263, #1891, #715 ) ;
#1370 = DIRECTION ( 'NONE',  ( 0.000000000000000000, -1.000000000000000000, -5.999999999999998889E-15 ) ) ;
#1371 = FACE_OUTER_BOUND ( 'NONE', #3528, .T. ) ;
#1372 = AXIS2_PLACEMENT_3D ( 'NONE', #1578, #717, #3413 ) ;
#1373 = CARTESIAN_POINT ( 'NONE',  ( 2.151685783464587704E-13, -15.36547286757764930, 5.499999999999905853 ) ) ;
#1374 = ORIENTED_EDGE ( 'NONE', *, *, #3764, .F. ) ;
#1375 = ADVANCED_FACE ( 'NONE', ( #2075, #1186 ), #2410, .T. ) ;
#1376 = AXIS2_PLACEMENT_3D ( 'NONE', #907, #3298, #1479 ) ;
#1377 = DIRECTION ( 'NONE',  ( -1.401873053107404321E-14, 1.000000000000000000, 6.115553587381290921E-15 ) ) ;
#1378 = FACE_BOUND ( 'NONE', #1229, .T. ) ;
#1379 = CARTESIAN_POINT ( 'NONE',  ( -8.899999999999240075, -25.36547286757752317, 15.59999999999998543 ) ) ;
#1380 = ORIENTED_EDGE ( 'NONE', *, *, #2974, .F. ) ;
#1381 = EDGE_CURVE ( 'NONE', #333, #2099, #3637, .T. ) ;
#1382 = ORIENTED_EDGE ( 'NONE', *, *, #3424, .F. ) ;
#1383 = DIRECTION ( 'NONE',  ( 1.401656568589260132E-14, -1.000000000000000000, -6.071532165918824830E-15 ) ) ;
#1384 = DIRECTION ( 'NONE',  ( -1.400000000000000030E-14, 1.000000000000000000, 6.000000000000000466E-15 ) ) ;
#1385 = LINE ( 'NONE', #2897, #2758 ) ;
#1386 = ORIENTED_EDGE ( 'NONE', *, *, #1972, .T. ) ;
#1387 = CARTESIAN_POINT ( 'NONE',  ( 7.300000000000300027, -21.36547286757751607, -1.280717468940486328E-13 ) ) ;
#1388 = ORIENTED_EDGE ( 'NONE', *, *, #3382, .T. ) ;
#1389 = ORIENTED_EDGE ( 'NONE', *, *, #3894, .T. ) ;
#1390 = SPHERICAL_SURFACE ( 'NONE', #1728, 1.000000000000000000 ) ;
#1391 = DIRECTION ( 'NONE',  ( -1.000000000000000000, -1.349229370204180543E-14, 0.000000000000000000 ) ) ;
#1392 = DIRECTION ( 'NONE',  ( -1.400000000000000030E-14, 1.000000000000000000, 6.000000000000000466E-15 ) ) ;
#1393 = ORIENTED_EDGE ( 'NONE', *, *, #924, .T. ) ;
#1394 = DIRECTION ( 'NONE',  ( -1.401873053107404479E-14, 1.000000000000000000, 6.115553587381290921E-15 ) ) ;
#1395 = CARTESIAN_POINT ( 'NONE',  ( -8.899999999999240075, -26.36547286757751607, 14.09999999999983622 ) ) ;
#1396 = FACE_OUTER_BOUND ( 'NONE', #2236, .T. ) ;
#1397 = ORIENTED_EDGE ( 'NONE', *, *, #503, .T. ) ;
#1398 = ORIENTED_EDGE ( 'NONE', *, *, #1111, .T. ) ;
#1399 = DIRECTION ( 'NONE',  ( -1.401873053107404479E-14, 1.000000000000000000, 6.115553587381290921E-15 ) ) ;
#1400 = CARTESIAN_POINT ( 'NONE',  ( 8.200000000000418510, -30.66547286757773350, -6.350000000000108891 ) ) ;
#1401 = EDGE_CURVE ( 'NONE', #1338, #3470, #1239, .T. ) ;
#1402 = ADVANCED_FACE ( 'NONE', ( #270 ), #1811, .F. ) ;
#1403 = PLANE ( 'NONE',  #1622 ) ;
#1404 = ORIENTED_EDGE ( 'NONE', *, *, #3555, .T. ) ;
#1405 = EDGE_CURVE ( 'NONE', #3852, #893, #2973, .T. ) ;
#1406 = DIRECTION ( 'NONE',  ( -1.000000000000000000, -1.400000000000000030E-14, -4.541160931884852426E-17 ) ) ;
#1407 = VERTEX_POINT ( 'NONE', #624 ) ;
#1408 = VERTEX_POINT ( 'NONE', #2391 ) ;
#1409 = CARTESIAN_POINT ( 'NONE',  ( -8.899999999999240075, -25.36547286757731712, 15.59999999999998543 ) ) ;
#1410 = DIRECTION ( 'NONE',  ( 1.000000000000000000, 1.349229370204180701E-14, 0.000000000000000000 ) ) ;
#1411 = COORDINATED_UNIVERSAL_TIME_OFFSET ( 8, 0, .AHEAD. ) ;
#1412 = ORIENTED_EDGE ( 'NONE', *, *, #1972, .F. ) ;
#1413 = FACE_OUTER_BOUND ( 'NONE', #2793, .T. ) ;
#1414 = PLANE ( 'NONE',  #3815 ) ;
#1415 = CARTESIAN_POINT ( 'NONE',  ( -8.899999999999240075, -26.36547286757752673, 15.59999999999998543 ) ) ;
#1416 = ORIENTED_EDGE ( 'NONE', *, *, #2375, .F. ) ;
#1417 = CARTESIAN_POINT ( 'NONE',  ( 8.200000000000288836, -21.36547286757741659, -14.10000000000013287 ) ) ;
#1418 = CARTESIAN_POINT ( 'NONE',  ( -3.178687913578073485E-13, 22.63452713242235603, 5.500000000000141220 ) ) ;
#1419 = AXIS2_PLACEMENT_3D ( 'NONE', #1821, #630, #896 ) ;
#1420 = LINE ( 'NONE', #1049, #173 ) ;
#1421 = ORIENTED_EDGE ( 'NONE', *, *, #1284, .T. ) ;
#1422 = EDGE_CURVE ( 'NONE', #1818, #258, #3649, .T. ) ;
#1423 = AXIS2_PLACEMENT_3D ( 'NONE', #1832, #2108, #2 ) ;
#1424 = CARTESIAN_POINT ( 'NONE',  ( -18.99999999999924327, -54.86547286757799213, 19.09999999999967102 ) ) ;
#1425 = VERTEX_POINT ( 'NONE', #3049 ) ;
#1426 = AXIS2_PLACEMENT_3D ( 'NONE', #2842, #138, #3162 ) ;
#1427 = ORIENTED_EDGE ( 'NONE', *, *, #3160, .T. ) ;
#1428 = ADVANCED_FACE ( 'NONE', ( #1162 ), #3593, .T. ) ;
#1429 = CIRCLE ( 'NONE', #3385, 1.000000000000000888 ) ;
#1430 = DIRECTION ( 'NONE',  ( 1.000000000000000000, 1.387778780781444413E-14, 0.000000000000000000 ) ) ;
#1431 = CARTESIAN_POINT ( 'NONE',  ( -3.669343482165665092E-13, 26.13452713242235603, 5.500000000000162537 ) ) ;
#1432 = ORIENTED_EDGE ( 'NONE', *, *, #1885, .T. ) ;
#1433 = LINE ( 'NONE', #797, #280 ) ;
#1434 = AXIS2_PLACEMENT_3D ( 'NONE', #779, #1383, #175 ) ;
#1435 = CARTESIAN_POINT ( 'NONE',  ( 38.00000000000047606, -28.86547286757753028, -8.750000000000268230 ) ) ;
#1436 = DIRECTION ( 'NONE',  ( -1.000000000000000000, -1.387778780781438260E-14, 0.000000000000000000 ) ) ;
#1437 = AXIS2_PLACEMENT_3D ( 'NONE', #27, #1804, #3583 ) ;
#1438 = DIRECTION ( 'NONE',  ( 0.000000000000000000, 1.000000000000000000, 6.071532165918798009E-15 ) ) ;
#1439 = EDGE_LOOP ( 'NONE', ( #2673, #36, #353, #1357 ) ) ;
#1440 = VERTEX_POINT ( 'NONE', #3015 ) ;
#1441 = DIRECTION ( 'NONE',  ( 9.082321863752914440E-17, 5.994332430076924270E-15, -1.000000000000000000 ) ) ;
#1442 = LINE ( 'NONE', #2372, #598 ) ;
#1443 = CARTESIAN_POINT ( 'NONE',  ( -1.799999999999785771, -15.36547286757760844, -5.500000000000108358 ) ) ;
#1444 = ORIENTED_EDGE ( 'NONE', *, *, #1750, .F. ) ;
#1445 = CARTESIAN_POINT ( 'NONE',  ( 5.500000000000193623, -13.86547286757754094, -8.272825498926221143E-14 ) ) ;
#1446 = ADVANCED_FACE ( 'NONE', ( #18 ), #584, .F. ) ;
#1447 = DIRECTION ( 'NONE',  ( -0.000000000000000000, 1.000000000000000000, -0.000000000000000000 ) ) ;
#1448 = VERTEX_POINT ( 'NONE', #311 ) ;
#1449 = EDGE_LOOP ( 'NONE', ( #26, #469, #206, #1027 ) ) ;
#1450 = FACE_OUTER_BOUND ( 'NONE', #1159, .T. ) ;
#1451 = FACE_OUTER_BOUND ( 'NONE', #766, .T. ) ;
#1452 = EDGE_CURVE ( 'NONE', #440, #2071, #1182, .T. ) ;
#1453 = ADVANCED_FACE ( 'NONE', ( #980, #696 ), #2464, .T. ) ;
#1454 = PERSON_AND_ORGANIZATION ( #1830, #3701 ) ;
#1455 = DIRECTION ( 'NONE',  ( 1.000000000000000000, 0.000000000000000000, 0.000000000000000000 ) ) ;
#1456 = CARTESIAN_POINT ( 'NONE',  ( -8.899999999999240075, -25.36547286757755870, 21.49999999999984723 ) ) ;
#1457 = FACE_BOUND ( 'NONE', #852, .T. ) ;
#1458 = EDGE_CURVE ( 'NONE', #973, #3470, #3145, .T. ) ;
#1459 = DIRECTION ( 'NONE',  ( -1.401873053107404321E-14, 1.000000000000000000, 6.115553587381290921E-15 ) ) ;
#1460 = VERTEX_POINT ( 'NONE', #3367 ) ;
#1461 = CC_DESIGN_PERSON_AND_ORGANIZATION_ASSIGNMENT ( #1118, #3527, ( #548 ) ) ;
#1462 = ORIENTED_EDGE ( 'NONE', *, *, #317, .F. ) ;
#1463 = DIRECTION ( 'NONE',  ( 1.000000000000000000, 1.400000000000000188E-14, 8.500145032286357920E-29 ) ) ;
#1464 = LINE ( 'NONE', #2333, #347 ) ;
#1465 = CARTESIAN_POINT ( 'NONE',  ( 13.20000000000043272, -31.86547286757753028, 8.750000000000264677 ) ) ;
#1466 = ORIENTED_EDGE ( 'NONE', *, *, #1860, .T. ) ;
#1467 = PRODUCT_DEFINITION_SHAPE ( 'NONE', 'NONE',  #2495 ) ;
#1468 = CARTESIAN_POINT ( 'NONE',  ( -17.99999999999972999, -19.86547286757776121, -18.10000000000012221 ) ) ;
#1469 = CARTESIAN_POINT ( 'NONE',  ( 38.00000000000047606, -31.86547286757717501, 4.749999999999997335 ) ) ;
#1470 = LINE ( 'NONE', #2063, #1053 ) ;
#1471 = ORIENTED_EDGE ( 'NONE', *, *, #3263, .F. ) ;
#1472 = LINE ( 'NONE', #2674, #1172 ) ;
#1473 = DIRECTION ( 'NONE',  ( 8.404250380508755870E-29, -5.999999999999998889E-15, 1.000000000000000000 ) ) ;
#1474 = CALENDAR_DATE ( 2026, 24, 6 ) ;
#1475 = ORIENTED_EDGE ( 'NONE', *, *, #744, .F. ) ;
#1476 = EDGE_CURVE ( 'NONE', #872, #1050, #3678, .T. ) ;
#1477 = FACE_OUTER_BOUND ( 'NONE', #2170, .T. ) ;
#1478 = CARTESIAN_POINT ( 'NONE',  ( 5.500000000000299316, -21.36547286757754094, -1.280717468940486328E-13 ) ) ;
#1479 = DIRECTION ( 'NONE',  ( -1.000000000000000000, 0.000000000000000000, 0.000000000000000000 ) ) ;
#1480 = VERTEX_POINT ( 'NONE', #731 ) ;
#1481 = ORIENTED_EDGE ( 'NONE', *, *, #720, .F. ) ;
#1482 = EDGE_CURVE ( 'NONE', #2905, #2412, #1273, .T. ) ;
#1483 = AXIS2_PLACEMENT_3D ( 'NONE', #1204, #2409, #3610 ) ;
#1484 = CARTESIAN_POINT ( 'NONE',  ( 4.499999999999698908, 21.13452713242245196, 1.344514846222505366E-13 ) ) ;
#1485 = FACE_OUTER_BOUND ( 'NONE', #2360, .T. ) ;
#1486 = DIRECTION ( 'NONE',  ( -1.401873053107404321E-14, 1.000000000000000000, 6.115553587381290921E-15 ) ) ;
#1487 = VECTOR ( 'NONE', #3813, 1000.000000000000000 ) ;
#1488 = ORIENTED_EDGE ( 'NONE', *, *, #2199, .T. ) ;
#1489 = CIRCLE ( 'NONE', #1982, 2.999999999999999112 ) ;
#1490 = DIRECTION ( 'NONE',  ( -4.541160931884852426E-17, 0.000000000000000000, 1.000000000000000000 ) ) ;
#1491 = DIRECTION ( 'NONE',  ( 1.000000000000000000, 0.000000000000000000, 0.000000000000000000 ) ) ;
#1492 = VERTEX_POINT ( 'NONE', #1867 ) ;
#1493 = CIRCLE ( 'NONE', #2234, 1.800000000000001155 ) ;
#1494 = CARTESIAN_POINT ( 'NONE',  ( -17.99999999999972999, -19.86547286757776121, -18.10000000000012221 ) ) ;
#1495 = DIRECTION ( 'NONE',  ( -1.401873053107404321E-14, 1.000000000000000000, 6.115553587381290921E-15 ) ) ;
#1496 = CIRCLE ( 'NONE', #293, 1.000000000000002887 ) ;
#1497 = PERSON_AND_ORGANIZATION ( #1830, #3701 ) ;
#1498 = AXIS2_PLACEMENT_3D ( 'NONE', #2494, #1898, #341 ) ;
#1499 = CYLINDRICAL_SURFACE ( 'NONE', #1483, 2.999999999999999112 ) ;
#1500 = DIRECTION ( 'NONE',  ( 1.000000000000000000, 1.387778780781441731E-14, 0.000000000000000000 ) ) ;
#1501 = CIRCLE ( 'NONE', #1005, 1.000000000000000888 ) ;
#1502 = CIRCLE ( 'NONE', #2315, 1.000000000000000888 ) ;
#1503 = DIRECTION ( 'NONE',  ( 0.000000000000000000, 0.000000000000000000, -1.000000000000000000 ) ) ;
#1504 = ORIENTED_EDGE ( 'NONE', *, *, #384, .F. ) ;
#1505 = ADVANCED_FACE ( 'NONE', ( #1572 ), #365, .F. ) ;
#1506 = ORIENTED_EDGE ( 'NONE', *, *, #1654, .F. ) ;
#1507 = AXIS2_PLACEMENT_3D ( 'NONE', #2808, #111, #636 ) ;
#1508 = FACE_OUTER_BOUND ( 'NONE', #2557, .T. ) ;
#1509 = FACE_OUTER_BOUND ( 'NONE', #2780, .T. ) ;
#1510 = DIRECTION ( 'NONE',  ( -1.000000000000000000, -1.349229370204183541E-14, 0.000000000000000000 ) ) ;
#1511 = EDGE_CURVE ( 'NONE', #1523, #734, #352, .T. ) ;
#1512 = CIRCLE ( 'NONE', #1196, 1.800000000000000711 ) ;
#1513 = ORIENTED_EDGE ( 'NONE', *, *, #3031, .T. ) ;
#1514 = AXIS2_PLACEMENT_3D ( 'NONE', #1903, #2148, #3352 ) ;
#1515 = CARTESIAN_POINT ( 'NONE',  ( 16.50000000000019185, -38.00313207658206238, -8.000000000000234479 ) ) ;
#1516 = EDGE_CURVE ( 'NONE', #2437, #2428, #3751, .T. ) ;
#1517 = ADVANCED_FACE ( 'NONE', ( #1604 ), #3071, .F. ) ;
#1518 = ORIENTED_EDGE ( 'NONE', *, *, #403, .T. ) ;
#1519 = DIRECTION ( 'NONE',  ( 1.000000000000000000, 1.400000000000000030E-14, 8.439860315745316907E-29 ) ) ;
#1520 = DIRECTION ( 'NONE',  ( -1.000000000000000000, -1.387778780781443782E-14, 0.000000000000000000 ) ) ;
#1521 = CARTESIAN_POINT ( 'NONE',  ( 3.100000000000759925, -25.36547286757734199, -14.10000000000015774 ) ) ;
#1522 = DIRECTION ( 'NONE',  ( -8.439195288535822483E-29, 5.999999999999999677E-15, -1.000000000000000000 ) ) ;
#1523 = VERTEX_POINT ( 'NONE', #1902 ) ;
#1524 = EDGE_LOOP ( 'NONE', ( #3007, #3681 ) ) ;
#1525 = DIRECTION ( 'NONE',  ( 1.000000000000000000, 1.349229370204180386E-14, 0.000000000000000000 ) ) ;
#1526 = FACE_OUTER_BOUND ( 'NONE', #776, .T. ) ;
#1527 = FACE_OUTER_BOUND ( 'NONE', #2013, .T. ) ;
#1528 = ORIENTED_EDGE ( 'NONE', *, *, #3024, .T. ) ;
#1529 = ORIENTED_EDGE ( 'NONE', *, *, #2420, .F. ) ;
#1530 = EDGE_CURVE ( 'NONE', #1275, #2610, #2238, .T. ) ;
#1531 = FACE_OUTER_BOUND ( 'NONE', #1307, .T. ) ;
#1532 = ORIENTED_EDGE ( 'NONE', *, *, #905, .T. ) ;
#1533 = ADVANCED_FACE ( 'NONE', ( #381, #2180 ), #54, .T. ) ;
#1534 = DIRECTION ( 'NONE',  ( -1.000000000000000000, -1.401873053107404321E-14, 0.000000000000000000 ) ) ;
#1535 = DIRECTION ( 'NONE',  ( -8.404250380508755870E-29, 5.999999999999998889E-15, -1.000000000000000000 ) ) ;
#1536 = DIRECTION ( 'NONE',  ( 0.000000000000000000, 1.000000000000000000, 6.938893903907197612E-15 ) ) ;
#1537 = DIRECTION ( 'NONE',  ( -1.400000000000000030E-14, 1.000000000000000000, 6.000000000000000466E-15 ) ) ;
#1538 = VERTEX_POINT ( 'NONE', #3720 ) ;
#1539 = CARTESIAN_POINT ( 'NONE',  ( 2.992502625430291562E-13, -21.36547286757770081, 14.09999999999986642 ) ) ;
#1540 = CARTESIAN_POINT ( 'NONE',  ( 1.000000000000196954, -13.86547286757756936, -5.500000000000086153 ) ) ;
#1541 = DIRECTION ( 'NONE',  ( 1.000000000000000000, 0.000000000000000000, 0.000000000000000000 ) ) ;
#1542 = ORIENTED_EDGE ( 'NONE', *, *, #3717, .F. ) ;
#1543 = VERTEX_POINT ( 'NONE', #2825 ) ;
#1544 = AXIS2_PLACEMENT_3D ( 'NONE', #2600, #1062, #2302 ) ;
#1545 = CIRCLE ( 'NONE', #3744, 2.000000000000001776 ) ;
#1546 = EDGE_CURVE ( 'NONE', #652, #2763, #1991, .T. ) ;
#1547 = EDGE_LOOP ( 'NONE', ( #3423, #857, #2665, #1869 ) ) ;
#1548 = CIRCLE ( 'NONE', #3436, 1.000000000000002887 ) ;
#1549 = CARTESIAN_POINT ( 'NONE',  ( 6.499999999999688249, 22.63452713242248038, 1.343290199423359530E-13 ) ) ;
#1550 = AXIS2_PLACEMENT_3D ( 'NONE', #2010, #2869, #3165 ) ;
#1551 = EDGE_CURVE ( 'NONE', #2272, #1583, #1587, .T. ) ;
#1552 = CIRCLE ( 'NONE', #1928, 1.000000000000000888 ) ;
#1553 = CARTESIAN_POINT ( 'NONE',  ( -5.499999999999784173, -15.36547286757769548, -9.219283720546619072E-14 ) ) ;
#1554 = DIRECTION ( 'NONE',  ( -1.400000000000000030E-14, 1.000000000000000000, 6.000000000000000466E-15 ) ) ;
#1555 = CARTESIAN_POINT ( 'NONE',  ( -0.9999999999997881694, -15.36547286757759778, -5.500000000000086153 ) ) ;
#1556 = ORIENTED_EDGE ( 'NONE', *, *, #3404, .T. ) ;
#1557 = CARTESIAN_POINT ( 'NONE',  ( 5.499999999999682920, 22.63452713242246617, 1.388826690667748949E-13 ) ) ;
#1558 = CARTESIAN_POINT ( 'NONE',  ( 16.50000000000022737, -38.00313207658216186, 7.999999999999766409 ) ) ;
#1559 = VECTOR ( 'NONE', #1696, 1000.000000000000000 ) ;
#1560 = ORIENTED_EDGE ( 'NONE', *, *, #2406, .T. ) ;
#1561 = AXIS2_PLACEMENT_3D ( 'NONE', #2864, #2598, #3422 ) ;
#1562 = EDGE_LOOP ( 'NONE', ( #2746, #1367, #3540, #1556 ) ) ;
#1563 = AXIS2_PLACEMENT_3D ( 'NONE', #2436, #855, #3642 ) ;
#1564 = CARTESIAN_POINT ( 'NONE',  ( -13.99999999999955413, -31.86547286757790332, -4.750000000000001776 ) ) ;
#1565 = AXIS2_PLACEMENT_3D ( 'NONE', #2080, #2220, #88 ) ;
#1566 = ORIENTED_EDGE ( 'NONE', *, *, #3609, .F. ) ;
#1567 = VECTOR ( 'NONE', #1105, 1000.000000000000000 ) ;
#1568 = DIRECTION ( 'NONE',  ( -1.000000000000000000, -1.404021378911230619E-14, 1.652117596168388249E-16 ) ) ;
#1569 = ADVANCED_FACE ( 'NONE', ( #3089 ), #2784, .F. ) ;
#1570 = FACE_OUTER_BOUND ( 'NONE', #2251, .T. ) ;
#1571 = ADVANCED_FACE ( 'NONE', ( #3102, #2217 ), #710, .T. ) ;
#1572 = FACE_OUTER_BOUND ( 'NONE', #2195, .T. ) ;
#1573 = CARTESIAN_POINT ( 'NONE',  ( -2.144395624589046978, -27.43073961835347419, -1.665466179277767904E-13 ) ) ;
#1574 = VERTEX_POINT ( 'NONE', #473 ) ;
#1575 = DIRECTION ( 'NONE',  ( 0.000000000000000000, -1.000000000000000000, -6.938893903907222067E-15 ) ) ;
#1576 = EDGE_CURVE ( 'NONE', #334, #831, #494, .T. ) ;
#1577 = CARTESIAN_POINT ( 'NONE',  ( -3.178687913578073485E-13, 22.63452713242242353, -5.499999999999855227 ) ) ;
#1578 = CARTESIAN_POINT ( 'NONE',  ( 2.995052853735531163E-13, -21.36547286757761555, -1.278818833016260303E-13 ) ) ;
#1579 = VERTEX_POINT ( 'NONE', #1704 ) ;
#1580 = VERTEX_POINT ( 'NONE', #3526 ) ;
#1581 = CARTESIAN_POINT ( 'NONE',  ( -1.000000000000597744, 21.13452713242240932, -5.499999999999865885 ) ) ;
#1582 = FACE_OUTER_BOUND ( 'NONE', #3200, .T. ) ;
#1583 = VERTEX_POINT ( 'NONE', #1659 ) ;
#1584 = DIRECTION ( 'NONE',  ( 0.000000000000000000, 1.000000000000000000, 6.938893903907197612E-15 ) ) ;
#1585 = VERTEX_POINT ( 'NONE', #2887 ) ;
#1586 = CARTESIAN_POINT ( 'NONE',  ( -18.99999999999974420, -18.86547286757777542, -18.10000000000011511 ) ) ;
#1587 = LINE ( 'NONE', #962, #665 ) ;
#1588 = CARTESIAN_POINT ( 'NONE',  ( -5.500000000000365930, 26.13452713242231340, 1.648907656527598813E-13 ) ) ;
#1589 = ORIENTED_EDGE ( 'NONE', *, *, #2402, .F. ) ;
#1590 = ADVANCED_FACE ( 'NONE', ( #2043 ), #1346, .T. ) ;
#1591 = CARTESIAN_POINT ( 'NONE',  ( 1.000000000000217826, -15.36547286757763331, 5.499999999999909406 ) ) ;
#1592 = CARTESIAN_POINT ( 'NONE',  ( -1.951338775977777914E-13, 21.13452713242234182, 8.000000000000129674 ) ) ;
#1593 = FACE_BOUND ( 'NONE', #3018, .T. ) ;
#1594 = VERTEX_POINT ( 'NONE', #3207 ) ;
#1595 = EDGE_CURVE ( 'NONE', #3221, #2813, #3692, .T. ) ;
#1596 = ORIENTED_EDGE ( 'NONE', *, *, #2778, .T. ) ;
#1597 = DIRECTION ( 'NONE',  ( -1.000000000000000000, -1.387778780781441731E-14, 0.000000000000000000 ) ) ;
#1598 = CARTESIAN_POINT ( 'NONE',  ( 10.50000000000019362, -13.86547286757751785, 7.999999999999913847 ) ) ;
#1599 = ORIENTED_EDGE ( 'NONE', *, *, #1166, .F. ) ;
#1600 = AXIS2_PLACEMENT_3D ( 'NONE', #1, #1810, #1520 ) ;
#1601 = CARTESIAN_POINT ( 'NONE',  ( 1.939126303453691328E-13, -13.86547286757761732, -8.418466451117224289E-14 ) ) ;
#1602 = VECTOR ( 'NONE', #2210, 1000.000000000000000 ) ;
#1603 = LINE ( 'NONE', #1920, #2547 ) ;
#1604 = FACE_OUTER_BOUND ( 'NONE', #1890, .T. ) ;
#1605 = VECTOR ( 'NONE', #2980, 1000.000000000000000 ) ;
#1606 = DIRECTION ( 'NONE',  ( 1.000000000000000000, 1.401656568589260132E-14, 0.000000000000000000 ) ) ;
#1607 = ORIENTED_EDGE ( 'NONE', *, *, #2455, .T. ) ;
#1608 = AXIS2_PLACEMENT_3D ( 'NONE', #1709, #2345, #755 ) ;
#1609 = CYLINDRICAL_SURFACE ( 'NONE', #1507, 1.000000000000000888 ) ;
#1610 = CARTESIAN_POINT ( 'NONE',  ( 5.500000000000214939, -15.36547286757754094, -9.164255389853567124E-14 ) ) ;
#1611 = EDGE_CURVE ( 'NONE', #687, #2721, #3381, .T. ) ;
#1612 = CARTESIAN_POINT ( 'NONE',  ( -17.99999999999972999, -19.86547286757798148, 18.09999999999987708 ) ) ;
#1613 = ORIENTED_EDGE ( 'NONE', *, *, #1750, .T. ) ;
#1614 = ORIENTED_EDGE ( 'NONE', *, *, #3630, .F. ) ;
#1615 = AXIS2_PLACEMENT_3D ( 'NONE', #2271, #1406, #2900 ) ;
#1616 = CARTESIAN_POINT ( 'NONE',  ( 3.100000000000759925, -25.36547286757731356, -19.10000000000015774 ) ) ;
#1617 = EDGE_CURVE ( 'NONE', #1061, #3632, #468, .T. ) ;
#1618 = EDGE_CURVE ( 'NONE', #740, #902, #2862, .T. ) ;
#1619 = CIRCLE ( 'NONE', #1131, 3.000000000000000888 ) ;
#1620 = VECTOR ( 'NONE', #1966, 1000.000000000000000 ) ;
#1621 = ORIENTED_EDGE ( 'NONE', *, *, #1660, .T. ) ;
#1622 = AXIS2_PLACEMENT_3D ( 'NONE', #3220, #1673, #1132 ) ;
#1623 = EDGE_CURVE ( 'NONE', #1339, #821, #2904, .T. ) ;
#1624 = CARTESIAN_POINT ( 'NONE',  ( -10.89999999999924007, -25.36547286757731712, -15.60000000000015952 ) ) ;
#1625 = ORIENTED_EDGE ( 'NONE', *, *, #2105, .F. ) ;
#1626 = VECTOR ( 'NONE', #456, 1000.000000000000000 ) ;
#1627 = DIRECTION ( 'NONE',  ( 1.000000000000000000, 1.387778780781442047E-14, 0.000000000000000000 ) ) ;
#1628 = DIRECTION ( 'NONE',  ( 1.000000000000000000, 0.000000000000000000, -0.000000000000000000 ) ) ;
#1629 = VECTOR ( 'NONE', #3612, 1000.000000000000000 ) ;
#1630 = CYLINDRICAL_SURFACE ( 'NONE', #1055, 1.800000000000000711 ) ;
#1631 = ORIENTED_EDGE ( 'NONE', *, *, #3024, .F. ) ;
#1632 = DIRECTION ( 'NONE',  ( 1.000000000000000000, 0.000000000000000000, 0.000000000000000000 ) ) ;
#1633 = FACE_BOUND ( 'NONE', #3522, .T. ) ;
#1634 = DIRECTION ( 'NONE',  ( -1.400000000000000030E-14, 1.000000000000000000, 6.000000000000000466E-15 ) ) ;
#1635 = ORIENTED_EDGE ( 'NONE', *, *, #2516, .F. ) ;
#1636 = ORIENTED_EDGE ( 'NONE', *, *, #3134, .T. ) ;
#1637 = LINE ( 'NONE', #392, #2370 ) ;
#1638 = VERTEX_POINT ( 'NONE', #819 ) ;
#1639 = ADVANCED_FACE ( 'NONE', ( #2296 ), #792, .T. ) ;
#1640 = CARTESIAN_POINT ( 'NONE',  ( 6.500000000000197176, -13.86547286757752673, -8.757037252555030092E-14 ) ) ;
#1641 = EDGE_CURVE ( 'NONE', #2538, #77, #3502, .T. ) ;
#1642 = DIRECTION ( 'NONE',  ( 1.652117596169240712E-16, -6.071532165918823253E-15, 1.000000000000000000 ) ) ;
#1643 = CARTESIAN_POINT ( 'NONE',  ( 2.642597442614059085E-13, -18.86547286757761910, -1.131631155546987237E-13 ) ) ;
#1644 = CARTESIAN_POINT ( 'NONE',  ( 2.151166201460865877E-13, -15.36547286757764752, 5.499999999999904965 ) ) ;
#1645 = ORIENTED_EDGE ( 'NONE', *, *, #1611, .F. ) ;
#1646 = DIRECTION ( 'NONE',  ( 1.000000000000000000, 1.400708396751459244E-14, -1.652117596168390221E-16 ) ) ;
#1647 = FACE_OUTER_BOUND ( 'NONE', #1826, .T. ) ;
#1648 = EDGE_LOOP ( 'NONE', ( #3431, #383, #2050, #1655 ) ) ;
#1649 = ORIENTED_EDGE ( 'NONE', *, *, #2691, .F. ) ;
#1650 = CARTESIAN_POINT ( 'NONE',  ( 7.299999999999682743, 22.63452713242249104, 1.544089832986903632E-13 ) ) ;
#1651 = LINE ( 'NONE', #3491, #3702 ) ;
#1652 = VERTEX_POINT ( 'NONE', #769 ) ;
#1653 = LINE ( 'NONE', #3790, #2807 ) ;
#1654 = EDGE_CURVE ( 'NONE', #1050, #1738, #3506, .T. ) ;
#1655 = ORIENTED_EDGE ( 'NONE', *, *, #2684, .F. ) ;
#1656 = ORIENTED_EDGE ( 'NONE', *, *, #1595, .T. ) ;
#1657 = AXIS2_PLACEMENT_3D ( 'NONE', #2259, #166, #2622 ) ;
#1658 = DIRECTION ( 'NONE',  ( 0.000000000000000000, -1.000000000000000000, -5.782411586589358822E-15 ) ) ;
#1659 = CARTESIAN_POINT ( 'NONE',  ( 8.200000000000436273, -31.86547286757753028, -8.750000000000268230 ) ) ;
#1660 = EDGE_CURVE ( 'NONE', #1686, #1818, #605, .T. ) ;
#1661 = VECTOR ( 'NONE', #3293, 1000.000000000000000 ) ;
#1662 = DIRECTION ( 'NONE',  ( 1.000000000000000000, 1.349229370204182752E-14, 0.000000000000000000 ) ) ;
#1663 = VERTEX_POINT ( 'NONE', #200 ) ;
#1664 = AXIS2_PLACEMENT_3D ( 'NONE', #1735, #461, #2589 ) ;
#1665 = DIRECTION ( 'NONE',  ( 1.000000000000000000, 1.400000000000000188E-14, 8.500145032286355678E-29 ) ) ;
#1666 = CARTESIAN_POINT ( 'NONE',  ( 8.200000000000407852, -29.86547286757759423, 4.749999999999997335 ) ) ;
#1667 = CARTESIAN_POINT ( 'NONE',  ( -17.99999999999972999, -19.86547286757798148, 18.09999999999988063 ) ) ;
#1668 = ORIENTED_EDGE ( 'NONE', *, *, #2919, .T. ) ;
#1669 = AXIS2_PLACEMENT_3D ( 'NONE', #3611, #2446, #1500 ) ;
#1670 = ORIENTED_EDGE ( 'NONE', *, *, #3733, .F. ) ;
#1671 = DIRECTION ( 'NONE',  ( -1.401873053107404321E-14, 1.000000000000000000, 6.115553587381290921E-15 ) ) ;
#1672 = FACE_OUTER_BOUND ( 'NONE', #1065, .T. ) ;
#1673 = DIRECTION ( 'NONE',  ( -1.400000000000000188E-14, 1.000000000000000000, 0.000000000000000000 ) ) ;
#1674 = ORIENTED_EDGE ( 'NONE', *, *, #1166, .T. ) ;
#1675 = VECTOR ( 'NONE', #3460, 1000.000000000000000 ) ;
#1676 = CARTESIAN_POINT ( 'NONE',  ( 11.19615242270618793, 25.73260334377617298, -53.70557952810572999 ) ) ;
#1677 = VECTOR ( 'NONE', #2946, 1000.000000000000000 ) ;
#1678 = ORIENTED_EDGE ( 'NONE', *, *, #3549, .F. ) ;
#1679 = ORIENTED_EDGE ( 'NONE', *, *, #1482, .T. ) ;
#1680 = VECTOR ( 'NONE', #3122, 1000.000000000000000 ) ;
#1681 = VECTOR ( 'NONE', #2268, 1000.000000000000000 ) ;
#1682 = DIRECTION ( 'NONE',  ( 1.387778780781444413E-14, -1.000000000000000000, 0.000000000000000000 ) ) ;
#1683 = CYLINDRICAL_SURFACE ( 'NONE', #3119, 2.000000000000000888 ) ;
#1684 = AXIS2_PLACEMENT_3D ( 'NONE', #1171, #24, #300 ) ;
#1685 = LINE ( 'NONE', #3185, #3072 ) ;
#1686 = VERTEX_POINT ( 'NONE', #449 ) ;
#1687 = ADVANCED_FACE ( 'NONE', ( #1371 ), #1139, .F. ) ;
#1688 = EDGE_CURVE ( 'NONE', #491, #964, #1865, .T. ) ;
#1689 = VECTOR ( 'NONE', #328, 1000.000000000000000 ) ;
#1690 = CARTESIAN_POINT ( 'NONE',  ( -7.299999999999718270, -20.36547286757771857, -1.217797783042842137E-13 ) ) ;
#1691 = LINE ( 'NONE', #2623, #3379 ) ;
#1692 = CARTESIAN_POINT ( 'NONE',  ( 8.200000000000288836, -21.36547286757749831, -1.280859158188560697E-13 ) ) ;
#1693 = VERTEX_POINT ( 'NONE', #3814 ) ;
#1694 = ORIENTED_EDGE ( 'NONE', *, *, #3498, .T. ) ;
#1695 = EDGE_CURVE ( 'NONE', #254, #3510, #3254, .T. ) ;
#1696 = DIRECTION ( 'NONE',  ( 8.267618268485208376E-29, 0.000000000000000000, -1.000000000000000000 ) ) ;
#1697 = CARTESIAN_POINT ( 'NONE',  ( 16.50000000000019540, 17.67042551728475530, -7.999999999999897859 ) ) ;
#1698 = CARTESIAN_POINT ( 'NONE',  ( -5.500000000000316192, 22.63452713242231340, 1.434863280969253651E-13 ) ) ;
#1699 = ORIENTED_EDGE ( 'NONE', *, *, #2778, .F. ) ;
#1700 = LINE ( 'NONE', #1676, #1675 ) ;
#1701 = ORIENTED_EDGE ( 'NONE', *, *, #1345, .F. ) ;
#1702 = VERTEX_POINT ( 'NONE', #3226 ) ;
#1703 = CARTESIAN_POINT ( 'NONE',  ( 12.20000000000026752, -19.86547286757755870, 18.09999999999985931 ) ) ;
#1704 = CARTESIAN_POINT ( 'NONE',  ( 3.100000000000759925, -24.36547286757732778, -15.60000000000015419 ) ) ;
#1705 = EDGE_LOOP ( 'NONE', ( #172, #1404, #3621, #182 ) ) ;
#1706 = CARTESIAN_POINT ( 'NONE',  ( -17.99999999999924327, -54.86547286757797792, 19.09999999999967102 ) ) ;
#1707 = ORIENTED_EDGE ( 'NONE', *, *, #1595, .F. ) ;
#1708 = DIRECTION ( 'NONE',  ( -1.387778780781446149E-14, 1.000000000000000000, 0.000000000000000000 ) ) ;
#1709 = CARTESIAN_POINT ( 'NONE',  ( -3.178687913578073485E-13, 22.63452713242242353, -5.499999999999855227 ) ) ;
#1710 = DIRECTION ( 'NONE',  ( 0.000000000000000000, -1.000000000000000000, -6.071532165918822464E-15 ) ) ;
#1711 = ORIENTED_EDGE ( 'NONE', *, *, #3609, .T. ) ;
#1712 = ADVANCED_FACE ( 'NONE', ( #3181 ), #1683, .F. ) ;
#1713 = ORIENTED_EDGE ( 'NONE', *, *, #1767, .T. ) ;
#1714 = CARTESIAN_POINT ( 'NONE',  ( -8.899999999999240075, -25.36547286757731712, 19.09999999999998366 ) ) ;
#1715 = DIRECTION ( 'NONE',  ( 9.629649721936179265E-29, -6.938893903907222856E-15, 1.000000000000000000 ) ) ;
#1716 = FACE_OUTER_BOUND ( 'NONE', #3318, .T. ) ;
#1717 = ADVANCED_FACE ( 'NONE', ( #2359, #1789 ), #3034, .T. ) ;
#1718 = EDGE_LOOP ( 'NONE', ( #1631, #2741, #707, #1254 ) ) ;
#1719 = LINE ( 'NONE', #2612, #1114 ) ;
#1720 = ORIENTED_EDGE ( 'NONE', *, *, #76, .F. ) ;
#1721 = ORIENTED_EDGE ( 'NONE', *, *, #3555, .F. ) ;
#1722 = DIRECTION ( 'NONE',  ( -8.326672684688673325E-29, 5.999999999999999677E-15, -1.000000000000000000 ) ) ;
#1723 = DIRECTION ( 'NONE',  ( -1.401873053107404321E-14, 1.000000000000000000, 6.115553587381290921E-15 ) ) ;
#1724 = ORIENTED_EDGE ( 'NONE', *, *, #3847, .T. ) ;
#1725 = ORIENTED_EDGE ( 'NONE', *, *, #1900, .F. ) ;
#1726 = DIRECTION ( 'NONE',  ( 1.401656568589260132E-14, -1.000000000000000000, -6.071532165918824830E-15 ) ) ;
#1727 = CARTESIAN_POINT ( 'NONE',  ( 21.30311118070158471, -7.628293719314171994, -12.80311118070141774 ) ) ;
#1728 = AXIS2_PLACEMENT_3D ( 'NONE', #1703, #1033, #1682 ) ;
#1729 = LINE ( 'NONE', #2427, #1629 ) ;
#1730 = EDGE_LOOP ( 'NONE', ( #3402, #2934 ) ) ;
#1731 = EDGE_LOOP ( 'NONE', ( #1140, #969, #754, #1955, #569, #2219, #1614, #718, #1528, #3804 ) ) ;
#1732 = AXIS2_PLACEMENT_3D ( 'NONE', #760, #3113, #408 ) ;
#1733 = CARTESIAN_POINT ( 'NONE',  ( -3.170902687263196513E-13, 22.63452713242235603, 5.500000000000137668 ) ) ;
#1734 = ADVANCED_FACE ( 'NONE', ( #3245, #286 ), #2124, .T. ) ;
#1735 = CARTESIAN_POINT ( 'NONE',  ( -8.899999999999240075, -25.36547286757731712, -19.10000000000015774 ) ) ;
#1736 = AXIS2_PLACEMENT_3D ( 'NONE', #1241, #2092, #3297 ) ;
#1737 = LINE ( 'NONE', #830, #1567 ) ;
#1738 = VERTEX_POINT ( 'NONE', #1181 ) ;
#1739 = VECTOR ( 'NONE', #1203, 1000.000000000000000 ) ;
#1740 = EDGE_CURVE ( 'NONE', #520, #3253, #1552, .T. ) ;
#1741 = EDGE_CURVE ( 'NONE', #893, #1460, #1496, .T. ) ;
#1742 = DIRECTION ( 'NONE',  ( -1.401656568589260132E-14, 1.000000000000000000, 6.071532165918824830E-15 ) ) ;
#1743 = CARTESIAN_POINT ( 'NONE',  ( 12.20000000000026752, -19.86547286757733133, -19.10000000000012221 ) ) ;
#1744 = ORIENTED_EDGE ( 'NONE', *, *, #2032, .F. ) ;
#1745 = AXIS2_PLACEMENT_3D ( 'NONE', #1218, #2731, #1751 ) ;
#1746 = ORIENTED_EDGE ( 'NONE', *, *, #2838, .F. ) ;
#1747 = EDGE_CURVE ( 'NONE', #2428, #2437, #2498, .T. ) ;
#1748 = CIRCLE ( 'NONE', #45, 1.800000000000003819 ) ;
#1749 = DIRECTION ( 'NONE',  ( 1.000000000000000000, 1.387778780781444413E-14, 0.000000000000000000 ) ) ;
#1750 = EDGE_CURVE ( 'NONE', #2071, #1579, #597, .T. ) ;
#1751 = DIRECTION ( 'NONE',  ( -0.8660254037844409281, 0.4999999999999961142, 0.000000000000000000 ) ) ;
#1752 = ORIENTED_EDGE ( 'NONE', *, *, #3046, .T. ) ;
#1753 = CARTESIAN_POINT ( 'NONE',  ( 0.000000000000000000, 0.000000000000000000, 0.000000000000000000 ) ) ;
#1754 = EDGE_LOOP ( 'NONE', ( #1668, #3696, #1744, #1386 ) ) ;
#1755 = CIRCLE ( 'NONE', #2000, 2.999999999999999112 ) ;
#1756 = DIRECTION ( 'NONE',  ( -1.404021378911230461E-14, 1.000000000000000000, 6.043800637697349725E-15 ) ) ;
#1757 = VECTOR ( 'NONE', #281, 1000.000000000000000 ) ;
#1758 = LINE ( 'NONE', #2664, #2142 ) ;
#1759 = ORIENTED_EDGE ( 'NONE', *, *, #2712, .T. ) ;
#1760 = ORIENTED_EDGE ( 'NONE', *, *, #3211, .F. ) ;
#1761 = DIRECTION ( 'NONE',  ( -0.7071067811865472397, 0.000000000000000000, 0.7071067811865479058 ) ) ;
#1762 = DIRECTION ( 'NONE',  ( 4.541160931884853042E-17, 6.357625304638794677E-31, -1.000000000000000000 ) ) ;
#1763 = DIRECTION ( 'NONE',  ( -9.082321863752914440E-17, -5.994332430076924270E-15, 1.000000000000000000 ) ) ;
#1764 = ORIENTED_EDGE ( 'NONE', *, *, #2273, .T. ) ;
#1765 = DIRECTION ( 'NONE',  ( 1.401656568589260132E-14, -1.000000000000000000, -6.071532165918824830E-15 ) ) ;
#1766 = DIRECTION ( 'NONE',  ( -1.000000000000000000, -1.387778780781443782E-14, 0.000000000000000000 ) ) ;
#1767 = EDGE_CURVE ( 'NONE', #734, #1523, #2441, .T. ) ;
#1768 = EDGE_LOOP ( 'NONE', ( #3104, #3876, #1126, #2585 ) ) ;
#1769 = DIRECTION ( 'NONE',  ( 8.439860315745316907E-29, 0.000000000000000000, -1.000000000000000000 ) ) ;
#1770 = DIRECTION ( 'NONE',  ( 1.000000000000000000, 1.401656568589260132E-14, 0.000000000000000000 ) ) ;
#1771 = ORIENTED_EDGE ( 'NONE', *, *, #2349, .F. ) ;
#1772 = DIRECTION ( 'NONE',  ( -1.000000000000000000, -1.400708396751458928E-14, -7.750441631749831127E-31 ) ) ;
#1773 = EDGE_CURVE ( 'NONE', #3781, #872, #3879, .T. ) ;
#1774 = CARTESIAN_POINT ( 'NONE',  ( 9.670335410603254189, -14.34447994160293760, 1.170335410602929116 ) ) ;
#1775 = CYLINDRICAL_SURFACE ( 'NONE', #1669, 1.000000000000002887 ) ;
#1776 = CYLINDRICAL_SURFACE ( 'NONE', #1883, 1.000000000000004441 ) ;
#1777 = ORIENTED_EDGE ( 'NONE', *, *, #1861, .T. ) ;
#1778 = VERTEX_POINT ( 'NONE', #2699 ) ;
#1779 = LINE ( 'NONE', #2452, #476 ) ;
#1780 = CYLINDRICAL_SURFACE ( 'NONE', #3565, 1.800000000000003375 ) ;
#1781 = CARTESIAN_POINT ( 'NONE',  ( 5.499999999999682920, 22.63452713242246617, 1.388826690667748949E-13 ) ) ;
#1782 = ORIENTED_EDGE ( 'NONE', *, *, #2445, .F. ) ;
#1783 = DIRECTION ( 'NONE',  ( 1.000000000000000000, 1.445602896647336511E-14, 0.000000000000000000 ) ) ;
#1784 = DIRECTION ( 'NONE',  ( -1.387778780781444413E-14, 1.000000000000000000, 0.000000000000000000 ) ) ;
#1785 = CARTESIAN_POINT ( 'NONE',  ( -10.89999999999924007, -25.36547286757731712, 19.09999999999998366 ) ) ;
#1786 = ORIENTED_EDGE ( 'NONE', *, *, #2591, .F. ) ;
#1787 = DIRECTION ( 'NONE',  ( 1.000000000000000000, 1.404021378911230619E-14, -1.652117596168388249E-16 ) ) ;
#1788 = EDGE_CURVE ( 'NONE', #2007, #3041, #2422, .T. ) ;
#1789 = FACE_BOUND ( 'NONE', #879, .T. ) ;
#1790 = PERSON_AND_ORGANIZATION_ROLE ( 'creator' ) ;
#1791 = CARTESIAN_POINT ( 'NONE',  ( 3.100000000000759925, -25.36547286757745567, 4.499999999999844569 ) ) ;
#1792 = ADVANCED_FACE ( 'NONE', ( #1156 ), #3623, .T. ) ;
#1793 = CARTESIAN_POINT ( 'NONE',  ( -4.899999999999742784, -29.86547286757752673, 16.09999999999988418 ) ) ;
#1794 = CARTESIAN_POINT ( 'NONE',  ( -13.99999999999970157, -21.36547286757789621, 14.09999999999986642 ) ) ;
#1795 = ORIENTED_EDGE ( 'NONE', *, *, #3313, .F. ) ;
#1796 = ORIENTED_EDGE ( 'NONE', *, *, #995, .F. ) ;
#1797 = AXIS2_PLACEMENT_3D ( 'NONE', #1791, #326, #32 ) ;
#1798 = CYLINDRICAL_SURFACE ( 'NONE', #3582, 1.800000000000003819 ) ;
#1799 = CYLINDRICAL_SURFACE ( 'NONE', #2686, 1.000000000000000888 ) ;
#1800 = CARTESIAN_POINT ( 'NONE',  ( -0.8999999999997430056, -29.86547286757752673, 16.09999999999988418 ) ) ;
#1801 = EDGE_LOOP ( 'NONE', ( #1133, #421, #1679, #1882 ) ) ;
#1802 = AXIS2_PLACEMENT_3D ( 'NONE', #1837, #3665, #2097 ) ;
#1803 = PLANE ( 'NONE',  #1248 ) ;
#1804 = DIRECTION ( 'NONE',  ( -1.401656568589260132E-14, 1.000000000000000000, 6.071532165918824830E-15 ) ) ;
#1805 = ORIENTED_EDGE ( 'NONE', *, *, #1120, .F. ) ;
#1806 = CARTESIAN_POINT ( 'NONE',  ( 3.100000000000759925, -24.36547286757744857, 4.499999999999850786 ) ) ;
#1807 = VECTOR ( 'NONE', #3794, 1000.000000000000000 ) ;
#1808 =( NAMED_UNIT ( * ) PLANE_ANGLE_UNIT ( ) SI_UNIT ( $, .RADIAN. ) );
#1809 = CIRCLE ( 'NONE', #3066, 1.000000000000000888 ) ;
#1810 = DIRECTION ( 'NONE',  ( -1.401656568589260132E-14, 1.000000000000000000, 6.071532165918824830E-15 ) ) ;
#1811 = PLANE ( 'NONE',  #984 ) ;
#1812 = VECTOR ( 'NONE', #1537, 1000.000000000000000 ) ;
#1813 = AXIS2_PLACEMENT_3D ( 'NONE', #22, #608, #2096 ) ;
#1814 = CARTESIAN_POINT ( 'NONE',  ( 1.750000000000196287, -13.86547286757759245, -9.004188348723998460E-14 ) ) ;
#1815 = VERTEX_POINT ( 'NONE', #3905 ) ;
#1816 = EDGE_CURVE ( 'NONE', #2245, #3287, #3294, .T. ) ;
#1817 = EDGE_CURVE ( 'NONE', #1585, #2369, #40, .T. ) ;
#1818 = VERTEX_POINT ( 'NONE', #3645 ) ;
#1819 = VECTOR ( 'NONE', #558, 1000.000000000000000 ) ;
#1820 = CARTESIAN_POINT ( 'NONE',  ( -5.499999999999714007, -20.36547286757769371, -1.220002147281307420E-13 ) ) ;
#1821 = CARTESIAN_POINT ( 'NONE',  ( -8.899999999999240075, -25.36547286757733488, -15.60000000000015952 ) ) ;
#1822 = CARTESIAN_POINT ( 'NONE',  ( 8.200000000000436273, -31.86547286757759068, -4.750000000000001776 ) ) ;
#1823 = ORIENTED_EDGE ( 'NONE', *, *, #693, .T. ) ;
#1824 = AXIS2_PLACEMENT_3D ( 'NONE', #552, #2374, #912 ) ;
#1825 = EDGE_CURVE ( 'NONE', #2528, #2717, #945, .T. ) ;
#1826 = EDGE_LOOP ( 'NONE', ( #628, #3658, #3232, #1082 ) ) ;
#1827 = VECTOR ( 'NONE', #187, 1000.000000000000000 ) ;
#1828 = CARTESIAN_POINT ( 'NONE',  ( -1.749999999999780398, -15.86547286757764397, -9.632772884300989255E-14 ) ) ;
#1829 = VERTEX_POINT ( 'NONE', #2968 ) ;
#1830 = PERSON ( '未指定', '未指定', '未指定', ('未指定'), ('未指定'), ('未指定') ) ;
#1831 = DIRECTION ( 'NONE',  ( 0.000000000000000000, -1.000000000000000000, -6.071532165918819308E-15 ) ) ;
#1832 = CARTESIAN_POINT ( 'NONE',  ( -2.960654201974807493E-13, 21.13452713242235603, 5.500000000000127898 ) ) ;
#1833 = CARTESIAN_POINT ( 'NONE',  ( 12.20000000000043627, -31.86547286757753028, -19.10000000000019682 ) ) ;
#1834 = ORIENTED_EDGE ( 'NONE', *, *, #2244, .T. ) ;
#1835 = ORIENTED_EDGE ( 'NONE', *, *, #2009, .F. ) ;
#1836 = FACE_BOUND ( 'NONE', #2243, .T. ) ;
#1837 = CARTESIAN_POINT ( 'NONE',  ( -5.499999999999714007, -20.36547286757769371, -1.220002147281307420E-13 ) ) ;
#1838 = ADVANCED_FACE ( 'NONE', ( #1451 ), #309, .T. ) ;
#1839 = CYLINDRICAL_SURFACE ( 'NONE', #1684, 1.000000000000004441 ) ;
#1840 = ORIENTED_EDGE ( 'NONE', *, *, #2153, .F. ) ;
#1841 = ORIENTED_EDGE ( 'NONE', *, *, #3894, .F. ) ;
#1842 = ADVANCED_FACE ( 'NONE', ( #2718, #562 ), #861, .T. ) ;
#1843 = DIRECTION ( 'NONE',  ( 1.652117596169240712E-16, -6.071532165918823253E-15, 1.000000000000000000 ) ) ;
#1844 = ORIENTED_EDGE ( 'NONE', *, *, #1660, .F. ) ;
#1845 = CARTESIAN_POINT ( 'NONE',  ( 5.324565565865702858E-13, -38.00313207658220449, -8.000000000000230926 ) ) ;
#1846 = DIRECTION ( 'NONE',  ( 1.000000000000000000, -0.000000000000000000, 8.500145032286354557E-29 ) ) ;
#1847 = DIRECTION ( 'NONE',  ( -1.000000000000000000, -1.401873053107404321E-14, 0.000000000000000000 ) ) ;
#1848 = DIRECTION ( 'NONE',  ( 0.000000000000000000, -1.000000000000000000, -5.782411586589354878E-15 ) ) ;
#1849 = ORIENTED_EDGE ( 'NONE', *, *, #1112, .T. ) ;
#1850 = CARTESIAN_POINT ( 'NONE',  ( 3.699999999999683542, 22.63452713242244130, 1.434863280969262991E-13 ) ) ;
#1851 = CARTESIAN_POINT ( 'NONE',  ( 3.840510828042734135E-13, -27.43073961835344221, -1.665466179277767904E-13 ) ) ;
#1852 = DIRECTION ( 'NONE',  ( 1.401656568589260132E-14, -1.000000000000000000, -6.071532165918824830E-15 ) ) ;
#1853 = VERTEX_POINT ( 'NONE', #50 ) ;
#1854 = EDGE_LOOP ( 'NONE', ( #2318, #913, #2307, #2884 ) ) ;
#1855 = AXIS2_PLACEMENT_3D ( 'NONE', #2499, #3087, #380 ) ;
#1856 = ADVANCED_FACE ( 'NONE', ( #2781, #414, #3047 ), #3659, .F. ) ;
#1857 = LINE ( 'NONE', #2158, #3629 ) ;
#1858 = AXIS2_PLACEMENT_3D ( 'NONE', #3406, #1977, #3144 ) ;
#1859 = EDGE_LOOP ( 'NONE', ( #2654, #3255, #813, #3595 ) ) ;
#1860 = EDGE_CURVE ( 'NONE', #3791, #2581, #470, .T. ) ;
#1861 = EDGE_CURVE ( 'NONE', #546, #661, #1271, .T. ) ;
#1862 = VECTOR ( 'NONE', #2938, 1000.000000000000000 ) ;
#1863 = CARTESIAN_POINT ( 'NONE',  ( 3.100000000000759925, -25.36547286757755515, 21.49999999999984723 ) ) ;
#1864 = EDGE_CURVE ( 'NONE', #3487, #3287, #991, .T. ) ;
#1865 = CIRCLE ( 'NONE', #2377, 1.800000000000001155 ) ;
#1866 = CARTESIAN_POINT ( 'NONE',  ( -5.500000000000316192, 22.63452713242231340, 1.434863280969253651E-13 ) ) ;
#1867 = CARTESIAN_POINT ( 'NONE',  ( -6.499999999999808153, -13.86547286757770792, -8.272825498926314544E-14 ) ) ;
#1868 = FACE_BOUND ( 'NONE', #638, .T. ) ;
#1869 = ORIENTED_EDGE ( 'NONE', *, *, #2657, .T. ) ;
#1870 = VECTOR ( 'NONE', #3117, 1000.000000000000000 ) ;
#1871 = ADVANCED_BREP_SHAPE_REPRESENTATION ( 'Link4', ( #2840, #3126 ), #3897 ) ;
#1872 = CARTESIAN_POINT ( 'NONE',  ( 2.219457617171543102E-13, -15.86547286757761910, -9.632772884300989255E-14 ) ) ;
#1873 = CARTESIAN_POINT ( 'NONE',  ( -3.668887404386605476E-13, 26.13452713242243775, -7.999999999999840128 ) ) ;
#1874 = VECTOR ( 'NONE', #3827, 1000.000000000000000 ) ;
#1875 = DIRECTION ( 'NONE',  ( -0.7071067811865477948, 0.000000000000000000, 0.7071067811865473507 ) ) ;
#1876 = VERTEX_POINT ( 'NONE', #1549 ) ;
#1877 = LOCAL_TIME ( 15, 31, 11.00000000000000000, #3365 ) ;
#1878 = ORIENTED_EDGE ( 'NONE', *, *, #504, .F. ) ;
#1879 = VECTOR ( 'NONE', #875, 1000.000000000000000 ) ;
#1880 = SPHERICAL_SURFACE ( 'NONE', #918, 1.000000000000000000 ) ;
#1881 = VECTOR ( 'NONE', #2138, 1000.000000000000000 ) ;
#1882 = ORIENTED_EDGE ( 'NONE', *, *, #561, .T. ) ;
#1883 = AXIS2_PLACEMENT_3D ( 'NONE', #824, #2706, #1438 ) ;
#1884 = DIRECTION ( 'NONE',  ( 0.8660254037844408170, 0.4999999999999962252, 0.000000000000000000 ) ) ;
#1885 = EDGE_CURVE ( 'NONE', #2721, #687, #3189, .T. ) ;
#1886 = CYLINDRICAL_SURFACE ( 'NONE', #593, 1.800000000000001155 ) ;
#1887 = CARTESIAN_POINT ( 'NONE',  ( 2.151166201460865877E-13, -15.36547286757764752, 5.499999999999904965 ) ) ;
#1888 = EDGE_CURVE ( 'NONE', #724, #5, #3259, .T. ) ;
#1889 = FACE_OUTER_BOUND ( 'NONE', #3461, .T. ) ;
#1890 = EDGE_LOOP ( 'NONE', ( #2791, #1560, #43, #2174 ) ) ;
#1891 = DIRECTION ( 'NONE',  ( -1.401873053107404321E-14, 1.000000000000000000, 6.115553587381290921E-15 ) ) ;
#1892 = DIRECTION ( 'NONE',  ( -8.439195288535822483E-29, 5.999999999999999677E-15, -1.000000000000000000 ) ) ;
#1893 = DIRECTION ( 'NONE',  ( -1.000000000000000000, -1.387778780781442047E-14, 0.000000000000000000 ) ) ;
#1894 = EDGE_LOOP ( 'NONE', ( #2707, #405, #3651, #757 ) ) ;
#1895 = ORIENTED_EDGE ( 'NONE', *, *, #3140, .T. ) ;
#1896 = FACE_OUTER_BOUND ( 'NONE', #3614, .T. ) ;
#1897 = ORIENTED_EDGE ( 'NONE', *, *, #2643, .F. ) ;
#1898 = DIRECTION ( 'NONE',  ( -1.401873053107404321E-14, 1.000000000000000000, 6.115553587381290921E-15 ) ) ;
#1899 = PERSON_AND_ORGANIZATION ( #1830, #3701 ) ;
#1900 = EDGE_CURVE ( 'NONE', #1017, #1579, #3695, .T. ) ;
#1901 = DIRECTION ( 'NONE',  ( -0.000000000000000000, -0.000000000000000000, -1.000000000000000000 ) ) ;
#1902 = CARTESIAN_POINT ( 'NONE',  ( 3.699999999999683542, 22.63452713242244130, 1.434863280969262991E-13 ) ) ;
#1903 = CARTESIAN_POINT ( 'NONE',  ( -29.81419714636372831, -31.86547286757753028, 29.09999999999998721 ) ) ;
#1904 = ORIENTED_EDGE ( 'NONE', *, *, #1688, .T. ) ;
#1905 = ADVANCED_FACE ( 'NONE', ( #975 ), #2766, .T. ) ;
#1906 = FACE_OUTER_BOUND ( 'NONE', #1317, .T. ) ;
#1907 = CARTESIAN_POINT ( 'NONE',  ( -5.499999999999784173, -15.36547286757769371, -9.164255389853663050E-14 ) ) ;
#1908 = CARTESIAN_POINT ( 'NONE',  ( 38.00000000000047606, -28.86547286757753028, -8.750000000000268230 ) ) ;
#1909 = EDGE_LOOP ( 'NONE', ( #3084, #20 ) ) ;
#1910 = ORIENTED_EDGE ( 'NONE', *, *, #2834, .F. ) ;
#1911 = ADVANCED_FACE ( 'NONE', ( #3694 ), #639, .T. ) ;
#1912 = EDGE_CURVE ( 'NONE', #1594, #2122, #1256, .T. ) ;
#1913 = CYLINDRICAL_SURFACE ( 'NONE', #529, 2.000000000000000000 ) ;
#1914 = CYLINDRICAL_SURFACE ( 'NONE', #2319, 1.000000000000002665 ) ;
#1915 = AXIS2_PLACEMENT_3D ( 'NONE', #417, #1258, #3101 ) ;
#1916 = EDGE_LOOP ( 'NONE', ( #2511, #4 ) ) ;
#1917 = DIRECTION ( 'NONE',  ( -0.000000000000000000, -1.000000000000000000, -0.000000000000000000 ) ) ;
#1918 = ORIENTED_EDGE ( 'NONE', *, *, #693, .F. ) ;
#1919 = AXIS2_PLACEMENT_3D ( 'NONE', #3878, #3083, #3360 ) ;
#1920 = CARTESIAN_POINT ( 'NONE',  ( 18.50000000000019540, -12.51461990649167788, -53.70557952810572289 ) ) ;
#1921 = CARTESIAN_POINT ( 'NONE',  ( 3.100000000000759925, -25.36547286757731356, 15.59999999999998543 ) ) ;
#1922 = CIRCLE ( 'NONE', #1419, 1.000000000000004441 ) ;
#1923 = FACE_OUTER_BOUND ( 'NONE', #1854, .T. ) ;
#1924 = EDGE_LOOP ( 'NONE', ( #3865, #2572, #595, #3668 ) ) ;
#1925 = CIRCLE ( 'NONE', #3322, 1.000000000000000444 ) ;
#1926 = DIRECTION ( 'NONE',  ( 1.000000000000000000, 0.000000000000000000, 0.000000000000000000 ) ) ;
#1927 = DIRECTION ( 'NONE',  ( -1.404021378911230461E-14, 1.000000000000000000, 6.043800637697349725E-15 ) ) ;
#1928 = AXIS2_PLACEMENT_3D ( 'NONE', #3309, #2440, #3858 ) ;
#1929 = DIRECTION ( 'NONE',  ( 1.000000000000000000, 1.456122284970662170E-14, 0.000000000000000000 ) ) ;
#1930 = ORIENTED_EDGE ( 'NONE', *, *, #2349, .T. ) ;
#1931 = EDGE_CURVE ( 'NONE', #789, #762, #2477, .T. ) ;
#1932 = ORIENTED_EDGE ( 'NONE', *, *, #2772, .F. ) ;
#1933 = VECTOR ( 'NONE', #2635, 999.9999999999998863 ) ;
#1934 = DIRECTION ( 'NONE',  ( -0.000000000000000000, -0.000000000000000000, 1.000000000000000000 ) ) ;
#1935 = EDGE_CURVE ( 'NONE', #3131, #1261, #2241, .T. ) ;
#1936 = VECTOR ( 'NONE', #2523, 1000.000000000000000 ) ;
#1937 = ORIENTED_EDGE ( 'NONE', *, *, #1268, .T. ) ;
#1938 = CIRCLE ( 'NONE', #2702, 1.000000000000005329 ) ;
#1939 = DIRECTION ( 'NONE',  ( 1.000000000000000000, 0.000000000000000000, 0.000000000000000000 ) ) ;
#1940 = CIRCLE ( 'NONE', #2881, 1.799999999999999600 ) ;
#1941 = DIRECTION ( 'NONE',  ( -0.000000000000000000, -0.000000000000000000, 1.000000000000000000 ) ) ;
#1942 = DIRECTION ( 'NONE',  ( -1.000000000000000000, -1.349229370204183541E-14, 0.000000000000000000 ) ) ;
#1943 = DIRECTION ( 'NONE',  ( 1.401656568589260132E-14, -1.000000000000000000, -6.071532165918824830E-15 ) ) ;
#1944 = VERTEX_POINT ( 'NONE', #3100 ) ;
#1945 = DIRECTION ( 'NONE',  ( -1.000000000000000000, -1.387778780781442047E-14, 0.000000000000000000 ) ) ;
#1946 = DIRECTION ( 'NONE',  ( 0.000000000000000000, -1.000000000000000000, -6.938893903907222067E-15 ) ) ;
#1947 = ORIENTED_EDGE ( 'NONE', *, *, #1324, .T. ) ;
#1948 = VERTEX_POINT ( 'NONE', #1326 ) ;
#1949 = EDGE_CURVE ( 'NONE', #3057, #2341, #3349, .T. ) ;
#1950 = CARTESIAN_POINT ( 'NONE',  ( -10.89999999999924007, -25.36547286757731712, -19.10000000000015774 ) ) ;
#1951 = CARTESIAN_POINT ( 'NONE',  ( -8.899999999999240075, -25.36547286757731712, -19.10000000000015774 ) ) ;
#1952 = ORIENTED_EDGE ( 'NONE', *, *, #2915, .T. ) ;
#1953 = ADVANCED_FACE ( 'NONE', ( #2518 ), #2212, .F. ) ;
#1954 = CARTESIAN_POINT ( 'NONE',  ( -2.899999999999743228, -29.86547286757752673, 18.09999999999988773 ) ) ;
#1955 = ORIENTED_EDGE ( 'NONE', *, *, #1576, .T. ) ;
#1956 = ORIENTED_EDGE ( 'NONE', *, *, #2289, .T. ) ;
#1957 = CARTESIAN_POINT ( 'NONE',  ( 1.799999999999681632, 22.63452713242244840, -5.499999999999855227 ) ) ;
#1958 = CARTESIAN_POINT ( 'NONE',  ( 18.50000000000019540, 19.78367417133664219, -53.70557952810572289 ) ) ;
#1959 = CARTESIAN_POINT ( 'NONE',  ( -18.99999999999960210, -31.86547286757753028, -8.750000000000268230 ) ) ;
#1960 = ORIENTED_EDGE ( 'NONE', *, *, #1825, .T. ) ;
#1961 = CARTESIAN_POINT ( 'NONE',  ( -8.899999999999240075, -25.36547286757731712, 15.59999999999998543 ) ) ;
#1962 = DIRECTION ( 'NONE',  ( -0.000000000000000000, 1.000000000000000000, -0.000000000000000000 ) ) ;
#1963 = DIRECTION ( 'NONE',  ( -0.000000000000000000, 1.000000000000000000, -0.000000000000000000 ) ) ;
#1964 = ORIENTED_EDGE ( 'NONE', *, *, #933, .T. ) ;
#1965 = VERTEX_POINT ( 'NONE', #81 ) ;
#1966 = DIRECTION ( 'NONE',  ( -1.401873053107404479E-14, 1.000000000000000000, 6.115553587381290921E-15 ) ) ;
#1967 = CARTESIAN_POINT ( 'NONE',  ( 1.800000000000215872, -15.36547286757755693, -5.500000000000089706 ) ) ;
#1968 = CARTESIAN_POINT ( 'NONE',  ( 38.00000000000046185, -30.66547286757731783, 6.350000000000103562 ) ) ;
#1969 = ORIENTED_EDGE ( 'NONE', *, *, #1089, .T. ) ;
#1970 = DIRECTION ( 'NONE',  ( 0.000000000000000000, -1.000000000000000000, -5.999999999999990211E-15 ) ) ;
#1971 = VERTEX_POINT ( 'NONE', #2532 ) ;
#1972 = EDGE_CURVE ( 'NONE', #1167, #604, #3418, .T. ) ;
#1973 = EDGE_CURVE ( 'NONE', #1339, #1407, #3065, .T. ) ;
#1974 = VERTEX_POINT ( 'NONE', #3750 ) ;
#1975 = AXIS2_PLACEMENT_3D ( 'NONE', #3544, #2045, #1455 ) ;
#1976 = APPLICATION_CONTEXT ( 'configuration controlled 3d designs of mechanical parts and assemblies' ) ;
#1977 = DIRECTION ( 'NONE',  ( 1.401656568589260132E-14, -1.000000000000000000, -6.071532165918824830E-15 ) ) ;
#1978 = CARTESIAN_POINT ( 'NONE',  ( -2.960654201974806988E-13, 21.13452713242238801, 1.297753708178962033E-13 ) ) ;
#1979 = ORIENTED_EDGE ( 'NONE', *, *, #3156, .F. ) ;
#1980 = AXIS2_PLACEMENT_3D ( 'NONE', #3524, #1722, #2295 ) ;
#1981 = EDGE_CURVE ( 'NONE', #3393, #1829, #2380, .T. ) ;
#1982 = AXIS2_PLACEMENT_3D ( 'NONE', #2711, #2723, #2398 ) ;
#1983 = DIRECTION ( 'NONE',  ( -1.000000000000000000, -1.349229370204181806E-14, 0.000000000000000000 ) ) ;
#1984 = FACE_BOUND ( 'NONE', #3459, .T. ) ;
#1985 = CARTESIAN_POINT ( 'NONE',  ( 38.00000000000047606, -28.86547286757753028, 8.750000000000264677 ) ) ;
#1986 = ORIENTED_EDGE ( 'NONE', *, *, #3580, .F. ) ;
#1987 = AXIS2_PLACEMENT_3D ( 'NONE', #3797, #1123, #1436 ) ;
#1988 = ORIENTED_EDGE ( 'NONE', *, *, #786, .F. ) ;
#1989 = CARTESIAN_POINT ( 'NONE',  ( -3.661482486269437054E-13, 26.13452713242239156, 1.601330316474903274E-13 ) ) ;
#1990 = DIRECTION ( 'NONE',  ( -0.000000000000000000, -1.000000000000000000, -0.000000000000000000 ) ) ;
#1991 = CIRCLE ( 'NONE', #3888, 1.000000000000002665 ) ;
#1992 = LINE ( 'NONE', #1968, #2818 ) ;
#1993 = ORIENTED_EDGE ( 'NONE', *, *, #1194, .T. ) ;
#1994 = AXIS2_PLACEMENT_3D ( 'NONE', #2462, #2161, #999 ) ;
#1995 = CIRCLE ( 'NONE', #622, 1.000000000000002887 ) ;
#1996 = CARTESIAN_POINT ( 'NONE',  ( -1.000000000000319966, 22.63452713242234182, 5.500000000000133227 ) ) ;
#1997 = AXIS2_PLACEMENT_3D ( 'NONE', #274, #629, #330 ) ;
#1998 = EDGE_LOOP ( 'NONE', ( #1466, #2823 ) ) ;
#1999 = ORIENTED_EDGE ( 'NONE', *, *, #165, .T. ) ;
#2000 = AXIS2_PLACEMENT_3D ( 'NONE', #2299, #161, #3503 ) ;
#2001 = CIRCLE ( 'NONE', #674, 2.000000000000001776 ) ;
#2002 = CARTESIAN_POINT ( 'NONE',  ( 13.20000000000026930, -19.86547286757732422, -18.10000000000012221 ) ) ;
#2003 = EDGE_CURVE ( 'NONE', #3118, #3339, #2574, .T. ) ;
#2004 = DIRECTION ( 'NONE',  ( 1.404021378911230461E-14, -1.000000000000000000, -6.043800637697349725E-15 ) ) ;
#2005 = AXIS2_PLACEMENT_3D ( 'NONE', #2223, #3429, #1541 ) ;
#2006 = CARTESIAN_POINT ( 'NONE',  ( -8.899999999999240075, -26.36547286757756225, 21.49999999999984013 ) ) ;
#2007 = VERTEX_POINT ( 'NONE', #3439 ) ;
#2008 = CIRCLE ( 'NONE', #1315, 1.800000000000000711 ) ;
#2009 = EDGE_CURVE ( 'NONE', #428, #1167, #1052, .T. ) ;
#2010 = CARTESIAN_POINT ( 'NONE',  ( 13.50000000000019718, 19.40247632485332474, -4.999999999999907629 ) ) ;
#2011 = CARTESIAN_POINT ( 'NONE',  ( 16.50000000000022737, -38.00313207658216186, 7.999999999999766409 ) ) ;
#2012 = EDGE_LOOP ( 'NONE', ( #1127, #2291, #212, #2814 ) ) ;
#2013 = EDGE_LOOP ( 'NONE', ( #1504, #2356, #2845, #1250 ) ) ;
#2014 = DIRECTION ( 'NONE',  ( 1.401656568589260132E-14, -1.000000000000000000, -6.071532165918824830E-15 ) ) ;
#2015 = LINE ( 'NONE', #3219, #1862 ) ;
#2016 = FACE_OUTER_BOUND ( 'NONE', #3237, .T. ) ;
#2017 = ORIENTED_EDGE ( 'NONE', *, *, #956, .F. ) ;
#2018 = DIRECTION ( 'NONE',  ( 0.000000000000000000, 0.000000000000000000, 1.000000000000000000 ) ) ;
#2019 = DIRECTION ( 'NONE',  ( -1.401656568589260132E-14, 1.000000000000000000, 6.071532165918824830E-15 ) ) ;
#2020 = ORIENTED_EDGE ( 'NONE', *, *, #886, .T. ) ;
#2021 = ORIENTED_EDGE ( 'NONE', *, *, #452, .T. ) ;
#2022 = DIRECTION ( 'NONE',  ( 9.629649721936263343E-29, -6.938893903907295431E-15, 1.000000000000000000 ) ) ;
#2023 = DIRECTION ( 'NONE',  ( 1.401656568589260132E-14, -1.000000000000000000, -6.071532165918824830E-15 ) ) ;
#2024 = VERTEX_POINT ( 'NONE', #1640 ) ;
#2025 =( NAMED_UNIT ( * ) SI_UNIT ( $, .STERADIAN. ) SOLID_ANGLE_UNIT ( ) );
#2026 = EDGE_CURVE ( 'NONE', #2899, #3548, #1809, .T. ) ;
#2027 = CARTESIAN_POINT ( 'NONE',  ( 18.50000000000019540, 19.78367417133664219, 8.000000000000000000 ) ) ;
#2028 = FACE_BOUND ( 'NONE', #1909, .T. ) ;
#2029 = CARTESIAN_POINT ( 'NONE',  ( 38.00000000000044764, -29.86547286757717856, 6.749999999999997335 ) ) ;
#2030 = ORIENTED_EDGE ( 'NONE', *, *, #1695, .T. ) ;
#2031 = ADVANCED_FACE ( 'NONE', ( #1343, #1030 ), #2253, .F. ) ;
#2032 = EDGE_CURVE ( 'NONE', #1167, #1174, #1653, .T. ) ;
#2033 = ORIENTED_EDGE ( 'NONE', *, *, #2991, .T. ) ;
#2034 = CARTESIAN_POINT ( 'NONE',  ( 2.992679724618144036E-13, -21.36547286757765107, 5.499999999999869438 ) ) ;
#2035 = LINE ( 'NONE', #192, #2551 ) ;
#2036 = CARTESIAN_POINT ( 'NONE',  ( -4.499999999999802824, -13.86547286757767949, -8.757037252555128542E-14 ) ) ;
#2037 = EDGE_CURVE ( 'NONE', #734, #2880, #1719, .T. ) ;
#2038 = ORIENTED_EDGE ( 'NONE', *, *, #2797, .F. ) ;
#2039 = DIRECTION ( 'NONE',  ( 1.387778780781444413E-14, -1.000000000000000000, 0.000000000000000000 ) ) ;
#2040 = VERTEX_POINT ( 'NONE', #3141 ) ;
#2041 = VERTEX_POINT ( 'NONE', #1364 ) ;
#2042 = LINE ( 'NONE', #3606, #1661 ) ;
#2043 = FACE_OUTER_BOUND ( 'NONE', #3704, .T. ) ;
#2044 = APPROVAL_DATE_TIME ( #3011, #3364 ) ;
#2045 = DIRECTION ( 'NONE',  ( -0.000000000000000000, -0.000000000000000000, -1.000000000000000000 ) ) ;
#2046 = AXIS2_PLACEMENT_3D ( 'NONE', #2107, #1221, #890 ) ;
#2047 = DIRECTION ( 'NONE',  ( 0.6546536707079804174, 0.3779644730092256988, -0.6546536707079748663 ) ) ;
#2048 = AXIS2_PLACEMENT_3D ( 'NONE', #3753, #2255, #3462 ) ;
#2049 = CARTESIAN_POINT ( 'NONE',  ( 6.500000000000220268, -15.36547286757752850, -8.757037252555042714E-14 ) ) ;
#2050 = ORIENTED_EDGE ( 'NONE', *, *, #3549, .T. ) ;
#2051 = ORIENTED_EDGE ( 'NONE', *, *, #2949, .F. ) ;
#2052 = VECTOR ( 'NONE', #2876, 1000.000000000000000 ) ;
#2053 = CARTESIAN_POINT ( 'NONE',  ( 8.200000000000436273, -31.86547286757753028, -1.280859158188560697E-13 ) ) ;
#2054 = CARTESIAN_POINT ( 'NONE',  ( 11.19615242270683453, 25.73260334377580349, 8.000000000000000000 ) ) ;
#2055 = EDGE_CURVE ( 'NONE', #3358, #687, #1073, .T. ) ;
#2056 = AXIS2_PLACEMENT_3D ( 'NONE', #143, #1353, #479 ) ;
#2057 = FACE_BOUND ( 'NONE', #3158, .T. ) ;
#2058 = ORIENTED_EDGE ( 'NONE', *, *, #2453, .T. ) ;
#2059 = VECTOR ( 'NONE', #3389, 1000.000000000000000 ) ;
#2060 = EDGE_CURVE ( 'NONE', #2297, #826, #1700, .T. ) ;
#2061 = LINE ( 'NONE', #3029, #2568 ) ;
#2062 = LINE ( 'NONE', #594, #1757 ) ;
#2063 = CARTESIAN_POINT ( 'NONE',  ( 13.50000000000019718, -12.13342206000865531, -53.70557952810572289 ) ) ;
#2064 = ORIENTED_EDGE ( 'NONE', *, *, #901, .T. ) ;
#2065 = CIRCLE ( 'NONE', #2183, 2.000000000000001776 ) ;
#2066 = EDGE_LOOP ( 'NONE', ( #3533, #3469 ) ) ;
#2067 = VECTOR ( 'NONE', #2648, 1000.000000000000000 ) ;
#2068 = LINE ( 'NONE', #285, #2680 ) ;
#2069 = CARTESIAN_POINT ( 'NONE',  ( 5.500000000000214939, -15.36547286757754094, -9.164255389853567124E-14 ) ) ;
#2070 = ORIENTED_EDGE ( 'NONE', *, *, #3529, .T. ) ;
#2071 = VERTEX_POINT ( 'NONE', #2550 ) ;
#2072 = AXIS2_PLACEMENT_3D ( 'NONE', #2537, #3721, #712 ) ;
#2073 = AXIS2_PLACEMENT_3D ( 'NONE', #943, #900, #2143 ) ;
#2074 = FACE_OUTER_BOUND ( 'NONE', #3155, .T. ) ;
#2075 = FACE_BOUND ( 'NONE', #2367, .T. ) ;
#2076 = AXIS2_PLACEMENT_3D ( 'NONE', #3374, #2812, #332 ) ;
#2077 = CARTESIAN_POINT ( 'NONE',  ( -8.899999999999240075, -25.36547286757731712, -15.60000000000015952 ) ) ;
#2078 = ORIENTED_EDGE ( 'NONE', *, *, #3758, .T. ) ;
#2079 = EDGE_LOOP ( 'NONE', ( #3230, #231, #3640 ) ) ;
#2080 = CARTESIAN_POINT ( 'NONE',  ( 2.151685783464588209E-13, -15.36547286757758179, -5.500000000000089706 ) ) ;
#2081 = DIRECTION ( 'NONE',  ( -1.000000000000000000, -1.349229370204183541E-14, 0.000000000000000000 ) ) ;
#2082 = DIRECTION ( 'NONE',  ( -1.401873053107404479E-14, 1.000000000000000000, 6.115553587381290921E-15 ) ) ;
#2083 = ORIENTED_EDGE ( 'NONE', *, *, #1405, .F. ) ;
#2084 = EDGE_CURVE ( 'NONE', #3130, #3177, #3328, .T. ) ;
#2085 = DIRECTION ( 'NONE',  ( 0.7071067811865473507, 0.000000000000000000, -0.7071067811865477948 ) ) ;
#2086 = LINE ( 'NONE', #3347, #3333 ) ;
#2087 = LINE ( 'NONE', #856, #1056 ) ;
#2088 = EDGE_LOOP ( 'NONE', ( #2118, #2857 ) ) ;
#2089 = EDGE_CURVE ( 'NONE', #2245, #938, #1051, .T. ) ;
#2090 = FACE_OUTER_BOUND ( 'NONE', #1439, .T. ) ;
#2091 = CARTESIAN_POINT ( 'NONE',  ( -8.899999999999240075, -25.36547286757731712, 15.59999999999998543 ) ) ;
#2092 = DIRECTION ( 'NONE',  ( -1.000000000000000000, -1.400000000000000030E-14, -9.082321863761305948E-17 ) ) ;
#2093 = FACE_OUTER_BOUND ( 'NONE', #1705, .T. ) ;
#2094 = ORIENTED_EDGE ( 'NONE', *, *, #28, .F. ) ;
#2095 = ORIENTED_EDGE ( 'NONE', *, *, #1198, .T. ) ;
#2096 = DIRECTION ( 'NONE',  ( 1.000000000000000000, 1.349229370204182752E-14, 0.000000000000000000 ) ) ;
#2097 = DIRECTION ( 'NONE',  ( 1.000000000000000000, 1.349229370204180386E-14, 0.000000000000000000 ) ) ;
#2098 = LINE ( 'NONE', #1800, #1881 ) ;
#2099 = VERTEX_POINT ( 'NONE', #1387 ) ;
#2100 = DIRECTION ( 'NONE',  ( 0.7071067811865477948, -0.000000000000000000, 0.7071067811865473507 ) ) ;
#2101 = FACE_OUTER_BOUND ( 'NONE', #3532, .T. ) ;
#2102 = VERTEX_POINT ( 'NONE', #1996 ) ;
#2103 = DIRECTION ( 'NONE',  ( 1.000000000000000000, 0.000000000000000000, -0.000000000000000000 ) ) ;
#2104 = ADVANCED_FACE ( 'NONE', ( #3222, #3157, #2230 ), #2290, .T. ) ;
#2105 = EDGE_CURVE ( 'NONE', #578, #2918, #1108, .T. ) ;
#2106 = CARTESIAN_POINT ( 'NONE',  ( 2.782668282289205435E-13, -19.86547286757761910, -1.191574479847756400E-13 ) ) ;
#2107 = CARTESIAN_POINT ( 'NONE',  ( -5.499999999999784173, -15.36547286757769371, -9.164255389853663050E-14 ) ) ;
#2108 = DIRECTION ( 'NONE',  ( -1.404021378911230461E-14, 1.000000000000000000, 6.043800637697349725E-15 ) ) ;
#2109 = ADVANCED_FACE ( 'NONE', ( #2314 ), #434, .T. ) ;
#2110 = DIRECTION ( 'NONE',  ( 1.401656568589260132E-14, -1.000000000000000000, -6.071532165918824830E-15 ) ) ;
#2111 = ORIENTED_EDGE ( 'NONE', *, *, #1817, .F. ) ;
#2112 = EDGE_LOOP ( 'NONE', ( #3045, #885, #3559, #3578 ) ) ;
#2113 = CIRCLE ( 'NONE', #1975, 1.000000000000003553 ) ;
#2114 = CARTESIAN_POINT ( 'NONE',  ( 3.100000000000759925, -25.36547286757731356, 19.09999999999998366 ) ) ;
#2115 = LINE ( 'NONE', #2137, #2621 ) ;
#2116 = CARTESIAN_POINT ( 'NONE',  ( 17.00000000000018474, -15.11269611784499922, 8.000000000000000000 ) ) ;
#2117 = AXIS2_PLACEMENT_3D ( 'NONE', #2779, #78, #722 ) ;
#2118 = ORIENTED_EDGE ( 'NONE', *, *, #1002, .F. ) ;
#2119 = AXIS2_PLACEMENT_3D ( 'NONE', #572, #2431, #331 ) ;
#2120 = DIRECTION ( 'NONE',  ( 1.751623080406021728E-46, 1.000000000000000000, 6.071532165918823253E-15 ) ) ;
#2121 = CYLINDRICAL_SURFACE ( 'NONE', #360, 2.000000000000001776 ) ;
#2122 = VERTEX_POINT ( 'NONE', #2920 ) ;
#2123 = VECTOR ( 'NONE', #2260, 1000.000000000000000 ) ;
#2124 = PLANE ( 'NONE',  #3187 ) ;
#2125 = AXIS2_PLACEMENT_3D ( 'NONE', #1643, #2321, #752 ) ;
#2126 = CALENDAR_DATE ( 2026, 24, 6 ) ;
#2127 = ADVANCED_FACE ( 'NONE', ( #3495 ), #785, .T. ) ;
#2128 = CARTESIAN_POINT ( 'NONE',  ( -2.749999999999724665, -19.86547286757765818, -1.191574479847756400E-13 ) ) ;
#2129 = LINE ( 'NONE', #2663, #409 ) ;
#2130 = CIRCLE ( 'NONE', #2820, 2.000000000000000888 ) ;
#2131 = AXIS2_PLACEMENT_3D ( 'NONE', #3849, #3218, #1148 ) ;
#2132 = CARTESIAN_POINT ( 'NONE',  ( -13.99999999999970157, -21.36547286757789621, 14.09999999999986642 ) ) ;
#2133 = ORIENTED_EDGE ( 'NONE', *, *, #194, .F. ) ;
#2134 = ORIENTED_EDGE ( 'NONE', *, *, #11, .F. ) ;
#2135 = EDGE_CURVE ( 'NONE', #3470, #1338, #1748, .T. ) ;
#2136 = FACE_OUTER_BOUND ( 'NONE', #147, .T. ) ;
#2137 = CARTESIAN_POINT ( 'NONE',  ( -0.8999999999997430056, -31.86547286757753028, 16.09999999999988418 ) ) ;
#2138 = DIRECTION ( 'NONE',  ( -0.000000000000000000, -1.000000000000000000, -0.000000000000000000 ) ) ;
#2139 = ORIENTED_EDGE ( 'NONE', *, *, #1530, .F. ) ;
#2140 = AXIS2_PLACEMENT_3D ( 'NONE', #3870, #2082, #1510 ) ;
#2141 = VERTEX_POINT ( 'NONE', #259 ) ;
#2142 = VECTOR ( 'NONE', #3864, 1000.000000000000000 ) ;
#2143 = DIRECTION ( 'NONE',  ( -1.000000000000000000, -1.387778780781442047E-14, 0.000000000000000000 ) ) ;
#2144 = EDGE_LOOP ( 'NONE', ( #2603, #3613, #1251, #1282 ) ) ;
#2145 = DIRECTION ( 'NONE',  ( 0.000000000000000000, -1.000000000000000000, -5.204170427930398406E-15 ) ) ;
#2146 = CARTESIAN_POINT ( 'NONE',  ( -3.700000000000314149, 22.63452713242233827, 1.544089832986894292E-13 ) ) ;
#2147 = DIRECTION ( 'NONE',  ( 1.401656568589260132E-14, -1.000000000000000000, -6.071532165918824830E-15 ) ) ;
#2148 = DIRECTION ( 'NONE',  ( 0.000000000000000000, -1.000000000000000000, 0.000000000000000000 ) ) ;
#2149 = ORIENTED_EDGE ( 'NONE', *, *, #793, .T. ) ;
#2150 = EDGE_CURVE ( 'NONE', #1061, #994, #914, .T. ) ;
#2151 = CARTESIAN_POINT ( 'NONE',  ( 13.20000000000040608, -29.86547286757752317, -4.750000000000001776 ) ) ;
#2152 = CARTESIAN_POINT ( 'NONE',  ( 7.300000000000286704, -20.36547286757751607, -1.220002147281298080E-13 ) ) ;
#2153 = EDGE_CURVE ( 'NONE', #3445, #2880, #2633, .T. ) ;
#2154 = DIRECTION ( 'NONE',  ( 1.000000000000000000, 1.400708396751459244E-14, -6.464807985006734697E-16 ) ) ;
#2155 = ORIENTED_EDGE ( 'NONE', *, *, #71, .F. ) ;
#2156 = ADVANCED_FACE ( 'NONE', ( #557 ), #1803, .F. ) ;
#2157 = ORIENTED_EDGE ( 'NONE', *, *, #3217, .T. ) ;
#2158 = CARTESIAN_POINT ( 'NONE',  ( -13.99999999999955413, -31.86547286757753028, -1.280859158188579630E-13 ) ) ;
#2159 = EDGE_CURVE ( 'NONE', #973, #1448, #2870, .T. ) ;
#2160 = EDGE_LOOP ( 'NONE', ( #2941, #532, #1146, #1694 ) ) ;
#2161 = DIRECTION ( 'NONE',  ( 1.000000000000000000, 1.400000000000000030E-14, 4.541160931884852426E-17 ) ) ;
#2162 = FACE_OUTER_BOUND ( 'NONE', #25, .T. ) ;
#2163 = CARTESIAN_POINT ( 'NONE',  ( 5.499999999999682920, 22.63452713242246617, 1.434863280969262991E-13 ) ) ;
#2164 = CARTESIAN_POINT ( 'NONE',  ( 16.50000000000019185, -10.40137125243979810, -8.000000000000065725 ) ) ;
#2165 = EDGE_LOOP ( 'NONE', ( #1720, #1674, #2771, #2421, #1969, #2575, #2911, #1022, #2188, #190 ) ) ;
#2166 = PLANE ( 'NONE',  #3267 ) ;
#2167 = DIRECTION ( 'NONE',  ( -1.387778780781446149E-14, 1.000000000000000000, -1.734723475976807686E-15 ) ) ;
#2168 = FACE_BOUND ( 'NONE', #296, .T. ) ;
#2169 = EDGE_LOOP ( 'NONE', ( #2400, #1380, #2835, #3437 ) ) ;
#2170 = EDGE_LOOP ( 'NONE', ( #3543, #2466, #2966, #3109 ) ) ;
#2171 = EDGE_CURVE ( 'NONE', #1543, #1538, #3575, .T. ) ;
#2172 = CARTESIAN_POINT ( 'NONE',  ( 4.500000000000580869, -41.86547286757755160, -2.511928372054652229E-13 ) ) ;
#2173 = CIRCLE ( 'NONE', #2048, 1.000000000000000888 ) ;
#2174 = ORIENTED_EDGE ( 'NONE', *, *, #1038, .F. ) ;
#2175 = EDGE_CURVE ( 'NONE', #3131, #3253, #2964, .T. ) ;
#2176 = CARTESIAN_POINT ( 'NONE',  ( 3.100000000000759925, -25.36547286757731356, 15.59999999999998543 ) ) ;
#2177 = AXIS2_PLACEMENT_3D ( 'NONE', #602, #3280, #1536 ) ;
#2178 = AXIS2_PLACEMENT_3D ( 'NONE', #1978, #2004, #160 ) ;
#2179 = CARTESIAN_POINT ( 'NONE',  ( 5.500000000000285105, -20.36547286757754094, -1.220002147281298080E-13 ) ) ;
#2180 = FACE_OUTER_BOUND ( 'NONE', #3560, .T. ) ;
#2181 = DIRECTION ( 'NONE',  ( -1.000000000000000000, -1.387778780781442047E-14, 0.000000000000000000 ) ) ;
#2182 = ORIENTED_EDGE ( 'NONE', *, *, #2323, .F. ) ;
#2183 = AXIS2_PLACEMENT_3D ( 'NONE', #2983, #2693, #2354 ) ;
#2184 = FACE_OUTER_BOUND ( 'NONE', #1924, .T. ) ;
#2185 = CARTESIAN_POINT ( 'NONE',  ( 1.000000000000218270, -15.36547286757757114, -5.500000000000086153 ) ) ;
#2186 = VECTOR ( 'NONE', #1152, 1000.000000000000000 ) ;
#2187 = CARTESIAN_POINT ( 'NONE',  ( 2.151685783464588209E-13, -15.36547286757758179, -5.500000000000089706 ) ) ;
#2188 = ORIENTED_EDGE ( 'NONE', *, *, #561, .F. ) ;
#2189 = CIRCLE ( 'NONE', #800, 1.000000000000004441 ) ;
#2190 = ORIENTED_EDGE ( 'NONE', *, *, #803, .F. ) ;
#2191 = VECTOR ( 'NONE', #663, 1000.000000000000000 ) ;
#2192 = DIRECTION ( 'NONE',  ( 0.000000000000000000, 0.000000000000000000, 1.000000000000000000 ) ) ;
#2193 = AXIS2_PLACEMENT_3D ( 'NONE', #91, #3667, #1893 ) ;
#2194 = EDGE_CURVE ( 'NONE', #3548, #278, #1429, .T. ) ;
#2195 = EDGE_LOOP ( 'NONE', ( #3304, #1106, #758, #3763 ) ) ;
#2196 = AXIS2_PLACEMENT_3D ( 'NONE', #1985, #145, #1099 ) ;
#2197 = DIRECTION ( 'NONE',  ( -1.401656568589260132E-14, 1.000000000000000000, 6.071532165918824830E-15 ) ) ;
#2198 = PERSON_AND_ORGANIZATION ( #1830, #3701 ) ;
#2199 = EDGE_CURVE ( 'NONE', #329, #1234, #2065, .T. ) ;
#2200 = CARTESIAN_POINT ( 'NONE',  ( 8.200000000000738254, -31.86547286757753028, 14.09999999999980425 ) ) ;
#2201 = DIRECTION ( 'NONE',  ( -1.000000000000000000, -1.387778780781438260E-14, 0.000000000000000000 ) ) ;
#2202 = DIRECTION ( 'NONE',  ( 0.000000000000000000, 0.000000000000000000, -1.000000000000000000 ) ) ;
#2203 = ORIENTED_EDGE ( 'NONE', *, *, #3231, .F. ) ;
#2204 = EDGE_CURVE ( 'NONE', #3656, #789, #3853, .T. ) ;
#2205 = CARTESIAN_POINT ( 'NONE',  ( 13.20000000000026752, -19.86547286757753383, 18.09999999999985576 ) ) ;
#2206 = PLANE ( 'NONE',  #3061 ) ;
#2207 = DIRECTION ( 'NONE',  ( 0.6546536707079784190, -0.3779644730092250327, 0.6546536707079771977 ) ) ;
#2208 = ORIENTED_EDGE ( 'NONE', *, *, #1217, .F. ) ;
#2209 = ORIENTED_EDGE ( 'NONE', *, *, #2003, .T. ) ;
#2210 = DIRECTION ( 'NONE',  ( 1.401656568589260132E-14, -1.000000000000000000, -6.071532165918824830E-15 ) ) ;
#2211 = ORIENTED_EDGE ( 'NONE', *, *, #2467, .T. ) ;
#2212 = CYLINDRICAL_SURFACE ( 'NONE', #3006, 1.000000000000004441 ) ;
#2213 = ORIENTED_EDGE ( 'NONE', *, *, #1401, .F. ) ;
#2214 = EDGE_CURVE ( 'NONE', #2141, #1585, #3326, .T. ) ;
#2215 = DIRECTION ( 'NONE',  ( -1.000000000000000000, -1.400000000000000188E-14, -8.500145032286357920E-29 ) ) ;
#2216 = ADVANCED_FACE ( 'NONE', ( #1134 ), #531, .F. ) ;
#2217 = FACE_BOUND ( 'NONE', #521, .T. ) ;
#2218 = CARTESIAN_POINT ( 'NONE',  ( 8.200000000000288836, -21.36547286757741659, -14.10000000000013287 ) ) ;
#2219 = ORIENTED_EDGE ( 'NONE', *, *, #3839, .T. ) ;
#2220 = DIRECTION ( 'NONE',  ( 1.401656568589260132E-14, -1.000000000000000000, -6.071532165918824830E-15 ) ) ;
#2221 = EDGE_CURVE ( 'NONE', #2122, #2728, #670, .T. ) ;
#2222 = CARTESIAN_POINT ( 'NONE',  ( -4.899999999999742784, -29.86547286757752673, 16.09999999999988418 ) ) ;
#2223 = CARTESIAN_POINT ( 'NONE',  ( 15.50000000000019718, 19.78367417133664219, -53.70557952810572289 ) ) ;
#2224 = EDGE_LOOP ( 'NONE', ( #2670, #70, #2894, #2614 ) ) ;
#2225 = EDGE_LOOP ( 'NONE', ( #1771, #2182, #1599, #13 ) ) ;
#2226 = CYLINDRICAL_SURFACE ( 'NONE', #1175, 2.999999999999999112 ) ;
#2227 = VECTOR ( 'NONE', #1122, 1000.000000000000000 ) ;
#2228 = EDGE_LOOP ( 'NONE', ( #2982, #1678 ) ) ;
#2229 = AXIS2_PLACEMENT_3D ( 'NONE', #1409, #1941, #2886 ) ;
#2230 = FACE_OUTER_BOUND ( 'NONE', #3337, .T. ) ;
#2231 = AXIS2_PLACEMENT_3D ( 'NONE', #1418, #3258, #810 ) ;
#2232 = LINE ( 'NONE', #1957, #2365 ) ;
#2233 = DIRECTION ( 'NONE',  ( 0.000000000000000000, -1.000000000000000000, -6.071532165918819308E-15 ) ) ;
#2234 = AXIS2_PLACEMENT_3D ( 'NONE', #1610, #386, #3396 ) ;
#2235 = DIRECTION ( 'NONE',  ( 1.387778780781444413E-14, -1.000000000000000000, 0.000000000000000000 ) ) ;
#2236 = EDGE_LOOP ( 'NONE', ( #2203, #1635, #3167, #3748 ) ) ;
#2237 = EDGE_CURVE ( 'NONE', #2024, #1207, #2874, .T. ) ;
#2238 = CIRCLE ( 'NONE', #99, 1.000000000000002665 ) ;
#2239 = LINE ( 'NONE', #3724, #2191 ) ;
#2240 = DIRECTION ( 'NONE',  ( 1.401656568589260132E-14, -1.000000000000000000, -6.071532165918824830E-15 ) ) ;
#2241 = CIRCLE ( 'NONE', #1994, 2.999999999999999112 ) ;
#2242 = DIRECTION ( 'NONE',  ( -0.000000000000000000, -0.000000000000000000, -1.000000000000000000 ) ) ;
#2243 = EDGE_LOOP ( 'NONE', ( #3504, #1092 ) ) ;
#2244 = EDGE_CURVE ( 'NONE', #2040, #3097, #1214, .T. ) ;
#2245 = VERTEX_POINT ( 'NONE', #1828 ) ;
#2246 = AXIS2_PLACEMENT_3D ( 'NONE', #304, #3288, #575 ) ;
#2247 = LINE ( 'NONE', #3455, #1602 ) ;
#2248 = CARTESIAN_POINT ( 'NONE',  ( 11.19615242270618438, 20.73260334377617298, -53.70557952810572999 ) ) ;
#2249 = LOCAL_TIME ( 15, 31, 11.00000000000000000, #2928 ) ;
#2250 = VECTOR ( 'NONE', #1441, 1000.000000000000000 ) ;
#2251 = EDGE_LOOP ( 'NONE', ( #1054, #246, #917, #1147 ) ) ;
#2252 = VECTOR ( 'NONE', #79, 1000.000000000000000 ) ;
#2253 = PLANE ( 'NONE',  #2942 ) ;
#2254 = ORIENTED_EDGE ( 'NONE', *, *, #2289, .F. ) ;
#2255 = DIRECTION ( 'NONE',  ( -1.000000000000000000, -1.400708396751459244E-14, 6.464807985006734697E-16 ) ) ;
#2256 = CARTESIAN_POINT ( 'NONE',  ( 2.992502625430267833E-13, -31.86547286757753028, -14.10000000000019504 ) ) ;
#2257 = CYLINDRICAL_SURFACE ( 'NONE', #3760, 1.000000000000000888 ) ;
#2258 = ORIENTED_EDGE ( 'NONE', *, *, #1788, .T. ) ;
#2259 = CARTESIAN_POINT ( 'NONE',  ( -18.99999999999960210, -28.86547286757832964, 8.750000000000264677 ) ) ;
#2260 = DIRECTION ( 'NONE',  ( 1.000000000000000000, 1.400708396751458928E-14, -3.494490802706885504E-31 ) ) ;
#2261 = FACE_OUTER_BOUND ( 'NONE', #1547, .T. ) ;
#2262 = EDGE_LOOP ( 'NONE', ( #1183, #698, #1760, #2976 ) ) ;
#2263 = ORIENTED_EDGE ( 'NONE', *, *, #1219, .F. ) ;
#2264 = DIRECTION ( 'NONE',  ( 0.000000000000000000, 0.000000000000000000, -1.000000000000000000 ) ) ;
#2265 = CARTESIAN_POINT ( 'NONE',  ( 13.50000000000019718, 19.40247632485361962, -4.999999999999920952 ) ) ;
#2266 = EDGE_CURVE ( 'NONE', #1275, #1778, #2061, .T. ) ;
#2267 = ADVANCED_FACE ( 'NONE', ( #1531 ), #3240, .T. ) ;
#2268 = DIRECTION ( 'NONE',  ( 1.000000000000000000, 1.404299956743129740E-14, -1.652117596168388002E-16 ) ) ;
#2269 = EDGE_LOOP ( 'NONE', ( #1649, #983, #2873 ) ) ;
#2270 = EDGE_CURVE ( 'NONE', #1974, #1029, #2843, .T. ) ;
#2271 = CARTESIAN_POINT ( 'NONE',  ( 13.20000000000043627, -31.86547286757752317, -4.750000000000001776 ) ) ;
#2272 = VERTEX_POINT ( 'NONE', #3269 ) ;
#2273 = EDGE_CURVE ( 'NONE', #1876, #3791, #2672, .T. ) ;
#2274 = ORIENTED_EDGE ( 'NONE', *, *, #1741, .T. ) ;
#2275 = CARTESIAN_POINT ( 'NONE',  ( 1.100000000000759259, -25.36547286757731356, -15.60000000000015952 ) ) ;
#2276 = DIRECTION ( 'NONE',  ( 0.8660254037844404840, -0.4999999999999969469, 0.000000000000000000 ) ) ;
#2277 = VERTEX_POINT ( 'NONE', #559 ) ;
#2278 = LINE ( 'NONE', #1959, #997 ) ;
#2279 = ORIENTED_EDGE ( 'NONE', *, *, #1931, .F. ) ;
#2280 = DIRECTION ( 'NONE',  ( -8.326672684688673325E-29, 5.999999999999999677E-15, -1.000000000000000000 ) ) ;
#2281 = DIRECTION ( 'NONE',  ( -1.000000000000000000, -1.400708396751458928E-14, 3.363116314379560970E-44 ) ) ;
#2282 = DIRECTION ( 'NONE',  ( -1.000000000000000000, -1.387778780781438260E-14, 0.000000000000000000 ) ) ;
#2283 = ORIENTED_EDGE ( 'NONE', *, *, #3313, .T. ) ;
#2284 = ORIENTED_EDGE ( 'NONE', *, *, #1860, .F. ) ;
#2285 = LINE ( 'NONE', #550, #869 ) ;
#2286 = CARTESIAN_POINT ( 'NONE',  ( 13.50000000000019718, 19.40247632485361962, -53.70557952810572289 ) ) ;
#2287 = DIRECTION ( 'NONE',  ( 0.000000000000000000, -1.000000000000000000, -5.204170427930416550E-15 ) ) ;
#2288 = ORIENTED_EDGE ( 'NONE', *, *, #2175, .T. ) ;
#2289 = EDGE_CURVE ( 'NONE', #1543, #3223, #2087, .T. ) ;
#2290 = PLANE ( 'NONE',  #3821 ) ;
#2291 = ORIENTED_EDGE ( 'NONE', *, *, #2037, .T. ) ;
#2292 = ORIENTED_EDGE ( 'NONE', *, *, #2797, .T. ) ;
#2293 = EDGE_CURVE ( 'NONE', #591, #3548, #2379, .T. ) ;
#2294 = AXIS2_PLACEMENT_3D ( 'NONE', #2424, #1535, #3296 ) ;
#2295 = DIRECTION ( 'NONE',  ( 0.000000000000000000, 1.000000000000000000, 6.071532165918798009E-15 ) ) ;
#2296 = FACE_OUTER_BOUND ( 'NONE', #3020, .T. ) ;
#2297 = VERTEX_POINT ( 'NONE', #3854 ) ;
#2298 = VECTOR ( 'NONE', #3857, 1000.000000000000000 ) ;
#2299 = CARTESIAN_POINT ( 'NONE',  ( 9.696152422706839857, 18.13452713242247683, 8.000000000000110134 ) ) ;
#2300 = VERTEX_POINT ( 'NONE', #261 ) ;
#2301 = CIRCLE ( 'NONE', #2859, 2.000000000000001776 ) ;
#2302 = DIRECTION ( 'NONE',  ( -1.000000000000000000, -1.387778780781027264E-14, 0.000000000000000000 ) ) ;
#2303 = DIRECTION ( 'NONE',  ( -1.000000000000000000, -1.387778780781445044E-14, 0.000000000000000000 ) ) ;
#2304 = FACE_OUTER_BOUND ( 'NONE', #2165, .T. ) ;
#2305 = VERTEX_POINT ( 'NONE', #3584 ) ;
#2306 = VECTOR ( 'NONE', #2240, 1000.000000000000000 ) ;
#2307 = ORIENTED_EDGE ( 'NONE', *, *, #2084, .F. ) ;
#2308 = DIRECTION ( 'NONE',  ( -1.000000000000000000, -1.349229370204183541E-14, 0.000000000000000000 ) ) ;
#2309 = CARTESIAN_POINT ( 'NONE',  ( -13.99999999999955413, -31.86547286757753028, -14.10000000000032827 ) ) ;
#2310 = LINE ( 'NONE', #2631, #3136 ) ;
#2311 = ORIENTED_EDGE ( 'NONE', *, *, #3669, .T. ) ;
#2312 = VECTOR ( 'NONE', #3675, 1000.000000000000000 ) ;
#2313 = CIRCLE ( 'NONE', #2327, 1.799999999999999600 ) ;
#2314 = FACE_OUTER_BOUND ( 'NONE', #116, .T. ) ;
#2315 = AXIS2_PLACEMENT_3D ( 'NONE', #2985, #1447, #2264 ) ;
#2316 = EDGE_CURVE ( 'NONE', #938, #2245, #3262, .T. ) ;
#2317 = ORIENTED_EDGE ( 'NONE', *, *, #53, .F. ) ;
#2318 = ORIENTED_EDGE ( 'NONE', *, *, #3068, .F. ) ;
#2319 = AXIS2_PLACEMENT_3D ( 'NONE', #2460, #3115, #3137 ) ;
#2320 = DIRECTION ( 'NONE',  ( 0.000000000000000000, 0.000000000000000000, -1.000000000000000000 ) ) ;
#2321 = DIRECTION ( 'NONE',  ( 1.400708396751458928E-14, -1.000000000000000000, -5.994332430076922692E-15 ) ) ;
#2322 = EDGE_CURVE ( 'NONE', #3052, #1693, #1470, .T. ) ;
#2323 = EDGE_CURVE ( 'NONE', #833, #3177, #3875, .T. ) ;
#2324 = ORIENTED_EDGE ( 'NONE', *, *, #2135, .T. ) ;
#2325 = CIRCLE ( 'NONE', #1312, 2.999999999999999112 ) ;
#2326 = CARTESIAN_POINT ( 'NONE',  ( 12.20000000000026930, -19.86547286757732422, -19.10000000000012577 ) ) ;
#2327 = AXIS2_PLACEMENT_3D ( 'NONE', #2681, #3316, #2645 ) ;
#2328 = DIRECTION ( 'NONE',  ( -1.400000000000000030E-14, 1.000000000000000000, 5.999999999999998889E-15 ) ) ;
#2329 = CARTESIAN_POINT ( 'NONE',  ( 2.671204686878123604E-13, -19.06970698461732638, -1.143873627457979988E-13 ) ) ;
#2330 = VERTEX_POINT ( 'NONE', #1743 ) ;
#2331 = EDGE_LOOP ( 'NONE', ( #2395, #3123, #3596, #3860 ) ) ;
#2332 = CARTESIAN_POINT ( 'NONE',  ( -8.899999999999240075, -26.36547286757735264, -14.10000000000016307 ) ) ;
#2333 = CARTESIAN_POINT ( 'NONE',  ( 10.50000000000019895, 26.13452713242248393, 8.000000000000000000 ) ) ;
#2334 = DIRECTION ( 'NONE',  ( -1.401873053107404479E-14, 1.000000000000000000, 6.115553587381290921E-15 ) ) ;
#2335 = VERTEX_POINT ( 'NONE', #3290 ) ;
#2336 = DIRECTION ( 'NONE',  ( 1.000000000000000000, 1.349229370204180386E-14, 0.000000000000000000 ) ) ;
#2337 = ORIENTED_EDGE ( 'NONE', *, *, #1935, .T. ) ;
#2338 = VERTEX_POINT ( 'NONE', #577 ) ;
#2339 = DIRECTION ( 'NONE',  ( -8.267618268485209497E-29, -1.157466557587929383E-42, 1.000000000000000000 ) ) ;
#2340 = DIRECTION ( 'NONE',  ( -1.000000000000000000, -1.349229370204181806E-14, 0.000000000000000000 ) ) ;
#2341 = VERTEX_POINT ( 'NONE', #1785 ) ;
#2342 = APPLICATION_PROTOCOL_DEFINITION ( 'international standard', 'config_control_design', 1994, #1976 ) ;
#2343 = CARTESIAN_POINT ( 'NONE',  ( 38.00000000000046185, -30.66547286757731783, -6.350000000000108891 ) ) ;
#2344 = EDGE_CURVE ( 'NONE', #1971, #1853, #1502, .T. ) ;
#2345 = DIRECTION ( 'NONE',  ( -1.401873053107404321E-14, 1.000000000000000000, 6.115553587381290921E-15 ) ) ;
#2346 = CYLINDRICAL_SURFACE ( 'NONE', #1376, 2.000000000000000888 ) ;
#2347 = ORIENTED_EDGE ( 'NONE', *, *, #269, .T. ) ;
#2348 = ORIENTED_EDGE ( 'NONE', *, *, #498, .T. ) ;
#2349 = EDGE_CURVE ( 'NONE', #3177, #2272, #3757, .T. ) ;
#2350 = DIRECTION ( 'NONE',  ( 1.401656568589260132E-14, -1.000000000000000000, -6.071532165918824830E-15 ) ) ;
#2351 = CARTESIAN_POINT ( 'NONE',  ( 9.696152422706797225, 21.13452713242247683, 8.000000000000126121 ) ) ;
#2352 = CYLINDRICAL_SURFACE ( 'NONE', #556, 2.999999999999999112 ) ;
#2353 = VERTEX_POINT ( 'NONE', #3783 ) ;
#2354 = DIRECTION ( 'NONE',  ( 1.387778780781444413E-14, -1.000000000000000000, -1.734723475976805517E-15 ) ) ;
#2355 = DIRECTION ( 'NONE',  ( 1.401656568589260132E-14, -1.000000000000000000, -6.071532165918824830E-15 ) ) ;
#2356 = ORIENTED_EDGE ( 'NONE', *, *, #1066, .F. ) ;
#2357 = ORIENTED_EDGE ( 'NONE', *, *, #3088, .F. ) ;
#2358 = DIRECTION ( 'NONE',  ( -1.224646799146513563E-16, -5.994332430076924270E-15, 1.000000000000000000 ) ) ;
#2359 = FACE_OUTER_BOUND ( 'NONE', #1119, .T. ) ;
#2360 = EDGE_LOOP ( 'NONE', ( #2531, #1956, #1322, #2017 ) ) ;
#2361 = DIRECTION ( 'NONE',  ( 4.541160931876460302E-17, 5.994332430076923481E-15, -1.000000000000000000 ) ) ;
#2362 = LINE ( 'NONE', #2343, #398 ) ;
#2363 = CARTESIAN_POINT ( 'NONE',  ( -1.000000000000369038, 26.13452713242234182, 5.500000000000158096 ) ) ;
#2364 = CARTESIAN_POINT ( 'NONE',  ( -5.499999999999700684, -21.36547286757769371, -1.280717468940495669E-13 ) ) ;
#2365 = VECTOR ( 'NONE', #159, 1000.000000000000000 ) ;
#2366 = CYLINDRICAL_SURFACE ( 'NONE', #798, 1.000000000000003331 ) ;
#2367 = EDGE_LOOP ( 'NONE', ( #510, #2782 ) ) ;
#2368 = ADVANCED_FACE ( 'NONE', ( #3514 ), #3471, .T. ) ;
#2369 = VERTEX_POINT ( 'NONE', #3552 ) ;
#2370 = VECTOR ( 'NONE', #2833, 1000.000000000000000 ) ;
#2371 = CARTESIAN_POINT ( 'NONE',  ( 11.19615242270680255, -13.46354907893085340, 7.999999999999923617 ) ) ;
#2372 = CARTESIAN_POINT ( 'NONE',  ( 13.50000000000019718, 19.40247632485361962, -53.70557952810572289 ) ) ;
#2373 = AXIS2_PLACEMENT_3D ( 'NONE', #3843, #2281, #1080 ) ;
#2374 = DIRECTION ( 'NONE',  ( -1.000000000000000000, -1.400000000000000030E-14, -8.439860315745316907E-29 ) ) ;
#2375 = EDGE_CURVE ( 'NONE', #990, #2899, #523, .T. ) ;
#2376 = ORIENTED_EDGE ( 'NONE', *, *, #2105, .T. ) ;
#2377 = AXIS2_PLACEMENT_3D ( 'NONE', #3776, #2023, #2618 ) ;
#2378 = CARTESIAN_POINT ( 'NONE',  ( -13.99999999999955413, -31.86547286757753028, -1.280859158188579630E-13 ) ) ;
#2379 = LINE ( 'NONE', #2965, #2186 ) ;
#2380 = CIRCLE ( 'NONE', #1302, 2.000000000000000888 ) ;
#2381 = CC_DESIGN_PERSON_AND_ORGANIZATION_ASSIGNMENT ( #1497, #266, ( #795 ) ) ;
#2382 = ORIENTED_EDGE ( 'NONE', *, *, #2214, .T. ) ;
#2383 = VECTOR ( 'NONE', #1761, 999.9999999999998863 ) ;
#2384 = DIRECTION ( 'NONE',  ( -1.000000000000000000, -1.387778780781444413E-14, 0.000000000000000000 ) ) ;
#2385 = DIRECTION ( 'NONE',  ( 1.000000000000000000, 1.400000000000000030E-14, 8.439860315745316907E-29 ) ) ;
#2386 = FACE_OUTER_BOUND ( 'NONE', #2112, .T. ) ;
#2387 = DIRECTION ( 'NONE',  ( 1.000000000000000000, 1.400000000000000188E-14, 8.500145032286354557E-29 ) ) ;
#2388 = CC_DESIGN_APPROVAL ( #3274, ( #359 ) ) ;
#2389 = CIRCLE ( 'NONE', #1253, 2.000000000000000888 ) ;
#2390 = CARTESIAN_POINT ( 'NONE',  ( 2.992679724618144036E-13, -21.36547286757765107, 5.499999999999869438 ) ) ;
#2391 = CARTESIAN_POINT ( 'NONE',  ( -6.899999999999239186, -25.36547286757731712, -15.60000000000015952 ) ) ;
#2392 = CIRCLE ( 'NONE', #677, 1.000000000000002665 ) ;
#2393 = CARTESIAN_POINT ( 'NONE',  ( 3.100000000000759925, -25.36547286757731356, -19.10000000000015774 ) ) ;
#2394 = VERTEX_POINT ( 'NONE', #3489 ) ;
#2395 = ORIENTED_EDGE ( 'NONE', *, *, #3458, .F. ) ;
#2396 = AXIS2_PLACEMENT_3D ( 'NONE', #382, #108, #2181 ) ;
#2397 = CYLINDRICAL_SURFACE ( 'NONE', #1997, 1.000000000000301537 ) ;
#2398 = DIRECTION ( 'NONE',  ( 0.000000000000000000, 1.000000000000000000, 5.782411586589358822E-15 ) ) ;
#2399 = DIRECTION ( 'NONE',  ( -1.400000000000000030E-14, 1.000000000000000000, 5.999999999999998889E-15 ) ) ;
#2400 = ORIENTED_EDGE ( 'NONE', *, *, #803, .T. ) ;
#2401 = EDGE_CURVE ( 'NONE', #3852, #2102, #416, .T. ) ;
#2402 = EDGE_CURVE ( 'NONE', #2543, #682, #2569, .T. ) ;
#2403 = DIRECTION ( 'NONE',  ( 1.000000000000000000, -0.000000000000000000, 8.500145032286354557E-29 ) ) ;
#2404 = CARTESIAN_POINT ( 'NONE',  ( 7.299999999999633005, 26.13452713242249104, 1.544089832986903632E-13 ) ) ;
#2405 = ORIENTED_EDGE ( 'NONE', *, *, #2617, .T. ) ;
#2406 = EDGE_CURVE ( 'NONE', #491, #333, #1102, .T. ) ;
#2407 = DIRECTION ( 'NONE',  ( 0.000000000000000000, 1.000000000000000000, 0.000000000000000000 ) ) ;
#2408 = DIRECTION ( 'NONE',  ( -1.000000000000000000, -1.387778780781441731E-14, 0.000000000000000000 ) ) ;
#2409 = DIRECTION ( 'NONE',  ( 1.046816977530884289E-14, -6.043800637697202997E-15, 1.000000000000000000 ) ) ;
#2410 = PLANE ( 'NONE',  #3882 ) ;
#2411 = DIRECTION ( 'NONE',  ( -1.000000000000000000, -1.387778780781441731E-14, 0.000000000000000000 ) ) ;
#2412 = VERTEX_POINT ( 'NONE', #1417 ) ;
#2413 = ORIENTED_EDGE ( 'NONE', *, *, #2898, .T. ) ;
#2414 = CARTESIAN_POINT ( 'NONE',  ( 3.100000000000759925, -25.36547286757734199, -14.10000000000015774 ) ) ;
#2415 = CYLINDRICAL_SURFACE ( 'NONE', #3179, 2.144395624589431115 ) ;
#2416 = CYLINDRICAL_SURFACE ( 'NONE', #3766, 1.000000000000000888 ) ;
#2417 = ORIENTED_EDGE ( 'NONE', *, *, #3580, .T. ) ;
#2418 = DIRECTION ( 'NONE',  ( -1.000000000000000000, -1.387778780781443782E-14, 0.000000000000000000 ) ) ;
#2419 = CARTESIAN_POINT ( 'NONE',  ( -18.99999999999937828, -44.86547286757777897, -18.10000000000027498 ) ) ;
#2420 = EDGE_CURVE ( 'NONE', #902, #3339, #357, .T. ) ;
#2421 = ORIENTED_EDGE ( 'NONE', *, *, #509, .T. ) ;
#2422 = LINE ( 'NONE', #920, #1245 ) ;
#2423 = EDGE_CURVE ( 'NONE', #3151, #649, #3698, .T. ) ;
#2424 = CARTESIAN_POINT ( 'NONE',  ( 3.100000000000759925, -25.36547286757733133, -15.60000000000015952 ) ) ;
#2425 = CARTESIAN_POINT ( 'NONE',  ( 5.499999999999634070, 26.13452713242246617, 1.601330316474907818E-13 ) ) ;
#2426 = VECTOR ( 'NONE', #1846, 1000.000000000000000 ) ;
#2427 = CARTESIAN_POINT ( 'NONE',  ( 2.759515649958916783E-13, -18.86547286757772568, 18.09999999999987352 ) ) ;
#2428 = VERTEX_POINT ( 'NONE', #3233 ) ;
#2429 = CIRCLE ( 'NONE', #3243, 1.000000000000002887 ) ;
#2430 = CYLINDRICAL_SURFACE ( 'NONE', #729, 2.000000000000000888 ) ;
#2431 = DIRECTION ( 'NONE',  ( -1.000000000000000000, -1.400000000000000030E-14, -9.082321863761305948E-17 ) ) ;
#2432 = FACE_BOUND ( 'NONE', #3282, .T. ) ;
#2433 = EDGE_LOOP ( 'NONE', ( #2638, #307, #3774, #1088 ) ) ;
#2434 = ORIENTED_EDGE ( 'NONE', *, *, #2270, .T. ) ;
#2435 = AXIS2_PLACEMENT_3D ( 'NONE', #1616, #375, #2817 ) ;
#2436 = CARTESIAN_POINT ( 'NONE',  ( -3.655232388764843703E-13, 26.13452713242239156, 1.591997905188194721E-13 ) ) ;
#2437 = VERTEX_POINT ( 'NONE', #847 ) ;
#2438 = CIRCLE ( 'NONE', #96, 2.000000000000001776 ) ;
#2439 = EDGE_CURVE ( 'NONE', #3510, #1136, #1084, .T. ) ;
#2440 = DIRECTION ( 'NONE',  ( -0.000000000000000000, 1.000000000000000000, -0.000000000000000000 ) ) ;
#2441 = CIRCLE ( 'NONE', #725, 1.799999999999999600 ) ;
#2442 = VECTOR ( 'NONE', #903, 1000.000000000000000 ) ;
#2443 = EDGE_CURVE ( 'NONE', #2369, #109, #2285, .T. ) ;
#2444 = CYLINDRICAL_SURFACE ( 'NONE', #1098, 1.000000000000004441 ) ;
#2445 = EDGE_CURVE ( 'NONE', #3223, #514, #2751, .T. ) ;
#2446 = DIRECTION ( 'NONE',  ( 1.401656568589260132E-14, -1.000000000000000000, -6.071532165918824830E-15 ) ) ;
#2447 = CC_DESIGN_APPROVAL ( #3364, ( #2495 ) ) ;
#2448 = VECTOR ( 'NONE', #282, 1000.000000000000000 ) ;
#2449 = DIRECTION ( 'NONE',  ( -1.000000000000000000, -1.387778780781443782E-14, 0.000000000000000000 ) ) ;
#2450 = ORIENTED_EDGE ( 'NONE', *, *, #2733, .T. ) ;
#2451 = AXIS2_PLACEMENT_3D ( 'NONE', #1215, #1843, #2745 ) ;
#2452 = CARTESIAN_POINT ( 'NONE',  ( -18.99999999999924327, -31.86547286757753028, 19.09999999999980957 ) ) ;
#2453 = EDGE_CURVE ( 'NONE', #374, #157, #207, .T. ) ;
#2454 = LINE ( 'NONE', #1558, #719 ) ;
#2455 = EDGE_CURVE ( 'NONE', #483, #2341, #3069, .T. ) ;
#2456 = DIRECTION ( 'NONE',  ( -8.345426451996534694E-29, 5.999999999999999677E-15, -1.000000000000000000 ) ) ;
#2457 = ORIENTED_EDGE ( 'NONE', *, *, #3669, .F. ) ;
#2458 = VECTOR ( 'NONE', #3638, 1000.000000000000114 ) ;
#2459 = ORIENTED_EDGE ( 'NONE', *, *, #221, .T. ) ;
#2460 = CARTESIAN_POINT ( 'NONE',  ( -5.499999999999412914, -41.86547286757769371, -2.511928372054661822E-13 ) ) ;
#2461 = ORIENTED_EDGE ( 'NONE', *, *, #2316, .F. ) ;
#2462 = CARTESIAN_POINT ( 'NONE',  ( 13.20000000000039542, -28.86547286757787845, 8.750000000000264677 ) ) ;
#2463 = FACE_OUTER_BOUND ( 'NONE', #2160, .T. ) ;
#2464 = PLANE ( 'NONE',  #1110 ) ;
#2465 = DIRECTION ( 'NONE',  ( 0.000000000000000000, -1.000000000000000000, -5.782411586589358822E-15 ) ) ;
#2466 = ORIENTED_EDGE ( 'NONE', *, *, #2089, .F. ) ;
#2467 = EDGE_CURVE ( 'NONE', #1174, #428, #2628, .T. ) ;
#2468 = DIRECTION ( 'NONE',  ( -1.401873053107404321E-14, 1.000000000000000000, 6.115553587381290921E-15 ) ) ;
#2469 = CYLINDRICAL_SURFACE ( 'NONE', #1802, 1.800000000000003819 ) ;
#2470 = CARTESIAN_POINT ( 'NONE',  ( -2.144395624589164218, -19.06970698461735836, -1.151623323462590163E-13 ) ) ;
#2471 = EDGE_LOOP ( 'NONE', ( #133, #92, #3539, #2405 ) ) ;
#2472 = ADVANCED_FACE ( 'NONE', ( #2895 ), #191, .F. ) ;
#2473 = ORIENTED_EDGE ( 'NONE', *, *, #2536, .F. ) ;
#2474 = LINE ( 'NONE', #2698, #3494 ) ;
#2475 = LINE ( 'NONE', #3672, #2252 ) ;
#2476 = EDGE_LOOP ( 'NONE', ( #1224, #1707, #2459, #1388 ) ) ;
#2477 = LINE ( 'NONE', #2822, #158 ) ;
#2478 = DIRECTION ( 'NONE',  ( 1.000000000000000000, 1.400000000000000030E-14, 8.439860315745316907E-29 ) ) ;
#2479 = DIRECTION ( 'NONE',  ( -1.401873053107404321E-14, 1.000000000000000000, 6.115553587381290921E-15 ) ) ;
#2480 = CARTESIAN_POINT ( 'NONE',  ( 1.799999999999681410, 22.63452713242244840, -5.499999999999843681 ) ) ;
#2481 = ORIENTED_EDGE ( 'NONE', *, *, #581, .F. ) ;
#2482 = CARTESIAN_POINT ( 'NONE',  ( -3.178687913578073485E-13, 22.63452713242235603, 5.500000000000141220 ) ) ;
#2483 = PLANE ( 'NONE',  #3249 ) ;
#2484 = EDGE_CURVE ( 'NONE', #440, #1017, #2605, .T. ) ;
#2485 = DIRECTION ( 'NONE',  ( 1.000000000000000000, 1.387778780781438260E-14, 0.000000000000000000 ) ) ;
#2486 = ORIENTED_EDGE ( 'NONE', *, *, #926, .F. ) ;
#2487 = ORIENTED_EDGE ( 'NONE', *, *, #972, .F. ) ;
#2488 = CIRCLE ( 'NONE', #1657, 2.999999999999999112 ) ;
#2489 = FACE_OUTER_BOUND ( 'NONE', #2262, .T. ) ;
#2490 = EDGE_CURVE ( 'NONE', #990, #1815, #302, .T. ) ;
#2491 = AXIS2_PLACEMENT_3D ( 'NONE', #768, #3501, #2578 ) ;
#2492 = VERTEX_POINT ( 'NONE', #2332 ) ;
#2493 = AXIS2_PLACEMENT_3D ( 'NONE', #848, #176, #209 ) ;
#2494 = CARTESIAN_POINT ( 'NONE',  ( -3.669343482165665092E-13, 26.13452713242235603, 5.500000000000162537 ) ) ;
#2495 = PRODUCT_DEFINITION ( '未知', '', #548, #782 ) ;
#2496 = AXIS2_PLACEMENT_3D ( 'NONE', #3055, #60, #2081 ) ;
#2497 = ORIENTED_EDGE ( 'NONE', *, *, #555, .T. ) ;
#2498 = CIRCLE ( 'NONE', #227, 2.000000000000001776 ) ;
#2499 = CARTESIAN_POINT ( 'NONE',  ( -5.500000000000365930, 26.13452713242231340, 1.601330316474898478E-13 ) ) ;
#2500 = CARTESIAN_POINT ( 'NONE',  ( 5.500000000000586198, -41.86547286757753739, -2.511928372054652229E-13 ) ) ;
#2501 = CARTESIAN_POINT ( 'NONE',  ( -6.899999999999239186, -25.36547286757731712, -15.60000000000015952 ) ) ;
#2502 = EDGE_LOOP ( 'NONE', ( #1529, #2725 ) ) ;
#2503 = AXIS2_PLACEMENT_3D ( 'NONE', #2658, #1519, #3563 ) ;
#2504 = CARTESIAN_POINT ( 'NONE',  ( -17.99999999999972999, -19.86547286757798148, 18.09999999999988063 ) ) ;
#2505 = AXIS2_PLACEMENT_3D ( 'NONE', #3885, #1163, #3017 ) ;
#2506 = DIRECTION ( 'NONE',  ( -1.000000000000000000, -1.400000000000000030E-14, -8.267618268485208376E-29 ) ) ;
#2507 = VECTOR ( 'NONE', #3305, 1000.000000000000000 ) ;
#2508 = FACE_BOUND ( 'NONE', #2502, .T. ) ;
#2509 = EDGE_LOOP ( 'NONE', ( #1154, #121 ) ) ;
#2510 = LOCAL_TIME ( 15, 31, 11.00000000000000000, #1411 ) ;
#2511 = ORIENTED_EDGE ( 'NONE', *, *, #3264, .F. ) ;
#2512 = CIRCLE ( 'NONE', #3271, 1.000000000000002665 ) ;
#2513 = DIRECTION ( 'NONE',  ( -1.000000000000000000, 0.000000000000000000, 0.000000000000000000 ) ) ;
#2514 = VERTEX_POINT ( 'NONE', #3534 ) ;
#2515 = ADVANCED_FACE ( 'NONE', ( #2999 ), #2430, .F. ) ;
#2516 = EDGE_CURVE ( 'NONE', #1693, #1189, #2687, .T. ) ;
#2517 = CIRCLE ( 'NONE', #2505, 1.000000000000004441 ) ;
#2518 = FACE_OUTER_BOUND ( 'NONE', #2922, .T. ) ;
#2519 = ORIENTED_EDGE ( 'NONE', *, *, #122, .T. ) ;
#2520 = EDGE_CURVE ( 'NONE', #2651, #1325, #1209, .T. ) ;
#2521 = CARTESIAN_POINT ( 'NONE',  ( -18.99999999999959499, -29.86547286757797437, 4.749999999999997335 ) ) ;
#2522 = CARTESIAN_POINT ( 'NONE',  ( 5.500000000000285105, -20.36547286757754094, -1.220002147281298080E-13 ) ) ;
#2523 = DIRECTION ( 'NONE',  ( 1.400000000000000030E-14, -1.000000000000000000, -5.999999999999998889E-15 ) ) ;
#2524 = ORIENTED_EDGE ( 'NONE', *, *, #2683, .F. ) ;
#2525 = CARTESIAN_POINT ( 'NONE',  ( -6.899999999999239186, -25.36547286757731712, 15.59999999999998543 ) ) ;
#2526 = DIRECTION ( 'NONE',  ( 1.000000000000000000, 1.400000000000000030E-14, 8.267618268485208376E-29 ) ) ;
#2527 = FACE_OUTER_BOUND ( 'NONE', #1859, .T. ) ;
#2528 = VERTEX_POINT ( 'NONE', #2710 ) ;
#2529 = ORIENTED_EDGE ( 'NONE', *, *, #1002, .T. ) ;
#2530 = DIRECTION ( 'NONE',  ( -1.000000000000000000, -1.387778780781442047E-14, 0.000000000000000000 ) ) ;
#2531 = ORIENTED_EDGE ( 'NONE', *, *, #2171, .F. ) ;
#2532 = CARTESIAN_POINT ( 'NONE',  ( -18.99999999999956657, -31.86547286757753028, 18.09999999999980247 ) ) ;
#2533 = EDGE_CURVE ( 'NONE', #2071, #440, #3009, .T. ) ;
#2534 = FACE_OUTER_BOUND ( 'NONE', #3191, .T. ) ;
#2535 = DIRECTION ( 'NONE',  ( 1.401656568589260132E-14, -1.000000000000000000, -6.071532165918824830E-15 ) ) ;
#2536 = EDGE_CURVE ( 'NONE', #1853, #520, #1779, .T. ) ;
#2537 = CARTESIAN_POINT ( 'NONE',  ( 38.00000000000047606, -31.86547286757717501, -4.750000000000001776 ) ) ;
#2538 = VERTEX_POINT ( 'NONE', #895 ) ;
#2539 = FACE_OUTER_BOUND ( 'NONE', #871, .T. ) ;
#2540 = LINE ( 'NONE', #737, #2626 ) ;
#2541 = CC_DESIGN_SECURITY_CLASSIFICATION ( #359, ( #548 ) ) ;
#2542 = CARTESIAN_POINT ( 'NONE',  ( 8.200000000000393641, -28.86547286757794595, 8.750000000000264677 ) ) ;
#2543 = VERTEX_POINT ( 'NONE', #3890 ) ;
#2544 = ORIENTED_EDGE ( 'NONE', *, *, #3257, .F. ) ;
#2545 = CARTESIAN_POINT ( 'NONE',  ( -13.99999999999955413, -31.86547286757753028, 14.09999999999986642 ) ) ;
#2546 = DIRECTION ( 'NONE',  ( -1.000000000000000000, 0.000000000000000000, 8.439195288535822483E-29 ) ) ;
#2547 = VECTOR ( 'NONE', #1901, 1000.000000000000000 ) ;
#2548 = ORIENTED_EDGE ( 'NONE', *, *, #3693, .T. ) ;
#2549 = CIRCLE ( 'NONE', #778, 1.000000000000000888 ) ;
#2550 = CARTESIAN_POINT ( 'NONE',  ( 3.100000000000759925, -24.36547286757733843, -14.10000000000015241 ) ) ;
#2551 = VECTOR ( 'NONE', #1990, 1000.000000000000000 ) ;
#2552 = EDGE_CURVE ( 'NONE', #1523, #3445, #1169, .T. ) ;
#2553 = DIRECTION ( 'NONE',  ( 1.000000000000000000, 0.000000000000000000, 1.051620219116047235E-14 ) ) ;
#2554 = DIRECTION ( 'NONE',  ( 1.000000000000000000, 1.387778780781441100E-14, 0.000000000000000000 ) ) ;
#2555 = AXIS2_PLACEMENT_3D ( 'NONE', #3820, #228, #2601 ) ;
#2556 = CARTESIAN_POINT ( 'NONE',  ( -8.899999999999240075, -26.36547286757734199, -15.60000000000016485 ) ) ;
#2557 = EDGE_LOOP ( 'NONE', ( #1589, #3604, #3400, #931 ) ) ;
#2558 = AXIS2_PLACEMENT_3D ( 'NONE', #2500, #1034, #2201 ) ;
#2559 = EDGE_CURVE ( 'NONE', #1408, #546, #234, .T. ) ;
#2560 = ADVANCED_FACE ( 'NONE', ( #1508 ), #2397, .F. ) ;
#2561 = DIRECTION ( 'NONE',  ( -1.000000000000000000, -1.349229370204183541E-14, 0.000000000000000000 ) ) ;
#2562 = FACE_OUTER_BOUND ( 'NONE', #3186, .T. ) ;
#2563 = AXIS2_PLACEMENT_3D ( 'NONE', #3363, #675, #3731 ) ;
#2564 = CARTESIAN_POINT ( 'NONE',  ( 5.320046612006107539E-13, -38.00313207658230397, 7.999999999999770850 ) ) ;
#2565 = VERTEX_POINT ( 'NONE', #3653 ) ;
#2566 = ORIENTED_EDGE ( 'NONE', *, *, #2657, .F. ) ;
#2567 = EDGE_CURVE ( 'NONE', #1829, #3393, #1306, .T. ) ;
#2568 = VECTOR ( 'NONE', #322, 1000.000000000000000 ) ;
#2569 = LINE ( 'NONE', #2875, #2811 ) ;
#2570 = FACE_OUTER_BOUND ( 'NONE', #464, .T. ) ;
#2571 = CARTESIAN_POINT ( 'NONE',  ( -4.899999999999742784, -31.86547286757753028, 16.09999999999988418 ) ) ;
#2572 = ORIENTED_EDGE ( 'NONE', *, *, #14, .T. ) ;
#2573 = AXIS2_PLACEMENT_3D ( 'NONE', #3171, #178, #488 ) ;
#2574 = LINE ( 'NONE', #180, #3508 ) ;
#2575 = ORIENTED_EDGE ( 'NONE', *, *, #3320, .T. ) ;
#2576 = ORIENTED_EDGE ( 'NONE', *, *, #3717, .T. ) ;
#2577 = AXIS2_PLACEMENT_3D ( 'NONE', #312, #1522, #3547 ) ;
#2578 = DIRECTION ( 'NONE',  ( 1.000000000000000000, 0.000000000000000000, 0.000000000000000000 ) ) ;
#2579 = CARTESIAN_POINT ( 'NONE',  ( 2.852514067759217517E-13, -20.36547286757765107, 5.499999999999875655 ) ) ;
#2580 = DIRECTION ( 'NONE',  ( 1.000000000000000000, 1.445602896647336511E-14, 0.000000000000000000 ) ) ;
#2581 = VERTEX_POINT ( 'NONE', #1484 ) ;
#2582 = CARTESIAN_POINT ( 'NONE',  ( -18.99999999999956302, -31.86547286757753028, -8.750000000000268230 ) ) ;
#2583 = DIRECTION ( 'NONE',  ( 0.000000000000000000, 0.000000000000000000, -1.000000000000000000 ) ) ;
#2584 = FACE_OUTER_BOUND ( 'NONE', #3556, .T. ) ;
#2585 = ORIENTED_EDGE ( 'NONE', *, *, #525, .F. ) ;
#2586 = ADVANCED_FACE ( 'NONE', ( #2136 ), #3319, .F. ) ;
#2587 = ORIENTED_EDGE ( 'NONE', *, *, #1198, .F. ) ;
#2588 = CARTESIAN_POINT ( 'NONE',  ( -7.300000000000318678, 22.63452713242228853, 1.434863280969253651E-13 ) ) ;
#2589 = DIRECTION ( 'NONE',  ( 0.000000000000000000, -1.000000000000000000, -5.204170427930416550E-15 ) ) ;
#2590 = CARTESIAN_POINT ( 'NONE',  ( -13.99999999999958256, -29.86547286757790687, 4.749999999999997335 ) ) ;
#2591 = EDGE_CURVE ( 'NONE', #3033, #2040, #3301, .T. ) ;
#2592 = ORIENTED_EDGE ( 'NONE', *, *, #1641, .T. ) ;
#2593 = DIRECTION ( 'NONE',  ( 1.401656568589260132E-14, -1.000000000000000000, -6.071532165918824830E-15 ) ) ;
#2594 = ORIENTED_EDGE ( 'NONE', *, *, #2484, .F. ) ;
#2595 = ORIENTED_EDGE ( 'NONE', *, *, #822, .F. ) ;
#2596 = DIRECTION ( 'NONE',  ( 8.404250380508755870E-29, -5.999999999999998889E-15, 1.000000000000000000 ) ) ;
#2597 = DIRECTION ( 'NONE',  ( -1.401873053107404321E-14, 1.000000000000000000, 6.115553587381290921E-15 ) ) ;
#2598 = DIRECTION ( 'NONE',  ( -1.652117596169240712E-16, 6.071532165918823253E-15, -1.000000000000000000 ) ) ;
#2599 = ORIENTED_EDGE ( 'NONE', *, *, #2194, .T. ) ;
#2600 = CARTESIAN_POINT ( 'NONE',  ( -3.170902687263196513E-13, 22.63452713242242353, -5.499999999999861444 ) ) ;
#2601 = DIRECTION ( 'NONE',  ( -1.000000000000000000, -1.401656568589260132E-14, 0.000000000000000000 ) ) ;
#2602 = DIRECTION ( 'NONE',  ( -0.000000000000000000, -0.000000000000000000, -1.000000000000000000 ) ) ;
#2603 = ORIENTED_EDGE ( 'NONE', *, *, #2037, .F. ) ;
#2604 = ORIENTED_EDGE ( 'NONE', *, *, #2838, .T. ) ;
#2605 = LINE ( 'NONE', #3801, #1874 ) ;
#2606 = ADVANCED_FACE ( 'NONE', ( #952 ), #1798, .F. ) ;
#2607 = DIRECTION ( 'NONE',  ( 1.000000000000000000, 1.400000000000000030E-14, 9.082321863761305948E-17 ) ) ;
#2608 = DIRECTION ( 'NONE',  ( -1.000000000000000000, -1.349229370204181806E-14, 0.000000000000000000 ) ) ;
#2609 = UNCERTAINTY_MEASURE_WITH_UNIT (LENGTH_MEASURE( 1.000000000000000082E-05 ), #599, 'distance_accuracy_value', 'NONE');
#2610 = VERTEX_POINT ( 'NONE', #255 ) ;
#2611 = ADVANCED_FACE ( 'NONE', ( #2722, #1836, #645 ), #3038, .T. ) ;
#2612 = CARTESIAN_POINT ( 'NONE',  ( 7.299999999999682743, 22.63452713242249104, 1.437067645207728274E-13 ) ) ;
#2613 = ORIENTED_EDGE ( 'NONE', *, *, #28, .T. ) ;
#2614 = ORIENTED_EDGE ( 'NONE', *, *, #1194, .F. ) ;
#2615 = VECTOR ( 'NONE', #2280, 1000.000000000000000 ) ;
#2616 = CARTESIAN_POINT ( 'NONE',  ( 15.50000000000019718, 19.78367417133664219, 8.000000000000111910 ) ) ;
#2617 = EDGE_CURVE ( 'NONE', #1944, #3130, #2667, .T. ) ;
#2618 = DIRECTION ( 'NONE',  ( 1.000000000000000000, 1.445602896647338404E-14, 0.000000000000000000 ) ) ;
#2619 = ORIENTED_EDGE ( 'NONE', *, *, #3134, .F. ) ;
#2620 = CALENDAR_DATE ( 2026, 24, 6 ) ;
#2621 = VECTOR ( 'NONE', #3598, 999.9999999999998863 ) ;
#2622 = DIRECTION ( 'NONE',  ( 1.387778780781446149E-14, -1.000000000000000000, 0.000000000000000000 ) ) ;
#2623 = CARTESIAN_POINT ( 'NONE',  ( 0.9999999999999353850, 26.13452713242243775, -5.499999999999841016 ) ) ;
#2624 = DIRECTION ( 'NONE',  ( -1.401873053107404321E-14, 1.000000000000000000, 6.115553587381290921E-15 ) ) ;
#2625 = ORIENTED_EDGE ( 'NONE', *, *, #3605, .T. ) ;
#2626 = VECTOR ( 'NONE', #1646, 1000.000000000000000 ) ;
#2627 = ORIENTED_EDGE ( 'NONE', *, *, #2559, .F. ) ;
#2628 = LINE ( 'NONE', #485, #2383 ) ;
#2629 = PLANE ( 'NONE',  #2742 ) ;
#2630 = AXIS2_PLACEMENT_3D ( 'NONE', #658, #2804, #2233 ) ;
#2631 = CARTESIAN_POINT ( 'NONE',  ( 8.200000000000288836, -21.36547286757758357, 14.09999999999986642 ) ) ;
#2632 = ORIENTED_EDGE ( 'NONE', *, *, #1143, .T. ) ;
#2633 = CIRCLE ( 'NONE', #935, 1.799999999999999600 ) ;
#2634 = AXIS2_PLACEMENT_3D ( 'NONE', #2077, #1503, #892 ) ;
#2635 = DIRECTION ( 'NONE',  ( -0.7071067811865472397, 0.000000000000000000, -0.7071067811865479058 ) ) ;
#2636 = EDGE_LOOP ( 'NONE', ( #1724, #400 ) ) ;
#2637 = EDGE_CURVE ( 'NONE', #2338, #1686, #3868, .T. ) ;
#2638 = ORIENTED_EDGE ( 'NONE', *, *, #743, .T. ) ;
#2639 = CARTESIAN_POINT ( 'NONE',  ( 12.20000000000061746, -31.86547286757753028, 19.09999999999978826 ) ) ;
#2640 = DIRECTION ( 'NONE',  ( 0.000000000000000000, -0.000000000000000000, -1.000000000000000000 ) ) ;
#2641 = AXIS2_PLACEMENT_3D ( 'NONE', #3450, #3741, #775 ) ;
#2642 = CARTESIAN_POINT ( 'NONE',  ( 3.100000000000759925, -25.36547286757731356, 15.59999999999998543 ) ) ;
#2643 = EDGE_CURVE ( 'NONE', #3118, #740, #874, .T. ) ;
#2644 = DIRECTION ( 'NONE',  ( -1.401656568589260132E-14, 1.000000000000000000, 6.071532165918824830E-15 ) ) ;
#2645 = DIRECTION ( 'NONE',  ( -1.000000000000000000, -1.349229370204183541E-14, 0.000000000000000000 ) ) ;
#2646 = EDGE_LOOP ( 'NONE', ( #2279, #241, #3499, #1481 ) ) ;
#2647 = ORIENTED_EDGE ( 'NONE', *, *, #1213, .T. ) ;
#2648 = DIRECTION ( 'NONE',  ( 1.401656568589260132E-14, -1.000000000000000000, -6.071532165918824830E-15 ) ) ;
#2649 = FACE_OUTER_BOUND ( 'NONE', #2476, .T. ) ;
#2650 = CARTESIAN_POINT ( 'NONE',  ( 13.20000000000042029, -30.66547286757766599, -6.350000000000108891 ) ) ;
#2651 = VERTEX_POINT ( 'NONE', #3078 ) ;
#2652 = DIRECTION ( 'NONE',  ( -1.401656568589260132E-14, 1.000000000000000000, 6.071532165918824830E-15 ) ) ;
#2653 = CARTESIAN_POINT ( 'NONE',  ( 2.219457617171543102E-13, -15.86547286757761910, -9.632772884300989255E-14 ) ) ;
#2654 = ORIENTED_EDGE ( 'NONE', *, *, #295, .F. ) ;
#2655 = ORIENTED_EDGE ( 'NONE', *, *, #3545, .T. ) ;
#2656 = CARTESIAN_POINT ( 'NONE',  ( 3.100000000000759925, -25.36547286757731356, -15.60000000000015952 ) ) ;
#2657 = EDGE_CURVE ( 'NONE', #278, #272, #2239, .T. ) ;
#2658 = CARTESIAN_POINT ( 'NONE',  ( -13.99999999999970157, -21.36547286757781094, -1.280859158188579630E-13 ) ) ;
#2659 = ORIENTED_EDGE ( 'NONE', *, *, #2834, .T. ) ;
#2660 = APPROVAL_ROLE ( '' ) ;
#2661 = DIRECTION ( 'NONE',  ( 1.401656568589260132E-14, -1.000000000000000000, -6.071532165918824830E-15 ) ) ;
#2662 = ADVANCED_FACE ( 'NONE', ( #1906 ), #1318, .F. ) ;
#2663 = CARTESIAN_POINT ( 'NONE',  ( 10.50000000000032507, 26.13452713242240932, -7.999999999999854339 ) ) ;
#2664 = CARTESIAN_POINT ( 'NONE',  ( 5.100000000000760814, -25.36547286757731356, -15.60000000000015952 ) ) ;
#2665 = ORIENTED_EDGE ( 'NONE', *, *, #362, .T. ) ;
#2666 = ORIENTED_EDGE ( 'NONE', *, *, #504, .T. ) ;
#2667 = LINE ( 'NONE', #2151, #732 ) ;
#2668 = CARTESIAN_POINT ( 'NONE',  ( -18.99999999999955946, -31.86547286757797437, 4.749999999999997335 ) ) ;
#2669 = LINE ( 'NONE', #3577, #878 ) ;
#2670 = ORIENTED_EDGE ( 'NONE', *, *, #1032, .T. ) ;
#2671 = DIRECTION ( 'NONE',  ( -1.000000000000000000, -1.456122284970662170E-14, 0.000000000000000000 ) ) ;
#2672 = LINE ( 'NONE', #240, #1677 ) ;
#2673 = ORIENTED_EDGE ( 'NONE', *, *, #3110, .F. ) ;
#2674 = CARTESIAN_POINT ( 'NONE',  ( -18.99999999999924327, -54.86547286757799213, 18.09999999999967457 ) ) ;
#2675 = CARTESIAN_POINT ( 'NONE',  ( -2.960654201974807493E-13, 21.13452713242235603, 5.500000000000127898 ) ) ;
#2676 = DATE_AND_TIME ( #3278, #2510 ) ;
#2677 = ORIENTED_EDGE ( 'NONE', *, *, #1617, .T. ) ;
#2678 = CARTESIAN_POINT ( 'NONE',  ( -5.500000000000316192, 22.63452713242231340, 1.434863280969253651E-13 ) ) ;
#2679 = CARTESIAN_POINT ( 'NONE',  ( -3.178687913578073485E-13, 22.63452713242235603, 5.500000000000141220 ) ) ;
#2680 = VECTOR ( 'NONE', #2339, 1000.000000000000000 ) ;
#2681 = CARTESIAN_POINT ( 'NONE',  ( 5.499999999999634070, 26.13452713242246617, 1.648907656527608154E-13 ) ) ;
#2682 = ORIENTED_EDGE ( 'NONE', *, *, #14, .F. ) ;
#2683 = EDGE_CURVE ( 'NONE', #1207, #2024, #942, .T. ) ;
#2684 = EDGE_CURVE ( 'NONE', #314, #483, #58, .T. ) ;
#2685 = ORIENTED_EDGE ( 'NONE', *, *, #338, .T. ) ;
#2686 = AXIS2_PLACEMENT_3D ( 'NONE', #3636, #39, #953 ) ;
#2687 = LINE ( 'NONE', #1192, #2945 ) ;
#2688 = FACE_OUTER_BOUND ( 'NONE', #2331, .T. ) ;
#2689 = CIRCLE ( 'NONE', #1987, 1.000000000000005329 ) ;
#2690 = DIRECTION ( 'NONE',  ( -1.387778780781444413E-14, 1.000000000000000000, 0.000000000000000000 ) ) ;
#2691 = EDGE_CURVE ( 'NONE', #278, #2899, #3899, .T. ) ;
#2692 = EDGE_LOOP ( 'NONE', ( #283, #146, #358, #612 ) ) ;
#2693 = DIRECTION ( 'NONE',  ( 1.000000000000000000, 1.400000000000000030E-14, 9.082321863761305948E-17 ) ) ;
#2694 = LINE ( 'NONE', #2419, #1819 ) ;
#2695 = AXIS2_PLACEMENT_3D ( 'NONE', #1287, #3384, #66 ) ;
#2696 = ORIENTED_EDGE ( 'NONE', *, *, #10, .T. ) ;
#2697 = AXIS2_PLACEMENT_3D ( 'NONE', #1714, #3256, #3169 ) ;
#2698 = CARTESIAN_POINT ( 'NONE',  ( -3.668449329534197392E-13, 26.13452713242243775, -7.999999999999840128 ) ) ;
#2699 = CARTESIAN_POINT ( 'NONE',  ( -4.500000000000293099, 21.13452713242232761, 1.343290199423349685E-13 ) ) ;
#2700 = MECHANICAL_CONTEXT ( 'NONE', #1976, 'mechanical' ) ;
#2701 = AXIS2_PLACEMENT_3D ( 'NONE', #2735, #35, #2449 ) ;
#2702 = AXIS2_PLACEMENT_3D ( 'NONE', #1557, #699, #965 ) ;
#2703 = DIRECTION ( 'NONE',  ( 0.000000000000000000, 1.000000000000000000, 6.938893903907197612E-15 ) ) ;
#2704 = DIRECTION ( 'NONE',  ( 1.000000000000000000, 1.387778780781438260E-14, 0.000000000000000000 ) ) ;
#2705 = CIRCLE ( 'NONE', #363, 2.144395624589431115 ) ;
#2706 = DIRECTION ( 'NONE',  ( -8.326672684688673325E-29, 5.999999999999999677E-15, -1.000000000000000000 ) ) ;
#2707 = ORIENTED_EDGE ( 'NONE', *, *, #637, .F. ) ;
#2708 = ORIENTED_EDGE ( 'NONE', *, *, #2159, .F. ) ;
#2709 = AXIS2_PLACEMENT_3D ( 'NONE', #3074, #3036, #1606 ) ;
#2710 = CARTESIAN_POINT ( 'NONE',  ( 3.100000000000759925, -26.36547286757752317, 15.59999999999998543 ) ) ;
#2711 = CARTESIAN_POINT ( 'NONE',  ( 9.696152422706681762, 23.13452713242257630, -7.999999999999854339 ) ) ;
#2712 = EDGE_CURVE ( 'NONE', #457, #1965, #3125, .T. ) ;
#2713 = CARTESIAN_POINT ( 'NONE',  ( -5.499999999999784173, -15.36547286757769548, -9.219283720546619072E-14 ) ) ;
#2714 = ORIENTED_EDGE ( 'NONE', *, *, #2916, .F. ) ;
#2715 = EDGE_CURVE ( 'NONE', #407, #3358, #480, .T. ) ;
#2716 = CARTESIAN_POINT ( 'NONE',  ( -0.8999999999997430056, -29.86547286757752673, 16.09999999999988418 ) ) ;
#2717 = VERTEX_POINT ( 'NONE', #3411 ) ;
#2718 = FACE_BOUND ( 'NONE', #1916, .T. ) ;
#2719 = CYLINDRICAL_SURFACE ( 'NONE', #2935, 1.000000000000005329 ) ;
#2720 = CARTESIAN_POINT ( 'NONE',  ( -17.99999999999972644, -19.86547286757775410, -19.10000000000012221 ) ) ;
#2721 = VERTEX_POINT ( 'NONE', #1296 ) ;
#2722 = FACE_BOUND ( 'NONE', #426, .T. ) ;
#2723 = DIRECTION ( 'NONE',  ( -1.652117596169240712E-16, 6.071532165918823253E-15, -1.000000000000000000 ) ) ;
#2724 = CYLINDRICAL_SURFACE ( 'NONE', #2140, 1.799999999999999600 ) ;
#2725 = ORIENTED_EDGE ( 'NONE', *, *, #3476, .F. ) ;
#2726 = ORIENTED_EDGE ( 'NONE', *, *, #119, .F. ) ;
#2727 = ADVANCED_FACE ( 'NONE', ( #2828 ), #423, .T. ) ;
#2728 = VERTEX_POINT ( 'NONE', #3664 ) ;
#2729 = ADVANCED_FACE ( 'NONE', ( #2184 ), #2773, .F. ) ;
#2730 = EDGE_CURVE ( 'NONE', #1876, #2277, #1938, .T. ) ;
#2731 = DIRECTION ( 'NONE',  ( 0.4999999999999961142, 0.8660254037844409281, -0.000000000000000000 ) ) ;
#2732 = ADVANCED_FACE ( 'NONE', ( #2539 ), #1039, .F. ) ;
#2733 = EDGE_CURVE ( 'NONE', #2610, #1275, #2950, .T. ) ;
#2734 = DIRECTION ( 'NONE',  ( -1.000000000000000000, -1.400000000000000030E-14, -4.541160931884852426E-17 ) ) ;
#2735 = CARTESIAN_POINT ( 'NONE',  ( 1.939126303453691328E-13, -13.86547286757761732, -8.418466451117224289E-14 ) ) ;
#2736 = EDGE_LOOP ( 'NONE', ( #3831, #2417, #2051, #3570 ) ) ;
#2737 = AXIS2_PLACEMENT_3D ( 'NONE', #791, #2022, #515 ) ;
#2738 = DIRECTION ( 'NONE',  ( -8.439195288535822483E-29, 5.999999999999999677E-15, -1.000000000000000000 ) ) ;
#2739 = CARTESIAN_POINT ( 'NONE',  ( -2.652167060272407980E-13, 26.13452713242234182, 8.000000000000159872 ) ) ;
#2740 = DIRECTION ( 'NONE',  ( 1.000000000000000000, 1.445602896647338719E-14, 0.000000000000000000 ) ) ;
#2741 = ORIENTED_EDGE ( 'NONE', *, *, #2293, .T. ) ;
#2742 = AXIS2_PLACEMENT_3D ( 'NONE', #2286, #3828, #2961 ) ;
#2743 = EDGE_LOOP ( 'NONE', ( #2647, #2157 ) ) ;
#2744 = CIRCLE ( 'NONE', #1608, 1.799999999999999600 ) ;
#2745 = DIRECTION ( 'NONE',  ( 2.891205793294679411E-15, 1.000000000000000000, 5.782411586589358822E-15 ) ) ;
#2746 = ORIENTED_EDGE ( 'NONE', *, *, #1328, .T. ) ;
#2747 = AXIS2_PLACEMENT_3D ( 'NONE', #2522, #1314, #1004 ) ;
#2748 = DIRECTION ( 'NONE',  ( -1.400000000000000030E-14, 1.000000000000000000, 5.999999999999998889E-15 ) ) ;
#2749 = VECTOR ( 'NONE', #444, 1000.000000000000000 ) ;
#2750 = ADVANCED_FACE ( 'NONE', ( #3092 ), #2166, .T. ) ;
#2751 = CIRCLE ( 'NONE', #3644, 1.800000000000003375 ) ;
#2752 = CARTESIAN_POINT ( 'NONE',  ( 8.200000000000740030, -31.86547286757753028, -14.10000000000019504 ) ) ;
#2753 = DIRECTION ( 'NONE',  ( -1.000000000000000000, -1.387778780781442047E-14, 0.000000000000000000 ) ) ;
#2754 = EDGE_CURVE ( 'NONE', #1261, #2651, #2001, .T. ) ;
#2755 = LOCAL_TIME ( 15, 31, 11.00000000000000000, #889 ) ;
#2756 = AXIS2_PLACEMENT_3D ( 'NONE', #1733, #1671, #828 ) ;
#2757 = DIRECTION ( 'NONE',  ( 1.000000000000000000, 1.387778780781438260E-14, 0.000000000000000000 ) ) ;
#2758 = VECTOR ( 'NONE', #2334, 1000.000000000000000 ) ;
#2759 = CARTESIAN_POINT ( 'NONE',  ( 13.20000000000043627, -31.86547286757752317, 4.749999999999997335 ) ) ;
#2760 = CARTESIAN_POINT ( 'NONE',  ( 1.750000000000224487, -15.86547286757759423, -9.004188348724008557E-14 ) ) ;
#2761 = PLANE ( 'NONE',  #1372 ) ;
#2762 = EDGE_LOOP ( 'NONE', ( #1656, #3159 ) ) ;
#2763 = VERTEX_POINT ( 'NONE', #1591 ) ;
#2764 = CARTESIAN_POINT ( 'NONE',  ( 2.750000000000281553, -19.86547286757758002, -1.188206701150101247E-13 ) ) ;
#2765 = ORIENTED_EDGE ( 'NONE', *, *, #1511, .T. ) ;
#2766 = CYLINDRICAL_SURFACE ( 'NONE', #102, 1.000000000000000888 ) ;
#2767 = ADVANCED_FACE ( 'NONE', ( #2787 ), #1609, .T. ) ;
#2768 = CYLINDRICAL_SURFACE ( 'NONE', #3877, 1.800000000000002043 ) ;
#2769 = CARTESIAN_POINT ( 'NONE',  ( -5.500000000000316192, 22.63452713242231340, 1.388826690667739609E-13 ) ) ;
#2770 = LINE ( 'NONE', #1243, #3825 ) ;
#2771 = ORIENTED_EDGE ( 'NONE', *, *, #3068, .T. ) ;
#2772 = EDGE_CURVE ( 'NONE', #314, #3057, #2389, .T. ) ;
#2773 = CYLINDRICAL_SURFACE ( 'NONE', #3013, 2.000000000000001776 ) ;
#2774 = CYLINDRICAL_SURFACE ( 'NONE', #465, 1.000000000000003331 ) ;
#2775 = CARTESIAN_POINT ( 'NONE',  ( 10.50000000000053113, -38.00313207658216186, 7.999999999999767297 ) ) ;
#2776 = ORIENTED_EDGE ( 'NONE', *, *, #1476, .F. ) ;
#2777 = ORIENTED_EDGE ( 'NONE', *, *, #1817, .T. ) ;
#2778 = EDGE_CURVE ( 'NONE', #407, #2721, #2062, .T. ) ;
#2779 = CARTESIAN_POINT ( 'NONE',  ( -3.178687913578073485E-13, 22.63452713242235603, 5.500000000000141220 ) ) ;
#2780 = EDGE_LOOP ( 'NONE', ( #950, #3451, #3398, #3178 ) ) ;
#2781 = FACE_BOUND ( 'NONE', #2743, .T. ) ;
#2782 = ORIENTED_EDGE ( 'NONE', *, *, #3505, .F. ) ;
#2783 = CARTESIAN_POINT ( 'NONE',  ( -8.899999999999240075, -26.36547286757746278, 4.499999999999838352 ) ) ;
#2784 = CYLINDRICAL_SURFACE ( 'NONE', #2558, 1.000000000000005329 ) ;
#2785 = PLANE ( 'NONE',  #2709 ) ;
#2786 = ORIENTED_EDGE ( 'NONE', *, *, #1912, .T. ) ;
#2787 = FACE_OUTER_BOUND ( 'NONE', #1894, .T. ) ;
#2788 = DIRECTION ( 'NONE',  ( -1.401873053107404321E-14, 1.000000000000000000, 6.115553587381290921E-15 ) ) ;
#2789 = ADVANCED_FACE ( 'NONE', ( #2101 ), #2121, .F. ) ;
#2790 = CARTESIAN_POINT ( 'NONE',  ( 5.500000000000214939, -15.36547286757754271, -9.219283720546520622E-14 ) ) ;
#2791 = ORIENTED_EDGE ( 'NONE', *, *, #1688, .F. ) ;
#2792 = EDGE_CURVE ( 'NONE', #1638, #831, #1176, .T. ) ;
#2793 = EDGE_LOOP ( 'NONE', ( #226, #1932, #443, #1607 ) ) ;
#2794 = AXIS2_PLACEMENT_3D ( 'NONE', #1961, #499, #3148 ) ;
#2795 = DIRECTION ( 'NONE',  ( 0.000000000000000000, 0.000000000000000000, -1.000000000000000000 ) ) ;
#2796 = CIRCLE ( 'NONE', #711, 2.999999999999999112 ) ;
#2797 = EDGE_CURVE ( 'NONE', #2899, #3711, #2694, .T. ) ;
#2798 = ORIENTED_EDGE ( 'NONE', *, *, #31, .F. ) ;
#2799 = CIRCLE ( 'NONE', #93, 1.000000000000301537 ) ;
#2800 = DIRECTION ( 'NONE',  ( 0.000000000000000000, 0.000000000000000000, 1.000000000000000000 ) ) ;
#2801 = CIRCLE ( 'NONE', #2863, 1.000000000000004441 ) ;
#2802 = AXIS2_PLACEMENT_3D ( 'NONE', #1521, #927, #83 ) ;
#2803 = DIRECTION ( 'NONE',  ( -1.652117596169240712E-16, 6.071532165918823253E-15, -1.000000000000000000 ) ) ;
#2804 = DIRECTION ( 'NONE',  ( 8.404250380508755870E-29, -5.999999999999998889E-15, 1.000000000000000000 ) ) ;
#2805 = DIRECTION ( 'NONE',  ( -1.401656568589260132E-14, 1.000000000000000000, 6.071532165918824830E-15 ) ) ;
#2806 = ORIENTED_EDGE ( 'NONE', *, *, #2204, .T. ) ;
#2807 = VECTOR ( 'NONE', #1939, 1000.000000000000000 ) ;
#2808 = CARTESIAN_POINT ( 'NONE',  ( -17.99999999999924327, -54.86547286757797792, 18.09999999999966747 ) ) ;
#2809 = CIRCLE ( 'NONE', #427, 2.144395624589431115 ) ;
#2810 = CARTESIAN_POINT ( 'NONE',  ( -0.9999999999994171329, -41.86547286757759423, -5.500000000000249578 ) ) ;
#2811 = VECTOR ( 'NONE', #2350, 1000.000000000000000 ) ;
#2812 = DIRECTION ( 'NONE',  ( 1.000000000000000000, 1.400000000000000188E-14, 8.500145032286355678E-29 ) ) ;
#2813 = VERTEX_POINT ( 'NONE', #3005 ) ;
#2814 = ORIENTED_EDGE ( 'NONE', *, *, #2552, .F. ) ;
#2815 = AXIS2_PLACEMENT_3D ( 'NONE', #260, #336, #883 ) ;
#2816 = EDGE_CURVE ( 'NONE', #1663, #3380, #2879, .T. ) ;
#2817 = DIRECTION ( 'NONE',  ( 0.000000000000000000, -1.000000000000000000, -5.204170427930416550E-15 ) ) ;
#2818 = VECTOR ( 'NONE', #812, 1000.000000000000000 ) ;
#2819 = ORIENTED_EDGE ( 'NONE', *, *, #3861, .F. ) ;
#2820 = AXIS2_PLACEMENT_3D ( 'NONE', #585, #545, #3252 ) ;
#2821 = EDGE_CURVE ( 'NONE', #258, #2338, #3391, .T. ) ;
#2822 = CARTESIAN_POINT ( 'NONE',  ( 13.50000000000019718, 19.40247632485332474, -4.999999999999907629 ) ) ;
#2823 = ORIENTED_EDGE ( 'NONE', *, *, #1257, .T. ) ;
#2824 = DIRECTION ( 'NONE',  ( 0.000000000000000000, 0.000000000000000000, 1.000000000000000000 ) ) ;
#2825 = CARTESIAN_POINT ( 'NONE',  ( -1.799999999999788214, -15.36547286757767417, 5.499999999999888090 ) ) ;
#2826 = FACE_OUTER_BOUND ( 'NONE', #3866, .T. ) ;
#2827 = ORIENTED_EDGE ( 'NONE', *, *, #3716, .F. ) ;
#2828 = FACE_OUTER_BOUND ( 'NONE', #2079, .T. ) ;
#2829 = FACE_OUTER_BOUND ( 'NONE', #3299, .T. ) ;
#2830 = FACE_OUTER_BOUND ( 'NONE', #1000, .T. ) ;
#2831 = ORIENTED_EDGE ( 'NONE', *, *, #2637, .T. ) ;
#2832 = ORIENTED_EDGE ( 'NONE', *, *, #2533, .F. ) ;
#2833 = DIRECTION ( 'NONE',  ( 1.000000000000000000, 1.404021378911230619E-14, -1.652117596168388249E-16 ) ) ;
#2834 = EDGE_CURVE ( 'NONE', #3041, #1492, #2512, .T. ) ;
#2835 = ORIENTED_EDGE ( 'NONE', *, *, #452, .F. ) ;
#2836 = CARTESIAN_POINT ( 'NONE',  ( -17.99999999999972644, -19.86547286757776476, -18.10000000000012221 ) ) ;
#2837 = CARTESIAN_POINT ( 'NONE',  ( 12.20000000000026930, -19.86547286757733843, -18.10000000000012221 ) ) ;
#2838 = EDGE_CURVE ( 'NONE', #3261, #2543, #305, .T. ) ;
#2839 = EDGE_CURVE ( 'NONE', #989, #2538, #2086, .T. ) ;
#2840 = BREP_WITH_VOIDS ( 'NONE', #3311, ( #3723 ) );
#2841 = CARTESIAN_POINT ( 'NONE',  ( -1.800000000000321565, 22.63452713242233116, 5.500000000000141220 ) ) ;
#2842 = CARTESIAN_POINT ( 'NONE',  ( 9.696152422706813212, -10.86547286757753206, 7.999999999999932498 ) ) ;
#2843 = LINE ( 'NONE', #136, #549 ) ;
#2844 = CARTESIAN_POINT ( 'NONE',  ( 9.696152422706630247, 21.13452713242257275, -7.999999999999873879 ) ) ;
#2845 = ORIENTED_EDGE ( 'NONE', *, *, #2970, .T. ) ;
#2846 = LINE ( 'NONE', #142, #2615 ) ;
#2847 = CARTESIAN_POINT ( 'NONE',  ( 4.500000000000190070, -13.86547286757755515, -8.272825498926221143E-14 ) ) ;
#2848 = CARTESIAN_POINT ( 'NONE',  ( 5.100000000000760814, -25.36547286757731356, 19.09999999999998366 ) ) ;
#2849 = ORIENTED_EDGE ( 'NONE', *, *, #3812, .T. ) ;
#2850 = ORIENTED_EDGE ( 'NONE', *, *, #3713, .F. ) ;
#2851 = CARTESIAN_POINT ( 'NONE',  ( 15.50000000000019718, -12.51461990649167610, -53.70557952810572289 ) ) ;
#2852 = FACE_OUTER_BOUND ( 'NONE', #1731, .T. ) ;
#2853 = CIRCLE ( 'NONE', #455, 2.999999999999999112 ) ;
#2854 = EDGE_LOOP ( 'NONE', ( #749, #3203, #2376, #2347 ) ) ;
#2855 = AXIS2_PLACEMENT_3D ( 'NONE', #2951, #3060, #1430 ) ;
#2856 = CARTESIAN_POINT ( 'NONE',  ( 3.100000000000759925, -25.36547286757731356, 19.09999999999998366 ) ) ;
#2857 = ORIENTED_EDGE ( 'NONE', *, *, #3738, .F. ) ;
#2858 = ORIENTED_EDGE ( 'NONE', *, *, #1740, .F. ) ;
#2859 = AXIS2_PLACEMENT_3D ( 'NONE', #2668, #2607, #3869 ) ;
#2860 = DIRECTION ( 'NONE',  ( -1.401656568589260132E-14, 1.000000000000000000, 6.071532165918824830E-15 ) ) ;
#2861 = EDGE_CURVE ( 'NONE', #2330, #3691, #3327, .T. ) ;
#2862 = LINE ( 'NONE', #222, #1807 ) ;
#2863 = AXIS2_PLACEMENT_3D ( 'NONE', #3149, #1892, #3739 ) ;
#2864 = CARTESIAN_POINT ( 'NONE',  ( 15.50000000000019718, -12.51461990649167610, -8.000000000000083489 ) ) ;
#2865 = ORIENTED_EDGE ( 'NONE', *, *, #743, .F. ) ;
#2866 = VECTOR ( 'NONE', #1094, 1000.000000000000000 ) ;
#2867 = CARTESIAN_POINT ( 'NONE',  ( -5.500000000000316192, 22.63452713242231340, 1.434863280969253651E-13 ) ) ;
#2868 = ADVANCED_FACE ( 'NONE', ( #3030, #3900, #2984, #323, #3289 ), #576, .T. ) ;
#2869 = DIRECTION ( 'NONE',  ( 0.7071067811865456854, -4.293221566713456856E-15, 0.7071067811865493491 ) ) ;
#2870 = CIRCLE ( 'NONE', #2246, 1.800000000000003819 ) ;
#2871 = DIRECTION ( 'NONE',  ( -1.400000000000000030E-14, 1.000000000000000000, 0.000000000000000000 ) ) ;
#2872 = ORIENTED_EDGE ( 'NONE', *, *, #189, .F. ) ;
#2873 = ORIENTED_EDGE ( 'NONE', *, *, #2026, .F. ) ;
#2874 = CIRCLE ( 'NONE', #3579, 1.000000000000003553 ) ;
#2875 = CARTESIAN_POINT ( 'NONE',  ( -1.000000000000667910, 26.13452713242240932, -5.499999999999841016 ) ) ;
#2876 = DIRECTION ( 'NONE',  ( -0.000000000000000000, -0.000000000000000000, 1.000000000000000000 ) ) ;
#2877 = CARTESIAN_POINT ( 'NONE',  ( -0.8999999999997430056, -31.86547286757753028, 16.09999999999988418 ) ) ;
#2878 = AXIS2_PLACEMENT_3D ( 'NONE', #1373, #1035, #2580 ) ;
#2879 = CIRCLE ( 'NONE', #1437, 1.000000000000000444 ) ;
#2880 = VERTEX_POINT ( 'NONE', #2404 ) ;
#2881 = AXIS2_PLACEMENT_3D ( 'NONE', #3056, #1279, #1320 ) ;
#2882 = CARTESIAN_POINT ( 'NONE',  ( 1.941674341135649103E-13, -13.86547286757761732, -8.272825498926267844E-14 ) ) ;
#2883 = ORIENTED_EDGE ( 'NONE', *, *, #1120, .T. ) ;
#2884 = ORIENTED_EDGE ( 'NONE', *, *, #2617, .F. ) ;
#2885 = CIRCLE ( 'NONE', #3340, 2.999999999999999112 ) ;
#2886 = DIRECTION ( 'NONE',  ( 1.000000000000000000, 0.000000000000000000, 0.000000000000000000 ) ) ;
#2887 = CARTESIAN_POINT ( 'NONE',  ( -13.99999999999955413, -31.86547286757753028, 8.750000000000264677 ) ) ;
#2888 = CARTESIAN_POINT ( 'NONE',  ( -0.9999999999994164668, -41.86547286757766528, 5.499999999999745981 ) ) ;
#2889 = ADVANCED_FACE ( 'NONE', ( #1200 ), #3603, .F. ) ;
#2890 = CARTESIAN_POINT ( 'NONE',  ( 1.941674341135649103E-13, -13.86547286757765285, 5.499999999999915623 ) ) ;
#2891 = CARTESIAN_POINT ( 'NONE',  ( 1.799999999999685629, 22.63452713242238090, 5.500000000000152767 ) ) ;
#2892 = ORIENTED_EDGE ( 'NONE', *, *, #1422, .T. ) ;
#2893 = ADVANCED_FACE ( 'NONE', ( #1582 ), #1914, .F. ) ;
#2894 = ORIENTED_EDGE ( 'NONE', *, *, #744, .T. ) ;
#2895 = FACE_OUTER_BOUND ( 'NONE', #2144, .T. ) ;
#2896 = CARTESIAN_POINT ( 'NONE',  ( 1.100000000000759259, -25.36547286757731356, 15.59999999999998543 ) ) ;
#2897 = CARTESIAN_POINT ( 'NONE',  ( -1.800000000000317346, 22.63452713242240222, -5.499999999999855227 ) ) ;
#2898 = EDGE_CURVE ( 'NONE', #1702, #1815, #2475, .T. ) ;
#2899 = VERTEX_POINT ( 'NONE', #431 ) ;
#2900 = DIRECTION ( 'NONE',  ( 1.387778780781444413E-14, -1.000000000000000000, 0.000000000000000000 ) ) ;
#2901 = ORIENTED_EDGE ( 'NONE', *, *, #1089, .F. ) ;
#2902 = ORIENTED_EDGE ( 'NONE', *, *, #996, .F. ) ;
#2903 = FACE_OUTER_BOUND ( 'NONE', #248, .T. ) ;
#2904 = LINE ( 'NONE', #1058, #2866 ) ;
#2905 = VERTEX_POINT ( 'NONE', #690 ) ;
#2906 = CARTESIAN_POINT ( 'NONE',  ( 1.750000000000224487, -15.86547286757759423, -9.611341565315909973E-14 ) ) ;
#2907 = ORIENTED_EDGE ( 'NONE', *, *, #2915, .F. ) ;
#2908 = CYLINDRICAL_SURFACE ( 'NONE', #3050, 1.799999999999999600 ) ;
#2909 = DIRECTION ( 'NONE',  ( 1.401656568589260132E-14, -1.000000000000000000, -6.071532165918824830E-15 ) ) ;
#2910 = LINE ( 'NONE', #2564, #1626 ) ;
#2911 = ORIENTED_EDGE ( 'NONE', *, *, #2453, .F. ) ;
#2912 = ORIENTED_EDGE ( 'NONE', *, *, #3476, .T. ) ;
#2913 = DIRECTION ( 'NONE',  ( 0.000000000000000000, -1.387778780781444413E-14, 1.000000000000000000 ) ) ;
#2914 = DIRECTION ( 'NONE',  ( 1.401656568589260132E-14, -1.000000000000000000, -6.071532165918824830E-15 ) ) ;
#2915 = EDGE_CURVE ( 'NONE', #2728, #1818, #393, .T. ) ;
#2916 = EDGE_CURVE ( 'NONE', #2300, #3003, #781, .T. ) ;
#2917 = CYLINDRICAL_SURFACE ( 'NONE', #3769, 1.000000000000002887 ) ;
#2918 = VERTEX_POINT ( 'NONE', #2590 ) ;
#2919 = EDGE_CURVE ( 'NONE', #604, #2936, #442, .T. ) ;
#2920 = CARTESIAN_POINT ( 'NONE',  ( 1.928457400366295162E-13, -13.86547286757756936, -8.000000000000083489 ) ) ;
#2921 = VECTOR ( 'NONE', #2661, 1000.000000000000000 ) ;
#2922 = EDGE_LOOP ( 'NONE', ( #3081, #688, #1393, #3709 ) ) ;
#2923 = ORIENTED_EDGE ( 'NONE', *, *, #600, .T. ) ;
#2924 = AXIS2_PLACEMENT_3D ( 'NONE', #1093, #1344, #2925 ) ;
#2925 = DIRECTION ( 'NONE',  ( 1.000000000000000000, 0.000000000000000000, -1.046816977530881607E-14 ) ) ;
#2926 = DIRECTION ( 'NONE',  ( 1.401656568589260132E-14, -1.000000000000000000, -6.071532165918824830E-15 ) ) ;
#2927 = CIRCLE ( 'NONE', #3182, 1.799999999999999600 ) ;
#2928 = COORDINATED_UNIVERSAL_TIME_OFFSET ( 8, 0, .AHEAD. ) ;
#2929 = EDGE_LOOP ( 'NONE', ( #1117, #3809, #2481, #1462 ) ) ;
#2930 = VECTOR ( 'NONE', #507, 1000.000000000000000 ) ;
#2931 = CYLINDRICAL_SURFACE ( 'NONE', #2794, 2.000000000000000888 ) ;
#2932 = PLANE ( 'NONE',  #1550 ) ;
#2933 = DIRECTION ( 'NONE',  ( -1.400000000000000188E-14, 1.000000000000000000, 0.000000000000000000 ) ) ;
#2934 = ORIENTED_EDGE ( 'NONE', *, *, #1888, .T. ) ;
#2935 = AXIS2_PLACEMENT_3D ( 'NONE', #2425, #3568, #2704 ) ;
#2936 = VERTEX_POINT ( 'NONE', #2877 ) ;
#2937 = DIRECTION ( 'NONE',  ( 1.401656568589260132E-14, -1.000000000000000000, -6.071532165918824830E-15 ) ) ;
#2938 = DIRECTION ( 'NONE',  ( -4.541160931884852426E-17, 0.000000000000000000, 1.000000000000000000 ) ) ;
#2939 = VECTOR ( 'NONE', #245, 1000.000000000000000 ) ;
#2940 = DIRECTION ( 'NONE',  ( 0.000000000000000000, 1.000000000000000000, 6.071532165918823253E-15 ) ) ;
#2941 = ORIENTED_EDGE ( 'NONE', *, *, #2406, .F. ) ;
#2942 = AXIS2_PLACEMENT_3D ( 'NONE', #196, #466, #3772 ) ;
#2943 = EDGE_CURVE ( 'NONE', #1440, #604, #1651, .T. ) ;
#2944 = CARTESIAN_POINT ( 'NONE',  ( 13.20000000000043450, -31.86547286757753028, -19.10000000000033538 ) ) ;
#2945 = VECTOR ( 'NONE', #3341, 1000.000000000000000 ) ;
#2946 = DIRECTION ( 'NONE',  ( 1.401656568589260132E-14, -1.000000000000000000, -6.071532165918824830E-15 ) ) ;
#2947 = EDGE_LOOP ( 'NONE', ( #1416, #114, #2566, #3475 ) ) ;
#2948 = ORIENTED_EDGE ( 'NONE', *, *, #264, .F. ) ;
#2949 = EDGE_CURVE ( 'NONE', #661, #2565, #1124, .T. ) ;
#2950 = CIRCLE ( 'NONE', #1369, 1.000000000000002665 ) ;
#2951 = CARTESIAN_POINT ( 'NONE',  ( 12.20000000000075957, -54.86547286757755160, 18.09999999999964615 ) ) ;
#2952 = DIRECTION ( 'NONE',  ( 0.000000000000000000, 0.000000000000000000, 1.000000000000000000 ) ) ;
#2953 = AXIS2_PLACEMENT_3D ( 'NONE', #1070, #3802, #2940 ) ;
#2954 = APPROVAL_STATUS ( 'not_yet_approved' ) ;
#2955 = FACE_OUTER_BOUND ( 'NONE', #668, .T. ) ;
#2956 = FACE_OUTER_BOUND ( 'NONE', #2433, .T. ) ;
#2957 = LINE ( 'NONE', #3281, #3697 ) ;
#2958 = ORIENTED_EDGE ( 'NONE', *, *, #1066, .T. ) ;
#2959 = ORIENTED_EDGE ( 'NONE', *, *, #1345, .T. ) ;
#2960 = DIRECTION ( 'NONE',  ( -1.000000000000000000, -1.400000000000000188E-14, -8.500145032286354557E-29 ) ) ;
#2961 = DIRECTION ( 'NONE',  ( 0.000000000000000000, 0.000000000000000000, 1.000000000000000000 ) ) ;
#2962 = DIRECTION ( 'NONE',  ( 1.400708396751458928E-14, -1.000000000000000000, -5.994332430076922692E-15 ) ) ;
#2963 = EDGE_LOOP ( 'NONE', ( #794, #1412, #1835, #1532 ) ) ;
#2964 = LINE ( 'NONE', #2944, #3752 ) ;
#2965 = CARTESIAN_POINT ( 'NONE',  ( -17.99999999999972644, -19.86547286757775410, -19.10000000000012221 ) ) ;
#2966 = ORIENTED_EDGE ( 'NONE', *, *, #1816, .T. ) ;
#2967 = DIRECTION ( 'NONE',  ( -1.401656568589260132E-14, 1.000000000000000000, 6.071532165918824830E-15 ) ) ;
#2968 = CARTESIAN_POINT ( 'NONE',  ( 1.100000000000759259, -25.36547286757731356, 19.09999999999998366 ) ) ;
#2969 = ADVANCED_FACE ( 'NONE', ( #1087 ), #1403, .F. ) ;
#2970 = EDGE_CURVE ( 'NONE', #3241, #3151, #1385, .T. ) ;
#2971 = DIRECTION ( 'NONE',  ( -0.8660254037844407060, -0.4999999999999965583, -0.000000000000000000 ) ) ;
#2972 = CARTESIAN_POINT ( 'NONE',  ( 18.50000000000019540, -12.51461990649167788, 8.000000000000000000 ) ) ;
#2973 = LINE ( 'NONE', #3884, #3440 ) ;
#2974 = EDGE_CURVE ( 'NONE', #1280, #3359, #3770, .T. ) ;
#2975 = FACE_OUTER_BOUND ( 'NONE', #2854, .T. ) ;
#2976 = ORIENTED_EDGE ( 'NONE', *, *, #2266, .F. ) ;
#2977 = CC_DESIGN_DATE_AND_TIME_ASSIGNMENT ( #2676, #3859, ( #2495 ) ) ;
#2978 = VERTEX_POINT ( 'NONE', #3457 ) ;
#2979 = DIRECTION ( 'NONE',  ( 8.404250380508755870E-29, -5.999999999999998889E-15, 1.000000000000000000 ) ) ;
#2980 = DIRECTION ( 'NONE',  ( 1.401656568589260132E-14, -1.000000000000000000, -6.071532165918824830E-15 ) ) ;
#2981 = FACE_OUTER_BOUND ( 'NONE', #3585, .T. ) ;
#2982 = ORIENTED_EDGE ( 'NONE', *, *, #2455, .F. ) ;
#2983 = CARTESIAN_POINT ( 'NONE',  ( -18.99999999999955946, -31.86547286757797437, -4.750000000000001776 ) ) ;
#2984 = FACE_BOUND ( 'NONE', #3362, .T. ) ;
#2985 = CARTESIAN_POINT ( 'NONE',  ( -17.99999999999956657, -31.86547286757753028, 18.09999999999980602 ) ) ;
#2986 = ORIENTED_EDGE ( 'NONE', *, *, #1219, .T. ) ;
#2987 = CYLINDRICAL_SURFACE ( 'NONE', #2855, 1.000000000000000888 ) ;
#2988 = CARTESIAN_POINT ( 'NONE',  ( 9.696152422706715512, 21.13452713242252301, 2.734115996105726880E-14 ) ) ;
#2989 = CYLINDRICAL_SURFACE ( 'NONE', #1368, 1.000000000000000888 ) ;
#2990 = AXIS2_PLACEMENT_3D ( 'NONE', #3312, #3627, #925 ) ;
#2991 = EDGE_CURVE ( 'NONE', #1261, #2305, #1992, .T. ) ;
#2992 = DIRECTION ( 'NONE',  ( -1.000000000000000000, -1.401873053107404321E-14, 0.000000000000000000 ) ) ;
#2993 = DIRECTION ( 'NONE',  ( 1.000000000000000000, 1.349229370204180386E-14, 0.000000000000000000 ) ) ;
#2994 = AXIS2_PLACEMENT_3D ( 'NONE', #1003, #2478, #1290 ) ;
#2995 = DIRECTION ( 'NONE',  ( 1.000000000000000000, 1.349229370204182752E-14, 0.000000000000000000 ) ) ;
#2996 = ORIENTED_EDGE ( 'NONE', *, *, #2919, .F. ) ;
#2997 = ORIENTED_EDGE ( 'NONE', *, *, #338, .F. ) ;
#2998 = ADVANCED_FACE ( 'NONE', ( #2852 ), #151, .T. ) ;
#2999 = FACE_OUTER_BOUND ( 'NONE', #1007, .T. ) ;
#3000 = DIRECTION ( 'NONE',  ( 1.401656568589260132E-14, -1.000000000000000000, -6.071532165918824830E-15 ) ) ;
#3001 = CIRCLE ( 'NONE', #534, 2.144395624589431115 ) ;
#3002 = DIRECTION ( 'NONE',  ( 0.000000000000000000, -1.000000000000000000, -5.999999999999998889E-15 ) ) ;
#3003 = VERTEX_POINT ( 'NONE', #3197 ) ;
#3004 = CARTESIAN_POINT ( 'NONE',  ( 5.499999999999634070, 26.13452713242246617, 1.648907656527608154E-13 ) ) ;
#3005 = CARTESIAN_POINT ( 'NONE',  ( 2.750000000000267786, -18.86547286757758002, -1.128263376849331957E-13 ) ) ;
#3006 = AXIS2_PLACEMENT_3D ( 'NONE', #1863, #377, #1584 ) ;
#3007 = ORIENTED_EDGE ( 'NONE', *, *, #3263, .T. ) ;
#3008 = VECTOR ( 'NONE', #2202, 1000.000000000000000 ) ;
#3009 = CIRCLE ( 'NONE', #3896, 1.000000000000004441 ) ;
#3010 = DIRECTION ( 'NONE',  ( -1.000000000000000000, -1.349229370204183541E-14, 0.000000000000000000 ) ) ;
#3011 = DATE_AND_TIME ( #1474, #2249 ) ;
#3012 = APPROVAL_PERSON_ORGANIZATION ( #1454, #3142, #2660 ) ;
#3013 = AXIS2_PLACEMENT_3D ( 'NONE', #684, #127, #3706 ) ;
#3014 = CARTESIAN_POINT ( 'NONE',  ( 10.50000000000026290, -18.86547286757742370, -8.000000000000117240 ) ) ;
#3015 = CARTESIAN_POINT ( 'NONE',  ( -2.899999999999743228, -31.86547286757753028, 18.09999999999988063 ) ) ;
#3016 = VECTOR ( 'NONE', #2207, 1000.000000000000114 ) ;
#3017 = DIRECTION ( 'NONE',  ( 0.000000000000000000, 1.000000000000000000, 5.204170427930398406E-15 ) ) ;
#3018 = EDGE_LOOP ( 'NONE', ( #1362, #2213 ) ) ;
#3019 = ADVANCED_FACE ( 'NONE', ( #1716 ), #3536, .T. ) ;
#3020 = EDGE_LOOP ( 'NONE', ( #1542, #320, #1895, #816, #1285, #3292 ) ) ;
#3021 = CIRCLE ( 'NONE', #3836, 1.800000000000003597 ) ;
#3022 = DIRECTION ( 'NONE',  ( 1.401656568589260132E-14, -1.000000000000000000, -6.071532165918824830E-15 ) ) ;
#3023 = DIRECTION ( 'NONE',  ( -1.000000000000000000, -1.456122284970662170E-14, 0.000000000000000000 ) ) ;
#3024 = EDGE_CURVE ( 'NONE', #591, #3691, #1737, .T. ) ;
#3025 = DIRECTION ( 'NONE',  ( 1.000000000000000000, 1.400000000000000188E-14, 8.500145032286357920E-29 ) ) ;
#3026 = EDGE_LOOP ( 'NONE', ( #3168, #3902, #267, #2083 ) ) ;
#3027 = ADVANCED_FACE ( 'NONE', ( #463 ), #3787, .F. ) ;
#3028 = ORIENTED_EDGE ( 'NONE', *, *, #2026, .T. ) ;
#3029 = CARTESIAN_POINT ( 'NONE',  ( -4.500000000000363265, 26.13452713242232761, 1.601330316474898478E-13 ) ) ;
#3030 = FACE_BOUND ( 'NONE', #2509, .T. ) ;
#3031 = EDGE_CURVE ( 'NONE', #1574, #374, #2310, .T. ) ;
#3032 = CC_DESIGN_DATE_AND_TIME_ASSIGNMENT ( #640, #922, ( #359 ) ) ;
#3033 = VERTEX_POINT ( 'NONE', #3516 ) ;
#3034 = PLANE ( 'NONE',  #987 ) ;
#3035 = DIRECTION ( 'NONE',  ( -1.000000000000000000, 0.000000000000000000, -0.000000000000000000 ) ) ;
#3036 = DIRECTION ( 'NONE',  ( 1.401656568589260132E-14, -1.000000000000000000, -6.071532165918824830E-15 ) ) ;
#3037 = EDGE_LOOP ( 'NONE', ( #141, #3792 ) ) ;
#3038 = PLANE ( 'NONE',  #3132 ) ;
#3039 = LINE ( 'NONE', #2739, #287 ) ;
#3040 = CARTESIAN_POINT ( 'NONE',  ( 0.9999999999999846789, 22.63452713242243775, -5.499999999999865885 ) ) ;
#3041 = VERTEX_POINT ( 'NONE', #2036 ) ;
#3042 = ORIENTED_EDGE ( 'NONE', *, *, #1816, .F. ) ;
#3043 = ADVANCED_FACE ( 'NONE', ( #2016 ), #2917, .F. ) ;
#3044 = CARTESIAN_POINT ( 'NONE',  ( -5.499999999999805489, -13.86547286757769371, -8.272825498926314544E-14 ) ) ;
#3045 = ORIENTED_EDGE ( 'NONE', *, *, #650, .F. ) ;
#3046 = EDGE_CURVE ( 'NONE', #374, #721, #1420, .T. ) ;
#3047 = FACE_OUTER_BOUND ( 'NONE', #909, .T. ) ;
#3048 = DIRECTION ( 'NONE',  ( -1.000000000000000000, -1.349229370204181806E-14, 0.000000000000000000 ) ) ;
#3049 = CARTESIAN_POINT ( 'NONE',  ( 16.50000000000022737, 17.67042551728474109, 8.000000000000000000 ) ) ;
#3050 = AXIS2_PLACEMENT_3D ( 'NONE', #3819, #1394, #2561 ) ;
#3051 = DIRECTION ( 'NONE',  ( 1.401656568589260132E-14, -1.000000000000000000, -6.071532165918824830E-15 ) ) ;
#3052 = VERTEX_POINT ( 'NONE', #3829 ) ;
#3053 = CIRCLE ( 'NONE', #284, 2.750000000000003109 ) ;
#3054 = DIRECTION ( 'NONE',  ( 0.000000000000000000, 1.000000000000000000, 0.000000000000000000 ) ) ;
#3055 = CARTESIAN_POINT ( 'NONE',  ( 5.499999999999682920, 22.63452713242246617, 1.434863280969262991E-13 ) ) ;
#3056 = CARTESIAN_POINT ( 'NONE',  ( -3.669343482165665092E-13, 26.13452713242242353, -5.499999999999833022 ) ) ;
#3057 = VERTEX_POINT ( 'NONE', #3747 ) ;
#3058 = CIRCLE ( 'NONE', #2119, 2.999999999999999112 ) ;
#3059 = ORIENTED_EDGE ( 'NONE', *, *, #1747, .F. ) ;
#3060 = DIRECTION ( 'NONE',  ( 1.400000000000000030E-14, -1.000000000000000000, -5.999999999999998889E-15 ) ) ;
#3061 = AXIS2_PLACEMENT_3D ( 'NONE', #1907, #1336, #3412 ) ;
#3062 = EDGE_CURVE ( 'NONE', #2369, #2918, #3832, .T. ) ;
#3063 = ORIENTED_EDGE ( 'NONE', *, *, #1981, .T. ) ;
#3064 = AXIS2_PLACEMENT_3D ( 'NONE', #3421, #679, #3443 ) ;
#3065 = LINE ( 'NONE', #361, #541 ) ;
#3066 = AXIS2_PLACEMENT_3D ( 'NONE', #2836, #726, #134 ) ;
#3067 = COORDINATED_UNIVERSAL_TIME_OFFSET ( 8, 0, .AHEAD. ) ;
#3068 = EDGE_CURVE ( 'NONE', #833, #1944, #3586, .T. ) ;
#3069 = CIRCLE ( 'NONE', #2697, 2.000000000000000888 ) ;
#3070 = CARTESIAN_POINT ( 'NONE',  ( -6.899999999999239186, -25.36547286757731712, 15.59999999999998543 ) ) ;
#3071 = CYLINDRICAL_SURFACE ( 'NONE', #2747, 1.800000000000001155 ) ;
#3072 = VECTOR ( 'NONE', #474, 1000.000000000000000 ) ;
#3073 = AXIS2_PLACEMENT_3D ( 'NONE', #3106, #1023, #3395 ) ;
#3074 = CARTESIAN_POINT ( 'NONE',  ( 2.151685783464587704E-13, -15.36547286757764930, 5.499999999999905853 ) ) ;
#3075 = ORIENTED_EDGE ( 'NONE', *, *, #1935, .F. ) ;
#3076 = ADVANCED_FACE ( 'NONE', ( #849 ), #2416, .T. ) ;
#3077 = VECTOR ( 'NONE', #237, 1000.000000000000000 ) ;
#3078 = CARTESIAN_POINT ( 'NONE',  ( 13.20000000000040608, -29.86547286757752317, 4.749999999999997335 ) ) ;
#3079 = LINE ( 'NONE', #1873, #2306 ) ;
#3080 = CARTESIAN_POINT ( 'NONE',  ( -8.899999999999240075, -25.36547286757734554, -14.10000000000015774 ) ) ;
#3081 = ORIENTED_EDGE ( 'NONE', *, *, #1825, .F. ) ;
#3082 = ORIENTED_EDGE ( 'NONE', *, *, #2816, .F. ) ;
#3083 = DIRECTION ( 'NONE',  ( -8.439195288535822483E-29, 5.999999999999999677E-15, -1.000000000000000000 ) ) ;
#3084 = ORIENTED_EDGE ( 'NONE', *, *, #3211, .T. ) ;
#3085 = DIRECTION ( 'NONE',  ( -1.000000000000000000, -1.387778780781444413E-14, 0.000000000000000000 ) ) ;
#3086 = ADVANCED_FACE ( 'NONE', ( #2057, #2432, #1228 ), #1195, .F. ) ;
#3087 = DIRECTION ( 'NONE',  ( 1.401656568589260132E-14, -1.000000000000000000, -6.071532165918824830E-15 ) ) ;
#3088 = EDGE_CURVE ( 'NONE', #1974, #3216, #2705, .T. ) ;
#3089 = FACE_OUTER_BOUND ( 'NONE', #1768, .T. ) ;
#3090 = LINE ( 'NONE', #625, #680 ) ;
#3091 = ORIENTED_EDGE ( 'NONE', *, *, #2715, .T. ) ;
#3092 = FACE_OUTER_BOUND ( 'NONE', #2066, .T. ) ;
#3093 = ADVANCED_FACE ( 'NONE', ( #2981 ), #1839, .F. ) ;
#3094 = DIRECTION ( 'NONE',  ( -1.000000000000000000, -1.349229370204183541E-14, 0.000000000000000000 ) ) ;
#3095 = FACE_OUTER_BOUND ( 'NONE', #2963, .T. ) ;
#3096 = ORIENTED_EDGE ( 'NONE', *, *, #1032, .F. ) ;
#3097 = VERTEX_POINT ( 'NONE', #2116 ) ;
#3098 = DIRECTION ( 'NONE',  ( 1.000000000000000000, 0.000000000000000000, 0.000000000000000000 ) ) ;
#3099 = ORIENTED_EDGE ( 'NONE', *, *, #31, .T. ) ;
#3100 = CARTESIAN_POINT ( 'NONE',  ( 8.200000000000407852, -29.86547286757759423, -4.750000000000001776 ) ) ;
#3101 = DIRECTION ( 'NONE',  ( -1.000000000000000000, -1.387778780781445676E-14, 0.000000000000000000 ) ) ;
#3102 = FACE_OUTER_BOUND ( 'NONE', #1730, .T. ) ;
#3103 = FACE_OUTER_BOUND ( 'NONE', #9, .T. ) ;
#3104 = ORIENTED_EDGE ( 'NONE', *, *, #3264, .T. ) ;
#3105 = EDGE_CURVE ( 'NONE', #3283, #2007, #2392, .T. ) ;
#3106 = CARTESIAN_POINT ( 'NONE',  ( 5.500000000000193623, -13.86547286757754094, -8.272825498926221143E-14 ) ) ;
#3107 = CARTESIAN_POINT ( 'NONE',  ( 13.50000000000019718, 19.40247632485361962, 5.000000000000066613 ) ) ;
#3108 = DIRECTION ( 'NONE',  ( 0.000000000000000000, -1.000000000000000000, -6.071532165918823253E-15 ) ) ;
#3109 = ORIENTED_EDGE ( 'NONE', *, *, #3716, .T. ) ;
#3110 = EDGE_CURVE ( 'NONE', #520, #1702, #3554, .T. ) ;
#3111 = EDGE_LOOP ( 'NONE', ( #3091, #3871 ) ) ;
#3112 = VECTOR ( 'NONE', #2215, 1000.000000000000000 ) ;
#3113 = DIRECTION ( 'NONE',  ( 1.401656568589260132E-14, -1.000000000000000000, -6.071532165918824830E-15 ) ) ;
#3114 = VECTOR ( 'NONE', #669, 1000.000000000000000 ) ;
#3115 = DIRECTION ( 'NONE',  ( -1.400000000000000030E-14, 1.000000000000000000, 6.000000000000000466E-15 ) ) ;
#3116 = EDGE_LOOP ( 'NONE', ( #3453, #1834, #3743, #2726 ) ) ;
#3117 = DIRECTION ( 'NONE',  ( 0.000000000000000000, 0.000000000000000000, -1.000000000000000000 ) ) ;
#3118 = VERTEX_POINT ( 'NONE', #1443 ) ;
#3119 = AXIS2_PLACEMENT_3D ( 'NONE', #3542, #836, #15 ) ;
#3120 = LINE ( 'NONE', #2521, #3112 ) ;
#3121 = DIRECTION ( 'NONE',  ( 1.401656568589260132E-14, -1.000000000000000000, -6.071532165918824830E-15 ) ) ;
#3122 = DIRECTION ( 'NONE',  ( -1.401656568589260132E-14, 1.000000000000000000, 6.071532165918824830E-15 ) ) ;
#3123 = ORIENTED_EDGE ( 'NONE', *, *, #3210, .T. ) ;
#3124 = AXIS2_PLACEMENT_3D ( 'NONE', #832, #1765, #1783 ) ;
#3125 = LINE ( 'NONE', #2205, #419 ) ;
#3126 = AXIS2_PLACEMENT_3D ( 'NONE', #1753, #225, #3841 ) ;
#3127 = DIRECTION ( 'NONE',  ( -1.000000000000000000, -1.387778780781441100E-14, 0.000000000000000000 ) ) ;
#3128 = EDGE_CURVE ( 'NONE', #1234, #578, #2669, .T. ) ;
#3129 = CARTESIAN_POINT ( 'NONE',  ( -1.799999999999701616, -21.36547286757760844, -5.500000000000108358 ) ) ;
#3130 = VERTEX_POINT ( 'NONE', #3343 ) ;
#3131 = VERTEX_POINT ( 'NONE', #1465 ) ;
#3132 = AXIS2_PLACEMENT_3D ( 'NONE', #1539, #2738, #38 ) ;
#3133 = DIRECTION ( 'NONE',  ( 1.401656568589260132E-14, -1.000000000000000000, -6.071532165918824830E-15 ) ) ;
#3134 = EDGE_CURVE ( 'NONE', #2514, #1113, #632, .T. ) ;
#3135 = ADVANCED_FACE ( 'NONE', ( #1527 ), #2724, .F. ) ;
#3136 = VECTOR ( 'NONE', #526, 1000.000000000000000 ) ;
#3137 = DIRECTION ( 'NONE',  ( -1.000000000000000000, -1.387778780781442047E-14, 0.000000000000000000 ) ) ;
#3138 = ORIENTED_EDGE ( 'NONE', *, *, #1773, .F. ) ;
#3139 = CIRCLE ( 'NONE', #946, 1.800000000000001155 ) ;
#3140 = EDGE_CURVE ( 'NONE', #3003, #789, #3286, .T. ) ;
#3141 = CARTESIAN_POINT ( 'NONE',  ( 17.00000000000018474, -15.11269611784499922, -8.000000000000103029 ) ) ;
#3142 = APPROVAL ( #2954, '未指定' ) ;
#3143 = ORIENTED_EDGE ( 'NONE', *, *, #3308, .T. ) ;
#3144 = DIRECTION ( 'NONE',  ( 1.000000000000000000, 1.387778780781438260E-14, 0.000000000000000000 ) ) ;
#3145 = LINE ( 'NONE', #68, #1360 ) ;
#3146 = DIRECTION ( 'NONE',  ( 1.400000000000000030E-14, -1.000000000000000000, -5.999999999999999677E-15 ) ) ;
#3147 = ORIENTED_EDGE ( 'NONE', *, *, #2055, .T. ) ;
#3148 = DIRECTION ( 'NONE',  ( 1.000000000000000000, 0.000000000000000000, 0.000000000000000000 ) ) ;
#3149 = CARTESIAN_POINT ( 'NONE',  ( 3.100000000000759925, -25.36547286757750896, 14.09999999999984155 ) ) ;
#3150 = CYLINDRICAL_SURFACE ( 'NONE', #2196, 2.999999999999999112 ) ;
#3151 = VERTEX_POINT ( 'NONE', #573 ) ;
#3152 = ORIENTED_EDGE ( 'NONE', *, *, #1328, .F. ) ;
#3153 = DIRECTION ( 'NONE',  ( -1.000000000000000000, -1.387778780781027264E-14, 0.000000000000000000 ) ) ;
#3154 = DIRECTION ( 'NONE',  ( 8.404250380508755870E-29, -5.999999999999998889E-15, 1.000000000000000000 ) ) ;
#3155 = EDGE_LOOP ( 'NONE', ( #3674, #2030 ) ) ;
#3156 = EDGE_CURVE ( 'NONE', #2277, #1876, #1255, .T. ) ;
#3157 = FACE_BOUND ( 'NONE', #3037, .T. ) ;
#3158 = EDGE_LOOP ( 'NONE', ( #955, #3370 ) ) ;
#3159 = ORIENTED_EDGE ( 'NONE', *, *, #650, .T. ) ;
#3160 = EDGE_CURVE ( 'NONE', #3003, #3781, #2325, .T. ) ;
#3161 = CARTESIAN_POINT ( 'NONE',  ( 3.700000000000213340, -15.36547286757756758, -1.096367139724462106E-13 ) ) ;
#3162 = DIRECTION ( 'NONE',  ( -1.462950131407107737E-13, -1.000000000000000000, -5.782411586589358822E-15 ) ) ;
#3163 = CARTESIAN_POINT ( 'NONE',  ( 2.852514067759217517E-13, -20.36547286757758002, -5.500000000000119904 ) ) ;
#3164 = CARTESIAN_POINT ( 'NONE',  ( 8.200000000000436273, -31.86547286757753028, -1.280859158188560697E-13 ) ) ;
#3165 = DIRECTION ( 'NONE',  ( 0.000000000000000000, -1.000000000000000000, -6.071532165918822464E-15 ) ) ;
#3166 = LINE ( 'NONE', #170, #1827 ) ;
#3167 = ORIENTED_EDGE ( 'NONE', *, *, #165, .F. ) ;
#3168 = ORIENTED_EDGE ( 'NONE', *, *, #2401, .T. ) ;
#3169 = DIRECTION ( 'NONE',  ( 1.000000000000000000, 0.000000000000000000, 0.000000000000000000 ) ) ;
#3170 = DIRECTION ( 'NONE',  ( -1.000000000000000000, -1.400708396751458928E-14, -7.750441631749831127E-31 ) ) ;
#3171 = CARTESIAN_POINT ( 'NONE',  ( -29.81419714636372831, -31.86547286757753028, 29.09999999999998721 ) ) ;
#3172 = AXIS2_PLACEMENT_3D ( 'NONE', #2390, #3592, #310 ) ;
#3173 = ORIENTED_EDGE ( 'NONE', *, *, #2273, .F. ) ;
#3174 = CIRCLE ( 'NONE', #851, 8.000000000000000000 ) ;
#3175 = DIRECTION ( 'NONE',  ( 1.000000000000000000, 0.000000000000000000, 0.000000000000000000 ) ) ;
#3176 = EDGE_CURVE ( 'NONE', #1174, #2936, #2098, .T. ) ;
#3177 = VERTEX_POINT ( 'NONE', #2650 ) ;
#3178 = ORIENTED_EDGE ( 'NONE', *, *, #1458, .F. ) ;
#3179 = AXIS2_PLACEMENT_3D ( 'NONE', #1851, #3285, #275 ) ;
#3180 = FACE_OUTER_BOUND ( 'NONE', #1648, .T. ) ;
#3181 = FACE_OUTER_BOUND ( 'NONE', #126, .T. ) ;
#3182 = AXIS2_PLACEMENT_3D ( 'NONE', #1577, #2788, #3094 ) ;
#3183 = ADVANCED_FACE ( 'NONE', ( #3851 ), #2352, .T. ) ;
#3184 = ORIENTED_EDGE ( 'NONE', *, *, #2839, .F. ) ;
#3185 = CARTESIAN_POINT ( 'NONE',  ( -3.700000000000314149, 22.63452713242233827, 1.437067645207718934E-13 ) ) ;
#3186 = EDGE_LOOP ( 'NONE', ( #2986, #2831, #1841, #1999, #394, #3895 ) ) ;
#3187 = AXIS2_PLACEMENT_3D ( 'NONE', #265, #621, #1534 ) ;
#3188 = CARTESIAN_POINT ( 'NONE',  ( 10.50000000000007994, -13.86547286757758535, -8.000000000000090594 ) ) ;
#3189 = CIRCLE ( 'NONE', #1498, 1.800000000000003597 ) ;
#3190 = LINE ( 'NONE', #1064, #3710 ) ;
#3191 = EDGE_LOOP ( 'NONE', ( #1844, #807, #3430, #1091 ) ) ;
#3192 = ADVANCED_FACE ( 'NONE', ( #954 ), #1010, .T. ) ;
#3193 = EDGE_LOOP ( 'NONE', ( #3771, #2677, #1993, #2348 ) ) ;
#3194 = AXIS2_PLACEMENT_3D ( 'NONE', #910, #2979, #3573 ) ;
#3195 = CARTESIAN_POINT ( 'NONE',  ( -3.669343482165665092E-13, 26.13452713242242353, -5.499999999999833022 ) ) ;
#3196 = DIRECTION ( 'NONE',  ( 1.401656568589260132E-14, -1.000000000000000000, -6.071532165918824830E-15 ) ) ;
#3197 = CARTESIAN_POINT ( 'NONE',  ( 11.19615242270666400, 20.73260334377589587, -7.999999999999877431 ) ) ;
#3198 = AXIS2_PLACEMENT_3D ( 'NONE', #1644, #201, #3444 ) ;
#3199 = AXIS2_PLACEMENT_3D ( 'NONE', #3447, #72, #1276 ) ;
#3200 = EDGE_LOOP ( 'NONE', ( #388, #2258, #2659, #2133 ) ) ;
#3201 = AXIS2_PLACEMENT_3D ( 'NONE', #1211, #877, #3002 ) ;
#3202 = DIRECTION ( 'NONE',  ( 6.464807985007574834E-16, -5.999999999999990211E-15, 1.000000000000000000 ) ) ;
#3203 = ORIENTED_EDGE ( 'NONE', *, *, #3128, .T. ) ;
#3204 = ORIENTED_EDGE ( 'NONE', *, *, #2244, .F. ) ;
#3205 = AXIS2_PLACEMENT_3D ( 'NONE', #1692, #756, #2871 ) ;
#3206 = CYLINDRICAL_SURFACE ( 'NONE', #1347, 2.999999999999999112 ) ;
#3207 = CARTESIAN_POINT ( 'NONE',  ( 2.642122992093283820E-13, -18.86547286757750541, -8.000000000000115463 ) ) ;
#3208 = DIRECTION ( 'NONE',  ( -8.326672684688673325E-29, 5.999999999999999677E-15, -1.000000000000000000 ) ) ;
#3209 = ORIENTED_EDGE ( 'NONE', *, *, #767, .T. ) ;
#3210 = EDGE_CURVE ( 'NONE', #272, #1815, #620, .T. ) ;
#3211 = EDGE_CURVE ( 'NONE', #1778, #2978, #3394, .T. ) ;
#3212 = DIRECTION ( 'NONE',  ( 8.267618268485208376E-29, 0.000000000000000000, -1.000000000000000000 ) ) ;
#3213 = CARTESIAN_POINT ( 'NONE',  ( 13.20000000000042029, -30.66547286757766599, 6.350000000000103562 ) ) ;
#3214 = DIRECTION ( 'NONE',  ( 0.7071067811865481278, 4.293221566713441867E-15, -0.7071067811865469066 ) ) ;
#3215 = ORIENTED_EDGE ( 'NONE', *, *, #1458, .T. ) ;
#3216 = VERTEX_POINT ( 'NONE', #2470 ) ;
#3217 = EDGE_CURVE ( 'NONE', #2492, #1349, #735, .T. ) ;
#3218 = DIRECTION ( 'NONE',  ( 1.000000000000000000, 1.400000000000000030E-14, 4.541160931884852426E-17 ) ) ;
#3219 = CARTESIAN_POINT ( 'NONE',  ( 13.20000000000043450, -31.86547286757753028, -19.10000000000033538 ) ) ;
#3220 = CARTESIAN_POINT ( 'NONE',  ( 38.00000000000044764, -29.86547286757717856, 6.749999999999997335 ) ) ;
#3221 = VERTEX_POINT ( 'NONE', #1249 ) ;
#3222 = FACE_BOUND ( 'NONE', #2228, .T. ) ;
#3223 = VERTEX_POINT ( 'NONE', #968 ) ;
#3224 = ORIENTED_EDGE ( 'NONE', *, *, #3673, .F. ) ;
#3225 = FACE_BOUND ( 'NONE', #2088, .T. ) ;
#3226 = CARTESIAN_POINT ( 'NONE',  ( 12.20000000000026574, -19.86547286757756581, 19.09999999999985931 ) ) ;
#3227 = CYLINDRICAL_SURFACE ( 'NONE', #3239, 2.999999999999999112 ) ;
#3228 = PLANE ( 'NONE',  #2555 ) ;
#3229 = CARTESIAN_POINT ( 'NONE',  ( -7.300000000000318678, 22.63452713242228853, 1.434863280969253651E-13 ) ) ;
#3230 = ORIENTED_EDGE ( 'NONE', *, *, #2490, .T. ) ;
#3231 = EDGE_CURVE ( 'NONE', #1189, #1425, #686, .T. ) ;
#3232 = ORIENTED_EDGE ( 'NONE', *, *, #525, .T. ) ;
#3233 = CARTESIAN_POINT ( 'NONE',  ( 1.100000000000759259, -25.36547286757731356, -15.60000000000015952 ) ) ;
#3234 = CARTESIAN_POINT ( 'NONE',  ( 9.696152422706640905, 26.13452713242257275, -7.999999999999841904 ) ) ;
#3235 = CARTESIAN_POINT ( 'NONE',  ( -3.661482486269437559E-13, 26.13452713242235603, 5.500000000000158096 ) ) ;
#3236 = ADVANCED_FACE ( 'NONE', ( #1593, #2168, #1265, #2508, #647 ), #2761, .T. ) ;
#3237 = EDGE_LOOP ( 'NONE', ( #2872, #3279, #894, #1701 ) ) ;
#3238 = DIRECTION ( 'NONE',  ( -1.000000000000000000, -1.349229370204183541E-14, 0.000000000000000000 ) ) ;
#3239 = AXIS2_PLACEMENT_3D ( 'NONE', #1435, #1665, #1708 ) ;
#3240 = SPHERICAL_SURFACE ( 'NONE', #48, 1.000000000000000000 ) ;
#3241 = VERTEX_POINT ( 'NONE', #74 ) ;
#3242 = ORIENTED_EDGE ( 'NONE', *, *, #2055, .F. ) ;
#3243 = AXIS2_PLACEMENT_3D ( 'NONE', #448, #2860, #3775 ) ;
#3244 = CARTESIAN_POINT ( 'NONE',  ( -10.89999999999924007, -25.36547286757731712, -15.60000000000015952 ) ) ;
#3245 = FACE_BOUND ( 'NONE', #1201, .T. ) ;
#3246 = ORIENTED_EDGE ( 'NONE', *, *, #2821, .T. ) ;
#3247 = AXIS2_PLACEMENT_3D ( 'NONE', #486, #1715, #876 ) ;
#3248 = CARTESIAN_POINT ( 'NONE',  ( 10.50000000000019540, -13.86547286757751785, 8.000000000000000000 ) ) ;
#3249 = AXIS2_PLACEMENT_3D ( 'NONE', #1040, #664, #437 ) ;
#3250 = CARTESIAN_POINT ( 'NONE',  ( 8.200000000000436273, -31.86547286757753028, 8.750000000000264677 ) ) ;
#3251 = FACE_BOUND ( 'NONE', #1998, .T. ) ;
#3252 = DIRECTION ( 'NONE',  ( 1.000000000000000000, 0.000000000000000000, 0.000000000000000000 ) ) ;
#3253 = VERTEX_POINT ( 'NONE', #666 ) ;
#3254 = CIRCLE ( 'NONE', #537, 1.800000000000002043 ) ;
#3255 = ORIENTED_EDGE ( 'NONE', *, *, #3404, .F. ) ;
#3256 = DIRECTION ( 'NONE',  ( 0.000000000000000000, 0.000000000000000000, 1.000000000000000000 ) ) ;
#3257 = EDGE_CURVE ( 'NONE', #649, #3151, #1940, .T. ) ;
#3258 = DIRECTION ( 'NONE',  ( -1.401873053107404479E-14, 1.000000000000000000, 6.115553587381290921E-15 ) ) ;
#3259 = CIRCLE ( 'NONE', #544, 2.000000000000000888 ) ;
#3260 = DIRECTION ( 'NONE',  ( 1.401656568589260132E-14, -1.000000000000000000, -6.071532165918824830E-15 ) ) ;
#3261 = VERTEX_POINT ( 'NONE', #3040 ) ;
#3262 = CIRCLE ( 'NONE', #1121, 1.750000000000002442 ) ;
#3263 = EDGE_CURVE ( 'NONE', #740, #3118, #1512, .T. ) ;
#3264 = EDGE_CURVE ( 'NONE', #3856, #3551, #3335, .T. ) ;
#3265 = LOCAL_TIME ( 15, 31, 11.00000000000000000, #3067 ) ;
#3266 = DIRECTION ( 'NONE',  ( 1.401656568589260132E-14, -1.000000000000000000, -6.071532165918824830E-15 ) ) ;
#3267 = AXIS2_PLACEMENT_3D ( 'NONE', #1872, #736, #401 ) ;
#3268 = CARTESIAN_POINT ( 'NONE',  ( -8.899999999999240075, -25.36547286757731712, 15.59999999999998543 ) ) ;
#3269 = CARTESIAN_POINT ( 'NONE',  ( 13.20000000000043450, -31.86547286757753028, -8.750000000000268230 ) ) ;
#3270 = ORIENTED_EDGE ( 'NONE', *, *, #2439, .F. ) ;
#3271 = AXIS2_PLACEMENT_3D ( 'NONE', #3044, #3557, #3620 ) ;
#3272 = ADVANCED_FACE ( 'NONE', ( #3095 ), #3685, .F. ) ;
#3273 = CARTESIAN_POINT ( 'NONE',  ( 1.800000000000302691, -21.36547286757762620, 5.499999999999869438 ) ) ;
#3274 = APPROVAL ( #977, '未指定' ) ;
#3275 = DIRECTION ( 'NONE',  ( 1.401656568589260132E-14, -1.000000000000000000, -6.071532165918824830E-15 ) ) ;
#3276 = ORIENTED_EDGE ( 'NONE', *, *, #1308, .T. ) ;
#3277 = AXIS2_PLACEMENT_3D ( 'NONE', #425, #1634, #2282 ) ;
#3278 = CALENDAR_DATE ( 2026, 24, 6 ) ;
#3279 = ORIENTED_EDGE ( 'NONE', *, *, #3505, .T. ) ;
#3280 = DIRECTION ( 'NONE',  ( -8.326672684688673325E-29, 5.999999999999999677E-15, -1.000000000000000000 ) ) ;
#3281 = CARTESIAN_POINT ( 'NONE',  ( -13.99999999999970157, -21.36547286757781094, -1.280859158188579630E-13 ) ) ;
#3282 = EDGE_LOOP ( 'NONE', ( #3209, #3778 ) ) ;
#3283 = VERTEX_POINT ( 'NONE', #372 ) ;
#3284 = DIRECTION ( 'NONE',  ( -8.345426451996534694E-29, 5.999999999999999677E-15, -1.000000000000000000 ) ) ;
#3285 = DIRECTION ( 'NONE',  ( -1.401656568589260132E-14, 1.000000000000000000, 6.071532165918824830E-15 ) ) ;
#3286 = LINE ( 'NONE', #277, #2458 ) ;
#3287 = VERTEX_POINT ( 'NONE', #701 ) ;
#3288 = DIRECTION ( 'NONE',  ( 1.401656568589260132E-14, -1.000000000000000000, -6.071532165918824830E-15 ) ) ;
#3289 = FACE_OUTER_BOUND ( 'NONE', #2929, .T. ) ;
#3290 = CARTESIAN_POINT ( 'NONE',  ( 1.100000000000759259, -25.36547286757731356, -19.10000000000015774 ) ) ;
#3291 = ADVANCED_FACE ( 'NONE', ( #3726 ), #3397, .T. ) ;
#3292 = ORIENTED_EDGE ( 'NONE', *, *, #3231, .T. ) ;
#3293 = DIRECTION ( 'NONE',  ( 1.400000000000000030E-14, -1.000000000000000000, -5.999999999999998889E-15 ) ) ;
#3294 = LINE ( 'NONE', #580, #1739 ) ;
#3295 = ADVANCED_FACE ( 'NONE', ( #2527 ), #1025, .T. ) ;
#3296 = DIRECTION ( 'NONE',  ( 0.000000000000000000, -1.000000000000000000, -5.204170427930398406E-15 ) ) ;
#3297 = DIRECTION ( 'NONE',  ( 1.400000000000000030E-14, -1.000000000000000000, 0.000000000000000000 ) ) ;
#3298 = DIRECTION ( 'NONE',  ( 0.000000000000000000, 0.000000000000000000, -1.000000000000000000 ) ) ;
#3299 = EDGE_LOOP ( 'NONE', ( #825, #238 ) ) ;
#3300 = VERTEX_POINT ( 'NONE', #41 ) ;
#3301 = LINE ( 'NONE', #588, #3513 ) ;
#3302 = DIRECTION ( 'NONE',  ( -1.751623080406021728E-46, -1.000000000000000000, -6.071532165918823253E-15 ) ) ;
#3303 = DIRECTION ( 'NONE',  ( 1.652117596169240712E-16, -6.071532165918823253E-15, 1.000000000000000000 ) ) ;
#3304 = ORIENTED_EDGE ( 'NONE', *, *, #1546, .T. ) ;
#3305 = DIRECTION ( 'NONE',  ( 0.000000000000000000, 0.000000000000000000, 1.000000000000000000 ) ) ;
#3306 = DIRECTION ( 'NONE',  ( 8.439860315745316907E-29, 0.000000000000000000, -1.000000000000000000 ) ) ;
#3307 = ORIENTED_EDGE ( 'NONE', *, *, #1452, .T. ) ;
#3308 = EDGE_CURVE ( 'NONE', #3742, #2728, #2910, .T. ) ;
#3309 = CARTESIAN_POINT ( 'NONE',  ( 12.20000000000043627, -31.86547286757753028, 18.09999999999978471 ) ) ;
#3310 = LINE ( 'NONE', #3248, #47 ) ;
#3311 = CLOSED_SHELL ( 'NONE', ( #3027, #51, #1045, #676, #3497, #3525, #429, #2662, #2216, #390, #3472, #1016, #3786, #967, #1517, #1352, #164, #1569, #1505, #3550, #2893, #1327, #3652, #763, #738, #294, #2560, #1334, #3043, #2889, #1138, #3688, #3338, #3093, #1953, #2104, #2611, #1428, #3086, #1402, #3408, #1856, #1838, #582, #1905, #607, #2767, #2109, #3345, #3236, #249, #1687, #2586, #2606, #339, #135, #936, #3076, #3833, #3433, #2969, #2729, #2789, #2732, #3840, #1242, #3291, #3019, #1911, #3356, #1792, #1639, #850, #1085, #2368, #2868, #1303, #174, #2750, #530, #2267, #3867, #391, #2727, #3624, #2998, #3183, #90, #3192, #3386, #1571, #2515, #1717, #59, #627, #1712, #406, #747, #1220, #3425, #214, #447, #472, #695, #3295, #1173, #1453, #3666, #1842, #844, #1375, #2472, #1734, #3135, #1533, #335, #139, #2156, #1446, #3272, #1590 ) ) ;
#3312 = CARTESIAN_POINT ( 'NONE',  ( -8.899999999999240075, -25.36547286757731712, -15.60000000000015952 ) ) ;
#3313 = EDGE_CURVE ( 'NONE', #3375, #2514, #422, .T. ) ;
#3314 = FACE_OUTER_BOUND ( 'NONE', #606, .T. ) ;
#3315 = CIRCLE ( 'NONE', #3371, 1.000000000000002665 ) ;
#3316 = DIRECTION ( 'NONE',  ( -1.401873053107404321E-14, 1.000000000000000000, 6.115553587381290921E-15 ) ) ;
#3317 = ORIENTED_EDGE ( 'NONE', *, *, #2715, .F. ) ;
#3318 = EDGE_LOOP ( 'NONE', ( #3881, #3736, #3152, #1026, #3184, #3799, #1786, #2587, #2786, #1382, #3246, #2263, #2806, #586, #1427, #2865, #1805 ) ) ;
#3319 = CYLINDRICAL_SURFACE ( 'NONE', #1813, 1.800000000000000711 ) ;
#3320 = EDGE_CURVE ( 'NONE', #2305, #157, #3456, .T. ) ;
#3321 = DIRECTION ( 'NONE',  ( 1.401656568589260132E-14, -1.000000000000000000, -6.071532165918824830E-15 ) ) ;
#3322 = AXIS2_PLACEMENT_3D ( 'NONE', #2890, #2644, #2303 ) ;
#3323 = EDGE_LOOP ( 'NONE', ( #3639, #2714, #497, #3138 ) ) ;
#3324 = ORIENTED_EDGE ( 'NONE', *, *, #2322, .T. ) ;
#3325 = VECTOR ( 'NONE', #3661, 1000.000000000000000 ) ;
#3326 = LINE ( 'NONE', #1199, #615 ) ;
#3327 = LINE ( 'NONE', #618, #1310 ) ;
#3328 = CIRCLE ( 'NONE', #1615, 2.000000000000001776 ) ;
#3329 = EDGE_LOOP ( 'NONE', ( #2149, #3484 ) ) ;
#3330 = VECTOR ( 'NONE', #2805, 1000.000000000000000 ) ;
#3331 = AXIS2_PLACEMENT_3D ( 'NONE', #3195, #809, #1068 ) ;
#3332 = CARTESIAN_POINT ( 'NONE',  ( 3.100000000000759925, -25.36547286757731356, -15.60000000000015952 ) ) ;
#3333 = VECTOR ( 'NONE', #916, 1000.000000000000000 ) ;
#3334 = CYLINDRICAL_SURFACE ( 'NONE', #2177, 1.000000000000004441 ) ;
#3335 = CIRCLE ( 'NONE', #1001, 1.000000000000005329 ) ;
#3336 = DIRECTION ( 'NONE',  ( 1.000000000000000000, 1.400708396751458928E-14, -3.363116314379560970E-44 ) ) ;
#3337 = EDGE_LOOP ( 'NONE', ( #633, #528, #713, #2413 ) ) ;
#3338 = ADVANCED_FACE ( 'NONE', ( #1647 ), #1354, .F. ) ;
#3339 = VERTEX_POINT ( 'NONE', #3129 ) ;
#3340 = AXIS2_PLACEMENT_3D ( 'NONE', #660, #3409, #2465 ) ;
#3341 = DIRECTION ( 'NONE',  ( 0.000000000000000000, 1.000000000000000000, 6.071532165918823253E-15 ) ) ;
#3342 = CARTESIAN_POINT ( 'NONE',  ( 18.50000000000019540, -12.51461990649167788, -8.000000000000088818 ) ) ;
#3343 = CARTESIAN_POINT ( 'NONE',  ( 13.20000000000040785, -29.86547286757752317, -4.750000000000000888 ) ) ;
#3344 = ORIENTED_EDGE ( 'NONE', *, *, #880, .F. ) ;
#3345 = ADVANCED_FACE ( 'NONE', ( #204, #2261 ), #3531, .T. ) ;
#3346 = ORIENTED_EDGE ( 'NONE', *, *, #2754, .F. ) ;
#3347 = CARTESIAN_POINT ( 'NONE',  ( 18.50000000000019540, 21.51572497890524716, -7.999999999999881872 ) ) ;
#3348 = ORIENTED_EDGE ( 'NONE', *, *, #956, .T. ) ;
#3349 = LINE ( 'NONE', #395, #3446 ) ;
#3350 = CARTESIAN_POINT ( 'NONE',  ( 9.696152422707021046, -13.86547286757743436, -8.000000000000087041 ) ) ;
#3351 = CARTESIAN_POINT ( 'NONE',  ( 9.696152422706807883, 26.13452713242247683, 8.000000000000158096 ) ) ;
#3352 = DIRECTION ( 'NONE',  ( 0.000000000000000000, -0.000000000000000000, -1.000000000000000000 ) ) ;
#3353 = ORIENTED_EDGE ( 'NONE', *, *, #933, .F. ) ;
#3354 = DIRECTION ( 'NONE',  ( 1.000000000000000000, 0.000000000000000000, 0.000000000000000000 ) ) ;
#3355 = FACE_OUTER_BOUND ( 'NONE', #2012, .T. ) ;
#3356 = ADVANCED_FACE ( 'NONE', ( #2830 ), #3780, .T. ) ;
#3357 = DIRECTION ( 'NONE',  ( -1.387778780781444413E-14, 1.000000000000000000, 0.000000000000000000 ) ) ;
#3358 = VERTEX_POINT ( 'NONE', #2891 ) ;
#3359 = VERTEX_POINT ( 'NONE', #438 ) ;
#3360 = DIRECTION ( 'NONE',  ( 0.000000000000000000, 1.000000000000000000, 5.204170427930398406E-15 ) ) ;
#3361 = EDGE_CURVE ( 'NONE', #990, #272, #1501, .T. ) ;
#3362 = EDGE_LOOP ( 'NONE', ( #1840, #787 ) ) ;
#3363 = CARTESIAN_POINT ( 'NONE',  ( 2.992502625430267833E-13, -21.36547286757753383, -14.10000000000013287 ) ) ;
#3364 = APPROVAL ( #3608, '未指定' ) ;
#3365 = COORDINATED_UNIVERSAL_TIME_OFFSET ( 8, 0, .AHEAD. ) ;
#3366 = CARTESIAN_POINT ( 'NONE',  ( -8.899999999999240075, -25.36547286757745923, 4.499999999999844569 ) ) ;
#3367 = CARTESIAN_POINT ( 'NONE',  ( -1.000000000000298872, 21.13452713242234182, 5.500000000000133227 ) ) ;
#3368 = AXIS2_PLACEMENT_3D ( 'NONE', #2678, #1240, #2992 ) ;
#3369 = FACE_OUTER_BOUND ( 'NONE', #2636, .T. ) ;
#3370 = ORIENTED_EDGE ( 'NONE', *, *, #926, .T. ) ;
#3371 = AXIS2_PLACEMENT_3D ( 'NONE', #3401, #3689, #2530 ) ;
#3372 = DIRECTION ( 'NONE',  ( -1.000000000000000000, -1.400000000000000030E-14, -4.541160931884852426E-17 ) ) ;
#3373 = DIRECTION ( 'NONE',  ( 1.401656568589260132E-14, -1.000000000000000000, -6.071532165918824830E-15 ) ) ;
#3374 = CARTESIAN_POINT ( 'NONE',  ( 38.00000000000047606, -28.86547286757753028, 8.750000000000264677 ) ) ;
#3375 = VERTEX_POINT ( 'NONE', #1415 ) ;
#3376 = CIRCLE ( 'NONE', #1664, 2.000000000000001776 ) ;
#3377 = ORIENTED_EDGE ( 'NONE', *, *, #972, .T. ) ;
#3378 = FACE_OUTER_BOUND ( 'NONE', #2269, .T. ) ;
#3379 = VECTOR ( 'NONE', #2909, 1000.000000000000000 ) ;
#3380 = VERTEX_POINT ( 'NONE', #1125 ) ;
#3381 = CIRCLE ( 'NONE', #412, 1.800000000000003597 ) ;
#3382 = EDGE_CURVE ( 'NONE', #3216, #1974, #2809, .T. ) ;
#3383 = EDGE_CURVE ( 'NONE', #3358, #407, #3021, .T. ) ;
#3384 = DIRECTION ( 'NONE',  ( -1.404021378911230461E-14, 1.000000000000000000, 6.043800637697349725E-15 ) ) ;
#3385 = AXIS2_PLACEMENT_3D ( 'NONE', #1468, #3538, #2039 ) ;
#3386 = ADVANCED_FACE ( 'NONE', ( #2584 ), #3150, .T. ) ;
#3387 = VECTOR ( 'NONE', #571, 1000.000000000000000 ) ;
#3388 = LINE ( 'NONE', #2783, #3432 ) ;
#3389 = DIRECTION ( 'NONE',  ( 1.000000000000000000, 1.400708396751458928E-14, 5.882392851221893335E-31 ) ) ;
#3390 = CIRCLE ( 'NONE', #3198, 1.000000000000002665 ) ;
#3391 = CIRCLE ( 'NONE', #2451, 2.999999999999999112 ) ;
#3392 = CYLINDRICAL_SURFACE ( 'NONE', #177, 1.000000000000005329 ) ;
#3393 = VERTEX_POINT ( 'NONE', #2848 ) ;
#3394 = CIRCLE ( 'NONE', #2193, 1.000000000000002665 ) ;
#3395 = DIRECTION ( 'NONE',  ( -1.000000000000000000, -1.387778780781440785E-14, 0.000000000000000000 ) ) ;
#3396 = DIRECTION ( 'NONE',  ( 1.000000000000000000, 1.445602896647338404E-14, 0.000000000000000000 ) ) ;
#3397 = PLANE ( 'NONE',  #110 ) ;
#3398 = ORIENTED_EDGE ( 'NONE', *, *, #1401, .T. ) ;
#3399 = CIRCLE ( 'NONE', #882, 1.800000000000002043 ) ;
#3400 = ORIENTED_EDGE ( 'NONE', *, *, #1262, .T. ) ;
#3401 = CARTESIAN_POINT ( 'NONE',  ( -5.499999999999805489, -13.86547286757769371, -8.272825498926314544E-14 ) ) ;
#3402 = ORIENTED_EDGE ( 'NONE', *, *, #11, .T. ) ;
#3403 = DIRECTION ( 'NONE',  ( 1.000000000000000000, 0.000000000000000000, 0.000000000000000000 ) ) ;
#3404 = EDGE_CURVE ( 'NONE', #262, #1083, #3190, .T. ) ;
#3405 = CALENDAR_DATE ( 2026, 24, 6 ) ;
#3406 = CARTESIAN_POINT ( 'NONE',  ( 5.500000000000214939, -15.36547286757754271, -9.219283720546520622E-14 ) ) ;
#3407 = DIRECTION ( 'NONE',  ( 1.401656568589260132E-14, -1.000000000000000000, -6.071532165918824830E-15 ) ) ;
#3408 = ADVANCED_FACE ( 'NONE', ( #2304 ), #3468, .F. ) ;
#3409 = DIRECTION ( 'NONE',  ( 1.652117596169240712E-16, -6.071532165918823253E-15, 1.000000000000000000 ) ) ;
#3410 = ORIENTED_EDGE ( 'NONE', *, *, #3156, .T. ) ;
#3411 = CARTESIAN_POINT ( 'NONE',  ( 3.100000000000759925, -26.36547286757751252, 14.09999999999983622 ) ) ;
#3412 = DIRECTION ( 'NONE',  ( 1.000000000000000000, 1.401656568589260132E-14, 0.000000000000000000 ) ) ;
#3413 = DIRECTION ( 'NONE',  ( 1.000000000000000000, 1.400708396751458928E-14, 0.000000000000000000 ) ) ;
#3414 = ORIENTED_EDGE ( 'NONE', *, *, #2221, .T. ) ;
#3415 = ORIENTED_EDGE ( 'NONE', *, *, #3046, .F. ) ;
#3416 = CYLINDRICAL_SURFACE ( 'NONE', #1732, 1.000000000000301537 ) ;
#3417 = EDGE_LOOP ( 'NONE', ( #1952, #2892, #702, #3414 ) ) ;
#3418 = LINE ( 'NONE', #706, #299 ) ;
#3419 = EDGE_CURVE ( 'NONE', #198, #77, #3509, .T. ) ;
#3420 = CARTESIAN_POINT ( 'NONE',  ( -17.99999999999974065, -18.86547286757776121, -18.10000000000011511 ) ) ;
#3421 = CARTESIAN_POINT ( 'NONE',  ( -3.178687913578073485E-13, 22.63452713242242353, -5.499999999999855227 ) ) ;
#3422 = DIRECTION ( 'NONE',  ( 0.000000000000000000, 1.000000000000000000, 5.782411586589354878E-15 ) ) ;
#3423 = ORIENTED_EDGE ( 'NONE', *, *, #3458, .T. ) ;
#3424 = EDGE_CURVE ( 'NONE', #258, #2122, #3166, .T. ) ;
#3425 = ADVANCED_FACE ( 'NONE', ( #1396 ), #804, .F. ) ;
#3426 = CARTESIAN_POINT ( 'NONE',  ( -17.99999999999972999, -19.86547286757776476, -18.10000000000012221 ) ) ;
#3427 = DIRECTION ( 'NONE',  ( -1.400000000000000030E-14, 1.000000000000000000, 6.000000000000000466E-15 ) ) ;
#3428 = AXIS2_PLACEMENT_3D ( 'NONE', #2642, #3842, #1141 ) ;
#3429 = DIRECTION ( 'NONE',  ( 0.000000000000000000, 0.000000000000000000, 1.000000000000000000 ) ) ;
#3430 = ORIENTED_EDGE ( 'NONE', *, *, #2821, .F. ) ;
#3431 = ORIENTED_EDGE ( 'NONE', *, *, #242, .F. ) ;
#3432 = VECTOR ( 'NONE', #3699, 1000.000000000000000 ) ;
#3433 = ADVANCED_FACE ( 'NONE', ( #2975 ), #603, .F. ) ;
#3434 = EDGE_CURVE ( 'NONE', #2880, #3445, #2313, .T. ) ;
#3435 = DIRECTION ( 'NONE',  ( 0.000000000000000000, -1.000000000000000000, -6.071532165918823253E-15 ) ) ;
#3436 = AXIS2_PLACEMENT_3D ( 'NONE', #742, #149, #1597 ) ;
#3437 = ORIENTED_EDGE ( 'NONE', *, *, #2712, .F. ) ;
#3438 = VECTOR ( 'NONE', #2328, 1000.000000000000000 ) ;
#3439 = CARTESIAN_POINT ( 'NONE',  ( -4.499999999999781508, -15.36547286757768127, -8.757037252555141163E-14 ) ) ;
#3440 = VECTOR ( 'NONE', #891, 1000.000000000000000 ) ;
#3441 = VECTOR ( 'NONE', #3588, 1000.000000000000000 ) ;
#3442 = CYLINDRICAL_SURFACE ( 'NONE', #1980, 1.000000000000004441 ) ;
#3443 = DIRECTION ( 'NONE',  ( -1.000000000000000000, -1.401873053107404321E-14, 0.000000000000000000 ) ) ;
#3444 = DIRECTION ( 'NONE',  ( 1.000000000000000000, 1.387778780781442047E-14, 0.000000000000000000 ) ) ;
#3445 = VERTEX_POINT ( 'NONE', #3 ) ;
#3446 = VECTOR ( 'NONE', #1311, 1000.000000000000000 ) ;
#3447 = CARTESIAN_POINT ( 'NONE',  ( 38.00000000000047606, -31.86547286757717501, 4.749999999999997335 ) ) ;
#3448 = VECTOR ( 'NONE', #1392, 1000.000000000000000 ) ;
#3449 = CARTESIAN_POINT ( 'NONE',  ( -7.300000000000367528, 26.13452713242228853, 1.648907656527598813E-13 ) ) ;
#3450 = CARTESIAN_POINT ( 'NONE',  ( 2.642502625430279422E-13, -18.86547286757761910, -1.130859158188568026E-13 ) ) ;
#3451 = ORIENTED_EDGE ( 'NONE', *, *, #100, .T. ) ;
#3452 = EDGE_CURVE ( 'NONE', #2905, #3482, #2957, .T. ) ;
#3453 = ORIENTED_EDGE ( 'NONE', *, *, #2591, .T. ) ;
#3454 = AXIS2_PLACEMENT_3D ( 'NONE', #2482, #2468, #3683 ) ;
#3455 = CARTESIAN_POINT ( 'NONE',  ( 4.499999999999628741, 26.13452713242245196, 1.602554963274055422E-13 ) ) ;
#3456 = CIRCLE ( 'NONE', #55, 2.999999999999999112 ) ;
#3457 = CARTESIAN_POINT ( 'NONE',  ( -6.500000000000298428, 21.13452713242229919, 1.344514846222496026E-13 ) ) ;
#3458 = EDGE_CURVE ( 'NONE', #272, #1280, #1729, .T. ) ;
#3459 = EDGE_LOOP ( 'NONE', ( #489, #3082 ) ) ;
#3460 = DIRECTION ( 'NONE',  ( 1.046816977530884447E-14, -6.043800637697204575E-15, 1.000000000000000000 ) ) ;
#3461 = EDGE_LOOP ( 'NONE', ( #1300, #42, #502, #1937 ) ) ;
#3462 = DIRECTION ( 'NONE',  ( -1.387778780781444413E-14, 1.000000000000000000, -2.081668171172166620E-14 ) ) ;
#3463 = DIRECTION ( 'NONE',  ( -0.4999999999999969469, -0.8660254037844404840, 0.000000000000000000 ) ) ;
#3464 = CYLINDRICAL_SURFACE ( 'NONE', #2072, 2.000000000000001776 ) ;
#3465 = EDGE_LOOP ( 'NONE', ( #3572, #1212, #908, #2798 ) ) ;
#3466 = CARTESIAN_POINT ( 'NONE',  ( -18.99999999999959144, -29.86547286757797437, 6.749999999999997335 ) ) ;
#3467 = CARTESIAN_POINT ( 'NONE',  ( 12.20000000000043627, -31.86547286757753028, -18.10000000000019682 ) ) ;
#3468 = PLANE ( 'NONE',  #3205 ) ;
#3469 = ORIENTED_EDGE ( 'NONE', *, *, #2316, .T. ) ;
#3470 = VERTEX_POINT ( 'NONE', #291 ) ;
#3471 = CYLINDRICAL_SURFACE ( 'NONE', #3826, 8.000000000000000000 ) ;
#3472 = ADVANCED_FACE ( 'NONE', ( #568 ), #1776, .F. ) ;
#3473 = FACE_OUTER_BOUND ( 'NONE', #817, .T. ) ;
#3474 = CARTESIAN_POINT ( 'NONE',  ( 12.20000000000025508, -18.86547286757733843, -18.10000000000011511 ) ) ;
#3475 = ORIENTED_EDGE ( 'NONE', *, *, #2691, .T. ) ;
#3476 = EDGE_CURVE ( 'NONE', #3339, #902, #2008, .T. ) ;
#3477 = DIRECTION ( 'NONE',  ( -1.401656568589260132E-14, 1.000000000000000000, 6.071532165918824830E-15 ) ) ;
#3478 = ORIENTED_EDGE ( 'NONE', *, *, #2754, .T. ) ;
#3479 = ORIENTED_EDGE ( 'NONE', *, *, #924, .F. ) ;
#3480 = CYLINDRICAL_SURFACE ( 'NONE', #2924, 3.000000000000000888 ) ;
#3481 = DIRECTION ( 'NONE',  ( 0.000000000000000000, 0.000000000000000000, 1.000000000000000000 ) ) ;
#3482 = VERTEX_POINT ( 'NONE', #1794 ) ;
#3483 = CARTESIAN_POINT ( 'NONE',  ( 4.500000000000209610, -15.36547286757755693, -8.769283720546537685E-14 ) ) ;
#3484 = ORIENTED_EDGE ( 'NONE', *, *, #714, .T. ) ;
#3485 = CARTESIAN_POINT ( 'NONE',  ( -18.99999999999959144, -29.86547286757797437, -4.750000000000002665 ) ) ;
#3486 = DIRECTION ( 'NONE',  ( 1.400708396751458928E-14, -1.000000000000000000, -5.994332430076922692E-15 ) ) ;
#3487 = VERTEX_POINT ( 'NONE', #1814 ) ;
#3488 = ORIENTED_EDGE ( 'NONE', *, *, #2270, .F. ) ;
#3489 = CARTESIAN_POINT ( 'NONE',  ( -3.668887404386605476E-13, 26.13452713242243775, -7.999999999999840128 ) ) ;
#3490 = DIRECTION ( 'NONE',  ( 0.000000000000000000, 0.000000000000000000, 1.000000000000000000 ) ) ;
#3491 = CARTESIAN_POINT ( 'NONE',  ( -2.899999999999743228, -31.86547286757753028, 18.09999999999988773 ) ) ;
#3492 = CIRCLE ( 'NONE', #654, 1.000000000000000888 ) ;
#3493 = EDGE_LOOP ( 'NONE', ( #1190, #1947, #1079, #1878 ) ) ;
#3494 = VECTOR ( 'NONE', #1787, 1000.000000000000000 ) ;
#3495 = FACE_OUTER_BOUND ( 'NONE', #3824, .T. ) ;
#3496 = ORIENTED_EDGE ( 'NONE', *, *, #2266, .T. ) ;
#3497 = ADVANCED_FACE ( 'NONE', ( #3594 ), #230, .F. ) ;
#3498 = EDGE_CURVE ( 'NONE', #2099, #333, #3139, .T. ) ;
#3499 = ORIENTED_EDGE ( 'NONE', *, *, #1237, .F. ) ;
#3500 = AXIS2_PLACEMENT_3D ( 'NONE', #3784, #3196, #3023 ) ;
#3501 = DIRECTION ( 'NONE',  ( -0.000000000000000000, -0.000000000000000000, -1.000000000000000000 ) ) ;
#3502 = LINE ( 'NONE', #1958, #788 ) ;
#3503 = DIRECTION ( 'NONE',  ( 2.891205793294679411E-15, -1.000000000000000000, -5.782411586589358822E-15 ) ) ;
#3504 = ORIENTED_EDGE ( 'NONE', *, *, #1160, .F. ) ;
#3505 = EDGE_CURVE ( 'NONE', #2102, #3852, #1995, .T. ) ;
#3506 = CIRCLE ( 'NONE', #2178, 8.000000000000000000 ) ;
#3507 = DIRECTION ( 'NONE',  ( -1.401873053107404321E-14, 1.000000000000000000, 6.115553587381290921E-15 ) ) ;
#3508 = VECTOR ( 'NONE', #748, 1000.000000000000000 ) ;
#3509 = LINE ( 'NONE', #3822, #3523 ) ;
#3510 = VERTEX_POINT ( 'NONE', #3229 ) ;
#3511 = ORIENTED_EDGE ( 'NONE', *, *, #2839, .T. ) ;
#3512 = AXIS2_PLACEMENT_3D ( 'NONE', #3662, #3650, #928 ) ;
#3513 = VECTOR ( 'NONE', #1226, 1000.000000000000114 ) ;
#3514 = FACE_OUTER_BOUND ( 'NONE', #1075, .T. ) ;
#3515 = CARTESIAN_POINT ( 'NONE',  ( -6.500000000000368594, 26.13452713242229919, 1.602554963274046082E-13 ) ) ;
#3516 = CARTESIAN_POINT ( 'NONE',  ( 10.50000000000053113, -18.86547286757742370, -8.000000000000117240 ) ) ;
#3517 = CIRCLE ( 'NONE', #1561, 3.000000000000000888 ) ;
#3518 = ORIENTED_EDGE ( 'NONE', *, *, #1885, .F. ) ;
#3519 = AXIS2_PLACEMENT_3D ( 'NONE', #1698, #193, #2608 ) ;
#3520 = CARTESIAN_POINT ( 'NONE',  ( 1.799999999999685851, 22.63452713242238090, 5.500000000000141220 ) ) ;
#3521 = EDGE_LOOP ( 'NONE', ( #2139, #1036 ) ) ;
#3522 = EDGE_LOOP ( 'NONE', ( #3600, #728 ) ) ;
#3523 = VECTOR ( 'NONE', #1963, 1000.000000000000000 ) ;
#3524 = CARTESIAN_POINT ( 'NONE',  ( 3.100000000000759925, -25.36547286757745567, 4.499999999999844569 ) ) ;
#3525 = ADVANCED_FACE ( 'NONE', ( #2093 ), #2346, .F. ) ;
#3526 = CARTESIAN_POINT ( 'NONE',  ( 5.100000000000760814, -25.36547286757731356, -19.10000000000015774 ) ) ;
#3527 = PERSON_AND_ORGANIZATION_ROLE ( 'design_supplier' ) ;
#3528 = EDGE_LOOP ( 'NONE', ( #2254, #63, #3348, #439 ) ) ;
#3529 = EDGE_CURVE ( 'NONE', #1225, #1113, #2517, .T. ) ;
#3530 = CARTESIAN_POINT ( 'NONE',  ( -4.500000000000313527, 22.63452713242232761, 1.343290199423350190E-13 ) ) ;
#3531 = PLANE ( 'NONE',  #2641 ) ;
#3532 = EDGE_LOOP ( 'NONE', ( #1321, #3537, #554, #805 ) ) ;
#3533 = ORIENTED_EDGE ( 'NONE', *, *, #2089, .T. ) ;
#3534 = CARTESIAN_POINT ( 'NONE',  ( -8.899999999999240075, -24.36547286757751962, 15.59999999999998543 ) ) ;
#3535 = DIRECTION ( 'NONE',  ( -0.8660254037844409281, 0.4999999999999961142, -0.000000000000000000 ) ) ;
#3536 = PLANE ( 'NONE',  #2953 ) ;
#3537 = ORIENTED_EDGE ( 'NONE', *, *, #2443, .T. ) ;
#3538 = DIRECTION ( 'NONE',  ( 1.000000000000000000, 1.400708396751458928E-14, -3.363116314379560970E-44 ) ) ;
#3539 = ORIENTED_EDGE ( 'NONE', *, *, #509, .F. ) ;
#3540 = ORIENTED_EDGE ( 'NONE', *, *, #901, .F. ) ;
#3541 = DIRECTION ( 'NONE',  ( -1.387778780781446938E-14, 1.000000000000000000, 6.938893903907246521E-15 ) ) ;
#3542 = CARTESIAN_POINT ( 'NONE',  ( 3.100000000000759925, -25.36547286757731356, -15.60000000000015952 ) ) ;
#3543 = ORIENTED_EDGE ( 'NONE', *, *, #3812, .F. ) ;
#3544 = CARTESIAN_POINT ( 'NONE',  ( 3.100000000000759925, -25.36547286757751962, 15.59999999999998543 ) ) ;
#3545 = EDGE_CURVE ( 'NONE', #1113, #1225, #613, .T. ) ;
#3546 = CARTESIAN_POINT ( 'NONE',  ( 13.20000000000075779, -54.86547286757732422, -18.10000000000033182 ) ) ;
#3547 = DIRECTION ( 'NONE',  ( 0.000000000000000000, 1.000000000000000000, 5.204170427930398406E-15 ) ) ;
#3548 = VERTEX_POINT ( 'NONE', #2720 ) ;
#3549 = EDGE_CURVE ( 'NONE', #2341, #483, #2130, .T. ) ;
#3550 = ADVANCED_FACE ( 'NONE', ( #19 ), #2366, .F. ) ;
#3551 = VERTEX_POINT ( 'NONE', #2049 ) ;
#3552 = CARTESIAN_POINT ( 'NONE',  ( -13.99999999999957190, -30.66547286757804613, 6.350000000000103562 ) ) ;
#3553 = LINE ( 'NONE', #551, #3811 ) ;
#3554 = LINE ( 'NONE', #590, #3903 ) ;
#3555 = EDGE_CURVE ( 'NONE', #2437, #1580, #1758, .T. ) ;
#3556 = EDGE_LOOP ( 'NONE', ( #746, #540, #3075, #2997 ) ) ;
#3557 = DIRECTION ( 'NONE',  ( -1.401656568589260132E-14, 1.000000000000000000, 6.071532165918824830E-15 ) ) ;
#3558 = DIRECTION ( 'NONE',  ( -1.401656568589260132E-14, 1.000000000000000000, 6.071532165918824830E-15 ) ) ;
#3559 = ORIENTED_EDGE ( 'NONE', *, *, #3088, .T. ) ;
#3560 = EDGE_LOOP ( 'NONE', ( #2958, #1421 ) ) ;
#3561 = VECTOR ( 'NONE', #979, 1000.000000000000000 ) ;
#3562 = DIRECTION ( 'NONE',  ( 0.000000000000000000, -1.000000000000000000, -5.994332430076925059E-15 ) ) ;
#3563 = DIRECTION ( 'NONE',  ( -1.400000000000000030E-14, 1.000000000000000000, 0.000000000000000000 ) ) ;
#3564 = ORIENTED_EDGE ( 'NONE', *, *, #2943, .F. ) ;
#3565 = AXIS2_PLACEMENT_3D ( 'NONE', #934, #3616, #609 ) ;
#3566 = CIRCLE ( 'NONE', #2056, 1.000000000000004441 ) ;
#3567 = LINE ( 'NONE', #17, #1031 ) ;
#3568 = DIRECTION ( 'NONE',  ( 1.401656568589260132E-14, -1.000000000000000000, -6.071532165918824830E-15 ) ) ;
#3569 = DIRECTION ( 'NONE',  ( 8.404250380508755870E-29, -5.999999999999998889E-15, 1.000000000000000000 ) ) ;
#3570 = ORIENTED_EDGE ( 'NONE', *, *, #1861, .F. ) ;
#3571 = AXIS2_PLACEMENT_3D ( 'NONE', #1077, #184, #2640 ) ;
#3572 = ORIENTED_EDGE ( 'NONE', *, *, #3217, .F. ) ;
#3573 = DIRECTION ( 'NONE',  ( 0.000000000000000000, -1.000000000000000000, -6.071532165918819308E-15 ) ) ;
#3574 = LINE ( 'NONE', #3515, #921 ) ;
#3575 = CIRCLE ( 'NONE', #3124, 1.800000000000003375 ) ;
#3576 = EDGE_CURVE ( 'NONE', #1580, #2335, #3589, .T. ) ;
#3577 = CARTESIAN_POINT ( 'NONE',  ( -13.99999999999958256, -29.86547286757790687, -4.750000000000001776 ) ) ;
#3578 = ORIENTED_EDGE ( 'NONE', *, *, #221, .F. ) ;
#3579 = AXIS2_PLACEMENT_3D ( 'NONE', #1445, #2652, #899 ) ;
#3580 = EDGE_CURVE ( 'NONE', #1408, #2565, #697, .T. ) ;
#3581 = AXIS2_PLACEMENT_3D ( 'NONE', #2106, #247, #1772 ) ;
#3582 = AXIS2_PLACEMENT_3D ( 'NONE', #1820, #3022, #1525 ) ;
#3583 = DIRECTION ( 'NONE',  ( -1.000000000000000000, -1.387778780781445044E-14, 0.000000000000000000 ) ) ;
#3584 = CARTESIAN_POINT ( 'NONE',  ( 8.200000000000418510, -30.66547286757773350, 6.350000000000103562 ) ) ;
#3585 = EDGE_LOOP ( 'NONE', ( #2819, #3835, #1636, #2655 ) ) ;
#3586 = CIRCLE ( 'NONE', #239, 2.000000000000001776 ) ;
#3587 = CARTESIAN_POINT ( 'NONE',  ( 8.200000000000288836, -21.36547286757749831, -1.280859158188560697E-13 ) ) ;
#3588 = DIRECTION ( 'NONE',  ( -8.326672684688673325E-29, 5.999999999999999677E-15, -1.000000000000000000 ) ) ;
#3589 = CIRCLE ( 'NONE', #366, 2.000000000000001776 ) ;
#3590 = PERSON_AND_ORGANIZATION ( #1830, #3701 ) ;
#3591 = ORIENTED_EDGE ( 'NONE', *, *, #806, .F. ) ;
#3592 = DIRECTION ( 'NONE',  ( 1.401656568589260132E-14, -1.000000000000000000, -6.071532165918824830E-15 ) ) ;
#3593 = PLANE ( 'NONE',  #1736 ) ;
#3594 = FACE_OUTER_BOUND ( 'NONE', #2736, .T. ) ;
#3595 = ORIENTED_EDGE ( 'NONE', *, *, #1641, .F. ) ;
#3596 = ORIENTED_EDGE ( 'NONE', *, *, #2898, .F. ) ;
#3597 = CARTESIAN_POINT ( 'NONE',  ( 8.200000000000407852, -29.86547286757759778, 4.749999999999997335 ) ) ;
#3598 = DIRECTION ( 'NONE',  ( -0.7071067811865472397, 0.000000000000000000, 0.7071067811865479058 ) ) ;
#3599 = CARTESIAN_POINT ( 'NONE',  ( 9.696152422706672880, 18.13452713242257275, -7.999999999999890754 ) ) ;
#3600 = ORIENTED_EDGE ( 'NONE', *, *, #3105, .F. ) ;
#3601 = EDGE_CURVE ( 'NONE', #3097, #198, #1619, .T. ) ;
#3602 = DIRECTION ( 'NONE',  ( -1.000000000000000000, -1.409462824231155764E-14, 0.000000000000000000 ) ) ;
#3603 = CYLINDRICAL_SURFACE ( 'NONE', #2073, 1.000000000000002665 ) ;
#3604 = ORIENTED_EDGE ( 'NONE', *, *, #53, .T. ) ;
#3605 = EDGE_CURVE ( 'NONE', #2905, #831, #3090, .T. ) ;
#3606 = CARTESIAN_POINT ( 'NONE',  ( 13.20000000000061569, -44.86547286757754449, 18.09999999999970655 ) ) ;
#3607 = CARTESIAN_POINT ( 'NONE',  ( 3.100000000000759925, -26.36547286757755870, 21.49999999999984013 ) ) ;
#3608 = APPROVAL_STATUS ( 'not_yet_approved' ) ;
#3609 = EDGE_CURVE ( 'NONE', #826, #1339, #2885, .T. ) ;
#3610 = DIRECTION ( 'NONE',  ( 1.000000000000000000, 0.000000000000000000, -1.156482317317871764E-14 ) ) ;
#3611 = CARTESIAN_POINT ( 'NONE',  ( -3.661482486269437559E-13, 26.13452713242235603, 5.500000000000158096 ) ) ;
#3612 = DIRECTION ( 'NONE',  ( 1.000000000000000000, 1.400708396751459244E-14, -6.464807985006734697E-16 ) ) ;
#3613 = ORIENTED_EDGE ( 'NONE', *, *, #1511, .F. ) ;
#3614 = EDGE_LOOP ( 'NONE', ( #1670, #2948, #635, #3204 ) ) ;
#3615 = DIRECTION ( 'NONE',  ( 0.000000000000000000, 1.000000000000000000, 5.204170427930398406E-15 ) ) ;
#3616 = DIRECTION ( 'NONE',  ( 1.401656568589260132E-14, -1.000000000000000000, -6.071532165918824830E-15 ) ) ;
#3617 = DIRECTION ( 'NONE',  ( 0.000000000000000000, -1.000000000000000000, -5.994332430076925059E-15 ) ) ;
#3618 = ORIENTED_EDGE ( 'NONE', *, *, #2293, .F. ) ;
#3619 = CARTESIAN_POINT ( 'NONE',  ( 17.00000000000018474, -15.11269611784499745, -53.70557952810572289 ) ) ;
#3620 = DIRECTION ( 'NONE',  ( -1.000000000000000000, -1.387778780781442047E-14, 0.000000000000000000 ) ) ;
#3621 = ORIENTED_EDGE ( 'NONE', *, *, #767, .F. ) ;
#3622 = VECTOR ( 'NONE', #1185, 1000.000000000000000 ) ;
#3623 = PLANE ( 'NONE',  #1745 ) ;
#3624 = ADVANCED_FACE ( 'NONE', ( #1868, #399 ), #1006, .T. ) ;
#3625 = EDGE_CURVE ( 'NONE', #3551, #2024, #56, .T. ) ;
#3626 = CIRCLE ( 'NONE', #1915, 8.000000000000000000 ) ;
#3627 = DIRECTION ( 'NONE',  ( 8.404250380508755870E-29, -5.999999999999998889E-15, 1.000000000000000000 ) ) ;
#3628 = DIRECTION ( 'NONE',  ( 1.051620219116046919E-14, 6.071532165918972347E-15, -1.000000000000000000 ) ) ;
#3629 = VECTOR ( 'NONE', #1769, 1000.000000000000000 ) ;
#3630 = EDGE_CURVE ( 'NONE', #3711, #46, #348, .T. ) ;
#3631 = LINE ( 'NONE', #2132, #1689 ) ;
#3632 = VERTEX_POINT ( 'NONE', #1555 ) ;
#3633 = ORIENTED_EDGE ( 'NONE', *, *, #1381, .F. ) ;
#3634 = CIRCLE ( 'NONE', #218, 1.000000000000003331 ) ;
#3635 = DIRECTION ( 'NONE',  ( -1.401873053107404479E-14, 1.000000000000000000, 6.115553587381290921E-15 ) ) ;
#3636 = CARTESIAN_POINT ( 'NONE',  ( 2.899586489634062123E-13, -19.86547286757772568, 18.09999999999986642 ) ) ;
#3637 = CIRCLE ( 'NONE', #223, 1.800000000000001155 ) ;
#3638 = DIRECTION ( 'NONE',  ( 0.8660254037844404840, -0.4999999999999970024, -3.178843663791577437E-15 ) ) ;
#3639 = ORIENTED_EDGE ( 'NONE', *, *, #3160, .F. ) ;
#3640 = ORIENTED_EDGE ( 'NONE', *, *, #3361, .F. ) ;
#3641 = AXIS2_PLACEMENT_3D ( 'NONE', #2579, #2926, #1410 ) ;
#3642 = DIRECTION ( 'NONE',  ( -1.000000000000000000, -1.404021378911230461E-14, 0.000000000000000000 ) ) ;
#3643 = ORIENTED_EDGE ( 'NONE', *, *, #511, .T. ) ;
#3644 = AXIS2_PLACEMENT_3D ( 'NONE', #2034, #2014, #1358 ) ;
#3645 = CARTESIAN_POINT ( 'NONE',  ( 9.696152422706854068, -13.86547286757753028, 7.999999999999913847 ) ) ;
#3646 = AXIS2_PLACEMENT_3D ( 'NONE', #3426, #3737, #1575 ) ;
#3647 = EDGE_CURVE ( 'NONE', #1965, #1702, #487, .T. ) ;
#3648 = CARTESIAN_POINT ( 'NONE',  ( -18.99999999999957723, -30.66547286757811719, -6.350000000000108891 ) ) ;
#3649 = LINE ( 'NONE', #33, #1238 ) ;
#3650 = DIRECTION ( 'NONE',  ( 1.387778780781444256E-14, -1.000000000000000000, -1.040834085586085677E-14 ) ) ;
#3651 = ORIENTED_EDGE ( 'NONE', *, *, #3789, .F. ) ;
#3652 = ADVANCED_FACE ( 'NONE', ( #3103 ), #3392, .F. ) ;
#3653 = CARTESIAN_POINT ( 'NONE',  ( -6.899999999999239186, -25.36547286757731712, -19.10000000000015774 ) ) ;
#3654 = LINE ( 'NONE', #2152, #1292 ) ;
#3655 = DIRECTION ( 'NONE',  ( 1.401656568589260132E-14, -1.000000000000000000, -6.071532165918824830E-15 ) ) ;
#3656 = VERTEX_POINT ( 'NONE', #2164 ) ;
#3657 = ORIENTED_EDGE ( 'NONE', *, *, #2084, .T. ) ;
#3658 = ORIENTED_EDGE ( 'NONE', *, *, #379, .T. ) ;
#3659 = PLANE ( 'NONE',  #2563 ) ;
#3660 = CARTESIAN_POINT ( 'NONE',  ( 3.700000000000297273, -21.36547286757756581, -1.096367139724459203E-13 ) ) ;
#3661 = DIRECTION ( 'NONE',  ( -1.000000000000000000, -1.404021378911230619E-14, 1.652117596168388249E-16 ) ) ;
#3662 = CARTESIAN_POINT ( 'NONE',  ( 12.20000000000026574, -19.86547286757755870, 18.09999999999985931 ) ) ;
#3663 = ORIENTED_EDGE ( 'NONE', *, *, #3576, .F. ) ;
#3664 = CARTESIAN_POINT ( 'NONE',  ( 1.936775753939066766E-13, -13.86547286757766528, 7.999999999999916511 ) ) ;
#3665 = DIRECTION ( 'NONE',  ( 1.401656568589260132E-14, -1.000000000000000000, -6.071532165918824830E-15 ) ) ;
#3666 = ADVANCED_FACE ( 'NONE', ( #1260, #3369 ), #2785, .T. ) ;
#3667 = DIRECTION ( 'NONE',  ( -1.404021378911230461E-14, 1.000000000000000000, 6.043800637697349725E-15 ) ) ;
#3668 = ORIENTED_EDGE ( 'NONE', *, *, #3128, .F. ) ;
#3669 = EDGE_CURVE ( 'NONE', #3216, #2041, #368, .T. ) ;
#3670 = ORIENTED_EDGE ( 'NONE', *, *, #3382, .F. ) ;
#3671 = LINE ( 'NONE', #2172, #2298 ) ;
#3672 = CARTESIAN_POINT ( 'NONE',  ( -18.99999999999973355, -19.86547286757800634, 19.09999999999988063 ) ) ;
#3673 = EDGE_CURVE ( 'NONE', #3548, #2330, #2770, .T. ) ;
#3674 = ORIENTED_EDGE ( 'NONE', *, *, #97, .T. ) ;
#3675 = DIRECTION ( 'NONE',  ( -1.401656568589260290E-14, 1.000000000000000000, 6.071532165918825619E-15 ) ) ;
#3676 = APPROVAL_ROLE ( '' ) ;
#3677 = LINE ( 'NONE', #1586, #3561 ) ;
#3678 = LINE ( 'NONE', #3734, #3325 ) ;
#3679 = CLOSED_SHELL ( 'NONE', ( #3887, #2127, #976, #2031, #827 ) ) ;
#3680 = DIRECTION ( 'NONE',  ( 0.000000000000000000, -1.000000000000000000, -5.204170427930416550E-15 ) ) ;
#3681 = ORIENTED_EDGE ( 'NONE', *, *, #2643, .T. ) ;
#3682 = CIRCLE ( 'NONE', #148, 1.000000000000000888 ) ;
#3683 = DIRECTION ( 'NONE',  ( -1.000000000000000000, -1.349229370204180543E-14, 0.000000000000000000 ) ) ;
#3684 = LINE ( 'NONE', #966, #3749 ) ;
#3685 = PLANE ( 'NONE',  #3705 ) ;
#3686 = ORIENTED_EDGE ( 'NONE', *, *, #1611, .T. ) ;
#3687 = VERTEX_POINT ( 'NONE', #2480 ) ;
#3688 = ADVANCED_FACE ( 'NONE', ( #1889 ), #982, .F. ) ;
#3689 = DIRECTION ( 'NONE',  ( -1.401656568589260132E-14, 1.000000000000000000, 6.071532165918824830E-15 ) ) ;
#3690 = AXIS2_PLACEMENT_3D ( 'NONE', #685, #1277, #1297 ) ;
#3691 = VERTEX_POINT ( 'NONE', #1833 ) ;
#3692 = CIRCLE ( 'NONE', #2125, 2.750000000000003109 ) ;
#3693 = EDGE_CURVE ( 'NONE', #3300, #1136, #3399, .T. ) ;
#3694 = FACE_OUTER_BOUND ( 'NONE', #3116, .T. ) ;
#3695 = CIRCLE ( 'NONE', #229, 1.000000000000004441 ) ;
#3696 = ORIENTED_EDGE ( 'NONE', *, *, #3176, .F. ) ;
#3697 = VECTOR ( 'NONE', #519, 1000.000000000000000 ) ;
#3698 = CIRCLE ( 'NONE', #3331, 1.799999999999999600 ) ;
#3699 = DIRECTION ( 'NONE',  ( -8.326672684688673325E-29, 5.999999999999999677E-15, -1.000000000000000000 ) ) ;
#3700 = CARTESIAN_POINT ( 'NONE',  ( 2.992502625430267833E-13, -21.36547286757753383, -14.10000000000013287 ) ) ;
#3701 = ORGANIZATION ( '未指定', '未指定', '' ) ;
#3702 = VECTOR ( 'NONE', #1361, 999.9999999999998863 ) ;
#3703 = DIRECTION ( 'NONE',  ( 1.400000000000000030E-14, -1.000000000000000000, -5.999999999999999677E-15 ) ) ;
#3704 = EDGE_LOOP ( 'NONE', ( #2211, #1157, #253 ) ) ;
#3705 = AXIS2_PLACEMENT_3D ( 'NONE', #988, #1875, #3708 ) ;
#3706 = DIRECTION ( 'NONE',  ( -1.387778780781444413E-14, 1.000000000000000000, 0.000000000000000000 ) ) ;
#3707 = CARTESIAN_POINT ( 'NONE',  ( 8.200000000000436273, -31.86547286757759068, 4.749999999999997335 ) ) ;
#3708 = DIRECTION ( 'NONE',  ( 0.7071067811865473507, 0.000000000000000000, 0.7071067811865477948 ) ) ;
#3709 = ORIENTED_EDGE ( 'NONE', *, *, #1160, .T. ) ;
#3710 = VECTOR ( 'NONE', #2602, 1000.000000000000000 ) ;
#3711 = VERTEX_POINT ( 'NONE', #1316 ) ;
#3712 = CYLINDRICAL_SURFACE ( 'NONE', #2117, 1.800000000000003597 ) ;
#3713 = EDGE_CURVE ( 'NONE', #3482, #721, #3631, .T. ) ;
#3714 = ORIENTED_EDGE ( 'NONE', *, *, #208, .F. ) ;
#3715 = DIRECTION ( 'NONE',  ( -8.404250380508755870E-29, 5.999999999999998889E-15, -1.000000000000000000 ) ) ;
#3716 = EDGE_CURVE ( 'NONE', #3287, #3487, #3906, .T. ) ;
#3717 = EDGE_CURVE ( 'NONE', #2300, #1425, #450, .T. ) ;
#3718 = ORIENTED_EDGE ( 'NONE', *, *, #119, .T. ) ;
#3719 = CARTESIAN_POINT ( 'NONE',  ( 17.00000000000018474, 22.38175038268996175, 8.000000000000000000 ) ) ;
#3720 = CARTESIAN_POINT ( 'NONE',  ( 1.800000000000218536, -15.36547286757762265, 5.499999999999905853 ) ) ;
#3721 = DIRECTION ( 'NONE',  ( 1.000000000000000000, 1.400000000000000188E-14, 8.500145032286355678E-29 ) ) ;
#3722 = ORIENTED_EDGE ( 'NONE', *, *, #634, .F. ) ;
#3723 = ORIENTED_CLOSED_SHELL ( 'NONE', *, #3679, .F. );
#3724 = CARTESIAN_POINT ( 'NONE',  ( -17.99999999999974065, -18.86547286757787134, -1.147207337543338421E-13 ) ) ;
#3725 = DIRECTION ( 'NONE',  ( -1.400000000000000030E-14, 1.000000000000000000, 6.000000000000000466E-15 ) ) ;
#3726 = FACE_OUTER_BOUND ( 'NONE', #959, .T. ) ;
#3727 = EDGE_LOOP ( 'NONE', ( #2594, #2832, #1613, #2519 ) ) ;
#3728 = ORIENTED_EDGE ( 'NONE', *, *, #242, .T. ) ;
#3729 = DIRECTION ( 'NONE',  ( 1.400708396751458928E-14, -1.000000000000000000, -5.994332430076922692E-15 ) ) ;
#3730 = VERTEX_POINT ( 'NONE', #2556 ) ;
#3731 = DIRECTION ( 'NONE',  ( 0.000000000000000000, 1.000000000000000000, 5.999999999999999677E-15 ) ) ;
#3732 = DIRECTION ( 'NONE',  ( -1.051620219116046919E-14, -6.071532165918973136E-15, 1.000000000000000000 ) ) ;
#3733 = EDGE_CURVE ( 'NONE', #989, #2040, #3517, .T. ) ;
#3734 = CARTESIAN_POINT ( 'NONE',  ( -2.941187163700859443E-13, 21.13452713242234182, 8.000000000000127898 ) ) ;
#3735 = LINE ( 'NONE', #1706, #1936 ) ;
#3736 = ORIENTED_EDGE ( 'NONE', *, *, #995, .T. ) ;
#3737 = DIRECTION ( 'NONE',  ( -9.082321863752914440E-17, -5.994332430076924270E-15, 1.000000000000000000 ) ) ;
#3738 = EDGE_CURVE ( 'NONE', #3730, #777, #2189, .T. ) ;
#3739 = DIRECTION ( 'NONE',  ( 0.000000000000000000, 1.000000000000000000, 5.204170427930398406E-15 ) ) ;
#3740 = VECTOR ( 'NONE', #542, 1000.000000000000000 ) ;
#3741 = DIRECTION ( 'NONE',  ( -1.400708396751458928E-14, 1.000000000000000000, 5.994332430076922692E-15 ) ) ;
#3742 = VERTEX_POINT ( 'NONE', #733 ) ;
#3743 = ORIENTED_EDGE ( 'NONE', *, *, #10, .F. ) ;
#3744 = AXIS2_PLACEMENT_3D ( 'NONE', #1564, #1137, #971 ) ;
#3745 = CYLINDRICAL_SURFACE ( 'NONE', #150, 1.000000000000002665 ) ;
#3746 = CIRCLE ( 'NONE', #3247, 1.000000000000000888 ) ;
#3747 = CARTESIAN_POINT ( 'NONE',  ( -10.89999999999924007, -25.36547286757731712, 15.59999999999998543 ) ) ;
#3748 = ORIENTED_EDGE ( 'NONE', *, *, #1037, .F. ) ;
#3749 = VECTOR ( 'NONE', #424, 1000.000000000000000 ) ;
#3750 = CARTESIAN_POINT ( 'NONE',  ( 2.144395624589698457, -19.06970698461729796, -1.148997196224827707E-13 ) ) ;
#3751 = CIRCLE ( 'NONE', #2630, 2.000000000000001776 ) ;
#3752 = VECTOR ( 'NONE', #1490, 1000.000000000000000 ) ;
#3753 = CARTESIAN_POINT ( 'NONE',  ( 12.20000000000026752, -19.86547286757755870, 18.09999999999985931 ) ) ;
#3754 = CARTESIAN_POINT ( 'NONE',  ( 2.151166201460866887E-13, -15.36547286757758357, -5.500000000000090594 ) ) ;
#3755 = CARTESIAN_POINT ( 'NONE',  ( 6.499999999999709566, 21.13452713242248038, 1.343290199423359025E-13 ) ) ;
#3756 = VERTEX_POINT ( 'NONE', #140 ) ;
#3757 = CIRCLE ( 'NONE', #2131, 2.999999999999999112 ) ;
#3758 = EDGE_CURVE ( 'NONE', #254, #3300, #1685, .T. ) ;
#3759 = LINE ( 'NONE', #3466, #2227 ) ;
#3760 = AXIS2_PLACEMENT_3D ( 'NONE', #3795, #3777, #2235 ) ;
#3761 = LINE ( 'NONE', #1063, #2123 ) ;
#3762 = DIRECTION ( 'NONE',  ( -1.000000000000000000, -1.400000000000000030E-14, -8.267618268485208376E-29 ) ) ;
#3763 = ORIENTED_EDGE ( 'NONE', *, *, #3805, .F. ) ;
#3764 = EDGE_CURVE ( 'NONE', #2412, #334, #1332, .T. ) ;
#3765 = ORIENTED_EDGE ( 'NONE', *, *, #362, .F. ) ;
#3766 = AXIS2_PLACEMENT_3D ( 'NONE', #611, #1763, #3617 ) ;
#3767 = CARTESIAN_POINT ( 'NONE',  ( 3.700000000000283951, -20.36547286757756581, -1.217797783042832797E-13 ) ) ;
#3768 = CARTESIAN_POINT ( 'NONE',  ( -8.899999999999240075, -25.36547286757731712, -15.60000000000015952 ) ) ;
#3769 = AXIS2_PLACEMENT_3D ( 'NONE', #3235, #1341, #210 ) ;
#3770 = LINE ( 'NONE', #3474, #3830 ) ;
#3771 = ORIENTED_EDGE ( 'NONE', *, *, #2150, .F. ) ;
#3772 = DIRECTION ( 'NONE',  ( -1.000000000000000000, -1.401656568589260132E-14, 0.000000000000000000 ) ) ;
#3773 = EDGE_LOOP ( 'NONE', ( #3657, #1930, #1988, #538, #1759, #2497, #65, #2337, #3478, #2020 ) ) ;
#3774 = ORIENTED_EDGE ( 'NONE', *, *, #1476, .T. ) ;
#3775 = DIRECTION ( 'NONE',  ( -1.000000000000000000, -1.387778780781441731E-14, 0.000000000000000000 ) ) ;
#3776 = CARTESIAN_POINT ( 'NONE',  ( 5.500000000000214939, -15.36547286757754094, -9.164255389853567124E-14 ) ) ;
#3777 = DIRECTION ( 'NONE',  ( -1.000000000000000000, -1.400708396751458928E-14, 3.363116314379560970E-44 ) ) ;
#3778 = ORIENTED_EDGE ( 'NONE', *, *, #3576, .T. ) ;
#3779 = LINE ( 'NONE', #1727, #350 ) ;
#3780 = PLANE ( 'NONE',  #811 ) ;
#3781 = VERTEX_POINT ( 'NONE', #2844 ) ;
#3782 = EDGE_LOOP ( 'NONE', ( #1333, #1178, #2111, #445 ) ) ;
#3783 = CARTESIAN_POINT ( 'NONE',  ( 13.20000000000043627, -31.86547286757753028, -18.10000000000020037 ) ) ;
#3784 = CARTESIAN_POINT ( 'NONE',  ( 2.639954587748321394E-13, -18.86547286757761910, -1.145423253407663418E-13 ) ) ;
#3785 = EDGE_CURVE ( 'NONE', #2763, #652, #3390, .T. ) ;
#3786 = ADVANCED_FACE ( 'NONE', ( #770 ), #1630, .F. ) ;
#3787 = CYLINDRICAL_SURFACE ( 'NONE', #3519, 1.800000000000002043 ) ;
#3788 = EDGE_LOOP ( 'NONE', ( #614, #1270, #1011, #513 ) ) ;
#3789 = EDGE_CURVE ( 'NONE', #1815, #1853, #3735, .T. ) ;
#3790 = CARTESIAN_POINT ( 'NONE',  ( -4.899999999999742784, -29.86547286757752673, 16.09999999999988418 ) ) ;
#3791 = VERTEX_POINT ( 'NONE', #3755 ) ;
#3792 = ORIENTED_EDGE ( 'NONE', *, *, #2567, .F. ) ;
#3793 = CYLINDRICAL_SURFACE ( 'NONE', #2229, 2.000000000000000888 ) ;
#3794 = DIRECTION ( 'NONE',  ( 1.401656568589260132E-14, -1.000000000000000000, -6.071532165918824830E-15 ) ) ;
#3795 = CARTESIAN_POINT ( 'NONE',  ( -18.99999999999972999, -19.86547286757777542, -18.10000000000012221 ) ) ;
#3796 = DIRECTION ( 'NONE',  ( 0.8660254037844408170, 0.4999999999999962252, 0.000000000000000000 ) ) ;
#3797 = CARTESIAN_POINT ( 'NONE',  ( 5.499999999999704237, 21.13452713242246617, 1.297753708178966576E-13 ) ) ;
#3798 = DIRECTION ( 'NONE',  ( 9.082321863752914440E-17, 5.994332430076924270E-15, -1.000000000000000000 ) ) ;
#3799 = ORIENTED_EDGE ( 'NONE', *, *, #3733, .T. ) ;
#3800 = EDGE_LOOP ( 'NONE', ( #672, #155 ) ) ;
#3801 = CARTESIAN_POINT ( 'NONE',  ( 3.100000000000759925, -26.36547286757745923, 4.499999999999838352 ) ) ;
#3802 = DIRECTION ( 'NONE',  ( -1.652117596169240712E-16, 6.071532165918823253E-15, -1.000000000000000000 ) ) ;
#3803 = CIRCLE ( 'NONE', #3172, 1.800000000000003375 ) ;
#3804 = ORIENTED_EDGE ( 'NONE', *, *, #1324, .F. ) ;
#3805 = EDGE_CURVE ( 'NONE', #652, #3380, #753, .T. ) ;
#3806 = VECTOR ( 'NONE', #1934, 1000.000000000000000 ) ;
#3807 = DIRECTION ( 'NONE',  ( -1.401873053107404479E-14, 1.000000000000000000, 6.115553587381290921E-15 ) ) ;
#3808 = DIRECTION ( 'NONE',  ( -4.541160931884852426E-17, -6.302126781383487658E-31, 1.000000000000000000 ) ) ;
#3809 = ORIENTED_EDGE ( 'NONE', *, *, #1623, .T. ) ;
#3810 = ORIENTED_EDGE ( 'NONE', *, *, #1618, .T. ) ;
#3811 = VECTOR ( 'NONE', #1384, 1000.000000000000000 ) ;
#3812 = EDGE_CURVE ( 'NONE', #938, #3487, #1060, .T. ) ;
#3813 = DIRECTION ( 'NONE',  ( -1.000000000000000000, -1.400708396751459244E-14, 1.652117596168390221E-16 ) ) ;
#3814 = CARTESIAN_POINT ( 'NONE',  ( 13.50000000000019718, -12.13342206000865531, 4.999999999999872990 ) ) ;
#3815 = AXIS2_PLACEMENT_3D ( 'NONE', #518, #1756, #251 ) ;
#3816 = PERSON_AND_ORGANIZATION ( #1830, #3701 ) ;
#3817 = ORIENTED_EDGE ( 'NONE', *, *, #1217, .T. ) ;
#3818 = AXIS2_PLACEMENT_3D ( 'NONE', #2163, #397, #1942 ) ;
#3819 = CARTESIAN_POINT ( 'NONE',  ( -3.178687913578073485E-13, 22.63452713242242353, -5.499999999999855227 ) ) ;
#3820 = CARTESIAN_POINT ( 'NONE',  ( 1.941674341135649103E-13, -13.86547286757761732, -8.272825498926267844E-14 ) ) ;
#3821 = AXIS2_PLACEMENT_3D ( 'NONE', #1424, #3202, #1970 ) ;
#3822 = CARTESIAN_POINT ( 'NONE',  ( 18.50000000000019540, 21.51572497890552427, 8.000000000000000000 ) ) ;
#3823 = EDGE_LOOP ( 'NONE', ( #3059, #436 ) ) ;
#3824 = EDGE_LOOP ( 'NONE', ( #2357, #2434, #1849, #2457 ) ) ;
#3825 = VECTOR ( 'NONE', #3336, 1000.000000000000000 ) ;
#3826 = AXIS2_PLACEMENT_3D ( 'NONE', #1989, #2937, #759 ) ;
#3827 = DIRECTION ( 'NONE',  ( -8.326672684688673325E-29, 5.999999999999999677E-15, -1.000000000000000000 ) ) ;
#3828 = DIRECTION ( 'NONE',  ( -1.000000000000000000, 0.000000000000000000, 0.000000000000000000 ) ) ;
#3829 = CARTESIAN_POINT ( 'NONE',  ( 13.50000000000019718, -12.13342206000865531, -5.000000000000115463 ) ) ;
#3830 = VECTOR ( 'NONE', #508, 1000.000000000000000 ) ;
#3831 = ORIENTED_EDGE ( 'NONE', *, *, #219, .T. ) ;
#3832 = CIRCLE ( 'NONE', #1824, 2.000000000000001776 ) ;
#3833 = ADVANCED_FACE ( 'NONE', ( #2826 ), #2257, .T. ) ;
#3834 = ORIENTED_EDGE ( 'NONE', *, *, #2484, .T. ) ;
#3835 = ORIENTED_EDGE ( 'NONE', *, *, #951, .F. ) ;
#3836 = AXIS2_PLACEMENT_3D ( 'NONE', #1337, #2624, #129 ) ;
#3837 = PLANE ( 'NONE',  #596 ) ;
#3838 = DIRECTION ( 'NONE',  ( 1.401656568589260132E-14, -1.000000000000000000, -6.071532165918824830E-15 ) ) ;
#3839 = EDGE_CURVE ( 'NONE', #1638, #46, #2278, .T. ) ;
#3840 = ADVANCED_FACE ( 'NONE', ( #1923 ), #3464, .F. ) ;
#3841 = DIRECTION ( 'NONE',  ( 1.000000000000000000, 0.000000000000000000, 0.000000000000000000 ) ) ;
#3842 = DIRECTION ( 'NONE',  ( 0.000000000000000000, 0.000000000000000000, 1.000000000000000000 ) ) ;
#3843 = CARTESIAN_POINT ( 'NONE',  ( 12.20000000000026930, -19.86547286757733843, -18.10000000000012221 ) ) ;
#3844 = EDGE_CURVE ( 'NONE', #872, #2300, #1755, .T. ) ;
#3845 = DIRECTION ( 'NONE',  ( 1.000000000000000000, 1.349229370204182437E-14, 0.000000000000000000 ) ) ;
#3846 = EDGE_LOOP ( 'NONE', ( #898, #3147, #3686, #1699 ) ) ;
#3847 = EDGE_CURVE ( 'NONE', #1538, #1543, #233, .T. ) ;
#3848 = ORIENTED_EDGE ( 'NONE', *, *, #1576, .F. ) ;
#3849 = CARTESIAN_POINT ( 'NONE',  ( 13.20000000000039542, -28.86547286757787845, -8.750000000000268230 ) ) ;
#3850 = CYLINDRICAL_SURFACE ( 'NONE', #2231, 1.800000000000003597 ) ;
#3851 = FACE_OUTER_BOUND ( 'NONE', #2225, .T. ) ;
#3852 = VERTEX_POINT ( 'NONE', #1078 ) ;
#3853 = LINE ( 'NONE', #1515, #1365 ) ;
#3854 = CARTESIAN_POINT ( 'NONE',  ( 11.19615242270666933, 25.73260334377589587, -7.999999999999856115 ) ) ;
#3855 = EDGE_LOOP ( 'NONE', ( #3353, #1096 ) ) ;
#3856 = VERTEX_POINT ( 'NONE', #3483 ) ;
#3857 = DIRECTION ( 'NONE',  ( -1.400000000000000030E-14, 1.000000000000000000, 6.000000000000000466E-15 ) ) ;
#3858 = DIRECTION ( 'NONE',  ( 0.000000000000000000, 0.000000000000000000, -1.000000000000000000 ) ) ;
#3859 = DATE_TIME_ROLE ( 'creation_date' ) ;
#3860 = ORIENTED_EDGE ( 'NONE', *, *, #478, .T. ) ;
#3861 = EDGE_CURVE ( 'NONE', #3375, #1225, #796, .T. ) ;
#3862 = CYLINDRICAL_SURFACE ( 'NONE', #1600, 1.750000000000002442 ) ;
#3863 = DIRECTION ( 'NONE',  ( -1.401873053107404321E-14, 1.000000000000000000, 6.115553587381290921E-15 ) ) ;
#3864 = DIRECTION ( 'NONE',  ( 0.000000000000000000, 0.000000000000000000, -1.000000000000000000 ) ) ;
#3865 = ORIENTED_EDGE ( 'NONE', *, *, #2199, .F. ) ;
#3866 = EDGE_LOOP ( 'NONE', ( #3765, #3817, #3224, #2599 ) ) ;
#3867 = ADVANCED_FACE ( 'NONE', ( #496 ), #2989, .T. ) ;
#3868 = LINE ( 'NONE', #2371, #1879 ) ;
#3869 = DIRECTION ( 'NONE',  ( 1.387778780781444413E-14, -1.000000000000000000, 0.000000000000000000 ) ) ;
#3870 = CARTESIAN_POINT ( 'NONE',  ( -3.178687913578073485E-13, 22.63452713242242353, -5.499999999999855227 ) ) ;
#3871 = ORIENTED_EDGE ( 'NONE', *, *, #3383, .T. ) ;
#3872 = DIRECTION ( 'NONE',  ( -1.401873053107404321E-14, 1.000000000000000000, 6.115553587381290921E-15 ) ) ;
#3873 = CIRCLE ( 'NONE', #1544, 1.000000000000301537 ) ;
#3874 = DIRECTION ( 'NONE',  ( 0.000000000000000000, 0.000000000000000000, 1.000000000000000000 ) ) ;
#3875 = LINE ( 'NONE', #1177, #2448 ) ;
#3876 = ORIENTED_EDGE ( 'NONE', *, *, #3625, .T. ) ;
#3877 = AXIS2_PLACEMENT_3D ( 'NONE', #1866, #364, #3048 ) ;
#3878 = CARTESIAN_POINT ( 'NONE',  ( 3.100000000000759925, -25.36547286757750896, 14.09999999999984155 ) ) ;
#3879 = LINE ( 'NONE', #2988, #2939 ) ;
#3880 = CIRCLE ( 'NONE', #3500, 2.144395624589431115 ) ;
#3881 = ORIENTED_EDGE ( 'NONE', *, *, #581, .T. ) ;
#3882 = AXIS2_PLACEMENT_3D ( 'NONE', #2679, #3863, #1847 ) ;
#3883 = FACE_BOUND ( 'NONE', #3521, .T. ) ;
#3884 = CARTESIAN_POINT ( 'NONE',  ( 0.9999999999996366240, 26.13452713242237024, 5.500000000000158096 ) ) ;
#3885 = CARTESIAN_POINT ( 'NONE',  ( -8.899999999999240075, -25.36547286757751252, 14.09999999999984155 ) ) ;
#3886 = ORIENTED_EDGE ( 'NONE', *, *, #446, .F. ) ;
#3887 = ADVANCED_FACE ( 'NONE', ( #2386 ), #1191, .T. ) ;
#3888 = AXIS2_PLACEMENT_3D ( 'NONE', #1887, #3121, #1259 ) ;
#3889 = ORIENTED_EDGE ( 'NONE', *, *, #1452, .F. ) ;
#3890 = CARTESIAN_POINT ( 'NONE',  ( -1.000000000000618616, 22.63452713242241288, -5.499999999999865885 ) ) ;
#3891 = CARTESIAN_POINT ( 'NONE',  ( -3.699999999999780798, -15.36547286757766706, -9.164255389853663050E-14 ) ) ;
#3892 = AXIS2_PLACEMENT_3D ( 'NONE', #490, #814, #2671 ) ;
#3893 = DIRECTION ( 'NONE',  ( -1.000000000000000000, -1.387778780781438260E-14, 0.000000000000000000 ) ) ;
#3894 = EDGE_CURVE ( 'NONE', #1480, #1686, #3310, .T. ) ;
#3895 = ORIENTED_EDGE ( 'NONE', *, *, #1237, .T. ) ;
#3896 = AXIS2_PLACEMENT_3D ( 'NONE', #2414, #3284, #3615 ) ;
#3897 =( GEOMETRIC_REPRESENTATION_CONTEXT ( 3 ) GLOBAL_UNCERTAINTY_ASSIGNED_CONTEXT ( ( #2609 ) ) GLOBAL_UNIT_ASSIGNED_CONTEXT ( ( #599, #1808, #2025 ) ) REPRESENTATION_CONTEXT ( 'NONE', 'WORKASPACE' ) );
#3898 = CARTESIAN_POINT ( 'NONE',  ( 1.000000000000589306, -41.86547286757756581, -5.500000000000249578 ) ) ;
#3899 = CIRCLE ( 'NONE', #3646, 1.000000000000000888 ) ;
#3900 = FACE_BOUND ( 'NONE', #1100, .T. ) ;
#3901 = PRODUCT_RELATED_PRODUCT_CATEGORY ( 'detail', '', ( #795 ) ) ;
#3902 = ORIENTED_EDGE ( 'NONE', *, *, #189, .T. ) ;
#3903 = VECTOR ( 'NONE', #2399, 1000.000000000000000 ) ;
#3904 = DIRECTION ( 'NONE',  ( 0.000000000000000000, -1.000000000000000000, -5.999999999999998889E-15 ) ) ;
#3905 = CARTESIAN_POINT ( 'NONE',  ( -17.99999999999972999, -19.86547286757799213, 19.09999999999988063 ) ) ;
#3906 = CIRCLE ( 'NONE', #2701, 1.750000000000002442 ) ;
#3907 = APPLICATION_PROTOCOL_DEFINITION ( 'international standard', 'config_control_design', 1994, #413 ) ;
ENDSEC;
END-ISO-10303-21;
