ISO-10303-21;
HEADER;
FILE_DESCRIPTION (( 'STEP AP203' ),
    '1' );
FILE_NAME ('link1.STEP',
    '2026-06-24T07:27:49',
    ( '' ),
    ( '' ),
    'SwSTEP 2.0',
    'SolidWorks 2021',
    '' );
FILE_SCHEMA (( 'CONFIG_CONTROL_DESIGN' ));
ENDSEC;

DATA;
#1 = CARTESIAN_POINT ( 'NONE',  ( 19.94707618365011115, 18.44900727227260262, 13.78190592814740079 ) ) ;
#2 = CARTESIAN_POINT ( 'NONE',  ( -0.3876948665281214623, 17.98952713241851242, 29.27363346660304799 ) ) ;
#3 = ADVANCED_FACE ( 'NONE', ( #119 ), #3276, .F. ) ;
#4 = EDGE_LOOP ( 'NONE', ( #405, #1287, #3267, #972 ) ) ;
#5 = ADVANCED_FACE ( 'NONE', ( #3191 ), #2922, .F. ) ;
#6 = AXIS2_PLACEMENT_3D ( 'NONE', #3211, #2893, #2938 ) ;
#7 = CARTESIAN_POINT ( 'NONE',  ( 19.02911404894515712, 17.13597374182551647, 11.00703396683329238 ) ) ;
#8 = DIRECTION ( 'NONE',  ( 6.000000000000043854E-15, 1.115179377413769834E-15, 1.000000000000000000 ) ) ;
#9 = ADVANCED_FACE ( 'NONE', ( #2959 ), #3848, .F. ) ;
#10 = ORIENTED_EDGE ( 'NONE', *, *, #768, .F. ) ;
#11 = ADVANCED_FACE ( 'NONE', ( #2570 ), #1125, .T. ) ;
#12 = APPROVAL_PERSON_ORGANIZATION ( #82, #1246, #376 ) ;
#13 = DIRECTION ( 'NONE',  ( -1.000000000000000000, -1.541976423090495476E-14, 0.000000000000000000 ) ) ;
#14 = CARTESIAN_POINT ( 'NONE',  ( 20.64688100191151321, 16.78242035123227538, 12.41769413861312366 ) ) ;
#15 = ORIENTED_EDGE ( 'NONE', *, *, #1793, .F. ) ;
#16 = VECTOR ( 'NONE', #1236, 1000.000000000000000 ) ;
#17 = DIRECTION ( 'NONE',  ( 1.000000000000000000, -0.000000000000000000, 8.268308156524964354E-15 ) ) ;
#18 = VERTEX_POINT ( 'NONE', #2358 ) ;
#19 = CARTESIAN_POINT ( 'NONE',  ( 18.09181559289932295, 18.40165916677477753, 51.17204828926011828 ) ) ;
#20 = AXIS2_PLACEMENT_3D ( 'NONE', #2277, #3508, #1000 ) ;
#21 = AXIS2_PLACEMENT_3D ( 'NONE', #519, #587, #2095 ) ;
#22 = B_SPLINE_CURVE_WITH_KNOTS ( 'NONE', 3,
 ( #1361, #991, #117, #731 ),
 .UNSPECIFIED., .F., .F.,
 ( 4, 4 ),
 ( 0.000000000000000000, 0.0002022791314583316123 ),
 .UNSPECIFIED. ) ;
#23 = DIRECTION ( 'NONE',  ( 1.000000000000000000, 0.000000000000000000, 0.000000000000000000 ) ) ;
#24 = VERTEX_POINT ( 'NONE', #2294 ) ;
#25 = FACE_BOUND ( 'NONE', #1383, .T. ) ;
#26 = EDGE_CURVE ( 'NONE', #3358, #653, #3493, .T. ) ;
#27 = PLANE ( 'NONE',  #3965 ) ;
#28 = ORIENTED_EDGE ( 'NONE', *, *, #1853, .F. ) ;
#29 = CARTESIAN_POINT ( 'NONE',  ( 19.13092340320315543, 16.83476998247506629, 10.92014071635317585 ) ) ;
#30 = EDGE_CURVE ( 'NONE', #636, #3835, #763, .T. ) ;
#31 = ADVANCED_FACE ( 'NONE', ( #1042 ), #2274, .F. ) ;
#32 = CIRCLE ( 'NONE', #2150, 1.000000000000002665 ) ;
#33 = DIRECTION ( 'NONE',  ( 0.000000000000000000, -0.5773502691896202910, -0.8164965809277298092 ) ) ;
#34 = VERTEX_POINT ( 'NONE', #2315 ) ;
#35 = DIRECTION ( 'NONE',  ( -1.000000000000000000, 0.000000000000000000, -0.000000000000000000 ) ) ;
#36 = CARTESIAN_POINT ( 'NONE',  ( -3.187694866528121285, 17.98952713241846979, 29.27363346660304799 ) ) ;
#37 = ORIENTED_EDGE ( 'NONE', *, *, #2803, .T. ) ;
#38 = FACE_OUTER_BOUND ( 'NONE', #3535, .T. ) ;
#39 = VECTOR ( 'NONE', #3087, 1000.000000000000000 ) ;
#40 = DATE_AND_TIME ( #3714, #2255 ) ;
#41 = CARTESIAN_POINT ( 'NONE',  ( 8.656684729121577604, 17.98952713241865453, 33.75809982710573820 ) ) ;
#42 = DIRECTION ( 'NONE',  ( -8.268308156524964354E-15, 0.000000000000000000, 1.000000000000000000 ) ) ;
#43 = DIRECTION ( 'NONE',  ( 0.000000000000000000, 0.000000000000000000, 1.000000000000000000 ) ) ;
#44 = ORIENTED_EDGE ( 'NONE', *, *, #800, .T. ) ;
#45 = AXIS2_PLACEMENT_3D ( 'NONE', #2369, #517, #3559 ) ;
#46 = CARTESIAN_POINT ( 'NONE',  ( 20.53449493129698311, 15.48952713241858525, 31.01586664685450145 ) ) ;
#47 =( BOUNDED_CURVE ( )  B_SPLINE_CURVE ( 3, ( #2359, #3850, #2944, #210 ),
 .UNSPECIFIED., .F., .T. ) 
 B_SPLINE_CURVE_WITH_KNOTS ( ( 4, 4 ),
 ( 0.7853981633974472798, 1.570796326794893227 ),
 .UNSPECIFIED. ) 
 CURVE ( )  GEOMETRIC_REPRESENTATION_ITEM ( )  RATIONAL_B_SPLINE_CURVE ( ( 1.000000000000000000, 0.9492530216741914550, 0.9492530216741914550, 1.000000000000000000 ) ) 
 REPRESENTATION_ITEM ( '' )  );
#48 = CARTESIAN_POINT ( 'NONE',  ( -7.165505068703437175, 27.48952713241843071, 38.26593200339668499 ) ) ;
#49 = ORIENTED_EDGE ( 'NONE', *, *, #825, .T. ) ;
#50 = ORIENTED_EDGE ( 'NONE', *, *, #3007, .F. ) ;
#51 = AXIS2_PLACEMENT_3D ( 'NONE', #2308, #1380, #1136 ) ;
#52 = DIRECTION ( 'NONE',  ( 1.000000000000000000, 1.387778780781444413E-14, 0.000000000000000000 ) ) ;
#53 = ORIENTED_EDGE ( 'NONE', *, *, #2167, .T. ) ;
#54 = ADVANCED_FACE ( 'NONE', ( #787, #741 ), #189, .T. ) ;
#55 = DIRECTION ( 'NONE',  ( 1.000000000000000000, 0.000000000000000000, 0.000000000000000000 ) ) ;
#56 = ADVANCED_FACE ( 'NONE', ( #3909 ), #2978, .F. ) ;
#57 = DIRECTION ( 'NONE',  ( -1.495166424532390441E-14, 1.000000000000000000, -1.115179377413665113E-15 ) ) ;
#58 = ORIENTED_EDGE ( 'NONE', *, *, #3787, .T. ) ;
#59 = CARTESIAN_POINT ( 'NONE',  ( 19.67171293727747994, 18.14435896630542189, 13.67570491572174873 ) ) ;
#60 = PLANE ( 'NONE',  #468 ) ;
#61 = PERSON_AND_ORGANIZATION ( #3325, #1221 ) ;
#62 = DIRECTION ( 'NONE',  ( 0.000000000000000000, 0.000000000000000000, 1.000000000000000000 ) ) ;
#63 = DIRECTION ( 'NONE',  ( 1.000000000000000000, 1.495166424532391072E-14, -1.296850148564320413E-29 ) ) ;
#64 = VERTEX_POINT ( 'NONE', #2953 ) ;
#65 = DIRECTION ( 'NONE',  ( -1.000000000000000000, -1.495166424532391072E-14, -0.000000000000000000 ) ) ;
#66 = ORIENTED_EDGE ( 'NONE', *, *, #2711, .F. ) ;
#67 = DIRECTION ( 'NONE',  ( 1.495166424532390756E-14, -1.000000000000000000, 1.115179377413660971E-15 ) ) ;
#68 = EDGE_LOOP ( 'NONE', ( #3543, #1333 ) ) ;
#69 = AXIS2_PLACEMENT_3D ( 'NONE', #2658, #2680, #2088 ) ;
#70 = B_SPLINE_CURVE_WITH_KNOTS ( 'NONE', 3,
 ( #675, #2502, #3479, #1912 ),
 .UNSPECIFIED., .F., .F.,
 ( 4, 4 ),
 ( 0.000000000000000000, 0.0002022791314584252874 ),
 .UNSPECIFIED. ) ;
#71 = CC_DESIGN_APPROVAL ( #204, ( #3277 ) ) ;
#72 = FACE_OUTER_BOUND ( 'NONE', #3518, .T. ) ;
#73 = ORIENTED_EDGE ( 'NONE', *, *, #2057, .F. ) ;
#74 = CARTESIAN_POINT ( 'NONE',  ( 21.53449493129680548, 30.93952713241841579, 52.91586664685443964 ) ) ;
#75 = FACE_OUTER_BOUND ( 'NONE', #633, .T. ) ;
#76 = ADVANCED_FACE ( 'NONE', ( #1075 ), #221, .T. ) ;
#77 = VECTOR ( 'NONE', #2520, 1000.000000000000000 ) ;
#78 = ORIENTED_EDGE ( 'NONE', *, *, #1306, .F. ) ;
#79 = DIRECTION ( 'NONE',  ( 1.495166424532390756E-14, -1.000000000000000000, 1.115179377413661760E-15 ) ) ;
#80 = EDGE_CURVE ( 'NONE', #3634, #3358, #3312, .T. ) ;
#81 = CARTESIAN_POINT ( 'NONE',  ( 17.40897123748117536, 15.48952713241876644, 11.41296321592507468 ) ) ;
#82 = PERSON_AND_ORGANIZATION ( #3325, #1221 ) ;
#83 = B_SPLINE_CURVE_WITH_KNOTS ( 'NONE', 3,
 ( #1670, #758, #456, #2891 ),
 .UNSPECIFIED., .F., .F.,
 ( 4, 4 ),
 ( 0.000000000000000000, 0.0002022791314584057175 ),
 .UNSPECIFIED. ) ;
#84 = DIRECTION ( 'NONE',  ( 1.495166424532390756E-14, -1.000000000000000000, 1.115179377413661760E-15 ) ) ;
#85 = VECTOR ( 'NONE', #1694, 1000.000000000000000 ) ;
#86 = CARTESIAN_POINT ( 'NONE',  ( 14.43449493129670458, 17.98952713241872203, 17.51586664685442685 ) ) ;
#87 = CARTESIAN_POINT ( 'NONE',  ( 19.88384497163335141, 15.48952713241883927, 49.14389634363102743 ) ) ;
#88 = ORIENTED_EDGE ( 'NONE', *, *, #721, .F. ) ;
#89 = CYLINDRICAL_SURFACE ( 'NONE', #951, 1.000000000000000888 ) ;
#90 = ORIENTED_EDGE ( 'NONE', *, *, #1335, .F. ) ;
#91 = FACE_OUTER_BOUND ( 'NONE', #2780, .T. ) ;
#92 = ORIENTED_EDGE ( 'NONE', *, *, #2748, .T. ) ;
#93 = AXIS2_PLACEMENT_3D ( 'NONE', #1884, #662, #3096 ) ;
#94 = CARTESIAN_POINT ( 'NONE',  ( 4.076728111548071354, 17.98952713241857637, 26.49367684902954423 ) ) ;
#95 = ORIENTED_EDGE ( 'NONE', *, *, #3003, .T. ) ;
#96 = ORIENTED_EDGE ( 'NONE', *, *, #1307, .F. ) ;
#97 = CARTESIAN_POINT ( 'NONE',  ( 21.53449493129705417, 28.93952713241841579, 22.61586664685610160 ) ) ;
#98 = DIRECTION ( 'NONE',  ( 0.000000000000000000, 0.000000000000000000, 1.000000000000000000 ) ) ;
#99 = CIRCLE ( 'NONE', #1512, 1.750000000000000444 ) ;
#100 = CIRCLE ( 'NONE', #414, 1.750000000000000444 ) ;
#101 = ORIENTED_EDGE ( 'NONE', *, *, #2942, .F. ) ;
#102 = VECTOR ( 'NONE', #3241, 1000.000000000000000 ) ;
#103 = DIRECTION ( 'NONE',  ( -0.8164965809277111575, -0.5773502691896466033, 0.000000000000000000 ) ) ;
#104 = CARTESIAN_POINT ( 'NONE',  ( 20.58474896755551597, 17.27739509806286833, 50.26906440826513744 ) ) ;
#105 = FACE_OUTER_BOUND ( 'NONE', #1817, .T. ) ;
#106 = DIRECTION ( 'NONE',  ( 0.7071067811865481278, 9.762328819455037166E-15, -0.7071067811865470176 ) ) ;
#107 = CARTESIAN_POINT ( 'NONE',  ( 21.53449493129698666, 15.48952713241858525, 31.01586664685450856 ) ) ;
#108 = ORIENTED_EDGE ( 'NONE', *, *, #1436, .F. ) ;
#109 = ADVANCED_FACE ( 'NONE', ( #2072 ), #3898, .F. ) ;
#110 = DIRECTION ( 'NONE',  ( 0.000000000000000000, -1.000000000000000000, 1.156482317317871725E-15 ) ) ;
#111 = EDGE_CURVE ( 'NONE', #1730, #837, #2328, .T. ) ;
#112 = VERTEX_POINT ( 'NONE', #838 ) ;
#113 = AXIS2_PLACEMENT_3D ( 'NONE', #2299, #3193, #3618 ) ;
#114 = CARTESIAN_POINT ( 'NONE',  ( 17.12923427052001202, 18.48952713241875401, 11.82738718882649387 ) ) ;
#115 = VERTEX_POINT ( 'NONE', #3291 ) ;
#116 = EDGE_LOOP ( 'NONE', ( #1527, #2468 ) ) ;
#117 = CARTESIAN_POINT ( 'NONE',  ( 17.70487321626898591, 18.48952713241881085, 51.18622930709940277 ) ) ;
#118 = ORIENTED_EDGE ( 'NONE', *, *, #1509, .F. ) ;
#119 = FACE_OUTER_BOUND ( 'NONE', #2609, .T. ) ;
#120 = DIRECTION ( 'NONE',  ( 1.662982987331518857E-29, 1.000000000000000000, -2.011273595335425417E-15 ) ) ;
#121 = DIRECTION ( 'NONE',  ( 1.000000000000000000, 1.561251128379125123E-14, 0.000000000000000000 ) ) ;
#122 = CARTESIAN_POINT ( 'NONE',  ( 20.79332761131823304, 16.96107265622968185, 12.90287880865807857 ) ) ;
#123 = CARTESIAN_POINT ( 'NONE',  ( 8.656684729121581157, 17.88952713241865311, 33.75809982710573109 ) ) ;
#124 = PLANE ( 'NONE',  #3476 ) ;
#125 = CARTESIAN_POINT ( 'NONE',  ( 20.58474896755551597, 17.27739509806286833, 50.26906440826513744 ) ) ;
#126 = DIRECTION ( 'NONE',  ( -1.000000000000000000, -1.541976423090495476E-14, 0.000000000000000000 ) ) ;
#127 = VERTEX_POINT ( 'NONE', #1689 ) ;
#128 = CARTESIAN_POINT ( 'NONE',  ( 9.634494931297066245, 21.98951862599546203, 45.51586664685440553 ) ) ;
#129 = VERTEX_POINT ( 'NONE', #1464 ) ;
#130 = ADVANCED_FACE ( 'NONE', ( #157 ), #473, .F. ) ;
#131 = EDGE_CURVE ( 'NONE', #3116, #2644, #2170, .T. ) ;
#132 = DIRECTION ( 'NONE',  ( -1.000000000000000000, -1.541976423090495476E-14, 0.000000000000000000 ) ) ;
#133 = ORIENTED_EDGE ( 'NONE', *, *, #2267, .F. ) ;
#134 = EDGE_LOOP ( 'NONE', ( #3953, #96, #1101, #2366 ) ) ;
#135 = VECTOR ( 'NONE', #3440, 1000.000000000000000 ) ;
#136 = EDGE_CURVE ( 'NONE', #2815, #3289, #253, .T. ) ;
#137 = EDGE_CURVE ( 'NONE', #3457, #628, #1713, .T. ) ;
#138 = CARTESIAN_POINT ( 'NONE',  ( 54.73449493129641752, 37.48952713241934731, 24.61586664685608739 ) ) ;
#139 = VERTEX_POINT ( 'NONE', #2933 ) ;
#140 = EDGE_LOOP ( 'NONE', ( #645, #409, #1153, #1627 ) ) ;
#141 = CYLINDRICAL_SURFACE ( 'NONE', #1523, 10.00000000000000178 ) ;
#142 = DIRECTION ( 'NONE',  ( 1.000000000000000000, -0.000000000000000000, 8.645667657095498382E-30 ) ) ;
#143 = CARTESIAN_POINT ( 'NONE',  ( 19.83082959620026386, 18.26431906702925190, 49.09088096819716185 ) ) ;
#144 = AXIS2_PLACEMENT_3D ( 'NONE', #1349, #979, #3777 ) ;
#145 = ORIENTED_EDGE ( 'NONE', *, *, #1533, .F. ) ;
#146 = CARTESIAN_POINT ( 'NONE',  ( 20.29332761131818330, 18.48952713241884993, 50.26048576450244809 ) ) ;
#147 = DIRECTION ( 'NONE',  ( -1.000000000000000000, 0.000000000000000000, 6.938893903907225222E-15 ) ) ;
#148 = FACE_OUTER_BOUND ( 'NONE', #3114, .T. ) ;
#149 = CARTESIAN_POINT ( 'NONE',  ( -2.365505068702932423, 21.98951862599528795, 46.91586664685443964 ) ) ;
#150 = EDGE_LOOP ( 'NONE', ( #2657, #3426, #1463, #532, #1340, #3809, #2037, #2187, #3976, #2439, #969, #624 ) ) ;
#151 = FACE_OUTER_BOUND ( 'NONE', #2695, .T. ) ;
#152 = VERTEX_POINT ( 'NONE', #2053 ) ;
#153 = PLANE ( 'NONE',  #2571 ) ;
#154 = FACE_OUTER_BOUND ( 'NONE', #3961, .T. ) ;
#155 = ORIENTED_EDGE ( 'NONE', *, *, #3966, .F. ) ;
#156 = ORIENTED_EDGE ( 'NONE', *, *, #1413, .T. ) ;
#157 = FACE_OUTER_BOUND ( 'NONE', #1231, .T. ) ;
#158 = EDGE_CURVE ( 'NONE', #3311, #3346, #2647, .T. ) ;
#159 = DIRECTION ( 'NONE',  ( -0.000000000000000000, 1.000000000000000000, -0.000000000000000000 ) ) ;
#160 = ORIENTED_EDGE ( 'NONE', *, *, #3815, .F. ) ;
#161 = VERTEX_POINT ( 'NONE', #2031 ) ;
#162 = CARTESIAN_POINT ( 'NONE',  ( 20.79332761131820817, 16.92384170746959882, 50.26048576450246230 ) ) ;
#163 = DIRECTION ( 'NONE',  ( -1.000000000000000000, 0.000000000000000000, 0.000000000000000000 ) ) ;
#164 = DIRECTION ( 'NONE',  ( -1.495166424532390756E-14, 1.000000000000000000, -1.115179377413661760E-15 ) ) ;
#165 = EDGE_CURVE ( 'NONE', #3263, #3219, #306, .T. ) ;
#166 = EDGE_CURVE ( 'NONE', #386, #774, #1740, .T. ) ;
#167 = APPROVAL_ROLE ( '' ) ;
#168 = FACE_OUTER_BOUND ( 'NONE', #3768, .T. ) ;
#169 = CARTESIAN_POINT ( 'NONE',  ( 17.70380921622458104, 18.52739509806283635, 50.78223720662966656 ) ) ;
#170 = AXIS2_PLACEMENT_3D ( 'NONE', #1897, #43, #2252 ) ;
#171 = FACE_BOUND ( 'NONE', #2661, .T. ) ;
#172 = EDGE_LOOP ( 'NONE', ( #900, #3335, #1005, #1669 ) ) ;
#173 = CARTESIAN_POINT ( 'NONE',  ( -14.26550506870303892, -40.30903915740668708, 20.11586664685437853 ) ) ;
#174 = VERTEX_POINT ( 'NONE', #1737 ) ;
#175 = DIRECTION ( 'NONE',  ( -3.469446951953611033E-15, 0.000000000000000000, 1.000000000000000000 ) ) ;
#176 = LINE ( 'NONE', #1710, #3686 ) ;
#177 = ORIENTED_EDGE ( 'NONE', *, *, #665, .T. ) ;
#178 = VECTOR ( 'NONE', #2242, 1000.000000000000000 ) ;
#179 = CARTESIAN_POINT ( 'NONE',  ( 14.43449493129620365, 51.48952713241871493, 17.51586664685438777 ) ) ;
#180 = VERTEX_POINT ( 'NONE', #3268 ) ;
#181 = CARTESIAN_POINT ( 'NONE',  ( 8.656684729121591815, 16.98952713241865453, 33.75809982710573820 ) ) ;
#182 = LINE ( 'NONE', #2628, #3955 ) ;
#183 = CIRCLE ( 'NONE', #1797, 1.000000000000000000 ) ;
#184 = PERSON_AND_ORGANIZATION ( #3325, #1221 ) ;
#185 = EDGE_CURVE ( 'NONE', #499, #2576, #776, .T. ) ;
#186 = ORIENTED_EDGE ( 'NONE', *, *, #715, .T. ) ;
#187 = EDGE_CURVE ( 'NONE', #291, #263, #2013, .T. ) ;
#188 = DIRECTION ( 'NONE',  ( 1.495558082644848094E-14, -1.000000000000000000, 1.167657241503923310E-15 ) ) ;
#189 = PLANE ( 'NONE',  #2371 ) ;
#190 = CIRCLE ( 'NONE', #3456, 1.799999999999999600 ) ;
#191 = CARTESIAN_POINT ( 'NONE',  ( 17.57537883451281502, 18.48952713241877177, 11.88445925159256156 ) ) ;
#192 = FACE_BOUND ( 'NONE', #2011, .T. ) ;
#193 = CARTESIAN_POINT ( 'NONE',  ( 20.67348023217221709, 17.03422970549015503, 12.53353978992205775 ) ) ;
#194 = ORIENTED_EDGE ( 'NONE', *, *, #825, .F. ) ;
#195 = FACE_OUTER_BOUND ( 'NONE', #2889, .T. ) ;
#196 = CYLINDRICAL_SURFACE ( 'NONE', #549, 0.9999894423690178780 ) ;
#197 = VERTEX_POINT ( 'NONE', #819 ) ;
#198 = ORIENTED_EDGE ( 'NONE', *, *, #3393, .T. ) ;
#199 = DIRECTION ( 'NONE',  ( -0.7071067811865437980, -1.136097407790151930E-14, -0.7071067811865513475 ) ) ;
#200 = CARTESIAN_POINT ( 'NONE',  ( 17.12923427051989123, 18.48952713241880019, 51.20434610488239002 ) ) ;
#201 = ORIENTED_EDGE ( 'NONE', *, *, #871, .F. ) ;
#202 = LOCAL_TIME ( 15, 27, 49.00000000000000000, #678 ) ;
#203 = CARTESIAN_POINT ( 'NONE',  ( 19.02911404894514291, 17.13597374182552713, 11.00703396683329238 ) ) ;
#204 = APPROVAL ( #978, '未指定' ) ;
#205 = CARTESIAN_POINT ( 'NONE',  ( 18.87911404894511946, 16.92384170746956684, 52.17469932687554746 ) ) ;
#206 = ORIENTED_EDGE ( 'NONE', *, *, #3647, .F. ) ;
#207 = CIRCLE ( 'NONE', #3788, 2.000000000000001776 ) ;
#208 = DIRECTION ( 'NONE',  ( -0.000000000000000000, -0.000000000000000000, -1.000000000000000000 ) ) ;
#209 = EDGE_CURVE ( 'NONE', #1055, #2141, #3062, .T. ) ;
#210 = CARTESIAN_POINT ( 'NONE',  ( 18.88769269270783013, 17.27739509806283280, 11.06561261059598067 ) ) ;
#211 = LOCAL_TIME ( 15, 27, 49.00000000000000000, #1879 ) ;
#212 = CYLINDRICAL_SURFACE ( 'NONE', #1514, 1.750000000000000444 ) ;
#213 = CARTESIAN_POINT ( 'NONE',  ( 21.53449493129680548, 25.48952713241840584, 52.91586664685443964 ) ) ;
#214 = EDGE_CURVE ( 'NONE', #2955, #197, #3921, .T. ) ;
#215 = ORIENTED_EDGE ( 'NONE', *, *, #3599, .F. ) ;
#216 = CARTESIAN_POINT ( 'NONE',  ( 18.87911404894519407, 16.92384170746954553, 10.85703396683329025 ) ) ;
#217 = CARTESIAN_POINT ( 'NONE',  ( 17.91252462807428714, 18.35649100066120099, 51.41521668719047966 ) ) ;
#218 = ORIENTED_EDGE ( 'NONE', *, *, #2713, .F. ) ;
#219 = CIRCLE ( 'NONE', #1624, 0.5000000000000004441 ) ;
#220 = EDGE_LOOP ( 'NONE', ( #514, #3036, #1601, #2519 ) ) ;
#221 = PLANE ( 'NONE',  #3387 ) ;
#222 = AXIS2_PLACEMENT_3D ( 'NONE', #1343, #3254, #2566 ) ;
#223 = CYLINDRICAL_SURFACE ( 'NONE', #2417, 1.749999999999999778 ) ;
#224 = ORIENTED_EDGE ( 'NONE', *, *, #3330, .F. ) ;
#225 = CIRCLE ( 'NONE', #3561, 0.3000000000000018208 ) ;
#226 = CARTESIAN_POINT ( 'NONE',  ( 14.43449493129651096, 30.93952713241841579, 17.51586664685438777 ) ) ;
#227 = VERTEX_POINT ( 'NONE', #3021 ) ;
#228 = CYLINDRICAL_SURFACE ( 'NONE', #3931, 2.000000000000001776 ) ;
#229 = DIRECTION ( 'NONE',  ( -1.000000000000000000, -1.495166424532390756E-14, 0.000000000000000000 ) ) ;
#230 = CARTESIAN_POINT ( 'NONE',  ( 11.38449493129706624, 21.98951862599546558, 16.11586664685441761 ) ) ;
#231 = CARTESIAN_POINT ( 'NONE',  ( 11.38449493129706624, 21.98951862599546558, 16.11586664685441761 ) ) ;
#232 = CARTESIAN_POINT ( 'NONE',  ( 20.79332761131823304, 16.92384170746958816, 12.77124752920640027 ) ) ;
#233 = VECTOR ( 'NONE', #2906, 1000.000000000000000 ) ;
#234 = ORIENTED_EDGE ( 'NONE', *, *, #166, .F. ) ;
#235 = AXIS2_PLACEMENT_3D ( 'NONE', #3391, #2496, #3727 ) ;
#236 = LINE ( 'NONE', #551, #646 ) ;
#237 = LINE ( 'NONE', #2325, #668 ) ;
#238 = EDGE_CURVE ( 'NONE', #3722, #2583, #2948, .T. ) ;
#239 = ORIENTED_EDGE ( 'NONE', *, *, #2478, .F. ) ;
#240 = ORIENTED_EDGE ( 'NONE', *, *, #1199, .T. ) ;
#241 = ADVANCED_FACE ( 'NONE', ( #3037 ), #2431, .T. ) ;
#242 = CARTESIAN_POINT ( 'NONE',  ( 18.12465666243024742, 18.35649100066121875, 51.20308465283451227 ) ) ;
#243 = CARTESIAN_POINT ( 'NONE',  ( 18.52556065835184995, 18.48952713241877532, 11.00348057624001363 ) ) ;
#244 = ORIENTED_EDGE ( 'NONE', *, *, #2580, .F. ) ;
#245 = AXIS2_PLACEMENT_3D ( 'NONE', #1677, #2276, #865 ) ;
#246 = VERTEX_POINT ( 'NONE', #584 ) ;
#247 = CARTESIAN_POINT ( 'NONE',  ( 17.63943339948827571, 18.48952713241876111, 11.86185213418300499 ) ) ;
#248 = EDGE_LOOP ( 'NONE', ( #2080, #511, #2219, #1905 ) ) ;
#249 = AXIS2_PLACEMENT_3D ( 'NONE', #453, #1691, #2310 ) ;
#250 = DIRECTION ( 'NONE',  ( 1.000000000000000000, 1.387778780781444413E-14, 0.000000000000000000 ) ) ;
#251 = CARTESIAN_POINT ( 'NONE',  ( 14.43449493129659267, 25.48952713241874690, 36.26593200339668499 ) ) ;
#252 = ORIENTED_EDGE ( 'NONE', *, *, #2267, .T. ) ;
#253 = CIRCLE ( 'NONE', #3194, 1.999999999999998224 ) ;
#254 = DIRECTION ( 'NONE',  ( -0.5000000000000135447, 0.7071067811865393571, 0.4999999999999980016 ) ) ;
#255 = DIRECTION ( 'NONE',  ( 1.000000000000000000, 1.387778780781444413E-14, 0.000000000000000000 ) ) ;
#256 = EDGE_LOOP ( 'NONE', ( #1782, #3244, #2811, #2746, #1830, #2407, #1404, #2818, #2865, #1225 ) ) ;
#257 = CARTESIAN_POINT ( 'NONE',  ( -0.6155050687029322010, 21.98951862599528795, 46.91586664685443964 ) ) ;
#258 = EDGE_CURVE ( 'NONE', #3698, #1271, #190, .T. ) ;
#259 = CARTESIAN_POINT ( 'NONE',  ( 19.80896031476508767, 18.45631974456081181, 49.37760183696221361 ) ) ;
#260 = EDGE_LOOP ( 'NONE', ( #3257, #3807, #1312, #467, #1156 ) ) ;
#261 = CARTESIAN_POINT ( 'NONE',  ( 10.45668472912158009, 17.88952713241868153, 33.75809982710573109 ) ) ;
#262 = EDGE_CURVE ( 'NONE', #2667, #2966, #1666, .T. ) ;
#263 = VERTEX_POINT ( 'NONE', #2122 ) ;
#264 = DIRECTION ( 'NONE',  ( -1.000000000000000000, 0.000000000000000000, -8.645667657095498382E-30 ) ) ;
#265 = EDGE_LOOP ( 'NONE', ( #239, #1646 ) ) ;
#266 = AXIS2_PLACEMENT_3D ( 'NONE', #1168, #2397, #619 ) ;
#267 = CARTESIAN_POINT ( 'NONE',  ( 20.29332761131821172, 18.48952713241880730, 12.77124752920639494 ) ) ;
#268 = CARTESIAN_POINT ( 'NONE',  ( 19.82171293727775918, 18.35649100066152073, 49.50602837798659550 ) ) ;
#269 = CIRCLE ( 'NONE', #3216, 2.000000000000001776 ) ;
#270 = FACE_OUTER_BOUND ( 'NONE', #2522, .T. ) ;
#271 = ORIENTED_EDGE ( 'NONE', *, *, #3305, .F. ) ;
#272 = CARTESIAN_POINT ( 'NONE',  ( 18.87911404894519407, 16.92384170746954553, 10.85703396683329025 ) ) ;
#273 = AXIS2_PLACEMENT_3D ( 'NONE', #3431, #2495, #3473 ) ;
#274 = DIRECTION ( 'NONE',  ( 0.5000000000000129896, -0.7071067811865322517, -0.5000000000000088818 ) ) ;
#275 = VERTEX_POINT ( 'NONE', #272 ) ;
#276 = AXIS2_PLACEMENT_3D ( 'NONE', #378, #3153, #2413 ) ;
#277 = CARTESIAN_POINT ( 'NONE',  ( 20.29332761131821172, 18.48952713241880730, 12.77124752920639494 ) ) ;
#278 = VERTEX_POINT ( 'NONE', #3006 ) ;
#279 = ADVANCED_FACE ( 'NONE', ( #25, #1538, #3663 ), #569, .T. ) ;
#280 = EDGE_CURVE ( 'NONE', #3707, #3207, #3349, .T. ) ;
#281 = CARTESIAN_POINT ( 'NONE',  ( 17.49167718186861720, 18.52739509806283280, 50.99436924098563395 ) ) ;
#282 = CARTESIAN_POINT ( 'NONE',  ( 20.69316930449309311, 16.80860496934853288, 50.56775085251410218 ) ) ;
#283 = CIRCLE ( 'NONE', #93, 0.2999999999999988232 ) ;
#284 = CARTESIAN_POINT ( 'NONE',  ( -1.387694866528106807, 16.98952713241849821, 29.27363346660304799 ) ) ;
#285 = CYLINDRICAL_SURFACE ( 'NONE', #3751, 1.799999999999999600 ) ;
#286 = EDGE_LOOP ( 'NONE', ( #346, #1491, #3227, #1802 ) ) ;
#287 = CARTESIAN_POINT ( 'NONE',  ( 0.4123051334718793592, 17.88952713241852521, 29.27363346660304799 ) ) ;
#288 = CIRCLE ( 'NONE', #3570, 2.000000000000001776 ) ;
#289 = VECTOR ( 'NONE', #1395, 1000.000000000000000 ) ;
#290 = PLANE ( 'NONE',  #1401 ) ;
#291 = VERTEX_POINT ( 'NONE', #2469 ) ;
#292 = CARTESIAN_POINT ( 'NONE',  ( 20.66296472451202249, 17.08968862162641855, 50.45630569603031290 ) ) ;
#293 = DIRECTION ( 'NONE',  ( 1.000000000000000000, 1.387778780781444413E-14, 0.000000000000000000 ) ) ;
#294 = ORIENTED_EDGE ( 'NONE', *, *, #2411, .F. ) ;
#295 = EDGE_CURVE ( 'NONE', #1825, #1596, #3745, .T. ) ;
#296 = EDGE_CURVE ( 'NONE', #1919, #278, #480, .T. ) ;
#297 = AXIS2_PLACEMENT_3D ( 'NONE', #3320, #844, #2115 ) ;
#298 = ORIENTED_EDGE ( 'NONE', *, *, #1060, .F. ) ;
#299 = LINE ( 'NONE', #1493, #1187 ) ;
#300 = CARTESIAN_POINT ( 'NONE',  ( 19.63229474072344161, 18.70358969176447061, 49.20457489810116414 ) ) ;
#301 = EDGE_CURVE ( 'NONE', #152, #1407, #2347, .T. ) ;
#302 = DIRECTION ( 'NONE',  ( -1.000000000000000000, -1.541976423090495476E-14, 0.000000000000000000 ) ) ;
#303 = LINE ( 'NONE', #2734, #485 ) ;
#304 = VERTEX_POINT ( 'NONE', #3699 ) ;
#305 = CARTESIAN_POINT ( 'NONE',  ( 18.87887834426279454, 17.11681022491365667, 10.82969695663111231 ) ) ;
#306 = CIRCLE ( 'NONE', #2309, 2.000000000000001776 ) ;
#307 = FACE_OUTER_BOUND ( 'NONE', #1331, .T. ) ;
#308 = ORIENTED_EDGE ( 'NONE', *, *, #1858, .T. ) ;
#309 = CARTESIAN_POINT ( 'NONE',  ( 19.08114921468334657, 16.96894832232615968, 10.89120841461211775 ) ) ;
#310 = DIRECTION ( 'NONE',  ( -1.495166424532390756E-14, 1.000000000000000000, -1.115179377413661760E-15 ) ) ;
#311 = ORIENTED_EDGE ( 'NONE', *, *, #2320, .T. ) ;
#312 = CARTESIAN_POINT ( 'NONE',  ( 2.392261751045422269, 15.48952713241856394, 36.53805644467924196 ) ) ;
#313 = VERTEX_POINT ( 'NONE', #257 ) ;
#314 = CARTESIAN_POINT ( 'NONE',  ( 17.57537883451270133, 18.48952713241880730, 51.14727404211627970 ) ) ;
#315 = EDGE_CURVE ( 'NONE', #3784, #2957, #1796, .T. ) ;
#316 = DIRECTION ( 'NONE',  ( -1.000000000000000000, -1.495166424532391072E-14, 1.296850148564320413E-29 ) ) ;
#317 = AXIS2_PLACEMENT_3D ( 'NONE', #1700, #3190, #2920 ) ;
#318 = CARTESIAN_POINT ( 'NONE',  ( -7.165505068703488689, 30.93952713241841579, 40.26593200339668499 ) ) ;
#319 = CARTESIAN_POINT ( 'NONE',  ( 20.74190240080606173, 17.01151084329396568, 13.02977952090511948 ) ) ;
#320 = EDGE_LOOP ( 'NONE', ( #1901, #2879, #1074, #3055 ) ) ;
#321 = VECTOR ( 'NONE', #2905, 1000.000000000000000 ) ;
#322 = ADVANCED_FACE ( 'NONE', ( #878 ), #3911, .T. ) ;
#323 = CARTESIAN_POINT ( 'NONE',  ( -7.165505068703295954, 17.98952713241843071, 45.51586664685442685 ) ) ;
#324 = EDGE_CURVE ( 'NONE', #1407, #774, #625, .T. ) ;
#325 =( BOUNDED_SURFACE ( )  B_SPLINE_SURFACE ( 3, 2, ( 
 ( #870, #2103, #2381 ),
 ( #564, #3608, #2085 ),
 ( #3015, #547, #1494 ),
 ( #2715, #3342, #579 ) ),
 .UNSPECIFIED., .F., .F., .F. ) 
 B_SPLINE_SURFACE_WITH_KNOTS ( ( 4, 4 ),
 ( 3, 3 ),
 ( 0.7853981633974399523, 1.570796326794898556 ),
 ( 0.000000000000000000, 1.000000000000000000 ),
 .UNSPECIFIED. ) 
 GEOMETRIC_REPRESENTATION_ITEM ( )  RATIONAL_B_SPLINE_SURFACE ( (
 ( 1.000000000000000000, 0.8660254037844367092, 1.000000000000000000),
 ( 1.000000000000000000, 0.8283636150493390859, 1.000000000000000000),
 ( 1.000000000000000000, 0.7726989244079387475, 1.000000000000000000),
 ( 1.000000000000000000, 0.7071067811865483499, 1.000000000000000000) ) ) 
 REPRESENTATION_ITEM ( '' )  SURFACE ( )  );
#326 = CARTESIAN_POINT ( 'NONE',  ( 18.87911404894511946, 18.48952713241878243, 11.35703396683329025 ) ) ;
#327 = VERTEX_POINT ( 'NONE', #323 ) ;
#328 = CARTESIAN_POINT ( 'NONE',  ( 20.64688100191147768, 17.06526306370690804, 49.90693237390917858 ) ) ;
#329 = DIRECTION ( 'NONE',  ( 0.000000000000000000, 0.000000000000000000, 1.000000000000000000 ) ) ;
#330 = LINE ( 'NONE', #2421, #2793 ) ;
#331 = ORIENTED_EDGE ( 'NONE', *, *, #1178, .F. ) ;
#332 = CARTESIAN_POINT ( 'NONE',  ( 11.38449493129706624, 21.98951862599546558, 46.91586664685443964 ) ) ;
#333 = PLANE ( 'NONE',  #605 ) ;
#334 = CARTESIAN_POINT ( 'NONE',  ( -0.6155050687029322010, 21.98951862599528795, 46.91586664685443964 ) ) ;
#335 = CARTESIAN_POINT ( 'NONE',  ( 9.634494931297066245, 21.98951862599546558, 16.11586664685441761 ) ) ;
#336 = SHAPE_DEFINITION_REPRESENTATION ( #1131, #2739 ) ;
#337 = CARTESIAN_POINT ( 'NONE',  ( 9.634494931297057363, 21.98951862599546558, 16.11586664685441761 ) ) ;
#338 = DIRECTION ( 'NONE',  ( 0.7071067811865437980, 1.133321850228589197E-14, 0.7071067811865513475 ) ) ;
#339 = ORIENTED_EDGE ( 'NONE', *, *, #2061, .F. ) ;
#340 = DIRECTION ( 'NONE',  ( 1.000000000000000000, 1.495166424532391072E-14, -1.296850148564320694E-29 ) ) ;
#341 = EDGE_LOOP ( 'NONE', ( #339, #15 ) ) ;
#342 = ADVANCED_FACE ( 'NONE', ( #2488 ), #984, .F. ) ;
#343 = EDGE_CURVE ( 'NONE', #1640, #3602, #362, .T. ) ;
#344 = CARTESIAN_POINT ( 'NONE',  ( -0.4077382489546146904, 17.88952713241852166, 36.53805644467924196 ) ) ;
#345 = ORIENTED_EDGE ( 'NONE', *, *, #3093, .T. ) ;
#346 = ORIENTED_EDGE ( 'NONE', *, *, #2374, .F. ) ;
#347 = VECTOR ( 'NONE', #1574, 999.9999999999998863 ) ;
#348 = AXIS2_PLACEMENT_3D ( 'NONE', #1656, #1351, #2531 ) ;
#349 = CARTESIAN_POINT ( 'NONE',  ( -2.387694866528121906, 17.98952713241848400, 29.27363346660304799 ) ) ;
#350 = EDGE_LOOP ( 'NONE', ( #3646, #133, #3819, #1608 ) ) ;
#351 = LINE ( 'NONE', #654, #16 ) ;
#352 = DIRECTION ( 'NONE',  ( -1.000000000000000000, -1.541976423090495476E-14, 0.000000000000000000 ) ) ;
#353 = ORIENTED_EDGE ( 'NONE', *, *, #2561, .T. ) ;
#354 = CARTESIAN_POINT ( 'NONE',  ( 18.12465666243040729, 18.35649100066111217, 11.82864864087431656 ) ) ;
#355 = VECTOR ( 'NONE', #3339, 1000.000000000000000 ) ;
#356 = CARTESIAN_POINT ( 'NONE',  ( -14.26550506870399992, 15.48952713241833656, 52.91586664685443964 ) ) ;
#357 = CARTESIAN_POINT ( 'NONE',  ( 21.53449493129680548, 15.48952713241887125, 52.91586664685437569 ) ) ;
#358 = LINE ( 'NONE', #700, #1109 ) ;
#359 = CARTESIAN_POINT ( 'NONE',  ( 1.392261751045421603, 15.48952713241854795, 36.53805644467924196 ) ) ;
#360 = EDGE_LOOP ( 'NONE', ( #2558, #3189, #854, #3742 ) ) ;
#361 = VECTOR ( 'NONE', #1096, 1000.000000000000000 ) ;
#362 = LINE ( 'NONE', #1597, #1508 ) ;
#363 = EDGE_LOOP ( 'NONE', ( #1358, #218, #3495, #2745 ) ) ;
#364 = CARTESIAN_POINT ( 'NONE',  ( -14.26550506870308688, 25.48952713241840584, 36.26593200339668499 ) ) ;
#365 = ORIENTED_EDGE ( 'NONE', *, *, #1087, .T. ) ;
#366 = EDGE_LOOP ( 'NONE', ( #2116, #1462, #2020, #1664 ) ) ;
#367 = EDGE_CURVE ( 'NONE', #636, #705, #283, .T. ) ;
#368 = CYLINDRICAL_SURFACE ( 'NONE', #1973, 1.800000000000000488 ) ;
#369 = ORIENTED_EDGE ( 'NONE', *, *, #742, .T. ) ;
#370 = CARTESIAN_POINT ( 'NONE',  ( 20.53449493129698311, 25.48952713241840584, 31.01586664685450145 ) ) ;
#371 = LINE ( 'NONE', #1568, #2465 ) ;
#372 = ADVANCED_FACE ( 'NONE', ( #1332 ), #2577, .T. ) ;
#373 = EDGE_CURVE ( 'NONE', #127, #1575, #1120, .T. ) ;
#374 = ORIENTED_EDGE ( 'NONE', *, *, #2777, .F. ) ;
#375 = CARTESIAN_POINT ( 'NONE',  ( 18.62058205724638782, 17.01151084329394081, 52.12327411636338326 ) ) ;
#376 = APPROVAL_ROLE ( '' ) ;
#377 = LINE ( 'NONE', #3400, #1873 ) ;
#378 = CARTESIAN_POINT ( 'NONE',  ( 18.87911404894511236, 16.92384170746956684, 51.87469932687554319 ) ) ;
#379 = CARTESIAN_POINT ( 'NONE',  ( 20.58474896755554084, 17.27739509806286122, 12.76266888544370737 ) ) ;
#380 = ORIENTED_EDGE ( 'NONE', *, *, #214, .T. ) ;
#381 = DIRECTION ( 'NONE',  ( -1.000000000000000000, -1.495166424532390756E-14, 0.000000000000000000 ) ) ;
#382 = ORIENTED_EDGE ( 'NONE', *, *, #2272, .T. ) ;
#383 = VECTOR ( 'NONE', #2424, 1000.000000000000000 ) ;
#384 = AXIS2_PLACEMENT_3D ( 'NONE', #2357, #1675, #1724 ) ;
#385 = DIRECTION ( 'NONE',  ( -1.495166424532390756E-14, 1.000000000000000000, -1.115179377413661760E-15 ) ) ;
#386 = VERTEX_POINT ( 'NONE', #1960 ) ;
#387 = FACE_OUTER_BOUND ( 'NONE', #3628, .T. ) ;
#388 = ORIENTED_EDGE ( 'NONE', *, *, #417, .F. ) ;
#389 = LINE ( 'NONE', #332, #535 ) ;
#390 = CARTESIAN_POINT ( 'NONE',  ( -2.365505068702932423, 21.98951862599528795, 16.11586664685441761 ) ) ;
#391 = EDGE_CURVE ( 'NONE', #1581, #313, #1314, .T. ) ;
#392 = VECTOR ( 'NONE', #1408, 1000.000000000000000 ) ;
#393 = ORIENTED_EDGE ( 'NONE', *, *, #3787, .F. ) ;
#394 = ADVANCED_FACE ( 'NONE', ( #3719, #3487 ), #1024, .T. ) ;
#395 = CARTESIAN_POINT ( 'NONE',  ( 20.79688100191150113, 17.27739509806286833, 12.97480091979967121 ) ) ;
#396 = CARTESIAN_POINT ( 'NONE',  ( 20.64332761131820249, 17.13597374182556266, 50.41048576450245378 ) ) ;
#397 = CALENDAR_DATE ( 2026, 24, 6 ) ;
#398 = DIRECTION ( 'NONE',  ( -1.495166424532390756E-14, 1.000000000000000000, -1.115179377413661760E-15 ) ) ;
#399 = CIRCLE ( 'NONE', #2653, 1.800000000000000488 ) ;
#400 = CARTESIAN_POINT ( 'NONE',  ( 18.92570125226561828, 17.22364287764990820, 52.00412924267067183 ) ) ;
#401 = CYLINDRICAL_SURFACE ( 'NONE', #2729, 1.799999999999999600 ) ;
#402 = EDGE_LOOP ( 'NONE', ( #947, #2741 ) ) ;
#403 = CYLINDRICAL_SURFACE ( 'NONE', #833, 2.000000000000001776 ) ;
#404 =( BOUNDED_CURVE ( )  B_SPLINE_CURVE ( 3, ( #2401, #1188, #3645, #2174 ),
 .UNSPECIFIED., .F., .T. ) 
 B_SPLINE_CURVE_WITH_KNOTS ( ( 4, 4 ),
 ( 4.712388980384693227, 5.158499750661573735 ),
 .UNSPECIFIED. ) 
 CURVE ( )  GEOMETRIC_REPRESENTATION_ITEM ( )  RATIONAL_B_SPLINE_CURVE ( ( 1.000000000000000000, 0.9834840797589975425, 0.9834840797589975425, 1.000000000000000000 ) ) 
 REPRESENTATION_ITEM ( '' )  );
#405 = ORIENTED_EDGE ( 'NONE', *, *, #2265, .F. ) ;
#406 = CARTESIAN_POINT ( 'NONE',  ( -1.387694866528121684, 17.98952713241849821, 29.27363346660304799 ) ) ;
#407 = ORIENTED_EDGE ( 'NONE', *, *, #2936, .F. ) ;
#408 = CARTESIAN_POINT ( 'NONE',  ( -1.387694866528106807, 16.98952713241849821, 29.27363346660304799 ) ) ;
#409 = ORIENTED_EDGE ( 'NONE', *, *, #2632, .T. ) ;
#410 = ORIENTED_EDGE ( 'NONE', *, *, #2395, .F. ) ;
#411 = CARTESIAN_POINT ( 'NONE',  ( -3.365505068702932867, 21.98951862599528795, 17.51586664685451566 ) ) ;
#412 = VECTOR ( 'NONE', #67, 1000.000000000000000 ) ;
#413 = PRODUCT_RELATED_PRODUCT_CATEGORY ( 'detail', '', ( #3581 ) ) ;
#414 = AXIS2_PLACEMENT_3D ( 'NONE', #2184, #98, #1299 ) ;
#415 = VERTEX_POINT ( 'NONE', #1619 ) ;
#416 = DIRECTION ( 'NONE',  ( 0.7071067811865416886, 0.000000000000000000, 0.7071067811865532349 ) ) ;
#417 = EDGE_CURVE ( 'NONE', #574, #64, #597, .T. ) ;
#418 = ADVANCED_FACE ( 'NONE', ( #3115 ), #403, .F. ) ;
#419 = CARTESIAN_POINT ( 'NONE',  ( -14.26550506870311708, 30.93952713241841579, 40.26593200339668499 ) ) ;
#420 = DIRECTION ( 'NONE',  ( 0.5547001962252288143, -0.000000000000000000, -0.8320502943378438321 ) ) ;
#421 = CARTESIAN_POINT ( 'NONE',  ( 17.76252462807388000, 18.14435896630525136, 51.26521668719089320 ) ) ;
#422 = CARTESIAN_POINT ( 'NONE',  ( 20.79332761131823659, 16.92384170746959171, 12.77124752920640383 ) ) ;
#423 = EDGE_LOOP ( 'NONE', ( #806, #1682 ) ) ;
#424 = CARTESIAN_POINT ( 'NONE',  ( 54.73449493129641752, 28.93952713241841579, 40.26593200339668499 ) ) ;
#425 = EDGE_CURVE ( 'NONE', #1989, #3532, #2177, .T. ) ;
#426 = ADVANCED_FACE ( 'NONE', ( #2254 ), #2512, .F. ) ;
#427 = VECTOR ( 'NONE', #2379, 1000.000000000000000 ) ;
#428 = LINE ( 'NONE', #3489, #1787 ) ;
#429 = ORIENTED_EDGE ( 'NONE', *, *, #1391, .F. ) ;
#430 = EDGE_LOOP ( 'NONE', ( #3616, #101, #1471, #553 ) ) ;
#431 = DIRECTION ( 'NONE',  ( 0.000000000000000000, 1.000000000000000000, -1.445602896647339706E-15 ) ) ;
#432 = EDGE_LOOP ( 'NONE', ( #3184, #3632, #2641, #908 ) ) ;
#433 = ORIENTED_EDGE ( 'NONE', *, *, #1007, .F. ) ;
#434 = DIRECTION ( 'NONE',  ( 0.000000000000000000, 0.000000000000000000, -1.000000000000000000 ) ) ;
#435 = CARTESIAN_POINT ( 'NONE',  ( 21.53449493129694403, 27.48952713241840939, 36.26593200339668499 ) ) ;
#436 = CARTESIAN_POINT ( 'NONE',  ( 20.64332761131823091, 17.13597374182555555, 12.62124752920639636 ) ) ;
#437 = AXIS2_PLACEMENT_3D ( 'NONE', #169, #2062, #3238 ) ;
#438 = DIRECTION ( 'NONE',  ( 1.667378762439842493E-29, -1.115179377413661760E-15, -1.000000000000000000 ) ) ;
#439 = DIRECTION ( 'NONE',  ( 1.000000000000000000, 1.387778780781445360E-14, 0.000000000000000000 ) ) ;
#440 = DIRECTION ( 'NONE',  ( 0.7071067811865510144, 1.040834085586082994E-14, -0.7071067811865441310 ) ) ;
#441 = CARTESIAN_POINT ( 'NONE',  ( 19.81105961746098743, 18.37155707003080707, 13.53635823553917561 ) ) ;
#442 = FACE_OUTER_BOUND ( 'NONE', #1548, .T. ) ;
#443 = DIRECTION ( 'NONE',  ( 8.268308156524964354E-15, -1.115179377413538106E-15, -1.000000000000000000 ) ) ;
#444 = ADVANCED_FACE ( 'NONE', ( #3805 ), #89, .F. ) ;
#445 = ORIENTED_EDGE ( 'NONE', *, *, #2412, .T. ) ;
#446 = CARTESIAN_POINT ( 'NONE',  ( 20.64688100191151321, 16.78242035123227893, 12.41769413861312366 ) ) ;
#447 = ORIENTED_EDGE ( 'NONE', *, *, #3229, .T. ) ;
#448 = CARTESIAN_POINT ( 'NONE',  ( 1.392261751045384521, 17.98952713241855150, 36.53805644467924196 ) ) ;
#449 = EDGE_CURVE ( 'NONE', #1355, #3796, #2880, .T. ) ;
#450 = ORIENTED_EDGE ( 'NONE', *, *, #475, .F. ) ;
#451 = ORIENTED_EDGE ( 'NONE', *, *, #1392, .F. ) ;
#452 = EDGE_CURVE ( 'NONE', #2651, #246, #3422, .T. ) ;
#453 = CARTESIAN_POINT ( 'NONE',  ( 11.53449493129702930, 18.48952713241868295, 20.11586664685441050 ) ) ;
#454 = VERTEX_POINT ( 'NONE', #3464 ) ;
#455 = EDGE_LOOP ( 'NONE', ( #495, #1029, #711, #3120 ) ) ;
#456 = CARTESIAN_POINT ( 'NONE',  ( 19.80485759154290548, 18.48952713241880019, 13.94548836188333318 ) ) ;
#457 = DIRECTION ( 'NONE',  ( -1.495166424532390756E-14, 1.000000000000000000, -1.115179377413661760E-15 ) ) ;
#458 = DIRECTION ( 'NONE',  ( 1.474514954580284768E-14, -1.000000000000000000, 0.000000000000000000 ) ) ;
#459 = VECTOR ( 'NONE', #1593, 1000.000000000000000 ) ;
#460 = EDGE_LOOP ( 'NONE', ( #201, #78 ) ) ;
#461 = CARTESIAN_POINT ( 'NONE',  ( 18.77556065835187127, 17.13597374182552358, 10.75348057624001541 ) ) ;
#462 = CARTESIAN_POINT ( 'NONE',  ( -1.387694866528121684, 17.98952713241849821, 29.27363346660304799 ) ) ;
#463 = CIRCLE ( 'NONE', #3226, 0.9999894423690178780 ) ;
#464 = FACE_BOUND ( 'NONE', #2470, .T. ) ;
#465 = ORIENTED_EDGE ( 'NONE', *, *, #985, .T. ) ;
#466 = DIRECTION ( 'NONE',  ( 0.000000000000000000, 0.5773502691896202910, 0.8164965809277298092 ) ) ;
#467 = ORIENTED_EDGE ( 'NONE', *, *, #262, .F. ) ;
#468 = AXIS2_PLACEMENT_3D ( 'NONE', #2504, #3733, #1127 ) ;
#469 = CARTESIAN_POINT ( 'NONE',  ( 17.46490048657198457, 18.48952713241880375, 50.96759254568900133 ) ) ;
#470 = CARTESIAN_POINT ( 'NONE',  ( 17.82320318254452829, 18.70358969176444219, 51.01366645628008456 ) ) ;
#471 = EDGE_LOOP ( 'NONE', ( #1118, #814, #3510, #1778 ) ) ;
#472 = EDGE_LOOP ( 'NONE', ( #3136, #3593, #1847, #155, #857 ) ) ;
#473 = CYLINDRICAL_SURFACE ( 'NONE', #2056, 1.750000000000000222 ) ;
#474 = ADVANCED_FACE ( 'NONE', ( #1004 ), #1267, .F. ) ;
#475 = EDGE_CURVE ( 'NONE', #913, #197, #3781, .T. ) ;
#476 = PLANE ( 'NONE',  #1197 ) ;
#477 = ORIENTED_EDGE ( 'NONE', *, *, #80, .F. ) ;
#478 = CYLINDRICAL_SURFACE ( 'NONE', #2831, 10.00000000000000178 ) ;
#479 = DIRECTION ( 'NONE',  ( -0.7071067811865492381, -1.127570259384925716E-14, -0.7071067811865457964 ) ) ;
#480 = CIRCLE ( 'NONE', #2030, 0.5000000000000004441 ) ;
#481 = APPROVAL_DATE_TIME ( #2607, #3637 ) ;
#482 = VERTEX_POINT ( 'NONE', #3242 ) ;
#483 = DIRECTION ( 'NONE',  ( 0.000000000000000000, 0.000000000000000000, -1.000000000000000000 ) ) ;
#484 = CIRCLE ( 'NONE', #2526, 1.999999999999998224 ) ;
#485 = VECTOR ( 'NONE', #2414, 1000.000000000000000 ) ;
#486 = CARTESIAN_POINT ( 'NONE',  ( 18.10305340772467986, 18.38661713004238152, 11.84965016692139450 ) ) ;
#487 = DIRECTION ( 'NONE',  ( 0.7071067811865512365, 9.783872277884442831E-15, -0.7071067811865439090 ) ) ;
#488 = VECTOR ( 'NONE', #2340, 1000.000000000000114 ) ;
#489 = FACE_OUTER_BOUND ( 'NONE', #2885, .T. ) ;
#490 = DIRECTION ( 'NONE',  ( -1.495166424532390756E-14, 1.000000000000000000, -1.115179377413661760E-15 ) ) ;
#491 = VERTEX_POINT ( 'NONE', #1728 ) ;
#492 = DIRECTION ( 'NONE',  ( 6.918242433955087995E-15, -1.000000000000000000, -6.918242433955120338E-15 ) ) ;
#493 = CARTESIAN_POINT ( 'NONE',  ( 19.23266743953838187, 16.78242035123226827, 52.02825271746881697 ) ) ;
#494 = EDGE_LOOP ( 'NONE', ( #1389, #693, #1921, #3882, #2532, #3584, #3858, #1032, #995, #3555, #2553, #369 ) ) ;
#495 = ORIENTED_EDGE ( 'NONE', *, *, #3524, .F. ) ;
#496 = CARTESIAN_POINT ( 'NONE',  ( 3.634494931296768261, 15.48952713241857637, 31.51586664685439843 ) ) ;
#497 = AXIS2_PLACEMENT_3D ( 'NONE', #277, #2709, #3635 ) ;
#498 = DIRECTION ( 'NONE',  ( 1.000000000000000000, 0.000000000000000000, 0.000000000000000000 ) ) ;
#499 = VERTEX_POINT ( 'NONE', #3914 ) ;
#500 = EDGE_CURVE ( 'NONE', #2256, #2336, #1129, .T. ) ;
#501 = FACE_OUTER_BOUND ( 'NONE', #320, .T. ) ;
#502 = VECTOR ( 'NONE', #1846, 1000.000000000000000 ) ;
#503 = EDGE_LOOP ( 'NONE', ( #1890, #1517 ) ) ;
#504 = DIRECTION ( 'NONE',  ( 1.000000000000000000, 1.387778780781444413E-14, 0.000000000000000000 ) ) ;
#505 = ADVANCED_FACE ( 'NONE', ( #2065 ), #3047, .T. ) ;
#506 = VECTOR ( 'NONE', #2664, 1000.000000000000000 ) ;
#507 = CIRCLE ( 'NONE', #2260, 0.9999894423690178780 ) ;
#508 = CARTESIAN_POINT ( 'NONE',  ( 17.76252462807397947, 18.14435896630514122, 11.76651660651788234 ) ) ;
#509 = CARTESIAN_POINT ( 'NONE',  ( 4.876728111548071176, 17.98952713241858703, 26.49367684902954423 ) ) ;
#510 = DIRECTION ( 'NONE',  ( 1.495166424532391072E-14, -1.000000000000000000, 0.000000000000000000 ) ) ;
#511 = ORIENTED_EDGE ( 'NONE', *, *, #528, .T. ) ;
#512 = CARTESIAN_POINT ( 'NONE',  ( 18.62058205724644111, 17.01151084329392305, 10.90845917734544734 ) ) ;
#513 = LINE ( 'NONE', #3265, #2284 ) ;
#514 = ORIENTED_EDGE ( 'NONE', *, *, #2887, .F. ) ;
#515 = EDGE_LOOP ( 'NONE', ( #1799, #2098, #2207, #767 ) ) ;
#516 = DIRECTION ( 'NONE',  ( -1.495166424532390756E-14, 1.000000000000000000, -1.115179377413661760E-15 ) ) ;
#517 = DIRECTION ( 'NONE',  ( -8.268308156524964354E-15, 0.000000000000000000, 1.000000000000000000 ) ) ;
#518 = ORIENTED_EDGE ( 'NONE', *, *, #3438, .F. ) ;
#519 = CARTESIAN_POINT ( 'NONE',  ( -2.365505068702932423, 21.98951862599528795, 16.11586664685441761 ) ) ;
#520 = CARTESIAN_POINT ( 'NONE',  ( 20.64688100191150255, 15.48952713241885171, 49.90693237390917858 ) ) ;
#521 = ORIENTED_EDGE ( 'NONE', *, *, #1658, .F. ) ;
#522 = VECTOR ( 'NONE', #316, 1000.000000000000000 ) ;
#523 = AXIS2_PLACEMENT_3D ( 'NONE', #2523, #79, #637 ) ;
#524 = DIRECTION ( 'NONE',  ( -1.387778780781444413E-14, 1.000000000000000000, 0.000000000000000000 ) ) ;
#525 = CARTESIAN_POINT ( 'NONE',  ( 20.79332761131821172, 18.48952713241881440, 12.77124752920639494 ) ) ;
#526 = ADVANCED_FACE ( 'NONE', ( #1457 ), #3511, .T. ) ;
#527 = DIRECTION ( 'NONE',  ( 1.495166424532390756E-14, -1.000000000000000000, 1.115179377413661760E-15 ) ) ;
#528 = EDGE_CURVE ( 'NONE', #3128, #2600, #1983, .T. ) ;
#529 = ORIENTED_EDGE ( 'NONE', *, *, #850, .F. ) ;
#530 = CARTESIAN_POINT ( 'NONE',  ( -2.365505068702932423, 21.98951862599528795, 46.91586664685443964 ) ) ;
#531 = CARTESIAN_POINT ( 'NONE',  ( 20.64688100191150966, 16.78242035123227893, 12.41769413861312366 ) ) ;
#532 = ORIENTED_EDGE ( 'NONE', *, *, #165, .T. ) ;
#533 = DIRECTION ( 'NONE',  ( 0.000000000000000000, -0.000000000000000000, -1.000000000000000000 ) ) ;
#534 = DIRECTION ( 'NONE',  ( -1.474514954580284768E-14, 1.000000000000000000, 0.000000000000000000 ) ) ;
#535 = VECTOR ( 'NONE', #714, 1000.000000000000000 ) ;
#536 = ORIENTED_EDGE ( 'NONE', *, *, #1854, .F. ) ;
#537 = CARTESIAN_POINT ( 'NONE',  ( 19.58622083013163362, 18.48952713241883572, 48.84627220212934873 ) ) ;
#538 = DIRECTION ( 'NONE',  ( -1.495166424532390756E-14, 1.000000000000000000, -1.115179377413660971E-15 ) ) ;
#539 = ORIENTED_EDGE ( 'NONE', *, *, #1391, .T. ) ;
#540 = FACE_OUTER_BOUND ( 'NONE', #2864, .T. ) ;
#541 = CIRCLE ( 'NONE', #2921, 1.000000000000000444 ) ;
#542 = CARTESIAN_POINT ( 'NONE',  ( 17.57537883451281502, 18.48952713241877177, 11.88445925159256156 ) ) ;
#543 = ORIENTED_EDGE ( 'NONE', *, *, #30, .T. ) ;
#544 = CARTESIAN_POINT ( 'NONE',  ( -7.165505068703295954, 17.98952713241840584, 17.51586664685442685 ) ) ;
#545 = DIRECTION ( 'NONE',  ( 1.000000000000000000, 1.387778780781444413E-14, 0.000000000000000000 ) ) ;
#546 = ADVANCED_FACE ( 'NONE', ( #3871, #2319, #151 ), #3262, .F. ) ;
#547 = CARTESIAN_POINT ( 'NONE',  ( 18.77041319347589265, 17.19387465686202177, 52.20151592302848798 ) ) ;
#548 = EDGE_CURVE ( 'NONE', #834, #2752, #2886, .T. ) ;
#549 = AXIS2_PLACEMENT_3D ( 'NONE', #797, #2089, #1133 ) ;
#550 = ORIENTED_EDGE ( 'NONE', *, *, #136, .F. ) ;
#551 = CARTESIAN_POINT ( 'NONE',  ( 21.53449493129680548, 30.93952713241841579, 52.91586664685443964 ) ) ;
#552 = FACE_OUTER_BOUND ( 'NONE', #2758, .T. ) ;
#553 = ORIENTED_EDGE ( 'NONE', *, *, #588, .F. ) ;
#554 = EDGE_CURVE ( 'NONE', #34, #613, #3205, .T. ) ;
#555 = DIRECTION ( 'NONE',  ( 1.000000000000000000, 1.387778780781444413E-14, 0.000000000000000000 ) ) ;
#556 = EDGE_CURVE ( 'NONE', #3725, #2671, #3394, .T. ) ;
#557 = CARTESIAN_POINT ( 'NONE',  ( 54.73449493129641752, 28.93952713241841224, 38.26593200339667789 ) ) ;
#558 = ORIENTED_EDGE ( 'NONE', *, *, #1903, .F. ) ;
#559 = CIRCLE ( 'NONE', #245, 0.5000000000000004441 ) ;
#560 = CARTESIAN_POINT ( 'NONE',  ( 18.52556065835187127, 17.06526306370686186, 11.00348057624001541 ) ) ;
#561 = ORIENTED_EDGE ( 'NONE', *, *, #2911, .F. ) ;
#562 = VECTOR ( 'NONE', #2648, 1000.000000000000000 ) ;
#563 = DIRECTION ( 'NONE',  ( -1.000000000000000000, -1.495166424532390756E-14, 0.000000000000000000 ) ) ;
#564 = CARTESIAN_POINT ( 'NONE',  ( 18.97654606096244123, 17.17314492323340147, 52.02469932598177849 ) ) ;
#565 = EDGE_CURVE ( 'NONE', #3411, #2735, #3347, .T. ) ;
#566 = FACE_OUTER_BOUND ( 'NONE', #1716, .T. ) ;
#567 = CARTESIAN_POINT ( 'NONE',  ( 20.82014420747077210, 17.19387465686116556, 50.15178490903281983 ) ) ;
#568 = CARTESIAN_POINT ( 'NONE',  ( 20.64688100191150610, 17.06526306370689738, 13.12480091979967511 ) ) ;
#569 = PLANE ( 'NONE',  #1990 ) ;
#570 = EDGE_CURVE ( 'NONE', #1315, #3571, #2128, .T. ) ;
#571 = ADVANCED_FACE ( 'NONE', ( #2618 ), #2046, .F. ) ;
#572 = DIRECTION ( 'NONE',  ( 1.000000000000000000, 1.561251128379126385E-14, 0.000000000000000000 ) ) ;
#573 = ORIENTED_EDGE ( 'NONE', *, *, #1924, .T. ) ;
#574 = VERTEX_POINT ( 'NONE', #3889 ) ;
#575 = CARTESIAN_POINT ( 'NONE',  ( -7.165505068703711622, 30.93952713241841579, 17.51586664685441264 ) ) ;
#576 = ORIENTED_EDGE ( 'NONE', *, *, #3398, .F. ) ;
#577 = AXIS2_PLACEMENT_3D ( 'NONE', #3299, #2696, #2874 ) ;
#578 = CARTESIAN_POINT ( 'NONE',  ( -1.365505068702930425, 21.98951862599528440, 46.91586664685443964 ) ) ;
#579 = CARTESIAN_POINT ( 'NONE',  ( 18.52556065835182508, 17.06526306370687962, 52.02825271746880986 ) ) ;
#580 =( GEOMETRIC_REPRESENTATION_CONTEXT ( 3 ) GLOBAL_UNCERTAINTY_ASSIGNED_CONTEXT ( ( #997 ) ) GLOBAL_UNIT_ASSIGNED_CONTEXT ( ( #2104, #2154, #1859 ) ) REPRESENTATION_CONTEXT ( 'NONE', 'WORKASPACE' ) );
#581 = LINE ( 'NONE', #2467, #1184 ) ;
#582 = MANIFOLD_SOLID_BREP ( '圆角33', #2483 ) ;
#583 = ORIENTED_EDGE ( 'NONE', *, *, #1446, .F. ) ;
#584 = CARTESIAN_POINT ( 'NONE',  ( 20.53449493129697956, 25.48952713241884283, 31.01586664685449790 ) ) ;
#585 = CARTESIAN_POINT ( 'NONE',  ( 18.87911404894514433, 16.98952713241880019, 10.64992718564674234 ) ) ;
#586 = ORIENTED_EDGE ( 'NONE', *, *, #795, .F. ) ;
#587 = DIRECTION ( 'NONE',  ( -0.000000000000000000, -0.000000000000000000, -1.000000000000000000 ) ) ;
#588 = EDGE_CURVE ( 'NONE', #3564, #3163, #3980, .T. ) ;
#589 = EDGE_CURVE ( 'NONE', #3039, #2516, #2637, .T. ) ;
#590 = VECTOR ( 'NONE', #2615, 1000.000000000000114 ) ;
#591 = CARTESIAN_POINT ( 'NONE',  ( -3.187694866528119508, 17.88952713241847192, 29.27363346660304799 ) ) ;
#592 = ORIENTED_EDGE ( 'NONE', *, *, #1138, .T. ) ;
#593 = ORIENTED_EDGE ( 'NONE', *, *, #1144, .T. ) ;
#594 = DIRECTION ( 'NONE',  ( 1.000000000000000000, 1.486905836551548487E-14, 0.000000000000000000 ) ) ;
#595 = FACE_OUTER_BOUND ( 'NONE', #494, .T. ) ;
#596 = CARTESIAN_POINT ( 'NONE',  ( 20.64688100191148479, 16.78242035123228959, 50.61403915509571760 ) ) ;
#597 = CIRCLE ( 'NONE', #3371, 1.000000000000000888 ) ;
#598 = LINE ( 'NONE', #621, #2567 ) ;
#599 = CARTESIAN_POINT ( 'NONE',  ( 19.79016882150520473, 18.38360930847801811, 14.00563022414798553 ) ) ;
#600 = CYLINDRICAL_SURFACE ( 'NONE', #3313, 1.749999999999999778 ) ;
#601 = ORIENTED_EDGE ( 'NONE', *, *, #2982, .F. ) ;
#602 = CARTESIAN_POINT ( 'NONE',  ( 21.53449493129715719, -40.30903915740668708, 10.11586664685441583 ) ) ;
#603 = VECTOR ( 'NONE', #2268, 1000.000000000000000 ) ;
#604 = CIRCLE ( 'NONE', #2847, 1.799999999999999822 ) ;
#605 = AXIS2_PLACEMENT_3D ( 'NONE', #673, #1016, #1257 ) ;
#606 = CIRCLE ( 'NONE', #170, 1.000000000000002220 ) ;
#607 = CYLINDRICAL_SURFACE ( 'NONE', #1260, 1.000000000000000444 ) ;
#608 = ORIENTED_EDGE ( 'NONE', *, *, #3222, .T. ) ;
#609 = CARTESIAN_POINT ( 'NONE',  ( 20.78077775235288982, 17.01793705846263904, 50.41486498400662697 ) ) ;
#610 = CARTESIAN_POINT ( 'NONE',  ( 19.23266743953842095, 16.78242035123226117, 11.00348057624001896 ) ) ;
#611 = EDGE_CURVE ( 'NONE', #2448, #3471, #3933, .T. ) ;
#612 = DIRECTION ( 'NONE',  ( 0.000000000000000000, 0.000000000000000000, 1.000000000000000000 ) ) ;
#613 = VERTEX_POINT ( 'NONE', #1822 ) ;
#614 = DIRECTION ( 'NONE',  ( -1.000000000000000000, 0.000000000000000000, 0.000000000000000000 ) ) ;
#615 = VECTOR ( 'NONE', #264, 1000.000000000000000 ) ;
#616 = ADVANCED_FACE ( 'NONE', ( #595 ), #3624, .F. ) ;
#617 = ADVANCED_FACE ( 'NONE', ( #620 ), #853, .F. ) ;
#618 = ORIENTED_EDGE ( 'NONE', *, *, #2503, .F. ) ;
#619 = DIRECTION ( 'NONE',  ( 0.000000000000000000, -0.000000000000000000, -1.000000000000000000 ) ) ;
#620 = FACE_OUTER_BOUND ( 'NONE', #883, .T. ) ;
#621 = CARTESIAN_POINT ( 'NONE',  ( 19.82297438932575062, -40.30903915740668708, 14.52112730763255044 ) ) ;
#622 = CARTESIAN_POINT ( 'NONE',  ( 20.58474896755551242, 17.27739509806287188, 50.26906440826513744 ) ) ;
#623 = DIRECTION ( 'NONE',  ( -1.000000000000000000, -1.541976423090495476E-14, 0.000000000000000000 ) ) ;
#624 = ORIENTED_EDGE ( 'NONE', *, *, #1930, .F. ) ;
#625 = LINE ( 'NONE', #2157, #3428 ) ;
#626 = VECTOR ( 'NONE', #3557, 1000.000000000000000 ) ;
#627 = LINE ( 'NONE', #1230, #3324 ) ;
#628 = VERTEX_POINT ( 'NONE', #904 ) ;
#629 = DIRECTION ( 'NONE',  ( -0.5000000000000099920, 0.7071067811865394681, -0.5000000000000014433 ) ) ;
#630 = CARTESIAN_POINT ( 'NONE',  ( 19.21415211850564475, 16.84788189652256563, 10.98496525520724454 ) ) ;
#631 = VECTOR ( 'NONE', #2903, 1000.000000000000000 ) ;
#632 = PLANE ( 'NONE',  #3118 ) ;
#633 = EDGE_LOOP ( 'NONE', ( #757, #3370, #445, #897 ) ) ;
#634 = CARTESIAN_POINT ( 'NONE',  ( 11.53449493129688541, 15.48952713241871137, 42.91586664685443253 ) ) ;
#635 = CARTESIAN_POINT ( 'NONE',  ( -7.165505068703796887, 51.48952713241843071, 45.51586664685438421 ) ) ;
#636 = VERTEX_POINT ( 'NONE', #1200 ) ;
#637 = DIRECTION ( 'NONE',  ( 1.000000000000000000, 1.495166424532390756E-14, 0.000000000000000000 ) ) ;
#638 = ADVANCED_FACE ( 'NONE', ( #3032 ), #1301, .T. ) ;
#639 = ADVANCED_FACE ( 'NONE', ( #1550 ), #325, .T. ) ;
#640 = VECTOR ( 'NONE', #1745, 1000.000000000000000 ) ;
#641 = DIRECTION ( 'NONE',  ( -1.000000000000000000, 0.000000000000000000, 0.000000000000000000 ) ) ;
#642 = SECURITY_CLASSIFICATION_LEVEL ( 'unclassified' ) ;
#643 = CARTESIAN_POINT ( 'NONE',  ( -7.165505068703793334, 51.48952713241840229, 17.51586664685438777 ) ) ;
#644 = DIRECTION ( 'NONE',  ( -1.495166424532390756E-14, 1.000000000000000000, -1.115179377413661760E-15 ) ) ;
#645 = ORIENTED_EDGE ( 'NONE', *, *, #3446, .T. ) ;
#646 = VECTOR ( 'NONE', #3591, 1000.000000000000000 ) ;
#647 = DIRECTION ( 'NONE',  ( 1.000000000000000000, 1.387778780781445044E-14, 0.000000000000000000 ) ) ;
#648 = ORIENTED_EDGE ( 'NONE', *, *, #824, .F. ) ;
#649 = DIRECTION ( 'NONE',  ( 0.5000000000000134337, -0.7071067811865393571, -0.4999999999999979461 ) ) ;
#650 = EDGE_LOOP ( 'NONE', ( #3772, #2997 ) ) ;
#651 = FACE_OUTER_BOUND ( 'NONE', #2239, .T. ) ;
#652 = DIRECTION ( 'NONE',  ( 0.7071067811865439090, 1.130466570252316444E-14, 0.7071067811865512365 ) ) ;
#653 = VERTEX_POINT ( 'NONE', #1239 ) ;
#654 = CARTESIAN_POINT ( 'NONE',  ( 21.53449493129707548, -40.30903915740668708, 20.11586664685449577 ) ) ;
#655 = DIRECTION ( 'NONE',  ( -1.000000000000000000, -1.541976423090494529E-14, 0.000000000000000000 ) ) ;
#656 = CARTESIAN_POINT ( 'NONE',  ( -0.6155050687029322010, 21.98951862599528795, 16.11586664685441761 ) ) ;
#657 = CC_DESIGN_PERSON_AND_ORGANIZATION_ASSIGNMENT ( #3866, #3756, ( #3581 ) ) ;
#658 = FACE_OUTER_BOUND ( 'NONE', #286, .T. ) ;
#659 = DIRECTION ( 'NONE',  ( -1.495166424532390756E-14, 1.000000000000000000, -1.115179377413661760E-15 ) ) ;
#660 = EDGE_CURVE ( 'NONE', #2939, #3564, #1215, .T. ) ;
#661 = ORIENTED_EDGE ( 'NONE', *, *, #1181, .T. ) ;
#662 = DIRECTION ( 'NONE',  ( -2.084091164206626906E-14, 0.5773502691896296168, 0.8164965809277234809 ) ) ;
#663 = ORIENTED_EDGE ( 'NONE', *, *, #185, .T. ) ;
#664 = LINE ( 'NONE', #1028, #412 ) ;
#665 = EDGE_CURVE ( 'NONE', #2002, #3310, #1758, .T. ) ;
#666 = ORIENTED_EDGE ( 'NONE', *, *, #165, .F. ) ;
#667 = EDGE_CURVE ( 'NONE', #2890, #1439, #3042, .T. ) ;
#668 = VECTOR ( 'NONE', #3309, 1000.000000000000000 ) ;
#669 = AXIS2_PLACEMENT_3D ( 'NONE', #1770, #2064, #3852 ) ;
#670 = CARTESIAN_POINT ( 'NONE',  ( 5.876728111548086275, 16.98952713241860479, 26.49367684902954423 ) ) ;
#671 = ORIENTED_EDGE ( 'NONE', *, *, #846, .T. ) ;
#672 = FACE_BOUND ( 'NONE', #1578, .T. ) ;
#673 = CARTESIAN_POINT ( 'NONE',  ( 17.46490048657202010, 18.48952713241876111, 12.06414074801983105 ) ) ;
#674 = ORIENTED_EDGE ( 'NONE', *, *, #554, .T. ) ;
#675 = CARTESIAN_POINT ( 'NONE',  ( 19.80961351084483368, 18.48952713241883927, 49.15425037131461750 ) ) ;
#676 = VECTOR ( 'NONE', #652, 999.9999999999998863 ) ;
#677 = LINE ( 'NONE', #1913, #1823 ) ;
#678 = COORDINATED_UNIVERSAL_TIME_OFFSET ( 8, 0, .AHEAD. ) ;
#679 = CARTESIAN_POINT ( 'NONE',  ( -14.26550506870305668, -40.30903915740668708, 24.61586664685609804 ) ) ;
#680 = PLANE ( 'NONE',  #20 ) ;
#681 = CARTESIAN_POINT ( 'NONE',  ( -4.115505068702932867, 21.98951862599528795, 10.11586664685441583 ) ) ;
#682 = VERTEX_POINT ( 'NONE', #3498 ) ;
#683 = VECTOR ( 'NONE', #3597, 1000.000000000000000 ) ;
#684 = CARTESIAN_POINT ( 'NONE',  ( -2.365505068702932423, 21.98951862599528795, 46.91586664685443964 ) ) ;
#685 = VERTEX_POINT ( 'NONE', #203 ) ;
#686 = DIRECTION ( 'NONE',  ( -1.495166424532390756E-14, 1.000000000000000000, -1.115179377413661760E-15 ) ) ;
#687 = ORIENTED_EDGE ( 'NONE', *, *, #3066, .F. ) ;
#688 = ORIENTED_EDGE ( 'NONE', *, *, #2395, .T. ) ;
#689 = AXIS2_PLACEMENT_3D ( 'NONE', #3503, #2613, #2943 ) ;
#690 = ADVANCED_FACE ( 'NONE', ( #501 ), #2246, .F. ) ;
#691 = EDGE_CURVE ( 'NONE', #3528, #2603, #182, .T. ) ;
#692 = CARTESIAN_POINT ( 'NONE',  ( -1.387694866528084381, 15.48952713241849999, 29.27363346660305155 ) ) ;
#693 = ORIENTED_EDGE ( 'NONE', *, *, #3306, .T. ) ;
#694 = CARTESIAN_POINT ( 'NONE',  ( -2.365505068702932423, 21.98951862599528795, 52.91586664685443964 ) ) ;
#695 = CARTESIAN_POINT ( 'NONE',  ( 19.81748312290160285, 18.48952713241880019, 13.76495443052315970 ) ) ;
#696 = ORIENTED_EDGE ( 'NONE', *, *, #894, .T. ) ;
#697 = CARTESIAN_POINT ( 'NONE',  ( 7.884494931297066245, 21.98951862599546558, 46.91586664685443964 ) ) ;
#698 = B_SPLINE_CURVE_WITH_KNOTS ( 'NONE', 3,
 ( #1955, #1326, #1019, #3170 ),
 .UNSPECIFIED., .F., .F.,
 ( 4, 4 ),
 ( 0.000000000000000000, 0.0003348537685005648079 ),
 .UNSPECIFIED. ) ;
#699 = CARTESIAN_POINT ( 'NONE',  ( 14.13449493129620471, 51.48952713241871493, 17.51586664685438777 ) ) ;
#700 = CARTESIAN_POINT ( 'NONE',  ( 18.79124608330102930, 18.48952713241882506, 50.17261779885841122 ) ) ;
#701 = CARTESIAN_POINT ( 'NONE',  ( 20.64332761131823091, 17.13597374182555555, 12.62124752920639636 ) ) ;
#702 = VERTEX_POINT ( 'NONE', #3235 ) ;
#703 = CC_DESIGN_APPROVAL ( #1246, ( #2826 ) ) ;
#704 = CARTESIAN_POINT ( 'NONE',  ( 54.73449493129641752, 37.48952713241934731, 38.26593200339667078 ) ) ;
#705 = VERTEX_POINT ( 'NONE', #436 ) ;
#706 = AXIS2_PLACEMENT_3D ( 'NONE', #1707, #2926, #1397 ) ;
#707 = CIRCLE ( 'NONE', #1027, 1.800000000000000711 ) ;
#708 = CARTESIAN_POINT ( 'NONE',  ( 20.64688100191147768, 17.06526306370690804, 49.90693237390917858 ) ) ;
#709 = ORIENTED_EDGE ( 'NONE', *, *, #3966, .T. ) ;
#710 = DIRECTION ( 'NONE',  ( -1.495166424532390756E-14, 1.000000000000000000, -1.115179377413661760E-15 ) ) ;
#711 = ORIENTED_EDGE ( 'NONE', *, *, #3823, .T. ) ;
#712 = VERTEX_POINT ( 'NONE', #1696 ) ;
#713 = EDGE_CURVE ( 'NONE', #3219, #2973, #2956, .T. ) ;
#714 = DIRECTION ( 'NONE',  ( 0.000000000000000000, 0.000000000000000000, 1.000000000000000000 ) ) ;
#715 = EDGE_CURVE ( 'NONE', #2603, #1989, #3750, .T. ) ;
#716 = CARTESIAN_POINT ( 'NONE',  ( -7.165505068703454938, 28.93952713241841579, 22.61586664685610160 ) ) ;
#717 = VECTOR ( 'NONE', #743, 1000.000000000000000 ) ;
#718 = ORIENTED_EDGE ( 'NONE', *, *, #2887, .T. ) ;
#719 = CARTESIAN_POINT ( 'NONE',  ( 14.43449493129651096, 30.93952713241841579, 45.51586664685441974 ) ) ;
#720 = EDGE_CURVE ( 'NONE', #1378, #3574, #1123, .T. ) ;
#721 = EDGE_CURVE ( 'NONE', #1009, #3427, #3466, .T. ) ;
#722 = CYLINDRICAL_SURFACE ( 'NONE', #3156, 1.750000000000000222 ) ;
#723 = CARTESIAN_POINT ( 'NONE',  ( 54.73449493129641752, 37.48952713241934731, 38.26593200339667078 ) ) ;
#724 = CYLINDRICAL_SURFACE ( 'NONE', #2517, 2.000000000000001776 ) ;
#725 = LINE ( 'NONE', #1637, #1124 ) ;
#726 = ORIENTED_EDGE ( 'NONE', *, *, #1279, .F. ) ;
#727 = DIRECTION ( 'NONE',  ( 1.000000000000000000, 0.000000000000000000, 0.000000000000000000 ) ) ;
#728 = ORIENTED_EDGE ( 'NONE', *, *, #3872, .F. ) ;
#729 = CYLINDRICAL_SURFACE ( 'NONE', #2992, 1.000000000000002220 ) ;
#730 = ORIENTED_EDGE ( 'NONE', *, *, #3647, .T. ) ;
#731 = CARTESIAN_POINT ( 'NONE',  ( 17.77287865575800296, 18.48952713241881085, 51.19098522640143756 ) ) ;
#732 = ORIENTED_EDGE ( 'NONE', *, *, #3926, .T. ) ;
#733 = EDGE_LOOP ( 'NONE', ( #1618, #2692, #931, #3045 ) ) ;
#734 = LINE ( 'NONE', #3814, #85 ) ;
#735 = DIRECTION ( 'NONE',  ( -1.000000000000000000, -1.387778780781443151E-14, 0.000000000000000000 ) ) ;
#736 = DIRECTION ( 'NONE',  ( 0.000000000000000000, 0.000000000000000000, -1.000000000000000000 ) ) ;
#737 = CIRCLE ( 'NONE', #1577, 0.9999894423690161016 ) ;
#738 = AXIS2_PLACEMENT_3D ( 'NONE', #3386, #3081, #329 ) ;
#739 = EDGE_CURVE ( 'NONE', #3346, #613, #1950, .T. ) ;
#740 = DIRECTION ( 'NONE',  ( 1.495166424532390756E-14, -1.000000000000000000, 1.115179377413661563E-15 ) ) ;
#741 = FACE_OUTER_BOUND ( 'NONE', #423, .T. ) ;
#742 = EDGE_CURVE ( 'NONE', #1255, #2448, #484, .T. ) ;
#743 = DIRECTION ( 'NONE',  ( -3.850437621911135392E-15, 0.000000000000000000, 1.000000000000000000 ) ) ;
#744 = EDGE_CURVE ( 'NONE', #3902, #2859, #2017, .T. ) ;
#745 = CARTESIAN_POINT ( 'NONE',  ( 19.79067657370367073, 18.40165916677475977, 13.55854598525300503 ) ) ;
#746 = DIRECTION ( 'NONE',  ( 0.7071067811865482389, 9.783872277884397077E-15, -0.7071067811865469066 ) ) ;
#747 = CARTESIAN_POINT ( 'NONE',  ( -1.387694866528120130, 17.88952713241850034, 29.27363346660304799 ) ) ;
#748 = ORIENTED_EDGE ( 'NONE', *, *, #3271, .F. ) ;
#749 = DIRECTION ( 'NONE',  ( -0.8164965809277204833, -0.5773502691896333916, 0.000000000000000000 ) ) ;
#750 = AXIS2_PLACEMENT_3D ( 'NONE', #2163, #310, #1869 ) ;
#751 = ORIENTED_EDGE ( 'NONE', *, *, #2124, .F. ) ;
#752 = VECTOR ( 'NONE', #1141, 1000.000000000000000 ) ;
#753 = FACE_OUTER_BOUND ( 'NONE', #3897, .T. ) ;
#754 = VERTEX_POINT ( 'NONE', #411 ) ;
#755 = CARTESIAN_POINT ( 'NONE',  ( 9.634494931297066245, 21.98951862599546558, 16.11586664685441761 ) ) ;
#756 = VERTEX_POINT ( 'NONE', #3541 ) ;
#757 = ORIENTED_EDGE ( 'NONE', *, *, #1772, .T. ) ;
#758 = CARTESIAN_POINT ( 'NONE',  ( 19.78850944396933542, 18.48952713241880375, 14.01092817866417128 ) ) ;
#759 = DIRECTION ( 'NONE',  ( -0.000000000000000000, -0.000000000000000000, -1.000000000000000000 ) ) ;
#760 = CARTESIAN_POINT ( 'NONE',  ( 14.43449493129659267, 25.48952713241874690, 17.51586664685438777 ) ) ;
#761 = VECTOR ( 'NONE', #199, 1000.000000000000000 ) ;
#762 = DIRECTION ( 'NONE',  ( -1.000000000000000000, 0.000000000000000000, 0.000000000000000000 ) ) ;
#763 = LINE ( 'NONE', #525, #1268 ) ;
#764 = DIRECTION ( 'NONE',  ( -6.000000000000043065E-15, -1.115179377413769834E-15, -1.000000000000000000 ) ) ;
#765 = DIRECTION ( 'NONE',  ( 1.495166424532390756E-14, -1.000000000000000000, 1.115179377413661760E-15 ) ) ;
#766 = CARTESIAN_POINT ( 'NONE',  ( 19.61299752542826624, 18.52739509806286478, 48.87304889742598135 ) ) ;
#767 = ORIENTED_EDGE ( 'NONE', *, *, #3255, .T. ) ;
#768 = EDGE_CURVE ( 'NONE', #2679, #3790, #1649, .T. ) ;
#769 = DIRECTION ( 'NONE',  ( 1.000000000000000000, 0.000000000000000000, 0.000000000000000000 ) ) ;
#770 = EDGE_CURVE ( 'NONE', #161, #2603, #1718, .T. ) ;
#771 = ORIENTED_EDGE ( 'NONE', *, *, #2560, .F. ) ;
#772 = DIRECTION ( 'NONE',  ( -0.7071067811865457964, -9.783872277884360790E-15, 0.7071067811865492381 ) ) ;
#773 = CYLINDRICAL_SURFACE ( 'NONE', #1643, 0.5000000000000004441 ) ;
#774 = VERTEX_POINT ( 'NONE', #1036 ) ;
#775 = ORIENTED_EDGE ( 'NONE', *, *, #2632, .F. ) ;
#776 = LINE ( 'NONE', #3576, #2689 ) ;
#777 = CIRCLE ( 'NONE', #1425, 0.5000000000000004441 ) ;
#778 = DIRECTION ( 'NONE',  ( 0.000000000000000000, 0.000000000000000000, -1.000000000000000000 ) ) ;
#779 = EDGE_LOOP ( 'NONE', ( #966, #2630, #234, #1297 ) ) ;
#780 = LINE ( 'NONE', #1970, #3413 ) ;
#781 = CARTESIAN_POINT ( 'NONE',  ( 20.23739836222718225, 15.48952713241880730, 14.24139034067145815 ) ) ;
#782 = VECTOR ( 'NONE', #1791, 1000.000000000000114 ) ;
#783 = AXIS2_PLACEMENT_3D ( 'NONE', #3327, #1551, #2399 ) ;
#784 = DATE_AND_TIME ( #3110, #211 ) ;
#785 = ORIENTED_EDGE ( 'NONE', *, *, #2082, .T. ) ;
#786 = DIRECTION ( 'NONE',  ( 0.000000000000000000, -1.000000000000000000, 0.000000000000000000 ) ) ;
#787 = FACE_BOUND ( 'NONE', #460, .T. ) ;
#788 = DIRECTION ( 'NONE',  ( 1.000000000000000000, 1.495166424532391072E-14, -1.296850148564320694E-29 ) ) ;
#789 = AXIS2_PLACEMENT_3D ( 'NONE', #634, #3726, #2819 ) ;
#790 = AXIS2_PLACEMENT_3D ( 'NONE', #2867, #1099, #121 ) ;
#791 = DIRECTION ( 'NONE',  ( 1.000000000000000000, 1.495166424532390756E-14, 0.000000000000000000 ) ) ;
#792 = CARTESIAN_POINT ( 'NONE',  ( 20.69316930449329561, 16.80860496934820247, 12.46398244119491316 ) ) ;
#793 = ORIENTED_EDGE ( 'NONE', *, *, #3599, .T. ) ;
#794 = VECTOR ( 'NONE', #925, 1000.000000000000000 ) ;
#795 = EDGE_CURVE ( 'NONE', #64, #574, #914, .T. ) ;
#796 = DIRECTION ( 'NONE',  ( -0.000000000000000000, 1.000000000000000000, -0.000000000000000000 ) ) ;
#797 = CARTESIAN_POINT ( 'NONE',  ( 9.634494931297066245, 21.98951862599546203, 108.0658666468539337 ) ) ;
#798 = VERTEX_POINT ( 'NONE', #804 ) ;
#799 = DIRECTION ( 'NONE',  ( -1.000000000000000000, -1.495166424532390756E-14, -1.239088197126124417E-16 ) ) ;
#800 = EDGE_CURVE ( 'NONE', #3859, #3512, #3090, .T. ) ;
#801 = CARTESIAN_POINT ( 'NONE',  ( -3.365505068702934643, 21.98951862599528440, 45.51586664685440553 ) ) ;
#802 = ORIENTED_EDGE ( 'NONE', *, *, #3501, .F. ) ;
#803 = DIRECTION ( 'NONE',  ( 0.5547001962252288143, -0.000000000000000000, -0.8320502943378438321 ) ) ;
#804 = CARTESIAN_POINT ( 'NONE',  ( 21.53449493129696179, 27.48952713241840939, 38.26593200339668499 ) ) ;
#805 = CARTESIAN_POINT ( 'NONE',  ( 19.02911404894511094, 17.13597374182552713, 52.02469932687554888 ) ) ;
#806 = ORIENTED_EDGE ( 'NONE', *, *, #983, .T. ) ;
#807 = CARTESIAN_POINT ( 'NONE',  ( 19.88384497163333009, 18.14435896630555689, 49.14389634363104875 ) ) ;
#808 = VECTOR ( 'NONE', #1971, 1000.000000000000000 ) ;
#809 = VECTOR ( 'NONE', #3592, 1000.000000000000000 ) ;
#810 = CARTESIAN_POINT ( 'NONE',  ( 14.43449493129651096, 30.93952713241841579, 17.51586664685438777 ) ) ;
#811 = AXIS2_PLACEMENT_3D ( 'NONE', #1151, #2360, #3218 ) ;
#812 = FACE_BOUND ( 'NONE', #1017, .T. ) ;
#813 = CARTESIAN_POINT ( 'NONE',  ( 9.634494931297066245, 21.98951862599546558, 46.91586664685443964 ) ) ;
#814 = ORIENTED_EDGE ( 'NONE', *, *, #315, .F. ) ;
#815 = CARTESIAN_POINT ( 'NONE',  ( 17.88058591152121579, 18.40165916677477398, 51.38327797063821833 ) ) ;
#816 = CARTESIAN_POINT ( 'NONE',  ( 17.57411620314571365, 18.49145765740847480, 51.14683031434395843 ) ) ;
#817 = ORIENTED_EDGE ( 'NONE', *, *, #3171, .F. ) ;
#818 = VERTEX_POINT ( 'NONE', #3794 ) ;
#819 = CARTESIAN_POINT ( 'NONE',  ( 21.53449493129698666, 25.48952713241840584, 31.01586664685450856 ) ) ;
#820 = CIRCLE ( 'NONE', #3258, 10.00000000000000000 ) ;
#821 = CARTESIAN_POINT ( 'NONE',  ( 20.68364177662790837, 17.04095234293101058, 50.50455215022508781 ) ) ;
#822 = ORIENTED_EDGE ( 'NONE', *, *, #3649, .T. ) ;
#823 = CARTESIAN_POINT ( 'NONE',  ( 17.91252462807445056, 18.35649100066109796, 11.61651660651834739 ) ) ;
#824 = EDGE_CURVE ( 'NONE', #3201, #934, #1369, .T. ) ;
#825 = EDGE_CURVE ( 'NONE', #1271, #2419, #1522, .T. ) ;
#826 =( BOUNDED_CURVE ( )  B_SPLINE_CURVE ( 3, ( #3949, #2409, #3673, #2767 ),
 .UNSPECIFIED., .F., .T. ) 
 B_SPLINE_CURVE_WITH_KNOTS ( ( 4, 4 ),
 ( 3.926990816987244504, 4.712388980384694115 ),
 .UNSPECIFIED. ) 
 CURVE ( )  GEOMETRIC_REPRESENTATION_ITEM ( )  RATIONAL_B_SPLINE_CURVE ( ( 1.000000000000000000, 0.9492530216741910110, 0.9492530216741910110, 1.000000000000000000 ) ) 
 REPRESENTATION_ITEM ( '' )  );
#827 = ORIENTED_EDGE ( 'NONE', *, *, #209, .F. ) ;
#828 = CARTESIAN_POINT ( 'NONE',  ( 8.634494931297055587, 21.98951862599546558, 16.11586664685441761 ) ) ;
#829 = DIRECTION ( 'NONE',  ( -1.495166424532390756E-14, 1.000000000000000000, -1.115179377413661760E-15 ) ) ;
#830 = DIRECTION ( 'NONE',  ( 1.495558082644848094E-14, -1.000000000000000000, 1.167657241503923310E-15 ) ) ;
#831 = CARTESIAN_POINT ( 'NONE',  ( 17.12923427051986280, -40.30903915740668708, 51.20434610488235450 ) ) ;
#832 = DIRECTION ( 'NONE',  ( 0.000000000000000000, -1.000000000000000000, 1.115179377413661760E-15 ) ) ;
#833 = AXIS2_PLACEMENT_3D ( 'NONE', #1353, #340, #1899 ) ;
#834 = VERTEX_POINT ( 'NONE', #2372 ) ;
#835 = CARTESIAN_POINT ( 'NONE',  ( 20.64688100191148123, 16.78242035123228959, 50.61403915509571760 ) ) ;
#836 = LINE ( 'NONE', #3660, #2527 ) ;
#837 = VERTEX_POINT ( 'NONE', #2420 ) ;
#838 = CARTESIAN_POINT ( 'NONE',  ( -4.265505068703127733, 30.93952713241841579, 52.91586664685443964 ) ) ;
#839 = DIRECTION ( 'NONE',  ( -3.469446951953611033E-15, 0.000000000000000000, 1.000000000000000000 ) ) ;
#840 = ORIENTED_EDGE ( 'NONE', *, *, #3524, .T. ) ;
#841 = VECTOR ( 'NONE', #3886, 999.9999999999998863 ) ;
#842 = CARTESIAN_POINT ( 'NONE',  ( 19.08114921468323644, 16.96894832232617389, 52.14052487909672351 ) ) ;
#843 = EDGE_CURVE ( 'NONE', #1439, #3722, #3633, .T. ) ;
#844 = DIRECTION ( 'NONE',  ( -1.000000000000000000, 0.000000000000000000, -8.645667657095498382E-30 ) ) ;
#845 = ORIENTED_EDGE ( 'NONE', *, *, #795, .T. ) ;
#846 = EDGE_CURVE ( 'NONE', #798, #3263, #2743, .T. ) ;
#847 = AXIS2_PLACEMENT_3D ( 'NONE', #1615, #1635, #2484 ) ;
#848 = LINE ( 'NONE', #2081, #2004 ) ;
#849 =( BOUNDED_SURFACE ( )  B_SPLINE_SURFACE ( 3, 2, ( 
 ( #622, #1860, #2771 ),
 ( #875, #567, #3017 ),
 ( #3696, #3328, #2173 ),
 ( #3401, #1806, #162 ) ),
 .UNSPECIFIED., .F., .F., .F. ) 
 B_SPLINE_SURFACE_WITH_KNOTS ( ( 4, 4 ),
 ( 3, 3 ),
 ( 4.712388980384691450, 5.497787143782174368 ),
 ( 0.000000000000000000, 1.000000000000000000 ),
 .UNSPECIFIED. ) 
 GEOMETRIC_REPRESENTATION_ITEM ( )  RATIONAL_B_SPLINE_SURFACE ( (
 ( 1.000000000000000000, 0.7071067811865503483, 1.000000000000000000),
 ( 1.000000000000000000, 0.7726989244079569552, 1.000000000000000000),
 ( 1.000000000000000000, 0.8283636150493373096, 1.000000000000000000),
 ( 1.000000000000000000, 0.8660254037844423713, 1.000000000000000000) ) ) 
 REPRESENTATION_ITEM ( '' )  SURFACE ( )  );
#850 = EDGE_CURVE ( 'NONE', #3310, #3010, #2076, .T. ) ;
#851 = ADVANCED_FACE ( 'NONE', ( #540 ), #3620, .T. ) ;
#852 = CARTESIAN_POINT ( 'NONE',  ( -14.26550506870304957, 30.93952713241841579, 22.61586664685610160 ) ) ;
#853 = CYLINDRICAL_SURFACE ( 'NONE', #3474, 2.000000000000001776 ) ;
#854 = ORIENTED_EDGE ( 'NONE', *, *, #2755, .T. ) ;
#855 = CARTESIAN_POINT ( 'NONE',  ( 17.76252462807390131, 15.48952713241880907, 51.26521668719087188 ) ) ;
#856 = DIRECTION ( 'NONE',  ( 1.667378762439842493E-29, -1.115179377413661760E-15, -1.000000000000000000 ) ) ;
#857 = ORIENTED_EDGE ( 'NONE', *, *, #715, .F. ) ;
#858 = ORIENTED_EDGE ( 'NONE', *, *, #2823, .T. ) ;
#859 = DIRECTION ( 'NONE',  ( 1.495166424532390756E-14, -1.000000000000000000, 1.115179377413661760E-15 ) ) ;
#860 = PLANE ( 'NONE',  #1911 ) ;
#861 = ORIENTED_EDGE ( 'NONE', *, *, #1444, .F. ) ;
#862 = FACE_OUTER_BOUND ( 'NONE', #1427, .T. ) ;
#863 = EDGE_LOOP ( 'NONE', ( #3791, #2824, #3747, #2015 ) ) ;
#864 = VECTOR ( 'NONE', #3294, 1000.000000000000000 ) ;
#865 = DIRECTION ( 'NONE',  ( 1.000000000000000000, 1.387778780781444413E-14, 0.000000000000000000 ) ) ;
#866 = ORIENTED_EDGE ( 'NONE', *, *, #611, .T. ) ;
#867 = ADVANCED_FACE ( 'NONE', ( #862 ), #2127, .F. ) ;
#868 = VECTOR ( 'NONE', #1686, 1000.000000000000000 ) ;
#869 = DIRECTION ( 'NONE',  ( 1.495558082644848094E-14, -1.000000000000000000, 1.167657241503923310E-15 ) ) ;
#870 = CARTESIAN_POINT ( 'NONE',  ( 19.02911404894510383, 17.13597374182554134, 52.02469932687554177 ) ) ;
#871 = EDGE_CURVE ( 'NONE', #180, #129, #541, .T. ) ;
#872 = EDGE_CURVE ( 'NONE', #499, #1730, #1813, .T. ) ;
#873 = AXIS2_PLACEMENT_3D ( 'NONE', #1085, #2317, #791 ) ;
#874 = DIRECTION ( 'NONE',  ( 1.000000000000000000, 0.000000000000000000, -6.938893903907225222E-15 ) ) ;
#875 = CARTESIAN_POINT ( 'NONE',  ( 20.62195513376691025, 17.22477763262210360, 50.30627057529777346 ) ) ;
#876 = CYLINDRICAL_SURFACE ( 'NONE', #3956, 0.3000000000000004330 ) ;
#877 = EDGE_LOOP ( 'NONE', ( #2619, #3667, #145, #1499 ) ) ;
#878 = FACE_OUTER_BOUND ( 'NONE', #3285, .T. ) ;
#879 = LINE ( 'NONE', #557, #1589 ) ;
#880 = VERTEX_POINT ( 'NONE', #3025 ) ;
#881 = CARTESIAN_POINT ( 'NONE',  ( 17.40897123748117536, -40.30903915740670840, 11.91296321592507468 ) ) ;
#882 = CIRCLE ( 'NONE', #2545, 10.00000000000000178 ) ;
#883 = EDGE_LOOP ( 'NONE', ( #3185, #2026, #2386, #3102 ) ) ;
#884 = LINE ( 'NONE', #1065, #355 ) ;
#885 = EDGE_LOOP ( 'NONE', ( #1961, #1668, #1051, #3672 ) ) ;
#886 = VECTOR ( 'NONE', #8, 1000.000000000000000 ) ;
#887 = CARTESIAN_POINT ( 'NONE',  ( 0.3922617510453839662, 17.98952713241853729, 36.53805644467924196 ) ) ;
#888 = CARTESIAN_POINT ( 'NONE',  ( -8.265505068703431490, 27.48952713241841295, 38.26593200339668499 ) ) ;
#889 = CARTESIAN_POINT ( 'NONE',  ( -0.3876948665280841588, 15.48952713241851420, 29.27363346660305155 ) ) ;
#890 = CARTESIAN_POINT ( 'NONE',  ( 20.03384497163390421, 18.35649100066138573, 13.73783695007818650 ) ) ;
#891 = CARTESIAN_POINT ( 'NONE',  ( 17.97465666242984383, 18.14435896630525491, 51.05308465283492581 ) ) ;
#892 = ADVANCED_FACE ( 'NONE', ( #1504 ), #2724, .T. ) ;
#893 = ORIENTED_EDGE ( 'NONE', *, *, #1007, .T. ) ;
#894 = EDGE_CURVE ( 'NONE', #1964, #2419, #2862, .T. ) ;
#895 = CARTESIAN_POINT ( 'NONE',  ( 20.23739836222700816, 15.48952713241884993, 48.79034295303736712 ) ) ;
#896 = DIRECTION ( 'NONE',  ( 0.7071067811865470176, 1.136097407790156348E-14, 0.7071067811865481278 ) ) ;
#897 = ORIENTED_EDGE ( 'NONE', *, *, #1438, .F. ) ;
#898 = CARTESIAN_POINT ( 'NONE',  ( 17.82320318254461000, 18.70358969176440667, 12.01806683742876736 ) ) ;
#899 = CARTESIAN_POINT ( 'NONE',  ( 18.87911404894514789, 16.78242035123224696, 10.64992718564674234 ) ) ;
#900 = ORIENTED_EDGE ( 'NONE', *, *, #742, .F. ) ;
#901 = LOCAL_TIME ( 15, 27, 49.00000000000000000, #1262 ) ;
#902 = AXIS2_PLACEMENT_3D ( 'NONE', #1478, #3363, #1530 ) ;
#903 = CARTESIAN_POINT ( 'NONE',  ( 3.634494931296768261, 15.48952713241857637, 31.51586664685439843 ) ) ;
#904 = CARTESIAN_POINT ( 'NONE',  ( 17.77287865575810955, 18.48952713241876467, 11.84074806730741969 ) ) ;
#905 = LOCAL_TIME ( 15, 27, 49.00000000000000000, #2506 ) ;
#906 = CARTESIAN_POINT ( 'NONE',  ( 9.634494931297066245, 21.98951862599546558, 46.91586664685443964 ) ) ;
#907 = CARTESIAN_POINT ( 'NONE',  ( 21.53449493129690850, 28.93952713241841579, 40.26593200339668499 ) ) ;
#908 = ORIENTED_EDGE ( 'NONE', *, *, #2962, .T. ) ;
#909 = CARTESIAN_POINT ( 'NONE',  ( 18.52556065835186772, 17.06526306370686186, 11.00348057624001719 ) ) ;
#910 = ADVANCED_FACE ( 'NONE', ( #651 ), #1732, .T. ) ;
#911 = AXIS2_PLACEMENT_3D ( 'NONE', #2231, #3459, #3129 ) ;
#912 = DIRECTION ( 'NONE',  ( 0.4999999999999911737, 0.7071067811865556774, -0.4999999999999973355 ) ) ;
#913 = VERTEX_POINT ( 'NONE', #2143 ) ;
#914 = CIRCLE ( 'NONE', #790, 1.000000000000000888 ) ;
#915 = CARTESIAN_POINT ( 'NONE',  ( 20.64332761131820959, 17.13597374182554489, 50.41048576450246088 ) ) ;
#916 = CARTESIAN_POINT ( 'NONE',  ( 19.18637913695664921, 16.80860496934838011, 10.95719227365824899 ) ) ;
#917 = ADVANCED_FACE ( 'NONE', ( #3372 ), #1868, .T. ) ;
#918 = EDGE_CURVE ( 'NONE', #2576, #837, #1563, .T. ) ;
#919 = CIRCLE ( 'NONE', #2269, 1.000000000000000444 ) ;
#920 = CARTESIAN_POINT ( 'NONE',  ( 20.23739836222700816, -40.30903915740666577, 48.79034295303736712 ) ) ;
#921 = ORIENTED_EDGE ( 'NONE', *, *, #3099, .T. ) ;
#922 = EDGE_LOOP ( 'NONE', ( #2904, #2405, #601, #1363 ) ) ;
#923 = DIRECTION ( 'NONE',  ( 0.000000000000000000, 0.000000000000000000, 1.000000000000000000 ) ) ;
#924 = CARTESIAN_POINT ( 'NONE',  ( 19.86812924282031290, 18.55412574236848045, 49.18011434032866447 ) ) ;
#925 = DIRECTION ( 'NONE',  ( -1.000000000000000000, -1.495166424532391072E-14, 1.296850148564320694E-29 ) ) ;
#926 = CARTESIAN_POINT ( 'NONE',  ( -1.387694866528106807, 16.98952713241849821, 29.27363346660304799 ) ) ;
#927 = ORIENTED_EDGE ( 'NONE', *, *, #1088, .T. ) ;
#928 = DIRECTION ( 'NONE',  ( 1.495166424532390756E-14, -1.000000000000000000, 1.115179377413661760E-15 ) ) ;
#929 = AXIS2_PLACEMENT_3D ( 'NONE', #3709, #954, #2206 ) ;
#930 = DIRECTION ( 'NONE',  ( -0.000000000000000000, -0.000000000000000000, -1.000000000000000000 ) ) ;
#931 = ORIENTED_EDGE ( 'NONE', *, *, #2554, .T. ) ;
#932 = CARTESIAN_POINT ( 'NONE',  ( 19.02911404894516423, 17.13597374182550226, 11.00703396683328172 ) ) ;
#933 = CARTESIAN_POINT ( 'NONE',  ( 20.64332761131823091, 17.13597374182555555, 12.62124752920639636 ) ) ;
#934 = VERTEX_POINT ( 'NONE', #2474 ) ;
#935 = EDGE_CURVE ( 'NONE', #934, #3201, #1788, .T. ) ;
#936 = DIRECTION ( 'NONE',  ( -3.850437621911135392E-15, 1.115179377413604173E-15, 1.000000000000000000 ) ) ;
#937 = EDGE_CURVE ( 'NONE', #2859, #327, #1629, .T. ) ;
#938 = CYLINDRICAL_SURFACE ( 'NONE', #1644, 1.750000000000000666 ) ;
#939 = AXIS2_PLACEMENT_3D ( 'NONE', #3960, #3688, #33 ) ;
#940 = LINE ( 'NONE', #2441, #1681 ) ;
#941 = DIRECTION ( 'NONE',  ( 0.000000000000000000, 0.000000000000000000, -1.000000000000000000 ) ) ;
#942 = DIRECTION ( 'NONE',  ( 1.495558082644848094E-14, -1.000000000000000000, 1.167657241503923310E-15 ) ) ;
#943 = CARTESIAN_POINT ( 'NONE',  ( 6.856684729121594657, 16.98952713241862611, 33.75809982710573109 ) ) ;
#944 = LINE ( 'NONE', #2575, #2035 ) ;
#945 = ORIENTED_EDGE ( 'NONE', *, *, #1720, .F. ) ;
#946 = DIRECTION ( 'NONE',  ( 0.7071067811865437980, 1.130466570252315970E-14, 0.7071067811865512365 ) ) ;
#947 = ORIENTED_EDGE ( 'NONE', *, *, #2962, .F. ) ;
#948 = DIRECTION ( 'NONE',  ( 0.7071067811865481278, 0.000000000000000000, -0.7071067811865470176 ) ) ;
#949 = ORIENTED_EDGE ( 'NONE', *, *, #3766, .T. ) ;
#950 = CARTESIAN_POINT ( 'NONE',  ( 8.656684729121579380, 17.98952713241865453, 33.75809982710573109 ) ) ;
#951 = AXIS2_PLACEMENT_3D ( 'NONE', #964, #1289, #2197 ) ;
#952 = DIRECTION ( 'NONE',  ( 1.495166424532391072E-14, -1.000000000000000000, 0.000000000000000000 ) ) ;
#953 = ORIENTED_EDGE ( 'NONE', *, *, #1606, .F. ) ;
#954 = DIRECTION ( 'NONE',  ( -1.495166424532390756E-14, 1.000000000000000000, -1.115179377413661760E-15 ) ) ;
#955 = EDGE_CURVE ( 'NONE', #2651, #2955, #371, .T. ) ;
#956 = ORIENTED_EDGE ( 'NONE', *, *, #475, .T. ) ;
#957 = CARTESIAN_POINT ( 'NONE',  ( 20.64332761131823091, 17.13597374182555555, 12.62124752920639992 ) ) ;
#958 = VECTOR ( 'NONE', #3979, 1000.000000000000000 ) ;
#959 = EDGE_CURVE ( 'NONE', #1362, #3337, #1247, .T. ) ;
#960 = FACE_BOUND ( 'NONE', #1968, .T. ) ;
#961 = DIRECTION ( 'NONE',  ( 0.000000000000000000, 0.000000000000000000, -1.000000000000000000 ) ) ;
#962 = LINE ( 'NONE', #1617, #2854 ) ;
#963 = VERTEX_POINT ( 'NONE', #1872 ) ;
#964 = CARTESIAN_POINT ( 'NONE',  ( 8.656684729121577604, 17.98952713241865453, 33.75809982710573820 ) ) ;
#965 =( BOUNDED_SURFACE ( )  B_SPLINE_SURFACE ( 3, 2, ( 
 ( #816, #3573, #470 ),
 ( #3918, #1481, #1402 ),
 ( #2621, #2659, #1155 ),
 ( #1734, #217, #2950 ) ),
 .UNSPECIFIED., .F., .F., .F. ) 
 B_SPLINE_SURFACE_WITH_KNOTS ( ( 4, 4 ),
 ( 3, 3 ),
 ( 1.122008891896094651, 1.570796326794895892 ),
 ( 0.000000000000000000, 1.000000000000000000 ),
 .UNSPECIFIED. ) 
 GEOMETRIC_REPRESENTATION_ITEM ( )  RATIONAL_B_SPLINE_SURFACE ( (
 ( 1.000000000000000000, 0.8083300061778956325, 1.000000000000000000),
 ( 1.000000000000000000, 0.7788702509713855138, 1.000000000000000000),
 ( 1.000000000000000000, 0.7445233871054522945, 1.000000000000000000),
 ( 1.000000000000000000, 0.7071067811865532349, 1.000000000000000000) ) ) 
 REPRESENTATION_ITEM ( '' )  SURFACE ( )  );
#966 = ORIENTED_EDGE ( 'NONE', *, *, #3577, .F. ) ;
#967 = DIRECTION ( 'NONE',  ( 1.000000000000000000, 0.000000000000000000, -6.938893903907225222E-15 ) ) ;
#968 = VERTEX_POINT ( 'NONE', #1928 ) ;
#969 = ORIENTED_EDGE ( 'NONE', *, *, #2145, .F. ) ;
#970 = AXIS2_PLACEMENT_3D ( 'NONE', #1605, #2226, #1648 ) ;
#971 = PLANE ( 'NONE',  #3638 ) ;
#972 = ORIENTED_EDGE ( 'NONE', *, *, #2693, .T. ) ;
#973 = DIRECTION ( 'NONE',  ( 0.000000000000000000, 0.000000000000000000, 1.000000000000000000 ) ) ;
#974 = CARTESIAN_POINT ( 'NONE',  ( -2.365505068702932423, 21.98951862599528795, 16.11586664685441761 ) ) ;
#975 = CIRCLE ( 'NONE', #2202, 1.000000000000000222 ) ;
#976 = CARTESIAN_POINT ( 'NONE',  ( 20.82066462152007347, 17.11681022491336535, 12.77148323388849960 ) ) ;
#977 = DIRECTION ( 'NONE',  ( -0.000000000000000000, 1.115179377413661957E-15, 1.000000000000000000 ) ) ;
#978 = APPROVAL_STATUS ( 'not_yet_approved' ) ;
#979 = DIRECTION ( 'NONE',  ( 6.000000000000043854E-15, 1.115179377413769834E-15, 1.000000000000000000 ) ) ;
#980 = LINE ( 'NONE', #1980, #1501 ) ;
#981 = LINE ( 'NONE', #2194, #2218 ) ;
#982 = ORIENTED_EDGE ( 'NONE', *, *, #2109, .T. ) ;
#983 = EDGE_CURVE ( 'NONE', #2870, #2894, #1126, .T. ) ;
#984 = CYLINDRICAL_SURFACE ( 'NONE', #3240, 1.000000000000000444 ) ;
#985 = EDGE_CURVE ( 'NONE', #3612, #415, #100, .T. ) ;
#986 = ORIENTED_EDGE ( 'NONE', *, *, #3332, .T. ) ;
#987 = DIRECTION ( 'NONE',  ( -6.918242433955141638E-15, 1.000000000000000000, 6.918242433955124283E-15 ) ) ;
#988 = ORIENTED_EDGE ( 'NONE', *, *, #2883, .T. ) ;
#989 = AXIS2_PLACEMENT_3D ( 'NONE', #891, #1241, #3677 ) ;
#990 = CIRCLE ( 'NONE', #3630, 1.749999999999999778 ) ;
#991 = CARTESIAN_POINT ( 'NONE',  ( 17.63943339948816913, 18.48952713241880730, 51.16988115952584337 ) ) ;
#992 = ORIENTED_EDGE ( 'NONE', *, *, #2168, .T. ) ;
#993 = CARTESIAN_POINT ( 'NONE',  ( 4.076728111548073130, 17.88952713241857850, 26.49367684902954423 ) ) ;
#994 = CARTESIAN_POINT ( 'NONE',  ( -14.26550506870310819, -40.30903915740663734, 38.26593200339681999 ) ) ;
#995 = ORIENTED_EDGE ( 'NONE', *, *, #2580, .T. ) ;
#996 = DIRECTION ( 'NONE',  ( 0.000000000000000000, 0.000000000000000000, 1.000000000000000000 ) ) ;
#997 = UNCERTAINTY_MEASURE_WITH_UNIT (LENGTH_MEASURE( 1.000000000000000082E-05 ), #2104, 'distance_accuracy_value', 'NONE');
#998 = CIRCLE ( 'NONE', #2047, 1.749999999999999778 ) ;
#999 = CYLINDRICAL_SURFACE ( 'NONE', #144, 1.000000000000002665 ) ;
#1000 = DIRECTION ( 'NONE',  ( -1.000000000000000000, 0.000000000000000000, -0.000000000000000000 ) ) ;
#1001 = FACE_OUTER_BOUND ( 'NONE', #1947, .T. ) ;
#1002 = VERTEX_POINT ( 'NONE', #36 ) ;
#1003 = VECTOR ( 'NONE', #1158, 1000.000000000000000 ) ;
#1004 = FACE_OUTER_BOUND ( 'NONE', #3594, .T. ) ;
#1005 = ORIENTED_EDGE ( 'NONE', *, *, #3786, .F. ) ;
#1006 = EDGE_CURVE ( 'NONE', #818, #3049, #1607, .T. ) ;
#1007 = EDGE_CURVE ( 'NONE', #3598, #3471, #3749, .T. ) ;
#1008 = LINE ( 'NONE', #1942, #3105 ) ;
#1009 = VERTEX_POINT ( 'NONE', #1892 ) ;
#1010 = EDGE_CURVE ( 'NONE', #2419, #1964, #2668, .T. ) ;
#1011 = ADVANCED_FACE ( 'NONE', ( #1323, #2820 ), #2544, .F. ) ;
#1012 = CARTESIAN_POINT ( 'NONE',  ( 20.00190625508090747, 18.40165916677476332, 13.76977566663024177 ) ) ;
#1013 = EDGE_LOOP ( 'NONE', ( #3252, #1851 ) ) ;
#1014 = EDGE_LOOP ( 'NONE', ( #2582, #2429, #921 ) ) ;
#1015 = FACE_OUTER_BOUND ( 'NONE', #3490, .T. ) ;
#1016 = DIRECTION ( 'NONE',  ( -0.7071067811865441310, -1.136097407790152246E-14, -0.7071067811865510144 ) ) ;
#1017 = EDGE_LOOP ( 'NONE', ( #827, #687 ) ) ;
#1018 = CARTESIAN_POINT ( 'NONE',  ( 18.79124608330103641, 18.18952713241882435, 50.17261779885841122 ) ) ;
#1019 = CARTESIAN_POINT ( 'NONE',  ( 17.99623012140568079, 18.45631974456095747, 51.19033203032139312 ) ) ;
#1020 = FACE_BOUND ( 'NONE', #3225, .T. ) ;
#1021 = PLANE ( 'NONE',  #1702 ) ;
#1022 = DIRECTION ( 'NONE',  ( 1.000000000000000000, -0.000000000000000000, 8.645667657095498382E-30 ) ) ;
#1023 = ORIENTED_EDGE ( 'NONE', *, *, #1160, .F. ) ;
#1024 = PLANE ( 'NONE',  #1836 ) ;
#1025 = CIRCLE ( 'NONE', #2638, 0.5000000000000004441 ) ;
#1026 = EDGE_LOOP ( 'NONE', ( #1888, #858, #2179, #671 ) ) ;
#1027 = AXIS2_PLACEMENT_3D ( 'NONE', #1431, #1998, #2652 ) ;
#1028 = CARTESIAN_POINT ( 'NONE',  ( 19.23266743953836055, 18.48952713241883217, 52.02825271746881697 ) ) ;
#1029 = ORIENTED_EDGE ( 'NONE', *, *, #959, .F. ) ;
#1030 = ADVANCED_FACE ( 'NONE', ( #2521 ), #938, .F. ) ;
#1031 = DIRECTION ( 'NONE',  ( 1.495166424532390756E-14, -1.000000000000000000, 1.115179377413661760E-15 ) ) ;
#1032 = ORIENTED_EDGE ( 'NONE', *, *, #660, .T. ) ;
#1033 = ORIENTED_EDGE ( 'NONE', *, *, #1857, .F. ) ;
#1034 = DIRECTION ( 'NONE',  ( 0.000000000000000000, 1.000000000000000000, 0.000000000000000000 ) ) ;
#1035 = CARTESIAN_POINT ( 'NONE',  ( 1.392261751045399398, 16.98952713241854795, 36.53805644467924196 ) ) ;
#1036 = CARTESIAN_POINT ( 'NONE',  ( 1.884494931296767817, 15.48952713241854973, 31.51586664685439843 ) ) ;
#1037 = EDGE_CURVE ( 'NONE', #3457, #1943, #2869, .T. ) ;
#1038 = ADVANCED_FACE ( 'NONE', ( #75 ), #333, .T. ) ;
#1039 = VECTOR ( 'NONE', #1891, 1000.000000000000000 ) ;
#1040 = VERTEX_POINT ( 'NONE', #2462 ) ;
#1041 = CARTESIAN_POINT ( 'NONE',  ( 20.58474896755554084, 17.27739509806286478, 12.76266888544370737 ) ) ;
#1042 = FACE_OUTER_BOUND ( 'NONE', #2195, .T. ) ;
#1043 = DIRECTION ( 'NONE',  ( -1.495166424532390756E-14, 1.000000000000000000, -1.115179377413661760E-15 ) ) ;
#1044 = CYLINDRICAL_SURFACE ( 'NONE', #297, 2.000000000000001776 ) ;
#1045 = VECTOR ( 'NONE', #440, 999.9999999999998863 ) ;
#1046 = CARTESIAN_POINT ( 'NONE',  ( 19.01349459997751623, 16.88583314791172896, 10.85703396683330446 ) ) ;
#1047 = CARTESIAN_POINT ( 'NONE',  ( 1.634494931296397668, 30.93952713241841579, 47.51586664685442685 ) ) ;
#1048 = ORIENTED_EDGE ( 'NONE', *, *, #2167, .F. ) ;
#1049 = DIRECTION ( 'NONE',  ( 1.667378762439842493E-29, -1.115179377413661760E-15, -1.000000000000000000 ) ) ;
#1050 = FACE_OUTER_BOUND ( 'NONE', #3873, .T. ) ;
#1051 = ORIENTED_EDGE ( 'NONE', *, *, #3171, .T. ) ;
#1052 = ORIENTED_EDGE ( 'NONE', *, *, #1773, .F. ) ;
#1053 = CARTESIAN_POINT ( 'NONE',  ( 20.64688100191148123, 16.78242035123228959, 50.61403915509571760 ) ) ;
#1054 = ORIENTED_EDGE ( 'NONE', *, *, #3144, .F. ) ;
#1055 = VERTEX_POINT ( 'NONE', #312 ) ;
#1056 = DIRECTION ( 'NONE',  ( 1.495166424532390756E-14, -1.000000000000000000, 1.115179377413661760E-15 ) ) ;
#1057 = CARTESIAN_POINT ( 'NONE',  ( -4.265505068703127733, -40.30903915740668708, 52.91586664685443964 ) ) ;
#1058 = DIRECTION ( 'NONE',  ( 1.495558082644848094E-14, -1.000000000000000000, 1.167657241503923310E-15 ) ) ;
#1059 = VECTOR ( 'NONE', #1072, 1000.000000000000000 ) ;
#1060 = EDGE_CURVE ( 'NONE', #2860, #3074, #1545, .T. ) ;
#1061 = EDGE_LOOP ( 'NONE', ( #380, #536, #3752, #2491 ) ) ;
#1062 = EDGE_CURVE ( 'NONE', #1009, #2593, #2153, .T. ) ;
#1063 = DIRECTION ( 'NONE',  ( 1.000000000000000000, 1.387778780781445676E-14, 0.000000000000000000 ) ) ;
#1064 = FACE_OUTER_BOUND ( 'NONE', #779, .T. ) ;
#1065 = CARTESIAN_POINT ( 'NONE',  ( -4.115505068702932867, 21.98951862599528795, 46.91586664685443964 ) ) ;
#1066 = CARTESIAN_POINT ( 'NONE',  ( 18.52556065835189258, 15.48952713241877710, 11.00348057624001719 ) ) ;
#1067 = ORIENTED_EDGE ( 'NONE', *, *, #1532, .F. ) ;
#1068 = DIRECTION ( 'NONE',  ( -1.000000000000000000, -1.387778780781443151E-14, 0.000000000000000000 ) ) ;
#1069 = ORIENTED_EDGE ( 'NONE', *, *, #3849, .T. ) ;
#1070 = DIRECTION ( 'NONE',  ( -1.000000000000000000, -1.495166424532390756E-14, 0.000000000000000000 ) ) ;
#1071 = CIRCLE ( 'NONE', #2665, 1.799999999999999822 ) ;
#1072 = DIRECTION ( 'NONE',  ( -1.000000000000000000, 0.000000000000000000, 0.000000000000000000 ) ) ;
#1073 = EDGE_LOOP ( 'NONE', ( #3107, #992, #2589, #1293 ) ) ;
#1074 = ORIENTED_EDGE ( 'NONE', *, *, #3477, .T. ) ;
#1075 = FACE_OUTER_BOUND ( 'NONE', #885, .T. ) ;
#1076 = CARTESIAN_POINT ( 'NONE',  ( 19.80961351084483368, 18.48952713241883927, 49.15425037131461750 ) ) ;
#1077 = ORIENTED_EDGE ( 'NONE', *, *, #1532, .T. ) ;
#1078 = CARTESIAN_POINT ( 'NONE',  ( 9.634494931297066245, 21.98951862599546558, 16.11586664685441761 ) ) ;
#1079 = DIRECTION ( 'NONE',  ( 1.474514954580287292E-14, -1.000000000000000000, 0.000000000000000000 ) ) ;
#1080 = APPROVAL_ROLE ( '' ) ;
#1081 = ORIENTED_EDGE ( 'NONE', *, *, #3849, .F. ) ;
#1082 = CARTESIAN_POINT ( 'NONE',  ( 18.52556065835180732, 18.48952713241882151, 52.02825271746881697 ) ) ;
#1083 = EDGE_CURVE ( 'NONE', #3010, #2394, #1966, .T. ) ;
#1084 = CARTESIAN_POINT ( 'NONE',  ( 5.876728111548086275, 16.98952713241860479, 26.49367684902954423 ) ) ;
#1085 = CARTESIAN_POINT ( 'NONE',  ( -2.315942090027560341E-13, 15.48952713241848755, -1.727360122396246752E-14 ) ) ;
#1086 = CARTESIAN_POINT ( 'NONE',  ( 20.64688100191151321, 16.78242035123227893, 12.41769413861312366 ) ) ;
#1087 = EDGE_CURVE ( 'NONE', #3029, #756, #507, .T. ) ;
#1088 = EDGE_CURVE ( 'NONE', #246, #291, #1256, .T. ) ;
#1089 = VERTEX_POINT ( 'NONE', #1298 ) ;
#1090 = CARTESIAN_POINT ( 'NONE',  ( 11.53449493129707548, 30.93952713241841934, 20.11586664685441406 ) ) ;
#1091 = CARTESIAN_POINT ( 'NONE',  ( 14.43449493129656602, 27.48952713241875045, 26.61586664685609804 ) ) ;
#1092 = EDGE_LOOP ( 'NONE', ( #1944, #648 ) ) ;
#1093 = EDGE_LOOP ( 'NONE', ( #2578, #726, #1626 ) ) ;
#1094 = CARTESIAN_POINT ( 'NONE',  ( 3.634494931296738507, 17.48952713241857637, 31.51586664685439843 ) ) ;
#1095 = VECTOR ( 'NONE', #84, 1000.000000000000000 ) ;
#1096 = DIRECTION ( 'NONE',  ( 1.000000000000000000, 1.495166424532391072E-14, -1.296850148564320413E-29 ) ) ;
#1097 = ORIENTED_EDGE ( 'NONE', *, *, #1259, .T. ) ;
#1098 = FACE_OUTER_BOUND ( 'NONE', #1622, .T. ) ;
#1099 = DIRECTION ( 'NONE',  ( 1.495166424532390756E-14, -1.000000000000000000, 1.115179377413661760E-15 ) ) ;
#1100 = PERSON_AND_ORGANIZATION ( #3325, #1221 ) ;
#1101 = ORIENTED_EDGE ( 'NONE', *, *, #2846, .F. ) ;
#1102 = DIRECTION ( 'NONE',  ( 0.000000000000000000, 0.000000000000000000, -1.000000000000000000 ) ) ;
#1103 = DIRECTION ( 'NONE',  ( -1.000000000000000000, 0.000000000000000000, 0.000000000000000000 ) ) ;
#1104 = CIRCLE ( 'NONE', #3359, 1.000000000000000444 ) ;
#1105 = PLANE ( 'NONE',  #873 ) ;
#1106 = ADVANCED_FACE ( 'NONE', ( #672, #2205 ), #2183, .T. ) ;
#1107 = DIRECTION ( 'NONE',  ( -1.000000000000000000, -1.387778780781445676E-14, 0.000000000000000000 ) ) ;
#1108 = ORIENTED_EDGE ( 'NONE', *, *, #2878, .F. ) ;
#1109 = VECTOR ( 'NONE', #746, 999.9999999999998863 ) ;
#1110 = FACE_OUTER_BOUND ( 'NONE', #3846, .T. ) ;
#1111 = DIRECTION ( 'NONE',  ( 1.000000000000000000, 1.387778780781444413E-14, 0.000000000000000000 ) ) ;
#1112 = ADVANCED_FACE ( 'NONE', ( #2543 ), #1628, .T. ) ;
#1113 = VERTEX_POINT ( 'NONE', #1949 ) ;
#1114 = ORIENTED_EDGE ( 'NONE', *, *, #1719, .T. ) ;
#1115 = EDGE_CURVE ( 'NONE', #2989, #3266, #1567, .T. ) ;
#1116 = CARTESIAN_POINT ( 'NONE',  ( 14.43449493129656602, 27.48952713241875045, 36.26593200339668499 ) ) ;
#1117 = CARTESIAN_POINT ( 'NONE',  ( 20.68488956146929780, 16.91680090226463307, 50.57603059553790104 ) ) ;
#1118 = ORIENTED_EDGE ( 'NONE', *, *, #1279, .T. ) ;
#1119 = CARTESIAN_POINT ( 'NONE',  ( 14.43449493129656602, 27.48952713241875401, 38.26593200339668499 ) ) ;
#1120 = CIRCLE ( 'NONE', #2844, 0.9999894423690161016 ) ;
#1121 = ORIENTED_EDGE ( 'NONE', *, *, #548, .F. ) ;
#1122 = CARTESIAN_POINT ( 'NONE',  ( -7.165505068703456715, 28.93952713241841934, 24.61586664685609804 ) ) ;
#1123 = CIRCLE ( 'NONE', #1183, 1.000000000000000888 ) ;
#1124 = VECTOR ( 'NONE', #3196, 1000.000000000000000 ) ;
#1125 = CYLINDRICAL_SURFACE ( 'NONE', #437, 0.3000000000000018208 ) ;
#1126 = CIRCLE ( 'NONE', #1454, 1.800000000000000711 ) ;
#1127 = DIRECTION ( 'NONE',  ( -1.000000000000000000, 0.000000000000000000, -8.268308156524964354E-15 ) ) ;
#1128 = CARTESIAN_POINT ( 'NONE',  ( 21.53449493129697956, 15.48952713241858525, 32.01586664685451211 ) ) ;
#1129 = LINE ( 'NONE', #173, #1864 ) ;
#1130 = EDGE_LOOP ( 'NONE', ( #3763, #1114, #3088, #156, #2541, #2263, #1790, #1706 ) ) ;
#1131 = PRODUCT_DEFINITION_SHAPE ( 'NONE', 'NONE',  #1805 ) ;
#1132 = CARTESIAN_POINT ( 'NONE',  ( 17.40897123748101194, 18.48952713241880375, 51.61877007778375059 ) ) ;
#1133 = DIRECTION ( 'NONE',  ( -1.000000000000000000, 0.000000000000000000, 0.000000000000000000 ) ) ;
#1134 = ORIENTED_EDGE ( 'NONE', *, *, #2318, .T. ) ;
#1135 = ORIENTED_EDGE ( 'NONE', *, *, #1660, .T. ) ;
#1136 = DIRECTION ( 'NONE',  ( 1.000000000000000000, 1.491862189340054101E-14, 0.000000000000000000 ) ) ;
#1137 = AXIS2_PLACEMENT_3D ( 'NONE', #950, #2456, #13 ) ;
#1138 = EDGE_CURVE ( 'NONE', #1886, #227, #3939, .T. ) ;
#1139 = ADVANCED_FACE ( 'NONE', ( #2866 ), #1322, .F. ) ;
#1140 = AXIS2_PLACEMENT_3D ( 'NONE', #2837, #1602, #2602 ) ;
#1141 = DIRECTION ( 'NONE',  ( -1.000000000000000000, 0.000000000000000000, -1.667378762439842493E-29 ) ) ;
#1142 = ORIENTED_EDGE ( 'NONE', *, *, #1953, .T. ) ;
#1143 = ADVANCED_FACE ( 'NONE', ( #1015 ), #1276, .T. ) ;
#1144 = EDGE_CURVE ( 'NONE', #3532, #3352, #351, .T. ) ;
#1145 = CARTESIAN_POINT ( 'NONE',  ( 19.13092340320311635, 16.83476998247508405, 52.11159257735565120 ) ) ;
#1146 = CARTESIAN_POINT ( 'NONE',  ( 19.79067657370367073, 18.40165916677475977, 13.55854598525300503 ) ) ;
#1147 = ORIENTED_EDGE ( 'NONE', *, *, #3375, .F. ) ;
#1148 = DIRECTION ( 'NONE',  ( -1.000000000000000000, -1.541976423090494844E-14, 0.000000000000000000 ) ) ;
#1149 = AXIS2_PLACEMENT_3D ( 'NONE', #3215, #2897, #439 ) ;
#1150 = DIRECTION ( 'NONE',  ( -0.5000000000000153211, 0.7071067811865400232, 0.4999999999999955591 ) ) ;
#1151 = CARTESIAN_POINT ( 'NONE',  ( 20.49332761131820746, 16.92384170746959526, 50.26048576450244809 ) ) ;
#1152 = AXIS2_PLACEMENT_3D ( 'NONE', #2964, #3830, #466 ) ;
#1153 = ORIENTED_EDGE ( 'NONE', *, *, #1253, .F. ) ;
#1154 = LINE ( 'NONE', #2383, #321 ) ;
#1155 = CARTESIAN_POINT ( 'NONE',  ( 18.03997885882061425, 18.47624349893714069, 51.11840684925426359 ) ) ;
#1156 = ORIENTED_EDGE ( 'NONE', *, *, #1181, .F. ) ;
#1157 = DIRECTION ( 'NONE',  ( -1.495166424532390756E-14, 1.000000000000000000, 0.000000000000000000 ) ) ;
#1158 = DIRECTION ( 'NONE',  ( 1.495166424532390441E-14, -1.000000000000000000, 1.115179377413662352E-15 ) ) ;
#1159 = ORIENTED_EDGE ( 'NONE', *, *, #3556, .T. ) ;
#1160 = EDGE_CURVE ( 'NONE', #1484, #2515, #1908, .T. ) ;
#1161 = CIRCLE ( 'NONE', #2249, 0.3000000000000018208 ) ;
#1162 = ORIENTED_EDGE ( 'NONE', *, *, #111, .F. ) ;
#1163 = DIRECTION ( 'NONE',  ( 1.000000000000000000, 1.491862189340053786E-14, 0.000000000000000000 ) ) ;
#1164 = ORIENTED_EDGE ( 'NONE', *, *, #280, .T. ) ;
#1165 = AXIS2_PLACEMENT_3D ( 'NONE', #1132, #1776, #2304 ) ;
#1166 = EDGE_CURVE ( 'NONE', #2336, #2644, #2800, .T. ) ;
#1167 = EDGE_CURVE ( 'NONE', #963, #2667, #1945, .T. ) ;
#1168 = CARTESIAN_POINT ( 'NONE',  ( 0.000000000000000000, 28.93952713241841579, 0.000000000000000000 ) ) ;
#1169 = CARTESIAN_POINT ( 'NONE',  ( 20.03384497163371947, 18.35649100066151718, 49.29389634363064232 ) ) ;
#1170 = CARTESIAN_POINT ( 'NONE',  ( 19.82171293727793682, 18.35649100066138217, 13.52570491572222267 ) ) ;
#1171 = CARTESIAN_POINT ( 'NONE',  ( 3.192261751045399443, 16.98952713241857637, 36.53805644467924196 ) ) ;
#1172 = ORIENTED_EDGE ( 'NONE', *, *, #1436, .T. ) ;
#1173 = CARTESIAN_POINT ( 'NONE',  ( 20.29332761131822949, 15.48952713241884638, 50.26048576450244809 ) ) ;
#1174 = VECTOR ( 'NONE', #1726, 1000.000000000000000 ) ;
#1175 = CARTESIAN_POINT ( 'NONE',  ( 20.64688100191150255, 15.48952713241885171, 50.61403915509571760 ) ) ;
#1176 = ORIENTED_EDGE ( 'NONE', *, *, #2061, .T. ) ;
#1177 = CARTESIAN_POINT ( 'NONE',  ( 3.634494931296397890, 28.93952713241841579, 50.51586664685443395 ) ) ;
#1178 = EDGE_CURVE ( 'NONE', #2454, #2799, #2165, .T. ) ;
#1179 = CYLINDRICAL_SURFACE ( 'NONE', #497, 0.5000000000000004441 ) ;
#1180 = ORIENTED_EDGE ( 'NONE', *, *, #1658, .T. ) ;
#1181 = EDGE_CURVE ( 'NONE', #2593, #2667, #3390, .T. ) ;
#1182 = EDGE_CURVE ( 'NONE', #415, #3612, #2974, .T. ) ;
#1183 = AXIS2_PLACEMENT_3D ( 'NONE', #3475, #736, #2606 ) ;
#1184 = VECTOR ( 'NONE', #2120, 1000.000000000000000 ) ;
#1185 = DIRECTION ( 'NONE',  ( 1.495166424532390441E-14, -1.000000000000000000, 1.115179377413663140E-15 ) ) ;
#1186 = FACE_OUTER_BOUND ( 'NONE', #1926, .T. ) ;
#1187 = VECTOR ( 'NONE', #1821, 1000.000000000000000 ) ;
#1188 = CARTESIAN_POINT ( 'NONE',  ( 19.83082959620042018, 18.26431906702915597, 13.94085232551167230 ) ) ;
#1189 = EDGE_LOOP ( 'NONE', ( #1320, #2051 ) ) ;
#1190 = DIRECTION ( 'NONE',  ( 0.8164965809277204833, 0.5773502691896333916, 0.000000000000000000 ) ) ;
#1191 = CARTESIAN_POINT ( 'NONE',  ( 18.87911404894508394, 18.48952713241882861, 52.38180610806209359 ) ) ;
#1192 = ORIENTED_EDGE ( 'NONE', *, *, #2960, .F. ) ;
#1193 = CARTESIAN_POINT ( 'NONE',  ( 17.93621812052514741, 18.59571204158665125, 11.97851973945097548 ) ) ;
#1194 = CIRCLE ( 'NONE', #2736, 0.5000000000000004441 ) ;
#1195 = DIRECTION ( 'NONE',  ( 0.000000000000000000, 0.000000000000000000, 1.000000000000000000 ) ) ;
#1196 = ORIENTED_EDGE ( 'NONE', *, *, #1894, .F. ) ;
#1197 = AXIS2_PLACEMENT_3D ( 'NONE', #1715, #1447, #2666 ) ;
#1198 = AXIS2_PLACEMENT_3D ( 'NONE', #496, #516, #3879 ) ;
#1199 = EDGE_CURVE ( 'NONE', #1204, #2247, #3085, .T. ) ;
#1200 = CARTESIAN_POINT ( 'NONE',  ( 20.79332761131823659, 16.92384170746959171, 12.77124752920640383 ) ) ;
#1201 = CARTESIAN_POINT ( 'NONE',  ( 20.64688100191148479, 16.78242035123228959, 50.61403915509571050 ) ) ;
#1202 = CARTESIAN_POINT ( 'NONE',  ( 3.634494931296397890, 28.93952713241841579, 50.51586664685443395 ) ) ;
#1203 = CARTESIAN_POINT ( 'NONE',  ( -7.165505068703435398, 27.48952713241842361, 24.61586664685610160 ) ) ;
#1204 = VERTEX_POINT ( 'NONE', #3143 ) ;
#1205 = EDGE_CURVE ( 'NONE', #2735, #482, #389, .T. ) ;
#1206 = CARTESIAN_POINT ( 'NONE',  ( 18.61865542642904003, 17.01260071026693410, 10.91038580816284309 ) ) ;
#1207 = EDGE_CURVE ( 'NONE', #1590, #798, #3295, .T. ) ;
#1208 = CARTESIAN_POINT ( 'NONE',  ( -2.387694866528107251, 16.98952713241848400, 29.27363346660304799 ) ) ;
#1209 = ORIENTED_EDGE ( 'NONE', *, *, #2109, .F. ) ;
#1210 = FACE_OUTER_BOUND ( 'NONE', #1014, .T. ) ;
#1211 = CARTESIAN_POINT ( 'NONE',  ( 19.03349326844942624, 17.01793705846256799, 10.86958382579859084 ) ) ;
#1212 = CARTESIAN_POINT ( 'NONE',  ( -14.26550506870316681, -40.30903915740668708, 52.91586664685443964 ) ) ;
#1213 = ORIENTED_EDGE ( 'NONE', *, *, #1533, .T. ) ;
#1214 = AXIS2_PLACEMENT_3D ( 'NONE', #284, #3968, #302 ) ;
#1215 = CIRCLE ( 'NONE', #2761, 2.000000000000001776 ) ;
#1216 = AXIS2_PLACEMENT_3D ( 'NONE', #2631, #1102, #2337 ) ;
#1217 = ORIENTED_EDGE ( 'NONE', *, *, #1853, .T. ) ;
#1218 = CYLINDRICAL_SURFACE ( 'NONE', #1388, 2.000000000000001776 ) ;
#1219 = DIRECTION ( 'NONE',  ( 1.000000000000000000, 1.495166424532391072E-14, -1.296850148564320694E-29 ) ) ;
#1220 =( BOUNDED_SURFACE ( )  B_SPLINE_SURFACE ( 3, 2, ( 
 ( #1893, #395, #1041 ),
 ( #3458, #3089, #2872 ),
 ( #122, #976, #1609 ),
 ( #2805, #3730, #957 ) ),
 .UNSPECIFIED., .F., .F., .F. ) 
 B_SPLINE_SURFACE_WITH_KNOTS ( ( 4, 4 ),
 ( 3, 3 ),
 ( 4.712388980384689674, 5.497787143782136177 ),
 ( 0.000000000000000000, 1.000000000000000000 ),
 .UNSPECIFIED. ) 
 GEOMETRIC_REPRESENTATION_ITEM ( )  RATIONAL_B_SPLINE_SURFACE ( (
 ( 1.000000000000000000, 0.7071067811865479058, 1.000000000000000000),
 ( 1.000000000000000000, 0.7726989244079501828, 1.000000000000000000),
 ( 1.000000000000000000, 0.8283636150493313144, 1.000000000000000000),
 ( 1.000000000000000000, 0.8660254037844378194, 1.000000000000000000) ) ) 
 REPRESENTATION_ITEM ( '' )  SURFACE ( )  );
#1221 = ORGANIZATION ( '未指定', '未指定', '' ) ;
#1222 = DIRECTION ( 'NONE',  ( 3.850437621911135392E-15, 0.000000000000000000, -1.000000000000000000 ) ) ;
#1223 = LINE ( 'NONE', #1552, #794 ) ;
#1224 = DIRECTION ( 'NONE',  ( 1.495558082644848094E-14, -1.000000000000000000, 1.167657241503923310E-15 ) ) ;
#1225 = ORIENTED_EDGE ( 'NONE', *, *, #2190, .T. ) ;
#1226 = CARTESIAN_POINT ( 'NONE',  ( 18.92489885974123354, 17.22477763262175543, 11.02840644438491147 ) ) ;
#1227 = ADVANCED_FACE ( 'NONE', ( #3841 ), #3187, .F. ) ;
#1228 = AXIS2_PLACEMENT_3D ( 'NONE', #1078, #759, #163 ) ;
#1229 = ADVANCED_FACE ( 'NONE', ( #1098 ), #478, .T. ) ;
#1230 = CARTESIAN_POINT ( 'NONE',  ( 20.78830235814881888, 16.98952713241882506, 12.55911549485043466 ) ) ;
#1231 = EDGE_LOOP ( 'NONE', ( #2356, #1537, #3867, #271 ) ) ;
#1232 = CARTESIAN_POINT ( 'NONE',  ( 18.97911404894516707, 17.06526306370684409, 10.85703396683329736 ) ) ;
#1233 = CIRCLE ( 'NONE', #2836, 9.999999999999994671 ) ;
#1234 = FACE_BOUND ( 'NONE', #2722, .T. ) ;
#1235 = ORIENTED_EDGE ( 'NONE', *, *, #1253, .T. ) ;
#1236 = DIRECTION ( 'NONE',  ( 0.000000000000000000, 1.000000000000000000, 0.000000000000000000 ) ) ;
#1237 = DIRECTION ( 'NONE',  ( 0.000000000000000000, 1.000000000000000000, -0.000000000000000000 ) ) ;
#1238 = LINE ( 'NONE', #2747, #958 ) ;
#1239 = CARTESIAN_POINT ( 'NONE',  ( 18.09181559289944019, 18.40165916677473490, 11.85968500444875140 ) ) ;
#1240 = DIRECTION ( 'NONE',  ( -0.8164965809277152653, -0.5773502691896412742, 0.000000000000000000 ) ) ;
#1241 = DIRECTION ( 'NONE',  ( -0.5000000000000167644, 0.7071067811865379138, -0.4999999999999970024 ) ) ;
#1242 = ORIENTED_EDGE ( 'NONE', *, *, #2555, .F. ) ;
#1243 = DIRECTION ( 'NONE',  ( 0.5000000000000097700, -0.7071067811865477948, 0.4999999999999898970 ) ) ;
#1244 = AXIS2_PLACEMENT_3D ( 'NONE', #3425, #3783, #3808 ) ;
#1245 =( BOUNDED_CURVE ( )  B_SPLINE_CURVE ( 3, ( #1146, #1490, #441, #3800 ),
 .UNSPECIFIED., .F., .T. ) 
 B_SPLINE_CURVE_WITH_KNOTS ( ( 4, 4 ),
 ( 1.514306079155815832, 1.570796326794900333 ),
 .UNSPECIFIED. ) 
 CURVE ( )  GEOMETRIC_REPRESENTATION_ITEM ( )  RATIONAL_B_SPLINE_CURVE ( ( 1.000000000000000000, 0.9997340886725618603, 0.9997340886725618603, 1.000000000000000000 ) ) 
 REPRESENTATION_ITEM ( '' )  );
#1246 = APPROVAL ( #1722, '未指定' ) ;
#1247 = CIRCLE ( 'NONE', #2848, 1.750000000000000666 ) ;
#1248 = ORIENTED_EDGE ( 'NONE', *, *, #1444, .T. ) ;
#1249 = CYLINDRICAL_SURFACE ( 'NONE', #2295, 0.5000000000000004441 ) ;
#1250 = ORIENTED_EDGE ( 'NONE', *, *, #1278, .F. ) ;
#1251 = DIRECTION ( 'NONE',  ( 0.5547001962252288143, -0.000000000000000000, 0.8320502943378438321 ) ) ;
#1252 = EDGE_CURVE ( 'NONE', #2671, #3725, #3804, .T. ) ;
#1253 = EDGE_CURVE ( 'NONE', #2342, #2564, #1365, .T. ) ;
#1254 = FACE_OUTER_BOUND ( 'NONE', #2287, .T. ) ;
#1255 = VERTEX_POINT ( 'NONE', #2917 ) ;
#1256 = LINE ( 'NONE', #370, #3486 ) ;
#1257 = DIRECTION ( 'NONE',  ( -0.7071067811865510144, 0.000000000000000000, 0.7071067811865441310 ) ) ;
#1258 = VECTOR ( 'NONE', #710, 1000.000000000000000 ) ;
#1259 = EDGE_CURVE ( 'NONE', #798, #3906, #780, .T. ) ;
#1260 = AXIS2_PLACEMENT_3D ( 'NONE', #3701, #3958, #967 ) ;
#1261 = FACE_BOUND ( 'NONE', #1270, .T. ) ;
#1262 = COORDINATED_UNIVERSAL_TIME_OFFSET ( 8, 0, .AHEAD. ) ;
#1263 = CYLINDRICAL_SURFACE ( 'NONE', #847, 0.5000000000000004441 ) ;
#1264 = CARTESIAN_POINT ( 'NONE',  ( 54.73449493129656673, 27.48952713241935442, 36.26593200339668499 ) ) ;
#1265 = CARTESIAN_POINT ( 'NONE',  ( 21.53449493129680548, 15.48952713241887125, 52.91586664685437569 ) ) ;
#1266 = ORIENTED_EDGE ( 'NONE', *, *, #2457, .T. ) ;
#1267 = PLANE ( 'NONE',  #3711 ) ;
#1268 = VECTOR ( 'NONE', #1393, 1000.000000000000000 ) ;
#1269 = DIRECTION ( 'NONE',  ( 1.495166424532390441E-14, -1.000000000000000000, 1.115179377413662549E-15 ) ) ;
#1270 = EDGE_LOOP ( 'NONE', ( #1743, #1756 ) ) ;
#1271 = VERTEX_POINT ( 'NONE', #1695 ) ;
#1272 = EDGE_CURVE ( 'NONE', #1321, #1886, #2038, .T. ) ;
#1273 = PLANE ( 'NONE',  #3000 ) ;
#1274 =( BOUNDED_CURVE ( )  B_SPLINE_CURVE ( 3, ( #191, #3912, #2980, #508 ),
 .UNSPECIFIED., .F., .T. ) 
 B_SPLINE_CURVE_WITH_KNOTS ( ( 4, 4 ),
 ( 1.124685556517661222, 1.570796326794884568 ),
 .UNSPECIFIED. ) 
 CURVE ( )  GEOMETRIC_REPRESENTATION_ITEM ( )  RATIONAL_B_SPLINE_CURVE ( ( 1.000000000000000000, 0.9834840797589722294, 0.9834840797589722294, 1.000000000000000000 ) ) 
 REPRESENTATION_ITEM ( '' )  );
#1275 = EDGE_LOOP ( 'NONE', ( #2059, #3463, #2367, #1650 ) ) ;
#1276 = CYLINDRICAL_SURFACE ( 'NONE', #273, 0.5000000000000004441 ) ;
#1277 = DIRECTION ( 'NONE',  ( -1.000000000000000000, -1.387778780781444413E-14, 0.000000000000000000 ) ) ;
#1278 = EDGE_CURVE ( 'NONE', #1932, #2939, #2937, .T. ) ;
#1279 = EDGE_CURVE ( 'NONE', #837, #2957, #2016, .T. ) ;
#1280 = ORIENTED_EDGE ( 'NONE', *, *, #2162, .T. ) ;
#1281 = LINE ( 'NONE', #334, #3077 ) ;
#1282 = VECTOR ( 'NONE', #208, 1000.000000000000000 ) ;
#1283 = CARTESIAN_POINT ( 'NONE',  ( -2.365505068702932423, 21.98951862599528795, 17.51586664685450856 ) ) ;
#1284 = PERSON_AND_ORGANIZATION ( #3325, #1221 ) ;
#1285 = DIRECTION ( 'NONE',  ( 0.000000000000000000, -1.000000000000000000, 1.156482317317871725E-15 ) ) ;
#1286 = DIRECTION ( 'NONE',  ( -1.000000000000000000, -1.541976423090494529E-14, 0.000000000000000000 ) ) ;
#1287 = ORIENTED_EDGE ( 'NONE', *, *, #1894, .T. ) ;
#1288 = CIRCLE ( 'NONE', #3546, 10.00000000000000000 ) ;
#1289 = DIRECTION ( 'NONE',  ( 1.495558082644848094E-14, -1.000000000000000000, 1.167657241503923310E-15 ) ) ;
#1290 = AXIS2_PLACEMENT_3D ( 'NONE', #2425, #2135, #3364 ) ;
#1291 = EDGE_LOOP ( 'NONE', ( #2404, #3177 ) ) ;
#1292 = CYLINDRICAL_SURFACE ( 'NONE', #3172, 1.000000000000000444 ) ;
#1293 = ORIENTED_EDGE ( 'NONE', *, *, #2223, .T. ) ;
#1294 = ORIENTED_EDGE ( 'NONE', *, *, #1486, .T. ) ;
#1295 = AXIS2_PLACEMENT_3D ( 'NONE', #694, #3165, #1871 ) ;
#1296 = DIRECTION ( 'NONE',  ( 8.645667657095498382E-30, -1.445602896647339706E-15, -1.000000000000000000 ) ) ;
#1297 = ORIENTED_EDGE ( 'NONE', *, *, #3622, .F. ) ;
#1298 = CARTESIAN_POINT ( 'NONE',  ( 11.38449493129706624, 21.98951862599546558, 10.11586664685441583 ) ) ;
#1299 = DIRECTION ( 'NONE',  ( 1.000000000000000000, 0.000000000000000000, 0.000000000000000000 ) ) ;
#1300 = AXIS2_PLACEMENT_3D ( 'NONE', #3519, #1384, #434 ) ;
#1301 =( BOUNDED_SURFACE ( )  B_SPLINE_SURFACE ( 3, 2, ( 
 ( #3656, #1169, #268 ),
 ( #3304, #2442, #2749 ),
 ( #1856, #924, #1840 ),
 ( #2118, #3051, #300 ) ),
 .UNSPECIFIED., .F., .F., .F. ) 
 B_SPLINE_SURFACE_WITH_KNOTS ( ( 4, 4 ),
 ( 3, 3 ),
 ( 4.712388980384690562, 5.161176415283090790 ),
 ( 0.000000000000000000, 1.000000000000000000 ),
 .UNSPECIFIED. ) 
 GEOMETRIC_REPRESENTATION_ITEM ( )  RATIONAL_B_SPLINE_SURFACE ( (
 ( 1.000000000000000000, 0.7071067811865532349, 1.000000000000000000),
 ( 1.000000000000000000, 0.7445233871054185437, 1.000000000000000000),
 ( 1.000000000000000000, 0.7788702509713439914, 1.000000000000000000),
 ( 1.000000000000000000, 0.8083300061778122547, 1.000000000000000000) ) ) 
 REPRESENTATION_ITEM ( '' )  SURFACE ( )  );
#1302 = CARTESIAN_POINT ( 'NONE',  ( -7.165505068703795999, 51.48952713241842361, 38.26593200339666367 ) ) ;
#1303 = VERTEX_POINT ( 'NONE', #1386 ) ;
#1304 = ORIENTED_EDGE ( 'NONE', *, *, #1487, .T. ) ;
#1305 = LINE ( 'NONE', #3754, #3606 ) ;
#1306 = EDGE_CURVE ( 'NONE', #129, #180, #1104, .T. ) ;
#1307 = EDGE_CURVE ( 'NONE', #112, #3116, #1995, .T. ) ;
#1308 = DIRECTION ( 'NONE',  ( -3.850437621911135392E-15, 0.000000000000000000, 1.000000000000000000 ) ) ;
#1309 = CARTESIAN_POINT ( 'NONE',  ( 19.23266743953838187, 16.78242035123226827, 52.02825271746881697 ) ) ;
#1310 = DIRECTION ( 'NONE',  ( -1.000000000000000000, 0.000000000000000000, 0.000000000000000000 ) ) ;
#1311 = CARTESIAN_POINT ( 'NONE',  ( 11.53449493129707903, 30.93952713241841579, 10.11586664685441583 ) ) ;
#1312 = ORIENTED_EDGE ( 'NONE', *, *, #2588, .F. ) ;
#1313 = DIRECTION ( 'NONE',  ( 0.000000000000000000, 0.000000000000000000, 1.000000000000000000 ) ) ;
#1314 = CIRCLE ( 'NONE', #3567, 1.750000000000000444 ) ;
#1315 = VERTEX_POINT ( 'NONE', #2627 ) ;
#1316 = ORIENTED_EDGE ( 'NONE', *, *, #3397, .F. ) ;
#1317 = VECTOR ( 'NONE', #1777, 1000.000000000000000 ) ;
#1318 = AXIS2_PLACEMENT_3D ( 'NONE', #3442, #659, #1286 ) ;
#1319 = CARTESIAN_POINT ( 'NONE',  ( 21.53449493129703640, -40.30903915740668708, 24.61586664685609804 ) ) ;
#1320 = ORIENTED_EDGE ( 'NONE', *, *, #3685, .F. ) ;
#1321 = VERTEX_POINT ( 'NONE', #3793 ) ;
#1322 = PLANE ( 'NONE',  #3728 ) ;
#1323 = FACE_BOUND ( 'NONE', #1093, .T. ) ;
#1324 = FACE_OUTER_BOUND ( 'NONE', #3896, .T. ) ;
#1325 = CIRCLE ( 'NONE', #939, 0.3000000000000007105 ) ;
#1326 = CARTESIAN_POINT ( 'NONE',  ( 17.88540714762914163, 18.48952713241881440, 51.19885483845807528 ) ) ;
#1327 = DIRECTION ( 'NONE',  ( -1.000000000000000000, 0.000000000000000000, 0.000000000000000000 ) ) ;
#1328 = CARTESIAN_POINT ( 'NONE',  ( 19.13764604064387953, 16.83617257164518222, 10.90845917734547399 ) ) ;
#1329 = CARTESIAN_POINT ( 'NONE',  ( 20.74190240080606884, 16.83617257164521774, 12.51271553750768284 ) ) ;
#1330 = ADVANCED_FACE ( 'NONE', ( #2289 ), #3540, .F. ) ;
#1331 = EDGE_LOOP ( 'NONE', ( #3478, #1180, #298, #1209, #2460 ) ) ;
#1332 = FACE_OUTER_BOUND ( 'NONE', #363, .T. ) ;
#1333 = ORIENTED_EDGE ( 'NONE', *, *, #2990, .F. ) ;
#1334 = DIRECTION ( 'NONE',  ( 0.000000000000000000, 0.000000000000000000, -1.000000000000000000 ) ) ;
#1335 = EDGE_CURVE ( 'NONE', #756, #3029, #463, .T. ) ;
#1336 = ORIENTED_EDGE ( 'NONE', *, *, #1062, .T. ) ;
#1337 = EDGE_CURVE ( 'NONE', #3602, #327, #677, .T. ) ;
#1338 = VECTOR ( 'NONE', #2449, 1000.000000000000000 ) ;
#1339 = CARTESIAN_POINT ( 'NONE',  ( -2.365505068702932423, 21.98951862599528795, 16.11586664685441761 ) ) ;
#1340 = ORIENTED_EDGE ( 'NONE', *, *, #713, .T. ) ;
#1341 = EDGE_LOOP ( 'NONE', ( #2042, #3232 ) ) ;
#1342 = CARTESIAN_POINT ( 'NONE',  ( 9.634494931297066245, 21.98951862599546203, 46.91586664685443964 ) ) ;
#1343 = CARTESIAN_POINT ( 'NONE',  ( -2.365505068702941305, 21.98951862599528795, 16.11586664685441761 ) ) ;
#1344 = VECTOR ( 'NONE', #3157, 1000.000000000000000 ) ;
#1345 = EDGE_LOOP ( 'NONE', ( #1541, #1367, #3928, #2244 ) ) ;
#1346 = CARTESIAN_POINT ( 'NONE',  ( 18.87911404894511946, 16.92384170746957039, 52.17469932687554746 ) ) ;
#1347 = DIRECTION ( 'NONE',  ( -1.000000000000000000, -1.541976423090494844E-14, 0.000000000000000000 ) ) ;
#1348 = DIRECTION ( 'NONE',  ( 1.000000000000000000, 1.387778780781444413E-14, -3.469446951953611033E-15 ) ) ;
#1349 = CARTESIAN_POINT ( 'NONE',  ( 9.634494931296687881, 21.98951862599539808, -45.48413335314556605 ) ) ;
#1350 = CARTESIAN_POINT ( 'NONE',  ( 11.53449493129702930, 18.48952713241870782, 42.91586664685439700 ) ) ;
#1351 = DIRECTION ( 'NONE',  ( 0.000000000000000000, 0.000000000000000000, 1.000000000000000000 ) ) ;
#1352 = ORIENTED_EDGE ( 'NONE', *, *, #1883, .T. ) ;
#1353 = CARTESIAN_POINT ( 'NONE',  ( 54.73449493129656673, 27.48952713241935442, 26.61586664685609804 ) ) ;
#1354 = CIRCLE ( 'NONE', #1216, 1.749999999999999778 ) ;
#1355 = VERTEX_POINT ( 'NONE', #3150 ) ;
#1356 = CIRCLE ( 'NONE', #1874, 0.5000000000000004441 ) ;
#1357 = CARTESIAN_POINT ( 'NONE',  ( 20.58474896755554084, 17.27739509806286122, 12.76266888544370737 ) ) ;
#1358 = ORIENTED_EDGE ( 'NONE', *, *, #570, .F. ) ;
#1359 = EDGE_CURVE ( 'NONE', #1439, #2096, #219, .T. ) ;
#1360 = ADVANCED_FACE ( 'NONE', ( #1064 ), #722, .F. ) ;
#1361 = CARTESIAN_POINT ( 'NONE',  ( 17.57537883451270133, 18.48952713241880730, 51.14727404211627970 ) ) ;
#1362 = VERTEX_POINT ( 'NONE', #2210 ) ;
#1363 = ORIENTED_EDGE ( 'NONE', *, *, #187, .T. ) ;
#1364 = CARTESIAN_POINT ( 'NONE',  ( 5.876728111548071176, 17.98952713241860479, 26.49367684902954423 ) ) ;
#1365 = LINE ( 'NONE', #3210, #1434 ) ;
#1366 = DIRECTION ( 'NONE',  ( 8.033421811368721750E-15, -1.000000000000000000, 8.033421811368788015E-15 ) ) ;
#1367 = ORIENTED_EDGE ( 'NONE', *, *, #2273, .F. ) ;
#1368 = CARTESIAN_POINT ( 'NONE',  ( -1.365505068702940861, 21.98951862599528795, 16.11586664685441761 ) ) ;
#1369 = CIRCLE ( 'NONE', #3296, 1.800000000000000711 ) ;
#1370 = CARTESIAN_POINT ( 'NONE',  ( 10.63449493129705736, 21.98951862599546558, 16.11586664685441761 ) ) ;
#1371 = FACE_OUTER_BOUND ( 'NONE', #430, .T. ) ;
#1372 = DIRECTION ( 'NONE',  ( 1.000000000000000000, 0.000000000000000000, 0.000000000000000000 ) ) ;
#1373 = ORIENTED_EDGE ( 'NONE', *, *, #373, .T. ) ;
#1374 = DIRECTION ( 'NONE',  ( -0.000000000000000000, -1.000000000000000000, -0.000000000000000000 ) ) ;
#1375 = ORIENTED_EDGE ( 'NONE', *, *, #955, .F. ) ;
#1376 = CARTESIAN_POINT ( 'NONE',  ( 9.634494931297066245, 21.98951862599546558, 16.11586664685441761 ) ) ;
#1377 = DIRECTION ( 'NONE',  ( 1.495166424532390756E-14, -1.000000000000000000, 1.445602896647339706E-15 ) ) ;
#1378 = VERTEX_POINT ( 'NONE', #1370 ) ;
#1379 = EDGE_LOOP ( 'NONE', ( #3780, #1820, #2537, #817 ) ) ;
#1380 = DIRECTION ( 'NONE',  ( 1.495166424532390756E-14, -1.000000000000000000, 1.115179377413661760E-15 ) ) ;
#1381 = CIRCLE ( 'NONE', #989, 0.2999999999999990452 ) ;
#1382 = LINE ( 'NONE', #1319, #2611 ) ;
#1383 = EDGE_LOOP ( 'NONE', ( #2200, #1785 ) ) ;
#1385 = ADVANCED_FACE ( 'NONE', ( #2525 ), #3481, .F. ) ;
#1384 = DIRECTION ( 'NONE',  ( 1.000000000000000000, 0.000000000000000000, 4.322833828547759000E-30 ) ) ;
#1386 = CARTESIAN_POINT ( 'NONE',  ( 17.77287865575800296, 18.48952713241881085, 51.19098522640143756 ) ) ;
#1387 = DIRECTION ( 'NONE',  ( 1.000000000000000000, 1.387778780781444413E-14, 3.469446951953611033E-15 ) ) ;
#1388 = AXIS2_PLACEMENT_3D ( 'NONE', #2698, #3932, #923 ) ;
#1389 = ORIENTED_EDGE ( 'NONE', *, *, #1857, .T. ) ;
#1390 = CARTESIAN_POINT ( 'NONE',  ( -14.26550506870311352, 27.48952713241840939, 38.26593200339668499 ) ) ;
#1391 = EDGE_CURVE ( 'NONE', #2256, #3134, #3504, .T. ) ;
#1392 = EDGE_CURVE ( 'NONE', #1403, #2147, #1935, .T. ) ;
#1393 = DIRECTION ( 'NONE',  ( 1.495166424532390441E-14, -1.000000000000000000, 1.115179377413663140E-15 ) ) ;
#1394 = DIRECTION ( 'NONE',  ( -1.000000000000000000, -1.387778780781445676E-14, 0.000000000000000000 ) ) ;
#1395 = DIRECTION ( 'NONE',  ( 0.000000000000000000, 1.000000000000000000, -0.000000000000000000 ) ) ;
#1396 = ORIENTED_EDGE ( 'NONE', *, *, #3026, .F. ) ;
#1397 = DIRECTION ( 'NONE',  ( -1.474514954580284768E-14, 1.000000000000000000, 0.000000000000000000 ) ) ;
#1398 = AXIS2_PLACEMENT_3D ( 'NONE', #920, #1889, #1195 ) ;
#1399 = ORIENTED_EDGE ( 'NONE', *, *, #367, .F. ) ;
#1400 = PLANE ( 'NONE',  #2704 ) ;
#1401 = AXIS2_PLACEMENT_3D ( 'NONE', #2432, #3078, #1519 ) ;
#1402 = CARTESIAN_POINT ( 'NONE',  ( 17.93621812052477793, 18.59571204158665481, 51.05321355425819974 ) ) ;
#1403 = VERTEX_POINT ( 'NONE', #419 ) ;
#1404 = ORIENTED_EDGE ( 'NONE', *, *, #1392, .T. ) ;
#1405 = DIRECTION ( 'NONE',  ( 0.7071067811865484609, 9.783872277884400233E-15, -0.7071067811865466846 ) ) ;
#1406 = FACE_OUTER_BOUND ( 'NONE', #922, .T. ) ;
#1407 = VERTEX_POINT ( 'NONE', #1653 ) ;
#1408 = DIRECTION ( 'NONE',  ( -0.000000000000000000, -1.000000000000000000, -0.000000000000000000 ) ) ;
#1409 = DIRECTION ( 'NONE',  ( -1.495166424532390756E-14, 1.000000000000000000, -1.115179377413661760E-15 ) ) ;
#1410 = APPROVAL_STATUS ( 'not_yet_approved' ) ;
#1411 = ORIENTED_EDGE ( 'NONE', *, *, #1415, .F. ) ;
#1412 = CARTESIAN_POINT ( 'NONE',  ( 14.43449493129654115, 28.93952713241841224, 38.26593200339668499 ) ) ;
#1413 = EDGE_CURVE ( 'NONE', #3812, #1596, #3362, .T. ) ;
#1414 = CARTESIAN_POINT ( 'NONE',  ( 20.43474896755554227, 17.06526306370689383, 12.91266888544370595 ) ) ;
#1415 = EDGE_CURVE ( 'NONE', #1303, #3311, #698, .T. ) ;
#1416 = CARTESIAN_POINT ( 'NONE',  ( -4.265505068703127733, 15.48952713241848578, 52.91586664685443964 ) ) ;
#1417 = DIRECTION ( 'NONE',  ( -0.5000000000000099920, 0.7071067811865394681, -0.5000000000000014433 ) ) ;
#1418 = ORIENTED_EDGE ( 'NONE', *, *, #2107, .F. ) ;
#1419 = FACE_OUTER_BOUND ( 'NONE', #1867, .T. ) ;
#1420 = DIRECTION ( 'NONE',  ( -6.000000000000043065E-15, -1.115179377413769834E-15, -1.000000000000000000 ) ) ;
#1421 = VERTEX_POINT ( 'NONE', #3826 ) ;
#1422 = EDGE_LOOP ( 'NONE', ( #90, #2281 ) ) ;
#1423 = DIRECTION ( 'NONE',  ( -1.495166424532390756E-14, 1.000000000000000000, -1.115179377413661760E-15 ) ) ;
#1424 = AXIS2_PLACEMENT_3D ( 'NONE', #2656, #510, #1750 ) ;
#1425 = AXIS2_PLACEMENT_3D ( 'NONE', #3108, #1591, #3396 ) ;
#1426 = DIRECTION ( 'NONE',  ( -1.000000000000000000, 0.000000000000000000, 6.938893903907210234E-15 ) ) ;
#1427 = EDGE_LOOP ( 'NONE', ( #3197, #840, #1882, #1969 ) ) ;
#1428 = CARTESIAN_POINT ( 'NONE',  ( 5.876728111548071176, 17.98952713241860124, 26.49367684902954423 ) ) ;
#1429 = AXIS2_PLACEMENT_3D ( 'NONE', #1534, #3399, #3935 ) ;
#1430 = ORIENTED_EDGE ( 'NONE', *, *, #1984, .F. ) ;
#1431 = CARTESIAN_POINT ( 'NONE',  ( 1.392261751045399398, 16.98952713241854795, 36.53805644467924196 ) ) ;
#1432 = CC_DESIGN_PERSON_AND_ORGANIZATION_ASSIGNMENT ( #2335, #2528, ( #2826 ) ) ;
#1433 = CARTESIAN_POINT ( 'NONE',  ( 17.49167718186865983, 18.52739509806280438, 12.03736405272319132 ) ) ;
#1434 = VECTOR ( 'NONE', #1717, 1000.000000000000114 ) ;
#1435 = DIRECTION ( 'NONE',  ( 1.000000000000000000, 0.000000000000000000, 0.000000000000000000 ) ) ;
#1436 = EDGE_CURVE ( 'NONE', #702, #754, #3300, .T. ) ;
#1437 = CARTESIAN_POINT ( 'NONE',  ( 20.73022086179836521, 16.83476998247516221, 12.51943817494841937 ) ) ;
#1438 = EDGE_CURVE ( 'NONE', #2096, #3164, #1978, .T. ) ;
#1439 = VERTEX_POINT ( 'NONE', #1676 ) ;
#1440 = LINE ( 'NONE', #815, #782 ) ;
#1441 = CARTESIAN_POINT ( 'NONE',  ( 4.876728111548086275, 16.98952713241859058, 26.49367684902954778 ) ) ;
#1442 = EDGE_LOOP ( 'NONE', ( #822, #2902, #2175 ) ) ;
#1443 = ORIENTED_EDGE ( 'NONE', *, *, #1631, .F. ) ;
#1444 = EDGE_CURVE ( 'NONE', #754, #702, #3233, .T. ) ;
#1445 = DIRECTION ( 'NONE',  ( -0.000000000000000000, 1.000000000000000000, -0.000000000000000000 ) ) ;
#1446 = EDGE_CURVE ( 'NONE', #3116, #818, #3109, .T. ) ;
#1447 = DIRECTION ( 'NONE',  ( 1.000000000000000000, 0.000000000000000000, 6.938893903907173946E-15 ) ) ;
#1448 = ORIENTED_EDGE ( 'NONE', *, *, #425, .F. ) ;
#1449 = CARTESIAN_POINT ( 'NONE',  ( -4.265505068703038916, 15.48952713241844670, 20.11586664685441761 ) ) ;
#1450 = ORIENTED_EDGE ( 'NONE', *, *, #80, .T. ) ;
#1451 = CARTESIAN_POINT ( 'NONE',  ( -0.6155050687029322010, 21.98951862599528795, 16.11586664685441761 ) ) ;
#1452 = AXIS2_PLACEMENT_3D ( 'NONE', #3137, #2598, #1663 ) ;
#1453 = CARTESIAN_POINT ( 'NONE',  ( 14.43449493129620365, 51.48952713241871493, 17.51586664685438777 ) ) ;
#1454 = AXIS2_PLACEMENT_3D ( 'NONE', #1852, #2841, #655 ) ;
#1455 = DIRECTION ( 'NONE',  ( -0.7071067811865439090, 0.000000000000000000, -0.7071067811865512365 ) ) ;
#1456 = CARTESIAN_POINT ( 'NONE',  ( 19.23266743953842095, 16.78242035123225406, 11.00348057624001896 ) ) ;
#1457 = FACE_OUTER_BOUND ( 'NONE', #2766, .T. ) ;
#1458 = EDGE_LOOP ( 'NONE', ( #1765, #3293, #2952, #3855 ) ) ;
#1459 = ADVANCED_FACE ( 'NONE', ( #2806 ), #60, .F. ) ;
#1460 = FACE_OUTER_BOUND ( 'NONE', #1972, .T. ) ;
#1461 = CARTESIAN_POINT ( 'NONE',  ( 9.634494931297066245, 21.98951862599546558, 17.51586664685443750 ) ) ;
#1462 = ORIENTED_EDGE ( 'NONE', *, *, #1160, .T. ) ;
#1463 = ORIENTED_EDGE ( 'NONE', *, *, #3256, .T. ) ;
#1464 = CARTESIAN_POINT ( 'NONE',  ( 0.3922617510453988987, 16.98952713241853374, 36.53805644467924196 ) ) ;
#1465 = VECTOR ( 'NONE', #3012, 1000.000000000000000 ) ;
#1466 = EDGE_CURVE ( 'NONE', #2970, #18, #2775, .T. ) ;
#1467 = EDGE_CURVE ( 'NONE', #3395, #1315, #2961, .T. ) ;
#1468 = FACE_OUTER_BOUND ( 'NONE', #2422, .T. ) ;
#1469 = EDGE_LOOP ( 'NONE', ( #374, #3810, #1638, #3367 ) ) ;
#1470 = CARTESIAN_POINT ( 'NONE',  ( 18.03997885882049346, 18.47624349893702345, 11.91332644445426681 ) ) ;
#1471 = ORIENTED_EDGE ( 'NONE', *, *, #2396, .F. ) ;
#1472 = CARTESIAN_POINT ( 'NONE',  ( 18.94457109366688741, 16.90532765907487800, 52.17469932687554746 ) ) ;
#1473 = DIRECTION ( 'NONE',  ( 1.000000000000000000, 1.491862189340054101E-14, 0.000000000000000000 ) ) ;
#1474 = ORIENTED_EDGE ( 'NONE', *, *, #1579, .T. ) ;
#1475 = DIRECTION ( 'NONE',  ( 1.495166424532390756E-14, -1.000000000000000000, 1.115179377413661563E-15 ) ) ;
#1476 = AXIS2_PLACEMENT_3D ( 'NONE', #1453, #3861, #1157 ) ;
#1477 = LINE ( 'NONE', #3014, #2185 ) ;
#1478 = CARTESIAN_POINT ( 'NONE',  ( -1.387694866528106807, 16.98952713241849821, 29.27363346660304799 ) ) ;
#1479 = ORIENTED_EDGE ( 'NONE', *, *, #2291, .F. ) ;
#1480 = CARTESIAN_POINT ( 'NONE',  ( -4.265505068703038916, 30.93952713241841934, 20.11586664685441761 ) ) ;
#1481 = CARTESIAN_POINT ( 'NONE',  ( 17.79874262477022739, 18.55412574236732937, 51.24950095837979802 ) ) ;
#1482 = CARTESIAN_POINT ( 'NONE',  ( 18.87911404894517986, 16.92384170746954908, 10.85703396683329025 ) ) ;
#1483 = LINE ( 'NONE', #1798, #1526 ) ;
#1484 = VERTEX_POINT ( 'NONE', #2339 ) ;
#1485 = DIRECTION ( 'NONE',  ( 0.000000000000000000, 1.000000000000000000, 0.000000000000000000 ) ) ;
#1486 = EDGE_CURVE ( 'NONE', #2966, #1919, #3566, .T. ) ;
#1487 = EDGE_CURVE ( 'NONE', #685, #3634, #47, .T. ) ;
#1488 = AXIS2_PLACEMENT_3D ( 'NONE', #2896, #1786, #1148 ) ;
#1489 = VERTEX_POINT ( 'NONE', #230 ) ;
#1490 = CARTESIAN_POINT ( 'NONE',  ( 19.80071141123097433, 18.38661713004248810, 13.54730817042782576 ) ) ;
#1491 = ORIENTED_EDGE ( 'NONE', *, *, #2343, .T. ) ;
#1492 = CIRCLE ( 'NONE', #2500, 10.00000000000000000 ) ;
#1493 = CARTESIAN_POINT ( 'NONE',  ( 8.634505488928047257, 21.98951862599546203, 108.0658666468539337 ) ) ;
#1494 = CARTESIAN_POINT ( 'NONE',  ( 18.61865542642901517, 17.01260071026715792, 52.12134748554600350 ) ) ;
#1495 = CARTESIAN_POINT ( 'NONE',  ( 20.66539632294388085, 16.84788189652268642, 50.59552383406332154 ) ) ;
#1496 = VECTOR ( 'NONE', #803, 1000.000000000000000 ) ;
#1497 = FACE_OUTER_BOUND ( 'NONE', #3236, .T. ) ;
#1498 = CARTESIAN_POINT ( 'NONE',  ( 9.634494931297066245, 21.98951862599546558, 46.91586664685443964 ) ) ;
#1499 = ORIENTED_EDGE ( 'NONE', *, *, #2803, .F. ) ;
#1500 = DIRECTION ( 'NONE',  ( 0.000000000000000000, 0.000000000000000000, -1.000000000000000000 ) ) ;
#1501 = VECTOR ( 'NONE', #2850, 1000.000000000000000 ) ;
#1502 = FACE_OUTER_BOUND ( 'NONE', #2029, .T. ) ;
#1503 = ORIENTED_EDGE ( 'NONE', *, *, #2707, .T. ) ;
#1504 = FACE_OUTER_BOUND ( 'NONE', #1808, .T. ) ;
#1505 = EDGE_CURVE ( 'NONE', #2752, #834, #1564, .T. ) ;
#1506 = CARTESIAN_POINT ( 'NONE',  ( 54.73449493129641752, 28.93952713241841934, 24.61586664685610160 ) ) ;
#1507 = VERTEX_POINT ( 'NONE', #3547 ) ;
#1508 = VECTOR ( 'NONE', #65, 1000.000000000000000 ) ;
#1509 = EDGE_CURVE ( 'NONE', #2551, #2815, #2654, .T. ) ;
#1510 = ADVANCED_FACE ( 'NONE', ( #3887 ), #3217, .T. ) ;
#1511 = AXIS2_PLACEMENT_3D ( 'NONE', #1428, #1058, #1996 ) ;
#1512 = AXIS2_PLACEMENT_3D ( 'NONE', #2772, #3402, #23 ) ;
#1513 = LINE ( 'NONE', #3069, #3279 ) ;
#1514 = AXIS2_PLACEMENT_3D ( 'NONE', #530, #1727, #1435 ) ;
#1515 = DIRECTION ( 'NONE',  ( 6.000000000000043854E-15, 1.115179377413769834E-15, 1.000000000000000000 ) ) ;
#1516 = CARTESIAN_POINT ( 'NONE',  ( -0.4077382489546012012, 16.98952713241852308, 36.53805644467924196 ) ) ;
#1517 = ORIENTED_EDGE ( 'NONE', *, *, #2755, .F. ) ;
#1518 = CARTESIAN_POINT ( 'NONE',  ( 21.53449493129698666, 15.48952713241858525, 31.01586664685450856 ) ) ;
#1519 = DIRECTION ( 'NONE',  ( 8.268308156524964354E-15, 0.000000000000000000, -1.000000000000000000 ) ) ;
#1520 = ORIENTED_EDGE ( 'NONE', *, *, #2168, .F. ) ;
#1521 = CARTESIAN_POINT ( 'NONE',  ( 20.79332761131820462, 16.90532765907508406, 50.32594280922413077 ) ) ;
#1522 = LINE ( 'NONE', #261, #2444 ) ;
#1523 = AXIS2_PLACEMENT_3D ( 'NONE', #3209, #1034, #1994 ) ;
#1524 = FACE_BOUND ( 'NONE', #1189, .T. ) ;
#1525 = ORIENTED_EDGE ( 'NONE', *, *, #1509, .T. ) ;
#1526 = VECTOR ( 'NONE', #2111, 1000.000000000000000 ) ;
#1527 = ORIENTED_EDGE ( 'NONE', *, *, #258, .T. ) ;
#1528 = FACE_OUTER_BOUND ( 'NONE', #1442, .T. ) ;
#1529 = AXIS2_PLACEMENT_3D ( 'NONE', #1863, #946, #3383 ) ;
#1530 = DIRECTION ( 'NONE',  ( -1.000000000000000000, -1.387778780781445044E-14, 0.000000000000000000 ) ) ;
#1531 = CARTESIAN_POINT ( 'NONE',  ( 19.18637913695657105, 16.80860496934822379, 52.07454102005062424 ) ) ;
#1532 = EDGE_CURVE ( 'NONE', #3079, #682, #1274, .T. ) ;
#1533 = EDGE_CURVE ( 'NONE', #1779, #2626, #225, .T. ) ;
#1534 = CARTESIAN_POINT ( 'NONE',  ( 19.58622083013165849, 18.48952713241879664, 14.18546109157948720 ) ) ;
#1535 = CARTESIAN_POINT ( 'NONE',  ( 19.63229474072357661, 18.70358969176443864, 13.82715839560776416 ) ) ;
#1536 = CARTESIAN_POINT ( 'NONE',  ( -7.165505068703716063, 30.93952713241841579, 45.51586664685440553 ) ) ;
#1537 = ORIENTED_EDGE ( 'NONE', *, *, #301, .F. ) ;
#1538 = FACE_BOUND ( 'NONE', #1013, .T. ) ;
#1539 = VECTOR ( 'NONE', #2677, 1000.000000000000000 ) ;
#1540 = DIRECTION ( 'NONE',  ( -0.7071067811865439090, -1.136097407790152246E-14, -0.7071067811865512365 ) ) ;
#1541 = ORIENTED_EDGE ( 'NONE', *, *, #3760, .F. ) ;
#1542 = DIRECTION ( 'NONE',  ( -3.850437621911135392E-15, 0.000000000000000000, 1.000000000000000000 ) ) ;
#1543 = DIRECTION ( 'NONE',  ( -1.495166424532390756E-14, 1.000000000000000000, -1.115179377413661760E-15 ) ) ;
#1544 = ORIENTED_EDGE ( 'NONE', *, *, #452, .T. ) ;
#1545 = LINE ( 'NONE', #2481, #3892 ) ;
#1546 = AXIS2_PLACEMENT_3D ( 'NONE', #903, #1549, #594 ) ;
#1547 = CIRCLE ( 'NONE', #783, 9.999999999999996447 ) ;
#1548 = EDGE_LOOP ( 'NONE', ( #3094, #3973, #3013, #666 ) ) ;
#1549 = DIRECTION ( 'NONE',  ( -1.495166424532390756E-14, 1.000000000000000000, -1.115179377413661760E-15 ) ) ;
#1550 = FACE_OUTER_BOUND ( 'NONE', #3465, .T. ) ;
#1551 = DIRECTION ( 'NONE',  ( -1.495166424532390756E-14, 1.000000000000000000, -1.115179377413661760E-15 ) ) ;
#1552 = CARTESIAN_POINT ( 'NONE',  ( 14.43449493129659622, 25.48952713241874690, 26.61586664685609804 ) ) ;
#1553 = DIRECTION ( 'NONE',  ( 1.000000000000000000, 0.000000000000000000, 0.000000000000000000 ) ) ;
#1554 = EDGE_CURVE ( 'NONE', #682, #1941, #1747, .T. ) ;
#1555 = ORIENTED_EDGE ( 'NONE', *, *, #3621, .F. ) ;
#1556 = ADVANCED_FACE ( 'NONE', ( #2674 ), #1999, .F. ) ;
#1557 = CARTESIAN_POINT ( 'NONE',  ( 3.634494931296738507, 17.48952713241857637, 31.51586664685439843 ) ) ;
#1558 = ORIENTED_EDGE ( 'NONE', *, *, #1438, .T. ) ;
#1559 = CYLINDRICAL_SURFACE ( 'NONE', #3260, 9.999999999999998224 ) ;
#1560 = EDGE_CURVE ( 'NONE', #2662, #3937, #975, .T. ) ;
#1561 = ORIENTED_EDGE ( 'NONE', *, *, #500, .T. ) ;
#1562 = ADVANCED_FACE ( 'NONE', ( #2923 ), #1655, .T. ) ;
#1563 = LINE ( 'NONE', #1848, #2995 ) ;
#1564 = CIRCLE ( 'NONE', #2139, 1.000000000000000000 ) ;
#1565 = CARTESIAN_POINT ( 'NONE',  ( 20.53449493129697601, 15.48952713241858525, 32.01586664685450501 ) ) ;
#1566 = EDGE_LOOP ( 'NONE', ( #1121, #1939 ) ) ;
#1567 = LINE ( 'NONE', #3690, #2333 ) ;
#1568 = CARTESIAN_POINT ( 'NONE',  ( 20.53449493129698311, 15.48952713241858525, 31.01586664685450145 ) ) ;
#1569 = VERTEX_POINT ( 'NONE', #2214 ) ;
#1570 = DIRECTION ( 'NONE',  ( 0.8164965809277152653, 0.5773502691896412742, 0.000000000000000000 ) ) ;
#1571 = CIRCLE ( 'NONE', #3824, 10.00000000000000178 ) ;
#1572 = DATE_TIME_ROLE ( 'classification_date' ) ;
#1573 = CARTESIAN_POINT ( 'NONE',  ( 18.88769269270783013, 17.27739509806283280, 11.06561261059598067 ) ) ;
#1574 = DIRECTION ( 'NONE',  ( 0.7071067811865439090, 1.098658201451975881E-14, 0.7071067811865512365 ) ) ;
#1575 = VERTEX_POINT ( 'NONE', #2530 ) ;
#1576 = CARTESIAN_POINT ( 'NONE',  ( 11.53449493129707548, 15.48952713241868295, 20.11586664685441406 ) ) ;
#1577 = AXIS2_PLACEMENT_3D ( 'NONE', #3611, #856, #2930 ) ;
#1578 = EDGE_LOOP ( 'NONE', ( #2913, #1520 ) ) ;
#1579 = EDGE_CURVE ( 'NONE', #2583, #2890, #980, .T. ) ;
#1580 = CARTESIAN_POINT ( 'NONE',  ( 17.77287865575810955, 18.48952713241876467, 11.84074806730741969 ) ) ;
#1581 = VERTEX_POINT ( 'NONE', #1594 ) ;
#1582 = ADVANCED_FACE ( 'NONE', ( #2809, #2876 ), #680, .T. ) ;
#1583 = ADVANCED_FACE ( 'NONE', ( #442 ), #724, .F. ) ;
#1584 = CARTESIAN_POINT ( 'NONE',  ( 20.68488956146932978, 16.91680090226462241, 12.45570269817094733 ) ) ;
#1585 = ORIENTED_EDGE ( 'NONE', *, *, #2189, .T. ) ;
#1586 = CARTESIAN_POINT ( 'NONE',  ( 7.676728111548073663, 17.88952713241863535, 26.49367684902954423 ) ) ;
#1587 = CARTESIAN_POINT ( 'NONE',  ( 8.656684729121579380, 17.98952713241865453, 33.75809982710573109 ) ) ;
#1588 = AXIS2_PLACEMENT_3D ( 'NONE', #1339, #2562, #3789 ) ;
#1589 = VECTOR ( 'NONE', #2625, 1000.000000000000000 ) ;
#1590 = VERTEX_POINT ( 'NONE', #2233 ) ;
#1591 = DIRECTION ( 'NONE',  ( 1.495166424532390756E-14, -1.000000000000000000, 1.115179377413661760E-15 ) ) ;
#1592 = DIRECTION ( 'NONE',  ( 1.000000000000000000, 1.495166424532390756E-14, -0.000000000000000000 ) ) ;
#1593 = DIRECTION ( 'NONE',  ( 1.495166424532390756E-14, -1.000000000000000000, 1.115179377413661760E-15 ) ) ;
#1594 = CARTESIAN_POINT ( 'NONE',  ( -4.115505068702932867, 21.98951862599528795, 46.91586664685443964 ) ) ;
#1595 = LINE ( 'NONE', #1047, #1721 ) ;
#1596 = VERTEX_POINT ( 'NONE', #125 ) ;
#1597 = CARTESIAN_POINT ( 'NONE',  ( -6.865505068703296132, 17.98952713241840584, 17.51586664685442685 ) ) ;
#1598 = ORIENTED_EDGE ( 'NONE', *, *, #2215, .T. ) ;
#1599 = FACE_OUTER_BOUND ( 'NONE', #3515, .T. ) ;
#1600 = ORIENTED_EDGE ( 'NONE', *, *, #1167, .F. ) ;
#1601 = ORIENTED_EDGE ( 'NONE', *, *, #2057, .T. ) ;
#1602 = DIRECTION ( 'NONE',  ( 8.645667657095498382E-30, -1.445602896647339706E-15, -1.000000000000000000 ) ) ;
#1603 = ORIENTED_EDGE ( 'NONE', *, *, #3760, .T. ) ;
#1604 = ADVANCED_FACE ( 'NONE', ( #2549 ), #1021, .F. ) ;
#1605 = CARTESIAN_POINT ( 'NONE',  ( -1.387694866528106807, 16.98952713241849821, 29.27363346660304799 ) ) ;
#1606 = EDGE_CURVE ( 'NONE', #3512, #3859, #919, .T. ) ;
#1607 = LINE ( 'NONE', #2785, #3506 ) ;
#1608 = ORIENTED_EDGE ( 'NONE', *, *, #137, .F. ) ;
#1609 = CARTESIAN_POINT ( 'NONE',  ( 20.64332761042401287, 17.17314492323388819, 12.67381551718927923 ) ) ;
#1610 = DESIGN_CONTEXT ( 'detailed design', #3820, 'design' ) ;
#1611 = AXIS2_PLACEMENT_3D ( 'NONE', #813, #2302, #769 ) ;
#1612 = AXIS2_PLACEMENT_3D ( 'NONE', #1018, #3168, #416 ) ;
#1613 = CARTESIAN_POINT ( 'NONE',  ( -14.26550506870300161, 30.93952713241841579, 10.11586664685441583 ) ) ;
#1614 = APPROVAL_DATE_TIME ( #2019, #204 ) ;
#1615 = CARTESIAN_POINT ( 'NONE',  ( 17.40897123748117536, -40.30903915740670840, 11.41296321592507468 ) ) ;
#1616 = DIRECTION ( 'NONE',  ( 0.5547001962252288143, 0.000000000000000000, 0.8320502943378438321 ) ) ;
#1617 = CARTESIAN_POINT ( 'NONE',  ( 18.77556065835183219, 17.13597374182553779, 52.27825271746881697 ) ) ;
#1618 = ORIENTED_EDGE ( 'NONE', *, *, #2802, .F. ) ;
#1619 = CARTESIAN_POINT ( 'NONE',  ( -4.115505068702932867, 21.98951862599528795, 52.91586664685443964 ) ) ;
#1620 = ORIENTED_EDGE ( 'NONE', *, *, #768, .T. ) ;
#1621 = CARTESIAN_POINT ( 'NONE',  ( 20.74190240080604042, 17.01151084329397278, 50.00195377280373066 ) ) ;
#1622 = EDGE_LOOP ( 'NONE', ( #2487, #345, #2303, #661, #1600, #1687, #2907, #2075 ) ) ;
#1623 = ORIENTED_EDGE ( 'NONE', *, *, #1446, .T. ) ;
#1624 = AXIS2_PLACEMENT_3D ( 'NONE', #81, #1043, #1348 ) ;
#1625 = PLANE ( 'NONE',  #1140 ) ;
#1626 = ORIENTED_EDGE ( 'NONE', *, *, #918, .F. ) ;
#1627 = ORIENTED_EDGE ( 'NONE', *, *, #2411, .T. ) ;
#1628 = CYLINDRICAL_SURFACE ( 'NONE', #2018, 0.3000000000000018208 ) ;
#1629 = LINE ( 'NONE', #635, #3687 ) ;
#1630 = AXIS2_PLACEMENT_3D ( 'NONE', #2604, #1056, #2916 ) ;
#1631 = EDGE_CURVE ( 'NONE', #1303, #2204, #358, .T. ) ;
#1632 = ORIENTED_EDGE ( 'NONE', *, *, #2272, .F. ) ;
#1633 = CARTESIAN_POINT ( 'NONE',  ( -14.26550506870312773, -40.30903915740668708, 42.91586664685438990 ) ) ;
#1634 = EDGE_CURVE ( 'NONE', #263, #1590, #1636, .T. ) ;
#1635 = DIRECTION ( 'NONE',  ( 0.000000000000000000, 1.000000000000000000, 0.000000000000000000 ) ) ;
#1636 = LINE ( 'NONE', #3716, #3943 ) ;
#1637 = CARTESIAN_POINT ( 'NONE',  ( 20.53449493129697601, 25.48952713241840584, 32.01586664685450501 ) ) ;
#1638 = ORIENTED_EDGE ( 'NONE', *, *, #3927, .F. ) ;
#1639 = DIRECTION ( 'NONE',  ( 1.495558082644848094E-14, -1.000000000000000000, 1.167657241503923310E-15 ) ) ;
#1640 = VERTEX_POINT ( 'NONE', #86 ) ;
#1641 = CARTESIAN_POINT ( 'NONE',  ( 19.23266743953840319, 15.48952713241883217, 52.02825271746881697 ) ) ;
#1642 = ORIENTED_EDGE ( 'NONE', *, *, #1744, .T. ) ;
#1643 = AXIS2_PLACEMENT_3D ( 'NONE', #2365, #2008, #255 ) ;
#1644 = AXIS2_PLACEMENT_3D ( 'NONE', #974, #3455, #3774 ) ;
#1645 = PLANE ( 'NONE',  #249 ) ;
#1646 = ORIENTED_EDGE ( 'NONE', *, *, #3477, .F. ) ;
#1647 = ORIENTED_EDGE ( 'NONE', *, *, #850, .T. ) ;
#1648 = DIRECTION ( 'NONE',  ( -1.000000000000000000, -1.495166424532390756E-14, 0.000000000000000000 ) ) ;
#1649 = LINE ( 'NONE', #2586, #2725 ) ;
#1650 = ORIENTED_EDGE ( 'NONE', *, *, #315, .T. ) ;
#1651 = DIRECTION ( 'NONE',  ( 0.000000000000000000, 0.000000000000000000, 1.000000000000000000 ) ) ;
#1652 = VECTOR ( 'NONE', #2888, 1000.000000000000000 ) ;
#1653 = CARTESIAN_POINT ( 'NONE',  ( 1.884494931296737619, 17.48952713241854795, 31.51586664685439843 ) ) ;
#1654 = DIRECTION ( 'NONE',  ( -4.322833828547759000E-30, 1.156482317317871725E-15, 1.000000000000000000 ) ) ;
#1655 = CYLINDRICAL_SURFACE ( 'NONE', #2915, 0.4999999999999982236 ) ;
#1656 = CARTESIAN_POINT ( 'NONE',  ( 9.634494931297066245, 21.98951862599546558, 52.91586664685443964 ) ) ;
#1657 = ORIENTED_EDGE ( 'NONE', *, *, #2241, .F. ) ;
#1658 = EDGE_CURVE ( 'NONE', #275, #3074, #2113, .T. ) ;
#1659 = CARTESIAN_POINT ( 'NONE',  ( 9.634494931297066245, 21.98951862599546558, 16.11586664685441761 ) ) ;
#1660 = EDGE_CURVE ( 'NONE', #1779, #3528, #1917, .T. ) ;
#1661 = B_SPLINE_CURVE_WITH_KNOTS ( 'NONE', 3,
 ( #3579, #2403, #259, #1760 ),
 .UNSPECIFIED., .F., .F.,
 ( 4, 4 ),
 ( 0.000000000000000000, 0.0003348537685005161272 ),
 .UNSPECIFIED. ) ;
#1662 = ORIENTED_EDGE ( 'NONE', *, *, #2503, .T. ) ;
#1663 = DIRECTION ( 'NONE',  ( -1.474514954580284768E-14, 1.000000000000000000, 0.000000000000000000 ) ) ;
#1664 = ORIENTED_EDGE ( 'NONE', *, *, #1199, .F. ) ;
#1665 = ORIENTED_EDGE ( 'NONE', *, *, #1720, .T. ) ;
#1666 = CIRCLE ( 'NONE', #3704, 0.5000000000000004441 ) ;
#1667 = CARTESIAN_POINT ( 'NONE',  ( 0.3922617510454212697, 15.48952713241853196, 36.53805644467924196 ) ) ;
#1668 = ORIENTED_EDGE ( 'NONE', *, *, #3167, .T. ) ;
#1669 = ORIENTED_EDGE ( 'NONE', *, *, #611, .F. ) ;
#1670 = CARTESIAN_POINT ( 'NONE',  ( 19.76590232655975399, 18.48952713241880375, 14.07498274363965685 ) ) ;
#1671 = DIRECTION ( 'NONE',  ( 8.673617379884027583E-15, 0.000000000000000000, -1.000000000000000000 ) ) ;
#1672 = DIRECTION ( 'NONE',  ( -1.495166424532390756E-14, 1.000000000000000000, -1.115179377413661760E-15 ) ) ;
#1673 = AXIS2_PLACEMENT_3D ( 'NONE', #2341, #3569, #1068 ) ;
#1674 =( BOUNDED_CURVE ( )  B_SPLINE_CURVE ( 3, ( #3739, #1329, #3759, #422 ),
 .UNSPECIFIED., .F., .T. ) 
 B_SPLINE_CURVE_WITH_KNOTS ( ( 4, 4 ),
 ( 4.712388980384689674, 5.497787143782150387 ),
 .UNSPECIFIED. ) 
 CURVE ( )  GEOMETRIC_REPRESENTATION_ITEM ( )  RATIONAL_B_SPLINE_CURVE ( ( 1.000000000000000000, 0.9492530216741894566, 0.9492530216741894566, 1.000000000000000000 ) ) 
 REPRESENTATION_ITEM ( '' )  );
#1675 = DIRECTION ( 'NONE',  ( 1.495166424532390756E-14, -1.000000000000000000, 1.115179377413661760E-15 ) ) ;
#1676 = CARTESIAN_POINT ( 'NONE',  ( 17.40897123748117536, 15.48952713241876644, 11.91296321592507468 ) ) ;
#1677 = CARTESIAN_POINT ( 'NONE',  ( 17.40897123748117536, 18.48952713241876822, 11.41296321592507468 ) ) ;
#1678 = CARTESIAN_POINT ( 'NONE',  ( -2.365505068702932423, 21.98951862599528795, 46.91586664685443964 ) ) ;
#1679 = ORIENTED_EDGE ( 'NONE', *, *, #3392, .T. ) ;
#1680 = CARTESIAN_POINT ( 'NONE',  ( 20.70884114574167256, 16.87518252029668631, 12.48691951234899555 ) ) ;
#1681 = VECTOR ( 'NONE', #1855, 1000.000000000000000 ) ;
#1682 = ORIENTED_EDGE ( 'NONE', *, *, #3552, .T. ) ;
#1683 = EDGE_CURVE ( 'NONE', #2307, #2593, #1233, .T. ) ;
#1684 = EDGE_CURVE ( 'NONE', #275, #685, #1828, .T. ) ;
#1685 = AXIS2_PLACEMENT_3D ( 'NONE', #1731, #1709, #2929 ) ;
#1686 = DIRECTION ( 'NONE',  ( -1.000000000000000000, -0.000000000000000000, -0.000000000000000000 ) ) ;
#1687 = ORIENTED_EDGE ( 'NONE', *, *, #3332, .F. ) ;
#1688 = ORIENTED_EDGE ( 'NONE', *, *, #3123, .T. ) ;
#1689 = CARTESIAN_POINT ( 'NONE',  ( 8.634505488928047257, 21.98951862599546203, 45.51586664685440553 ) ) ;
#1690 = EDGE_CURVE ( 'NONE', #3029, #1575, #3483, .T. ) ;
#1691 = DIRECTION ( 'NONE',  ( 1.495166424532390756E-14, -1.000000000000000000, 1.115179377413661760E-15 ) ) ;
#1692 = VERTEX_POINT ( 'NONE', #421 ) ;
#1693 = ORIENTED_EDGE ( 'NONE', *, *, #3693, .T. ) ;
#1694 = DIRECTION ( 'NONE',  ( -8.033421811368709129E-15, 1.000000000000000000, -8.033421811368789592E-15 ) ) ;
#1695 = CARTESIAN_POINT ( 'NONE',  ( 10.45668472912159430, 16.98952713241867940, 33.75809982710573109 ) ) ;
#1696 = CARTESIAN_POINT ( 'NONE',  ( 20.64688100191153097, 15.48952713241880907, 12.41769413861312543 ) ) ;
#1697 = VECTOR ( 'NONE', #3748, 1000.000000000000000 ) ;
#1698 = ORIENTED_EDGE ( 'NONE', *, *, #3851, .T. ) ;
#1699 = APPLICATION_CONTEXT ( 'configuration controlled 3d designs of mechanical parts and assemblies' ) ;
#1700 = CARTESIAN_POINT ( 'NONE',  ( 5.876728111548108480, 15.48952713241860479, 26.49367684902954778 ) ) ;
#1701 = DIRECTION ( 'NONE',  ( -1.000000000000000000, -1.541976423090495476E-14, 0.000000000000000000 ) ) ;
#1702 = AXIS2_PLACEMENT_3D ( 'NONE', #3801, #3461, #1616 ) ;
#1703 = DIRECTION ( 'NONE',  ( 1.000000000000000000, 1.561251128379126069E-14, 0.000000000000000000 ) ) ;
#1704 = DIRECTION ( 'NONE',  ( 0.5547001962252288143, 0.000000000000000000, -0.8320502943378438321 ) ) ;
#1705 =( BOUNDED_CURVE ( )  B_SPLINE_CURVE ( 3, ( #3132, #400, #1896, #3112 ),
 .UNSPECIFIED., .F., .T. ) 
 B_SPLINE_CURVE_WITH_KNOTS ( ( 4, 4 ),
 ( 4.712388980384714543, 5.497787143782144170 ),
 .UNSPECIFIED. ) 
 CURVE ( )  GEOMETRIC_REPRESENTATION_ITEM ( )  RATIONAL_B_SPLINE_CURVE ( ( 1.000000000000000000, 0.9492530216741934534, 0.9492530216741934534, 1.000000000000000000 ) ) 
 REPRESENTATION_ITEM ( '' )  );
#1706 = ORIENTED_EDGE ( 'NONE', *, *, #158, .T. ) ;
#1707 = CARTESIAN_POINT ( 'NONE',  ( 14.43449493129654648, 28.93952713241841579, 40.26593200339668499 ) ) ;
#1708 = ORIENTED_EDGE ( 'NONE', *, *, #2001, .F. ) ;
#1709 = DIRECTION ( 'NONE',  ( -1.000000000000000000, 0.000000000000000000, -3.850437621911135392E-15 ) ) ;
#1710 = CARTESIAN_POINT ( 'NONE',  ( -24.32639342193869325, 30.93952713241841579, 40.26593200339668499 ) ) ;
#1711 = VERTEX_POINT ( 'NONE', #3418 ) ;
#1712 = ORIENTED_EDGE ( 'NONE', *, *, #3665, .T. ) ;
#1713 = LINE ( 'NONE', #3595, #761 ) ;
#1714 = AXIS2_PLACEMENT_3D ( 'NONE', #2700, #2384, #1111 ) ;
#1715 = CARTESIAN_POINT ( 'NONE',  ( 20.53449493129719983, 0.000000000000000000, 1.411572674459731296E-13 ) ) ;
#1716 = EDGE_LOOP ( 'NONE', ( #1213, #618, #3654, #3536 ) ) ;
#1717 = DIRECTION ( 'NONE',  ( -0.7071067811865481278, -9.830099697201901083E-15, 0.7071067811865469066 ) ) ;
#1718 = LINE ( 'NONE', #3818, #3671 ) ;
#1719 = EDGE_CURVE ( 'NONE', #613, #1711, #1705, .T. ) ;
#1720 = EDGE_CURVE ( 'NONE', #2931, #1711, #1775, .T. ) ;
#1721 = VECTOR ( 'NONE', #3779, 1000.000000000000000 ) ;
#1722 = APPROVAL_STATUS ( 'not_yet_approved' ) ;
#1723 = ORIENTED_EDGE ( 'NONE', *, *, #1505, .T. ) ;
#1724 = DIRECTION ( 'NONE',  ( 1.000000000000000000, 1.586032892321651930E-14, 0.000000000000000000 ) ) ;
#1725 = CARTESIAN_POINT ( 'NONE',  ( 5.876728111548072953, 17.88952713241860693, 26.49367684902954423 ) ) ;
#1726 = DIRECTION ( 'NONE',  ( -1.667378762439842493E-29, 0.000000000000000000, -1.000000000000000000 ) ) ;
#1727 = DIRECTION ( 'NONE',  ( 0.000000000000000000, 0.000000000000000000, 1.000000000000000000 ) ) ;
#1728 = CARTESIAN_POINT ( 'NONE',  ( 7.884494931297066245, 21.98951862599546558, 10.11586664685441583 ) ) ;
#1729 = CIRCLE ( 'NONE', #3962, 1.749999999999999778 ) ;
#1730 = VERTEX_POINT ( 'NONE', #1202 ) ;
#1731 = CARTESIAN_POINT ( 'NONE',  ( -14.26550506870311708, 28.93952713241841579, 40.26593200339668499 ) ) ;
#1732 =( BOUNDED_SURFACE ( )  B_SPLINE_SURFACE ( 3, 2, ( 
 ( #932, #1232, #3683 ),
 ( #2760, #1211, #3703 ),
 ( #2160, #309, #2436 ),
 ( #3061, #2781, #29 ),
 ( #630, #3668, #916 ),
 ( #610, #3408, #2180 ) ),
 .UNSPECIFIED., .F., .F., .F. ) 
 B_SPLINE_SURFACE_WITH_KNOTS ( ( 4, 2, 4 ),
 ( 3, 3 ),
 ( 3.926990816987302235, 4.319689898685994400, 4.712388980384686121 ),
 ( 0.000000000000000000, 1.000000000000000000 ),
 .UNSPECIFIED. ) 
 GEOMETRIC_REPRESENTATION_ITEM ( )  RATIONAL_B_SPLINE_SURFACE ( (
 ( 1.000000000000000000, 0.8660254037844560271, 1.000000000000000000),
 ( 1.000000000000000000, 0.9039895065455673118, 1.000000000000000000),
 ( 1.000000000000000000, 0.9386557992894009050, 1.000000000000000000),
 ( 1.000000000000000000, 0.9867290404729194275, 1.000000000000000000),
 ( 1.000000000000000000, 1.000158692512670200, 1.000000000000000000),
 ( 1.000000000000000000, 1.000000000000000000, 1.000000000000000000) ) ) 
 REPRESENTATION_ITEM ( '' )  SURFACE ( )  );
#1733 = VECTOR ( 'NONE', #1866, 1000.000000000000000 ) ;
#1734 = CARTESIAN_POINT ( 'NONE',  ( 17.76252462807428856, 18.14435896630523715, 51.26521668719048108 ) ) ;
#1735 = ORIENTED_EDGE ( 'NONE', *, *, #214, .F. ) ;
#1736 = ORIENTED_EDGE ( 'NONE', *, *, #1252, .F. ) ;
#1737 = CARTESIAN_POINT ( 'NONE',  ( 7.884494931297066245, 21.98951862599546558, 52.91586664685443964 ) ) ;
#1738 = CC_DESIGN_DATE_AND_TIME_ASSIGNMENT ( #3845, #3735, ( #1805 ) ) ;
#1739 = ORIENTED_EDGE ( 'NONE', *, *, #187, .F. ) ;
#1740 = CIRCLE ( 'NONE', #1198, 1.750000000000000666 ) ;
#1741 = CARTESIAN_POINT ( 'NONE',  ( -7.165505068703434510, 27.48952713241842716, 36.26593200339668499 ) ) ;
#1742 = ADVANCED_FACE ( 'NONE', ( #3644 ), #2498, .T. ) ;
#1743 = ORIENTED_EDGE ( 'NONE', *, *, #894, .F. ) ;
#1744 = EDGE_CURVE ( 'NONE', #913, #2973, #1223, .T. ) ;
#1745 = DIRECTION ( 'NONE',  ( -1.495166424532390756E-14, 1.000000000000000000, -1.115179377413660971E-15 ) ) ;
#1746 = DIRECTION ( 'NONE',  ( -1.495166424532390756E-14, 1.000000000000000000, -1.115179377413661760E-15 ) ) ;
#1747 = LINE ( 'NONE', #1433, #2714 ) ;
#1748 = ADVANCED_FACE ( 'NONE', ( #1497 ), #849, .T. ) ;
#1749 = DIRECTION ( 'NONE',  ( 1.495558082644848094E-14, -1.000000000000000000, 1.167657241503923310E-15 ) ) ;
#1750 = DIRECTION ( 'NONE',  ( 1.000000000000000000, 1.495166424532391072E-14, 0.000000000000000000 ) ) ;
#1751 = ORIENTED_EDGE ( 'NONE', *, *, #3007, .T. ) ;
#1752 = CARTESIAN_POINT ( 'NONE',  ( 18.74473349791283283, 16.96185026702737630, 10.85703396683327604 ) ) ;
#1753 = CIRCLE ( 'NONE', #1214, 1.799999999999999600 ) ;
#1754 = DIRECTION ( 'NONE',  ( -1.000000000000000000, -1.495166424532391072E-14, 1.296850148564320694E-29 ) ) ;
#1755 = ORIENTED_EDGE ( 'NONE', *, *, #3144, .T. ) ;
#1756 = ORIENTED_EDGE ( 'NONE', *, *, #1010, .F. ) ;
#1757 = DIRECTION ( 'NONE',  ( -0.5000000000000138778, 0.7071067811865393571, 0.4999999999999976685 ) ) ;
#1758 = CIRCLE ( 'NONE', #6, 1.000000000000002220 ) ;
#1759 = AXIS2_PLACEMENT_3D ( 'NONE', #337, #2787, #1327 ) ;
#1760 = CARTESIAN_POINT ( 'NONE',  ( 19.79067657370356059, 18.40165916677480240, 49.47318730845588419 ) ) ;
#1761 = ORIENTED_EDGE ( 'NONE', *, *, #1166, .F. ) ;
#1762 = DIRECTION ( 'NONE',  ( 0.5547001962252288143, -0.000000000000000000, 0.8320502943378438321 ) ) ;
#1763 = AXIS2_PLACEMENT_3D ( 'NONE', #3695, #254, #1240 ) ;
#1764 = LINE ( 'NONE', #226, #2416 ) ;
#1765 = ORIENTED_EDGE ( 'NONE', *, *, #589, .T. ) ;
#1766 = CARTESIAN_POINT ( 'NONE',  ( -2.365505068702932423, 21.98951862599528440, 45.51586664685440553 ) ) ;
#1767 = DIRECTION ( 'NONE',  ( -1.495166424532390756E-14, 1.000000000000000000, -1.115179377413661760E-15 ) ) ;
#1768 = ADVANCED_FACE ( 'NONE', ( #3186 ), #2584, .T. ) ;
#1769 = CARTESIAN_POINT ( 'NONE',  ( -2.365505068702932423, 21.98951862599528795, 10.11586664685441583 ) ) ;
#1770 = CARTESIAN_POINT ( 'NONE',  ( 21.53449493129701864, 27.48952713241840939, 26.61586664685609804 ) ) ;
#1771 = CARTESIAN_POINT ( 'NONE',  ( 20.66296472451205446, 17.08968862162641500, 12.57542759767853546 ) ) ;
#1772 = EDGE_CURVE ( 'NONE', #2096, #682, #734, .T. ) ;
#1773 = EDGE_CURVE ( 'NONE', #3835, #161, #2338, .T. ) ;
#1774 = ORIENTED_EDGE ( 'NONE', *, *, #3604, .F. ) ;
#1775 = CIRCLE ( 'NONE', #276, 0.3000000000000003220 ) ;
#1776 = DIRECTION ( 'NONE',  ( 1.495166424532390756E-14, -1.000000000000000000, 1.115179377413661760E-15 ) ) ;
#1777 = DIRECTION ( 'NONE',  ( 6.000000000000043854E-15, 1.115179377413769834E-15, 1.000000000000000000 ) ) ;
#1778 = ORIENTED_EDGE ( 'NONE', *, *, #111, .T. ) ;
#1779 = VERTEX_POINT ( 'NONE', #2264 ) ;
#1780 = CARTESIAN_POINT ( 'NONE',  ( -7.165505068703434510, 27.48952713241842716, 26.61586664685609804 ) ) ;
#1781 = CARTESIAN_POINT ( 'NONE',  ( 9.634494931297066245, 21.98951862599546558, 46.91586664685443964 ) ) ;
#1782 = ORIENTED_EDGE ( 'NONE', *, *, #1178, .T. ) ;
#1783 = CARTESIAN_POINT ( 'NONE',  ( 19.03349326844932321, 17.01793705846245430, 52.16214946791032503 ) ) ;
#1784 = DIRECTION ( 'NONE',  ( 1.495166424532390756E-14, -1.000000000000000000, 1.115179377413661760E-15 ) ) ;
#1785 = ORIENTED_EDGE ( 'NONE', *, *, #3281, .F. ) ;
#1786 = DIRECTION ( 'NONE',  ( -1.495166424532390756E-14, 1.000000000000000000, -1.115179377413661760E-15 ) ) ;
#1787 = VECTOR ( 'NONE', #1377, 1000.000000000000000 ) ;
#1788 = CIRCLE ( 'NONE', #929, 1.800000000000000711 ) ;
#1789 = DIRECTION ( 'NONE',  ( 0.000000000000000000, 0.000000000000000000, -1.000000000000000000 ) ) ;
#1790 = ORIENTED_EDGE ( 'NONE', *, *, #3872, .T. ) ;
#1791 = DIRECTION ( 'NONE',  ( -0.7071067811865481278, -9.725948201321585509E-15, 0.7071067811865469066 ) ) ;
#1792 = LINE ( 'NONE', #2305, #809 ) ;
#1793 = EDGE_CURVE ( 'NONE', #2515, #2247, #399, .T. ) ;
#1794 = EDGE_CURVE ( 'NONE', #1569, #3457, #83, .T. ) ;
#1795 = CIRCLE ( 'NONE', #2292, 1.000000000000000222 ) ;
#1796 = LINE ( 'NONE', #3648, #2524 ) ;
#1797 = AXIS2_PLACEMENT_3D ( 'NONE', #2178, #3406, #572 ) ;
#1798 = CARTESIAN_POINT ( 'NONE',  ( 20.64688100191148479, 18.48952713241881085, 13.12480091979967334 ) ) ;
#1799 = ORIENTED_EDGE ( 'NONE', *, *, #3446, .F. ) ;
#1800 = ORIENTED_EDGE ( 'NONE', *, *, #1772, .F. ) ;
#1801 = FACE_OUTER_BOUND ( 'NONE', #3024, .T. ) ;
#1802 = ORIENTED_EDGE ( 'NONE', *, *, #343, .F. ) ;
#1803 = AXIS2_PLACEMENT_3D ( 'NONE', #2909, #1423, #2971 ) ;
#1804 = CARTESIAN_POINT ( 'NONE',  ( 3.192261751045385232, 17.98952713241857637, 36.53805644467924196 ) ) ;
#1805 = PRODUCT_DEFINITION ( '未知', '', #2826, #1610 ) ;
#1806 = CARTESIAN_POINT ( 'NONE',  ( 20.79332761131820106, 17.06526306370690804, 50.36048576450246372 ) ) ;
#1807 = DIRECTION ( 'NONE',  ( 8.673617379884027583E-15, 0.000000000000000000, -1.000000000000000000 ) ) ;
#1808 = EDGE_LOOP ( 'NONE', ( #451, #1603, #893, #3915, #3420, #58, #2976, #2985, #429, #1561, #3670, #2838 ) ) ;
#1809 = CARTESIAN_POINT ( 'NONE',  ( 8.656684729121593591, 16.98952713241865453, 33.75809982710573109 ) ) ;
#1810 = ADVANCED_FACE ( 'NONE', ( #3792 ), #141, .T. ) ;
#1811 = LINE ( 'NONE', #3023, #1733 ) ;
#1812 = ORIENTED_EDGE ( 'NONE', *, *, #1953, .F. ) ;
#1813 = LINE ( 'NONE', #1177, #3052 ) ;
#1814 = CIRCLE ( 'NONE', #2821, 1.750000000000000666 ) ;
#1815 = EDGE_CURVE ( 'NONE', #1596, #24, #2455, .T. ) ;
#1816 = DIRECTION ( 'NONE',  ( -1.667378762439842493E-29, 0.000000000000000000, -1.000000000000000000 ) ) ;
#1817 = EDGE_LOOP ( 'NONE', ( #3863, #2473, #66, #1192 ) ) ;
#1818 = AXIS2_PLACEMENT_3D ( 'NONE', #41, #3152, #2547 ) ;
#1819 = APPROVAL_PERSON_ORGANIZATION ( #61, #204, #167 ) ;
#1820 = ORIENTED_EDGE ( 'NONE', *, *, #3604, .T. ) ;
#1821 = DIRECTION ( 'NONE',  ( 0.000000000000000000, 0.000000000000000000, -1.000000000000000000 ) ) ;
#1822 = CARTESIAN_POINT ( 'NONE',  ( 18.88769269270779461, 17.27739509806284346, 51.96612068311285526 ) ) ;
#1823 = VECTOR ( 'NONE', #977, 1000.000000000000000 ) ;
#1824 = CARTESIAN_POINT ( 'NONE',  ( -4.265505068703127733, 30.93952713241841934, 42.91586664685443253 ) ) ;
#1825 = VERTEX_POINT ( 'NONE', #328 ) ;
#1826 = CARTESIAN_POINT ( 'NONE',  ( 18.97911404894516707, 17.06526306370685830, 10.85703396683329913 ) ) ;
#1827 =( BOUNDED_CURVE ( )  B_SPLINE_CURVE ( 3, ( #3623, #3639, #2464, #314 ),
 .UNSPECIFIED., .F., .T. ) 
 B_SPLINE_CURVE_WITH_KNOTS ( ( 4, 4 ),
 ( 4.712388980384704773, 5.158499750661829530 ),
 .UNSPECIFIED. ) 
 CURVE ( )  GEOMETRIC_REPRESENTATION_ITEM ( )  RATIONAL_B_SPLINE_CURVE ( ( 1.000000000000000000, 0.9834840797589794459, 0.9834840797589794459, 1.000000000000000000 ) ) 
 REPRESENTATION_ITEM ( '' )  );
#1828 = CIRCLE ( 'NONE', #3492, 0.2999999999999988232 ) ;
#1829 = CARTESIAN_POINT ( 'NONE',  ( 17.97465666243041227, 18.14435896630514122, 11.97864864087431336 ) ) ;
#1830 = ORIENTED_EDGE ( 'NONE', *, *, #744, .F. ) ;
#1831 = DIRECTION ( 'NONE',  ( -1.000000000000000000, 0.000000000000000000, -3.850437621911135392E-15 ) ) ;
#1832 = CARTESIAN_POINT ( 'NONE',  ( 19.82297438932575062, 15.48952713241880019, 14.52112730763255044 ) ) ;
#1833 = ORIENTED_EDGE ( 'NONE', *, *, #2942, .T. ) ;
#1834 = ADVANCED_FACE ( 'NONE', ( #1210 ), #2452, .T. ) ;
#1835 = ADVANCED_FACE ( 'NONE', ( #1186 ), #2871, .T. ) ;
#1836 = AXIS2_PLACEMENT_3D ( 'NONE', #3178, #1920, #381 ) ;
#1837 = ORIENTED_EDGE ( 'NONE', *, *, #1634, .T. ) ;
#1838 = LINE ( 'NONE', #281, #2702 ) ;
#1839 = AXIS2_PLACEMENT_3D ( 'NONE', #1587, #3104, #352 ) ;
#1840 = CARTESIAN_POINT ( 'NONE',  ( 19.67184183870102032, 18.59571204158687152, 49.31758983608168734 ) ) ;
#1841 = CARTESIAN_POINT ( 'NONE',  ( 19.23266743953837832, 16.78242035123225762, 52.02825271746881697 ) ) ;
#1842 = FACE_OUTER_BOUND ( 'NONE', #3782, .T. ) ;
#1843 = DIRECTION ( 'NONE',  ( -0.000000000000000000, 1.000000000000000000, -0.000000000000000000 ) ) ;
#1844 = ORIENTED_EDGE ( 'NONE', *, *, #158, .F. ) ;
#1845 = CARTESIAN_POINT ( 'NONE',  ( 18.67556065835186274, 17.27739509806282925, 10.85348057624001505 ) ) ;
#1846 = DIRECTION ( 'NONE',  ( -1.495166424532390756E-14, 1.000000000000000000, -1.115179377413661760E-15 ) ) ;
#1847 = ORIENTED_EDGE ( 'NONE', *, *, #3392, .F. ) ;
#1848 = CARTESIAN_POINT ( 'NONE',  ( 3.634494931296397890, 30.93952713241841579, 50.51586664685443395 ) ) ;
#1849 = AXIS2_PLACEMENT_3D ( 'NONE', #3410, #3101, #52 ) ;
#1850 = DIRECTION ( 'NONE',  ( -1.000000000000000000, -1.541976423090494844E-14, 0.000000000000000000 ) ) ;
#1851 = ORIENTED_EDGE ( 'NONE', *, *, #3578, .F. ) ;
#1852 = CARTESIAN_POINT ( 'NONE',  ( 1.392261751045399398, 16.98952713241854795, 36.53805644467924196 ) ) ;
#1853 = EDGE_CURVE ( 'NONE', #1489, #304, #998, .T. ) ;
#1854 = EDGE_CURVE ( 'NONE', #246, #197, #1878, .T. ) ;
#1855 = DIRECTION ( 'NONE',  ( 1.000000000000000000, 0.000000000000000000, 0.000000000000000000 ) ) ;
#1856 = CARTESIAN_POINT ( 'NONE',  ( 19.79016882150518342, 18.38360930847842667, 49.02610306956123765 ) ) ;
#1857 = EDGE_CURVE ( 'NONE', #2448, #2440, #3301, .T. ) ;
#1858 = EDGE_CURVE ( 'NONE', #3079, #3722, #559, .T. ) ;
#1859 =( NAMED_UNIT ( * ) SI_UNIT ( $, .STERADIAN. ) SOLID_ANGLE_UNIT ( ) );
#1860 = CARTESIAN_POINT ( 'NONE',  ( 20.79688100191147626, 17.27739509806287188, 50.05693237390917716 ) ) ;
#1861 = FACE_OUTER_BOUND ( 'NONE', #350, .T. ) ;
#1862 = ORIENTED_EDGE ( 'NONE', *, *, #1634, .F. ) ;
#1863 = CARTESIAN_POINT ( 'NONE',  ( 18.52556065835187127, 16.78242035123224341, 11.00348057624001541 ) ) ;
#1864 = VECTOR ( 'NONE', #1374, 1000.000000000000000 ) ;
#1865 = EDGE_LOOP ( 'NONE', ( #1054, #1048, #1982, #95 ) ) ;
#1866 = DIRECTION ( 'NONE',  ( 1.495558082644848094E-14, -1.000000000000000000, 1.167657241503923310E-15 ) ) ;
#1867 = EDGE_LOOP ( 'NONE', ( #3834, #3064, #1698, #10 ) ) ;
#1868 = CYLINDRICAL_SURFACE ( 'NONE', #738, 10.00000000000000178 ) ;
#1869 = DIRECTION ( 'NONE',  ( -1.000000000000000000, -1.541976423090494844E-14, 0.000000000000000000 ) ) ;
#1870 = ORIENTED_EDGE ( 'NONE', *, *, #1306, .T. ) ;
#1871 = DIRECTION ( 'NONE',  ( 1.000000000000000000, 0.000000000000000000, 0.000000000000000000 ) ) ;
#1872 = CARTESIAN_POINT ( 'NONE',  ( 21.53449493129688719, 15.48952713241886059, 42.91586664685451780 ) ) ;
#1873 = VECTOR ( 'NONE', #420, 1000.000000000000000 ) ;
#1874 = AXIS2_PLACEMENT_3D ( 'NONE', #2808, #398, #3736 ) ;
#1875 = ORIENTED_EDGE ( 'NONE', *, *, #1167, .T. ) ;
#1876 = FACE_OUTER_BOUND ( 'NONE', #877, .T. ) ;
#1877 = ADVANCED_FACE ( 'NONE', ( #1801 ), #1179, .T. ) ;
#1878 = LINE ( 'NONE', #3910, #427 ) ;
#1879 = COORDINATED_UNIVERSAL_TIME_OFFSET ( 8, 0, .AHEAD. ) ;
#1880 = LINE ( 'NONE', #1936, #1095 ) ;
#1881 = DIRECTION ( 'NONE',  ( -1.000000000000000000, -1.541976423090495476E-14, 0.000000000000000000 ) ) ;
#1882 = ORIENTED_EDGE ( 'NONE', *, *, #3281, .T. ) ;
#1883 = EDGE_CURVE ( 'NONE', #2002, #2394, #1979, .T. ) ;
#1884 = CARTESIAN_POINT ( 'NONE',  ( 20.49332761131823588, 16.92384170746958461, 12.77124752920640027 ) ) ;
#1885 = ADVANCED_FACE ( 'NONE', ( #1371 ), #1044, .T. ) ;
#1886 = VERTEX_POINT ( 'NONE', #2097 ) ;
#1887 = DIRECTION ( 'NONE',  ( 0.8164965809277111575, 0.5773502691896466033, 0.000000000000000000 ) ) ;
#1888 = ORIENTED_EDGE ( 'NONE', *, *, #3256, .F. ) ;
#1889 = DIRECTION ( 'NONE',  ( 0.000000000000000000, 1.000000000000000000, -0.000000000000000000 ) ) ;
#1890 = ORIENTED_EDGE ( 'NONE', *, *, #373, .F. ) ;
#1891 = DIRECTION ( 'NONE',  ( -1.495166424532390756E-14, 1.000000000000000000, -1.115179377413661760E-15 ) ) ;
#1892 = CARTESIAN_POINT ( 'NONE',  ( 19.76590232655960477, 18.48952713241883927, 48.95675055006923060 ) ) ;
#1893 = CARTESIAN_POINT ( 'NONE',  ( 20.64688100191150610, 17.06526306370690094, 13.12480091979967156 ) ) ;
#1894 = EDGE_CURVE ( 'NONE', #227, #3796, #3945, .T. ) ;
#1895 = DIRECTION ( 'NONE',  ( 8.268308156524964354E-15, -1.115179377413538106E-15, -1.000000000000000000 ) ) ;
#1896 = CARTESIAN_POINT ( 'NONE',  ( 18.97536182853216502, 17.17398230138336146, 52.02469932687554177 ) ) ;
#1897 = CARTESIAN_POINT ( 'NONE',  ( -2.365505068702932423, 21.98951862599528440, 46.91586664685443964 ) ) ;
#1898 = ORIENTED_EDGE ( 'NONE', *, *, #295, .F. ) ;
#1899 = DIRECTION ( 'NONE',  ( -1.387778780781444413E-14, 1.000000000000000000, 0.000000000000000000 ) ) ;
#1900 = VECTOR ( 'NONE', #443, 1000.000000000000000 ) ;
#1901 = ORIENTED_EDGE ( 'NONE', *, *, #548, .T. ) ;
#1902 = EDGE_CURVE ( 'NONE', #1943, #3723, #1245, .T. ) ;
#1903 = EDGE_CURVE ( 'NONE', #3074, #685, #2927, .T. ) ;
#1904 = CARTESIAN_POINT ( 'NONE',  ( 18.52556065835185350, 15.48952713241882151, 52.02825271746881697 ) ) ;
#1905 = ORIENTED_EDGE ( 'NONE', *, *, #1115, .T. ) ;
#1906 = DIRECTION ( 'NONE',  ( 1.000000000000000000, -0.000000000000000000, 8.268308156524964354E-15 ) ) ;
#1907 = ORIENTED_EDGE ( 'NONE', *, *, #3350, .F. ) ;
#1908 = LINE ( 'NONE', #1586, #1039 ) ;
#1909 = CARTESIAN_POINT ( 'NONE',  ( 9.634494931297066245, 21.98951862599546203, 46.91586664685443964 ) ) ;
#1910 = AXIS2_PLACEMENT_3D ( 'NONE', #408, #2863, #2912 ) ;
#1911 = AXIS2_PLACEMENT_3D ( 'NONE', #2093, #2794, #2740 ) ;
#1912 = CARTESIAN_POINT ( 'NONE',  ( 19.76590232655960477, 18.48952713241883927, 48.95675055006923060 ) ) ;
#1913 = CARTESIAN_POINT ( 'NONE',  ( -7.165505068703295954, 17.98952713241843426, 45.51586664685442685 ) ) ;
#1914 = MECHANICAL_CONTEXT ( 'NONE', #1699, 'mechanical' ) ;
#1915 = FACE_OUTER_BOUND ( 'NONE', #3553, .T. ) ;
#1916 = AXIS2_PLACEMENT_3D ( 'NONE', #2368, #2991, #2684 ) ;
#1917 = LINE ( 'NONE', #3195, #3161 ) ;
#1918 = CARTESIAN_POINT ( 'NONE',  ( 14.43449493129659267, 25.48952713241874690, 26.61586664685609804 ) ) ;
#1919 = VERTEX_POINT ( 'NONE', #520 ) ;
#1920 = DIRECTION ( 'NONE',  ( -1.495166424532390756E-14, 1.000000000000000000, -1.115179377413661760E-15 ) ) ;
#1921 = ORIENTED_EDGE ( 'NONE', *, *, #744, .T. ) ;
#1922 = DIRECTION ( 'NONE',  ( -1.000000000000000000, -1.541976423090495476E-14, 0.000000000000000000 ) ) ;
#1923 = ORIENTED_EDGE ( 'NONE', *, *, #1902, .T. ) ;
#1924 = EDGE_CURVE ( 'NONE', #2839, #818, #882, .T. ) ;
#1925 = CARTESIAN_POINT ( 'NONE',  ( 21.53449493129697956, 25.48952713241840584, 32.01586664685451211 ) ) ;
#1926 = EDGE_LOOP ( 'NONE', ( #2683, #3319, #945 ) ) ;
#1927 = DIRECTION ( 'NONE',  ( -1.495166424532390756E-14, 1.000000000000000000, -1.115179377413661760E-15 ) ) ;
#1928 = CARTESIAN_POINT ( 'NONE',  ( 14.43449493129651096, 30.93952713241841579, 17.51586664685439487 ) ) ;
#1929 = EDGE_CURVE ( 'NONE', #3574, #3488, #3526, .T. ) ;
#1930 = EDGE_CURVE ( 'NONE', #3395, #2706, #3601, .T. ) ;
#1931 = CC_DESIGN_APPROVAL ( #3637, ( #1805 ) ) ;
#1932 = VERTEX_POINT ( 'NONE', #575 ) ;
#1933 = AXIS2_PLACEMENT_3D ( 'NONE', #3964, #2134, #2398 ) ;
#1934 = CIRCLE ( 'NONE', #1759, 1.000000000000000888 ) ;
#1935 = LINE ( 'NONE', #2572, #717 ) ;
#1936 = CARTESIAN_POINT ( 'NONE',  ( 5.384494931296738507, 17.48952713241860479, 31.51586664685439843 ) ) ;
#1937 = CARTESIAN_POINT ( 'NONE',  ( 18.87911404894516210, 16.92384170746954553, 11.15703396683329096 ) ) ;
#1938 = DIRECTION ( 'NONE',  ( 6.000000000000043854E-15, 1.115179377413769834E-15, 1.000000000000000000 ) ) ;
#1939 = ORIENTED_EDGE ( 'NONE', *, *, #1505, .F. ) ;
#1940 = CARTESIAN_POINT ( 'NONE',  ( 8.656684729121614907, 15.48952713241865276, 33.75809982710573820 ) ) ;
#1941 = VERTEX_POINT ( 'NONE', #560 ) ;
#1942 = CARTESIAN_POINT ( 'NONE',  ( 19.88384497163332654, 18.48952713241883572, 49.14389634363104875 ) ) ;
#1943 = VERTEX_POINT ( 'NONE', #745 ) ;
#1944 = ORIENTED_EDGE ( 'NONE', *, *, #935, .F. ) ;
#1945 = CIRCLE ( 'NONE', #789, 10.00000000000000178 ) ;
#1946 = LINE ( 'NONE', #3517, #3382 ) ;
#1947 = EDGE_LOOP ( 'NONE', ( #3636, #2790, #3378, #2513 ) ) ;
#1948 = ORIENTED_EDGE ( 'NONE', *, *, #1487, .F. ) ;
#1949 = CARTESIAN_POINT ( 'NONE',  ( 4.876728111548108480, 15.48952713241858881, 26.49367684902954778 ) ) ;
#1950 = LINE ( 'NONE', #3166, #2211 ) ;
#1951 = AXIS2_PLACEMENT_3D ( 'NONE', #1283, #2873, #2275 ) ;
#1952 = ADVANCED_FACE ( 'NONE', ( #148 ), #2079, .T. ) ;
#1953 = EDGE_CURVE ( 'NONE', #1581, #415, #884, .T. ) ;
#1954 = DIRECTION ( 'NONE',  ( 0.000000000000000000, 1.000000000000000000, 0.000000000000000000 ) ) ;
#1955 = CARTESIAN_POINT ( 'NONE',  ( 17.77287865575800296, 18.48952713241881085, 51.19098522640143756 ) ) ;
#1956 = CARTESIAN_POINT ( 'NONE',  ( 17.40897123748117536, 18.48952713241876822, 11.91296321592507468 ) ) ;
#1957 = DIRECTION ( 'NONE',  ( 0.8164965809277940911, -0.5773502691895298078, 8.498374721941449973E-14 ) ) ;
#1958 = DIRECTION ( 'NONE',  ( 0.7071067811865481278, 9.742207041085748642E-15, -0.7071067811865470176 ) ) ;
#1959 = VERTEX_POINT ( 'NONE', #2975 ) ;
#1960 = CARTESIAN_POINT ( 'NONE',  ( 5.384494931296768705, 15.48952713241860124, 31.51586664685439843 ) ) ;
#1961 = ORIENTED_EDGE ( 'NONE', *, *, #2588, .T. ) ;
#1962 = CARTESIAN_POINT ( 'NONE',  ( 1.634494931296397668, 28.93952713241841579, 47.51586664685442685 ) ) ;
#1963 = ORIENTED_EDGE ( 'NONE', *, *, #3900, .F. ) ;
#1964 = VERTEX_POINT ( 'NONE', #3905 ) ;
#1965 = CIRCLE ( 'NONE', #1714, 0.5000000000000004441 ) ;
#1966 = CIRCLE ( 'NONE', #235, 1.000000000000000888 ) ;
#1967 = FACE_OUTER_BOUND ( 'NONE', #4, .T. ) ;
#1968 = EDGE_LOOP ( 'NONE', ( #1172, #1248 ) ) ;
#1969 = ORIENTED_EDGE ( 'NONE', *, *, #3823, .F. ) ;
#1970 = CARTESIAN_POINT ( 'NONE',  ( 21.53449493129692627, -40.30903915740671550, 38.26593200339682710 ) ) ;
#1971 = DIRECTION ( 'NONE',  ( -1.239088197126124417E-16, 0.000000000000000000, 1.000000000000000000 ) ) ;
#1972 = EDGE_LOOP ( 'NONE', ( #3803, #3273, #2156, #1077, #1800 ) ) ;
#1973 = AXIS2_PLACEMENT_3D ( 'NONE', #3083, #2727, #2744 ) ;
#1974 = CARTESIAN_POINT ( 'NONE',  ( 19.82171293727776984, 18.35649100066151718, 49.50602837798660261 ) ) ;
#1975 = EDGE_CURVE ( 'NONE', #628, #3079, #3097, .T. ) ;
#1976 = EDGE_CURVE ( 'NONE', #1321, #968, #1764, .T. ) ;
#1977 = CIRCLE ( 'NONE', #1849, 0.5000000000000004441 ) ;
#1978 = LINE ( 'NONE', #3525, #1045 ) ;
#1979 = LINE ( 'NONE', #2670, #1465 ) ;
#1980 = CARTESIAN_POINT ( 'NONE',  ( 17.12923427052002623, -40.30903915740668708, 11.82738718882647433 ) ) ;
#1981 = LINE ( 'NONE', #1265, #1900 ) ;
#1982 = ORIENTED_EDGE ( 'NONE', *, *, #2555, .T. ) ;
#1983 = LINE ( 'NONE', #2636, #631 ) ;
#1984 = EDGE_CURVE ( 'NONE', #2336, #3128, #820, .T. ) ;
#1985 = ADVANCED_FACE ( 'NONE', ( #2694, #1254 ), #632, .T. ) ;
#1986 = ORIENTED_EDGE ( 'NONE', *, *, #667, .T. ) ;
#1987 = CARTESIAN_POINT ( 'NONE',  ( 19.82297438932558009, 15.48952713241884105, 48.51060598607627128 ) ) ;
#1988 = ORIENTED_EDGE ( 'NONE', *, *, #1684, .T. ) ;
#1989 = VERTEX_POINT ( 'NONE', #1832 ) ;
#1990 = AXIS2_PLACEMENT_3D ( 'NONE', #602, #1500, #2720 ) ;
#1991 = CARTESIAN_POINT ( 'NONE',  ( 20.79332761131820817, 16.88583314791177870, 50.39486631553479867 ) ) ;
#1992 = ORIENTED_EDGE ( 'NONE', *, *, #1272, .F. ) ;
#1993 = EDGE_LOOP ( 'NONE', ( #1448, #709, #732, #1474, #2796, #2306, #1081, #3181 ) ) ;
#1994 = DIRECTION ( 'NONE',  ( 0.000000000000000000, 0.000000000000000000, 1.000000000000000000 ) ) ;
#1995 = LINE ( 'NONE', #1057, #392 ) ;
#1996 = DIRECTION ( 'NONE',  ( 1.000000000000000000, 1.387778780781445676E-14, 0.000000000000000000 ) ) ;
#1997 = ORIENTED_EDGE ( 'NONE', *, *, #1010, .T. ) ;
#1998 = DIRECTION ( 'NONE',  ( -1.495166424532390756E-14, 1.000000000000000000, -1.115179377413661760E-15 ) ) ;
#1999 = CYLINDRICAL_SURFACE ( 'NONE', #2450, 1.000000000000000222 ) ;
#2000 = FACE_BOUND ( 'NONE', #68, .T. ) ;
#2001 = EDGE_CURVE ( 'NONE', #3427, #24, #1325, .T. ) ;
#2002 = VERTEX_POINT ( 'NONE', #2203 ) ;
#2003 = CARTESIAN_POINT ( 'NONE',  ( 20.79332761131823304, 17.06526306370690449, 12.67124752920639885 ) ) ;
#2004 = VECTOR ( 'NONE', #1475, 1000.000000000000000 ) ;
#2005 = ORIENTED_EDGE ( 'NONE', *, *, #500, .F. ) ;
#2006 = PLANE ( 'NONE',  #3934 ) ;
#2007 = VECTOR ( 'NONE', #492, 1000.000000000000000 ) ;
#2008 = DIRECTION ( 'NONE',  ( 1.495166424532390756E-14, -1.000000000000000000, 1.115179377413661563E-15 ) ) ;
#2009 = EDGE_CURVE ( 'NONE', #278, #2342, #1194, .T. ) ;
#2010 = EDGE_LOOP ( 'NONE', ( #2151, #3689, #3076, #3924, #1108 ) ) ;
#2011 = EDGE_LOOP ( 'NONE', ( #3853, #3208 ) ) ;
#2012 = EDGE_CURVE ( 'NONE', #705, #1421, #3880, .T. ) ;
#2013 = LINE ( 'NONE', #3228, #506 ) ;
#2014 = PLANE ( 'NONE',  #2106 ) ;
#2015 = ORIENTED_EDGE ( 'NONE', *, *, #1205, .F. ) ;
#2016 = LINE ( 'NONE', #3234, #1496 ) ;
#2017 = LINE ( 'NONE', #2313, #808 ) ;
#2018 = AXIS2_PLACEMENT_3D ( 'NONE', #2245, #3412, #2461 ) ;
#2019 = DATE_AND_TIME ( #397, #202 ) ;
#2020 = ORIENTED_EDGE ( 'NONE', *, *, #1793, .T. ) ;
#2021 = CARTESIAN_POINT ( 'NONE',  ( 8.634494931297062692, 21.98951862599546558, 17.51586664685444461 ) ) ;
#2022 = VECTOR ( 'NONE', #2788, 1000.000000000000000 ) ;
#2023 = CARTESIAN_POINT ( 'NONE',  ( -7.165505068703434510, 27.48952713241842361, 24.61586664685610160 ) ) ;
#2024 = LINE ( 'NONE', #2045, #102 ) ;
#2025 = CARTESIAN_POINT ( 'NONE',  ( 20.67469569293167453, 16.91329442933950133, 12.46391300608179087 ) ) ;
#2026 = ORIENTED_EDGE ( 'NONE', *, *, #3123, .F. ) ;
#2027 = DIRECTION ( 'NONE',  ( -3.469446951953614189E-15, 0.000000000000000000, -1.000000000000000000 ) ) ;
#2028 = CYLINDRICAL_SURFACE ( 'NONE', #3505, 0.5000000000000004441 ) ;
#2029 = EDGE_LOOP ( 'NONE', ( #1430, #2005, #3472, #3661 ) ) ;
#2030 = AXIS2_PLACEMENT_3D ( 'NONE', #1173, #928, #555 ) ;
#2031 = CARTESIAN_POINT ( 'NONE',  ( 20.64688100191152742, 15.48952713241880907, 13.12480091979967511 ) ) ;
#2032 = ADVANCED_FACE ( 'NONE', ( #3429 ), #971, .F. ) ;
#2033 = ADVANCED_FACE ( 'NONE', ( #1234, #1524, #3124 ), #1273, .T. ) ;
#2034 = AXIS2_PLACEMENT_3D ( 'NONE', #781, #1409, #1387 ) ;
#2035 = VECTOR ( 'NONE', #1022, 1000.000000000000000 ) ;
#2036 = DIRECTION ( 'NONE',  ( -1.495166424532390756E-14, 1.000000000000000000, -1.115179377413661760E-15 ) ) ;
#2037 = ORIENTED_EDGE ( 'NONE', *, *, #449, .T. ) ;
#2038 = LINE ( 'NONE', #2605, #2650 ) ;
#2039 = DIRECTION ( 'NONE',  ( -0.7071067811865505703, -9.540979117872442175E-15, 0.7071067811865444641 ) ) ;
#2040 = AXIS2_PLACEMENT_3D ( 'NONE', #149, #2380, #2945 ) ;
#2041 = CARTESIAN_POINT ( 'NONE',  ( 18.97911404894511733, 17.06526306370687252, 52.17469932687555456 ) ) ;
#2042 = ORIENTED_EDGE ( 'NONE', *, *, #3122, .T. ) ;
#2043 = LINE ( 'NONE', #1082, #640 ) ;
#2044 = CARTESIAN_POINT ( 'NONE',  ( 19.58622083013167980, 15.48952713241883394, 48.84627220212934873 ) ) ;
#2045 = CARTESIAN_POINT ( 'NONE',  ( 20.64688100191145637, 18.48952713241885348, 49.90693237390917858 ) ) ;
#2046 = PLANE ( 'NONE',  #1424 ) ;
#2047 = AXIS2_PLACEMENT_3D ( 'NONE', #335, #941, #641 ) ;
#2048 = EDGE_LOOP ( 'NONE', ( #1736, #2563 ) ) ;
#2049 = CARTESIAN_POINT ( 'NONE',  ( -24.32639342193869325, 30.93952713241841579, 1.915866646854440303 ) ) ;
#2050 = CARTESIAN_POINT ( 'NONE',  ( 20.23739836222718225, -40.30903915740666577, 14.24139034067145815 ) ) ;
#2051 = ORIENTED_EDGE ( 'NONE', *, *, #3027, .F. ) ;
#2052 = ORIENTED_EDGE ( 'NONE', *, *, #3530, .T. ) ;
#2053 = CARTESIAN_POINT ( 'NONE',  ( 5.384494931296738507, 17.48952713241860479, 31.51586664685439843 ) ) ;
#2054 = DIRECTION ( 'NONE',  ( -1.000000000000000000, 0.000000000000000000, -3.850437621911135392E-15 ) ) ;
#2055 = EDGE_LOOP ( 'NONE', ( #382, #518, #1708, #88, #1316 ) ) ;
#2056 = AXIS2_PLACEMENT_3D ( 'NONE', #1094, #859, #2092 ) ;
#2057 = EDGE_CURVE ( 'NONE', #3074, #1421, #3373, .T. ) ;
#2058 = CARTESIAN_POINT ( 'NONE',  ( 17.71216340850196147, 18.65378768406383614, 11.83659638866255293 ) ) ;
#2059 = ORIENTED_EDGE ( 'NONE', *, *, #3008, .T. ) ;
#2060 = CARTESIAN_POINT ( 'NONE',  ( -3.187694866528106186, 16.98952713241846979, 29.27363346660304799 ) ) ;
#2061 = EDGE_CURVE ( 'NONE', #2247, #2515, #3056, .T. ) ;
#2062 = DIRECTION ( 'NONE',  ( 0.5000000000000117684, -0.7071067811865394681, 0.4999999999999995559 ) ) ;
#2063 = DIRECTION ( 'NONE',  ( 1.000000000000000000, 1.387778780781445360E-14, 0.000000000000000000 ) ) ;
#2064 = DIRECTION ( 'NONE',  ( -1.000000000000000000, 0.000000000000000000, -8.268308156524964354E-15 ) ) ;
#2065 = FACE_OUTER_BOUND ( 'NONE', #3100, .T. ) ;
#2066 = ORIENTED_EDGE ( 'NONE', *, *, #1554, .F. ) ;
#2067 = CARTESIAN_POINT ( 'NONE',  ( 5.634494931296398335, 28.93952713241841579, 47.51586664685442685 ) ) ;
#2068 = LINE ( 'NONE', #3857, #1059 ) ;
#2069 = ORIENTED_EDGE ( 'NONE', *, *, #2223, .F. ) ;
#2070 = ORIENTED_EDGE ( 'NONE', *, *, #3900, .T. ) ;
#2071 = AXIS2_PLACEMENT_3D ( 'NONE', #59, #2843, #103 ) ;
#2072 = FACE_OUTER_BOUND ( 'NONE', #733, .T. ) ;
#2073 = AXIS2_PLACEMENT_3D ( 'NONE', #2323, #2597, #3550 ) ;
#2074 = CARTESIAN_POINT ( 'NONE',  ( 20.64688100191145637, 18.48952713241885348, 50.61403915509571760 ) ) ;
#2075 = ORIENTED_EDGE ( 'NONE', *, *, #1006, .F. ) ;
#2076 = LINE ( 'NONE', #2114, #864 ) ;
#2077 = EDGE_CURVE ( 'NONE', #1484, #1204, #3448, .T. ) ;
#2078 = CARTESIAN_POINT ( 'NONE',  ( 19.07493398047305533, 17.08968862162627289, 52.04433644006945059 ) ) ;
#2079 = PLANE ( 'NONE',  #113 ) ;
#2080 = ORIENTED_EDGE ( 'NONE', *, *, #3302, .T. ) ;
#2081 = CARTESIAN_POINT ( 'NONE',  ( 20.79332761131818330, 18.48952713241885704, 50.26048576450244809 ) ) ;
#2082 = EDGE_CURVE ( 'NONE', #115, #3155, #2493, .T. ) ;
#2083 = ADVANCED_FACE ( 'NONE', ( #3975 ), #368, .F. ) ;
#2084 = LINE ( 'NONE', #231, #3046 ) ;
#2085 = CARTESIAN_POINT ( 'NONE',  ( 18.74748276949335590, 16.96107265622934435, 52.17469932687554746 ) ) ;
#2086 =( BOUNDED_CURVE ( )  B_SPLINE_CURVE ( 3, ( #2105, #3329, #319, #568 ),
 .UNSPECIFIED., .F., .T. ) 
 B_SPLINE_CURVE_WITH_KNOTS ( ( 4, 4 ),
 ( 0.7853981633974523868, 1.570796326794894782 ),
 .UNSPECIFIED. ) 
 CURVE ( )  GEOMETRIC_REPRESENTATION_ITEM ( )  RATIONAL_B_SPLINE_CURVE ( ( 1.000000000000000000, 0.9492530216741918991, 0.9492530216741918991, 1.000000000000000000 ) ) 
 REPRESENTATION_ITEM ( '' )  );
#2087 = ORIENTED_EDGE ( 'NONE', *, *, #2639, .F. ) ;
#2088 = DIRECTION ( 'NONE',  ( 0.000000000000000000, 0.000000000000000000, 1.000000000000000000 ) ) ;
#2089 = DIRECTION ( 'NONE',  ( 0.000000000000000000, 0.000000000000000000, -1.000000000000000000 ) ) ;
#2090 = ORIENTED_EDGE ( 'NONE', *, *, #1773, .T. ) ;
#2091 = ORIENTED_EDGE ( 'NONE', *, *, #3122, .F. ) ;
#2092 = DIRECTION ( 'NONE',  ( 1.000000000000000000, 1.586032892321651930E-14, 0.000000000000000000 ) ) ;
#2093 = CARTESIAN_POINT ( 'NONE',  ( 3.634494931296738507, 17.48952713241857637, 31.51586664685439843 ) ) ;
#2094 = ORIENTED_EDGE ( 'NONE', *, *, #2265, .T. ) ;
#2095 = DIRECTION ( 'NONE',  ( -1.000000000000000000, 0.000000000000000000, 0.000000000000000000 ) ) ;
#2096 = VERTEX_POINT ( 'NONE', #2438 ) ;
#2097 = CARTESIAN_POINT ( 'NONE',  ( 21.53449493129705417, 30.93952713241841579, 22.61586664685610160 ) ) ;
#2098 = ORIENTED_EDGE ( 'NONE', *, *, #2298, .T. ) ;
#2099 = AXIS2_PLACEMENT_3D ( 'NONE', #1678, #3888, #1372 ) ;
#2100 = CC_DESIGN_PERSON_AND_ORGANIZATION_ASSIGNMENT ( #2191, #3542, ( #2826 ) ) ;
#2101 = DIRECTION ( 'NONE',  ( -1.000000000000000000, 0.000000000000000000, 0.000000000000000000 ) ) ;
#2102 = ADVANCED_FACE ( 'NONE', ( #2782 ), #3669, .F. ) ;
#2103 = CARTESIAN_POINT ( 'NONE',  ( 18.97911404894510667, 17.06526306370688317, 52.17469932687554035 ) ) ;
#2104 =( LENGTH_UNIT ( ) NAMED_UNIT ( * ) SI_UNIT ( .MILLI., .METRE. ) );
#2105 = CARTESIAN_POINT ( 'NONE',  ( 20.79332761131823659, 16.92384170746959171, 12.77124752920640383 ) ) ;
#2106 = AXIS2_PLACEMENT_3D ( 'NONE', #138, #1296, #431 ) ;
#2107 = EDGE_CURVE ( 'NONE', #327, #2706, #330, .T. ) ;
#2108 = DIRECTION ( 'NONE',  ( 1.000000000000000000, 1.387778780781444413E-14, 1.387778780781444413E-14 ) ) ;
#2109 = EDGE_CURVE ( 'NONE', #3164, #2860, #1977, .T. ) ;
#2110 = VECTOR ( 'NONE', #2036, 1000.000000000000000 ) ;
#2111 = DIRECTION ( 'NONE',  ( -1.495166424532390441E-14, 1.000000000000000000, -1.115179377413663140E-15 ) ) ;
#2112 = ORIENTED_EDGE ( 'NONE', *, *, #3044, .F. ) ;
#2113 =( BOUNDED_CURVE ( )  B_SPLINE_CURVE ( 3, ( #2193, #1046, #1328, #2574 ),
 .UNSPECIFIED., .F., .T. ) 
 B_SPLINE_CURVE_WITH_KNOTS ( ( 4, 4 ),
 ( 3.926990816987340871, 4.712388980384693227 ),
 .UNSPECIFIED. ) 
 CURVE ( )  GEOMETRIC_REPRESENTATION_ITEM ( )  RATIONAL_B_SPLINE_CURVE ( ( 1.000000000000000000, 0.9492530216742034455, 0.9492530216742034455, 1.000000000000000000 ) ) 
 REPRESENTATION_ITEM ( '' )  );
#2114 = CARTESIAN_POINT ( 'NONE',  ( -1.365505068702930425, 21.98951862599528440, 108.0658666468539337 ) ) ;
#2115 = DIRECTION ( 'NONE',  ( 0.000000000000000000, 0.000000000000000000, 1.000000000000000000 ) ) ;
#2116 = ORIENTED_EDGE ( 'NONE', *, *, #2077, .F. ) ;
#2117 = CARTESIAN_POINT ( 'NONE',  ( -7.165505068703454938, 28.93952713241841579, 40.26593200339668499 ) ) ;
#2118 = CARTESIAN_POINT ( 'NONE',  ( 19.76545859878728351, 18.49145765740850678, 48.95548791870223937 ) ) ;
#2119 = CARTESIAN_POINT ( 'NONE',  ( 19.23266743953838187, 16.78242035123226472, 52.02825271746880986 ) ) ;
#2120 = DIRECTION ( 'NONE',  ( 1.000000000000000000, 0.000000000000000000, 4.322833828547759000E-30 ) ) ;
#2121 = ORIENTED_EDGE ( 'NONE', *, *, #2009, .F. ) ;
#2122 = CARTESIAN_POINT ( 'NONE',  ( 21.53449493129697956, 25.48952713241840584, 32.01586664685451211 ) ) ;
#2123 = EDGE_CURVE ( 'NONE', #2516, #2662, #3653, .T. ) ;
#2124 = EDGE_CURVE ( 'NONE', #3580, #1002, #3357, .T. ) ;
#2125 = CARTESIAN_POINT ( 'NONE',  ( 18.09181559289944019, 18.40165916677473490, 11.85968500444875140 ) ) ;
#2126 = ORIENTED_EDGE ( 'NONE', *, *, #1413, .F. ) ;
#2127 = CYLINDRICAL_SURFACE ( 'NONE', #21, 1.750000000000000666 ) ;
#2128 = CIRCLE ( 'NONE', #706, 2.000000000000001776 ) ;
#2129 = AXIS2_PLACEMENT_3D ( 'NONE', #3847, #483, #762 ) ;
#2130 = DIRECTION ( 'NONE',  ( 1.495558082644848094E-14, -1.000000000000000000, 1.167657241503923310E-15 ) ) ;
#2131 = ORIENTED_EDGE ( 'NONE', *, *, #1690, .F. ) ;
#2132 = CC_DESIGN_SECURITY_CLASSIFICATION ( #3277, ( #2826 ) ) ;
#2133 = DIRECTION ( 'NONE',  ( 1.474514954580284768E-14, -1.000000000000000000, 0.000000000000000000 ) ) ;
#2134 = DIRECTION ( 'NONE',  ( -1.000000000000000000, -1.495166424532390756E-14, -1.239088197126124417E-16 ) ) ;
#2135 = DIRECTION ( 'NONE',  ( 0.000000000000000000, 0.000000000000000000, 1.000000000000000000 ) ) ;
#2136 = CARTESIAN_POINT ( 'NONE',  ( 17.12923427051986280, 15.48952713241880375, 51.20434610488235450 ) ) ;
#2137 = EDGE_LOOP ( 'NONE', ( #3919, #730, #3891, #410 ) ) ;
#2138 = CARTESIAN_POINT ( 'NONE',  ( 18.88769269270783013, 17.27739509806283280, 11.06561261059598245 ) ) ;
#2139 = AXIS2_PLACEMENT_3D ( 'NONE', #1084, #2316, #1394 ) ;
#2140 = CARTESIAN_POINT ( 'NONE',  ( 17.99623012140554223, 18.45631974455992719, 11.84140126338582988 ) ) ;
#2141 = VERTEX_POINT ( 'NONE', #1667 ) ;
#2142 = CARTESIAN_POINT ( 'NONE',  ( 20.79332761131820106, 17.06526306370689028, 50.36048576450246372 ) ) ;
#2143 = CARTESIAN_POINT ( 'NONE',  ( 21.53449493129698666, 25.48952713241840584, 26.61586664685609804 ) ) ;
#2144 = ADVANCED_FACE ( 'NONE', ( #72 ), #1645, .F. ) ;
#2145 = EDGE_CURVE ( 'NONE', #2706, #1640, #3231, .T. ) ;
#2146 = CARTESIAN_POINT ( 'NONE',  ( 20.29332761131822949, 15.48952713241884638, 50.26048576450244809 ) ) ;
#2147 = VERTEX_POINT ( 'NONE', #2817 ) ;
#2148 = ADVANCED_FACE ( 'NONE', ( #387 ), #1625, .F. ) ;
#2149 = EDGE_CURVE ( 'NONE', #2682, #1255, #1946, .T. ) ;
#2150 = AXIS2_PLACEMENT_3D ( 'NONE', #1461, #1420, #3005 ) ;
#2151 = ORIENTED_EDGE ( 'NONE', *, *, #3421, .T. ) ;
#2152 = PLANE ( 'NONE',  #266 ) ;
#2153 = CIRCLE ( 'NONE', #3173, 0.5000000000000004441 ) ;
#2154 =( NAMED_UNIT ( * ) PLANE_ANGLE_UNIT ( ) SI_UNIT ( $, .RADIAN. ) );
#2155 = DIRECTION ( 'NONE',  ( 0.000000000000000000, 0.000000000000000000, 1.000000000000000000 ) ) ;
#2156 = ORIENTED_EDGE ( 'NONE', *, *, #1858, .F. ) ;
#2157 = CARTESIAN_POINT ( 'NONE',  ( 1.884494931296737841, 17.48952713241854795, 31.51586664685439843 ) ) ;
#2158 = ORIENTED_EDGE ( 'NONE', *, *, #2505, .T. ) ;
#2159 = CARTESIAN_POINT ( 'NONE',  ( 20.78830235814879046, 16.98952713241883927, 50.47261779885840838 ) ) ;
#2160 = CARTESIAN_POINT ( 'NONE',  ( 19.11682178822945488, 17.03422970549024384, 10.97688134597934528 ) ) ;
#2161 = AXIS2_PLACEMENT_3D ( 'NONE', #3183, #159, #778 ) ;
#2162 = EDGE_CURVE ( 'NONE', #2671, #574, #2581, .T. ) ;
#2163 = CARTESIAN_POINT ( 'NONE',  ( 5.876728111548086275, 16.98952713241860479, 26.49367684902954423 ) ) ;
#2164 = ORIENTED_EDGE ( 'NONE', *, *, #26, .F. ) ;
#2165 = LINE ( 'NONE', #74, #77 ) ;
#2166 = DIRECTION ( 'NONE',  ( 1.495166424532390756E-14, -1.000000000000000000, 1.115179377413661760E-15 ) ) ;
#2167 = EDGE_CURVE ( 'NONE', #304, #1489, #1729, .T. ) ;
#2168 = EDGE_CURVE ( 'NONE', #2516, #3039, #3907, .T. ) ;
#2169 = DIRECTION ( 'NONE',  ( 1.495166424532390756E-14, -1.000000000000000000, 1.156482317317871725E-15 ) ) ;
#2170 = CIRCLE ( 'NONE', #51, 10.00000000000000000 ) ;
#2171 = CYLINDRICAL_SURFACE ( 'NONE', #3480, 1.000000000000000444 ) ;
#2172 = FACE_OUTER_BOUND ( 'NONE', #1026, .T. ) ;
#2173 = CARTESIAN_POINT ( 'NONE',  ( 20.79332761131821172, 16.96107265622935145, 50.12885448505066677 ) ) ;
#2174 = CARTESIAN_POINT ( 'NONE',  ( 19.76590232655975399, 18.48952713241880375, 14.07498274363965685 ) ) ;
#2175 = ORIENTED_EDGE ( 'NONE', *, *, #872, .T. ) ;
#2176 = DIRECTION ( 'NONE',  ( -1.000000000000000000, -1.541976423090495476E-14, 0.000000000000000000 ) ) ;
#2177 = CIRCLE ( 'NONE', #3067, 10.00000000000000000 ) ;
#2178 = CARTESIAN_POINT ( 'NONE',  ( 5.876728111548108480, 15.48952713241860479, 26.49367684902954778 ) ) ;
#2179 = ORIENTED_EDGE ( 'NONE', *, *, #1259, .F. ) ;
#2180 = CARTESIAN_POINT ( 'NONE',  ( 19.23266743953841740, 16.78242035123225762, 11.00348057624001719 ) ) ;
#2181 = DIRECTION ( 'NONE',  ( 1.000000000000000000, 0.000000000000000000, -0.000000000000000000 ) ) ;
#2182 = ORIENTED_EDGE ( 'NONE', *, *, #3947, .T. ) ;
#2183 = PLANE ( 'NONE',  #970 ) ;
#2184 = CARTESIAN_POINT ( 'NONE',  ( -2.365505068702932423, 21.98951862599528795, 52.91586664685443964 ) ) ;
#2185 = VECTOR ( 'NONE', #2169, 1000.000000000000000 ) ;
#2186 = CIRCLE ( 'NONE', #2073, 2.000000000000001776 ) ;
#2187 = ORIENTED_EDGE ( 'NONE', *, *, #2639, .T. ) ;
#2188 = DIRECTION ( 'NONE',  ( 1.000000000000000000, 0.000000000000000000, 1.667378762439842493E-29 ) ) ;
#2189 = EDGE_CURVE ( 'NONE', #1040, #1303, #22, .T. ) ;
#2190 = EDGE_CURVE ( 'NONE', #3049, #2454, #3322, .T. ) ;
#2191 = PERSON_AND_ORGANIZATION ( #3325, #1221 ) ;
#2192 = FACE_OUTER_BOUND ( 'NONE', #2710, .T. ) ;
#2193 = CARTESIAN_POINT ( 'NONE',  ( 18.87911404894519407, 16.92384170746954553, 10.85703396683329025 ) ) ;
#2194 = CARTESIAN_POINT ( 'NONE',  ( 20.64688100191148834, 18.48952713241881085, 12.41769413861312188 ) ) ;
#2195 = EDGE_LOOP ( 'NONE', ( #2776, #447, #2201, #3331, #3374 ) ) ;
#2196 = VECTOR ( 'NONE', #3816, 1000.000000000000000 ) ;
#2197 = DIRECTION ( 'NONE',  ( 1.000000000000000000, 1.387778780781444413E-14, 0.000000000000000000 ) ) ;
#2198 = ORIENTED_EDGE ( 'NONE', *, *, #2349, .T. ) ;
#2199 = CARTESIAN_POINT ( 'NONE',  ( -14.26550506870312773, 15.48952713241832413, 42.91586664685438990 ) ) ;
#2200 = ORIENTED_EDGE ( 'NONE', *, *, #1466, .F. ) ;
#2201 = ORIENTED_EDGE ( 'NONE', *, *, #3766, .F. ) ;
#2202 = AXIS2_PLACEMENT_3D ( 'NONE', #3278, #527, #1703 ) ;
#2203 = CARTESIAN_POINT ( 'NONE',  ( -3.365505068702934643, 21.98951862599528440, 46.91586664685443964 ) ) ;
#2204 = VERTEX_POINT ( 'NONE', #1076 ) ;
#2205 = FACE_OUTER_BOUND ( 'NONE', #2557, .T. ) ;
#2206 = DIRECTION ( 'NONE',  ( -1.000000000000000000, -1.541976423090494529E-14, 0.000000000000000000 ) ) ;
#2207 = ORIENTED_EDGE ( 'NONE', *, *, #2984, .F. ) ;
#2208 = CARTESIAN_POINT ( 'NONE',  ( 18.74473349791276533, 16.96185026702739407, 52.17469932687554746 ) ) ;
#2209 = AXIS2_PLACEMENT_3D ( 'NONE', #3971, #1243, #1190 ) ;
#2210 = CARTESIAN_POINT ( 'NONE',  ( -4.115505068702932867, 21.98951862599528795, 16.11586664685441761 ) ) ;
#2211 = VECTOR ( 'NONE', #2918, 1000.000000000000000 ) ;
#2212 = CIRCLE ( 'NONE', #3890, 1.799999999999999600 ) ;
#2213 = LINE ( 'NONE', #679, #135 ) ;
#2214 = CARTESIAN_POINT ( 'NONE',  ( 19.76590232655975399, 18.48952713241880375, 14.07498274363965685 ) ) ;
#2215 = EDGE_CURVE ( 'NONE', #3337, #1362, #3516, .T. ) ;
#2216 = EDGE_LOOP ( 'NONE', ( #3381, #2489, #1623, #2270 ) ) ;
#2217 = DIRECTION ( 'NONE',  ( 0.000000000000000000, 0.000000000000000000, -1.000000000000000000 ) ) ;
#2218 = VECTOR ( 'NONE', #3419, 1000.000000000000000 ) ;
#2219 = ORIENTED_EDGE ( 'NONE', *, *, #2707, .F. ) ;
#2220 = DIRECTION ( 'NONE',  ( 1.495558082644848094E-14, -1.000000000000000000, 1.167657241503923310E-15 ) ) ;
#2221 = EDGE_CURVE ( 'NONE', #3307, #3785, #3338, .T. ) ;
#2222 = ORIENTED_EDGE ( 'NONE', *, *, #2349, .F. ) ;
#2223 = EDGE_CURVE ( 'NONE', #3937, #2662, #1795, .T. ) ;
#2224 = CARTESIAN_POINT ( 'NONE',  ( 20.74190240080604042, 16.83617257164523195, 50.51901775620117263 ) ) ;
#2225 = ORIENTED_EDGE ( 'NONE', *, *, #2012, .T. ) ;
#2226 = DIRECTION ( 'NONE',  ( -1.495166424532390756E-14, 1.000000000000000000, -1.115179377413661760E-15 ) ) ;
#2227 = DIRECTION ( 'NONE',  ( 1.495166424532390756E-14, -1.000000000000000000, 1.115179377413661760E-15 ) ) ;
#2228 = VECTOR ( 'NONE', #3811, 1000.000000000000000 ) ;
#2229 = AXIS2_PLACEMENT_3D ( 'NONE', #585, #912, #1540 ) ;
#2230 = CARTESIAN_POINT ( 'NONE',  ( 18.12465666243024742, 18.35649100066121875, 51.20308465283451227 ) ) ;
#2231 = CARTESIAN_POINT ( 'NONE',  ( 18.87911404894510525, 16.98952713241881796, 52.38180610806209359 ) ) ;
#2232 = DIRECTION ( 'NONE',  ( 0.000000000000000000, 1.000000000000000000, -1.115179377413661760E-15 ) ) ;
#2233 = CARTESIAN_POINT ( 'NONE',  ( 21.53449493129698666, 25.48952713241840584, 36.26593200339668499 ) ) ;
#2234 = CARTESIAN_POINT ( 'NONE',  ( 10.63449493129668966, 21.98951862599539808, -45.48413335314557315 ) ) ;
#2235 = ORIENTED_EDGE ( 'NONE', *, *, #2711, .T. ) ;
#2236 = CARTESIAN_POINT ( 'NONE',  ( 1.392261751045384521, 17.98952713241855150, 36.53805644467924196 ) ) ;
#2237 = EDGE_LOOP ( 'NONE', ( #28, #1755, #2262, #1242 ) ) ;
#2238 = CARTESIAN_POINT ( 'NONE',  ( -4.265505068703031810, 30.93952713241841579, 10.11586664685441583 ) ) ;
#2239 = EDGE_LOOP ( 'NONE', ( #1988, #558, #521 ) ) ;
#2240 = ADVANCED_FACE ( 'NONE', ( #1967 ), #2014, .F. ) ;
#2241 = EDGE_CURVE ( 'NONE', #263, #3155, #2518, .T. ) ;
#2242 = DIRECTION ( 'NONE',  ( 0.7071067811865436870, 1.141903831387494923E-14, 0.7071067811865513475 ) ) ;
#2243 = ORIENTED_EDGE ( 'NONE', *, *, #2753, .F. ) ;
#2244 = ORIENTED_EDGE ( 'NONE', *, *, #2318, .F. ) ;
#2245 = CARTESIAN_POINT ( 'NONE',  ( 17.70380921622462722, 18.52739509806280793, 12.24949608707915516 ) ) ;
#2246 = CYLINDRICAL_SURFACE ( 'NONE', #1511, 1.000000000000000000 ) ;
#2247 = VERTEX_POINT ( 'NONE', #94 ) ;
#2248 = FACE_BOUND ( 'NONE', #402, .T. ) ;
#2249 = AXIS2_PLACEMENT_3D ( 'NONE', #2569, #3148, #1570 ) ;
#2250 = PLANE ( 'NONE',  #2898 ) ;
#2251 = DIRECTION ( 'NONE',  ( 0.5773502691895313621, 0.8164965809277927589, 0.000000000000000000 ) ) ;
#2252 = DIRECTION ( 'NONE',  ( 1.000000000000000000, 0.000000000000000000, 0.000000000000000000 ) ) ;
#2253 = ORIENTED_EDGE ( 'NONE', *, *, #3355, .T. ) ;
#2254 = FACE_OUTER_BOUND ( 'NONE', #2237, .T. ) ;
#2255 = LOCAL_TIME ( 15, 27, 49.00000000000000000, #3439 ) ;
#2256 = VERTEX_POINT ( 'NONE', #2285 ) ;
#2257 = LINE ( 'NONE', #3159, #233 ) ;
#2258 = ORIENTED_EDGE ( 'NONE', *, *, #2936, .T. ) ;
#2259 = CC_DESIGN_DATE_AND_TIME_ASSIGNMENT ( #784, #1572, ( #3277 ) ) ;
#2260 = AXIS2_PLACEMENT_3D ( 'NONE', #1909, #973, #55 ) ;
#2261 = CARTESIAN_POINT ( 'NONE',  ( 14.43449493129670458, 17.98952713241874690, 45.51586664685442685 ) ) ;
#2262 = ORIENTED_EDGE ( 'NONE', *, *, #3578, .T. ) ;
#2263 = ORIENTED_EDGE ( 'NONE', *, *, #3438, .T. ) ;
#2265 = EDGE_CURVE ( 'NONE', #227, #454, #1382, .T. ) ;
#2264 = CARTESIAN_POINT ( 'NONE',  ( 20.64688100191150610, 17.06526306370689738, 13.12480091979967511 ) ) ;
#2266 = CARTESIAN_POINT ( 'NONE',  ( 11.53449493129688541, -40.30903915740668708, 42.91586664685443253 ) ) ;
#2267 = EDGE_CURVE ( 'NONE', #653, #1943, #3770, .T. ) ;
#2268 = DIRECTION ( 'NONE',  ( -1.667378762439842493E-29, -2.493008742578422456E-43, -1.000000000000000000 ) ) ;
#2269 = AXIS2_PLACEMENT_3D ( 'NONE', #3441, #961, #1310 ) ;
#2270 = ORIENTED_EDGE ( 'NONE', *, *, #1006, .T. ) ;
#2271 = DIRECTION ( 'NONE',  ( -0.7071067811865481278, -9.762328819455037166E-15, 0.7071067811865470176 ) ) ;
#2272 = EDGE_CURVE ( 'NONE', #2204, #1959, #1661, .T. ) ;
#2273 = EDGE_CURVE ( 'NONE', #3902, #1403, #3470, .T. ) ;
#2274 = CYLINDRICAL_SURFACE ( 'NONE', #689, 0.5000000000000004441 ) ;
#2275 = DIRECTION ( 'NONE',  ( -1.000000000000000000, 0.000000000000000000, 6.938893903907225222E-15 ) ) ;
#2276 = DIRECTION ( 'NONE',  ( 1.495166424532390756E-14, -1.000000000000000000, 1.115179377413661760E-15 ) ) ;
#2277 = CARTESIAN_POINT ( 'NONE',  ( -2.365505068702932423, 21.98951862599528795, 16.11586664685441761 ) ) ;
#2278 = CARTESIAN_POINT ( 'NONE',  ( -0.3876948665281064743, 16.98952713241851242, 29.27363346660304799 ) ) ;
#2279 = EDGE_LOOP ( 'NONE', ( #1023, #2377, #240, #1176 ) ) ;
#2280 = CARTESIAN_POINT ( 'NONE',  ( 20.78031389334939405, 16.88314409293543150, 12.64037345109929156 ) ) ;
#2281 = ORIENTED_EDGE ( 'NONE', *, *, #1087, .F. ) ;
#2282 = CARTESIAN_POINT ( 'NONE',  ( 8.656684729121593591, 16.98952713241865453, 33.75809982710573109 ) ) ;
#2283 = ORIENTED_EDGE ( 'NONE', *, *, #2480, .F. ) ;
#2284 = VECTOR ( 'NONE', #1754, 1000.000000000000000 ) ;
#2285 = CARTESIAN_POINT ( 'NONE',  ( -14.26550506870303892, 30.93952713241841579, 20.11586664685437853 ) ) ;
#2286 = ORIENTED_EDGE ( 'NONE', *, *, #1337, .T. ) ;
#2287 = EDGE_LOOP ( 'NONE', ( #2542, #3204 ) ) ;
#2288 = DIRECTION ( 'NONE',  ( -1.000000000000000000, -1.541976423090494844E-14, 0.000000000000000000 ) ) ;
#2289 = FACE_OUTER_BOUND ( 'NONE', #2137, .T. ) ;
#2290 = DIRECTION ( 'NONE',  ( 1.000000000000000000, 1.495166424532390756E-14, 1.239088197126124417E-16 ) ) ;
#2291 = EDGE_CURVE ( 'NONE', #3698, #1964, #3881, .T. ) ;
#2292 = AXIS2_PLACEMENT_3D ( 'NONE', #692, #1031, #3206 ) ;
#2293 = CARTESIAN_POINT ( 'NONE',  ( 19.88384497163344022, 18.14435896630542544, 13.88783695007771257 ) ) ;
#2294 = CARTESIAN_POINT ( 'NONE',  ( 19.82171293727776984, 18.35649100066151718, 49.50602837798660261 ) ) ;
#2295 = AXIS2_PLACEMENT_3D ( 'NONE', #326, #1269, #3334 ) ;
#2296 = ADVANCED_FACE ( 'NONE', ( #2705 ), #223, .F. ) ;
#2297 = DIRECTION ( 'NONE',  ( 1.495166424532390756E-14, -1.000000000000000000, 1.115179377413661760E-15 ) ) ;
#2298 = EDGE_CURVE ( 'NONE', #3785, #3812, #3435, .T. ) ;
#2299 = CARTESIAN_POINT ( 'NONE',  ( 21.53449493129680548, -40.30903915740668708, 52.91586664685443964 ) ) ;
#2300 = LINE ( 'NONE', #766, #488 ) ;
#2301 = ORIENTED_EDGE ( 'NONE', *, *, #1684, .F. ) ;
#2302 = DIRECTION ( 'NONE',  ( 0.000000000000000000, 0.000000000000000000, 1.000000000000000000 ) ) ;
#2303 = ORIENTED_EDGE ( 'NONE', *, *, #1683, .T. ) ;
#2304 = DIRECTION ( 'NONE',  ( -1.000000000000000000, -1.387778780781444413E-14, 0.000000000000000000 ) ) ;
#2305 = CARTESIAN_POINT ( 'NONE',  ( 15.53449493129656389, 27.48952713241876467, 24.61586664685610160 ) ) ;
#2306 = ORIENTED_EDGE ( 'NONE', *, *, #1115, .F. ) ;
#2307 = VERTEX_POINT ( 'NONE', #200 ) ;
#2308 = CARTESIAN_POINT ( 'NONE',  ( -4.265505068703127733, 15.48952713241847512, 42.91586664685443253 ) ) ;
#2309 = AXIS2_PLACEMENT_3D ( 'NONE', #1116, #2646, #3250 ) ;
#2310 = DIRECTION ( 'NONE',  ( 1.000000000000000000, 1.495166424532390756E-14, 0.000000000000000000 ) ) ;
#2311 = ORIENTED_EDGE ( 'NONE', *, *, #1138, .F. ) ;
#2312 = DIRECTION ( 'NONE',  ( -1.000000000000000000, -1.387778780781445044E-14, 0.000000000000000000 ) ) ;
#2313 = CARTESIAN_POINT ( 'NONE',  ( -7.165505068703489577, 30.93952713241841579, 45.51586664685438421 ) ) ;
#2314 = CARTESIAN_POINT ( 'NONE',  ( 21.53449493129707548, 15.48952713241883394, 20.11586664685449577 ) ) ;
#2315 = CARTESIAN_POINT ( 'NONE',  ( 18.52556065835182864, 17.06526306370687962, 52.02825271746881697 ) ) ;
#2316 = DIRECTION ( 'NONE',  ( -1.495166424532390756E-14, 1.000000000000000000, -1.115179377413661760E-15 ) ) ;
#2317 = DIRECTION ( 'NONE',  ( 1.495166424532390756E-14, -1.000000000000000000, 1.115179377413661760E-15 ) ) ;
#2318 = EDGE_CURVE ( 'NONE', #3598, #2440, #879, .T. ) ;
#2319 = FACE_BOUND ( 'NONE', #503, .T. ) ;
#2320 = EDGE_CURVE ( 'NONE', #3219, #1590, #3862, .T. ) ;
#2321 = CIRCLE ( 'NONE', #577, 10.00000000000000000 ) ;
#2322 = EDGE_LOOP ( 'NONE', ( #2311, #1992, #2087, #1196 ) ) ;
#2323 = CARTESIAN_POINT ( 'NONE',  ( -14.26550506870306556, 27.48952713241840939, 26.61586664685609804 ) ) ;
#2324 = AXIS2_PLACEMENT_3D ( 'NONE', #906, #3676, #2750 ) ;
#2325 = CARTESIAN_POINT ( 'NONE',  ( -7.165505068703408753, 25.48952713241842361, 45.51586664685438421 ) ) ;
#2326 = ORIENTED_EDGE ( 'NONE', *, *, #3870, .F. ) ;
#2327 = ORIENTED_EDGE ( 'NONE', *, *, #3070, .T. ) ;
#2328 = LINE ( 'NONE', #2387, #626 ) ;
#2329 = LINE ( 'NONE', #3940, #752 ) ;
#2330 = ORIENTED_EDGE ( 'NONE', *, *, #3099, .F. ) ;
#2331 = DIRECTION ( 'NONE',  ( 6.000000000000043854E-15, 1.115179377413769834E-15, 1.000000000000000000 ) ) ;
#2332 = CARTESIAN_POINT ( 'NONE',  ( 19.76590232655960477, 18.48952713241883927, 48.95675055006923060 ) ) ;
#2333 = VECTOR ( 'NONE', #3773, 1000.000000000000000 ) ;
#2334 = CARTESIAN_POINT ( 'NONE',  ( 19.00998812705219976, 16.88314409293547769, 52.16168560890670847 ) ) ;
#2335 = PERSON_AND_ORGANIZATION ( #3325, #1221 ) ;
#2336 = VERTEX_POINT ( 'NONE', #3901 ) ;
#2337 = DIRECTION ( 'NONE',  ( -1.000000000000000000, 0.000000000000000000, 0.000000000000000000 ) ) ;
#2338 = CIRCLE ( 'NONE', #1630, 0.5000000000000004441 ) ;
#2339 = CARTESIAN_POINT ( 'NONE',  ( 7.676728111548086986, 16.98952713241863322, 26.49367684902954423 ) ) ;
#2340 = DIRECTION ( 'NONE',  ( 0.5000000000000099920, -0.7071067811865394681, 0.5000000000000013323 ) ) ;
#2341 = CARTESIAN_POINT ( 'NONE',  ( 8.656684729121591815, 16.98952713241865453, 33.75809982710573820 ) ) ;
#2342 = VERTEX_POINT ( 'NONE', #1175 ) ;
#2343 = EDGE_CURVE ( 'NONE', #968, #1932, #2329, .T. ) ;
#2344 = LINE ( 'NONE', #3245, #2007 ) ;
#2345 = CARTESIAN_POINT ( 'NONE',  ( -1.365505068703310343, 21.98951862599521689, -45.48413335314550210 ) ) ;
#2346 = ORIENTED_EDGE ( 'NONE', *, *, #691, .T. ) ;
#2347 = CIRCLE ( 'NONE', #2723, 1.750000000000000222 ) ;
#2348 = CARTESIAN_POINT ( 'NONE',  ( 18.11400334261325540, 18.37155707003071115, 51.19243133301751669 ) ) ;
#2349 = EDGE_CURVE ( 'NONE', #161, #1779, #1483, .T. ) ;
#2350 = AXIS2_PLACEMENT_3D ( 'NONE', #3521, #164, #3563 ) ;
#2351 = VECTOR ( 'NONE', #1938, 1000.000000000000000 ) ;
#2352 = CARTESIAN_POINT ( 'NONE',  ( -14.26550506870304780, 28.93952713241841579, 22.61586664685610160 ) ) ;
#2353 = EDGE_LOOP ( 'NONE', ( #1963, #3702, #1280, #3068 ) ) ;
#2354 = AXIS2_PLACEMENT_3D ( 'NONE', #3145, #3127, #2765 ) ;
#2355 = AXIS2_PLACEMENT_3D ( 'NONE', #359, #3462, #2810 ) ;
#2356 = ORIENTED_EDGE ( 'NONE', *, *, #324, .F. ) ;
#2357 = CARTESIAN_POINT ( 'NONE',  ( 3.634494931296738507, 17.48952713241857637, 31.51586664685439843 ) ) ;
#2358 = CARTESIAN_POINT ( 'NONE',  ( -0.6155050687029322010, 21.98951862599528795, 10.11586664685441583 ) ) ;
#2359 = CARTESIAN_POINT ( 'NONE',  ( 19.02911404894514291, 17.13597374182552713, 11.00703396683329238 ) ) ;
#2360 = DIRECTION ( 'NONE',  ( 6.676953772165309460E-15, -0.5773502691896424954, 0.8164965809277141551 ) ) ;
#2361 = CARTESIAN_POINT ( 'NONE',  ( 20.64332761131823091, 17.13597374182555200, 12.62124752920639814 ) ) ;
#2362 = VECTOR ( 'NONE', #3827, 1000.000000000000000 ) ;
#2363 = ORIENTED_EDGE ( 'NONE', *, *, #2001, .T. ) ;
#2364 = CARTESIAN_POINT ( 'NONE',  ( 20.64332761131820249, 17.13597374182556266, 50.41048576450245378 ) ) ;
#2365 = CARTESIAN_POINT ( 'NONE',  ( 20.29332761131818330, 18.48952713241884993, 50.26048576450244809 ) ) ;
#2366 = ORIENTED_EDGE ( 'NONE', *, *, #3415, .F. ) ;
#2367 = ORIENTED_EDGE ( 'NONE', *, *, #2587, .F. ) ;
#2368 = CARTESIAN_POINT ( 'NONE',  ( 1.392261751045421603, 15.48952713241854795, 36.53805644467924196 ) ) ;
#2369 = CARTESIAN_POINT ( 'NONE',  ( 20.53449493129697601, 25.48952713241840584, 32.01586664685450501 ) ) ;
#2370 = ORIENTED_EDGE ( 'NONE', *, *, #2012, .F. ) ;
#2371 = AXIS2_PLACEMENT_3D ( 'NONE', #2673, #1767, #229 ) ;
#2372 = CARTESIAN_POINT ( 'NONE',  ( 6.876728111548086275, 16.98952713241861900, 26.49367684902954778 ) ) ;
#2373 = ADVANCED_FACE ( 'NONE', ( #1468 ), #476, .T. ) ;
#2374 = EDGE_CURVE ( 'NONE', #968, #1640, #2934, .T. ) ;
#2375 = CARTESIAN_POINT ( 'NONE',  ( 19.11682178822942291, 17.03422970549033266, 52.05485194772943913 ) ) ;
#2376 = CARTESIAN_POINT ( 'NONE',  ( 17.77287865575810955, 18.48952713241876467, 11.84074806730741969 ) ) ;
#2377 = ORIENTED_EDGE ( 'NONE', *, *, #3583, .F. ) ;
#2378 = CARTESIAN_POINT ( 'NONE',  ( -14.26550506870310819, 28.93952713241841579, 38.26593200339667789 ) ) ;
#2379 = DIRECTION ( 'NONE',  ( 1.000000000000000000, -0.000000000000000000, 8.268308156524964354E-15 ) ) ;
#2380 = DIRECTION ( 'NONE',  ( 0.000000000000000000, 0.000000000000000000, 1.000000000000000000 ) ) ;
#2381 = CARTESIAN_POINT ( 'NONE',  ( 18.87911404894510881, 16.92384170746957395, 52.17469932687554746 ) ) ;
#2382 = ORIENTED_EDGE ( 'NONE', *, *, #843, .F. ) ;
#2383 = CARTESIAN_POINT ( 'NONE',  ( -4.115505068702932867, 21.98951862599528795, 16.11586664685441761 ) ) ;
#2384 = DIRECTION ( 'NONE',  ( 1.495166424532390756E-14, -1.000000000000000000, 1.115179377413661760E-15 ) ) ;
#2385 = ORIENTED_EDGE ( 'NONE', *, *, #343, .T. ) ;
#2386 = ORIENTED_EDGE ( 'NONE', *, *, #2693, .F. ) ;
#2387 = CARTESIAN_POINT ( 'NONE',  ( 3.634494931296397890, 28.93952713241841579, 50.51586664685443395 ) ) ;
#2388 = AXIS2_PLACEMENT_3D ( 'NONE', #469, #772, #2642 ) ;
#2389 = CARTESIAN_POINT ( 'NONE',  ( 10.45668472912157831, 17.98952713241868295, 33.75809982710573109 ) ) ;
#2390 = ORIENTED_EDGE ( 'NONE', *, *, #3198, .F. ) ;
#2391 = ORIENTED_EDGE ( 'NONE', *, *, #1182, .T. ) ;
#2392 = ADVANCED_FACE ( 'NONE', ( #1406 ), #3269, .F. ) ;
#2393 = CARTESIAN_POINT ( 'NONE',  ( 14.43449493129620365, 51.48952713241875045, 45.51586664685438421 ) ) ;
#2394 = VERTEX_POINT ( 'NONE', #801 ) ;
#2395 = EDGE_CURVE ( 'NONE', #3488, #139, #2614, .T. ) ;
#2396 = EDGE_CURVE ( 'NONE', #3163, #3134, #3843, .T. ) ;
#2397 = DIRECTION ( 'NONE',  ( 0.000000000000000000, -1.000000000000000000, 0.000000000000000000 ) ) ;
#2398 = DIRECTION ( 'NONE',  ( 1.495166424532390756E-14, -1.000000000000000000, 0.000000000000000000 ) ) ;
#2399 = DIRECTION ( 'NONE',  ( 1.000000000000000000, 1.491862189340054732E-14, 0.000000000000000000 ) ) ;
#2400 = CARTESIAN_POINT ( 'NONE',  ( 19.73703513369784091, 18.47624349893719753, 13.61038271933184696 ) ) ;
#2401 = CARTESIAN_POINT ( 'NONE',  ( 19.88384497163344022, 18.14435896630542544, 13.88783695007771257 ) ) ;
#2402 = DIRECTION ( 'NONE',  ( 1.495166424532390756E-14, -1.000000000000000000, 1.115179377413661760E-15 ) ) ;
#2403 = CARTESIAN_POINT ( 'NONE',  ( 19.81748312290148917, 18.48952713241883927, 49.26677886318573485 ) ) ;
#2404 = ORIENTED_EDGE ( 'NONE', *, *, #301, .T. ) ;
#2405 = ORIENTED_EDGE ( 'NONE', *, *, #2082, .F. ) ;
#2406 = CARTESIAN_POINT ( 'NONE',  ( 11.53449493129688541, 15.48952713241871137, 42.91586664685443253 ) ) ;
#2407 = ORIENTED_EDGE ( 'NONE', *, *, #2273, .T. ) ;
#2408 = CIRCLE ( 'NONE', #3575, 1.749999999999999778 ) ;
#2409 = CARTESIAN_POINT ( 'NONE',  ( 19.12318043466774142, 17.04095234293098216, 52.06501349218523700 ) ) ;
#2410 = CARTESIAN_POINT ( 'NONE',  ( 19.18644857206974308, 16.91329442933927041, 52.05606740848907066 ) ) ;
#2411 = EDGE_CURVE ( 'NONE', #2342, #3785, #3923, .T. ) ;
#2412 = EDGE_CURVE ( 'NONE', #1941, #3164, #2993, .T. ) ;
#2413 = DIRECTION ( 'NONE',  ( -0.5773502691895863181, -0.8164965809277540121, 0.000000000000000000 ) ) ;
#2414 = DIRECTION ( 'NONE',  ( 1.495558082644848094E-14, -1.000000000000000000, 1.167657241503923310E-15 ) ) ;
#2415 = EDGE_LOOP ( 'NONE', ( #3468, #1142, #2391, #1147 ) ) ;
#2416 = VECTOR ( 'NONE', #1816, 1000.000000000000000 ) ;
#2417 = AXIS2_PLACEMENT_3D ( 'NONE', #1781, #3251, #498 ) ;
#2418 = CARTESIAN_POINT ( 'NONE',  ( -3.365505068703311231, 21.98951862599521689, -45.48413335314548789 ) ) ;
#2419 = VERTEX_POINT ( 'NONE', #2389 ) ;
#2420 = CARTESIAN_POINT ( 'NONE',  ( 3.634494931296397890, 30.93952713241841579, 50.51586664685443395 ) ) ;
#2421 = CARTESIAN_POINT ( 'NONE',  ( -6.865505068703296132, 17.98952713241843426, 45.51586664685442685 ) ) ;
#2422 = EDGE_LOOP ( 'NONE', ( #927, #3491, #3609, #1544 ) ) ;
#2423 = FACE_OUTER_BOUND ( 'NONE', #3443, .T. ) ;
#2424 = DIRECTION ( 'NONE',  ( -1.000000000000000000, 0.000000000000000000, -8.645667657095498382E-30 ) ) ;
#2425 = CARTESIAN_POINT ( 'NONE',  ( 0.000000000000000000, 0.000000000000000000, 0.000000000000000000 ) ) ;
#2426 = CARTESIAN_POINT ( 'NONE',  ( 19.81376518948982479, 18.65378768406388588, 13.93819816965048020 ) ) ;
#2427 = DIRECTION ( 'NONE',  ( 1.000000000000000000, -0.000000000000000000, 8.268308156524964354E-15 ) ) ;
#2428 = ADVANCED_FACE ( 'NONE', ( #3615 ), #860, .T. ) ;
#2429 = ORIENTED_EDGE ( 'NONE', *, *, #2221, .F. ) ;
#2430 = ADVANCED_FACE ( 'NONE', ( #307 ), #1249, .T. ) ;
#2431 = CYLINDRICAL_SURFACE ( 'NONE', #1529, 0.5000000000000006661 ) ;
#2432 = CARTESIAN_POINT ( 'NONE',  ( 21.53449493129680548, -40.30903915740668708, 52.91586664685443964 ) ) ;
#2433 = ORIENTED_EDGE ( 'NONE', *, *, #2660, .F. ) ;
#2434 = ADVANCED_FACE ( 'NONE', ( #1502 ), #1559, .T. ) ;
#2435 = CARTESIAN_POINT ( 'NONE',  ( 20.73022086179840073, 16.83476998247516931, 50.51229511876027090 ) ) ;
#2436 = CARTESIAN_POINT ( 'NONE',  ( 19.00998812705224594, 16.88314409293545992, 10.87004768480212924 ) ) ;
#2437 = AXIS2_PLACEMENT_3D ( 'NONE', #146, #740, #504 ) ;
#2438 = CARTESIAN_POINT ( 'NONE',  ( 17.76252462807400079, 15.48952713241876644, 11.76651660651790365 ) ) ;
#2439 = ORIENTED_EDGE ( 'NONE', *, *, #2374, .T. ) ;
#2440 = VERTEX_POINT ( 'NONE', #3098 ) ;
#2441 = CARTESIAN_POINT ( 'NONE',  ( -14.26550506870316681, 30.93952713241841579, 52.91586664685443964 ) ) ;
#2442 = CARTESIAN_POINT ( 'NONE',  ( 19.94707618365131196, 18.44900727227243920, 49.24982736555876528 ) ) ;
#2443 = VECTOR ( 'NONE', #1308, 1000.000000000000000 ) ;
#2444 = VECTOR ( 'NONE', #3041, 1000.000000000000000 ) ;
#2445 = FACE_BOUND ( 'NONE', #1422, .T. ) ;
#2446 = CARTESIAN_POINT ( 'NONE',  ( 19.88384497163390563, 18.14435896630541833, 13.88783695007818508 ) ) ;
#2447 = FACE_OUTER_BOUND ( 'NONE', #2928, .T. ) ;
#2448 = VERTEX_POINT ( 'NONE', #48 ) ;
#2449 = DIRECTION ( 'NONE',  ( 0.000000000000000000, 1.000000000000000000, 0.000000000000000000 ) ) ;
#2450 = AXIS2_PLACEMENT_3D ( 'NONE', #462, #830, #2063 ) ;
#2451 = EDGE_CURVE ( 'NONE', #3859, #754, #2472, .T. ) ;
#2452 =( BOUNDED_SURFACE ( )  B_SPLINE_SURFACE ( 3, 2, ( 
 ( #915, #2142, #3080 ),
 ( #292, #609, #1521 ),
 ( #2759, #3060, #3682 ),
 ( #2742, #3974, #2435 ),
 ( #1495, #2716, #282 ),
 ( #596, #3343, #1201 ) ),
 .UNSPECIFIED., .F., .F., .F. ) 
 B_SPLINE_SURFACE_WITH_KNOTS ( ( 4, 2, 4 ),
 ( 3, 3 ),
 ( 7.068583470577072703, 7.461282552275772417, 7.853981633974473020 ),
 ( 0.000000000000000000, 1.000000000000000000 ),
 .UNSPECIFIED. ) 
 GEOMETRIC_REPRESENTATION_ITEM ( )  RATIONAL_B_SPLINE_SURFACE ( (
 ( 1.000000000000000000, 0.8660254037844492547, 1.000000000000000000),
 ( 1.000000000000000000, 0.9039895065455262335, 1.000000000000000000),
 ( 1.000000000000000000, 0.9386557992894472013, 1.000000000000000000),
 ( 1.000000000000000000, 0.9867290404728679132, 1.000000000000000000),
 ( 1.000000000000000000, 1.000158692512709502, 1.000000000000000000),
 ( 1.000000000000000000, 1.000000000000000000, 1.000000000000000000) ) ) 
 REPRESENTATION_ITEM ( '' )  SURFACE ( )  );
#2453 = LINE ( 'NONE', #3680, #3769 ) ;
#2454 = VERTEX_POINT ( 'NONE', #3721 ) ;
#2455 = LINE ( 'NONE', #2159, #3837 ) ;
#2456 = DIRECTION ( 'NONE',  ( -1.495166424532390756E-14, 1.000000000000000000, -1.115179377413661760E-15 ) ) ;
#2457 = EDGE_CURVE ( 'NONE', #682, #3358, #2475, .T. ) ;
#2458 = ADVANCED_FACE ( 'NONE', ( #2721 ), #607, .F. ) ;
#2459 = DIRECTION ( 'NONE',  ( -1.000000000000000000, -1.495166424532390756E-14, 0.000000000000000000 ) ) ;
#2460 = ORIENTED_EDGE ( 'NONE', *, *, #2412, .F. ) ;
#2461 = DIRECTION ( 'NONE',  ( 0.8164965809277152653, 0.5773502691896412742, 0.000000000000000000 ) ) ;
#2462 = CARTESIAN_POINT ( 'NONE',  ( 17.57537883451270133, 18.48952713241880730, 51.14727404211627970 ) ) ;
#2463 = AXIS2_PLACEMENT_3D ( 'NONE', #2858, #1334, #3513 ) ;
#2464 = CARTESIAN_POINT ( 'NONE',  ( 17.64607972442463080, 18.38130729056937440, 51.17222688224269689 ) ) ;
#2465 = VECTOR ( 'NONE', #17, 1000.000000000000000 ) ;
#2466 = CARTESIAN_POINT ( 'NONE',  ( 21.53449493129692627, 28.93952713241841579, 38.26593200339668499 ) ) ;
#2467 = CARTESIAN_POINT ( 'NONE',  ( 54.73449493129641752, 28.93952713241841224, 38.26593200339667789 ) ) ;
#2468 = ORIENTED_EDGE ( 'NONE', *, *, #2660, .T. ) ;
#2469 = CARTESIAN_POINT ( 'NONE',  ( 20.53449493129697601, 25.48952713241840584, 32.01586664685450501 ) ) ;
#2470 = EDGE_LOOP ( 'NONE', ( #388, #586 ) ) ;
#2471 = VECTOR ( 'NONE', #3929, 1000.000000000000000 ) ;
#2472 = LINE ( 'NONE', #2418, #886 ) ;
#2473 = ORIENTED_EDGE ( 'NONE', *, *, #1929, .T. ) ;
#2474 = CARTESIAN_POINT ( 'NONE',  ( -0.4077382489546161892, 17.98952713241852308, 36.53805644467924196 ) ) ;
#2475 = CIRCLE ( 'NONE', #3121, 0.2999999999999990452 ) ;
#2476 = DIRECTION ( 'NONE',  ( 1.000000000000000000, 1.495166424532391072E-14, 0.000000000000000000 ) ) ;
#2477 = ORIENTED_EDGE ( 'NONE', *, *, #1984, .T. ) ;
#2478 = EDGE_CURVE ( 'NONE', #880, #1113, #183, .T. ) ;
#2479 = DIRECTION ( 'NONE',  ( -6.938893903907173946E-15, 0.000000000000000000, 1.000000000000000000 ) ) ;
#2480 = EDGE_CURVE ( 'NONE', #180, #1055, #1811, .T. ) ;
#2481 = CARTESIAN_POINT ( 'NONE',  ( 19.23266743953839608, 18.48952713241878953, 11.00348057624001719 ) ) ;
#2482 = CARTESIAN_POINT ( 'NONE',  ( -6.865505068703797065, 30.93952713241841579, 45.51586664685440553 ) ) ;
#2483 = CLOSED_SHELL ( 'NONE', ( #3822, #3274, #3447, #1360, #3149, #2845, #867, #426, #3499, #3710, #2083, #2663, #2856, #3048, #3948, #2640, #2685, #1556, #3684, #690, #3469, #444, #9, #342, #3169, #1952, #3817, #1011, #892, #2535, #2610, #2458, #279, #2033, #546, #3356, #109, #3071, #3, #5, #3640, #616, #56, #1330, #2691, #571, #474, #2148, #2240, #3712, #2032, #1985, #394, #1106, #54, #617, #1583, #418, #3531, #3732, #1227, #1030, #1582, #3899, #2296, #3117, #3142, #917, #1229, #2434, #1810, #372, #3200, #1768, #1885, #3095, #1604, #1139, #3280, #1459, #2392, #2373, #2428, #130, #3967, #1510, #1038, #2144, #3731, #2499, #76, #3844, #2533, #1385, #31, #2730, #1562, #1143, #2102, #1877, #241, #2430, #2778, #3692, #505, #3376, #3944, #1742, #2855, #851, #1112, #322, #910, #1835, #639, #11, #2686, #3423, #638, #526, #1748, #1834 ) ) ;
#2484 = DIRECTION ( 'NONE',  ( 0.000000000000000000, 0.000000000000000000, 1.000000000000000000 ) ) ;
#2485 = DIRECTION ( 'NONE',  ( -1.387778780781444413E-14, 1.000000000000000000, 0.000000000000000000 ) ) ;
#2486 = CARTESIAN_POINT ( 'NONE',  ( 10.63448437366608346, 21.98951862599546203, 46.91586664685443964 ) ) ;
#2487 = ORIENTED_EDGE ( 'NONE', *, *, #1924, .F. ) ;
#2488 = FACE_OUTER_BOUND ( 'NONE', #3298, .T. ) ;
#2489 = ORIENTED_EDGE ( 'NONE', *, *, #1307, .T. ) ;
#2490 = CARTESIAN_POINT ( 'NONE',  ( -4.265505068703038916, -40.30903915740668708, 20.11586664685441761 ) ) ;
#2491 = ORIENTED_EDGE ( 'NONE', *, *, #955, .T. ) ;
#2492 = EDGE_LOOP ( 'NONE', ( #576, #2091, #3978, #3317 ) ) ;
#2493 = LINE ( 'NONE', #1565, #3585 ) ;
#2494 = EDGE_LOOP ( 'NONE', ( #1159, #1304, #1450, #3321, #252, #1923, #1662, #2327 ) ) ;
#2495 = DIRECTION ( 'NONE',  ( 1.495166424532390756E-14, -1.000000000000000000, 1.115179377413661168E-15 ) ) ;
#2496 = DIRECTION ( 'NONE',  ( 1.667378762439842493E-29, -1.115179377413661760E-15, -1.000000000000000000 ) ) ;
#2497 = VECTOR ( 'NONE', #2188, 1000.000000000000000 ) ;
#2498 =( BOUNDED_SURFACE ( )  B_SPLINE_SURFACE ( 3, 2, ( 
 ( #1170, #890, #2446 ),
 ( #2400, #1, #3626 ),
 ( #3365, #3034, #599 ),
 ( #1535, #2426, #3659 ) ),
 .UNSPECIFIED., .F., .F., .F. ) 
 B_SPLINE_SURFACE_WITH_KNOTS ( ( 4, 4 ),
 ( 3, 3 ),
 ( 4.712388980384689674, 5.161176415283234675 ),
 ( 0.000000000000000000, 1.000000000000000000 ),
 .UNSPECIFIED. ) 
 GEOMETRIC_REPRESENTATION_ITEM ( )  RATIONAL_B_SPLINE_SURFACE ( (
 ( 1.000000000000000000, 0.7071067811865481278, 1.000000000000000000),
 ( 1.000000000000000000, 0.7445233871054391939, 1.000000000000000000),
 ( 1.000000000000000000, 0.7788702509713530953, 1.000000000000000000),
 ( 1.000000000000000000, 0.8083300061778412315, 1.000000000000000000) ) ) 
 REPRESENTATION_ITEM ( '' )  SURFACE ( )  );
#2499 = ADVANCED_FACE ( 'NONE', ( #2779 ), #27, .T. ) ;
#2500 = AXIS2_PLACEMENT_3D ( 'NONE', #1090, #796, #2027 ) ;
#2501 = ORIENTED_EDGE ( 'NONE', *, *, #295, .T. ) ;
#2502 = CARTESIAN_POINT ( 'NONE',  ( 19.80485759154277758, 18.48952713241883927, 49.08624493182556847 ) ) ;
#2503 = EDGE_CURVE ( 'NONE', #3723, #2626, #627, .T. ) ;
#2504 = CARTESIAN_POINT ( 'NONE',  ( 20.53449493129698311, 15.48952713241858525, 31.01586664685450145 ) ) ;
#2505 = EDGE_CURVE ( 'NONE', #628, #653, #2861, .T. ) ;
#2506 = COORDINATED_UNIVERSAL_TIME_OFFSET ( 8, 0, .AHEAD. ) ;
#2507 = CARTESIAN_POINT ( 'NONE',  ( 7.656684729121590927, 16.98952713241864032, 33.75809982710573820 ) ) ;
#2508 = DIRECTION ( 'NONE',  ( -0.5000000000000135447, 0.7071067811865392461, 0.4999999999999980571 ) ) ;
#2509 = DIRECTION ( 'NONE',  ( -1.000000000000000000, 0.000000000000000000, 0.000000000000000000 ) ) ;
#2510 = ORIENTED_EDGE ( 'NONE', *, *, #3815, .T. ) ;
#2511 = VECTOR ( 'NONE', #936, 1000.000000000000000 ) ;
#2512 = CYLINDRICAL_SURFACE ( 'NONE', #2559, 1.749999999999999778 ) ;
#2513 = ORIENTED_EDGE ( 'NONE', *, *, #2554, .F. ) ;
#2514 = CARTESIAN_POINT ( 'NONE',  ( 1.634494931296397668, 30.93952713241841579, 47.51586664685442685 ) ) ;
#2515 = VERTEX_POINT ( 'NONE', #3972 ) ;
#2516 = VERTEX_POINT ( 'NONE', #1208 ) ;
#2517 = AXIS2_PLACEMENT_3D ( 'NONE', #1264, #63, #2485 ) ;
#2518 = LINE ( 'NONE', #1925, #2228 ) ;
#2519 = ORIENTED_EDGE ( 'NONE', *, *, #3044, .T. ) ;
#2520 = DIRECTION ( 'NONE',  ( 8.268308156524964354E-15, 0.000000000000000000, -1.000000000000000000 ) ) ;
#2521 = FACE_OUTER_BOUND ( 'NONE', #455, .T. ) ;
#2522 = EDGE_LOOP ( 'NONE', ( #2198, #1135, #2346, #3182 ) ) ;
#2523 = CARTESIAN_POINT ( 'NONE',  ( -2.689831610688772617E-13, 17.98952713241848755, -2.019274432772227777E-14 ) ) ;
#2524 = VECTOR ( 'NONE', #3629, 1000.000000000000000 ) ;
#2525 = FACE_OUTER_BOUND ( 'NONE', #1130, .T. ) ;
#2526 = AXIS2_PLACEMENT_3D ( 'NONE', #1741, #3865, #1079 ) ;
#2527 = VECTOR ( 'NONE', #3018, 1000.000000000000000 ) ;
#2528 = PERSON_AND_ORGANIZATION_ROLE ( 'creator' ) ;
#2529 = CARTESIAN_POINT ( 'NONE',  ( 19.01349459997745939, 16.88583314791174317, 52.17469932687554746 ) ) ;
#2530 = CARTESIAN_POINT ( 'NONE',  ( 10.63448437366608346, 21.98951862599546203, 45.51586664685440553 ) ) ;
#2531 = DIRECTION ( 'NONE',  ( 1.000000000000000000, 0.000000000000000000, 0.000000000000000000 ) ) ;
#2532 = ORIENTED_EDGE ( 'NONE', *, *, #1337, .F. ) ;
#2533 = ADVANCED_FACE ( 'NONE', ( #3351 ), #2757, .T. ) ;
#2534 = CARTESIAN_POINT ( 'NONE',  ( 14.43449493129620365, 51.48952713241872203, 24.61586664685606607 ) ) ;
#2535 = ADVANCED_FACE ( 'NONE', ( #3038 ), #290, .T. ) ;
#2536 = AXIS2_PLACEMENT_3D ( 'NONE', #2963, #2676, #1704 ) ;
#2537 = ORIENTED_EDGE ( 'NONE', *, *, #296, .F. ) ;
#2538 = CARTESIAN_POINT ( 'NONE',  ( 20.79332761131820462, 16.96185026702742604, 50.12610521347011172 ) ) ;
#2539 = ORIENTED_EDGE ( 'NONE', *, *, #3397, .T. ) ;
#2540 = DIRECTION ( 'NONE',  ( 0.000000000000000000, -1.000000000000000000, 0.000000000000000000 ) ) ;
#2541 = ORIENTED_EDGE ( 'NONE', *, *, #1815, .T. ) ;
#2542 = ORIENTED_EDGE ( 'NONE', *, *, #3583, .T. ) ;
#2543 = FACE_OUTER_BOUND ( 'NONE', #3829, .T. ) ;
#2544 = PLANE ( 'NONE',  #2354 ) ;
#2545 = AXIS2_PLACEMENT_3D ( 'NONE', #2406, #765, #1163 ) ;
#2546 = CARTESIAN_POINT ( 'NONE',  ( 21.53449493129707548, 30.93952713241841579, 20.11586664685449577 ) ) ;
#2547 = DIRECTION ( 'NONE',  ( 1.000000000000000000, 1.387778780781444413E-14, 0.000000000000000000 ) ) ;
#2548 = AXIS2_PLACEMENT_3D ( 'NONE', #2774, #2402, #2703 ) ;
#2549 = FACE_OUTER_BOUND ( 'NONE', #3403, .T. ) ;
#2550 = DIRECTION ( 'NONE',  ( -1.495166424532390756E-14, 1.000000000000000000, -1.115179377413661760E-15 ) ) ;
#2551 = VERTEX_POINT ( 'NONE', #3666 ) ;
#2552 = DIRECTION ( 'NONE',  ( -0.000000000000000000, -0.000000000000000000, -1.000000000000000000 ) ) ;
#2553 = ORIENTED_EDGE ( 'NONE', *, *, #2777, .T. ) ;
#2554 = EDGE_CURVE ( 'NONE', #2870, #934, #3369, .T. ) ;
#2555 = EDGE_CURVE ( 'NONE', #304, #491, #2453, .T. ) ;
#2556 = CARTESIAN_POINT ( 'NONE',  ( -2.387694866528084603, 15.48952713241848400, 29.27363346660304799 ) ) ;
#2557 = EDGE_LOOP ( 'NONE', ( #2182, #2258 ) ) ;
#2558 = ORIENTED_EDGE ( 'NONE', *, *, #1335, .T. ) ;
#2559 = AXIS2_PLACEMENT_3D ( 'NONE', #1659, #2552, #2832 ) ;
#2560 = EDGE_CURVE ( 'NONE', #1825, #3307, #3860, .T. ) ;
#2561 = EDGE_CURVE ( 'NONE', #3207, #1002, #1071, .T. ) ;
#2562 = DIRECTION ( 'NONE',  ( 0.000000000000000000, 0.000000000000000000, -1.000000000000000000 ) ) ;
#2563 = ORIENTED_EDGE ( 'NONE', *, *, #556, .F. ) ;
#2564 = VERTEX_POINT ( 'NONE', #1641 ) ;
#2565 = DIRECTION ( 'NONE',  ( 0.000000000000000000, 0.000000000000000000, 1.000000000000000000 ) ) ;
#2566 = DIRECTION ( 'NONE',  ( -1.000000000000000000, 0.000000000000000000, 0.000000000000000000 ) ) ;
#2567 = VECTOR ( 'NONE', #3658, 1000.000000000000000 ) ;
#2568 = AXIS2_PLACEMENT_3D ( 'NONE', #1766, #438, #786 ) ;
#2569 = CARTESIAN_POINT ( 'NONE',  ( 18.73769269270783155, 17.06526306370686541, 11.21561261059597925 ) ) ;
#2570 = FACE_OUTER_BOUND ( 'NONE', #2919, .T. ) ;
#2571 = AXIS2_PLACEMENT_3D ( 'NONE', #3832, #3856, #1070 ) ;
#2572 = CARTESIAN_POINT ( 'NONE',  ( -14.26550506870300161, 30.93952713241841579, 10.11586664685441583 ) ) ;
#2573 = CARTESIAN_POINT ( 'NONE',  ( 9.634494931297066245, 21.98951862599546558, 52.91586664685443964 ) ) ;
#2574 = CARTESIAN_POINT ( 'NONE',  ( 19.23266743953842095, 16.78242035123225406, 11.00348057624001896 ) ) ;
#2575 = CARTESIAN_POINT ( 'NONE',  ( -24.32639342193869325, 30.93952713241841579, 22.61586664685610160 ) ) ;
#2576 = VERTEX_POINT ( 'NONE', #2514 ) ;
#2577 = CYLINDRICAL_SURFACE ( 'NONE', #3040, 2.000000000000001776 ) ;
#2578 = ORIENTED_EDGE ( 'NONE', *, *, #3008, .F. ) ;
#2579 = CYLINDRICAL_SURFACE ( 'NONE', #1244, 1.799999999999999600 ) ;
#2580 = EDGE_CURVE ( 'NONE', #3564, #2815, #428, .T. ) ;
#2581 = LINE ( 'NONE', #3538, #1652 ) ;
#2582 = ORIENTED_EDGE ( 'NONE', *, *, #2298, .F. ) ;
#2583 = VERTEX_POINT ( 'NONE', #114 ) ;
#2584 = CYLINDRICAL_SURFACE ( 'NONE', #1300, 2.000000000000001776 ) ;
#2585 = CARTESIAN_POINT ( 'NONE',  ( -7.165505068703489577, 30.93952713241841579, 45.51586664685438421 ) ) ;
#2586 = CARTESIAN_POINT ( 'NONE',  ( 17.46490048657203076, 15.48952713241880375, 50.96759254568900133 ) ) ;
#2587 = EDGE_CURVE ( 'NONE', #3784, #499, #3180, .T. ) ;
#2588 = EDGE_CURVE ( 'NONE', #2966, #3427, #1008, .T. ) ;
#2589 = ORIENTED_EDGE ( 'NONE', *, *, #2910, .T. ) ;
#2590 = CARTESIAN_POINT ( 'NONE',  ( 5.876728111548071176, 17.98952713241860124, 26.49367684902954423 ) ) ;
#2591 = CARTESIAN_POINT ( 'NONE',  ( 19.23266743953842095, 16.78242035123225406, 11.00348057624001896 ) ) ;
#2592 = CYLINDRICAL_SURFACE ( 'NONE', #2099, 1.750000000000000444 ) ;
#2593 = VERTEX_POINT ( 'NONE', #2834 ) ;
#2594 = CARTESIAN_POINT ( 'NONE',  ( 5.876728111548086275, 16.98952713241860479, 26.49367684902954423 ) ) ;
#2595 = VECTOR ( 'NONE', #1224, 1000.000000000000000 ) ;
#2596 = ORIENTED_EDGE ( 'NONE', *, *, #2451, .F. ) ;
#2597 = DIRECTION ( 'NONE',  ( 1.000000000000000000, -0.000000000000000000, 3.850437621911135392E-15 ) ) ;
#2598 = DIRECTION ( 'NONE',  ( -1.000000000000000000, -1.495166424532390756E-14, 1.667378762439842493E-29 ) ) ;
#2599 = ORIENTED_EDGE ( 'NONE', *, *, #1207, .T. ) ;
#2600 = VERTEX_POINT ( 'NONE', #2238 ) ;
#2601 = DIRECTION ( 'NONE',  ( 1.474514954580287292E-14, -1.000000000000000000, 0.000000000000000000 ) ) ;
#2602 = DIRECTION ( 'NONE',  ( 0.000000000000000000, 1.000000000000000000, -1.445602896647339706E-15 ) ) ;
#2603 = VERTEX_POINT ( 'NONE', #2814 ) ;
#2604 = CARTESIAN_POINT ( 'NONE',  ( 20.29332761131825791, 15.48952713241880375, 12.77124752920639850 ) ) ;
#2605 = CARTESIAN_POINT ( 'NONE',  ( -24.32639342193869325, 30.93952713241841579, 22.61586664685610160 ) ) ;
#2606 = DIRECTION ( 'NONE',  ( -1.000000000000000000, 0.000000000000000000, 0.000000000000000000 ) ) ;
#2607 = DATE_AND_TIME ( #2629, #905 ) ;
#2608 = EDGE_CURVE ( 'NONE', #115, #2651, #2257, .T. ) ;
#2609 = EDGE_LOOP ( 'NONE', ( #194, #3212, #2813, #696 ) ) ;
#2610 = ADVANCED_FACE ( 'NONE', ( #1050 ), #729, .F. ) ;
#2611 = VECTOR ( 'NONE', #2540, 1000.000000000000000 ) ;
#2612 = CYLINDRICAL_SURFACE ( 'NONE', #2129, 0.9999894423690178780 ) ;
#2613 = DIRECTION ( 'NONE',  ( 0.000000000000000000, 1.000000000000000000, -0.000000000000000000 ) ) ;
#2614 = CIRCLE ( 'NONE', #2738, 1.000000000000002665 ) ;
#2615 = DIRECTION ( 'NONE',  ( 0.7071067811865466846, 1.127570259384924454E-14, 0.7071067811865483499 ) ) ;
#2616 = DIRECTION ( 'NONE',  ( 0.000000000000000000, 0.000000000000000000, 1.000000000000000000 ) ) ;
#2617 = ORIENTED_EDGE ( 'NONE', *, *, #262, .T. ) ;
#2618 = FACE_OUTER_BOUND ( 'NONE', #1469, .T. ) ;
#2619 = ORIENTED_EDGE ( 'NONE', *, *, #367, .T. ) ;
#2620 = CYLINDRICAL_SURFACE ( 'NONE', #69, 0.5000000000000004441 ) ;
#2621 = CARTESIAN_POINT ( 'NONE',  ( 17.70961072653902946, 18.26408945781007276, 51.21230278565522553 ) ) ;
#2622 = ORIENTED_EDGE ( 'NONE', *, *, #1560, .F. ) ;
#2623 = ORIENTED_EDGE ( 'NONE', *, *, #2941, .F. ) ;
#2624 = CARTESIAN_POINT ( 'NONE',  ( 19.09124608330110817, 16.98952713241880375, 10.86205922000270974 ) ) ;
#2625 = DIRECTION ( 'NONE',  ( 1.000000000000000000, 0.000000000000000000, 4.322833828547759000E-30 ) ) ;
#2626 = VERTEX_POINT ( 'NONE', #1357 ) ;
#2627 = CARTESIAN_POINT ( 'NONE',  ( 14.43449493129651096, 30.93952713241841579, 40.26593200339668499 ) ) ;
#2628 = CARTESIAN_POINT ( 'NONE',  ( 19.88384497163346154, 15.48952713241878953, 13.88783695007773389 ) ) ;
#2629 = CALENDAR_DATE ( 2026, 24, 6 ) ;
#2630 = ORIENTED_EDGE ( 'NONE', *, *, #324, .T. ) ;
#2631 = CARTESIAN_POINT ( 'NONE',  ( 9.634494931297066245, 21.98951862599546558, 10.11586664685441583 ) ) ;
#2632 = EDGE_CURVE ( 'NONE', #2795, #2564, #664, .T. ) ;
#2633 = VECTOR ( 'NONE', #1222, 1000.000000000000000 ) ;
#2634 = DIRECTION ( 'NONE',  ( -0.8164965809277152653, -0.5773502691896412742, 0.000000000000000000 ) ) ;
#2635 = PLANE ( 'NONE',  #2536 ) ;
#2636 = CARTESIAN_POINT ( 'NONE',  ( -4.265505068703038916, -40.30903915740668708, 10.11586664685441583 ) ) ;
#2637 = CIRCLE ( 'NONE', #902, 1.000000000000000444 ) ;
#2638 = AXIS2_PLACEMENT_3D ( 'NONE', #3603, #2999, #250 ) ;
#2639 = EDGE_CURVE ( 'NONE', #3796, #1321, #3043, .T. ) ;
#2640 = ADVANCED_FACE ( 'NONE', ( #154 ), #2882, .F. ) ;
#2641 = ORIENTED_EDGE ( 'NONE', *, *, #2124, .T. ) ;
#2642 = DIRECTION ( 'NONE',  ( 0.7071067811865492381, 0.000000000000000000, 0.7071067811865457964 ) ) ;
#2643 = CARTESIAN_POINT ( 'NONE',  ( -14.26550506870308688, 25.48952713241840584, 26.61586664685609804 ) ) ;
#2644 = VERTEX_POINT ( 'NONE', #2199 ) ;
#2645 = ORIENTED_EDGE ( 'NONE', *, *, #918, .T. ) ;
#2646 = DIRECTION ( 'NONE',  ( 1.000000000000000000, 1.495166424532390756E-14, -1.667378762439842493E-29 ) ) ;
#2647 =( BOUNDED_CURVE ( )  B_SPLINE_CURVE ( 3, ( #3836, #3537, #2348, #242 ),
 .UNSPECIFIED., .F., .T. ) 
 B_SPLINE_CURVE_WITH_KNOTS ( ( 4, 4 ),
 ( 1.514306079155569362, 1.570796326794880571 ),
 .UNSPECIFIED. ) 
 CURVE ( )  GEOMETRIC_REPRESENTATION_ITEM ( )  RATIONAL_B_SPLINE_CURVE ( ( 1.000000000000000000, 0.9997340886725597509, 0.9997340886725597509, 1.000000000000000000 ) ) 
 REPRESENTATION_ITEM ( '' )  );
#2648 = DIRECTION ( 'NONE',  ( -1.000000000000000000, -0.000000000000000000, -4.322833828547759000E-30 ) ) ;
#2649 = EDGE_LOOP ( 'NONE', ( #953, #3221 ) ) ;
#2650 = VECTOR ( 'NONE', #142, 1000.000000000000000 ) ;
#2651 = VERTEX_POINT ( 'NONE', #3119 ) ;
#2652 = DIRECTION ( 'NONE',  ( -1.000000000000000000, -1.541976423090494529E-14, 0.000000000000000000 ) ) ;
#2653 = AXIS2_PLACEMENT_3D ( 'NONE', #1364, #3840, #2288 ) ;
#2654 = LINE ( 'NONE', #2023, #2979 ) ;
#2655 = DIRECTION ( 'NONE',  ( -0.000000000000000000, -0.000000000000000000, -1.000000000000000000 ) ) ;
#2656 = CARTESIAN_POINT ( 'NONE',  ( 54.73449493129659515, 25.48952713241935086, 24.61586664685610515 ) ) ;
#2657 = ORIENTED_EDGE ( 'NONE', *, *, #1467, .T. ) ;
#2658 = CARTESIAN_POINT ( 'NONE',  ( 17.40897123748117536, -40.30903915740670840, 11.41296321592507468 ) ) ;
#2659 = CARTESIAN_POINT ( 'NONE',  ( 17.86845565000439251, 18.44900727227494741, 51.32844789920785189 ) ) ;
#2660 = EDGE_CURVE ( 'NONE', #1271, #3698, #2212, .T. ) ;
#2661 = EDGE_LOOP ( 'NONE', ( #2069, #2622 ) ) ;
#2662 = VERTEX_POINT ( 'NONE', #2556 ) ;
#2663 = ADVANCED_FACE ( 'NONE', ( #753 ), #2579, .F. ) ;
#2664 = DIRECTION ( 'NONE',  ( 1.000000000000000000, -0.000000000000000000, 8.268308156524964354E-15 ) ) ;
#2665 = AXIS2_PLACEMENT_3D ( 'NONE', #406, #686, #1922 ) ;
#2666 = DIRECTION ( 'NONE',  ( 6.938893903907173946E-15, 0.000000000000000000, -1.000000000000000000 ) ) ;
#2667 = VERTEX_POINT ( 'NONE', #1987 ) ;
#2668 = CIRCLE ( 'NONE', #1839, 1.799999999999999600 ) ;
#2669 = ORIENTED_EDGE ( 'NONE', *, *, #872, .F. ) ;
#2670 = CARTESIAN_POINT ( 'NONE',  ( -3.365505068702934643, 21.98951862599528440, 108.0658666468539337 ) ) ;
#2671 = VERTEX_POINT ( 'NONE', #3202 ) ;
#2672 = CYLINDRICAL_SURFACE ( 'NONE', #3544, 1.000000000000000000 ) ;
#2673 = CARTESIAN_POINT ( 'NONE',  ( 1.392261751045399398, 16.98952713241854795, 36.53805644467924196 ) ) ;
#2674 = FACE_OUTER_BOUND ( 'NONE', #1458, .T. ) ;
#2675 = AXIS2_PLACEMENT_3D ( 'NONE', #3652, #1831, #1542 ) ;
#2676 = DIRECTION ( 'NONE',  ( 0.8320502943378439431, 0.000000000000000000, 0.5547001962252289253 ) ) ;
#2677 = DIRECTION ( 'NONE',  ( -8.268308156524964354E-15, 0.000000000000000000, 1.000000000000000000 ) ) ;
#2678 = VECTOR ( 'NONE', #2130, 1000.000000000000000 ) ;
#2679 = VERTEX_POINT ( 'NONE', #1904 ) ;
#2680 = DIRECTION ( 'NONE',  ( 0.000000000000000000, 1.000000000000000000, 0.000000000000000000 ) ) ;
#2681 = LINE ( 'NONE', #2345, #1317 ) ;
#2682 = VERTEX_POINT ( 'NONE', #364 ) ;
#2683 = ORIENTED_EDGE ( 'NONE', *, *, #3693, .F. ) ;
#2684 = DIRECTION ( 'NONE',  ( 1.000000000000000000, 1.561251128379125754E-14, 0.000000000000000000 ) ) ;
#2685 = ADVANCED_FACE ( 'NONE', ( #1599 ), #1292, .F. ) ;
#2686 = ADVANCED_FACE ( 'NONE', ( #91 ), #965, .T. ) ;
#2687 = DIRECTION ( 'NONE',  ( -6.000000000000043065E-15, -1.115179377413769834E-15, -1.000000000000000000 ) ) ;
#2688 = ORIENTED_EDGE ( 'NONE', *, *, #1631, .T. ) ;
#2689 = VECTOR ( 'NONE', #1445, 1000.000000000000000 ) ;
#2690 = CARTESIAN_POINT ( 'NONE',  ( 17.86845565000455238, 18.44900727227196313, 11.70328539450127536 ) ) ;
#2691 = ADVANCED_FACE ( 'NONE', ( #552 ), #196, .F. ) ;
#2692 = ORIENTED_EDGE ( 'NONE', *, *, #983, .F. ) ;
#2693 = EDGE_CURVE ( 'NONE', #1355, #454, #1792, .T. ) ;
#2694 = FACE_BOUND ( 'NONE', #1566, .T. ) ;
#2695 = EDGE_LOOP ( 'NONE', ( #2833, #198, #2773, #1418 ) ) ;
#2696 = DIRECTION ( 'NONE',  ( 1.495166424532390756E-14, -1.000000000000000000, 1.115179377413661760E-15 ) ) ;
#2697 = AXIS2_PLACEMENT_3D ( 'NONE', #3854, #1417, #749 ) ;
#2698 = CARTESIAN_POINT ( 'NONE',  ( 54.73449493129641752, 28.93952713241841579, 22.61586664685610160 ) ) ;
#2699 = CARTESIAN_POINT ( 'NONE',  ( -2.365505068703310787, 21.98951862599521689, -45.48413335314549499 ) ) ;
#2700 = CARTESIAN_POINT ( 'NONE',  ( 18.87911404894512657, 15.48952713241882684, 51.67469932687554746 ) ) ;
#2701 = ORIENTED_EDGE ( 'NONE', *, *, #554, .F. ) ;
#2702 = VECTOR ( 'NONE', #3050, 1000.000000000000000 ) ;
#2703 = DIRECTION ( 'NONE',  ( 1.000000000000000000, 1.387778780781444413E-14, 0.000000000000000000 ) ) ;
#2704 = AXIS2_PLACEMENT_3D ( 'NONE', #2049, #3286, #533 ) ;
#2705 = FACE_OUTER_BOUND ( 'NONE', #2492, .T. ) ;
#2706 = VERTEX_POINT ( 'NONE', #3534 ) ;
#2707 = EDGE_CURVE ( 'NONE', #2989, #2600, #2068, .T. ) ;
#2708 = CARTESIAN_POINT ( 'NONE',  ( 18.12465666243041440, 18.35649100066109796, 11.82864864087431123 ) ) ;
#2709 = DIRECTION ( 'NONE',  ( 1.495166424532390441E-14, -1.000000000000000000, 1.115179377413663140E-15 ) ) ;
#2710 = EDGE_LOOP ( 'NONE', ( #2382, #3839, #2925, #3158 ) ) ;
#2711 = EDGE_CURVE ( 'NONE', #139, #3488, #32, .T. ) ;
#2712 = AXIS2_PLACEMENT_3D ( 'NONE', #3864, #2331, #3520 ) ;
#2713 = EDGE_CURVE ( 'NONE', #2799, #1315, #176, .T. ) ;
#2714 = VECTOR ( 'NONE', #3587, 1000.000000000000114 ) ;
#2715 = CARTESIAN_POINT ( 'NONE',  ( 18.88769269270779105, 17.27739509806285056, 51.96612068311284816 ) ) ;
#2716 = CARTESIAN_POINT ( 'NONE',  ( 20.67927415701215210, 16.82823118952189390, 50.58164600153877899 ) ) ;
#2717 = DIRECTION ( 'NONE',  ( -0.000000000000000000, 1.000000000000000000, -0.000000000000000000 ) ) ;
#2718 = DIRECTION ( 'NONE',  ( 0.7071067811865532349, 0.000000000000000000, -0.7071067811865416886 ) ) ;
#2719 = VERTEX_POINT ( 'NONE', #2643 ) ;
#2720 = DIRECTION ( 'NONE',  ( -1.000000000000000000, 0.000000000000000000, -0.000000000000000000 ) ) ;
#2721 = FACE_OUTER_BOUND ( 'NONE', #3700, .T. ) ;
#2722 = EDGE_LOOP ( 'NONE', ( #3247, #3514 ) ) ;
#2723 = AXIS2_PLACEMENT_3D ( 'NONE', #1557, #3679, #2754 ) ;
#2724 = PLANE ( 'NONE',  #2675 ) ;
#2725 = VECTOR ( 'NONE', #479, 1000.000000000000000 ) ;
#2726 = CIRCLE ( 'NONE', #3243, 1.799999999999999600 ) ;
#2727 = DIRECTION ( 'NONE',  ( -1.495166424532390756E-14, 1.000000000000000000, -1.115179377413661760E-15 ) ) ;
#2728 = ORIENTED_EDGE ( 'NONE', *, *, #3066, .T. ) ;
#2729 = AXIS2_PLACEMENT_3D ( 'NONE', #747, #2550, #3588 ) ;
#2730 = ADVANCED_FACE ( 'NONE', ( #3875 ), #773, .T. ) ;
#2731 = EDGE_CURVE ( 'NONE', #2973, #1355, #3314, .T. ) ;
#2732 = CYLINDRICAL_SURFACE ( 'NONE', #3146, 0.5000000000000004441 ) ;
#2733 = FACE_OUTER_BOUND ( 'NONE', #1341, .T. ) ;
#2734 = CARTESIAN_POINT ( 'NONE',  ( 6.876728111548071176, 17.98952713241861545, 26.49367684902954423 ) ) ;
#2735 = VERTEX_POINT ( 'NONE', #3287 ) ;
#2736 = AXIS2_PLACEMENT_3D ( 'NONE', #2146, #3063, #293 ) ;
#2737 = CARTESIAN_POINT ( 'NONE',  ( 18.74748276949348735, 16.96107265622964277, 10.85703396683327959 ) ) ;
#2738 = AXIS2_PLACEMENT_3D ( 'NONE', #3292, #2687, #1426 ) ;
#2739 = ADVANCED_BREP_SHAPE_REPRESENTATION ( 'link1', ( #582, #1290 ), #580 ) ;
#2740 = DIRECTION ( 'NONE',  ( 1.000000000000000000, 1.495166424532390756E-14, 0.000000000000000000 ) ) ;
#2741 = ORIENTED_EDGE ( 'NONE', *, *, #2561, .F. ) ;
#2742 = CARTESIAN_POINT ( 'NONE',  ( 20.67469569293170650, 16.91329442933950844, 50.56782028762699355 ) ) ;
#2743 = LINE ( 'NONE', #1119, #3558 ) ;
#2744 = DIRECTION ( 'NONE',  ( -1.000000000000000000, -1.541976423090494844E-14, 0.000000000000000000 ) ) ;
#2745 = ORIENTED_EDGE ( 'NONE', *, *, #2823, .F. ) ;
#2746 = ORIENTED_EDGE ( 'NONE', *, *, #3393, .F. ) ;
#2747 = CARTESIAN_POINT ( 'NONE',  ( 21.53449493129688719, -40.30903915740668708, 42.91586664685451780 ) ) ;
#2748 = EDGE_CURVE ( 'NONE', #2564, #2679, #1965, .T. ) ;
#2749 = CARTESIAN_POINT ( 'NONE',  ( 19.73703513369808249, 18.47624349893726148, 49.42135057437665324 ) ) ;
#2750 = DIRECTION ( 'NONE',  ( 1.000000000000000000, 0.000000000000000000, -0.000000000000000000 ) ) ;
#2751 = LINE ( 'NONE', #3697, #347 ) ;
#2752 = VERTEX_POINT ( 'NONE', #1441 ) ;
#2753 = EDGE_CURVE ( 'NONE', #3512, #702, #2681, .T. ) ;
#2754 = DIRECTION ( 'NONE',  ( 1.000000000000000000, 1.586032892321651930E-14, 0.000000000000000000 ) ) ;
#2755 = EDGE_CURVE ( 'NONE', #1575, #127, #737, .T. ) ;
#2756 = CIRCLE ( 'NONE', #1488, 1.800000000000000488 ) ;
#2757 = PLANE ( 'NONE',  #2229 ) ;
#2758 = EDGE_LOOP ( 'NONE', ( #2131, #365, #608, #1373 ) ) ;
#2759 = CARTESIAN_POINT ( 'NONE',  ( 20.67348023217212827, 17.03422970549015503, 50.49819350378685812 ) ) ;
#2760 = CARTESIAN_POINT ( 'NONE',  ( 19.07493398047316191, 17.08968862162632263, 10.98739685363954166 ) ) ;
#2761 = AXIS2_PLACEMENT_3D ( 'NONE', #716, #2290, #458 ) ;
#2762 = VECTOR ( 'NONE', #2271, 1000.000000000000000 ) ;
#2763 = DIRECTION ( 'NONE',  ( -1.495166424532390756E-14, 1.000000000000000000, -1.115179377413661760E-15 ) ) ;
#2764 = ORIENTED_EDGE ( 'NONE', *, *, #1415, .T. ) ;
#2765 = DIRECTION ( 'NONE',  ( 0.000000000000000000, -0.000000000000000000, -1.000000000000000000 ) ) ;
#2766 = EDGE_LOOP ( 'NONE', ( #2363, #3385, #1898, #2783 ) ) ;
#2767 = CARTESIAN_POINT ( 'NONE',  ( 19.23266743953838187, 16.78242035123226827, 52.02825271746881697 ) ) ;
#2768 = CARTESIAN_POINT ( 'NONE',  ( 54.73449493129641752, 28.93952713241841934, 24.61586664685610160 ) ) ;
#2769 = AXIS2_PLACEMENT_3D ( 'NONE', #435, #3497, #1671 ) ;
#2770 = CARTESIAN_POINT ( 'NONE',  ( -14.26550506870300161, 25.48952713241840584, 10.11586664685441583 ) ) ;
#2771 = CARTESIAN_POINT ( 'NONE',  ( 20.64688100191148123, 17.06526306370690804, 49.90693237390917858 ) ) ;
#2772 = CARTESIAN_POINT ( 'NONE',  ( -2.365505068702932423, 21.98951862599528795, 46.91586664685443964 ) ) ;
#2773 = ORIENTED_EDGE ( 'NONE', *, *, #1930, .T. ) ;
#2774 = CARTESIAN_POINT ( 'NONE',  ( 17.40897123748117536, 18.48952713241876822, 11.41296321592507468 ) ) ;
#2775 = CIRCLE ( 'NONE', #3674, 1.750000000000000666 ) ;
#2776 = ORIENTED_EDGE ( 'NONE', *, *, #3851, .F. ) ;
#2777 = EDGE_CURVE ( 'NONE', #3289, #1255, #237, .T. ) ;
#2778 = ADVANCED_FACE ( 'NONE', ( #3551 ), #2028, .F. ) ;
#2779 = FACE_OUTER_BOUND ( 'NONE', #140, .T. ) ;
#2780 = EDGE_LOOP ( 'NONE', ( #3248, #1844, #1411, #3941, #3885 ) ) ;
#2781 = CARTESIAN_POINT ( 'NONE',  ( 19.16344206580258103, 16.87518252029664723, 10.94152043240986494 ) ) ;
#2782 = FACE_OUTER_BOUND ( 'NONE', #260, .T. ) ;
#2783 = ORIENTED_EDGE ( 'NONE', *, *, #3167, .F. ) ;
#2784 = DIRECTION ( 'NONE',  ( 0.000000000000000000, 0.000000000000000000, -1.000000000000000000 ) ) ;
#2785 = CARTESIAN_POINT ( 'NONE',  ( 11.53449493129688541, -40.30903915740668708, 52.91586664685443964 ) ) ;
#2786 = FACE_BOUND ( 'NONE', #341, .T. ) ;
#2787 = DIRECTION ( 'NONE',  ( 0.000000000000000000, 0.000000000000000000, -1.000000000000000000 ) ) ;
#2788 = DIRECTION ( 'NONE',  ( 0.000000000000000000, 0.000000000000000000, -1.000000000000000000 ) ) ;
#2789 = LINE ( 'NONE', #2234, #2351 ) ;
#2790 = ORIENTED_EDGE ( 'NONE', *, *, #2802, .T. ) ;
#2791 = DIRECTION ( 'NONE',  ( 1.000000000000000000, 1.491862189340054101E-14, 0.000000000000000000 ) ) ;
#2792 = CC_DESIGN_PERSON_AND_ORGANIZATION_ASSIGNMENT ( #1284, #3151, ( #3277 ) ) ;
#2793 = VECTOR ( 'NONE', #2476, 1000.000000000000000 ) ;
#2794 = DIRECTION ( 'NONE',  ( 1.495166424532390756E-14, -1.000000000000000000, 1.115179377413661760E-15 ) ) ;
#2795 = VERTEX_POINT ( 'NONE', #493 ) ;
#2796 = ORIENTED_EDGE ( 'NONE', *, *, #3605, .F. ) ;
#2797 = EDGE_CURVE ( 'NONE', #3289, #2719, #513, .T. ) ;
#2798 = CARTESIAN_POINT ( 'NONE',  ( 5.876728111548071176, 17.98952713241860479, 26.49367684902954423 ) ) ;
#2799 = VERTEX_POINT ( 'NONE', #2968 ) ;
#2800 = LINE ( 'NONE', #3126, #2511 ) ;
#2801 = CARTESIAN_POINT ( 'NONE',  ( 19.80961351084495803, 18.48952713241880019, 13.87748292239428949 ) ) ;
#2802 = EDGE_CURVE ( 'NONE', #2894, #3201, #836, .T. ) ;
#2803 = EDGE_CURVE ( 'NONE', #636, #1779, #2086, .T. ) ;
#2804 = ORIENTED_EDGE ( 'NONE', *, *, #1252, .T. ) ;
#2805 = CARTESIAN_POINT ( 'NONE',  ( 20.79332761131823304, 16.92384170746959171, 12.77124752920640027 ) ) ;
#2806 = FACE_OUTER_BOUND ( 'NONE', #1061, .T. ) ;
#2807 = CALENDAR_DATE ( 2026, 24, 6 ) ;
#2808 = CARTESIAN_POINT ( 'NONE',  ( 17.40897123748101194, 15.48952713241880730, 51.61877007778375059 ) ) ;
#2809 = FACE_BOUND ( 'NONE', #2649, .T. ) ;
#2810 = DIRECTION ( 'NONE',  ( 1.000000000000000000, 1.561251128379125754E-14, 0.000000000000000000 ) ) ;
#2811 = ORIENTED_EDGE ( 'NONE', *, *, #1467, .F. ) ;
#2812 = DIRECTION ( 'NONE',  ( 1.495166424532390756E-14, -1.000000000000000000, 1.115179377413661760E-15 ) ) ;
#2813 = ORIENTED_EDGE ( 'NONE', *, *, #2291, .T. ) ;
#2814 = CARTESIAN_POINT ( 'NONE',  ( 19.88384497163346154, 15.48952713241880019, 13.88783695007773389 ) ) ;
#2815 = VERTEX_POINT ( 'NONE', #1203 ) ;
#2816 = ORIENTED_EDGE ( 'NONE', *, *, #1975, .F. ) ;
#2817 = CARTESIAN_POINT ( 'NONE',  ( -14.26550506870312773, 30.93952713241841579, 42.91586664685438990 ) ) ;
#2818 = ORIENTED_EDGE ( 'NONE', *, *, #2846, .T. ) ;
#2819 = DIRECTION ( 'NONE',  ( 1.000000000000000000, 1.491862189340053786E-14, 0.000000000000000000 ) ) ;
#2820 = FACE_OUTER_BOUND ( 'NONE', #256, .T. ) ;
#2821 = AXIS2_PLACEMENT_3D ( 'NONE', #3655, #1789, #2101 ) ;
#2822 = EDGE_CURVE ( 'NONE', #3906, #2799, #288, .T. ) ;
#2823 = EDGE_CURVE ( 'NONE', #3571, #3906, #581, .T. ) ;
#2824 = ORIENTED_EDGE ( 'NONE', *, *, #3398, .T. ) ;
#2825 = LINE ( 'NONE', #2482, #2497 ) ;
#2826 = PRODUCT_DEFINITION_FORMATION_WITH_SPECIFIED_SOURCE ( '任何', '', #3581, .NOT_KNOWN. ) ;
#2827 = CARTESIAN_POINT ( 'NONE',  ( 20.62275752711333610, 17.22364287764992952, 50.30707296782296112 ) ) ;
#2828 = CARTESIAN_POINT ( 'NONE',  ( 10.63448437366608346, 21.98951862599546203, 108.0658666468539337 ) ) ;
#2829 = CARTESIAN_POINT ( 'NONE',  ( 20.62275752711336096, 17.22364287764992241, 12.72466032588588547 ) ) ;
#2830 = ORIENTED_EDGE ( 'NONE', *, *, #1083, .T. ) ;
#2831 = AXIS2_PLACEMENT_3D ( 'NONE', #2266, #3253, #2892 ) ;
#2832 = DIRECTION ( 'NONE',  ( -1.000000000000000000, 0.000000000000000000, 0.000000000000000000 ) ) ;
#2833 = ORIENTED_EDGE ( 'NONE', *, *, #937, .F. ) ;
#2834 = CARTESIAN_POINT ( 'NONE',  ( 19.82297438932565470, 18.48952713241883927, 48.51060598607632812 ) ) ;
#2835 = ORIENTED_EDGE ( 'NONE', *, *, #2451, .T. ) ;
#2836 = AXIS2_PLACEMENT_3D ( 'NONE', #1350, #3778, #3175 ) ;
#2837 = CARTESIAN_POINT ( 'NONE',  ( 54.73449493129641752, 37.48952713241934731, 24.61586664685608739 ) ) ;
#2838 = ORIENTED_EDGE ( 'NONE', *, *, #3415, .T. ) ;
#2839 = VERTEX_POINT ( 'NONE', #2136 ) ;
#2840 = DIRECTION ( 'NONE',  ( 1.000000000000000000, -0.000000000000000000, 8.268308156524964354E-15 ) ) ;
#2841 = DIRECTION ( 'NONE',  ( -1.495166424532390756E-14, 1.000000000000000000, -1.115179377413661760E-15 ) ) ;
#2842 = EDGE_LOOP ( 'NONE', ( #1657, #1837, #2599, #1097, #3496, #331, #986, #3678 ) ) ;
#2843 = DIRECTION ( 'NONE',  ( -0.5000000000000146549, 0.7071067811865379138, 0.4999999999999989453 ) ) ;
#2844 = AXIS2_PLACEMENT_3D ( 'NONE', #128, #1049, #3444 ) ;
#2845 = ADVANCED_FACE ( 'NONE', ( #3366 ), #600, .F. ) ;
#2846 = EDGE_CURVE ( 'NONE', #2147, #112, #1571, .T. ) ;
#2847 = AXIS2_PLACEMENT_3D ( 'NONE', #2851, #3113, #126 ) ;
#2848 = AXIS2_PLACEMENT_3D ( 'NONE', #390, #3086, #614 ) ;
#2849 = CARTESIAN_POINT ( 'NONE',  ( -0.6155050687029322010, 21.98951862599528795, 52.91586664685443964 ) ) ;
#2850 = DIRECTION ( 'NONE',  ( -0.000000000000000000, -1.000000000000000000, -0.000000000000000000 ) ) ;
#2851 = CARTESIAN_POINT ( 'NONE',  ( -1.387694866528121684, 17.98952713241849821, 29.27363346660304799 ) ) ;
#2852 = ORIENTED_EDGE ( 'NONE', *, *, #770, .T. ) ;
#2853 = DIRECTION ( 'NONE',  ( -4.322833828547759000E-30, 1.156482317317871725E-15, 1.000000000000000000 ) ) ;
#2854 = VECTOR ( 'NONE', #1958, 1000.000000000000000 ) ;
#2855 = ADVANCED_FACE ( 'NONE', ( #1861 ), #876, .T. ) ;
#2856 = ADVANCED_FACE ( 'NONE', ( #2447 ), #285, .F. ) ;
#2857 = ORIENTED_EDGE ( 'NONE', *, *, #713, .F. ) ;
#2858 = CARTESIAN_POINT ( 'NONE',  ( -2.365505068702932423, 21.98951862599528440, 108.0658666468539337 ) ) ;
#2859 = VERTEX_POINT ( 'NONE', #1536 ) ;
#2860 = VERTEX_POINT ( 'NONE', #3627 ) ;
#2861 = B_SPLINE_CURVE_WITH_KNOTS ( 'NONE', 3,
 ( #1580, #3058, #2140, #2125 ),
 .UNSPECIFIED., .F., .F.,
 ( 4, 4 ),
 ( 0.000000000000000000, 0.0003348537685005748368 ),
 .UNSPECIFIED. ) ;
#2862 = CIRCLE ( 'NONE', #1137, 1.799999999999999600 ) ;
#2863 = DIRECTION ( 'NONE',  ( -1.495166424532390756E-14, 1.000000000000000000, -1.115179377413661760E-15 ) ) ;
#2864 = EDGE_LOOP ( 'NONE', ( #2158, #2164, #3445, #1067, #2816 ) ) ;
#2865 = ORIENTED_EDGE ( 'NONE', *, *, #3230, .T. ) ;
#2866 = FACE_OUTER_BOUND ( 'NONE', #1275, .T. ) ;
#2867 = CARTESIAN_POINT ( 'NONE',  ( 8.656684729121614907, 15.48952713241865276, 33.75809982710573820 ) ) ;
#2868 = VECTOR ( 'NONE', #3162, 1000.000000000000000 ) ;
#2869 = B_SPLINE_CURVE_WITH_KNOTS ( 'NONE', 3,
 ( #2801, #695, #3377, #3065 ),
 .UNSPECIFIED., .F., .F.,
 ( 4, 4 ),
 ( 0.000000000000000000, 0.0003348537685005336913 ),
 .UNSPECIFIED. ) ;
#2870 = VERTEX_POINT ( 'NONE', #1516 ) ;
#2871 =( BOUNDED_SURFACE ( )  B_SPLINE_SURFACE ( 3, 2, ( 
 ( #1841, #3950, #2119 ),
 ( #3326, #3657, #1531 ),
 ( #2410, #3643, #1145 ),
 ( #2375, #842, #2334 ),
 ( #2078, #1783, #1472 ),
 ( #805, #2041, #205 ) ),
 .UNSPECIFIED., .F., .F., .F. ) 
 B_SPLINE_SURFACE_WITH_KNOTS ( ( 4, 2, 4 ),
 ( 3, 3 ),
 ( 1.570796326794893005, 1.963495408493602712, 2.356194490192312418 ),
 ( 0.000000000000000000, 1.000000000000000000 ),
 .UNSPECIFIED. ) 
 GEOMETRIC_REPRESENTATION_ITEM ( )  RATIONAL_B_SPLINE_SURFACE ( (
 ( 1.000000000000000000, 1.000000000000000000, 1.000000000000000000),
 ( 1.000000000000000000, 1.000158692512642666, 1.000000000000000000),
 ( 1.000000000000000000, 0.9867290404729578412, 1.000000000000000000),
 ( 1.000000000000000000, 0.9386557992893618252, 1.000000000000000000),
 ( 1.000000000000000000, 0.9039895065455915146, 1.000000000000000000),
 ( 1.000000000000000000, 0.8660254037844465902, 1.000000000000000000) ) ) 
 REPRESENTATION_ITEM ( '' )  SURFACE ( )  );
#2872 = CARTESIAN_POINT ( 'NONE',  ( 20.62195513376660472, 17.22477763262179096, 12.72546271841031107 ) ) ;
#2873 = DIRECTION ( 'NONE',  ( -6.000000000000043065E-15, -1.115179377413769834E-15, -1.000000000000000000 ) ) ;
#2874 = DIRECTION ( 'NONE',  ( 1.000000000000000000, 1.491862189340054101E-14, 0.000000000000000000 ) ) ;
#2875 = AXIS2_PLACEMENT_3D ( 'NONE', #123, #829, #1701 ) ;
#2876 = FACE_OUTER_BOUND ( 'NONE', #3651, .T. ) ;
#2877 = CARTESIAN_POINT ( 'NONE',  ( 9.634494931297066245, 21.98951862599546558, 10.11586664685441583 ) ) ;
#2878 = EDGE_CURVE ( 'NONE', #3528, #1569, #404, .T. ) ;
#2879 = ORIENTED_EDGE ( 'NONE', *, *, #3198, .T. ) ;
#2880 = LINE ( 'NONE', #2534, #3596 ) ;
#2881 = ORIENTED_EDGE ( 'NONE', *, *, #2990, .T. ) ;
#2882 = CYLINDRICAL_SURFACE ( 'NONE', #2463, 1.000000000000002220 ) ;
#2883 = EDGE_CURVE ( 'NONE', #834, #880, #303, .T. ) ;
#2884 = ORIENTED_EDGE ( 'NONE', *, *, #1903, .T. ) ;
#2885 = EDGE_LOOP ( 'NONE', ( #1812, #2623, #3878, #465 ) ) ;
#2886 = CIRCLE ( 'NONE', #3922, 1.000000000000000000 ) ;
#2887 = EDGE_CURVE ( 'NONE', #2860, #712, #2751, .T. ) ;
#2888 = DIRECTION ( 'NONE',  ( 1.495558082644848094E-14, -1.000000000000000000, 1.167657241503923310E-15 ) ) ;
#2889 = EDGE_LOOP ( 'NONE', ( #2688, #2539, #1336, #3539, #949, #1585 ) ) ;
#2890 = VERTEX_POINT ( 'NONE', #3936 ) ;
#2891 = CARTESIAN_POINT ( 'NONE',  ( 19.80961351084495803, 18.48952713241880019, 13.87748292239428949 ) ) ;
#2892 = DIRECTION ( 'NONE',  ( 0.000000000000000000, 0.000000000000000000, 1.000000000000000000 ) ) ;
#2893 = DIRECTION ( 'NONE',  ( 0.000000000000000000, 0.000000000000000000, 1.000000000000000000 ) ) ;
#2894 = VERTEX_POINT ( 'NONE', #1171 ) ;
#2895 = VECTOR ( 'NONE', #869, 1000.000000000000000 ) ;
#2896 = CARTESIAN_POINT ( 'NONE',  ( 5.876728111548086275, 16.98952713241860479, 26.49367684902954423 ) ) ;
#2897 = DIRECTION ( 'NONE',  ( 1.495558082644848094E-14, -1.000000000000000000, 1.167657241503923310E-15 ) ) ;
#2898 = AXIS2_PLACEMENT_3D ( 'NONE', #723, #1654, #1285 ) ;
#2899 = CARTESIAN_POINT ( 'NONE',  ( -2.365505068702932423, 21.98951862599528795, 17.51586664685450856 ) ) ;
#2900 = CARTESIAN_POINT ( 'NONE',  ( 8.634494931296684328, 21.98951862599539808, -45.48413335314555894 ) ) ;
#2901 = CARTESIAN_POINT ( 'NONE',  ( 17.57537883451281502, 18.48952713241877177, 11.88445925159256156 ) ) ;
#2902 = ORIENTED_EDGE ( 'NONE', *, *, #2587, .T. ) ;
#2903 = DIRECTION ( 'NONE',  ( 0.000000000000000000, 1.000000000000000000, 0.000000000000000000 ) ) ;
#2904 = ORIENTED_EDGE ( 'NONE', *, *, #2241, .T. ) ;
#2905 = DIRECTION ( 'NONE',  ( -0.000000000000000000, -0.000000000000000000, -1.000000000000000000 ) ) ;
#2906 = DIRECTION ( 'NONE',  ( 6.938893903907198401E-15, 0.000000000000000000, -1.000000000000000000 ) ) ;
#2907 = ORIENTED_EDGE ( 'NONE', *, *, #2190, .F. ) ;
#2908 = ORIENTED_EDGE ( 'NONE', *, *, #720, .F. ) ;
#2909 = CARTESIAN_POINT ( 'NONE',  ( 1.392261751045385854, 17.88952713241855008, 36.53805644467924196 ) ) ;
#2910 = EDGE_CURVE ( 'NONE', #3039, #3937, #3969, .T. ) ;
#2911 = EDGE_CURVE ( 'NONE', #1692, #3346, #1381, .T. ) ;
#2912 = DIRECTION ( 'NONE',  ( -1.000000000000000000, -1.387778780781445044E-14, 0.000000000000000000 ) ) ;
#2913 = ORIENTED_EDGE ( 'NONE', *, *, #589, .F. ) ;
#2914 = ORIENTED_EDGE ( 'NONE', *, *, #1975, .T. ) ;
#2915 = AXIS2_PLACEMENT_3D ( 'NONE', #3738, #106, #3758 ) ;
#2916 = DIRECTION ( 'NONE',  ( 1.000000000000000000, 1.387778780781444413E-14, 0.000000000000000000 ) ) ;
#2917 = CARTESIAN_POINT ( 'NONE',  ( -7.165505068703407865, 25.48952713241842361, 36.26593200339668499 ) ) ;
#2918 = DIRECTION ( 'NONE',  ( 0.5000000000000117684, -0.7071067811865394681, 0.4999999999999995559 ) ) ;
#2919 = EDGE_LOOP ( 'NONE', ( #674, #3904, #561, #224 ) ) ;
#2920 = DIRECTION ( 'NONE',  ( 1.000000000000000000, 1.561251128379126385E-14, 0.000000000000000000 ) ) ;
#2921 = AXIS2_PLACEMENT_3D ( 'NONE', #3318, #3336, #3942 ) ;
#2922 = CYLINDRICAL_SURFACE ( 'NONE', #3011, 1.800000000000000488 ) ;
#2923 = FACE_OUTER_BOUND ( 'NONE', #515, .T. ) ;
#2924 = PLANE ( 'NONE',  #2040 ) ;
#2925 = ORIENTED_EDGE ( 'NONE', *, *, #1579, .F. ) ;
#2926 = DIRECTION ( 'NONE',  ( -1.000000000000000000, -1.495166424532390756E-14, 1.667378762439842493E-29 ) ) ;
#2927 =( BOUNDED_CURVE ( )  B_SPLINE_CURVE ( 3, ( #2591, #3028, #3297, #3507 ),
 .UNSPECIFIED., .F., .T. ) 
 B_SPLINE_CURVE_WITH_KNOTS ( ( 4, 4 ),
 ( 1.570796326794888342, 2.356194490192336843 ),
 .UNSPECIFIED. ) 
 CURVE ( )  GEOMETRIC_REPRESENTATION_ITEM ( )  RATIONAL_B_SPLINE_CURVE ( ( 1.000000000000000000, 0.9492530216741911220, 0.9492530216741911220, 1.000000000000000000 ) ) 
 REPRESENTATION_ITEM ( '' )  );
#2928 = EDGE_LOOP ( 'NONE', ( #407, #1164, #353, #751 ) ) ;
#2929 = DIRECTION ( 'NONE',  ( -3.469446951953611033E-15, 0.000000000000000000, 1.000000000000000000 ) ) ;
#2930 = DIRECTION ( 'NONE',  ( 0.000000000000000000, -1.000000000000000000, 0.000000000000000000 ) ) ;
#2931 = VERTEX_POINT ( 'NONE', #3035 ) ;
#2932 = ORIENTED_EDGE ( 'NONE', *, *, #1359, .T. ) ;
#2933 = CARTESIAN_POINT ( 'NONE',  ( 10.63449493129706802, 21.98951862599546558, 17.51586664685443040 ) ) ;
#2934 = LINE ( 'NONE', #179, #683 ) ;
#2935 = ORIENTED_EDGE ( 'NONE', *, *, #209, .T. ) ;
#2936 = EDGE_CURVE ( 'NONE', #3707, #3580, #2726, .T. ) ;
#2937 = LINE ( 'NONE', #2585, #2196 ) ;
#2938 = DIRECTION ( 'NONE',  ( 1.000000000000000000, 0.000000000000000000, 0.000000000000000000 ) ) ;
#2939 = VERTEX_POINT ( 'NONE', #3073 ) ;
#2940 = CARTESIAN_POINT ( 'NONE',  ( 19.79067657370356059, 18.40165916677480240, 49.47318730845588419 ) ) ;
#2941 = EDGE_CURVE ( 'NONE', #313, #1581, #99, .T. ) ;
#2942 = EDGE_CURVE ( 'NONE', #3134, #2939, #944, .T. ) ;
#2943 = DIRECTION ( 'NONE',  ( 0.000000000000000000, 0.000000000000000000, 1.000000000000000000 ) ) ;
#2944 = CARTESIAN_POINT ( 'NONE',  ( 18.92570125226565381, 17.22364287764989399, 11.02760405103815877 ) ) ;
#2945 = DIRECTION ( 'NONE',  ( 1.000000000000000000, 0.000000000000000000, -0.000000000000000000 ) ) ;
#2946 = CARTESIAN_POINT ( 'NONE',  ( 20.66539632294421835, 16.84788189652253365, 12.43620945964583413 ) ) ;
#2947 = ORIENTED_EDGE ( 'NONE', *, *, #238, .T. ) ;
#2948 = CIRCLE ( 'NONE', #2548, 0.5000000000000004441 ) ;
#2949 = CARTESIAN_POINT ( 'NONE',  ( 20.79332761131825791, 15.48952713241881085, 12.77124752920639672 ) ) ;
#2950 = CARTESIAN_POINT ( 'NONE',  ( 18.12465666243025098, 18.35649100066120454, 51.20308465283451937 ) ) ;
#2951 = ORIENTED_EDGE ( 'NONE', *, *, #2797, .F. ) ;
#2952 = ORIENTED_EDGE ( 'NONE', *, *, #1560, .T. ) ;
#2953 = CARTESIAN_POINT ( 'NONE',  ( 7.656684729121613131, 15.48952713241863854, 33.75809982710573820 ) ) ;
#2954 = CARTESIAN_POINT ( 'NONE',  ( 20.64332761131820249, 17.13597374182556266, 50.41048576450245378 ) ) ;
#2955 = VERTEX_POINT ( 'NONE', #107 ) ;
#2956 = LINE ( 'NONE', #760, #603 ) ;
#2957 = VERTEX_POINT ( 'NONE', #3717 ) ;
#2958 = DIRECTION ( 'NONE',  ( 1.000000000000000000, 1.495166424532391072E-14, -1.296850148564320413E-29 ) ) ;
#2959 = FACE_OUTER_BOUND ( 'NONE', #1073, .T. ) ;
#2960 = EDGE_CURVE ( 'NONE', #1378, #139, #2789, .T. ) ;
#2961 = LINE ( 'NONE', #810, #1174 ) ;
#2962 = EDGE_CURVE ( 'NONE', #1002, #3207, #604, .T. ) ;
#2963 = CARTESIAN_POINT ( 'NONE',  ( 5.634494931296398335, 28.93952713241841579, 47.51586664685442685 ) ) ;
#2964 = CARTESIAN_POINT ( 'NONE',  ( 18.73769269270779247, 17.06526306370687962, 51.81612068311285668 ) ) ;
#2965 = CIRCLE ( 'NONE', #384, 1.750000000000000222 ) ;
#2966 = VERTEX_POINT ( 'NONE', #87 ) ;
#2967 = CARTESIAN_POINT ( 'NONE',  ( -3.365505068702941749, 21.98951862599528795, 16.11586664685441761 ) ) ;
#2968 = CARTESIAN_POINT ( 'NONE',  ( 21.53449493129690850, 30.93952713241841579, 40.26593200339668499 ) ) ;
#2969 = EDGE_LOOP ( 'NONE', ( #1235, #92, #1620, #1712, #573, #583, #3288, #1761, #2477, #3450, #3270, #1986, #2932, #1558, #982, #718, #793, #2090, #2852, #186, #3681, #50, #1375, #3744, #785, #1555, #1875, #2617, #1294, #3549, #3590 ) ) ;
#2970 = VERTEX_POINT ( 'NONE', #681 ) ;
#2971 = DIRECTION ( 'NONE',  ( -1.000000000000000000, -1.541976423090494529E-14, 0.000000000000000000 ) ) ;
#2972 = CARTESIAN_POINT ( 'NONE',  ( 20.64688100191148123, 16.78242035123228959, 50.61403915509571760 ) ) ;
#2973 = VERTEX_POINT ( 'NONE', #1918 ) ;
#2974 = CIRCLE ( 'NONE', #1295, 1.750000000000000444 ) ;
#2975 = CARTESIAN_POINT ( 'NONE',  ( 19.79067657370356059, 18.40165916677480240, 49.47318730845588419 ) ) ;
#2976 = ORIENTED_EDGE ( 'NONE', *, *, #3664, .T. ) ;
#2977 = FACE_OUTER_BOUND ( 'NONE', #360, .T. ) ;
#2978 = PLANE ( 'NONE',  #1476 ) ;
#2979 = VECTOR ( 'NONE', #788, 1000.000000000000000 ) ;
#2980 = CARTESIAN_POINT ( 'NONE',  ( 17.70950925264092035, 18.26431906702897479, 11.81953198195187937 ) ) ;
#2981 = FACE_OUTER_BOUND ( 'NONE', #650, .T. ) ;
#2982 = EDGE_CURVE ( 'NONE', #291, #115, #725, .T. ) ;
#2983 = CARTESIAN_POINT ( 'NONE',  ( 20.79332761131823304, 16.90532765907506985, 12.70579048448463588 ) ) ;
#2984 = EDGE_CURVE ( 'NONE', #1711, #3812, #962, .T. ) ;
#2985 = ORIENTED_EDGE ( 'NONE', *, *, #2396, .T. ) ;
#2986 = CARTESIAN_POINT ( 'NONE',  ( -14.26550506870310642, 27.48952713241840939, 36.26593200339668499 ) ) ;
#2987 = DIRECTION ( 'NONE',  ( 0.000000000000000000, 1.000000000000000000, 0.000000000000000000 ) ) ;
#2988 = ORIENTED_EDGE ( 'NONE', *, *, #3350, .T. ) ;
#2989 = VERTEX_POINT ( 'NONE', #1311 ) ;
#2990 = EDGE_CURVE ( 'NONE', #3310, #2002, #606, .T. ) ;
#2991 = DIRECTION ( 'NONE',  ( 1.495166424532390756E-14, -1.000000000000000000, 1.115179377413661760E-15 ) ) ;
#2992 = AXIS2_PLACEMENT_3D ( 'NONE', #3833, #3765, #3467 ) ;
#2993 = LINE ( 'NONE', #243, #1003 ) ;
#2994 = ORIENTED_EDGE ( 'NONE', *, *, #1083, .F. ) ;
#2995 = VECTOR ( 'NONE', #1251, 1000.000000000000000 ) ;
#2996 = CARTESIAN_POINT ( 'NONE',  ( 17.79874262477061819, 18.55412574236770951, 11.78223233533278780 ) ) ;
#2997 = ORIENTED_EDGE ( 'NONE', *, *, #391, .T. ) ;
#2998 = ORIENTED_EDGE ( 'NONE', *, *, #1976, .F. ) ;
#2999 = DIRECTION ( 'NONE',  ( 1.495166424532390756E-14, -1.000000000000000000, 1.115179377413661760E-15 ) ) ;
#3000 = AXIS2_PLACEMENT_3D ( 'NONE', #1212, #612, #2181 ) ;
#3001 = FACE_OUTER_BOUND ( 'NONE', #2322, .T. ) ;
#3002 = EDGE_LOOP ( 'NONE', ( #53, #1217 ) ) ;
#3003 = EDGE_CURVE ( 'NONE', #491, #1089, #990, .T. ) ;
#3004 = CYLINDRICAL_SURFACE ( 'NONE', #1763, 0.3000000000000018208 ) ;
#3005 = DIRECTION ( 'NONE',  ( -1.000000000000000000, 0.000000000000000000, 6.938893903907210234E-15 ) ) ;
#3006 = CARTESIAN_POINT ( 'NONE',  ( 20.79332761131822949, 15.48952713241885348, 50.26048576450244809 ) ) ;
#3007 = EDGE_CURVE ( 'NONE', #2955, #3532, #1981, .T. ) ;
#3008 = EDGE_CURVE ( 'NONE', #2957, #2576, #1595, .T. ) ;
#3009 = CARTESIAN_POINT ( 'NONE',  ( -24.32639342193869325, 30.93952713241841579, 40.26593200339668499 ) ) ;
#3010 = VERTEX_POINT ( 'NONE', #3176 ) ;
#3011 = AXIS2_PLACEMENT_3D ( 'NONE', #1725, #1746, #1347 ) ;
#3012 = DIRECTION ( 'NONE',  ( 0.000000000000000000, 0.000000000000000000, -1.000000000000000000 ) ) ;
#3013 = ORIENTED_EDGE ( 'NONE', *, *, #2320, .F. ) ;
#3014 = CARTESIAN_POINT ( 'NONE',  ( 14.43449493129620365, 51.48952713241873624, 38.26593200339666367 ) ) ;
#3015 = CARTESIAN_POINT ( 'NONE',  ( 18.92489885974071839, 17.22477763262212136, 52.00332684932389782 ) ) ;
#3016 = PLANE ( 'NONE',  #1429 ) ;
#3017 = CARTESIAN_POINT ( 'NONE',  ( 20.73997576998856118, 17.01260071026675647, 50.00002714198625142 ) ) ;
#3018 = DIRECTION ( 'NONE',  ( -1.495166424532390756E-14, 1.000000000000000000, -1.115179377413661760E-15 ) ) ;
#3019 = ORIENTED_EDGE ( 'NONE', *, *, #2145, .T. ) ;
#3020 = CIRCLE ( 'NONE', #317, 1.000000000000000000 ) ;
#3021 = CARTESIAN_POINT ( 'NONE',  ( 21.53449493129703640, 28.93952713241841579, 24.61586664685609804 ) ) ;
#3022 = AXIS2_PLACEMENT_3D ( 'NONE', #2573, #62, #3460 ) ;
#3023 = CARTESIAN_POINT ( 'NONE',  ( 2.392261751045384965, 17.98952713241856216, 36.53805644467924196 ) ) ;
#3024 = EDGE_LOOP ( 'NONE', ( #3141, #37, #2222, #1052 ) ) ;
#3025 = CARTESIAN_POINT ( 'NONE',  ( 6.876728111548108480, 15.48952713241862078, 26.49367684902954778 ) ) ;
#3026 = EDGE_CURVE ( 'NONE', #1421, #636, #1674, .T. ) ;
#3027 = EDGE_CURVE ( 'NONE', #174, #482, #3957, .T. ) ;
#3028 = CARTESIAN_POINT ( 'NONE',  ( 19.19465887998059728, 16.91680090226459754, 10.96547201668219707 ) ) ;
#3029 = VERTEX_POINT ( 'NONE', #2486 ) ;
#3030 = AXIS2_PLACEMENT_3D ( 'NONE', #97, #2840, #3103 ) ;
#3031 = CARTESIAN_POINT ( 'NONE',  ( 11.53449493129707548, 15.48952713241867229, 10.11586664685441583 ) ) ;
#3032 = FACE_OUTER_BOUND ( 'NONE', #2055, .T. ) ;
#3033 = LINE ( 'NONE', #2770, #2633 ) ;
#3034 = CARTESIAN_POINT ( 'NONE',  ( 19.86812924282168069, 18.55412574236799728, 13.85161895338270988 ) ) ;
#3035 = CARTESIAN_POINT ( 'NONE',  ( 18.87911404894511946, 16.92384170746957039, 52.17469932687554746 ) ) ;
#3036 = ORIENTED_EDGE ( 'NONE', *, *, #1060, .T. ) ;
#3037 = FACE_OUTER_BOUND ( 'NONE', #3946, .T. ) ;
#3038 = FACE_OUTER_BOUND ( 'NONE', #2842, .T. ) ;
#3039 = VERTEX_POINT ( 'NONE', #2278 ) ;
#3040 = AXIS2_PLACEMENT_3D ( 'NONE', #424, #3135, #2217 ) ;
#3041 = DIRECTION ( 'NONE',  ( -1.495166424532390756E-14, 1.000000000000000000, -1.115179377413661760E-15 ) ) ;
#3042 = CIRCLE ( 'NONE', #2350, 0.5000000000000004441 ) ;
#3043 = CIRCLE ( 'NONE', #1452, 2.000000000000001776 ) ;
#3044 = EDGE_CURVE ( 'NONE', #1421, #712, #981, .T. ) ;
#3045 = ORIENTED_EDGE ( 'NONE', *, *, #935, .T. ) ;
#3046 = VECTOR ( 'NONE', #2655, 1000.000000000000000 ) ;
#3047 =( BOUNDED_SURFACE ( )  B_SPLINE_SURFACE ( 3, 2, ( 
 ( #446, #1086, #531 ),
 ( #2946, #3283, #792 ),
 ( #2025, #1680, #1437 ),
 ( #193, #3589, #2280 ),
 ( #1771, #3199, #2983 ),
 ( #2361, #2003, #232 ) ),
 .UNSPECIFIED., .F., .F., .T. ) 
 B_SPLINE_SURFACE_WITH_KNOTS ( ( 4, 2, 4 ),
 ( 3, 3 ),
 ( 4.712388980384693227, 5.105088062083420475, 5.497787143782147723 ),
 ( 0.000000000000000000, 1.000000000000000000 ),
 .UNSPECIFIED. ) 
 GEOMETRIC_REPRESENTATION_ITEM ( )  RATIONAL_B_SPLINE_SURFACE ( (
 ( 1.000000000000000000, 1.000000000000000000, 1.000000000000000000),
 ( 1.000000000000000000, 1.000158692512694403, 1.000000000000000000),
 ( 1.000000000000000000, 0.9867290404728861208, 1.000000000000000000),
 ( 1.000000000000000000, 0.9386557992894226654, 1.000000000000000000),
 ( 1.000000000000000000, 0.9039895065455273437, 1.000000000000000000),
 ( 1.000000000000000000, 0.8660254037844373753, 1.000000000000000000) ) ) 
 REPRESENTATION_ITEM ( '' )  SURFACE ( )  );
#3048 = ADVANCED_FACE ( 'NONE', ( #1001 ), #3154, .F. ) ;
#3049 = VERTEX_POINT ( 'NONE', #3802 ) ;
#3050 = DIRECTION ( 'NONE',  ( -0.5000000000000117684, 0.7071067811865394681, -0.4999999999999996114 ) ) ;
#3051 = CARTESIAN_POINT ( 'NONE',  ( 19.81376518948970045, 18.65378768406393206, 49.09353512405841968 ) ) ;
#3052 = VECTOR ( 'NONE', #1762, 1000.000000000000000 ) ;
#3053 = CARTESIAN_POINT ( 'NONE',  ( 7.656684729121574939, 17.98952713241864032, 33.75809982710573820 ) ) ;
#3054 = DIRECTION ( 'NONE',  ( 0.000000000000000000, 0.000000000000000000, -1.000000000000000000 ) ) ;
#3055 = ORIENTED_EDGE ( 'NONE', *, *, #2883, .F. ) ;
#3056 = CIRCLE ( 'NONE', #3764, 1.800000000000000488 ) ;
#3057 = DIRECTION ( 'NONE',  ( -1.495166424532390756E-14, 1.000000000000000000, -1.115179377413661760E-15 ) ) ;
#3058 = CARTESIAN_POINT ( 'NONE',  ( 17.88540714762925177, 18.48952713241876467, 11.83287845525078907 ) ) ;
#3059 = ORIENTED_EDGE ( 'NONE', *, *, #3271, .T. ) ;
#3060 = CARTESIAN_POINT ( 'NONE',  ( 20.75915316353925633, 16.96894832232613481, 50.46252093024071428 ) ) ;
#3061 = CARTESIAN_POINT ( 'NONE',  ( 19.18644857206979282, 16.91329442933932725, 10.97566588521981146 ) ) ;
#3062 = CIRCLE ( 'NONE', #1916, 1.000000000000000444 ) ;
#3063 = DIRECTION ( 'NONE',  ( 1.495166424532390756E-14, -1.000000000000000000, 1.115179377413661760E-15 ) ) ;
#3064 = ORIENTED_EDGE ( 'NONE', *, *, #3330, .T. ) ;
#3065 = CARTESIAN_POINT ( 'NONE',  ( 19.79067657370367073, 18.40165916677475977, 13.55854598525300503 ) ) ;
#3066 = EDGE_CURVE ( 'NONE', #2141, #1055, #3434, .T. ) ;
#3067 = AXIS2_PLACEMENT_3D ( 'NONE', #1576, #2812, #2791 ) ;
#3068 = ORIENTED_EDGE ( 'NONE', *, *, #417, .T. ) ;
#3069 = CARTESIAN_POINT ( 'NONE',  ( 21.53449493129632586, 15.48952713241882151, 10.11586664685441583 ) ) ;
#3070 = EDGE_CURVE ( 'NONE', #2626, #705, #3147, .T. ) ;
#3071 = ADVANCED_FACE ( 'NONE', ( #3133 ), #401, .F. ) ;
#3072 = DIRECTION ( 'NONE',  ( 0.000000000000000000, 0.000000000000000000, -1.000000000000000000 ) ) ;
#3073 = CARTESIAN_POINT ( 'NONE',  ( -7.165505068703486913, 30.93952713241841579, 22.61586664685610160 ) ) ;
#3074 = VERTEX_POINT ( 'NONE', #1456 ) ;
#3075 = DIRECTION ( 'NONE',  ( 1.495166424532390756E-14, -1.000000000000000000, 1.115179377413661760E-15 ) ) ;
#3076 = ORIENTED_EDGE ( 'NONE', *, *, #1037, .F. ) ;
#3077 = VECTOR ( 'NONE', #1651, 1000.000000000000000 ) ;
#3078 = DIRECTION ( 'NONE',  ( 1.000000000000000000, -0.000000000000000000, 8.268308156524964354E-15 ) ) ;
#3079 = VERTEX_POINT ( 'NONE', #2901 ) ;
#3080 = CARTESIAN_POINT ( 'NONE',  ( 20.79332761131820462, 16.92384170746959171, 50.26048576450246230 ) ) ;
#3081 = DIRECTION ( 'NONE',  ( 0.000000000000000000, 1.000000000000000000, 0.000000000000000000 ) ) ;
#3082 = CIRCLE ( 'NONE', #3022, 1.749999999999999778 ) ;
#3083 = CARTESIAN_POINT ( 'NONE',  ( 5.876728111548072953, 17.88952713241860693, 26.49367684902954423 ) ) ;
#3084 = ORIENTED_EDGE ( 'NONE', *, *, #1794, .T. ) ;
#3085 = LINE ( 'NONE', #993, #3877 ) ;
#3086 = DIRECTION ( 'NONE',  ( 0.000000000000000000, 0.000000000000000000, -1.000000000000000000 ) ) ;
#3087 = DIRECTION ( 'NONE',  ( -1.495166424532390756E-14, 1.000000000000000000, -1.156482317317871725E-15 ) ) ;
#3088 = ORIENTED_EDGE ( 'NONE', *, *, #2984, .T. ) ;
#3089 = CARTESIAN_POINT ( 'NONE',  ( 20.82014420747068684, 17.19387465686090977, 12.87994838467606229 ) ) ;
#3090 = CIRCLE ( 'NONE', #222, 1.000000000000000444 ) ;
#3091 = APPLICATION_PROTOCOL_DEFINITION ( 'international standard', 'config_control_design', 1994, #3820 ) ;
#3092 = DIRECTION ( 'NONE',  ( 1.667378762439842493E-29, -1.115179377413661760E-15, -1.000000000000000000 ) ) ;
#3093 = EDGE_CURVE ( 'NONE', #2839, #2307, #3869, .T. ) ;
#3094 = ORIENTED_EDGE ( 'NONE', *, *, #846, .F. ) ;
#3095 = ADVANCED_FACE ( 'NONE', ( #3607 ), #2635, .F. ) ;
#3096 = DIRECTION ( 'NONE',  ( 0.000000000000000000, -0.8164965809277233699, 0.5773502691896297279 ) ) ;
#3097 = B_SPLINE_CURVE_WITH_KNOTS ( 'NONE', 3,
 ( #2376, #3272, #247, #542 ),
 .UNSPECIFIED., .F., .F.,
 ( 4, 4 ),
 ( 0.000000000000000000, 0.0002022791314583211226 ),
 .UNSPECIFIED. ) ;
#3098 = CARTESIAN_POINT ( 'NONE',  ( -7.165505068703458491, 28.93952713241841224, 38.26593200339668499 ) ) ;
#3099 = EDGE_CURVE ( 'NONE', #3307, #3812, #3249, .T. ) ;
#3100 = EDGE_LOOP ( 'NONE', ( #1396, #2370, #1399 ) ) ;
#3101 = DIRECTION ( 'NONE',  ( 1.495166424532390756E-14, -1.000000000000000000, 1.115179377413661760E-15 ) ) ;
#3102 = ORIENTED_EDGE ( 'NONE', *, *, #2731, .F. ) ;
#3103 = DIRECTION ( 'NONE',  ( 8.673617379884027583E-15, 0.000000000000000000, -1.000000000000000000 ) ) ;
#3104 = DIRECTION ( 'NONE',  ( -1.495166424532390756E-14, 1.000000000000000000, -1.115179377413661760E-15 ) ) ;
#3105 = VECTOR ( 'NONE', #987, 1000.000000000000000 ) ;
#3106 = VECTOR ( 'NONE', #1749, 1000.000000000000000 ) ;
#3107 = ORIENTED_EDGE ( 'NONE', *, *, #2123, .F. ) ;
#3108 = CARTESIAN_POINT ( 'NONE',  ( 20.23739836222718225, 18.48952713241881085, 14.24139034067145815 ) ) ;
#3109 = LINE ( 'NONE', #356, #3361 ) ;
#3110 = CALENDAR_DATE ( 2026, 24, 6 ) ;
#3111 = CARTESIAN_POINT ( 'NONE',  ( 0.4123051334718925709, 16.98952713241852308, 29.27363346660304799 ) ) ;
#3112 = CARTESIAN_POINT ( 'NONE',  ( 19.02911404894510383, 17.13597374182554134, 52.02469932687554177 ) ) ;
#3113 = DIRECTION ( 'NONE',  ( -1.495166424532390756E-14, 1.000000000000000000, -1.115179377413661760E-15 ) ) ;
#3114 = EDGE_LOOP ( 'NONE', ( #1735, #1751, #593, #160, #592, #2094, #1688, #956 ) ) ;
#3115 = FACE_OUTER_BOUND ( 'NONE', #3959, .T. ) ;
#3116 = VERTEX_POINT ( 'NONE', #1416 ) ;
#3117 = ADVANCED_FACE ( 'NONE', ( #489 ), #212, .F. ) ;
#3118 = AXIS2_PLACEMENT_3D ( 'NONE', #670, #1543, #2459 ) ;
#3119 = CARTESIAN_POINT ( 'NONE',  ( 20.53449493129698311, 15.48952713241858525, 31.01586664685450145 ) ) ;
#3120 = ORIENTED_EDGE ( 'NONE', *, *, #1466, .T. ) ;
#3121 = AXIS2_PLACEMENT_3D ( 'NONE', #1829, #274, #1887 ) ;
#3122 = EDGE_CURVE ( 'NONE', #2735, #3411, #2408, .T. ) ;
#3123 = EDGE_CURVE ( 'NONE', #454, #913, #3753, .T. ) ;
#3124 = FACE_OUTER_BOUND ( 'NONE', #2216, .T. ) ;
#3125 = ORIENTED_EDGE ( 'NONE', *, *, #3556, .F. ) ;
#3126 = CARTESIAN_POINT ( 'NONE',  ( -14.26550506870300161, 15.48952713241828683, 10.11586664685435366 ) ) ;
#3127 = DIRECTION ( 'NONE',  ( 0.000000000000000000, -1.000000000000000000, 0.000000000000000000 ) ) ;
#3128 = VERTEX_POINT ( 'NONE', #3282 ) ;
#3129 = DIRECTION ( 'NONE',  ( -0.7071067811865481278, -9.783872277884395500E-15, 0.7071067811865470176 ) ) ;
#3130 = PERSON_AND_ORGANIZATION_ROLE ( 'creator' ) ;
#3131 = CYLINDRICAL_SURFACE ( 'NONE', #1818, 1.000000000000000888 ) ;
#3132 = CARTESIAN_POINT ( 'NONE',  ( 18.88769269270779461, 17.27739509806284346, 51.96612068311285526 ) ) ;
#3133 = FACE_OUTER_BOUND ( 'NONE', #432, .T. ) ;
#3134 = VERTEX_POINT ( 'NONE', #852 ) ;
#3135 = DIRECTION ( 'NONE',  ( 1.000000000000000000, 0.000000000000000000, 4.322833828547759000E-30 ) ) ;
#3136 = ORIENTED_EDGE ( 'NONE', *, *, #691, .F. ) ;
#3137 = CARTESIAN_POINT ( 'NONE',  ( 14.43449493129654648, 28.93952713241841579, 22.61586664685610160 ) ) ;
#3138 = ORIENTED_EDGE ( 'NONE', *, *, #2480, .T. ) ;
#3139 = CC_DESIGN_PERSON_AND_ORGANIZATION_ASSIGNMENT ( #1100, #3130, ( #1805 ) ) ;
#3140 = DIRECTION ( 'NONE',  ( 1.000000000000000000, 1.495166424532391072E-14, -1.296850148564320413E-29 ) ) ;
#3141 = ORIENTED_EDGE ( 'NONE', *, *, #30, .F. ) ;
#3142 = ADVANCED_FACE ( 'NONE', ( #2000, #2981 ), #2924, .T. ) ;
#3143 = CARTESIAN_POINT ( 'NONE',  ( 4.076728111548085565, 16.98952713241857637, 26.49367684902954423 ) ) ;
#3144 = EDGE_CURVE ( 'NONE', #1489, #1089, #2084, .T. ) ;
#3145 = CARTESIAN_POINT ( 'NONE',  ( -24.32639342193869325, 30.93952713241841579, 1.915866646854440303 ) ) ;
#3146 = AXIS2_PLACEMENT_3D ( 'NONE', #267, #1185, #545 ) ;
#3147 =( BOUNDED_CURVE ( )  B_SPLINE_CURVE ( 3, ( #379, #2829, #3509, #701 ),
 .UNSPECIFIED., .F., .T. ) 
 B_SPLINE_CURVE_WITH_KNOTS ( ( 4, 4 ),
 ( 4.712388980384697668, 5.497787143782149499 ),
 .UNSPECIFIED. ) 
 CURVE ( )  GEOMETRIC_REPRESENTATION_ITEM ( )  RATIONAL_B_SPLINE_CURVE ( ( 1.000000000000000000, 0.9492530216741906779, 0.9492530216741906779, 1.000000000000000000 ) ) 
 REPRESENTATION_ITEM ( '' )  );
#3148 = DIRECTION ( 'NONE',  ( 0.5000000000000132117, -0.7071067811865400232, -0.4999999999999975575 ) ) ;
#3149 = ADVANCED_FACE ( 'NONE', ( #3303 ), #2592, .F. ) ;
#3150 = CARTESIAN_POINT ( 'NONE',  ( 14.43449493129656247, 27.48952713241874690, 24.61586664685610160 ) ) ;
#3151 = PERSON_AND_ORGANIZATION_ROLE ( 'classification_officer' ) ;
#3152 = DIRECTION ( 'NONE',  ( 1.495558082644848094E-14, -1.000000000000000000, 1.167657241503923310E-15 ) ) ;
#3153 = DIRECTION ( 'NONE',  ( -0.8164965809277504594, 0.5773502691895912031, 1.888527715986876865E-14 ) ) ;
#3154 = CYLINDRICAL_SURFACE ( 'NONE', #1318, 1.800000000000000711 ) ;
#3155 = VERTEX_POINT ( 'NONE', #1128 ) ;
#3156 = AXIS2_PLACEMENT_3D ( 'NONE', #3192, #2297, #3755 ) ;
#3157 = DIRECTION ( 'NONE',  ( 0.000000000000000000, 1.000000000000000000, 0.000000000000000000 ) ) ;
#3158 = ORIENTED_EDGE ( 'NONE', *, *, #238, .F. ) ;
#3159 = CARTESIAN_POINT ( 'NONE',  ( 20.53449493129697601, 15.48952713241858525, 32.01586664685450501 ) ) ;
#3160 = ORIENTED_EDGE ( 'NONE', *, *, #3893, .T. ) ;
#3161 = VECTOR ( 'NONE', #2508, 1000.000000000000114 ) ;
#3162 = DIRECTION ( 'NONE',  ( 0.000000000000000000, -1.115179377413661957E-15, -1.000000000000000000 ) ) ;
#3163 = VERTEX_POINT ( 'NONE', #3828 ) ;
#3164 = VERTEX_POINT ( 'NONE', #1066 ) ;
#3165 = DIRECTION ( 'NONE',  ( 0.000000000000000000, 0.000000000000000000, 1.000000000000000000 ) ) ;
#3166 = CARTESIAN_POINT ( 'NONE',  ( 19.09124608330106909, 16.98952713241882151, 52.16967407370612619 ) ) ;
#3167 = EDGE_CURVE ( 'NONE', #3427, #1825, #2300, .T. ) ;
#3168 = DIRECTION ( 'NONE',  ( -0.7071067811865481278, -9.756116702268766586E-15, 0.7071067811865469066 ) ) ;
#3169 = ADVANCED_FACE ( 'NONE', ( #3568, #3527, #464, #171, #812, #192 ), #1105, .T. ) ;
#3170 = CARTESIAN_POINT ( 'NONE',  ( 18.09181559289932295, 18.40165916677477753, 51.17204828926011828 ) ) ;
#3171 = EDGE_CURVE ( 'NONE', #1825, #1919, #2024, .T. ) ;
#3172 = AXIS2_PLACEMENT_3D ( 'NONE', #448, #2220, #3449 ) ;
#3173 = AXIS2_PLACEMENT_3D ( 'NONE', #3691, #2166, #1277 ) ;
#3174 = CARTESIAN_POINT ( 'NONE',  ( 19.82171293727747141, 18.35649100066138573, 13.52570491572174838 ) ) ;
#3175 = DIRECTION ( 'NONE',  ( -1.000000000000000000, -1.491862189340055048E-14, 0.000000000000000000 ) ) ;
#3176 = CARTESIAN_POINT ( 'NONE',  ( -1.365505068702930425, 21.98951862599528440, 45.51586664685440553 ) ) ;
#3177 = ORIENTED_EDGE ( 'NONE', *, *, #3577, .T. ) ;
#3178 = CARTESIAN_POINT ( 'NONE',  ( 8.656684729121593591, 16.98952713241865453, 33.75809982710573109 ) ) ;
#3179 = ORIENTED_EDGE ( 'NONE', *, *, #3530, .F. ) ;
#3180 = LINE ( 'NONE', #1962, #868 ) ;
#3181 = ORIENTED_EDGE ( 'NONE', *, *, #1144, .F. ) ;
#3182 = ORIENTED_EDGE ( 'NONE', *, *, #770, .F. ) ;
#3183 = CARTESIAN_POINT ( 'NONE',  ( 11.53449493129688541, 30.93952713241841934, 42.91586664685443253 ) ) ;
#3184 = ORIENTED_EDGE ( 'NONE', *, *, #280, .F. ) ;
#3185 = ORIENTED_EDGE ( 'NONE', *, *, #1744, .F. ) ;
#3186 = FACE_OUTER_BOUND ( 'NONE', #1345, .T. ) ;
#3187 = CYLINDRICAL_SURFACE ( 'NONE', #1228, 1.749999999999999778 ) ;
#3188 = CARTESIAN_POINT ( 'NONE',  ( 1.392261751045384521, 17.98952713241855150, 36.53805644467924196 ) ) ;
#3189 = ORIENTED_EDGE ( 'NONE', *, *, #1690, .T. ) ;
#3190 = DIRECTION ( 'NONE',  ( 1.495166424532390756E-14, -1.000000000000000000, 1.115179377413661760E-15 ) ) ;
#3191 = FACE_OUTER_BOUND ( 'NONE', #2279, .T. ) ;
#3192 = CARTESIAN_POINT ( 'NONE',  ( 3.634494931296738507, 17.48952713241857637, 31.51586664685439843 ) ) ;
#3193 = DIRECTION ( 'NONE',  ( 1.000000000000000000, -0.000000000000000000, 8.268308156524964354E-15 ) ) ;
#3194 = AXIS2_PLACEMENT_3D ( 'NONE', #1780, #799, #2601 ) ;
#3195 = CARTESIAN_POINT ( 'NONE',  ( 19.61299752542829822, 18.52739509806283635, 14.15868439628284570 ) ) ;
#3196 = DIRECTION ( 'NONE',  ( 0.000000000000000000, -1.000000000000000000, 0.000000000000000000 ) ) ;
#3197 = ORIENTED_EDGE ( 'NONE', *, *, #2215, .F. ) ;
#3198 = EDGE_CURVE ( 'NONE', #2752, #1113, #3261, .T. ) ;
#3199 = CARTESIAN_POINT ( 'NONE',  ( 20.78077775235314206, 17.01793705846259996, 12.61686830970212903 ) ) ;
#3200 = ADVANCED_FACE ( 'NONE', ( #3001 ), #1218, .T. ) ;
#3201 = VERTEX_POINT ( 'NONE', #1804 ) ;
#3202 = CARTESIAN_POINT ( 'NONE',  ( 9.656684729121595367, 16.98952713241866874, 33.75809982710573820 ) ) ;
#3203 = ORIENTED_EDGE ( 'NONE', *, *, #2343, .F. ) ;
#3204 = ORIENTED_EDGE ( 'NONE', *, *, #2077, .T. ) ;
#3205 = CIRCLE ( 'NONE', #1152, 0.3000000000000007105 ) ;
#3206 = DIRECTION ( 'NONE',  ( 1.000000000000000000, 1.561251128379126069E-14, 0.000000000000000000 ) ) ;
#3207 = VERTEX_POINT ( 'NONE', #3694 ) ;
#3208 = ORIENTED_EDGE ( 'NONE', *, *, #3305, .T. ) ;
#3209 = CARTESIAN_POINT ( 'NONE',  ( 11.53449493129707548, -40.30903915740668708, 20.11586664685441406 ) ) ;
#3210 = CARTESIAN_POINT ( 'NONE',  ( 18.87911404894512657, 15.48952713241882684, 52.38180610806209359 ) ) ;
#3211 = CARTESIAN_POINT ( 'NONE',  ( -2.365505068702932423, 21.98951862599528440, 46.91586664685443964 ) ) ;
#3212 = ORIENTED_EDGE ( 'NONE', *, *, #258, .F. ) ;
#3213 = CIRCLE ( 'NONE', #2071, 0.2999999999999990452 ) ;
#3214 = CARTESIAN_POINT ( 'NONE',  ( 19.81105961746083466, 18.37155707003091365, 49.49537505816967098 ) ) ;
#3215 = CARTESIAN_POINT ( 'NONE',  ( -1.387694866528121684, 17.98952713241849821, 29.27363346660304799 ) ) ;
#3216 = AXIS2_PLACEMENT_3D ( 'NONE', #2986, #3308, #175 ) ;
#3217 = PLANE ( 'NONE',  #3737 ) ;
#3218 = DIRECTION ( 'NONE',  ( 0.000000000000000000, -0.8164965809277168196, -0.5773502691896389427 ) ) ;
#3219 = VERTEX_POINT ( 'NONE', #251 ) ;
#3220 = DIRECTION ( 'NONE',  ( -1.667378762439842493E-29, 1.115179377413661760E-15, 1.000000000000000000 ) ) ;
#3221 = ORIENTED_EDGE ( 'NONE', *, *, #800, .F. ) ;
#3222 = EDGE_CURVE ( 'NONE', #756, #127, #299, .T. ) ;
#3223 = PLANE ( 'NONE',  #2388 ) ;
#3224 = DIRECTION ( 'NONE',  ( 1.000000000000000000, 1.495166424532390756E-14, -1.667378762439842493E-29 ) ) ;
#3225 = EDGE_LOOP ( 'NONE', ( #2235, #688 ) ) ;
#3226 = AXIS2_PLACEMENT_3D ( 'NONE', #1342, #2565, #3437 ) ;
#3227 = ORIENTED_EDGE ( 'NONE', *, *, #3705, .T. ) ;
#3228 = CARTESIAN_POINT ( 'NONE',  ( 20.53449493129697601, 25.48952713241840584, 32.01586664685450501 ) ) ;
#3229 = EDGE_CURVE ( 'NONE', #1692, #1040, #1827, .T. ) ;
#3230 = EDGE_CURVE ( 'NONE', #112, #3049, #940, .T. ) ;
#3231 = LINE ( 'NONE', #2261, #2868 ) ;
#3232 = ORIENTED_EDGE ( 'NONE', *, *, #565, .T. ) ;
#3233 = CIRCLE ( 'NONE', #3883, 1.000000000000000444 ) ;
#3234 = CARTESIAN_POINT ( 'NONE',  ( 5.634494931296398335, 30.93952713241841579, 47.51586664685442685 ) ) ;
#3235 = CARTESIAN_POINT ( 'NONE',  ( -1.365505068702932201, 21.98951862599528795, 17.51586664685450145 ) ) ;
#3236 = EDGE_LOOP ( 'NONE', ( #2501, #2126, #2330, #771 ) ) ;
#3237 = FACE_OUTER_BOUND ( 'NONE', #172, .T. ) ;
#3238 = DIRECTION ( 'NONE',  ( 0.8164965809277152653, 0.5773502691896412742, 0.000000000000000000 ) ) ;
#3239 = CARTESIAN_POINT ( 'NONE',  ( 18.87911404894512302, 18.48952713241878243, 10.64992718564674057 ) ) ;
#3240 = AXIS2_PLACEMENT_3D ( 'NONE', #2236, #1639, #647 ) ;
#3241 = DIRECTION ( 'NONE',  ( 1.495166424532390756E-14, -1.000000000000000000, 1.115179377413663338E-15 ) ) ;
#3242 = CARTESIAN_POINT ( 'NONE',  ( 11.38449493129706624, 21.98951862599546558, 52.91586664685443964 ) ) ;
#3243 = AXIS2_PLACEMENT_3D ( 'NONE', #926, #3380, #623 ) ;
#3244 = ORIENTED_EDGE ( 'NONE', *, *, #2713, .T. ) ;
#3245 = CARTESIAN_POINT ( 'NONE',  ( 17.76252462807389776, 15.48952713241881263, 51.26521668719087188 ) ) ;
#3246 = DIRECTION ( 'NONE',  ( 0.000000000000000000, 0.000000000000000000, 1.000000000000000000 ) ) ;
#3247 = ORIENTED_EDGE ( 'NONE', *, *, #985, .F. ) ;
#3248 = ORIENTED_EDGE ( 'NONE', *, *, #2911, .T. ) ;
#3249 = CIRCLE ( 'NONE', #811, 0.2999999999999969913 ) ;
#3250 = DIRECTION ( 'NONE',  ( -1.474514954580284768E-14, 1.000000000000000000, 0.000000000000000000 ) ) ;
#3251 = DIRECTION ( 'NONE',  ( 0.000000000000000000, 0.000000000000000000, 1.000000000000000000 ) ) ;
#3252 = ORIENTED_EDGE ( 'NONE', *, *, #3003, .F. ) ;
#3253 = DIRECTION ( 'NONE',  ( 0.000000000000000000, 1.000000000000000000, -0.000000000000000000 ) ) ;
#3254 = DIRECTION ( 'NONE',  ( 0.000000000000000000, 0.000000000000000000, -1.000000000000000000 ) ) ;
#3255 = EDGE_CURVE ( 'NONE', #1711, #2795, #826, .T. ) ;
#3256 = EDGE_CURVE ( 'NONE', #3571, #3263, #1477, .T. ) ;
#3257 = ORIENTED_EDGE ( 'NONE', *, *, #1062, .F. ) ;
#3258 = AXIS2_PLACEMENT_3D ( 'NONE', #1449, #1784, #1473 ) ;
#3259 = LINE ( 'NONE', #3821, #2762 ) ;
#3260 = AXIS2_PLACEMENT_3D ( 'NONE', #2490, #3384, #3650 ) ;
#3261 = LINE ( 'NONE', #509, #3106 ) ;
#3262 = PLANE ( 'NONE',  #3776 ) ;
#3263 = VERTEX_POINT ( 'NONE', #3963 ) ;
#3264 = CARTESIAN_POINT ( 'NONE',  ( 18.52556065835187127, 17.06526306370686186, 11.00348057624001541 ) ) ;
#3265 = CARTESIAN_POINT ( 'NONE',  ( -8.265505068703401292, 25.48952713241840584, 26.61586664685609804 ) ) ;
#3266 = VERTEX_POINT ( 'NONE', #3031 ) ;
#3267 = ORIENTED_EDGE ( 'NONE', *, *, #449, .F. ) ;
#3268 = CARTESIAN_POINT ( 'NONE',  ( 2.392261751045400064, 16.98952713241856216, 36.53805644467924196 ) ) ;
#3269 = PLANE ( 'NONE',  #45 ) ;
#3270 = ORIENTED_EDGE ( 'NONE', *, *, #3605, .T. ) ;
#3271 = EDGE_CURVE ( 'NONE', #129, #2141, #3379, .T. ) ;
#3272 = CARTESIAN_POINT ( 'NONE',  ( 17.70487321626909960, 18.48952713241876467, 11.84550398660945980 ) ) ;
#3273 = ORIENTED_EDGE ( 'NONE', *, *, #843, .T. ) ;
#3274 = ADVANCED_FACE ( 'NONE', ( #2423 ), #2732, .T. ) ;
#3275 = LINE ( 'NONE', #1451, #1282 ) ;
#3276 = CYLINDRICAL_SURFACE ( 'NONE', #2875, 1.799999999999999600 ) ;
#3277 = SECURITY_CLASSIFICATION ( '', '', #642 ) ;
#3278 = CARTESIAN_POINT ( 'NONE',  ( -1.387694866528084381, 15.48952713241849999, 29.27363346660305155 ) ) ;
#3279 = VECTOR ( 'NONE', #563, 1000.000000000000000 ) ;
#3280 = ADVANCED_FACE ( 'NONE', ( #1528 ), #2152, .F. ) ;
#3281 = EDGE_CURVE ( 'NONE', #18, #2970, #1814, .T. ) ;
#3282 = CARTESIAN_POINT ( 'NONE',  ( -4.265505068703038916, 15.48952713241843604, 10.11586664685441583 ) ) ;
#3283 = CARTESIAN_POINT ( 'NONE',  ( 20.67927415688920689, 16.82823118945650975, 12.45008729238649003 ) ) ;
#3284 = VECTOR ( 'NONE', #942, 1000.000000000000000 ) ;
#3285 = EDGE_LOOP ( 'NONE', ( #2253, #1948, #2301, #2326 ) ) ;
#3286 = DIRECTION ( 'NONE',  ( 0.000000000000000000, -1.000000000000000000, 0.000000000000000000 ) ) ;
#3287 = CARTESIAN_POINT ( 'NONE',  ( 11.38449493129706624, 21.98951862599546558, 46.91586664685443964 ) ) ;
#3288 = ORIENTED_EDGE ( 'NONE', *, *, #131, .T. ) ;
#3289 = VERTEX_POINT ( 'NONE', #3323 ) ;
#3290 =( BOUNDED_CURVE ( )  B_SPLINE_CURVE ( 3, ( #1974, #3214, #3586, #2940 ),
 .UNSPECIFIED., .F., .T. ) 
 B_SPLINE_CURVE_WITH_KNOTS ( ( 4, 4 ),
 ( 4.712388980384680792, 4.768879228023649830 ),
 .UNSPECIFIED. ) 
 CURVE ( )  GEOMETRIC_REPRESENTATION_ITEM ( )  RATIONAL_B_SPLINE_CURVE ( ( 1.000000000000000000, 0.9997340886725629705, 0.9997340886725629705, 1.000000000000000000 ) ) 
 REPRESENTATION_ITEM ( '' )  );
#3291 = CARTESIAN_POINT ( 'NONE',  ( 20.53449493129697601, 15.48952713241858525, 32.01586664685450501 ) ) ;
#3292 = CARTESIAN_POINT ( 'NONE',  ( 9.634494931297066245, 21.98951862599546558, 17.51586664685443750 ) ) ;
#3293 = ORIENTED_EDGE ( 'NONE', *, *, #2123, .T. ) ;
#3294 = DIRECTION ( 'NONE',  ( 0.000000000000000000, 0.000000000000000000, -1.000000000000000000 ) ) ;
#3295 = CIRCLE ( 'NONE', #2769, 2.000000000000001776 ) ;
#3296 = AXIS2_PLACEMENT_3D ( 'NONE', #3188, #1672, #3903 ) ;
#3297 = CARTESIAN_POINT ( 'NONE',  ( 19.12318043466778406, 17.04095234293096794, 10.96671980152358827 ) ) ;
#3298 = EDGE_LOOP ( 'NONE', ( #748, #1870, #3138, #2935 ) ) ;
#3299 = CARTESIAN_POINT ( 'NONE',  ( 11.53449493129707548, 15.48952713241868295, 20.11586664685441406 ) ) ;
#3300 = CIRCLE ( 'NONE', #1951, 1.000000000000000444 ) ;
#3301 = LINE ( 'NONE', #1302, #39 ) ;
#3302 = EDGE_CURVE ( 'NONE', #3266, #3128, #1513, .T. ) ;
#3303 = FACE_OUTER_BOUND ( 'NONE', #2415, .T. ) ;
#3304 = CARTESIAN_POINT ( 'NONE',  ( 19.83093107009807099, 18.26408945780963933, 49.09098244209497608 ) ) ;
#3305 = EDGE_CURVE ( 'NONE', #774, #386, #3720, .T. ) ;
#3306 = EDGE_CURVE ( 'NONE', #2440, #3902, #207, .T. ) ;
#3307 = VERTEX_POINT ( 'NONE', #3360 ) ;
#3308 = DIRECTION ( 'NONE',  ( 1.000000000000000000, -0.000000000000000000, 3.850437621911135392E-15 ) ) ;
#3309 = DIRECTION ( 'NONE',  ( -1.239088197126124417E-16, -1.852643069377353962E-30, 1.000000000000000000 ) ) ;
#3310 = VERTEX_POINT ( 'NONE', #578 ) ;
#3311 = VERTEX_POINT ( 'NONE', #19 ) ;
#3312 = LINE ( 'NONE', #2624, #3916 ) ;
#3313 = AXIS2_PLACEMENT_3D ( 'NONE', #1498, #2155, #1553 ) ;
#3314 = CIRCLE ( 'NONE', #3433, 2.000000000000001776 ) ;
#3315 =( BOUNDED_CURVE ( )  B_SPLINE_CURVE ( 3, ( #1309, #3715, #2529, #3482 ),
 .UNSPECIFIED., .F., .T. ) 
 B_SPLINE_CURVE_WITH_KNOTS ( ( 4, 4 ),
 ( 1.570796326794882125, 2.356194490192306645 ),
 .UNSPECIFIED. ) 
 CURVE ( )  GEOMETRIC_REPRESENTATION_ITEM ( )  RATIONAL_B_SPLINE_CURVE ( ( 1.000000000000000000, 0.9492530216741942306, 0.9492530216741942306, 1.000000000000000000 ) ) 
 REPRESENTATION_ITEM ( '' )  );
#3316 = CARTESIAN_POINT ( 'NONE',  ( 15.53449493129659231, 25.48952713241876467, 36.26593200339668499 ) ) ;
#3317 = ORIENTED_EDGE ( 'NONE', *, *, #3685, .T. ) ;
#3318 = CARTESIAN_POINT ( 'NONE',  ( 1.392261751045399398, 16.98952713241854795, 36.53805644467924196 ) ) ;
#3319 = ORIENTED_EDGE ( 'NONE', *, *, #3255, .F. ) ;
#3320 = CARTESIAN_POINT ( 'NONE',  ( 54.73449493129641752, 28.93952713241841579, 22.61586664685610160 ) ) ;
#3321 = ORIENTED_EDGE ( 'NONE', *, *, #26, .T. ) ;
#3322 = CIRCLE ( 'NONE', #2161, 10.00000000000000178 ) ;
#3323 = CARTESIAN_POINT ( 'NONE',  ( -7.165505068703406089, 25.48952713241842361, 26.61586664685609804 ) ) ;
#3324 = VECTOR ( 'NONE', #649, 1000.000000000000114 ) ;
#3325 = PERSON ( '未指定', '未指定', '未指定', ('未指定'), ('未指定'), ('未指定') ) ;
#3326 = CARTESIAN_POINT ( 'NONE',  ( 19.21415211850552041, 16.84788189652257628, 52.04676803850167488 ) ) ;
#3327 = CARTESIAN_POINT ( 'NONE',  ( 11.53449493129702930, 18.48952713241868295, 20.11586664685441050 ) ) ;
#3328 = CARTESIAN_POINT ( 'NONE',  ( 20.82066462152008413, 17.11681022491301718, 50.26025005982028659 ) ) ;
#3329 = CARTESIAN_POINT ( 'NONE',  ( 20.79332761131822949, 16.96185026702741894, 12.90562808023874730 ) ) ;
#3330 = EDGE_CURVE ( 'NONE', #34, #1692, #1838, .T. ) ;
#3331 = ORIENTED_EDGE ( 'NONE', *, *, #3093, .F. ) ;
#3332 = EDGE_CURVE ( 'NONE', #2454, #963, #1238, .T. ) ;
#3333 = DIRECTION ( 'NONE',  ( -1.495166424532390756E-14, 1.000000000000000000, -1.115179377413661760E-15 ) ) ;
#3334 = DIRECTION ( 'NONE',  ( 1.000000000000000000, 1.387778780781444413E-14, 0.000000000000000000 ) ) ;
#3335 = ORIENTED_EDGE ( 'NONE', *, *, #2149, .F. ) ;
#3336 = DIRECTION ( 'NONE',  ( -1.495166424532390756E-14, 1.000000000000000000, -1.115179377413661760E-15 ) ) ;
#3337 = VERTEX_POINT ( 'NONE', #656 ) ;
#3338 =( BOUNDED_CURVE ( )  B_SPLINE_CURVE ( 3, ( #3746, #1991, #2224, #1053 ),
 .UNSPECIFIED., .F., .T. ) 
 B_SPLINE_CURVE_WITH_KNOTS ( ( 4, 4 ),
 ( 0.7853981633974422838, 1.570796326794887676 ),
 .UNSPECIFIED. ) 
 CURVE ( )  GEOMETRIC_REPRESENTATION_ITEM ( )  RATIONAL_B_SPLINE_CURVE ( ( 1.000000000000000000, 0.9492530216741915661, 0.9492530216741915661, 1.000000000000000000 ) ) 
 REPRESENTATION_ITEM ( '' )  );
#3339 = DIRECTION ( 'NONE',  ( 0.000000000000000000, 0.000000000000000000, 1.000000000000000000 ) ) ;
#3340 = ORIENTED_EDGE ( 'NONE', *, *, #2478, .T. ) ;
#3341 = DIRECTION ( 'NONE',  ( 1.000000000000000000, 1.495166424532390756E-14, 1.239088197126124417E-16 ) ) ;
#3342 = CARTESIAN_POINT ( 'NONE',  ( 18.67556065835182366, 17.27739509806284701, 52.17825271746881555 ) ) ;
#3343 = CARTESIAN_POINT ( 'NONE',  ( 20.64688100191148479, 16.78242035123228959, 50.61403915509571050 ) ) ;
#3344 = APPLICATION_PROTOCOL_DEFINITION ( 'international standard', 'config_control_design', 1994, #1699 ) ;
#3345 = CARTESIAN_POINT ( 'NONE',  ( 18.79124608330110391, 18.18952713241878172, 12.85911549485042116 ) ) ;
#3346 = VERTEX_POINT ( 'NONE', #2230 ) ;
#3347 = CIRCLE ( 'NONE', #1611, 1.749999999999999778 ) ;
#3348 = VECTOR ( 'NONE', #1954, 1000.000000000000000 ) ;
#3349 = LINE ( 'NONE', #287, #3951 ) ;
#3350 = EDGE_CURVE ( 'NONE', #2931, #34, #3977, .T. ) ;
#3351 = FACE_OUTER_BOUND ( 'NONE', #2494, .T. ) ;
#3352 = VERTEX_POINT ( 'NONE', #2546 ) ;
#3353 = APPROVAL_PERSON_ORGANIZATION ( #184, #3637, #1080 ) ;
#3354 = CARTESIAN_POINT ( 'NONE',  ( 17.57411620314582379, 18.49145765740843927, 11.88490297936488105 ) ) ;
#3355 = EDGE_CURVE ( 'NONE', #1941, #3634, #1161, .T. ) ;
#3356 = ADVANCED_FACE ( 'NONE', ( #3713, #1261, #2786, #2248, #38 ), #3797, .F. ) ;
#3357 = LINE ( 'NONE', #591, #1258 ) ;
#3358 = VERTEX_POINT ( 'NONE', #354 ) ;
#3359 = AXIS2_PLACEMENT_3D ( 'NONE', #1035, #457, #2312 ) ;
#3360 = CARTESIAN_POINT ( 'NONE',  ( 20.79332761131820817, 16.92384170746959882, 50.26048576450244809 ) ) ;
#3361 = VECTOR ( 'NONE', #1592, 1000.000000000000000 ) ;
#3362 =( BOUNDED_CURVE ( )  B_SPLINE_CURVE ( 3, ( #396, #3799, #2827, #104 ),
 .UNSPECIFIED., .F., .T. ) 
 B_SPLINE_CURVE_WITH_KNOTS ( ( 4, 4 ),
 ( 0.7853981633974187471, 1.570796326794871245 ),
 .UNSPECIFIED. ) 
 CURVE ( )  GEOMETRIC_REPRESENTATION_ITEM ( )  RATIONAL_B_SPLINE_CURVE ( ( 1.000000000000000000, 0.9492530216741906779, 0.9492530216741906779, 1.000000000000000000 ) ) 
 REPRESENTATION_ITEM ( '' )  );
#3363 = DIRECTION ( 'NONE',  ( -1.495166424532390756E-14, 1.000000000000000000, -1.115179377413661760E-15 ) ) ;
#3364 = DIRECTION ( 'NONE',  ( 1.000000000000000000, 0.000000000000000000, 0.000000000000000000 ) ) ;
#3365 = CARTESIAN_POINT ( 'NONE',  ( 19.67184183870149283, 18.59571204158677560, 13.71414345762748965 ) ) ;
#3366 = FACE_OUTER_BOUND ( 'NONE', #863, .T. ) ;
#3367 = ORIENTED_EDGE ( 'NONE', *, *, #2149, .T. ) ;
#3368 = CARTESIAN_POINT ( 'NONE',  ( 18.77041319347623727, 17.19387465686127570, 10.83021737068112067 ) ) ;
#3369 = LINE ( 'NONE', #344, #502 ) ;
#3370 = ORIENTED_EDGE ( 'NONE', *, *, #1554, .T. ) ;
#3371 = AXIS2_PLACEMENT_3D ( 'NONE', #1940, #3404, #3741 ) ;
#3372 = FACE_OUTER_BOUND ( 'NONE', #134, .T. ) ;
#3373 = LINE ( 'NONE', #899, #676 ) ;
#3374 = ORIENTED_EDGE ( 'NONE', *, *, #3665, .F. ) ;
#3375 = EDGE_CURVE ( 'NONE', #313, #3612, #1281, .T. ) ;
#3376 = ADVANCED_FACE ( 'NONE', ( #1876 ), #1220, .T. ) ;
#3377 = CARTESIAN_POINT ( 'NONE',  ( 19.80896031475485941, 18.45631974456698288, 13.65413145674510531 ) ) ;
#3378 = ORIENTED_EDGE ( 'NONE', *, *, #824, .T. ) ;
#3379 = LINE ( 'NONE', #887, #2895 ) ;
#3380 = DIRECTION ( 'NONE',  ( -1.495166424532390756E-14, 1.000000000000000000, -1.115179377413661760E-15 ) ) ;
#3381 = ORIENTED_EDGE ( 'NONE', *, *, #3230, .F. ) ;
#3382 = VECTOR ( 'NONE', #3140, 1000.000000000000000 ) ;
#3383 = DIRECTION ( 'NONE',  ( 0.7071067811865510144, 0.000000000000000000, -0.7071067811865441310 ) ) ;
#3384 = DIRECTION ( 'NONE',  ( 0.000000000000000000, 1.000000000000000000, 0.000000000000000000 ) ) ;
#3385 = ORIENTED_EDGE ( 'NONE', *, *, #1815, .F. ) ;
#3386 = CARTESIAN_POINT ( 'NONE',  ( -4.265505068703127733, -40.30903915740668708, 42.91586664685443253 ) ) ;
#3387 = AXIS2_PLACEMENT_3D ( 'NONE', #537, #1405, #3614 ) ;
#3388 = CARTESIAN_POINT ( 'NONE',  ( 54.73449493129659515, 25.48952713241935086, 24.61586664685610515 ) ) ;
#3389 = ORIENTED_EDGE ( 'NONE', *, *, #1854, .T. ) ;
#3390 = LINE ( 'NONE', #3454, #1697 ) ;
#3391 = CARTESIAN_POINT ( 'NONE',  ( -2.365505068702932423, 21.98951862599528440, 45.51586664685440553 ) ) ;
#3392 = EDGE_CURVE ( 'NONE', #1507, #1569, #777, .T. ) ;
#3393 = EDGE_CURVE ( 'NONE', #2859, #3395, #2825, .T. ) ;
#3394 = CIRCLE ( 'NONE', #1673, 1.000000000000001776 ) ;
#3395 = VERTEX_POINT ( 'NONE', #719 ) ;
#3396 = DIRECTION ( 'NONE',  ( 1.000000000000000000, 1.387778780781444413E-14, 0.000000000000000000 ) ) ;
#3397 = EDGE_CURVE ( 'NONE', #2204, #1009, #70, .T. ) ;
#3398 = EDGE_CURVE ( 'NONE', #3411, #174, #1305, .T. ) ;
#3399 = DIRECTION ( 'NONE',  ( 0.7071067811865445751, 1.136097407790152877E-14, 0.7071067811865504593 ) ) ;
#3400 = CARTESIAN_POINT ( 'NONE',  ( 5.634494931296398335, 28.93952713241841579, 47.51586664685442685 ) ) ;
#3401 = CARTESIAN_POINT ( 'NONE',  ( 20.64332761131820249, 17.13597374182556266, 50.41048576450245378 ) ) ;
#3402 = DIRECTION ( 'NONE',  ( 0.000000000000000000, 0.000000000000000000, 1.000000000000000000 ) ) ;
#3403 = EDGE_LOOP ( 'NONE', ( #2645, #1162, #2669, #663 ) ) ;
#3404 = DIRECTION ( 'NONE',  ( 1.495166424532390756E-14, -1.000000000000000000, 1.115179377413661760E-15 ) ) ;
#3405 = CIRCLE ( 'NONE', #2568, 1.000000000000000888 ) ;
#3406 = DIRECTION ( 'NONE',  ( 1.495166424532390756E-14, -1.000000000000000000, 1.115179377413661760E-15 ) ) ;
#3407 = ORIENTED_EDGE ( 'NONE', *, *, #2221, .T. ) ;
#3408 = CARTESIAN_POINT ( 'NONE',  ( 19.23266743953842095, 16.78242035123225762, 11.00348057624001719 ) ) ;
#3409 = CIRCLE ( 'NONE', #1685, 2.000000000000001776 ) ;
#3410 = CARTESIAN_POINT ( 'NONE',  ( 18.87911404894516565, 15.48952713241878243, 11.35703396683329380 ) ) ;
#3411 = VERTEX_POINT ( 'NONE', #697 ) ;
#3412 = DIRECTION ( 'NONE',  ( 0.5000000000000138778, -0.7071067811865393571, -0.4999999999999976130 ) ) ;
#3413 = VECTOR ( 'NONE', #120, 1000.000000000000000 ) ;
#3414 = LINE ( 'NONE', #1633, #3348 ) ;
#3415 = EDGE_CURVE ( 'NONE', #2644, #2147, #3414, .T. ) ;
#3416 = APPROVAL_DATE_TIME ( #40, #1246 ) ;
#3417 = LINE ( 'NONE', #357, #3662 ) ;
#3418 = CARTESIAN_POINT ( 'NONE',  ( 19.02911404894510383, 17.13597374182554134, 52.02469932687554177 ) ) ;
#3419 = DIRECTION ( 'NONE',  ( 1.495166424532390441E-14, -1.000000000000000000, 1.115179377413665113E-15 ) ) ;
#3420 = ORIENTED_EDGE ( 'NONE', *, *, #3927, .T. ) ;
#3421 = EDGE_CURVE ( 'NONE', #3528, #3723, #3213, .T. ) ;
#3422 = LINE ( 'NONE', #46, #1344 ) ;
#3423 = ADVANCED_FACE ( 'NONE', ( #1324 ), #3775, .T. ) ;
#3424 = EDGE_LOOP ( 'NONE', ( #3560, #3389, #450, #1642, #2857, #311, #1862, #1739 ) ) ;
#3425 = CARTESIAN_POINT ( 'NONE',  ( 8.656684729121581157, 17.88952713241865311, 33.75809982710573109 ) ) ;
#3426 = ORIENTED_EDGE ( 'NONE', *, *, #570, .T. ) ;
#3427 = VERTEX_POINT ( 'NONE', #807 ) ;
#3428 = VECTOR ( 'NONE', #3075, 1000.000000000000000 ) ;
#3429 = FACE_OUTER_BOUND ( 'NONE', #3424, .T. ) ;
#3430 = ORIENTED_EDGE ( 'NONE', *, *, #1272, .T. ) ;
#3431 = CARTESIAN_POINT ( 'NONE',  ( 18.87911404894508394, 18.48952713241882506, 51.67469932687554746 ) ) ;
#3432 = DIRECTION ( 'NONE',  ( -7.744283519435994665E-30, -1.000000000000000000, 2.011273595335425417E-15 ) ) ;
#3433 = AXIS2_PLACEMENT_3D ( 'NONE', #1091, #3224, #534 ) ;
#3434 = CIRCLE ( 'NONE', #2355, 1.000000000000000444 ) ;
#3435 =( BOUNDED_CURVE ( )  B_SPLINE_CURVE ( 3, ( #2972, #1117, #821, #2954 ),
 .UNSPECIFIED., .F., .T. ) 
 B_SPLINE_CURVE_WITH_KNOTS ( ( 4, 4 ),
 ( 4.712388980384697668, 5.497787143782136177 ),
 .UNSPECIFIED. ) 
 CURVE ( )  GEOMETRIC_REPRESENTATION_ITEM ( )  RATIONAL_B_SPLINE_CURVE ( ( 1.000000000000000000, 0.9492530216741924542, 0.9492530216741924542, 1.000000000000000000 ) ) 
 REPRESENTATION_ITEM ( '' )  );
#3436 = CARTESIAN_POINT ( 'NONE',  ( 18.52556065835182864, 17.06526306370687962, 52.02825271746881697 ) ) ;
#3437 = DIRECTION ( 'NONE',  ( 1.000000000000000000, 0.000000000000000000, 0.000000000000000000 ) ) ;
#3438 = EDGE_CURVE ( 'NONE', #24, #1959, #3290, .T. ) ;
#3439 = COORDINATED_UNIVERSAL_TIME_OFFSET ( 8, 0, .AHEAD. ) ;
#3440 = DIRECTION ( 'NONE',  ( 0.000000000000000000, 1.000000000000000000, 0.000000000000000000 ) ) ;
#3441 = CARTESIAN_POINT ( 'NONE',  ( -2.365505068702941305, 21.98951862599528795, 16.11586664685441761 ) ) ;
#3442 = CARTESIAN_POINT ( 'NONE',  ( 1.392261751045385854, 17.88952713241855008, 36.53805644467924196 ) ) ;
#3443 = EDGE_LOOP ( 'NONE', ( #3451, #543, #215, #2112 ) ) ;
#3444 = DIRECTION ( 'NONE',  ( 0.000000000000000000, -1.000000000000000000, 0.000000000000000000 ) ) ;
#3445 = ORIENTED_EDGE ( 'NONE', *, *, #2457, .F. ) ;
#3446 = EDGE_CURVE ( 'NONE', #3785, #2795, #3259, .T. ) ;
#3447 = ADVANCED_FACE ( 'NONE', ( #3565 ), #3502, .T. ) ;
#3448 = CIRCLE ( 'NONE', #750, 1.800000000000000488 ) ;
#3449 = DIRECTION ( 'NONE',  ( 1.000000000000000000, 1.387778780781445044E-14, 0.000000000000000000 ) ) ;
#3450 = ORIENTED_EDGE ( 'NONE', *, *, #3302, .F. ) ;
#3451 = ORIENTED_EDGE ( 'NONE', *, *, #3026, .T. ) ;
#3452 = AXIS2_PLACEMENT_3D ( 'NONE', #2352, #2054, #839 ) ;
#3453 = ORIENTED_EDGE ( 'NONE', *, *, #1883, .F. ) ;
#3454 = CARTESIAN_POINT ( 'NONE',  ( 19.82297438932558009, -40.30903915740668708, 48.51060598607627128 ) ) ;
#3455 = DIRECTION ( 'NONE',  ( -0.000000000000000000, -0.000000000000000000, -1.000000000000000000 ) ) ;
#3456 = AXIS2_PLACEMENT_3D ( 'NONE', #1809, #3057, #2176 ) ;
#3457 = VERTEX_POINT ( 'NONE', #3545 ) ;
#3458 = CARTESIAN_POINT ( 'NONE',  ( 20.73997576998851855, 17.01260071026645448, 13.03170615172265911 ) ) ;
#3459 = DIRECTION ( 'NONE',  ( -0.4999999999999890643, -0.7071067811865555663, -0.4999999999999996114 ) ) ;
#3460 = DIRECTION ( 'NONE',  ( 1.000000000000000000, 0.000000000000000000, 0.000000000000000000 ) ) ;
#3461 = DIRECTION ( 'NONE',  ( -0.8320502943378439431, 0.000000000000000000, 0.5547001962252289253 ) ) ;
#3462 = DIRECTION ( 'NONE',  ( 1.495166424532390756E-14, -1.000000000000000000, 1.115179377413661760E-15 ) ) ;
#3463 = ORIENTED_EDGE ( 'NONE', *, *, #185, .F. ) ;
#3464 = CARTESIAN_POINT ( 'NONE',  ( 21.53449493129703640, 27.48952713241840939, 24.61586664685609804 ) ) ;
#3465 = EDGE_LOOP ( 'NONE', ( #1665, #3813, #2701, #1907 ) ) ;
#3466 =( BOUNDED_CURVE ( )  B_SPLINE_CURVE ( 3, ( #2332, #3884, #143, #3842 ),
 .UNSPECIFIED., .F., .T. ) 
 B_SPLINE_CURVE_WITH_KNOTS ( ( 4, 4 ),
 ( 1.124685556518160379, 1.570796326794902109 ),
 .UNSPECIFIED. ) 
 CURVE ( )  GEOMETRIC_REPRESENTATION_ITEM ( )  RATIONAL_B_SPLINE_CURVE ( ( 1.000000000000000000, 0.9834840797590077566, 0.9834840797590077566, 1.000000000000000000 ) ) 
 REPRESENTATION_ITEM ( '' )  );
#3467 = DIRECTION ( 'NONE',  ( -1.000000000000000000, 0.000000000000000000, 0.000000000000000000 ) ) ;
#3468 = ORIENTED_EDGE ( 'NONE', *, *, #391, .F. ) ;
#3469 = ADVANCED_FACE ( 'NONE', ( #168 ), #2672, .F. ) ;
#3470 = LINE ( 'NONE', #3009, #562 ) ;
#3471 = VERTEX_POINT ( 'NONE', #1390 ) ;
#3472 = ORIENTED_EDGE ( 'NONE', *, *, #3893, .F. ) ;
#3473 = DIRECTION ( 'NONE',  ( 1.000000000000000000, 1.387778780781444413E-14, 0.000000000000000000 ) ) ;
#3474 = AXIS2_PLACEMENT_3D ( 'NONE', #3641, #1219, #3675 ) ;
#3475 = CARTESIAN_POINT ( 'NONE',  ( 9.634494931297057363, 21.98951862599546558, 16.11586664685441761 ) ) ;
#3476 = AXIS2_PLACEMENT_3D ( 'NONE', #699, #3092, #2232 ) ;
#3477 = EDGE_CURVE ( 'NONE', #1113, #880, #3020, .T. ) ;
#3478 = ORIENTED_EDGE ( 'NONE', *, *, #3870, .T. ) ;
#3479 = CARTESIAN_POINT ( 'NONE',  ( 19.78850944396919687, 18.48952713241883572, 49.02080511504472327 ) ) ;
#3480 = AXIS2_PLACEMENT_3D ( 'NONE', #2699, #1515, #874 ) ;
#3481 = PLANE ( 'NONE',  #911 ) ;
#3482 = CARTESIAN_POINT ( 'NONE',  ( 18.87911404894511946, 16.92384170746957039, 52.17469932687554746 ) ) ;
#3483 = LINE ( 'NONE', #2828, #2022 ) ;
#3484 = DIRECTION ( 'NONE',  ( 0.000000000000000000, 0.000000000000000000, -1.000000000000000000 ) ) ;
#3485 = ORIENTED_EDGE ( 'NONE', *, *, #1606, .T. ) ;
#3486 = VECTOR ( 'NONE', #2479, 1000.000000000000000 ) ;
#3487 = FACE_OUTER_BOUND ( 'NONE', #116, .T. ) ;
#3488 = VERTEX_POINT ( 'NONE', #2021 ) ;
#3489 = CARTESIAN_POINT ( 'NONE',  ( -7.165505068703794223, 51.48952713241840229, 24.61586664685606607 ) ) ;
#3490 = EDGE_LOOP ( 'NONE', ( #775, #1693, #2988, #802, #3970 ) ) ;
#3491 = ORIENTED_EDGE ( 'NONE', *, *, #2982, .T. ) ;
#3492 = AXIS2_PLACEMENT_3D ( 'NONE', #1937, #1957, #2251 ) ;
#3493 =( BOUNDED_CURVE ( )  B_SPLINE_CURVE ( 3, ( #3798, #3825, #486, #3523 ),
 .UNSPECIFIED., .F., .T. ) 
 B_SPLINE_CURVE_WITH_KNOTS ( ( 4, 4 ),
 ( 4.712388980384703885, 4.768879228024093031 ),
 .UNSPECIFIED. ) 
 CURVE ( )  GEOMETRIC_REPRESENTATION_ITEM ( )  RATIONAL_B_SPLINE_CURVE ( ( 1.000000000000000000, 0.9997340886725589737, 0.9997340886725589737, 1.000000000000000000 ) ) 
 REPRESENTATION_ITEM ( '' )  );
#3494 = DIRECTION ( 'NONE',  ( -1.000000000000000000, 0.000000000000000000, 0.000000000000000000 ) ) ;
#3495 = ORIENTED_EDGE ( 'NONE', *, *, #2822, .F. ) ;
#3496 = ORIENTED_EDGE ( 'NONE', *, *, #2822, .T. ) ;
#3497 = DIRECTION ( 'NONE',  ( -1.000000000000000000, 0.000000000000000000, -8.268308156524964354E-15 ) ) ;
#3498 = CARTESIAN_POINT ( 'NONE',  ( 17.76252462807397947, 18.14435896630514122, 11.76651660651788234 ) ) ;
#3499 = ADVANCED_FACE ( 'NONE', ( #2977 ), #2612, .F. ) ;
#3500 = ORIENTED_EDGE ( 'NONE', *, *, #588, .T. ) ;
#3501 = EDGE_CURVE ( 'NONE', #2679, #34, #2043, .T. ) ;
#3502 = CYLINDRICAL_SURFACE ( 'NONE', #2437, 0.5000000000000004441 ) ;
#3503 = CARTESIAN_POINT ( 'NONE',  ( 17.40897123748101194, -40.30903915740670840, 51.61877007778375059 ) ) ;
#3504 = LINE ( 'NONE', #1613, #2443 ) ;
#3505 = AXIS2_PLACEMENT_3D ( 'NONE', #2050, #2987, #3246 ) ;
#3506 = VECTOR ( 'NONE', #1237, 1000.000000000000000 ) ;
#3507 = CARTESIAN_POINT ( 'NONE',  ( 19.02911404894514291, 17.13597374182552713, 11.00703396683329238 ) ) ;
#3508 = DIRECTION ( 'NONE',  ( 0.000000000000000000, 0.000000000000000000, -1.000000000000000000 ) ) ;
#3509 = CARTESIAN_POINT ( 'NONE',  ( 20.64332761131823091, 17.17398230138337567, 12.67499974961933518 ) ) ;
#3510 = ORIENTED_EDGE ( 'NONE', *, *, #3649, .F. ) ;
#3511 = CYLINDRICAL_SURFACE ( 'NONE', #2697, 0.2999999999999998779 ) ;
#3512 = VERTEX_POINT ( 'NONE', #1368 ) ;
#3513 = DIRECTION ( 'NONE',  ( -1.000000000000000000, 0.000000000000000000, 0.000000000000000000 ) ) ;
#3514 = ORIENTED_EDGE ( 'NONE', *, *, #1182, .F. ) ;
#3515 = EDGE_LOOP ( 'NONE', ( #3920, #3059, #2728, #2283 ) ) ;
#3516 = CIRCLE ( 'NONE', #1588, 1.750000000000000666 ) ;
#3517 = CARTESIAN_POINT ( 'NONE',  ( -7.165505068703405200, 25.48952713241842361, 36.26593200339668499 ) ) ;
#3518 = EDGE_LOOP ( 'NONE', ( #3718, #2914, #308, #2947, #3729, #1679, #3084 ) ) ;
#3519 = CARTESIAN_POINT ( 'NONE',  ( 54.73449493129641752, 28.93952713241841579, 40.26593200339668499 ) ) ;
#3520 = DIRECTION ( 'NONE',  ( 1.000000000000000000, 0.000000000000000000, -6.938893903907210234E-15 ) ) ;
#3521 = CARTESIAN_POINT ( 'NONE',  ( 17.40897123748117536, 15.48952713241876644, 11.41296321592507468 ) ) ;
#3522 = LINE ( 'NONE', #461, #841 ) ;
#3523 = CARTESIAN_POINT ( 'NONE',  ( 18.09181559289944019, 18.40165916677473490, 11.85968500444875140 ) ) ;
#3524 = EDGE_CURVE ( 'NONE', #3337, #18, #3275, .T. ) ;
#3525 = CARTESIAN_POINT ( 'NONE',  ( 17.46490048657206628, 15.48952713241876111, 12.06414074801983460 ) ) ;
#3526 = LINE ( 'NONE', #2900, #2471 ) ;
#3527 = FACE_BOUND ( 'NONE', #265, .T. ) ;
#3528 = VERTEX_POINT ( 'NONE', #2293 ) ;
#3529 = CARTESIAN_POINT ( 'NONE',  ( -6.865505068703797065, 51.48952713241843071, 45.51586664685438421 ) ) ;
#3530 = EDGE_CURVE ( 'NONE', #2394, #3010, #3405, .T. ) ;
#3531 = ADVANCED_FACE ( 'NONE', ( #3237 ), #228, .F. ) ;
#3532 = VERTEX_POINT ( 'NONE', #2314 ) ;
#3533 = CARTESIAN_POINT ( 'NONE',  ( 14.43449493129654115, 28.93952713241841934, 24.61586664685609804 ) ) ;
#3534 = CARTESIAN_POINT ( 'NONE',  ( 14.43449493129670635, 17.98952713241874690, 45.51586664685441974 ) ) ;
#3535 = EDGE_LOOP ( 'NONE', ( #3019, #2385, #2286, #3771 ) ) ;
#3536 = ORIENTED_EDGE ( 'NONE', *, *, #1660, .F. ) ;
#3537 = CARTESIAN_POINT ( 'NONE',  ( 18.10305340772455196, 18.38661713004244547, 51.18208312678746807 ) ) ;
#3538 = CARTESIAN_POINT ( 'NONE',  ( 9.656684729121577604, 17.98952713241866874, 33.75809982710573820 ) ) ;
#3539 = ORIENTED_EDGE ( 'NONE', *, *, #1683, .F. ) ;
#3540 = CYLINDRICAL_SURFACE ( 'NONE', #2712, 1.000000000000002665 ) ;
#3541 = CARTESIAN_POINT ( 'NONE',  ( 8.634505488928047257, 21.98951862599546203, 46.91586664685443964 ) ) ;
#3542 = PERSON_AND_ORGANIZATION_ROLE ( 'design_supplier' ) ;
#3543 = ORIENTED_EDGE ( 'NONE', *, *, #665, .F. ) ;
#3544 = AXIS2_PLACEMENT_3D ( 'NONE', #2590, #188, #1063 ) ;
#3545 = CARTESIAN_POINT ( 'NONE',  ( 19.80961351084495803, 18.48952713241880019, 13.87748292239428949 ) ) ;
#3546 = AXIS2_PLACEMENT_3D ( 'NONE', #1480, #2717, #3072 ) ;
#3547 = CARTESIAN_POINT ( 'NONE',  ( 19.82297438932572220, 18.48952713241880019, 14.52112730763257176 ) ) ;
#3548 = CARTESIAN_POINT ( 'NONE',  ( 9.634494931297066245, 21.98951862599546558, 46.91586664685443964 ) ) ;
#3549 = ORIENTED_EDGE ( 'NONE', *, *, #296, .T. ) ;
#3550 = DIRECTION ( 'NONE',  ( -3.469446951953611033E-15, 0.000000000000000000, 1.000000000000000000 ) ) ;
#3551 = FACE_OUTER_BOUND ( 'NONE', #472, .T. ) ;
#3552 = EDGE_CURVE ( 'NONE', #2894, #2870, #707, .T. ) ;
#3553 = EDGE_LOOP ( 'NONE', ( #2804, #2070, #845, #3831 ) ) ;
#3554 = AXIS2_PLACEMENT_3D ( 'NONE', #181, #3562, #735 ) ;
#3555 = ORIENTED_EDGE ( 'NONE', *, *, #136, .T. ) ;
#3556 = EDGE_CURVE ( 'NONE', #705, #685, #3522, .T. ) ;
#3557 = DIRECTION ( 'NONE',  ( -0.000000000000000000, 1.000000000000000000, -0.000000000000000000 ) ) ;
#3558 = VECTOR ( 'NONE', #3600, 1000.000000000000000 ) ;
#3559 = DIRECTION ( 'NONE',  ( 1.000000000000000000, 0.000000000000000000, 8.268308156524964354E-15 ) ) ;
#3560 = ORIENTED_EDGE ( 'NONE', *, *, #1088, .F. ) ;
#3561 = AXIS2_PLACEMENT_3D ( 'NONE', #1414, #1150, #2634 ) ;
#3562 = DIRECTION ( 'NONE',  ( -1.495166424532390756E-14, 1.000000000000000000, -1.115179377413661760E-15 ) ) ;
#3563 = DIRECTION ( 'NONE',  ( 1.000000000000000000, 1.387778780781444413E-14, -3.122502256758250246E-14 ) ) ;
#3564 = VERTEX_POINT ( 'NONE', #1122 ) ;
#3565 = FACE_OUTER_BOUND ( 'NONE', #1379, .T. ) ;
#3566 = LINE ( 'NONE', #2044, #590 ) ;
#3567 = AXIS2_PLACEMENT_3D ( 'NONE', #684, #1313, #727 ) ;
#3568 = FACE_OUTER_BOUND ( 'NONE', #2969, .T. ) ;
#3569 = DIRECTION ( 'NONE',  ( -1.495166424532390756E-14, 1.000000000000000000, -1.115179377413661760E-15 ) ) ;
#3570 = AXIS2_PLACEMENT_3D ( 'NONE', #907, #2427, #1807 ) ;
#3571 = VERTEX_POINT ( 'NONE', #1412 ) ;
#3572 = VECTOR ( 'NONE', #3432, 1000.000000000000000 ) ;
#3573 = CARTESIAN_POINT ( 'NONE',  ( 17.71216340850185844, 18.65378768406386811, 51.19513690504629011 ) ) ;
#3574 = VERTEX_POINT ( 'NONE', #828 ) ;
#3575 = AXIS2_PLACEMENT_3D ( 'NONE', #3548, #2616, #3913 ) ;
#3576 = CARTESIAN_POINT ( 'NONE',  ( 1.634494931296397668, 28.93952713241841579, 47.51586664685442685 ) ) ;
#3577 = EDGE_CURVE ( 'NONE', #1407, #152, #2965, .T. ) ;
#3578 = EDGE_CURVE ( 'NONE', #1089, #491, #1354, .T. ) ;
#3579 = CARTESIAN_POINT ( 'NONE',  ( 19.80961351084483368, 18.48952713241883927, 49.15425037131461750 ) ) ;
#3580 = VERTEX_POINT ( 'NONE', #2060 ) ;
#3581 = PRODUCT ( 'link1', 'link1', '', ( #1914 ) ) ;
#3582 = CARTESIAN_POINT ( 'NONE',  ( 17.64473135400490378, 18.38360930847823482, 11.86019275664699002 ) ) ;
#3583 = EDGE_CURVE ( 'NONE', #1204, #1484, #2756, .T. ) ;
#3584 = ORIENTED_EDGE ( 'NONE', *, *, #3705, .F. ) ;
#3585 = VECTOR ( 'NONE', #1906, 1000.000000000000000 ) ;
#3586 = CARTESIAN_POINT ( 'NONE',  ( 19.80071141123084288, 18.38661713004255915, 49.48442512328103504 ) ) ;
#3587 = DIRECTION ( 'NONE',  ( 0.5000000000000138778, -0.7071067811865392461, -0.4999999999999976685 ) ) ;
#3588 = DIRECTION ( 'NONE',  ( -1.000000000000000000, -1.541976423090495476E-14, 0.000000000000000000 ) ) ;
#3589 = CARTESIAN_POINT ( 'NONE',  ( 20.75915316353940909, 16.96894832232619876, 12.56921236346817494 ) ) ;
#3590 = ORIENTED_EDGE ( 'NONE', *, *, #2009, .T. ) ;
#3591 = DIRECTION ( 'NONE',  ( 8.268308156524964354E-15, 0.000000000000000000, -1.000000000000000000 ) ) ;
#3592 = DIRECTION ( 'NONE',  ( 1.000000000000000000, 1.495166424532391072E-14, -1.296850148564320694E-29 ) ) ;
#3593 = ORIENTED_EDGE ( 'NONE', *, *, #2878, .T. ) ;
#3594 = EDGE_LOOP ( 'NONE', ( #433, #1134, #1033, #866 ) ) ;
#3595 = CARTESIAN_POINT ( 'NONE',  ( 17.73058591152127050, 18.48952713241876467, 11.79845532307058242 ) ) ;
#3596 = VECTOR ( 'NONE', #3762, 1000.000000000000000 ) ;
#3597 = DIRECTION ( 'NONE',  ( 1.495166424532390756E-14, -1.000000000000000000, 1.115179377413661760E-15 ) ) ;
#3598 = VERTEX_POINT ( 'NONE', #2378 ) ;
#3599 = EDGE_CURVE ( 'NONE', #712, #3835, #1025, .T. ) ;
#3600 = DIRECTION ( 'NONE',  ( -1.000000000000000000, -1.495166424532391072E-14, 1.296850148564320413E-29 ) ) ;
#3601 = LINE ( 'NONE', #2393, #2362 ) ;
#3602 = VERTEX_POINT ( 'NONE', #544 ) ;
#3603 = CARTESIAN_POINT ( 'NONE',  ( 20.29332761131825791, 15.48952713241880375, 12.77124752920639850 ) ) ;
#3604 = EDGE_CURVE ( 'NONE', #3307, #278, #848, .T. ) ;
#3605 = EDGE_CURVE ( 'NONE', #3266, #2890, #2321, .T. ) ;
#3606 = VECTOR ( 'NONE', #996, 1000.000000000000000 ) ;
#3607 = FACE_OUTER_BOUND ( 'NONE', #471, .T. ) ;
#3608 = CARTESIAN_POINT ( 'NONE',  ( 18.87887834426319245, 17.11681022491297810, 52.20203633707794211 ) ) ;
#3609 = ORIENTED_EDGE ( 'NONE', *, *, #2608, .T. ) ;
#3610 = DIRECTION ( 'NONE',  ( -1.000000000000000000, 0.000000000000000000, -0.000000000000000000 ) ) ;
#3611 = CARTESIAN_POINT ( 'NONE',  ( 9.634494931297066245, 21.98951862599546203, 45.51586664685440553 ) ) ;
#3612 = VERTEX_POINT ( 'NONE', #2849 ) ;
#3613 = ORIENTED_EDGE ( 'NONE', *, *, #3355, .F. ) ;
#3614 = DIRECTION ( 'NONE',  ( -0.7071067811865465735, 0.000000000000000000, -0.7071067811865483499 ) ) ;
#3615 = FACE_OUTER_BOUND ( 'NONE', #1291, .T. ) ;
#3616 = ORIENTED_EDGE ( 'NONE', *, *, #660, .F. ) ;
#3617 = CARTESIAN_POINT ( 'NONE',  ( 17.76252462807445198, 18.14435896630513412, 11.76651660651834774 ) ) ;
#3618 = DIRECTION ( 'NONE',  ( 8.268308156524964354E-15, 0.000000000000000000, -1.000000000000000000 ) ) ;
#3619 = EDGE_LOOP ( 'NONE', ( #1774, #3407, #294, #2121 ) ) ;
#3620 =( BOUNDED_SURFACE ( )  B_SPLINE_SURFACE ( 3, 2, ( 
 ( #898, #2058, #3354 ),
 ( #1193, #2996, #3582 ),
 ( #1470, #2690, #3925 ),
 ( #2708, #823, #3617 ) ),
 .UNSPECIFIED., .F., .F., .F. ) 
 B_SPLINE_SURFACE_WITH_KNOTS ( ( 4, 4 ),
 ( 3, 3 ),
 ( 1.122008891895997618, 1.570796326794896558 ),
 ( 0.000000000000000000, 1.000000000000000000 ),
 .UNSPECIFIED. ) 
 GEOMETRIC_REPRESENTATION_ITEM ( )  RATIONAL_B_SPLINE_SURFACE ( (
 ( 1.000000000000000000, 0.8083300061779080670, 1.000000000000000000),
 ( 1.000000000000000000, 0.7788702509714131583, 1.000000000000000000),
 ( 1.000000000000000000, 0.7445233871054637298, 1.000000000000000000),
 ( 1.000000000000000000, 0.7071067811865494601, 1.000000000000000000) ) ) 
 REPRESENTATION_ITEM ( '' )  SURFACE ( )  );
#3621 = EDGE_CURVE ( 'NONE', #963, #3155, #3417, .T. ) ;
#3622 = EDGE_CURVE ( 'NONE', #152, #386, #1880, .T. ) ;
#3623 = CARTESIAN_POINT ( 'NONE',  ( 17.76252462807388000, 18.14435896630525136, 51.26521668719089320 ) ) ;
#3624 = PLANE ( 'NONE',  #1933 ) ;
#3625 = PLANE ( 'NONE',  #2324 ) ;
#3626 = CARTESIAN_POINT ( 'NONE',  ( 19.83093107009793243, 18.26408945780937287, 13.94075085161415828 ) ) ;
#3627 = CARTESIAN_POINT ( 'NONE',  ( 19.23266743953844227, 15.48952713241878776, 11.00348057624002074 ) ) ;
#3628 = EDGE_LOOP ( 'NONE', ( #244, #3500, #3876, #1525 ) ) ;
#3629 = DIRECTION ( 'NONE',  ( -0.000000000000000000, 1.000000000000000000, -0.000000000000000000 ) ) ;
#3630 = AXIS2_PLACEMENT_3D ( 'NONE', #2877, #3484, #2509 ) ;
#3631 = CARTESIAN_POINT ( 'NONE',  ( 6.856684729121580446, 17.88952713241862824, 33.75809982710573109 ) ) ;
#3632 = ORIENTED_EDGE ( 'NONE', *, *, #3947, .F. ) ;
#3633 = LINE ( 'NONE', #881, #3806 ) ;
#3634 = VERTEX_POINT ( 'NONE', #1573 ) ;
#3635 = DIRECTION ( 'NONE',  ( 1.000000000000000000, 1.387778780781444413E-14, 0.000000000000000000 ) ) ;
#3636 = ORIENTED_EDGE ( 'NONE', *, *, #3552, .F. ) ;
#3637 = APPROVAL ( #1410, '未指定' ) ;
#3638 = AXIS2_PLACEMENT_3D ( 'NONE', #3388, #952, #3724 ) ;
#3639 = CARTESIAN_POINT ( 'NONE',  ( 17.70950925264077114, 18.26431906702905295, 51.21220131175697077 ) ) ;
#3640 = ADVANCED_FACE ( 'NONE', ( #1020, #960, #658 ), #124, .F. ) ;
#3641 = CARTESIAN_POINT ( 'NONE',  ( 54.73449493129656673, 27.48952713241935442, 26.61586664685609804 ) ) ;
#3642 = VECTOR ( 'NONE', #538, 1000.000000000000000 ) ;
#3643 = CARTESIAN_POINT ( 'NONE',  ( 19.16344206580259879, 16.87518252029666854, 52.09021286129897277 ) ) ;
#3644 = FACE_OUTER_BOUND ( 'NONE', #2010, .T. ) ;
#3645 = CARTESIAN_POINT ( 'NONE',  ( 19.79085516668616407, 18.38130729056941348, 14.00428185372777179 ) ) ;
#3646 = ORIENTED_EDGE ( 'NONE', *, *, #1037, .T. ) ;
#3647 = EDGE_CURVE ( 'NONE', #3574, #1378, #1934, .T. ) ;
#3648 = CARTESIAN_POINT ( 'NONE',  ( 5.634494931296398335, 28.93952713241841579, 47.51586664685442685 ) ) ;
#3649 = EDGE_CURVE ( 'NONE', #1730, #3784, #377, .T. ) ;
#3650 = DIRECTION ( 'NONE',  ( 0.000000000000000000, 0.000000000000000000, 1.000000000000000000 ) ) ;
#3651 = EDGE_LOOP ( 'NONE', ( #3740, #1598 ) ) ;
#3652 = CARTESIAN_POINT ( 'NONE',  ( -14.26550506870300161, -40.30903915740668708, 10.11586664685441583 ) ) ;
#3653 = LINE ( 'NONE', #349, #2678 ) ;
#3654 = ORIENTED_EDGE ( 'NONE', *, *, #3421, .F. ) ;
#3655 = CARTESIAN_POINT ( 'NONE',  ( -2.365505068702932423, 21.98951862599528795, 10.11586664685441583 ) ) ;
#3656 = CARTESIAN_POINT ( 'NONE',  ( 19.88384497163372799, 18.14435896630555689, 49.14389634363063664 ) ) ;
#3657 = CARTESIAN_POINT ( 'NONE',  ( 19.20027428581144946, 16.82823118946405927, 52.06064587248216924 ) ) ;
#3658 = DIRECTION ( 'NONE',  ( 0.000000000000000000, 1.000000000000000000, 0.000000000000000000 ) ) ;
#3659 = CARTESIAN_POINT ( 'NONE',  ( 19.76545859878743272, 18.49145765740847125, 14.07624537500664808 ) ) ;
#3660 = CARTESIAN_POINT ( 'NONE',  ( 3.192261751045386564, 17.88952713241857850, 36.53805644467924196 ) ) ;
#3661 = ORIENTED_EDGE ( 'NONE', *, *, #528, .F. ) ;
#3662 = VECTOR ( 'NONE', #1895, 1000.000000000000000 ) ;
#3663 = FACE_OUTER_BOUND ( 'NONE', #248, .T. ) ;
#3664 = EDGE_CURVE ( 'NONE', #2551, #3163, #2213, .T. ) ;
#3665 = EDGE_CURVE ( 'NONE', #3790, #2839, #1356, .T. ) ;
#3666 = CARTESIAN_POINT ( 'NONE',  ( -14.26550506870305846, 27.48952713241840939, 24.61586664685609804 ) ) ;
#3667 = ORIENTED_EDGE ( 'NONE', *, *, #3070, .F. ) ;
#3668 = CARTESIAN_POINT ( 'NONE',  ( 19.20027428580005235, 16.82823118946638630, 10.97108742124140335 ) ) ;
#3669 = CYLINDRICAL_SURFACE ( 'NONE', #1398, 0.5000000000000004441 ) ;
#3670 = ORIENTED_EDGE ( 'NONE', *, *, #1166, .T. ) ;
#3671 = VECTOR ( 'NONE', #2039, 1000.000000000000114 ) ;
#3672 = ORIENTED_EDGE ( 'NONE', *, *, #1486, .F. ) ;
#3673 = CARTESIAN_POINT ( 'NONE',  ( 19.19465887998055464, 16.91680090226461175, 52.06626127702663354 ) ) ;
#3674 = AXIS2_PLACEMENT_3D ( 'NONE', #1769, #3868, #1103 ) ;
#3675 = DIRECTION ( 'NONE',  ( -1.387778780781444413E-14, 1.000000000000000000, 0.000000000000000000 ) ) ;
#3676 = DIRECTION ( 'NONE',  ( 0.000000000000000000, 0.000000000000000000, 1.000000000000000000 ) ) ;
#3677 = DIRECTION ( 'NONE',  ( -0.8164965809277111575, -0.5773502691896466033, 0.000000000000000000 ) ) ;
#3678 = ORIENTED_EDGE ( 'NONE', *, *, #3621, .T. ) ;
#3679 = DIRECTION ( 'NONE',  ( 1.495166424532390756E-14, -1.000000000000000000, 1.115179377413661760E-15 ) ) ;
#3680 = CARTESIAN_POINT ( 'NONE',  ( 7.884494931297066245, 21.98951862599546558, 16.11586664685441761 ) ) ;
#3681 = ORIENTED_EDGE ( 'NONE', *, *, #425, .T. ) ;
#3682 = CARTESIAN_POINT ( 'NONE',  ( 20.78031389334929457, 16.88314409293543861, 50.39135984260972378 ) ) ;
#3683 = CARTESIAN_POINT ( 'NONE',  ( 18.87911404894517275, 16.92384170746954908, 10.85703396683329025 ) ) ;
#3684 = ADVANCED_FACE ( 'NONE', ( #1915 ), #3131, .F. ) ;
#3685 = EDGE_CURVE ( 'NONE', #482, #174, #3082, .T. ) ;
#3686 = VECTOR ( 'NONE', #3895, 1000.000000000000000 ) ;
#3687 = VECTOR ( 'NONE', #2227, 1000.000000000000000 ) ;
#3688 = DIRECTION ( 'NONE',  ( 0.5000000000000009992, -0.7071067811865461294, 0.5000000000000009992 ) ) ;
#3689 = ORIENTED_EDGE ( 'NONE', *, *, #1902, .F. ) ;
#3690 = CARTESIAN_POINT ( 'NONE',  ( 11.53449493129707548, -40.30903915740668708, 10.11586664685441583 ) ) ;
#3691 = CARTESIAN_POINT ( 'NONE',  ( 20.23739836222700816, 18.48952713241884638, 48.79034295303736712 ) ) ;
#3692 = ADVANCED_FACE ( 'NONE', ( #2192 ), #1263, .F. ) ;
#3693 = EDGE_CURVE ( 'NONE', #2795, #2931, #3315, .T. ) ;
#3694 = CARTESIAN_POINT ( 'NONE',  ( 0.4123051334718778049, 17.98952713241852663, 29.27363346660304799 ) ) ;
#3695 = CARTESIAN_POINT ( 'NONE',  ( 19.40086549107233438, 18.52739509806283280, 13.94655236192688186 ) ) ;
#3696 = CARTESIAN_POINT ( 'NONE',  ( 20.64332761042410169, 17.17314492323348674, 50.35791777652003276 ) ) ;
#3697 = CARTESIAN_POINT ( 'NONE',  ( 18.87911404894516920, 15.48952713241878243, 10.64992718564674412 ) ) ;
#3698 = VERTEX_POINT ( 'NONE', #943 ) ;
#3699 = CARTESIAN_POINT ( 'NONE',  ( 7.884494931297066245, 21.98951862599546558, 16.11586664685441761 ) ) ;
#3700 = EDGE_LOOP ( 'NONE', ( #2596, #44, #3767, #861 ) ) ;
#3701 = CARTESIAN_POINT ( 'NONE',  ( -2.365505068703310787, 21.98951862599521689, -45.48413335314549499 ) ) ;
#3702 = ORIENTED_EDGE ( 'NONE', *, *, #556, .T. ) ;
#3703 = CARTESIAN_POINT ( 'NONE',  ( 18.94457109366697978, 16.90532765907501656, 10.85703396683329380 ) ) ;
#3704 = AXIS2_PLACEMENT_3D ( 'NONE', #895, #3333, #2108 ) ;
#3705 = EDGE_CURVE ( 'NONE', #1932, #3602, #3757, .T. ) ;
#3706 = CARTESIAN_POINT ( 'NONE',  ( 20.68364177662793324, 17.04095234293099281, 12.52718114348375700 ) ) ;
#3707 = VERTEX_POINT ( 'NONE', #3111 ) ;
#3708 = CARTESIAN_POINT ( 'NONE',  ( 1.634494931296397668, 28.93952713241841579, 47.51586664685442685 ) ) ;
#3709 = CARTESIAN_POINT ( 'NONE',  ( 1.392261751045384521, 17.98952713241855150, 36.53805644467924196 ) ) ;
#3710 = ADVANCED_FACE ( 'NONE', ( #105 ), #999, .F. ) ;
#3711 = AXIS2_PLACEMENT_3D ( 'NONE', #704, #2853, #110 ) ;
#3712 = ADVANCED_FACE ( 'NONE', ( #2172 ), #2250, .F. ) ;
#3713 = FACE_BOUND ( 'NONE', #1092, .T. ) ;
#3714 = CALENDAR_DATE ( 2026, 24, 6 ) ;
#3715 = CARTESIAN_POINT ( 'NONE',  ( 19.13764604064382979, 16.83617257164519643, 52.12327411636336905 ) ) ;
#3716 = CARTESIAN_POINT ( 'NONE',  ( 21.53449493129680548, 25.48952713241840584, 52.91586664685443964 ) ) ;
#3717 = CARTESIAN_POINT ( 'NONE',  ( 5.634494931296398335, 30.93952713241841579, 47.51586664685442685 ) ) ;
#3718 = ORIENTED_EDGE ( 'NONE', *, *, #137, .T. ) ;
#3719 = FACE_BOUND ( 'NONE', #2048, .T. ) ;
#3720 = CIRCLE ( 'NONE', #1546, 1.750000000000000666 ) ;
#3721 = CARTESIAN_POINT ( 'NONE',  ( 21.53449493129688719, 30.93952713241841579, 42.91586664685451780 ) ) ;
#3722 = VERTEX_POINT ( 'NONE', #1956 ) ;
#3723 = VERTEX_POINT ( 'NONE', #3174 ) ;
#3724 = DIRECTION ( 'NONE',  ( 1.000000000000000000, 1.495166424532391072E-14, 0.000000000000000000 ) ) ;
#3725 = VERTEX_POINT ( 'NONE', #2507 ) ;
#3726 = DIRECTION ( 'NONE',  ( 1.495166424532390756E-14, -1.000000000000000000, 1.115179377413661760E-15 ) ) ;
#3727 = DIRECTION ( 'NONE',  ( 0.000000000000000000, -1.000000000000000000, 0.000000000000000000 ) ) ;
#3728 = AXIS2_PLACEMENT_3D ( 'NONE', #3708, #2784, #35 ) ;
#3729 = ORIENTED_EDGE ( 'NONE', *, *, #3926, .F. ) ;
#3730 = CARTESIAN_POINT ( 'NONE',  ( 20.79332761131823304, 17.06526306370690449, 12.67124752920640063 ) ) ;
#3731 = ADVANCED_FACE ( 'NONE', ( #1419 ), #3223, .T. ) ;
#3732 = ADVANCED_FACE ( 'NONE', ( #3917, #3874 ), #2006, .T. ) ;
#3733 = DIRECTION ( 'NONE',  ( 8.268308156524964354E-15, 0.000000000000000000, -1.000000000000000000 ) ) ;
#3734 =( BOUNDED_CURVE ( )  B_SPLINE_CURVE ( 3, ( #3264, #512, #1752, #216 ),
 .UNSPECIFIED., .F., .T. ) 
 B_SPLINE_CURVE_WITH_KNOTS ( ( 4, 4 ),
 ( 4.712388980384687898, 5.497787143782231212 ),
 .UNSPECIFIED. ) 
 CURVE ( )  GEOMETRIC_REPRESENTATION_ITEM ( )  RATIONAL_B_SPLINE_CURVE ( ( 1.000000000000000000, 0.9492530216741790206, 0.9492530216741790206, 1.000000000000000000 ) ) 
 REPRESENTATION_ITEM ( '' )  );
#3735 = DATE_TIME_ROLE ( 'creation_date' ) ;
#3736 = DIRECTION ( 'NONE',  ( 1.000000000000000000, 1.387778780781444413E-14, 0.000000000000000000 ) ) ;
#3737 = AXIS2_PLACEMENT_3D ( 'NONE', #3239, #487, #1455 ) ;
#3738 = CARTESIAN_POINT ( 'NONE',  ( 18.52556065835183574, 16.78242035123225762, 52.02825271746881697 ) ) ;
#3739 = CARTESIAN_POINT ( 'NONE',  ( 20.64688100191151321, 16.78242035123227538, 12.41769413861312366 ) ) ;
#3740 = ORIENTED_EDGE ( 'NONE', *, *, #959, .T. ) ;
#3741 = DIRECTION ( 'NONE',  ( 1.000000000000000000, 1.561251128379125123E-14, 0.000000000000000000 ) ) ;
#3742 = ORIENTED_EDGE ( 'NONE', *, *, #3222, .F. ) ;
#3743 = CARTESIAN_POINT ( 'NONE',  ( 20.79332761131820817, 16.92384170746959882, 50.26048576450244809 ) ) ;
#3744 = ORIENTED_EDGE ( 'NONE', *, *, #2608, .F. ) ;
#3745 = CIRCLE ( 'NONE', #2209, 0.2999999999999998779 ) ;
#3746 = CARTESIAN_POINT ( 'NONE',  ( 20.79332761131820817, 16.92384170746959882, 50.26048576450244809 ) ) ;
#3747 = ORIENTED_EDGE ( 'NONE', *, *, #3027, .T. ) ;
#3748 = DIRECTION ( 'NONE',  ( -0.000000000000000000, -1.000000000000000000, 0.000000000000000000 ) ) ;
#3749 = LINE ( 'NONE', #994, #3572 ) ;
#3750 = CIRCLE ( 'NONE', #2034, 0.5000000000000004441 ) ;
#3751 = AXIS2_PLACEMENT_3D ( 'NONE', #3952, #644, #1881 ) ;
#3752 = ORIENTED_EDGE ( 'NONE', *, *, #452, .F. ) ;
#3753 = CIRCLE ( 'NONE', #669, 2.000000000000001776 ) ;
#3754 = CARTESIAN_POINT ( 'NONE',  ( 7.884494931297066245, 21.98951862599546558, 46.91586664685443964 ) ) ;
#3755 = DIRECTION ( 'NONE',  ( 1.000000000000000000, 1.586032892321651930E-14, 0.000000000000000000 ) ) ;
#3756 = PERSON_AND_ORGANIZATION_ROLE ( 'design_owner' ) ;
#3757 = LINE ( 'NONE', #643, #459 ) ;
#3758 = DIRECTION ( 'NONE',  ( -0.7071067811865475727, 0.000000000000000000, -0.7071067811865475727 ) ) ;
#3759 = CARTESIAN_POINT ( 'NONE',  ( 20.79332761131823659, 16.88583314791176448, 12.63686697817405502 ) ) ;
#3760 = EDGE_CURVE ( 'NONE', #1403, #3598, #3409, .T. ) ;
#3761 = EDGE_LOOP ( 'NONE', ( #3179, #2994 ) ) ;
#3762 = DIRECTION ( 'NONE',  ( -1.495166424532390756E-14, 1.000000000000000000, -1.445602896647339706E-15 ) ) ;
#3763 = ORIENTED_EDGE ( 'NONE', *, *, #739, .T. ) ;
#3764 = AXIS2_PLACEMENT_3D ( 'NONE', #2798, #2763, #1850 ) ;
#3765 = DIRECTION ( 'NONE',  ( 0.000000000000000000, 0.000000000000000000, -1.000000000000000000 ) ) ;
#3766 = EDGE_CURVE ( 'NONE', #2307, #1040, #3795, .T. ) ;
#3767 = ORIENTED_EDGE ( 'NONE', *, *, #2753, .T. ) ;
#3768 = EDGE_LOOP ( 'NONE', ( #2390, #1723, #988, #3340 ) ) ;
#3769 = VECTOR ( 'NONE', #930, 1000.000000000000000 ) ;
#3770 = LINE ( 'NONE', #1012, #178 ) ;
#3771 = ORIENTED_EDGE ( 'NONE', *, *, #2107, .T. ) ;
#3772 = ORIENTED_EDGE ( 'NONE', *, *, #2941, .T. ) ;
#3773 = DIRECTION ( 'NONE',  ( -0.000000000000000000, -1.000000000000000000, -0.000000000000000000 ) ) ;
#3774 = DIRECTION ( 'NONE',  ( -1.000000000000000000, 0.000000000000000000, 0.000000000000000000 ) ) ;
#3775 = CYLINDRICAL_SURFACE ( 'NONE', #1612, 0.3000000000000004330 ) ;
#3776 = AXIS2_PLACEMENT_3D ( 'NONE', #3529, #3220, #832 ) ;
#3777 = DIRECTION ( 'NONE',  ( 1.000000000000000000, 0.000000000000000000, -6.938893903907210234E-15 ) ) ;
#3778 = DIRECTION ( 'NONE',  ( -1.495166424532390756E-14, 1.000000000000000000, -1.115179377413661760E-15 ) ) ;
#3779 = DIRECTION ( 'NONE',  ( -1.000000000000000000, -0.000000000000000000, -0.000000000000000000 ) ) ;
#3780 = ORIENTED_EDGE ( 'NONE', *, *, #2560, .T. ) ;
#3781 = LINE ( 'NONE', #213, #1539 ) ;
#3782 = EDGE_LOOP ( 'NONE', ( #3485, #2835, #108, #2243 ) ) ;
#3783 = DIRECTION ( 'NONE',  ( -1.495166424532390756E-14, 1.000000000000000000, -1.115179377413661760E-15 ) ) ;
#3784 = VERTEX_POINT ( 'NONE', #2067 ) ;
#3785 = VERTEX_POINT ( 'NONE', #835 ) ;
#3786 = EDGE_CURVE ( 'NONE', #3471, #2682, #269, .T. ) ;
#3787 = EDGE_CURVE ( 'NONE', #2719, #2551, #2186, .T. ) ;
#3788 = AXIS2_PLACEMENT_3D ( 'NONE', #2117, #3341, #2133 ) ;
#3789 = DIRECTION ( 'NONE',  ( -1.000000000000000000, 0.000000000000000000, 0.000000000000000000 ) ) ;
#3790 = VERTEX_POINT ( 'NONE', #855 ) ;
#3791 = ORIENTED_EDGE ( 'NONE', *, *, #565, .F. ) ;
#3792 = FACE_OUTER_BOUND ( 'NONE', #1993, .T. ) ;
#3793 = CARTESIAN_POINT ( 'NONE',  ( 14.43449493129651096, 30.93952713241841579, 22.61586664685610160 ) ) ;
#3794 = CARTESIAN_POINT ( 'NONE',  ( 11.53449493129688364, 15.48952713241872203, 52.91586664685443964 ) ) ;
#3795 = CIRCLE ( 'NONE', #1165, 0.5000000000000004441 ) ;
#3796 = VERTEX_POINT ( 'NONE', #3533 ) ;
#3797 = PLANE ( 'NONE',  #523 ) ;
#3798 = CARTESIAN_POINT ( 'NONE',  ( 18.12465666243040729, 18.35649100066111217, 11.82864864087431656 ) ) ;
#3799 = CARTESIAN_POINT ( 'NONE',  ( 20.64332761131820249, 17.17398230138338278, 50.35673354408951496 ) ) ;
#3800 = CARTESIAN_POINT ( 'NONE',  ( 19.82171293727747141, 18.35649100066138573, 13.52570491572174838 ) ) ;
#3801 = CARTESIAN_POINT ( 'NONE',  ( 3.634494931296397890, 28.93952713241841579, 50.51586664685443395 ) ) ;
#3802 = CARTESIAN_POINT ( 'NONE',  ( 11.53449493129688541, 30.93952713241841579, 52.91586664685443964 ) ) ;
#3803 = ORIENTED_EDGE ( 'NONE', *, *, #1359, .F. ) ;
#3804 = CIRCLE ( 'NONE', #3554, 1.000000000000001776 ) ;
#3805 = FACE_OUTER_BOUND ( 'NONE', #2353, .T. ) ;
#3806 = VECTOR ( 'NONE', #1485, 1000.000000000000000 ) ;
#3807 = ORIENTED_EDGE ( 'NONE', *, *, #721, .T. ) ;
#3808 = DIRECTION ( 'NONE',  ( -1.000000000000000000, -1.541976423090495476E-14, 0.000000000000000000 ) ) ;
#3809 = ORIENTED_EDGE ( 'NONE', *, *, #2731, .T. ) ;
#3810 = ORIENTED_EDGE ( 'NONE', *, *, #2797, .T. ) ;
#3811 = DIRECTION ( 'NONE',  ( 0.000000000000000000, -1.000000000000000000, 0.000000000000000000 ) ) ;
#3812 = VERTEX_POINT ( 'NONE', #2364 ) ;
#3813 = ORIENTED_EDGE ( 'NONE', *, *, #1719, .F. ) ;
#3815 = EDGE_CURVE ( 'NONE', #1886, #3352, #236, .T. ) ;
#3814 = CARTESIAN_POINT ( 'NONE',  ( 17.76252462807397592, 18.48952713241876822, 11.76651660651787878 ) ) ;
#3816 = DIRECTION ( 'NONE',  ( -1.239088197126124417E-16, 0.000000000000000000, 1.000000000000000000 ) ) ;
#3817 = ADVANCED_FACE ( 'NONE', ( #1110 ), #1400, .F. ) ;
#3818 = CARTESIAN_POINT ( 'NONE',  ( 19.58622083013170467, 15.48952713241879664, 14.18546109157949076 ) ) ;
#3819 = ORIENTED_EDGE ( 'NONE', *, *, #2505, .F. ) ;
#3820 = APPLICATION_CONTEXT ( 'configuration controlled 3d designs of mechanical parts and assemblies' ) ;
#3821 = CARTESIAN_POINT ( 'NONE',  ( 18.87911404894510881, 16.78242035123226472, 52.38180610806209359 ) ) ;
#3822 = ADVANCED_FACE ( 'NONE', ( #1460 ), #2620, .F. ) ;
#3823 = EDGE_CURVE ( 'NONE', #1362, #2970, #1154, .T. ) ;
#3824 = AXIS2_PLACEMENT_3D ( 'NONE', #1824, #1843, #3054 ) ;
#3825 = CARTESIAN_POINT ( 'NONE',  ( 18.11400334261339751, 18.37155707003062233, 11.83930196069132634 ) ) ;
#3826 = CARTESIAN_POINT ( 'NONE',  ( 20.64688100191151321, 16.78242035123227538, 12.41769413861312366 ) ) ;
#3827 = DIRECTION ( 'NONE',  ( 1.495166424532390756E-14, -1.000000000000000000, 1.115179377413661760E-15 ) ) ;
#3828 = CARTESIAN_POINT ( 'NONE',  ( -14.26550506870305668, 28.93952713241841579, 24.61586664685609804 ) ) ;
#3829 = EDGE_LOOP ( 'NONE', ( #1266, #477, #3613, #2066 ) ) ;
#3830 = DIRECTION ( 'NONE',  ( -0.4999999999999974465, 0.7071067811865477948, -0.5000000000000022204 ) ) ;
#3831 = ORIENTED_EDGE ( 'NONE', *, *, #2162, .F. ) ;
#3832 = CARTESIAN_POINT ( 'NONE',  ( 11.53449493129702930, 18.48952713241870782, 42.91586664685439700 ) ) ;
#3833 = CARTESIAN_POINT ( 'NONE',  ( -2.365505068702932423, 21.98951862599528440, 108.0658666468539337 ) ) ;
#3834 = ORIENTED_EDGE ( 'NONE', *, *, #3501, .T. ) ;
#3835 = VERTEX_POINT ( 'NONE', #2949 ) ;
#3836 = CARTESIAN_POINT ( 'NONE',  ( 18.09181559289932295, 18.40165916677477753, 51.17204828926011828 ) ) ;
#3837 = VECTOR ( 'NONE', #629, 1000.000000000000000 ) ;
#3838 = DIRECTION ( 'NONE',  ( 0.000000000000000000, 0.000000000000000000, -1.000000000000000000 ) ) ;
#3839 = ORIENTED_EDGE ( 'NONE', *, *, #667, .F. ) ;
#3840 = DIRECTION ( 'NONE',  ( -1.495166424532390756E-14, 1.000000000000000000, -1.115179377413661760E-15 ) ) ;
#3841 = FACE_OUTER_BOUND ( 'NONE', #1865, .T. ) ;
#3842 = CARTESIAN_POINT ( 'NONE',  ( 19.88384497163333009, 18.14435896630555689, 49.14389634363104875 ) ) ;
#3843 = CIRCLE ( 'NONE', #3452, 2.000000000000001776 ) ;
#3844 = ADVANCED_FACE ( 'NONE', ( #195 ), #153, .T. ) ;
#3845 = DATE_AND_TIME ( #2807, #901 ) ;
#3846 = EDGE_LOOP ( 'NONE', ( #2998, #3430, #2510, #1069, #1503, #3160, #539, #1833, #1250, #3203 ) ) ;
#3847 = CARTESIAN_POINT ( 'NONE',  ( 9.634494931297066245, 21.98951862599546203, 108.0658666468539337 ) ) ;
#3848 = CYLINDRICAL_SURFACE ( 'NONE', #1149, 1.000000000000000222 ) ;
#3849 = EDGE_CURVE ( 'NONE', #3352, #2989, #1492, .T. ) ;
#3850 = CARTESIAN_POINT ( 'NONE',  ( 18.97536182853220765, 17.17398230138335080, 11.00703396683329238 ) ) ;
#3851 = EDGE_CURVE ( 'NONE', #1692, #3790, #2344, .T. ) ;
#3852 = DIRECTION ( 'NONE',  ( 8.673617379884027583E-15, 0.000000000000000000, -1.000000000000000000 ) ) ;
#3853 = ORIENTED_EDGE ( 'NONE', *, *, #166, .T. ) ;
#3854 = CARTESIAN_POINT ( 'NONE',  ( 19.40086549107230240, 18.52739509806286122, 49.08518093178194874 ) ) ;
#3855 = ORIENTED_EDGE ( 'NONE', *, *, #2910, .F. ) ;
#3856 = DIRECTION ( 'NONE',  ( -1.495166424532390756E-14, 1.000000000000000000, -1.115179377413661760E-15 ) ) ;
#3857 = CARTESIAN_POINT ( 'NONE',  ( 21.53449493129715719, 30.93952713241841579, 10.11586664685441583 ) ) ;
#3858 = ORIENTED_EDGE ( 'NONE', *, *, #1278, .T. ) ;
#3859 = VERTEX_POINT ( 'NONE', #2967 ) ;
#3860 =( BOUNDED_CURVE ( )  B_SPLINE_CURVE ( 3, ( #708, #1621, #2538, #3743 ),
 .UNSPECIFIED., .F., .T. ) 
 B_SPLINE_CURVE_WITH_KNOTS ( ( 4, 4 ),
 ( 4.712388980384682569, 5.497787143782124630 ),
 .UNSPECIFIED. ) 
 CURVE ( )  GEOMETRIC_REPRESENTATION_ITEM ( )  RATIONAL_B_SPLINE_CURVE ( ( 1.000000000000000000, 0.9492530216741918991, 0.9492530216741918991, 1.000000000000000000 ) ) 
 REPRESENTATION_ITEM ( '' )  );
#3861 = DIRECTION ( 'NONE',  ( 1.000000000000000000, 1.495166424532390756E-14, -1.667378762439842493E-29 ) ) ;
#3862 = LINE ( 'NONE', #3316, #361 ) ;
#3863 = ORIENTED_EDGE ( 'NONE', *, *, #720, .T. ) ;
#3864 = CARTESIAN_POINT ( 'NONE',  ( 9.634494931296687881, 21.98951862599539808, -45.48413335314556605 ) ) ;
#3865 = DIRECTION ( 'NONE',  ( -1.000000000000000000, -1.495166424532390756E-14, -1.239088197126124417E-16 ) ) ;
#3866 = PERSON_AND_ORGANIZATION ( #3325, #1221 ) ;
#3867 = ORIENTED_EDGE ( 'NONE', *, *, #3622, .T. ) ;
#3868 = DIRECTION ( 'NONE',  ( 0.000000000000000000, 0.000000000000000000, -1.000000000000000000 ) ) ;
#3869 = LINE ( 'NONE', #831, #289 ) ;
#3870 = EDGE_CURVE ( 'NONE', #1941, #275, #3734, .T. ) ;
#3871 = FACE_BOUND ( 'NONE', #3761, .T. ) ;
#3872 = EDGE_CURVE ( 'NONE', #1959, #3311, #1440, .T. ) ;
#3873 = EDGE_LOOP ( 'NONE', ( #529, #2881, #1352, #2052 ) ) ;
#3874 = FACE_OUTER_BOUND ( 'NONE', #3002, .T. ) ;
#3875 = FACE_OUTER_BOUND ( 'NONE', #3619, .T. ) ;
#3876 = ORIENTED_EDGE ( 'NONE', *, *, #3664, .F. ) ;
#3877 = VECTOR ( 'NONE', #1927, 1000.000000000000000 ) ;
#3878 = ORIENTED_EDGE ( 'NONE', *, *, #3375, .T. ) ;
#3879 = DIRECTION ( 'NONE',  ( 1.000000000000000000, 1.486905836551548487E-14, 0.000000000000000000 ) ) ;
#3880 =( BOUNDED_CURVE ( )  B_SPLINE_CURVE ( 3, ( #933, #3706, #1584, #14 ),
 .UNSPECIFIED., .F., .T. ) 
 B_SPLINE_CURVE_WITH_KNOTS ( ( 4, 4 ),
 ( 0.7853981633974477239, 1.570796326794899445 ),
 .UNSPECIFIED. ) 
 CURVE ( )  GEOMETRIC_REPRESENTATION_ITEM ( )  RATIONAL_B_SPLINE_CURVE ( ( 1.000000000000000000, 0.9492530216741906779, 0.9492530216741906779, 1.000000000000000000 ) ) 
 REPRESENTATION_ITEM ( '' )  );
#3881 = LINE ( 'NONE', #3631, #2110 ) ;
#3882 = ORIENTED_EDGE ( 'NONE', *, *, #937, .T. ) ;
#3883 = AXIS2_PLACEMENT_3D ( 'NONE', #2899, #764, #147 ) ;
#3884 = CARTESIAN_POINT ( 'NONE',  ( 19.79085516668601485, 18.38130729056947033, 49.02745143998109256 ) ) ;
#3885 = ORIENTED_EDGE ( 'NONE', *, *, #3229, .F. ) ;
#3886 = DIRECTION ( 'NONE',  ( -0.7071067811865439090, -1.126876369994533731E-14, -0.7071067811865512365 ) ) ;
#3887 = FACE_OUTER_BOUND ( 'NONE', #220, .T. ) ;
#3888 = DIRECTION ( 'NONE',  ( 0.000000000000000000, 0.000000000000000000, 1.000000000000000000 ) ) ;
#3889 = CARTESIAN_POINT ( 'NONE',  ( 9.656684729121616684, 15.48952713241866874, 33.75809982710573820 ) ) ;
#3890 = AXIS2_PLACEMENT_3D ( 'NONE', #2282, #385, #132 ) ;
#3891 = ORIENTED_EDGE ( 'NONE', *, *, #2960, .T. ) ;
#3892 = VECTOR ( 'NONE', #57, 1000.000000000000000 ) ;
#3893 = EDGE_CURVE ( 'NONE', #2600, #2256, #1288, .T. ) ;
#3894 = DIRECTION ( 'NONE',  ( 0.000000000000000000, 0.000000000000000000, -1.000000000000000000 ) ) ;
#3895 = DIRECTION ( 'NONE',  ( -1.000000000000000000, -0.000000000000000000, -4.322833828547759000E-30 ) ) ;
#3896 = EDGE_LOOP ( 'NONE', ( #2764, #728, #1632, #1443 ) ) ;
#3897 = EDGE_LOOP ( 'NONE', ( #2433, #49, #1997, #1479 ) ) ;
#3898 = CYLINDRICAL_SURFACE ( 'NONE', #1803, 1.800000000000000711 ) ;
#3899 = ADVANCED_FACE ( 'NONE', ( #2445, #2733 ), #3625, .T. ) ;
#3900 = EDGE_CURVE ( 'NONE', #3725, #64, #3981, .T. ) ;
#3901 = CARTESIAN_POINT ( 'NONE',  ( -14.26550506870303892, 15.48952713241829748, 20.11586664685437853 ) ) ;
#3902 = VERTEX_POINT ( 'NONE', #318 ) ;
#3903 = DIRECTION ( 'NONE',  ( -1.000000000000000000, -1.541976423090494529E-14, 0.000000000000000000 ) ) ;
#3904 = ORIENTED_EDGE ( 'NONE', *, *, #739, .F. ) ;
#3905 = CARTESIAN_POINT ( 'NONE',  ( 6.856684729121579558, 17.98952713241862611, 33.75809982710573109 ) ) ;
#3906 = VERTEX_POINT ( 'NONE', #2466 ) ;
#3907 = CIRCLE ( 'NONE', #1910, 1.000000000000000444 ) ;
#3908 = CARTESIAN_POINT ( 'NONE',  ( 54.73449493129656673, 27.48952713241935442, 36.26593200339668499 ) ) ;
#3909 = FACE_OUTER_BOUND ( 'NONE', #150, .T. ) ;
#3910 = CARTESIAN_POINT ( 'NONE',  ( 20.53449493129698311, 25.48952713241840584, 31.01586664685450145 ) ) ;
#3911 =( BOUNDED_SURFACE ( )  B_SPLINE_SURFACE ( 3, 2, ( 
 ( #1482, #1826, #7 ),
 ( #2737, #305, #3938 ),
 ( #1206, #3368, #1226 ),
 ( #909, #1845, #2138 ) ),
 .UNSPECIFIED., .F., .F., .F. ) 
 B_SPLINE_SURFACE_WITH_KNOTS ( ( 4, 4 ),
 ( 3, 3 ),
 ( 0.7853981633973829979, 1.570796326794896336 ),
 ( 0.000000000000000000, 1.000000000000000000 ),
 .UNSPECIFIED. ) 
 GEOMETRIC_REPRESENTATION_ITEM ( )  RATIONAL_B_SPLINE_SURFACE ( (
 ( 1.000000000000000000, 0.8660254037844479225, 1.000000000000000000),
 ( 1.000000000000000000, 0.8283636150493496331, 1.000000000000000000),
 ( 1.000000000000000000, 0.7726989244079495167, 1.000000000000000000),
 ( 1.000000000000000000, 0.7071067811865451302, 1.000000000000000000) ) ) 
 REPRESENTATION_ITEM ( '' )  SURFACE ( )  );
#3912 = CARTESIAN_POINT ( 'NONE',  ( 17.64607972442476225, 18.38130729056931401, 11.85950641146615325 ) ) ;
#3913 = DIRECTION ( 'NONE',  ( 1.000000000000000000, 0.000000000000000000, 0.000000000000000000 ) ) ;
#3914 = CARTESIAN_POINT ( 'NONE',  ( 1.634494931296397668, 28.93952713241841579, 47.51586664685442685 ) ) ;
#3915 = ORIENTED_EDGE ( 'NONE', *, *, #3786, .T. ) ;
#3916 = VECTOR ( 'NONE', #1757, 1000.000000000000000 ) ;
#3917 = FACE_BOUND ( 'NONE', #3930, .T. ) ;
#3918 = CARTESIAN_POINT ( 'NONE',  ( 17.64473135400373138, 18.38360930847736086, 51.17154053706148886 ) ) ;
#3919 = ORIENTED_EDGE ( 'NONE', *, *, #1929, .F. ) ;
#3920 = ORIENTED_EDGE ( 'NONE', *, *, #871, .T. ) ;
#3921 = LINE ( 'NONE', #1518, #1338 ) ;
#3922 = AXIS2_PLACEMENT_3D ( 'NONE', #2594, #490, #1107 ) ;
#3923 = LINE ( 'NONE', #2074, #3642 ) ;
#3924 = ORIENTED_EDGE ( 'NONE', *, *, #1794, .F. ) ;
#3925 = CARTESIAN_POINT ( 'NONE',  ( 17.70961072653861734, 18.26408945780927340, 11.81943050805418061 ) ) ;
#3926 = EDGE_CURVE ( 'NONE', #1507, #2583, #1547, .T. ) ;
#3927 = EDGE_CURVE ( 'NONE', #2682, #2719, #3033, .T. ) ;
#3928 = ORIENTED_EDGE ( 'NONE', *, *, #3306, .F. ) ;
#3929 = DIRECTION ( 'NONE',  ( 6.000000000000043854E-15, 1.115179377413769834E-15, 1.000000000000000000 ) ) ;
#3930 = EDGE_LOOP ( 'NONE', ( #2908, #206 ) ) ;
#3931 = AXIS2_PLACEMENT_3D ( 'NONE', #3908, #2958, #524 ) ;
#3932 = DIRECTION ( 'NONE',  ( -1.000000000000000000, 0.000000000000000000, -8.645667657095498382E-30 ) ) ;
#3933 = LINE ( 'NONE', #888, #522 ) ;
#3934 = AXIS2_PLACEMENT_3D ( 'NONE', #1376, #3894, #3610 ) ;
#3935 = DIRECTION ( 'NONE',  ( 0.7071067811865504593, 0.000000000000000000, -0.7071067811865445751 ) ) ;
#3936 = CARTESIAN_POINT ( 'NONE',  ( 17.12923427052002623, 15.48952713241875756, 11.82738718882647433 ) ) ;
#3937 = VERTEX_POINT ( 'NONE', #889 ) ;
#3938 = CARTESIAN_POINT ( 'NONE',  ( 18.97654606096227781, 17.17314492323385267, 11.00703396772751042 ) ) ;
#3939 = CIRCLE ( 'NONE', #3030, 2.000000000000001776 ) ;
#3940 = CARTESIAN_POINT ( 'NONE',  ( 14.13449493129620471, 30.93952713241841579, 17.51586664685441264 ) ) ;
#3941 = ORIENTED_EDGE ( 'NONE', *, *, #2189, .F. ) ;
#3942 = DIRECTION ( 'NONE',  ( -1.000000000000000000, -1.387778780781445044E-14, 0.000000000000000000 ) ) ;
#3943 = VECTOR ( 'NONE', #42, 1000.000000000000000 ) ;
#3944 = ADVANCED_FACE ( 'NONE', ( #566 ), #3004, .T. ) ;
#3945 = LINE ( 'NONE', #1506, #615 ) ;
#3946 = EDGE_LOOP ( 'NONE', ( #73, #2884, #3125, #2225 ) ) ;
#3947 = EDGE_CURVE ( 'NONE', #3580, #3707, #1753, .T. ) ;
#3948 = ADVANCED_FACE ( 'NONE', ( #1842 ), #2171, .F. ) ;
#3949 = CARTESIAN_POINT ( 'NONE',  ( 19.02911404894510383, 17.13597374182554134, 52.02469932687554177 ) ) ;
#3950 = CARTESIAN_POINT ( 'NONE',  ( 19.23266743953837832, 16.78242035123226117, 52.02825271746881697 ) ) ;
#3951 = VECTOR ( 'NONE', #3954, 1000.000000000000000 ) ;
#3952 = CARTESIAN_POINT ( 'NONE',  ( -1.387694866528120130, 17.88952713241850034, 29.27363346660304799 ) ) ;
#3953 = ORIENTED_EDGE ( 'NONE', *, *, #131, .F. ) ;
#3954 = DIRECTION ( 'NONE',  ( -1.495166424532390756E-14, 1.000000000000000000, -1.115179377413661760E-15 ) ) ;
#3955 = VECTOR ( 'NONE', #1366, 1000.000000000000000 ) ;
#3956 = AXIS2_PLACEMENT_3D ( 'NONE', #3345, #338, #2718 ) ;
#3957 = CIRCLE ( 'NONE', #348, 1.749999999999999778 ) ;
#3958 = DIRECTION ( 'NONE',  ( 6.000000000000043854E-15, 1.115179377413769834E-15, 1.000000000000000000 ) ) ;
#3959 = EDGE_LOOP ( 'NONE', ( #550, #118, #393, #2951 ) ) ;
#3960 = CARTESIAN_POINT ( 'NONE',  ( 19.67171293727776771, 18.14435896630555334, 49.35602837798660403 ) ) ;
#3961 = EDGE_LOOP ( 'NONE', ( #177, #1647, #2830, #3453 ) ) ;
#3962 = AXIS2_PLACEMENT_3D ( 'NONE', #755, #3838, #3494 ) ;
#3963 = CARTESIAN_POINT ( 'NONE',  ( 14.43449493129656247, 27.48952713241875401, 38.26593200339668499 ) ) ;
#3964 = CARTESIAN_POINT ( 'NONE',  ( -7.165505068703796887, 51.48952713241843071, 45.51586664685438421 ) ) ;
#3965 = AXIS2_PLACEMENT_3D ( 'NONE', #1191, #896, #948 ) ;
#3966 = EDGE_CURVE ( 'NONE', #1989, #1507, #598, .T. ) ;
#3967 = ADVANCED_FACE ( 'NONE', ( #270 ), #3016, .T. ) ;
#3968 = DIRECTION ( 'NONE',  ( -1.495166424532390756E-14, 1.000000000000000000, -1.115179377413661760E-15 ) ) ;
#3969 = LINE ( 'NONE', #2, #2595 ) ;
#3970 = ORIENTED_EDGE ( 'NONE', *, *, #2748, .F. ) ;
#3971 = CARTESIAN_POINT ( 'NONE',  ( 20.43474896755551384, 17.06526306370690449, 50.11906440826513887 ) ) ;
#3972 = CARTESIAN_POINT ( 'NONE',  ( 7.676728111548071887, 17.98952713241863322, 26.49367684902954423 ) ) ;
#3973 = ORIENTED_EDGE ( 'NONE', *, *, #1207, .F. ) ;
#3974 = CARTESIAN_POINT ( 'NONE',  ( 20.70884114574175783, 16.87518252029675025, 50.54481378135982794 ) ) ;
#3975 = FACE_OUTER_BOUND ( 'NONE', #366, .T. ) ;
#3976 = ORIENTED_EDGE ( 'NONE', *, *, #1976, .T. ) ;
#3977 =( BOUNDED_CURVE ( )  B_SPLINE_CURVE ( 3, ( #1346, #2208, #375, #3436 ),
 .UNSPECIFIED., .F., .T. ) 
 B_SPLINE_CURVE_WITH_KNOTS ( ( 4, 4 ),
 ( 0.7853981633974128629, 1.570796326794889897 ),
 .UNSPECIFIED. ) 
 CURVE ( )  GEOMETRIC_REPRESENTATION_ITEM ( )  RATIONAL_B_SPLINE_CURVE ( ( 1.000000000000000000, 0.9492530216741874582, 0.9492530216741874582, 1.000000000000000000 ) ) 
 REPRESENTATION_ITEM ( '' )  );
#3978 = ORIENTED_EDGE ( 'NONE', *, *, #1205, .T. ) ;
#3979 = DIRECTION ( 'NONE',  ( -0.000000000000000000, -1.000000000000000000, -0.000000000000000000 ) ) ;
#3980 = LINE ( 'NONE', #2768, #383 ) ;
#3981 = LINE ( 'NONE', #3053, #3284 ) ;
ENDSEC;
END-ISO-10303-21;
