ISO-10303-21;
HEADER;
FILE_DESCRIPTION (( 'STEP AP203' ),
    '1' );
FILE_NAME ('link5.STEP',
    '2026-06-24T07:32:25',
    ( '' ),
    ( '' ),
    'SwSTEP 2.0',
    'SolidWorks 2021',
    '' );
FILE_SCHEMA (( 'CONFIG_CONTROL_DESIGN' ));
ENDSEC;

DATA;
#1 = EDGE_CURVE ( 'NONE', #1418, #2849, #1497, .T. ) ;
#2 = ADVANCED_FACE ( 'NONE', ( #1066 ), #1439, .T. ) ;
#3 = DIRECTION ( 'NONE',  ( -2.430443709086124905E-14, 1.000000000000000000, 3.347036710976368263E-14 ) ) ;
#4 = EDGE_LOOP ( 'NONE', ( #3116, #3819, #4344, #3959 ) ) ;
#5 = ORIENTED_EDGE ( 'NONE', *, *, #301, .T. ) ;
#6 = DATE_AND_TIME ( #4324, #2873 ) ;
#7 = EDGE_CURVE ( 'NONE', #1860, #2937, #3955, .T. ) ;
#8 = DIRECTION ( 'NONE',  ( 0.000000000000000000, -7.709882115452463178E-15, 1.000000000000000000 ) ) ;
#9 = ORIENTED_EDGE ( 'NONE', *, *, #4207, .T. ) ;
#10 = ORIENTED_EDGE ( 'NONE', *, *, #2892, .T. ) ;
#11 = DIRECTION ( 'NONE',  ( -3.469446951953611033E-14, 0.000000000000000000, -1.000000000000000000 ) ) ;
#12 = ORIENTED_EDGE ( 'NONE', *, *, #3798, .T. ) ;
#13 = VECTOR ( 'NONE', #1924, 1000.000000000000000 ) ;
#14 = DIRECTION ( 'NONE',  ( 0.000000000000000000, -6.608470384673557335E-15, 1.000000000000000000 ) ) ;
#15 = CARTESIAN_POINT ( 'NONE',  ( 58.68449493129622851, -12.64047286757508104, 33.32793817847791473 ) ) ;
#16 = VECTOR ( 'NONE', #1135, 1000.000000000000000 ) ;
#17 = DIRECTION ( 'NONE',  ( 0.6034505976202380051, 0.4620784810297629552, 0.6498698743602480121 ) ) ;
#18 = LINE ( 'NONE', #3705, #3368 ) ;
#19 = DIRECTION ( 'NONE',  ( 2.902530795666802456E-14, -2.928657122104247289E-14, 1.000000000000000000 ) ) ;
#20 = DIRECTION ( 'NONE',  ( 1.000000000000000000, 2.467162276944907871E-14, -3.448912900226734932E-14 ) ) ;
#21 = EDGE_LOOP ( 'NONE', ( #1071, #584, #1336, #2742 ) ) ;
#22 = VERTEX_POINT ( 'NONE', #1110 ) ;
#23 = EDGE_CURVE ( 'NONE', #583, #2692, #2448, .T. ) ;
#24 = EDGE_CURVE ( 'NONE', #1764, #378, #4029, .T. ) ;
#25 = PLANE ( 'NONE',  #4049 ) ;
#26 = ORIENTED_EDGE ( 'NONE', *, *, #2509, .T. ) ;
#27 = ORIENTED_EDGE ( 'NONE', *, *, #2298, .F. ) ;
#28 = DIRECTION ( 'NONE',  ( 1.473225881933163633E-16, 1.000000000000000000, 7.000000000000000938E-15 ) ) ;
#29 = ADVANCED_FACE ( 'NONE', ( #2932, #843, #3244, #203, #3877 ), #3178, .T. ) ;
#30 = ADVANCED_FACE ( 'NONE', ( #4235 ), #490, .T. ) ;
#31 = ORIENTED_EDGE ( 'NONE', *, *, #3422, .T. ) ;
#32 = DIRECTION ( 'NONE',  ( 0.000000000000000000, -7.000000000000000938E-15, 1.000000000000000000 ) ) ;
#33 = DIRECTION ( 'NONE',  ( -1.110223024625156540E-13, 6.938893903907228378E-15, -1.000000000000000000 ) ) ;
#34 = CIRCLE ( 'NONE', #3143, 1.050000000000002265 ) ;
#35 = DIRECTION ( 'NONE',  ( -1.473225881933153279E-16, -1.000000000000000000, -7.000000000000000938E-15 ) ) ;
#36 = DIRECTION ( 'NONE',  ( 1.734723475976807094E-15, -1.000000000000000000, -2.775557561562891351E-14 ) ) ;
#37 = CARTESIAN_POINT ( 'NONE',  ( -5.865505068703200209, -19.17047433606065354, 32.01586665186142255 ) ) ;
#38 = CIRCLE ( 'NONE', #393, 15.00000000000000000 ) ;
#39 = AXIS2_PLACEMENT_3D ( 'NONE', #2467, #1501, #551 ) ;
#40 = CARTESIAN_POINT ( 'NONE',  ( 59.48449493129687227, -3.740472867575824978, 54.01586665186281522 ) ) ;
#41 = ORIENTED_EDGE ( 'NONE', *, *, #3936, .T. ) ;
#42 = ORIENTED_EDGE ( 'NONE', *, *, #159, .T. ) ;
#43 = AXIS2_PLACEMENT_3D ( 'NONE', #2617, #3546, #3213 ) ;
#44 = EDGE_LOOP ( 'NONE', ( #3099, #1771 ) ) ;
#45 = DIRECTION ( 'NONE',  ( 1.473225881933163633E-16, 1.000000000000000000, 7.000000000000002516E-15 ) ) ;
#46 = ADVANCED_FACE ( 'NONE', ( #2560 ), #1876, .F. ) ;
#47 = VECTOR ( 'NONE', #212, 1000.000000000000000 ) ;
#48 = EDGE_LOOP ( 'NONE', ( #2738, #3772, #4026, #2644 ) ) ;
#49 = ORIENTED_EDGE ( 'NONE', *, *, #2005, .T. ) ;
#50 = ORIENTED_EDGE ( 'NONE', *, *, #2405, .F. ) ;
#51 = LINE ( 'NONE', #3470, #1550 ) ;
#52 = VECTOR ( 'NONE', #514, 1000.000000000000000 ) ;
#53 = AXIS2_PLACEMENT_3D ( 'NONE', #1020, #703, #2036 ) ;
#54 = VERTEX_POINT ( 'NONE', #1553 ) ;
#55 = EDGE_CURVE ( 'NONE', #1692, #3464, #530, .T. ) ;
#56 = EDGE_CURVE ( 'NONE', #586, #1440, #3184, .T. ) ;
#57 = FACE_OUTER_BOUND ( 'NONE', #2897, .T. ) ;
#58 = DIRECTION ( 'NONE',  ( -0.7071067811865617836, 0.7071067811865333619, 4.120534459102606417E-14 ) ) ;
#59 = AXIS2_PLACEMENT_3D ( 'NONE', #1383, #2399, #3083 ) ;
#60 = AXIS2_PLACEMENT_3D ( 'NONE', #2922, #604, #1913 ) ;
#61 = ADVANCED_FACE ( 'NONE', ( #3573, #2206, #4251 ), #175, .T. ) ;
#62 = ORIENTED_EDGE ( 'NONE', *, *, #1201, .F. ) ;
#63 = LINE ( 'NONE', #2035, #2652 ) ;
#64 = LINE ( 'NONE', #1061, #129 ) ;
#65 = LINE ( 'NONE', #1062, #16 ) ;
#66 = CARTESIAN_POINT ( 'NONE',  ( 17.13535461868029230, 17.28138468368682013, 25.80910016135134910 ) ) ;
#67 = CARTESIAN_POINT ( 'NONE',  ( 5.622687687406460633, -28.86547286757769371, 26.91143657303289061 ) ) ;
#68 = VERTEX_POINT ( 'NONE', #1528 ) ;
#69 = ORIENTED_EDGE ( 'NONE', *, *, #1376, .F. ) ;
#70 = EDGE_LOOP ( 'NONE', ( #1044, #1011, #250, #2970 ) ) ;
#71 = AXIS2_PLACEMENT_3D ( 'NONE', #3614, #1323, #970 ) ;
#72 = CARTESIAN_POINT ( 'NONE',  ( 11.68449493129550909, 15.68952860090806389, 92.68165751221289383 ) ) ;
#73 = ORIENTED_EDGE ( 'NONE', *, *, #2160, .T. ) ;
#74 = VERTEX_POINT ( 'NONE', #509 ) ;
#75 = ORIENTED_EDGE ( 'NONE', *, *, #1945, .T. ) ;
#76 = CARTESIAN_POINT ( 'NONE',  ( 25.80619144097146389, -9.147515442977045552, 35.14692443151074741 ) ) ;
#77 = CARTESIAN_POINT ( 'NONE',  ( 39.93449493129654826, -17.64047286757593369, 46.01586665186155756 ) ) ;
#78 = VERTEX_POINT ( 'NONE', #1590 ) ;
#79 = DIRECTION ( 'NONE',  ( -3.469446951953611033E-14, 0.000000000000000000, -1.000000000000000000 ) ) ;
#80 = DIRECTION ( 'NONE',  ( -1.473225881933163386E-16, -1.000000000000000000, -7.000000000000001727E-15 ) ) ;
#81 = DIRECTION ( 'NONE',  ( 2.902530795666802456E-14, -2.928657122104247289E-14, 1.000000000000000000 ) ) ;
#82 = EDGE_CURVE ( 'NONE', #1950, #342, #2870, .T. ) ;
#83 = ADVANCED_FACE ( 'NONE', ( #3219 ), #3898, .T. ) ;
#84 = DIRECTION ( 'NONE',  ( -3.469446951953611033E-14, 0.000000000000000000, -1.000000000000000000 ) ) ;
#85 = LINE ( 'NONE', #4161, #267 ) ;
#86 = VECTOR ( 'NONE', #3873, 1000.000000000000000 ) ;
#87 = CARTESIAN_POINT ( 'NONE',  ( 49.43449493129642036, -12.64047286757574895, 48.01586665186172809 ) ) ;
#88 = EDGE_CURVE ( 'NONE', #2217, #2211, #2514, .T. ) ;
#89 = CARTESIAN_POINT ( 'NONE',  ( -0.3936978372375295465, -20.67047433606068552, 36.12029672067639297 ) ) ;
#90 = DIRECTION ( 'NONE',  ( 0.000000000000000000, -6.608470384673557335E-15, 1.000000000000000000 ) ) ;
#91 = VERTEX_POINT ( 'NONE', #2847 ) ;
#92 = ORIENTED_EDGE ( 'NONE', *, *, #431, .T. ) ;
#93 = DIRECTION ( 'NONE',  ( 0.000000000000000000, -1.000000000000000000, 0.000000000000000000 ) ) ;
#94 = VERTEX_POINT ( 'NONE', #3512 ) ;
#95 = ORIENTED_EDGE ( 'NONE', *, *, #2058, .F. ) ;
#96 = VERTEX_POINT ( 'NONE', #880 ) ;
#97 = CARTESIAN_POINT ( 'NONE',  ( 61.58449493129702290, -17.64047286757561750, 56.01586665186044911 ) ) ;
#98 = CARTESIAN_POINT ( 'NONE',  ( 6.672687687406320123, -20.67047433606062157, 26.91143657303293679 ) ) ;
#99 = ORIENTED_EDGE ( 'NONE', *, *, #651, .F. ) ;
#100 = CARTESIAN_POINT ( 'NONE',  ( 53.06466049795779583, -14.11141178073298619, 33.04816442071577143 ) ) ;
#101 = CYLINDRICAL_SURFACE ( 'NONE', #2710, 1.000000000000000888 ) ;
#102 = DIRECTION ( 'NONE',  ( 1.473225881933163633E-16, 1.000000000000000000, 7.000000000000000938E-15 ) ) ;
#103 = ORIENTED_EDGE ( 'NONE', *, *, #2052, .T. ) ;
#104 = CARTESIAN_POINT ( 'NONE',  ( 58.68449493129586614, 5.040844874774035311, 36.54086665186110139 ) ) ;
#105 = EDGE_CURVE ( 'NONE', #874, #2129, #3597, .T. ) ;
#106 = CARTESIAN_POINT ( 'NONE',  ( -1.989935148737822290, 15.68952860090851154, 28.50767388453296647 ) ) ;
#107 = CARTESIAN_POINT ( 'NONE',  ( 37.93449493129577377, 14.15952713242407235, 37.01586665186218994 ) ) ;
#108 = FACE_OUTER_BOUND ( 'NONE', #4057, .T. ) ;
#109 = EDGE_CURVE ( 'NONE', #1508, #565, #2539, .T. ) ;
#110 = EDGE_CURVE ( 'NONE', #1184, #711, #861, .T. ) ;
#111 = DIRECTION ( 'NONE',  ( -8.070496439146258384E-16, 1.000000000000000000, 5.999999999999998889E-15 ) ) ;
#112 = CIRCLE ( 'NONE', #4261, 1.799999999999999600 ) ;
#113 = VERTEX_POINT ( 'NONE', #3834 ) ;
#114 = VERTEX_POINT ( 'NONE', #818 ) ;
#115 = AXIS2_PLACEMENT_3D ( 'NONE', #3796, #493, #141 ) ;
#116 = CARTESIAN_POINT ( 'NONE',  ( 8.268924998906111767, -20.67047433606067486, 34.52405940917659422 ) ) ;
#117 = ORIENTED_EDGE ( 'NONE', *, *, #1260, .T. ) ;
#118 = VERTEX_POINT ( 'NONE', #3331 ) ;
#119 = ORIENTED_EDGE ( 'NONE', *, *, #3476, .F. ) ;
#120 = CARTESIAN_POINT ( 'NONE',  ( 0.6563021627624513465, 17.18952860090844581, 37.92029672067664592 ) ) ;
#121 = AXIS2_PLACEMENT_3D ( 'NONE', #2686, #3390, #372 ) ;
#122 = CARTESIAN_POINT ( 'NONE',  ( 53.68449493129607220, -1.590472867575424720, 32.06586665186093654 ) ) ;
#123 = AXIS2_PLACEMENT_3D ( 'NONE', #2353, #2724, #3325 ) ;
#124 = DIRECTION ( 'NONE',  ( 1.000000000000000000, 2.558717127065791411E-14, -2.899466381275521601E-14 ) ) ;
#125 = CARTESIAN_POINT ( 'NONE',  ( 8.268924998906117096, -19.17047433606067486, 34.52405940917659422 ) ) ;
#126 = LINE ( 'NONE', #1169, #4135 ) ;
#127 = CIRCLE ( 'NONE', #3297, 2.000000000000000000 ) ;
#128 = AXIS2_PLACEMENT_3D ( 'NONE', #1474, #804, #3124 ) ;
#129 = VECTOR ( 'NONE', #2708, 1000.000000000000000 ) ;
#130 = DIRECTION ( 'NONE',  ( -1.400000000000000030E-14, 1.000000000000000000, 6.000000000000000466E-15 ) ) ;
#131 = CARTESIAN_POINT ( 'NONE',  ( 13.49085870798536746, -18.55453637554845514, 42.88781967670390571 ) ) ;
#132 = PLANE ( 'NONE',  #1920 ) ;
#133 = VECTOR ( 'NONE', #2441, 1000.000000000000000 ) ;
#134 = LINE ( 'NONE', #3790, #889 ) ;
#135 = CARTESIAN_POINT ( 'NONE',  ( 49.43449493129654115, -17.64047286757574895, 48.01586665186157177 ) ) ;
#136 = ORIENTED_EDGE ( 'NONE', *, *, #564, .T. ) ;
#137 = VERTEX_POINT ( 'NONE', #3283 ) ;
#138 = B_SPLINE_CURVE_WITH_KNOTS ( 'NONE', 3,
 ( #4096, #3409, #707, #2056, #744, #2387, #3708, #395 ),
 .UNSPECIFIED., .F., .F.,
 ( 4, 2, 2, 4 ),
 ( -1.788855097549100622E-05, 0.0006862818528366015349, 0.001390452256648694188, 0.002798793064272868218 ),
 .UNSPECIFIED. ) ;
#139 = EDGE_CURVE ( 'NONE', #4099, #3201, #329, .T. ) ;
#140 = EDGE_CURVE ( 'NONE', #2261, #1982, #2275, .T. ) ;
#141 = DIRECTION ( 'NONE',  ( -3.469446951953611033E-14, 0.000000000000000000, -1.000000000000000000 ) ) ;
#142 = ORIENTED_EDGE ( 'NONE', *, *, #459, .F. ) ;
#143 = ORIENTED_EDGE ( 'NONE', *, *, #3154, .F. ) ;
#144 = EDGE_LOOP ( 'NONE', ( #333, #367, #1231, #3134, #3104, #2737, #3867, #955 ) ) ;
#145 = CARTESIAN_POINT ( 'NONE',  ( 39.93449493129578087, 14.15952713242375616, 48.01586665186262337 ) ) ;
#146 = DIRECTION ( 'NONE',  ( 2.903379291371784214E-14, -2.923936424916807628E-14, 1.000000000000000000 ) ) ;
#147 = DIRECTION ( 'NONE',  ( 0.000000000000000000, -5.898059818321143332E-15, 1.000000000000000000 ) ) ;
#148 = LINE ( 'NONE', #1761, #3980 ) ;
#149 = CARTESIAN_POINT ( 'NONE',  ( 3.664494925084381460, -19.17047433606064999, 31.51586664685467909 ) ) ;
#150 = DIRECTION ( 'NONE',  ( -1.473225881933163386E-16, -1.000000000000000000, -7.000000000000001727E-15 ) ) ;
#151 = LINE ( 'NONE', #4182, #622 ) ;
#152 = DIRECTION ( 'NONE',  ( 1.000000000000000000, 2.563899477072724264E-14, -2.902530795666727357E-14 ) ) ;
#153 = VECTOR ( 'NONE', #3263, 1000.000000000000000 ) ;
#154 = PLANE ( 'NONE',  #39 ) ;
#155 = CYLINDRICAL_SURFACE ( 'NONE', #337, 15.00000000000000000 ) ;
#156 = DIRECTION ( 'NONE',  ( 1.734723475976872668E-16, 1.000000000000000000, 6.000000000000000466E-15 ) ) ;
#157 = DIRECTION ( 'NONE',  ( 0.000000000000000000, 7.709882115452463178E-15, -1.000000000000000000 ) ) ;
#158 = EDGE_LOOP ( 'NONE', ( #3011, #2736, #729, #1025, #3677, #2321, #598, #2655, #2017, #3291, #4282, #3411 ) ) ;
#159 = EDGE_CURVE ( 'NONE', #577, #3754, #3990, .T. ) ;
#160 = ORIENTED_EDGE ( 'NONE', *, *, #1513, .F. ) ;
#161 = ADVANCED_FACE ( 'NONE', ( #2643 ), #3619, .F. ) ;
#162 = ORIENTED_EDGE ( 'NONE', *, *, #1059, .F. ) ;
#163 = DIRECTION ( 'NONE',  ( -1.400000000000000030E-14, 1.000000000000000000, 6.000000000000000466E-15 ) ) ;
#164 = DIRECTION ( 'NONE',  ( -2.902530795666727357E-14, 0.000000000000000000, -1.000000000000000000 ) ) ;
#165 = ORIENTED_EDGE ( 'NONE', *, *, #3374, .F. ) ;
#166 = EDGE_CURVE ( 'NONE', #2490, #695, #4364, .T. ) ;
#167 = EDGE_CURVE ( 'NONE', #2830, #4165, #930, .T. ) ;
#168 = CYLINDRICAL_SURFACE ( 'NONE', #3703, 2.000000000000001776 ) ;
#169 = CYLINDRICAL_SURFACE ( 'NONE', #3014, 1.049999999999999822 ) ;
#170 = DIRECTION ( 'NONE',  ( 1.473225881933163633E-16, 1.000000000000000000, 7.000000000000000938E-15 ) ) ;
#171 = DIRECTION ( 'NONE',  ( 1.000000000000000000, 2.443887161124658716E-14, -2.903379291371712901E-14 ) ) ;
#172 = LINE ( 'NONE', #1241, #3815 ) ;
#173 = CARTESIAN_POINT ( 'NONE',  ( 6.672687687406459567, -28.86547286757767949, 26.91143657303289061 ) ) ;
#174 = CARTESIAN_POINT ( 'NONE',  ( 61.58449493129658947, -17.64047286757517696, 33.01586665186044911 ) ) ;
#175 = PLANE ( 'NONE',  #3251 ) ;
#176 = AXIS2_PLACEMENT_3D ( 'NONE', #1449, #4133, #1128 ) ;
#177 = CARTESIAN_POINT ( 'NONE',  ( 12.37174558597420493, 20.61096578144418601, 42.18023419242091165 ) ) ;
#178 = ORIENTED_EDGE ( 'NONE', *, *, #3003, .F. ) ;
#179 = ORIENTED_EDGE ( 'NONE', *, *, #2427, .F. ) ;
#180 = ORIENTED_EDGE ( 'NONE', *, *, #2838, .T. ) ;
#181 = CARTESIAN_POINT ( 'NONE',  ( 1.706302162761941910, 17.18952860090845647, 36.12029672067661323 ) ) ;
#182 = CARTESIAN_POINT ( 'NONE',  ( -0.9399351487373397429, -24.17047433606061446, 26.70767388453271352 ) ) ;
#183 = AXIS2_PLACEMENT_3D ( 'NONE', #2228, #1293, #595 ) ;
#184 = EDGE_CURVE ( 'NONE', #2613, #2147, #2318, .T. ) ;
#185 = AXIS2_PLACEMENT_3D ( 'NONE', #4337, #3088, #3406 ) ;
#186 = FACE_OUTER_BOUND ( 'NONE', #2901, .T. ) ;
#187 = ORIENTED_EDGE ( 'NONE', *, *, #620, .T. ) ;
#188 = CARTESIAN_POINT ( 'NONE',  ( 12.32417968317717261, -19.10280794196375709, 22.34730128683759887 ) ) ;
#189 = AXIS2_PLACEMENT_3D ( 'NONE', #2440, #1830, #2119 ) ;
#190 = EDGE_CURVE ( 'NONE', #1713, #3005, #2604, .T. ) ;
#191 = EDGE_CURVE ( 'NONE', #872, #512, #3353, .T. ) ;
#192 = ORIENTED_EDGE ( 'NONE', *, *, #404, .T. ) ;
#193 = ORIENTED_EDGE ( 'NONE', *, *, #1112, .F. ) ;
#194 = CARTESIAN_POINT ( 'NONE',  ( 8.268924998905605506, 17.18952860090847068, 34.52405940917681448 ) ) ;
#195 = AXIS2_PLACEMENT_3D ( 'NONE', #1378, #3039, #11 ) ;
#196 = CARTESIAN_POINT ( 'NONE',  ( 59.58449493129653973, -15.64047286757527822, 41.01586665186062675 ) ) ;
#197 = CIRCLE ( 'NONE', #128, 1.000000000000000888 ) ;
#198 = DIRECTION ( 'NONE',  ( 2.862293735361729181E-14, 0.000000000000000000, 1.000000000000000000 ) ) ;
#199 = VERTEX_POINT ( 'NONE', #354 ) ;
#200 = AXIS2_PLACEMENT_3D ( 'NONE', #3856, #3530, #508 ) ;
#201 = CARTESIAN_POINT ( 'NONE',  ( 7.218924998906251389, -28.86547286757771502, 34.52405940917653737 ) ) ;
#202 = LINE ( 'NONE', #3812, #3507 ) ;
#203 = FACE_BOUND ( 'NONE', #3648, .T. ) ;
#204 = AXIS2_PLACEMENT_3D ( 'NONE', #4295, #1302, #2575 ) ;
#205 = VECTOR ( 'NONE', #2218, 1000.000000000000000 ) ;
#206 = CYLINDRICAL_SURFACE ( 'NONE', #3984, 1.800000000000002931 ) ;
#207 = VERTEX_POINT ( 'NONE', #1702 ) ;
#208 = EDGE_LOOP ( 'NONE', ( #2210, #3318 ) ) ;
#209 = VERTEX_POINT ( 'NONE', #662 ) ;
#210 = CARTESIAN_POINT ( 'NONE',  ( 13.26496985382182281, -23.72598895227879012, 42.66318268992602469 ) ) ;
#211 = DIRECTION ( 'NONE',  ( 1.000000000000000000, 2.467162276944907871E-14, -3.448912900226735563E-14 ) ) ;
#212 = DIRECTION ( 'NONE',  ( 1.473225881933163633E-16, 1.000000000000000000, 7.000000000000002516E-15 ) ) ;
#213 = ORIENTED_EDGE ( 'NONE', *, *, #2236, .F. ) ;
#214 = DIRECTION ( 'NONE',  ( -1.473225881933163386E-16, -1.000000000000000000, -7.000000000000001727E-15 ) ) ;
#215 = ORIENTED_EDGE ( 'NONE', *, *, #1549, .F. ) ;
#216 = VECTOR ( 'NONE', #3865, 1000.000000000000000 ) ;
#217 = CARTESIAN_POINT ( 'NONE',  ( 12.00431826206033570, 15.68952860090856305, 22.20356325033972666 ) ) ;
#218 = EDGE_CURVE ( 'NONE', #650, #2062, #4015, .T. ) ;
#219 = DIRECTION ( 'NONE',  ( 2.862293735361731706E-14, 0.000000000000000000, 1.000000000000000000 ) ) ;
#220 = EDGE_CURVE ( 'NONE', #4237, #1770, #2012, .T. ) ;
#221 = FACE_BOUND ( 'NONE', #3332, .T. ) ;
#222 = DIRECTION ( 'NONE',  ( 0.000000000000000000, 7.709882115452463178E-15, -1.000000000000000000 ) ) ;
#223 = DIRECTION ( 'NONE',  ( 1.000000000000000000, 2.467162276944908187E-14, -3.448912900226734932E-14 ) ) ;
#224 = ADVANCED_FACE ( 'NONE', ( #308 ), #2958, .F. ) ;
#225 = DIRECTION ( 'NONE',  ( -2.775557561562888827E-14, 0.000000000000000000, -1.000000000000000000 ) ) ;
#226 = ORIENTED_EDGE ( 'NONE', *, *, #3075, .T. ) ;
#227 = ORIENTED_EDGE ( 'NONE', *, *, #7, .T. ) ;
#228 = ORIENTED_EDGE ( 'NONE', *, *, #2293, .T. ) ;
#229 = VECTOR ( 'NONE', #569, 1000.000000000000000 ) ;
#230 = CARTESIAN_POINT ( 'NONE',  ( 29.18449493129627470, 4.409527132423971096, 49.51586665186177783 ) ) ;
#231 = CARTESIAN_POINT ( 'NONE',  ( 24.47142918109580734, 6.686122877104872408, 50.88793667044161140 ) ) ;
#232 = ORIENTED_EDGE ( 'NONE', *, *, #1923, .T. ) ;
#233 = LINE ( 'NONE', #919, #2798 ) ;
#234 = DIRECTION ( 'NONE',  ( -1.000000000000000000, 3.953785700232234620E-16, -7.116814260418021922E-15 ) ) ;
#235 = DIRECTION ( 'NONE',  ( -2.430443709086124905E-14, 1.000000000000000000, 2.923936424916878310E-14 ) ) ;
#236 = CYLINDRICAL_SURFACE ( 'NONE', #3456, 1.799999999999999600 ) ;
#237 = EDGE_CURVE ( 'NONE', #3930, #114, #3684, .T. ) ;
#238 = DIRECTION ( 'NONE',  ( 0.000000000000000000, -7.000000000000000938E-15, 1.000000000000000000 ) ) ;
#239 = DIRECTION ( 'NONE',  ( -3.469446951953611033E-14, 0.000000000000000000, -1.000000000000000000 ) ) ;
#240 = DIRECTION ( 'NONE',  ( 0.000000000000000000, -1.000000000000000000, -2.923936424916807628E-14 ) ) ;
#241 = EDGE_CURVE ( 'NONE', #1957, #1183, #616, .T. ) ;
#242 = ADVANCED_FACE ( 'NONE', ( #1659 ), #3002, .T. ) ;
#243 = DIRECTION ( 'NONE',  ( 0.6246950475544129633, 0.7808688094430393800, 0.000000000000000000 ) ) ;
#244 = VERTEX_POINT ( 'NONE', #3687 ) ;
#245 = ORIENTED_EDGE ( 'NONE', *, *, #2379, .F. ) ;
#246 =( NAMED_UNIT ( * ) PLANE_ANGLE_UNIT ( ) SI_UNIT ( $, .RADIAN. ) );
#247 = DIRECTION ( 'NONE',  ( 0.000000000000000000, 7.930164461608253340E-15, -1.000000000000000000 ) ) ;
#248 = AXIS2_PLACEMENT_3D ( 'NONE', #3651, #1645, #4325 ) ;
#249 = CARTESIAN_POINT ( 'NONE',  ( 49.43449493129654115, -17.64047286757568855, 46.01586665186156466 ) ) ;
#250 = ORIENTED_EDGE ( 'NONE', *, *, #1014, .T. ) ;
#251 = EDGE_LOOP ( 'NONE', ( #935, #2606, #1648, #3071 ) ) ;
#252 = FACE_OUTER_BOUND ( 'NONE', #2946, .T. ) ;
#253 = VECTOR ( 'NONE', #2074, 1000.000000000000000 ) ;
#254 = ORIENTED_EDGE ( 'NONE', *, *, #1084, .T. ) ;
#255 = VECTOR ( 'NONE', #3242, 1000.000000000000000 ) ;
#256 = ORIENTED_EDGE ( 'NONE', *, *, #2561, .T. ) ;
#257 = CARTESIAN_POINT ( 'NONE',  ( 13.57466686877266326, 15.68952860090840140, 42.97451335375987469 ) ) ;
#258 = CIRCLE ( 'NONE', #3771, 1.050000000000002265 ) ;
#259 = DIRECTION ( 'NONE',  ( 0.000000000000000000, 6.608470384673557335E-15, -1.000000000000000000 ) ) ;
#260 = LINE ( 'NONE', #3307, #3669 ) ;
#261 = VECTOR ( 'NONE', #3256, 1000.000000000000000 ) ;
#262 = VECTOR ( 'NONE', #4223, 1000.000000000000000 ) ;
#263 = CARTESIAN_POINT ( 'NONE',  ( 51.43449493129589456, 9.159527132424464924, 35.01586665186153624 ) ) ;
#264 = CARTESIAN_POINT ( 'NONE',  ( 58.68449493129583061, 11.67216261712336589, 41.01586665186142966 ) ) ;
#265 = CARTESIAN_POINT ( 'NONE',  ( 11.68449493129566186, 15.68952860090841739, 42.01586665186172098 ) ) ;
#266 = AXIS2_PLACEMENT_3D ( 'NONE', #2280, #3864, #1185 ) ;
#267 = VECTOR ( 'NONE', #2795, 1000.000000000000000 ) ;
#268 = ORIENTED_EDGE ( 'NONE', *, *, #1408, .T. ) ;
#269 = LINE ( 'NONE', #621, #463 ) ;
#270 = CIRCLE ( 'NONE', #2733, 1.750000000000001554 ) ;
#271 = ORIENTED_EDGE ( 'NONE', *, *, #4288, .T. ) ;
#272 = ORIENTED_EDGE ( 'NONE', *, *, #2116, .T. ) ;
#273 = APPROVAL_DATE_TIME ( #3007, #1246 ) ;
#274 = CARTESIAN_POINT ( 'NONE',  ( 13.49170252384918278, 20.07142786538246071, 22.93904678505441552 ) ) ;
#275 = ADVANCED_FACE ( 'NONE', ( #3350 ), #3028, .F. ) ;
#276 = EDGE_CURVE ( 'NONE', #1692, #2830, #65, .T. ) ;
#277 = AXIS2_PLACEMENT_3D ( 'NONE', #3428, #1829, #3190 ) ;
#278 = CARTESIAN_POINT ( 'NONE',  ( 29.96292205604263970, -17.64047286757586974, 35.01586665186143676 ) ) ;
#279 = ORIENTED_EDGE ( 'NONE', *, *, #2422, .T. ) ;
#280 = ORIENTED_EDGE ( 'NONE', *, *, #870, .T. ) ;
#281 = CARTESIAN_POINT ( 'NONE',  ( 25.68449493129658379, -7.590472867576079530, 49.51586665186177072 ) ) ;
#282 = EDGE_LOOP ( 'NONE', ( #1962, #4003, #3225, #3424, #469, #2324, #3233, #3881 ) ) ;
#283 = DIRECTION ( 'NONE',  ( 1.473225881933163633E-16, 1.000000000000000000, 7.000000000000002516E-15 ) ) ;
#284 = DIRECTION ( 'NONE',  ( 0.000000000000000000, -1.000000000000000000, -2.775557561562888827E-14 ) ) ;
#285 = LINE ( 'NONE', #4316, #4079 ) ;
#286 = CARTESIAN_POINT ( 'NONE',  ( 25.69896435998646567, -14.20494229626604898, 35.01586665186166414 ) ) ;
#287 = FACE_BOUND ( 'NONE', #1074, .T. ) ;
#288 = CARTESIAN_POINT ( 'NONE',  ( 17.18449493129691064, -7.590472867576325555, 51.51586665186205494 ) ) ;
#289 = DIRECTION ( 'NONE',  ( 0.7808688094430393800, -0.6246950475544129633, 0.000000000000000000 ) ) ;
#290 = ORIENTED_EDGE ( 'NONE', *, *, #3874, .F. ) ;
#291 = VERTEX_POINT ( 'NONE', #2420 ) ;
#292 = CARTESIAN_POINT ( 'NONE',  ( 0.000000000000000000, 0.000000000000000000, 0.000000000000000000 ) ) ;
#293 = CARTESIAN_POINT ( 'NONE',  ( 25.68449493129601890, 5.759527132423538198, 56.01586665186184888 ) ) ;
#294 = EDGE_CURVE ( 'NONE', #4024, #2874, #1041, .T. ) ;
#295 = AXIS2_PLACEMENT_3D ( 'NONE', #2121, #3130, #3810 ) ;
#296 = DIRECTION ( 'NONE',  ( -2.902530795666801825E-14, 2.928657122104247289E-14, -1.000000000000000000 ) ) ;
#297 = ORIENTED_EDGE ( 'NONE', *, *, #3393, .F. ) ;
#298 = VERTEX_POINT ( 'NONE', #3065 ) ;
#299 = LINE ( 'NONE', #4063, #629 ) ;
#300 = ORIENTED_EDGE ( 'NONE', *, *, #3742, .F. ) ;
#301 = EDGE_CURVE ( 'NONE', #2211, #4196, #937, .T. ) ;
#302 = ADVANCED_FACE ( 'NONE', ( #2797 ), #2732, .F. ) ;
#303 = DIRECTION ( 'NONE',  ( -1.400000000000000030E-14, 1.000000000000000000, 6.000000000000000466E-15 ) ) ;
#304 = DIRECTION ( 'NONE',  ( 1.000000000000000000, 2.467162276944908187E-14, -3.448912900226734932E-14 ) ) ;
#305 = DIRECTION ( 'NONE',  ( 1.000000000000000000, 2.565564719734120348E-14, -2.903379291371709114E-14 ) ) ;
#306 = DIRECTION ( 'NONE',  ( 4.843387482784487241E-29, -1.000000000000000000, -6.999999999999999361E-15 ) ) ;
#307 = CYLINDRICAL_SURFACE ( 'NONE', #3785, 2.000000000000001776 ) ;
#308 = FACE_OUTER_BOUND ( 'NONE', #3900, .T. ) ;
#309 = ORIENTED_EDGE ( 'NONE', *, *, #4232, .F. ) ;
#310 = PLANE ( 'NONE',  #3494 ) ;
#311 = EDGE_LOOP ( 'NONE', ( #1619, #4220, #760, #2412 ) ) ;
#312 = VERTEX_POINT ( 'NONE', #3435 ) ;
#313 = COORDINATED_UNIVERSAL_TIME_OFFSET ( 8, 0, .AHEAD. ) ;
#314 = LINE ( 'NONE', #2990, #691 ) ;
#315 = EDGE_LOOP ( 'NONE', ( #963, #533, #993, #4279 ) ) ;
#316 = VERTEX_POINT ( 'NONE', #107 ) ;
#317 = DIRECTION ( 'NONE',  ( 0.000000000000000000, -6.938893903907226800E-15, 1.000000000000000000 ) ) ;
#318 = ORIENTED_EDGE ( 'NONE', *, *, #1813, .T. ) ;
#319 = AXIS2_PLACEMENT_3D ( 'NONE', #3222, #3488, #2827 ) ;
#320 = LINE ( 'NONE', #2636, #2442 ) ;
#321 = CARTESIAN_POINT ( 'NONE',  ( 39.93449493129590167, 9.159527132424006624, 48.01586665186246705 ) ) ;
#322 = DIRECTION ( 'NONE',  ( -0.7939664214913026985, 0.6079616119002045904, 8.511462566602865168E-15 ) ) ;
#323 = EDGE_CURVE ( 'NONE', #1688, #1972, #2758, .T. ) ;
#324 = EDGE_CURVE ( 'NONE', #3586, #2417, #3090, .T. ) ;
#325 = VECTOR ( 'NONE', #815, 1000.000000000000000 ) ;
#326 = LINE ( 'NONE', #350, #1810 ) ;
#327 = DIRECTION ( 'NONE',  ( 0.000000000000000000, 7.000000000000002516E-15, -1.000000000000000000 ) ) ;
#328 = CIRCLE ( 'NONE', #3917, 1.000000000000000888 ) ;
#329 = LINE ( 'NONE', #2689, #3534 ) ;
#330 = EDGE_CURVE ( 'NONE', #1752, #2455, #580, .T. ) ;
#331 = AXIS2_PLACEMENT_3D ( 'NONE', #2158, #3127, #3502 ) ;
#332 = CARTESIAN_POINT ( 'NONE',  ( 16.07481805051276424, 18.09346628312170324, 24.66698385717096187 ) ) ;
#333 = ORIENTED_EDGE ( 'NONE', *, *, #3936, .F. ) ;
#334 = VERTEX_POINT ( 'NONE', #37 ) ;
#335 = VECTOR ( 'NONE', #4310, 1000.000000000000000 ) ;
#336 = COORDINATED_UNIVERSAL_TIME_OFFSET ( 8, 0, .AHEAD. ) ;
#337 = AXIS2_PLACEMENT_3D ( 'NONE', #816, #2165, #462 ) ;
#338 = CIRCLE ( 'NONE', #2663, 1.049999999999998934 ) ;
#339 = DIRECTION ( 'NONE',  ( 1.040834085586083310E-14, -2.949029909160569536E-14, 1.000000000000000000 ) ) ;
#340 = CYLINDRICAL_SURFACE ( 'NONE', #828, 1.799999999999999600 ) ;
#341 = ORIENTED_EDGE ( 'NONE', *, *, #3693, .F. ) ;
#342 = VERTEX_POINT ( 'NONE', #2385 ) ;
#343 = FACE_OUTER_BOUND ( 'NONE', #3403, .T. ) ;
#344 = AXIS2_PLACEMENT_3D ( 'NONE', #677, #2662, #2706 ) ;
#345 = ORIENTED_EDGE ( 'NONE', *, *, #921, .T. ) ;
#346 = CARTESIAN_POINT ( 'NONE',  ( 11.66781768814856690, 20.68952860090841739, 42.03006533488331797 ) ) ;
#347 = CARTESIAN_POINT ( 'NONE',  ( 8.268924998906117096, 17.18952860090845647, 36.32405940917685427 ) ) ;
#348 = DIRECTION ( 'NONE',  ( 6.999999999999761914E-15, 6.999999999999999361E-15, -1.000000000000000000 ) ) ;
#349 = EDGE_LOOP ( 'NONE', ( #1029, #3690, #1666, #3979 ) ) ;
#350 = CARTESIAN_POINT ( 'NONE',  ( 11.66980181928722082, -19.17047433606108342, 92.68165751221266646 ) ) ;
#351 = ADVANCED_FACE ( 'NONE', ( #3727 ), #1387, .F. ) ;
#352 = EDGE_CURVE ( 'NONE', #2065, #3818, #1425, .T. ) ;
#353 = DIRECTION ( 'NONE',  ( 0.000000000000000000, 7.709882115452477378E-15, -1.000000000000000000 ) ) ;
#354 = CARTESIAN_POINT ( 'NONE',  ( 35.93449493129583772, 9.159527132424109652, 35.01586665186204073 ) ) ;
#355 = LINE ( 'NONE', #3092, #817 ) ;
#356 = ADVANCED_FACE ( 'NONE', ( #3392 ), #374, .F. ) ;
#357 = EDGE_CURVE ( 'NONE', #3765, #2963, #3328, .T. ) ;
#358 = AXIS2_PLACEMENT_3D ( 'NONE', #3702, #678, #2601 ) ;
#359 = ORIENTED_EDGE ( 'NONE', *, *, #237, .T. ) ;
#360 = EDGE_LOOP ( 'NONE', ( #2323, #3289 ) ) ;
#361 = PERSON_AND_ORGANIZATION ( #1625, #689 ) ;
#362 = EDGE_LOOP ( 'NONE', ( #1353, #1694, #1337, #1092 ) ) ;
#363 = DIRECTION ( 'NONE',  ( -2.999999999999915431E-15, -5.999999999999999677E-15, 1.000000000000000000 ) ) ;
#364 = EDGE_LOOP ( 'NONE', ( #27, #50 ) ) ;
#365 = ORIENTED_EDGE ( 'NONE', *, *, #539, .T. ) ;
#366 = DIRECTION ( 'NONE',  ( -1.000000000000000000, -2.430443709086124905E-14, -8.151219001104239896E-28 ) ) ;
#367 = ORIENTED_EDGE ( 'NONE', *, *, #1277, .T. ) ;
#368 = DIRECTION ( 'NONE',  ( 1.473225881933163633E-16, 1.000000000000000000, 7.000000000000000938E-15 ) ) ;
#369 = CARTESIAN_POINT ( 'NONE',  ( 53.43449493129589456, 9.159527132424733153, 35.01586665186153624 ) ) ;
#370 = VECTOR ( 'NONE', #1368, 1000.000000000000000 ) ;
#371 = VERTEX_POINT ( 'NONE', #1434 ) ;
#372 = DIRECTION ( 'NONE',  ( 0.000000000000000000, 6.608470384673557335E-15, -1.000000000000000000 ) ) ;
#373 = DIRECTION ( 'NONE',  ( -1.000000000000000000, 0.000000000000000000, -6.919124975406411079E-15 ) ) ;
#374 = PLANE ( 'NONE',  #2409 ) ;
#375 = CC_DESIGN_PERSON_AND_ORGANIZATION_ASSIGNMENT ( #361, #3315, ( #1046 ) ) ;
#376 = CYLINDRICAL_SURFACE ( 'NONE', #1809, 1.799999999999999600 ) ;
#377 = VERTEX_POINT ( 'NONE', #87 ) ;
#378 = VERTEX_POINT ( 'NONE', #1104 ) ;
#379 = ADVANCED_FACE ( 'NONE', ( #2072 ), #2443, .F. ) ;
#380 = EDGE_CURVE ( 'NONE', #1713, #3360, #1155, .T. ) ;
#381 = VERTEX_POINT ( 'NONE', #3481 ) ;
#382 = DIRECTION ( 'NONE',  ( 0.000000000000000000, 6.999999999999999361E-15, -1.000000000000000000 ) ) ;
#383 = EDGE_LOOP ( 'NONE', ( #3543, #1791, #1578, #2060, #2046, #2521, #1374, #2255, #384, #3472, #3655, #92, #541, #944, #2915, #3838 ) ) ;
#384 = ORIENTED_EDGE ( 'NONE', *, *, #722, .T. ) ;
#385 = CARTESIAN_POINT ( 'NONE',  ( 17.18449493129660510, 4.409527132423674445, 51.51586665186218283 ) ) ;
#386 = ORIENTED_EDGE ( 'NONE', *, *, #1593, .T. ) ;
#387 = DIRECTION ( 'NONE',  ( -2.565564719734035151E-14, 1.000000000000000000, 2.928657122104321757E-14 ) ) ;
#388 = CARTESIAN_POINT ( 'NONE',  ( 17.18449493129687511, -7.590472867576325555, 50.51586665186205494 ) ) ;
#389 = AXIS2_PLACEMENT_3D ( 'NONE', #2589, #3294, #914 ) ;
#390 = CARTESIAN_POINT ( 'NONE',  ( 6.143452244285890096, 15.68952860090845647, 36.01586665186060543 ) ) ;
#391 = CARTESIAN_POINT ( 'NONE',  ( 11.68449493129550554, -19.17047433606108342, 92.68165751221266646 ) ) ;
#392 = DIRECTION ( 'NONE',  ( 2.902530795666802456E-14, -2.928657122104247289E-14, 1.000000000000000000 ) ) ;
#393 = AXIS2_PLACEMENT_3D ( 'NONE', #1064, #3745, #1043 ) ;
#394 = VECTOR ( 'NONE', #3985, 1000.000000000000000 ) ;
#395 = CARTESIAN_POINT ( 'NONE',  ( 52.22808662753109132, 9.159527132424749141, 33.42069299215945222 ) ) ;
#396 = ORIENTED_EDGE ( 'NONE', *, *, #2140, .F. ) ;
#397 = CARTESIAN_POINT ( 'NONE',  ( 0.6563021627624517906, 20.68952860090846002, 36.12029672067667718 ) ) ;
#398 = AXIS2_PLACEMENT_3D ( 'NONE', #734, #1827, #3105 ) ;
#399 = DIRECTION ( 'NONE',  ( -7.009944624696194309E-15, -6.999999999999999361E-15, 1.000000000000000000 ) ) ;
#400 = VECTOR ( 'NONE', #2123, 1000.000000000000000 ) ;
#401 = ORIENTED_EDGE ( 'NONE', *, *, #2913, .F. ) ;
#402 = EDGE_CURVE ( 'NONE', #2559, #94, #458, .T. ) ;
#403 = ORIENTED_EDGE ( 'NONE', *, *, #3129, .F. ) ;
#404 = EDGE_CURVE ( 'NONE', #670, #3930, #3539, .T. ) ;
#405 = VERTEX_POINT ( 'NONE', #2864 ) ;
#406 = LINE ( 'NONE', #97, #3574 ) ;
#407 = AXIS2_PLACEMENT_3D ( 'NONE', #264, #3948, #929 ) ;
#408 = VERTEX_POINT ( 'NONE', #837 ) ;
#409 = LINE ( 'NONE', #1493, #3847 ) ;
#410 = EDGE_CURVE ( 'NONE', #1950, #1508, #3885, .T. ) ;
#411 = DIRECTION ( 'NONE',  ( 0.000000000000000000, 6.608470384673536824E-15, -1.000000000000000000 ) ) ;
#412 = LINE ( 'NONE', #2089, #3302 ) ;
#413 = VECTOR ( 'NONE', #1287, 1000.000000000000000 ) ;
#414 = AXIS2_PLACEMENT_3D ( 'NONE', #4127, #2833, #3755 ) ;
#415 = CARTESIAN_POINT ( 'NONE',  ( 28.54870849366952257, -17.05468642994899042, 35.01586665186149361 ) ) ;
#416 = LINE ( 'NONE', #2667, #1685 ) ;
#417 = CARTESIAN_POINT ( 'NONE',  ( -5.865505068703625646, -19.17047433606107987, 92.68165751221253856 ) ) ;
#418 = CARTESIAN_POINT ( 'NONE',  ( 61.08449493129688790, -1.740472867575742821, 54.01586665186281522 ) ) ;
#419 = CARTESIAN_POINT ( 'NONE',  ( 4.134494931296880615, -1.462819588763015267E-13, 21.01586665186048464 ) ) ;
#420 = VERTEX_POINT ( 'NONE', #3852 ) ;
#421 = CARTESIAN_POINT ( 'NONE',  ( 30.68449493129663708, -7.590472867575992488, 51.51586665186159308 ) ) ;
#422 = EDGE_LOOP ( 'NONE', ( #1086, #2700, #2171, #2649 ) ) ;
#423 = AXIS2_PLACEMENT_3D ( 'NONE', #2619, #659, #2927 ) ;
#424 = ORIENTED_EDGE ( 'NONE', *, *, #1201, .T. ) ;
#425 = FACE_OUTER_BOUND ( 'NONE', #2646, .T. ) ;
#426 = ORIENTED_EDGE ( 'NONE', *, *, #184, .F. ) ;
#427 = ORIENTED_EDGE ( 'NONE', *, *, #1725, .F. ) ;
#428 = ORIENTED_EDGE ( 'NONE', *, *, #538, .F. ) ;
#429 = DIRECTION ( 'NONE',  ( -1.000000000000000000, -2.574694843291893316E-14, 2.903379291371709114E-14 ) ) ;
#430 = LINE ( 'NONE', #1844, #819 ) ;
#431 = EDGE_CURVE ( 'NONE', #1778, #3274, #2534, .T. ) ;
#432 = VERTEX_POINT ( 'NONE', #2181 ) ;
#433 = DIRECTION ( 'NONE',  ( 8.488823906708074903E-17, 1.000000000000000000, 6.960548489364895330E-15 ) ) ;
#434 = CYLINDRICAL_SURFACE ( 'NONE', #3067, 1.000000000000000888 ) ;
#435 = CARTESIAN_POINT ( 'NONE',  ( -0.9399351487371989666, -28.86547286757779673, 28.50767388453268936 ) ) ;
#436 = EDGE_CURVE ( 'NONE', #2134, #3671, #1992, .T. ) ;
#437 = EDGE_CURVE ( 'NONE', #3201, #1724, #1360, .T. ) ;
#438 = CARTESIAN_POINT ( 'NONE',  ( 9.318924998906137347, -20.67047433606067486, 34.52405940917659422 ) ) ;
#439 = DIRECTION ( 'NONE',  ( 0.000000000000000000, -7.709882115452463178E-15, 1.000000000000000000 ) ) ;
#440 = DIRECTION ( 'NONE',  ( 0.000000000000000000, 7.709882115452477378E-15, -1.000000000000000000 ) ) ;
#441 = FACE_OUTER_BOUND ( 'NONE', #1606, .T. ) ;
#442 = LINE ( 'NONE', #1177, #3653 ) ;
#443 = ORIENTED_EDGE ( 'NONE', *, *, #3799, .F. ) ;
#444 = DIRECTION ( 'NONE',  ( -0.7946873464959040012, 0.6070189628992647135, 8.498265480589706624E-15 ) ) ;
#445 = DIRECTION ( 'NONE',  ( 1.473225881933163633E-16, 1.000000000000000000, 7.000000000000002516E-15 ) ) ;
#446 = ORIENTED_EDGE ( 'NONE', *, *, #3452, .T. ) ;
#447 = EDGE_LOOP ( 'NONE', ( #796, #778, #256, #3556 ) ) ;
#448 = VERTEX_POINT ( 'NONE', #1546 ) ;
#449 = CARTESIAN_POINT ( 'NONE',  ( 59.48449493129687227, -3.740472867575824978, 54.01586665186281522 ) ) ;
#450 = FACE_OUTER_BOUND ( 'NONE', #3323, .T. ) ;
#451 = EDGE_LOOP ( 'NONE', ( #1139, #1015, #1045, #2994 ) ) ;
#452 = CARTESIAN_POINT ( 'NONE',  ( 13.92153214005385919, -18.22556808225021641, 61.81245584921951064 ) ) ;
#453 = CARTESIAN_POINT ( 'NONE',  ( 11.66781768814856157, -24.17047433606072104, 42.03006533488305507 ) ) ;
#454 = CARTESIAN_POINT ( 'NONE',  ( 8.268924998906111767, -20.67047433606067486, 34.52405940917659422 ) ) ;
#455 = CARTESIAN_POINT ( 'NONE',  ( 25.68449493129613970, -14.21602193005388592, 56.01586665186165703 ) ) ;
#456 = CARTESIAN_POINT ( 'NONE',  ( 7.218924998906251389, -28.86547286757771502, 34.52405940917653737 ) ) ;
#457 = EDGE_CURVE ( 'NONE', #1723, #4099, #2479, .T. ) ;
#458 = LINE ( 'NONE', #1808, #370 ) ;
#459 = EDGE_CURVE ( 'NONE', #1662, #2635, #504, .T. ) ;
#460 = CIRCLE ( 'NONE', #1247, 1.050000000000002265 ) ;
#461 = DIRECTION ( 'NONE',  ( 0.000000000000000000, -7.709882115452463178E-15, 1.000000000000000000 ) ) ;
#462 = DIRECTION ( 'NONE',  ( 0.000000000000000000, -6.938893903907228378E-15, 1.000000000000000000 ) ) ;
#463 = VECTOR ( 'NONE', #2935, 1000.000000000000000 ) ;
#464 = EDGE_LOOP ( 'NONE', ( #2704, #2782, #180, #779, #4042 ) ) ;
#465 = ORIENTED_EDGE ( 'NONE', *, *, #410, .T. ) ;
#466 = AXIS2_PLACEMENT_3D ( 'NONE', #390, #306, #3704 ) ;
#467 = DIRECTION ( 'NONE',  ( 0.000000000000000000, 2.928657122104321757E-14, -1.000000000000000000 ) ) ;
#468 = ORIENTED_EDGE ( 'NONE', *, *, #2696, .T. ) ;
#469 = ORIENTED_EDGE ( 'NONE', *, *, #2722, .F. ) ;
#470 = EDGE_LOOP ( 'NONE', ( #2001, #3299, #2239, #3119 ) ) ;
#471 = DIRECTION ( 'NONE',  ( 1.000000000000000000, 2.467162276944907871E-14, -3.448912900226735563E-14 ) ) ;
#472 = AXIS2_PLACEMENT_3D ( 'NONE', #702, #2316, #1679 ) ;
#473 = CARTESIAN_POINT ( 'NONE',  ( 53.43449493129642036, -14.85310835227438986, 33.01586665186083280 ) ) ;
#474 = CIRCLE ( 'NONE', #189, 9.999999999999998224 ) ;
#475 = CARTESIAN_POINT ( 'NONE',  ( 52.52799142962201273, -13.00770777602781969, 33.22224559919936127 ) ) ;
#476 = FACE_OUTER_BOUND ( 'NONE', #1494, .T. ) ;
#477 = DIRECTION ( 'NONE',  ( 0.000000000000000000, -7.709882115452463178E-15, 1.000000000000000000 ) ) ;
#478 = CIRCLE ( 'NONE', #1193, 1.799999999999999600 ) ;
#479 = VECTOR ( 'NONE', #3833, 1000.000000000000000 ) ;
#480 = CIRCLE ( 'NONE', #759, 2.000000000000001776 ) ;
#481 = CARTESIAN_POINT ( 'NONE',  ( 25.68449493129599759, -31.43482093246315046, 56.01586665186138703 ) ) ;
#482 = CARTESIAN_POINT ( 'NONE',  ( 35.93449493129649142, -17.64047286757589106, 35.01586665186125913 ) ) ;
#483 = DIRECTION ( 'NONE',  ( -8.488823906708089694E-17, -1.000000000000000000, -6.960548489364894541E-15 ) ) ;
#484 = CIRCLE ( 'NONE', #2451, 1.049999999999998934 ) ;
#485 = EDGE_CURVE ( 'NONE', #3200, #4263, #2221, .T. ) ;
#486 = EDGE_CURVE ( 'NONE', #54, #714, #172, .T. ) ;
#487 = CARTESIAN_POINT ( 'NONE',  ( 12.36667776343037062, 15.61257405223600969, 42.17854885095091078 ) ) ;
#488 = DIRECTION ( 'NONE',  ( 1.473225881933163633E-16, 1.000000000000000000, 7.000000000000000938E-15 ) ) ;
#489 = EDGE_LOOP ( 'NONE', ( #4082, #3094, #3401, #865 ) ) ;
#490 = CYLINDRICAL_SURFACE ( 'NONE', #4090, 10.00000000000000178 ) ;
#491 = ADVANCED_FACE ( 'NONE', ( #811 ), #132, .F. ) ;
#492 = EDGE_CURVE ( 'NONE', #432, #291, #549, .T. ) ;
#493 = DIRECTION ( 'NONE',  ( 1.000000000000000000, 2.467162276944907871E-14, -3.448912900226734932E-14 ) ) ;
#494 = VERTEX_POINT ( 'NONE', #4162 ) ;
#495 = VERTEX_POINT ( 'NONE', #1522 ) ;
#496 = ORIENTED_EDGE ( 'NONE', *, *, #3154, .T. ) ;
#497 = CYLINDRICAL_SURFACE ( 'NONE', #3223, 3.000000000000002665 ) ;
#498 = CARTESIAN_POINT ( 'NONE',  ( -5.865505068703469327, 20.68952860090841739, 42.01586665186169967 ) ) ;
#499 = CARTESIAN_POINT ( 'NONE',  ( -5.865505068703188662, 20.68952860090849555, 31.01586665186055569 ) ) ;
#500 = DIRECTION ( 'NONE',  ( 0.000000000000000000, 6.608470384673536824E-15, -1.000000000000000000 ) ) ;
#501 = DIRECTION ( 'NONE',  ( 1.000000000000000000, 2.467162276944907871E-14, -3.448912900226734932E-14 ) ) ;
#502 = CARTESIAN_POINT ( 'NONE',  ( 8.268924998906117096, -19.17047433606067486, 34.52405940917659422 ) ) ;
#503 = PLANE ( 'NONE',  #904 ) ;
#504 = LINE ( 'NONE', #902, #229 ) ;
#505 = VECTOR ( 'NONE', #3531, 1000.000000000000000 ) ;
#506 = AXIS2_PLACEMENT_3D ( 'NONE', #2094, #3408, #1787 ) ;
#507 = FACE_OUTER_BOUND ( 'NONE', #1405, .T. ) ;
#508 = DIRECTION ( 'NONE',  ( 0.000000000000000000, 2.949029909160569536E-14, -1.000000000000000000 ) ) ;
#509 = CARTESIAN_POINT ( 'NONE',  ( 25.68449493129601180, -9.240472867576050575, 52.64613210740760252 ) ) ;
#510 = CARTESIAN_POINT ( 'NONE',  ( 11.37628639389378549, 15.68952860090840140, 45.01586665186172809 ) ) ;
#511 = ORIENTED_EDGE ( 'NONE', *, *, #2237, .F. ) ;
#512 = VERTEX_POINT ( 'NONE', #857 ) ;
#513 = EDGE_LOOP ( 'NONE', ( #529, #3050, #3734, #2356, #558, #3247, #1070, #964 ) ) ;
#514 = DIRECTION ( 'NONE',  ( -2.902530795666802456E-14, 2.928657122104247289E-14, -1.000000000000000000 ) ) ;
#515 = CARTESIAN_POINT ( 'NONE',  ( 39.93449493129642747, -12.64047286757599409, 48.01586665186172809 ) ) ;
#516 = EDGE_CURVE ( 'NONE', #1880, #985, #2202, .T. ) ;
#517 = EDGE_CURVE ( 'NONE', #3818, #2065, #1555, .T. ) ;
#518 = CARTESIAN_POINT ( 'NONE',  ( 0.1100648512621559272, 17.18952860090851331, 28.50767388453296647 ) ) ;
#519 = ORIENTED_EDGE ( 'NONE', *, *, #3285, .F. ) ;
#520 = ORIENTED_EDGE ( 'NONE', *, *, #2349, .F. ) ;
#521 = LINE ( 'NONE', #3254, #205 ) ;
#522 = EDGE_CURVE ( 'NONE', #4304, #2921, #1905, .T. ) ;
#523 = ORIENTED_EDGE ( 'NONE', *, *, #2298, .T. ) ;
#524 = CARTESIAN_POINT ( 'NONE',  ( 49.43449493129669747, -23.84047286757594719, 46.01586665186135860 ) ) ;
#525 = DIRECTION ( 'NONE',  ( -2.775557561562888827E-14, 2.949029909160569536E-14, -1.000000000000000000 ) ) ;
#526 = DIRECTION ( 'NONE',  ( 4.572676324058834366E-16, 1.000000000000000000, 6.960548489364897697E-15 ) ) ;
#527 = FACE_OUTER_BOUND ( 'NONE', #1377, .T. ) ;
#528 = CYLINDRICAL_SURFACE ( 'NONE', #692, 2.000000000000000000 ) ;
#529 = ORIENTED_EDGE ( 'NONE', *, *, #2292, .T. ) ;
#530 = LINE ( 'NONE', #3197, #153 ) ;
#531 = VECTOR ( 'NONE', #3973, 1000.000000000000000 ) ;
#532 = CARTESIAN_POINT ( 'NONE',  ( 13.25580171033277566, 20.23933910735626895, 42.67187616159097274 ) ) ;
#533 = ORIENTED_EDGE ( 'NONE', *, *, #2774, .F. ) ;
#534 = ORIENTED_EDGE ( 'NONE', *, *, #3878, .T. ) ;
#535 = ORIENTED_EDGE ( 'NONE', *, *, #808, .T. ) ;
#536 = CARTESIAN_POINT ( 'NONE',  ( 11.37628639389379259, 20.68952860090854884, 42.01586665186174940 ) ) ;
#537 = AXIS2_PLACEMENT_3D ( 'NONE', #1369, #20, #3689 ) ;
#538 = EDGE_CURVE ( 'NONE', #3201, #2042, #3594, .T. ) ;
#539 = EDGE_CURVE ( 'NONE', #1440, #3271, #2487, .T. ) ;
#540 = DIRECTION ( 'NONE',  ( 1.000000000000000000, 2.562297978277754348E-14, -2.902530795666727357E-14 ) ) ;
#541 = ORIENTED_EDGE ( 'NONE', *, *, #2703, .T. ) ;
#542 = FACE_OUTER_BOUND ( 'NONE', #1109, .T. ) ;
#543 = AXIS2_PLACEMENT_3D ( 'NONE', #1381, #1056, #4030 ) ;
#544 = ADVANCED_FACE ( 'NONE', ( #2556 ), #3894, .F. ) ;
#545 = DIRECTION ( 'NONE',  ( 0.000000000000000000, -6.608470384673536824E-15, 1.000000000000000000 ) ) ;
#546 = CIRCLE ( 'NONE', #1115, 2.000000000000001776 ) ;
#547 = DIRECTION ( 'NONE',  ( 2.902530795666802456E-14, -2.928657122104247289E-14, 1.000000000000000000 ) ) ;
#548 = AXIS2_PLACEMENT_3D ( 'NONE', #582, #1297, #2305 ) ;
#549 = LINE ( 'NONE', #1480, #2551 ) ;
#550 = VECTOR ( 'NONE', #3640, 1000.000000000000000 ) ;
#551 = DIRECTION ( 'NONE',  ( 0.000000000000000000, -1.000000000000000000, -5.999999999999999677E-15 ) ) ;
#552 = PLANE ( 'NONE',  #1331 ) ;
#553 = CARTESIAN_POINT ( 'NONE',  ( 4.134494931296768705, -24.17047433606072104, 42.01586665186146519 ) ) ;
#554 = CIRCLE ( 'NONE', #834, 1.799999999999999600 ) ;
#555 = DIRECTION ( 'NONE',  ( 0.000000000000000000, -1.000000000000000000, -2.775557561562891351E-14 ) ) ;
#556 = ORIENTED_EDGE ( 'NONE', *, *, #457, .F. ) ;
#557 = ORIENTED_EDGE ( 'NONE', *, *, #4232, .T. ) ;
#558 = ORIENTED_EDGE ( 'NONE', *, *, #2584, .F. ) ;
#559 = B_SPLINE_CURVE_WITH_KNOTS ( 'NONE', 3,
 ( #2868, #1768, #3508, #487, #1436, #4116, #770, #2122 ),
 .UNSPECIFIED., .F., .F.,
 ( 4, 2, 2, 4 ),
 ( 0.000000000000000000, 0.0005371634524809512602, 0.001074326904961901653, 0.002148653809923787694 ),
 .UNSPECIFIED. ) ;
#560 = FACE_OUTER_BOUND ( 'NONE', #2025, .T. ) ;
#561 = CARTESIAN_POINT ( 'NONE',  ( 0.6563021627625859056, -28.86547286757781805, 36.12029672067633612 ) ) ;
#562 = ORIENTED_EDGE ( 'NONE', *, *, #1513, .T. ) ;
#563 = CARTESIAN_POINT ( 'NONE',  ( -5.865505068703195768, 15.68952860090848667, 32.01586665186162861 ) ) ;
#564 = EDGE_CURVE ( 'NONE', #1906, #714, #1832, .T. ) ;
#565 = VERTEX_POINT ( 'NONE', #1988 ) ;
#566 = VECTOR ( 'NONE', #3983, 1000.000000000000000 ) ;
#567 = LINE ( 'NONE', #1197, #261 ) ;
#568 = CARTESIAN_POINT ( 'NONE',  ( 3.664494925084382349, -14.17047433606063933, 29.76586664685471106 ) ) ;
#569 = DIRECTION ( 'NONE',  ( -1.473225881933163633E-16, -1.000000000000000000, -7.000000000000002516E-15 ) ) ;
#570 = EDGE_CURVE ( 'NONE', #3995, #2960, #2955, .T. ) ;
#571 = EDGE_CURVE ( 'NONE', #872, #381, #285, .T. ) ;
#572 = DIRECTION ( 'NONE',  ( 1.473225881933163633E-16, 1.000000000000000000, 7.000000000000000938E-15 ) ) ;
#573 = CARTESIAN_POINT ( 'NONE',  ( -0.9399351487371989666, -28.86547286757779673, 28.50767388453268936 ) ) ;
#574 = CARTESIAN_POINT ( 'NONE',  ( 53.43449493129636352, -12.64047286757542743, 33.01586665186089675 ) ) ;
#575 = VERTEX_POINT ( 'NONE', #927 ) ;
#576 = CARTESIAN_POINT ( 'NONE',  ( 25.68449493129601180, -9.240472867576050575, 52.64613210740760252 ) ) ;
#577 = VERTEX_POINT ( 'NONE', #1265 ) ;
#578 = ORIENTED_EDGE ( 'NONE', *, *, #3615, .T. ) ;
#579 = DIRECTION ( 'NONE',  ( 1.473225881933163633E-16, 1.000000000000000000, 7.000000000000000938E-15 ) ) ;
#580 = CIRCLE ( 'NONE', #648, 3.000000000000002665 ) ;
#581 = FACE_BOUND ( 'NONE', #360, .T. ) ;
#582 = CARTESIAN_POINT ( 'NONE',  ( -0.9399351487373391878, -20.67047433606062867, 28.50767388453273554 ) ) ;
#583 = VERTEX_POINT ( 'NONE', #2269 ) ;
#584 = ORIENTED_EDGE ( 'NONE', *, *, #2133, .T. ) ;
#585 = CARTESIAN_POINT ( 'NONE',  ( 13.51992501493542242, 20.04981713889793582, 42.91672452373654068 ) ) ;
#586 = VERTEX_POINT ( 'NONE', #2979 ) ;
#587 = CARTESIAN_POINT ( 'NONE',  ( 61.58449493129654684, -15.64047286757499045, 33.01586665186050595 ) ) ;
#588 = CARTESIAN_POINT ( 'NONE',  ( 14.85045268992608136, -22.51194176516017009, 23.70256852729937336 ) ) ;
#589 = LINE ( 'NONE', #1614, #2540 ) ;
#590 = DIRECTION ( 'NONE',  ( -1.473225881933163386E-16, -1.000000000000000000, -7.000000000000001727E-15 ) ) ;
#591 = EDGE_CURVE ( 'NONE', #1947, #1757, #3108, .T. ) ;
#592 = ADVANCED_FACE ( 'NONE', ( #2685 ), #2335, .F. ) ;
#593 = CARTESIAN_POINT ( 'NONE',  ( 25.68449493129600469, 5.759527132423798435, 35.01586665186130887 ) ) ;
#594 = CARTESIAN_POINT ( 'NONE',  ( 59.48449493129687227, 0.2595271324241753552, 54.01586665186281522 ) ) ;
#595 = DIRECTION ( 'NONE',  ( -3.469446951953611033E-14, 0.000000000000000000, -1.000000000000000000 ) ) ;
#596 = ADVANCED_FACE ( 'NONE', ( #3258 ), #236, .F. ) ;
#597 = ORIENTED_EDGE ( 'NONE', *, *, #1683, .F. ) ;
#598 = ORIENTED_EDGE ( 'NONE', *, *, #3994, .F. ) ;
#599 = DIRECTION ( 'NONE',  ( 2.902530795666802456E-14, -2.928657122104247289E-14, 1.000000000000000000 ) ) ;
#600 = VECTOR ( 'NONE', #348, 1000.000000000000000 ) ;
#601 = CIRCLE ( 'NONE', #2577, 1.799999999999999600 ) ;
#602 = LINE ( 'NONE', #278, #2382 ) ;
#603 = ORIENTED_EDGE ( 'NONE', *, *, #3341, .T. ) ;
#604 = DIRECTION ( 'NONE',  ( -1.000000000000000000, -2.430443709086124905E-14, -8.151219001104239896E-28 ) ) ;
#605 = VECTOR ( 'NONE', #1789, 1000.000000000000000 ) ;
#606 = ORIENTED_EDGE ( 'NONE', *, *, #218, .T. ) ;
#607 = CIRCLE ( 'NONE', #4339, 1.050000000000002265 ) ;
#608 = CARTESIAN_POINT ( 'NONE',  ( 12.93781610926497727, 15.41319708279454659, 22.64191412208941045 ) ) ;
#609 = LINE ( 'NONE', #3635, #2808 ) ;
#610 = DIRECTION ( 'NONE',  ( -1.473225881933163386E-16, -1.000000000000000000, -7.000000000000001727E-15 ) ) ;
#611 = AXIS2_PLACEMENT_3D ( 'NONE', #1717, #1672, #2995 ) ;
#612 = AXIS2_PLACEMENT_3D ( 'NONE', #3269, #4195, #1189 ) ;
#613 = DIRECTION ( 'NONE',  ( 1.473225881933163633E-16, 1.000000000000000000, 7.000000000000000938E-15 ) ) ;
#614 = DIRECTION ( 'NONE',  ( 6.924161645088148684E-15, 6.960548489364893752E-15, -1.000000000000000000 ) ) ;
#615 = ADVANCED_BREP_SHAPE_REPRESENTATION ( 'link5', ( #1523, #2661 ), #903 ) ;
#616 = LINE ( 'NONE', #1970, #4241 ) ;
#617 = AXIS2_PLACEMENT_3D ( 'NONE', #1861, #2257, #1212 ) ;
#618 = CIRCLE ( 'NONE', #53, 1.049999999999998934 ) ;
#619 = EDGE_CURVE ( 'NONE', #3032, #1734, #260, .T. ) ;
#620 = EDGE_CURVE ( 'NONE', #334, #2217, #1214, .T. ) ;
#621 = CARTESIAN_POINT ( 'NONE',  ( 25.68449493129577732, 14.15952713242384853, 35.01586665186248837 ) ) ;
#622 = VECTOR ( 'NONE', #3592, 1000.000000000000000 ) ;
#623 = ORIENTED_EDGE ( 'NONE', *, *, #870, .F. ) ;
#624 = ORIENTED_EDGE ( 'NONE', *, *, #190, .F. ) ;
#625 = COORDINATED_UNIVERSAL_TIME_OFFSET ( 8, 0, .AHEAD. ) ;
#626 = CARTESIAN_POINT ( 'NONE',  ( 17.13535461868029230, 17.28138468368682013, 25.80910016135134910 ) ) ;
#627 = EDGE_CURVE ( 'NONE', #3387, #432, #3346, .T. ) ;
#628 = EDGE_CURVE ( 'NONE', #420, #1697, #1063, .T. ) ;
#629 = VECTOR ( 'NONE', #965, 1000.000000000000000 ) ;
#630 = DIRECTION ( 'NONE',  ( 0.000000000000000000, -1.000000000000000000, -2.775557561562893875E-14 ) ) ;
#631 = ORIENTED_EDGE ( 'NONE', *, *, #23, .T. ) ;
#632 = ORIENTED_EDGE ( 'NONE', *, *, #619, .F. ) ;
#633 = FACE_BOUND ( 'NONE', #957, .T. ) ;
#634 = ORIENTED_EDGE ( 'NONE', *, *, #2458, .T. ) ;
#635 = CARTESIAN_POINT ( 'NONE',  ( -5.865505068703188662, 15.68952860090849377, 31.01586665186052727 ) ) ;
#636 = FACE_OUTER_BOUND ( 'NONE', #3446, .T. ) ;
#637 = DIRECTION ( 'NONE',  ( -1.400000000000000030E-14, 1.000000000000000000, 6.000000000000000466E-15 ) ) ;
#638 = LINE ( 'NONE', #1038, #743 ) ;
#639 = DIRECTION ( 'NONE',  ( -1.400000000000000030E-14, 1.000000000000000000, 6.000000000000000466E-15 ) ) ;
#640 = CARTESIAN_POINT ( 'NONE',  ( 6.672687687406320123, -20.67047433606063578, 28.71143657303293750 ) ) ;
#641 = ORIENTED_EDGE ( 'NONE', *, *, #167, .T. ) ;
#642 = FACE_BOUND ( 'NONE', #2365, .T. ) ;
#643 = ORIENTED_EDGE ( 'NONE', *, *, #2829, .F. ) ;
#644 = CC_DESIGN_DATE_AND_TIME_ASSIGNMENT ( #987, #3292, ( #3924 ) ) ;
#645 = VERTEX_POINT ( 'NONE', #1675 ) ;
#646 = VERTEX_POINT ( 'NONE', #2664 ) ;
#647 = CALENDAR_DATE ( 2026, 24, 6 ) ;
#648 = AXIS2_PLACEMENT_3D ( 'NONE', #3151, #4052, #4113 ) ;
#649 = FACE_OUTER_BOUND ( 'NONE', #2904, .T. ) ;
#650 = VERTEX_POINT ( 'NONE', #3021 ) ;
#651 = EDGE_CURVE ( 'NONE', #2429, #3074, #4011, .T. ) ;
#652 = EDGE_CURVE ( 'NONE', #2265, #1622, #2314, .T. ) ;
#653 = ORIENTED_EDGE ( 'NONE', *, *, #2271, .F. ) ;
#654 = LINE ( 'NONE', #3340, #2529 ) ;
#655 = VERTEX_POINT ( 'NONE', #4361 ) ;
#656 = CARTESIAN_POINT ( 'NONE',  ( -5.865505068703195768, 20.68952860090848844, 32.01586665186165703 ) ) ;
#657 = ADVANCED_FACE ( 'NONE', ( #1587 ), #4270, .F. ) ;
#658 = CYLINDRICAL_SURFACE ( 'NONE', #344, 1.050000000000000711 ) ;
#659 = DIRECTION ( 'NONE',  ( 3.953785700231736652E-16, 1.000000000000000000, 7.000000000000002516E-15 ) ) ;
#660 = DIRECTION ( 'NONE',  ( 6.432651084301853371E-31, -1.645479967905486411E-15, 1.000000000000000000 ) ) ;
#661 = CARTESIAN_POINT ( 'NONE',  ( 60.18449493129683958, -7.590472867575265070, 49.51586665186057701 ) ) ;
#662 = CARTESIAN_POINT ( 'NONE',  ( 30.68449493129633865, 9.159527132423535889, 56.01586665186219705 ) ) ;
#663 = ORIENTED_EDGE ( 'NONE', *, *, #2107, .F. ) ;
#664 = LINE ( 'NONE', #2014, #1034 ) ;
#665 = ORIENTED_EDGE ( 'NONE', *, *, #1059, .T. ) ;
#666 = ORIENTED_EDGE ( 'NONE', *, *, #1543, .F. ) ;
#667 = CYLINDRICAL_SURFACE ( 'NONE', #1944, 1.799999999999999600 ) ;
#668 = DIRECTION ( 'NONE',  ( -1.515820982036614286E-31, 1.000000000000000000, 6.960548489364893752E-15 ) ) ;
#669 = ORIENTED_EDGE ( 'NONE', *, *, #1549, .T. ) ;
#670 = VERTEX_POINT ( 'NONE', #1346 ) ;
#671 = DIRECTION ( 'NONE',  ( -3.469446951953611033E-14, 0.000000000000000000, -1.000000000000000000 ) ) ;
#672 = EDGE_CURVE ( 'NONE', #1444, #96, #2355, .T. ) ;
#673 = EDGE_CURVE ( 'NONE', #1757, #1947, #924, .T. ) ;
#674 = EDGE_LOOP ( 'NONE', ( #801, #1354 ) ) ;
#675 = CIRCLE ( 'NONE', #2085, 1.800000000000002931 ) ;
#676 = DIRECTION ( 'NONE',  ( 0.000000000000000000, -1.000000000000000000, -2.923936424916807628E-14 ) ) ;
#677 = CARTESIAN_POINT ( 'NONE',  ( 0.6563021627625859056, -28.86547286757781805, 36.12029672067633612 ) ) ;
#678 = DIRECTION ( 'NONE',  ( -1.473225881933163386E-16, -1.000000000000000000, -7.000000000000001727E-15 ) ) ;
#679 = CIRCLE ( 'NONE', #2928, 1.049999999999998934 ) ;
#680 = EDGE_CURVE ( 'NONE', #3300, #3447, #589, .T. ) ;
#681 = CARTESIAN_POINT ( 'NONE',  ( 1.706302162762472152, -20.67047433606068552, 36.12029672067639297 ) ) ;
#682 = CARTESIAN_POINT ( 'NONE',  ( 13.25518857691320029, -18.72188433724744883, 42.67140069472353048 ) ) ;
#683 = CIRCLE ( 'NONE', #2374, 2.000000000000001776 ) ;
#684 = DIRECTION ( 'NONE',  ( -3.469446951953611033E-14, 0.000000000000000000, -1.000000000000000000 ) ) ;
#685 = VECTOR ( 'NONE', #303, 1000.000000000000000 ) ;
#686 = LINE ( 'NONE', #4055, #2647 ) ;
#687 = VERTEX_POINT ( 'NONE', #1288 ) ;
#688 = ORIENTED_EDGE ( 'NONE', *, *, #2770, .T. ) ;
#689 = ORGANIZATION ( '未指定', '未指定', '' ) ;
#690 = APPROVAL_STATUS ( 'not_yet_approved' ) ;
#691 = VECTOR ( 'NONE', #3115, 1000.000000000000000 ) ;
#692 = AXIS2_PLACEMENT_3D ( 'NONE', #4143, #1835, #1874 ) ;
#693 = DIRECTION ( 'NONE',  ( -1.000000000000000000, 0.000000000000000000, -9.251858538542973800E-15 ) ) ;
#694 = ORIENTED_EDGE ( 'NONE', *, *, #2976, .F. ) ;
#695 = VERTEX_POINT ( 'NONE', #3962 ) ;
#696 = DIRECTION ( 'NONE',  ( 0.000000000000000000, 2.928657122104321757E-14, -1.000000000000000000 ) ) ;
#697 = VECTOR ( 'NONE', #3480, 1000.000000000000000 ) ;
#698 = ORIENTED_EDGE ( 'NONE', *, *, #3047, .F. ) ;
#699 = CARTESIAN_POINT ( 'NONE',  ( 22.18449493129633510, 4.409527132423797902, 51.51586665186201941 ) ) ;
#700 = DIRECTION ( 'NONE',  ( 1.473225881933163633E-16, 1.000000000000000000, 7.000000000000000938E-15 ) ) ;
#701 = AXIS2_PLACEMENT_3D ( 'NONE', #3215, #1156, #198 ) ;
#702 = CARTESIAN_POINT ( 'NONE',  ( 0.000000000000000000, 0.000000000000000000, 54.01586665186281522 ) ) ;
#703 = DIRECTION ( 'NONE',  ( 3.953785700231736652E-16, 1.000000000000000000, 7.000000000000002516E-15 ) ) ;
#704 = EDGE_CURVE ( 'NONE', #2417, #137, #774, .T. ) ;
#705 = DIRECTION ( 'NONE',  ( 2.775557561562888827E-14, 0.000000000000000000, 1.000000000000000000 ) ) ;
#706 = EDGE_CURVE ( 'NONE', #1947, #933, #1121, .T. ) ;
#707 = CARTESIAN_POINT ( 'NONE',  ( 53.22292895166116011, 11.24902901362919927, 33.02427945912293694 ) ) ;
#708 = ORIENTED_EDGE ( 'NONE', *, *, #706, .F. ) ;
#709 = ORIENTED_EDGE ( 'NONE', *, *, #954, .F. ) ;
#710 = FACE_BOUND ( 'NONE', #2693, .T. ) ;
#711 = VERTEX_POINT ( 'NONE', #473 ) ;
#712 = ORIENTED_EDGE ( 'NONE', *, *, #1945, .F. ) ;
#713 = DIRECTION ( 'NONE',  ( 1.000000000000000000, 2.467162276944908187E-14, -3.448912900226734932E-14 ) ) ;
#714 = VERTEX_POINT ( 'NONE', #2457 ) ;
#715 = AXIS2_PLACEMENT_3D ( 'NONE', #2581, #2891, #1836 ) ;
#716 = DIRECTION ( 'NONE',  ( 1.473225881933163633E-16, 1.000000000000000000, 7.000000000000000938E-15 ) ) ;
#717 = CARTESIAN_POINT ( 'NONE',  ( 37.93449493129654826, -17.64047286757572053, 37.01586665186125913 ) ) ;
#718 = DIRECTION ( 'NONE',  ( -2.949029909160569536E-14, 0.000000000000000000, -1.000000000000000000 ) ) ;
#719 = FACE_BOUND ( 'NONE', #3730, .T. ) ;
#720 = DIRECTION ( 'NONE',  ( 2.430443709086124905E-14, -1.000000000000000000, -3.347036710976368263E-14 ) ) ;
#721 = EDGE_CURVE ( 'NONE', #3750, #3607, #2764, .T. ) ;
#722 = EDGE_CURVE ( 'NONE', #3371, #2585, #1490, .T. ) ;
#723 = PLANE ( 'NONE',  #4266 ) ;
#724 = ORIENTED_EDGE ( 'NONE', *, *, #3724, .T. ) ;
#725 = ORIENTED_EDGE ( 'NONE', *, *, #2053, .F. ) ;
#726 = ORIENTED_EDGE ( 'NONE', *, *, #1284, .F. ) ;
#727 = EDGE_CURVE ( 'NONE', #931, #377, #1096, .T. ) ;
#728 = CARTESIAN_POINT ( 'NONE',  ( 17.13535461868027454, -15.77070177977253707, 25.80910016135112883 ) ) ;
#729 = ORIENTED_EDGE ( 'NONE', *, *, #652, .F. ) ;
#730 = ORIENTED_EDGE ( 'NONE', *, *, #3187, .T. ) ;
#731 = ORIENTED_EDGE ( 'NONE', *, *, #1683, .T. ) ;
#732 = DIRECTION ( 'NONE',  ( 1.473225881933163633E-16, 1.000000000000000000, 7.000000000000000938E-15 ) ) ;
#733 = ORIENTED_EDGE ( 'NONE', *, *, #2998, .T. ) ;
#734 = CARTESIAN_POINT ( 'NONE',  ( 0.6563021627619621823, 15.68952860090846357, 36.12029672067660613 ) ) ;
#735 = DIRECTION ( 'NONE',  ( 2.902530795666802456E-14, -2.928657122104247289E-14, 1.000000000000000000 ) ) ;
#736 = DIRECTION ( 'NONE',  ( 1.005175070887570205E-28, 2.928657122104321757E-14, -1.000000000000000000 ) ) ;
#737 = VECTOR ( 'NONE', #2063, 1000.000000000000000 ) ;
#738 =( BOUNDED_CURVE ( )  B_SPLINE_CURVE ( 3, ( #1530, #2872, #2208, #3576 ),
 .UNSPECIFIED., .F., .T. ) 
 B_SPLINE_CURVE_WITH_KNOTS ( ( 4, 4 ),
 ( 2.082687745056028827, 2.393214606066258909 ),
 .UNSPECIFIED. ) 
 CURVE ( )  GEOMETRIC_REPRESENTATION_ITEM ( )  RATIONAL_B_SPLINE_CURVE ( ( 1.000000000000000000, 0.9919805520435549528, 0.9919805520435549528, 1.000000000000000000 ) ) 
 REPRESENTATION_ITEM ( '' )  );
#739 = DIRECTION ( 'NONE',  ( 0.000000000000000000, 6.608470384673536824E-15, -1.000000000000000000 ) ) ;
#740 = DIRECTION ( 'NONE',  ( 2.430443709086124905E-14, -1.000000000000000000, -3.347036710976368263E-14 ) ) ;
#741 = DIRECTION ( 'NONE',  ( -1.000000000000000000, -2.578212872552770944E-14, 2.902530795666726726E-14 ) ) ;
#742 = CIRCLE ( 'NONE', #115, 2.000000000000001776 ) ;
#743 = VECTOR ( 'NONE', #660, 1000.000000000000000 ) ;
#744 = CARTESIAN_POINT ( 'NONE',  ( 52.91084902175013838, 10.61890625002746269, 33.08268016968792580 ) ) ;
#745 = LINE ( 'NONE', #2098, #1388 ) ;
#746 = EDGE_LOOP ( 'NONE', ( #4045, #669, #1261, #41, #2570, #1822, #2964, #3335 ) ) ;
#747 = EDGE_LOOP ( 'NONE', ( #49, #2810, #228, #272, #3355, #187, #2229, #1400 ) ) ;
#748 = ADVANCED_FACE ( 'NONE', ( #4153 ), #3142, .F. ) ;
#749 = CIRCLE ( 'NONE', #611, 2.000000000000001776 ) ;
#750 = EDGE_LOOP ( 'NONE', ( #3313, #4007, #3497, #2067 ) ) ;
#751 = DIRECTION ( 'NONE',  ( 1.473225881933163633E-16, 1.000000000000000000, 7.000000000000002516E-15 ) ) ;
#752 = ORIENTED_EDGE ( 'NONE', *, *, #492, .T. ) ;
#753 = EDGE_LOOP ( 'NONE', ( #1889, #279, #3971, #3051 ) ) ;
#754 = ORIENTED_EDGE ( 'NONE', *, *, #3374, .T. ) ;
#755 = CARTESIAN_POINT ( 'NONE',  ( 25.68449493129577732, 14.15952713242384853, 35.01586665186248837 ) ) ;
#756 = DIRECTION ( 'NONE',  ( 1.000000000000000000, 2.443887161124674809E-14, -3.448912900226735563E-14 ) ) ;
#757 = ADVANCED_FACE ( 'NONE', ( #781 ), #2523, .T. ) ;
#758 = ADVANCED_FACE ( 'NONE', ( #450 ), #827, .F. ) ;
#759 = AXIS2_PLACEMENT_3D ( 'NONE', #1039, #3391, #3761 ) ;
#760 = ORIENTED_EDGE ( 'NONE', *, *, #776, .F. ) ;
#761 = FACE_OUTER_BOUND ( 'NONE', #251, .T. ) ;
#762 = CARTESIAN_POINT ( 'NONE',  ( 6.672687687406326340, 20.68952860090852397, 26.91143657303322811 ) ) ;
#763 = CARTESIAN_POINT ( 'NONE',  ( 53.68449493129600825, 11.67216261712324510, 41.01586665186160729 ) ) ;
#764 = CIRCLE ( 'NONE', #3230, 10.00000000000000178 ) ;
#765 = VECTOR ( 'NONE', #3840, 1000.000000000000000 ) ;
#766 = CYLINDRICAL_SURFACE ( 'NONE', #331, 2.000000000000001776 ) ;
#767 = DIRECTION ( 'NONE',  ( 0.6804510993672842067, 0.000000000000000000, 0.7327934916262932585 ) ) ;
#768 = CARTESIAN_POINT ( 'NONE',  ( 6.672687687406320123, -20.67047433606062157, 26.91143657303293679 ) ) ;
#769 = CIRCLE ( 'NONE', #2252, 2.000000000000000000 ) ;
#770 = CARTESIAN_POINT ( 'NONE',  ( 13.26432530699824852, 15.24662733304712781, 42.66272067111996336 ) ) ;
#771 = DIRECTION ( 'NONE',  ( -1.000000000000000000, -1.321694076934709574E-14, 0.000000000000000000 ) ) ;
#772 = ORIENTED_EDGE ( 'NONE', *, *, #3031, .F. ) ;
#773 = EDGE_LOOP ( 'NONE', ( #3610, #797, #1488, #733 ) ) ;
#774 = CIRCLE ( 'NONE', #999, 2.000000000000001776 ) ;
#775 = FACE_OUTER_BOUND ( 'NONE', #3557, .T. ) ;
#776 = EDGE_CURVE ( 'NONE', #2209, #1274, #769, .T. ) ;
#777 = ORIENTED_EDGE ( 'NONE', *, *, #4044, .F. ) ;
#778 = ORIENTED_EDGE ( 'NONE', *, *, #516, .T. ) ;
#779 = ORIENTED_EDGE ( 'NONE', *, *, #110, .T. ) ;
#780 = CARTESIAN_POINT ( 'NONE',  ( -5.865505068703201097, -24.17047433606065709, 32.01586665186139413 ) ) ;
#781 = FACE_OUTER_BOUND ( 'NONE', #315, .T. ) ;
#782 = ORIENTED_EDGE ( 'NONE', *, *, #3341, .F. ) ;
#783 = ADVANCED_FACE ( 'NONE', ( #3821 ), #2029, .T. ) ;
#784 = EDGE_CURVE ( 'NONE', #1447, #3441, #915, .T. ) ;
#785 = CARTESIAN_POINT ( 'NONE',  ( 29.96292205604263970, -17.64047286757604383, 35.01586665186142966 ) ) ;
#786 = CARTESIAN_POINT ( 'NONE',  ( 59.48449493129687227, -3.740472867575824978, 56.01586665186281522 ) ) ;
#787 = CYLINDRICAL_SURFACE ( 'NONE', #277, 2.000000000000001776 ) ;
#788 = AXIS2_PLACEMENT_3D ( 'NONE', #1745, #3442, #444 ) ;
#789 = EDGE_CURVE ( 'NONE', #4196, #1821, #2496, .T. ) ;
#790 = CARTESIAN_POINT ( 'NONE',  ( 37.93449493129669747, -23.84047286757579442, 33.01586665186135860 ) ) ;
#791 = CARTESIAN_POINT ( 'NONE',  ( 51.43449493129577377, 14.15952713242409899, 46.01586665186263048 ) ) ;
#792 = AXIS2_PLACEMENT_3D ( 'NONE', #1567, #3505, #219 ) ;
#793 = DIRECTION ( 'NONE',  ( -1.473225881933163386E-16, -1.000000000000000000, -7.000000000000001727E-15 ) ) ;
#794 = CARTESIAN_POINT ( 'NONE',  ( 8.268924998906111767, -20.67047433606066065, 32.72405940917658995 ) ) ;
#795 = CARTESIAN_POINT ( 'NONE',  ( 30.68449493129666550, -7.590472867576012028, 52.51586665186159308 ) ) ;
#796 = ORIENTED_EDGE ( 'NONE', *, *, #2967, .F. ) ;
#797 = ORIENTED_EDGE ( 'NONE', *, *, #2052, .F. ) ;
#798 = DIRECTION ( 'NONE',  ( 2.558717127065706845E-14, -1.000000000000000000, -2.928657122104321757E-14 ) ) ;
#799 = EDGE_LOOP ( 'NONE', ( #95, #3937 ) ) ;
#800 = EDGE_LOOP ( 'NONE', ( #1995, #2283, #4080, #2494 ) ) ;
#801 = ORIENTED_EDGE ( 'NONE', *, *, #3284, .T. ) ;
#802 = CARTESIAN_POINT ( 'NONE',  ( 11.37628639389380503, -31.43482093246306874, 45.01586665186144387 ) ) ;
#803 = CARTESIAN_POINT ( 'NONE',  ( 12.68449493129599759, -31.43482093246290177, 21.01586665186035674 ) ) ;
#804 = DIRECTION ( 'NONE',  ( -1.000000000000000000, -2.578212872552770944E-14, 2.902530795666726726E-14 ) ) ;
#805 = DIRECTION ( 'NONE',  ( -1.473225881933163386E-16, -1.000000000000000000, -7.000000000000001727E-15 ) ) ;
#806 = DIRECTION ( 'NONE',  ( 0.000000000000000000, 7.709882115452463178E-15, -1.000000000000000000 ) ) ;
#807 = EDGE_CURVE ( 'NONE', #1623, #4263, #258, .T. ) ;
#808 = EDGE_CURVE ( 'NONE', #1697, #3098, #1166, .T. ) ;
#809 = DIRECTION ( 'NONE',  ( -4.843387482784487241E-29, 1.000000000000000000, 6.999999999999999361E-15 ) ) ;
#810 = CARTESIAN_POINT ( 'NONE',  ( 12.68449493129585193, -31.43482093246304743, 42.01586665186147940 ) ) ;
#811 = FACE_OUTER_BOUND ( 'NONE', #1379, .T. ) ;
#812 = EDGE_CURVE ( 'NONE', #1556, #1752, #3520, .T. ) ;
#813 = EDGE_CURVE ( 'NONE', #2783, #1447, #430, .T. ) ;
#814 = AXIS2_PLACEMENT_3D ( 'NONE', #4059, #3751, #1090 ) ;
#815 = DIRECTION ( 'NONE',  ( 2.430443709086124905E-14, -1.000000000000000000, -2.923936424916878310E-14 ) ) ;
#816 = CARTESIAN_POINT ( 'NONE',  ( 6.143452244285867891, -31.43482093246300479, 36.01586665186027858 ) ) ;
#817 = VECTOR ( 'NONE', #3004, 1000.000000000000000 ) ;
#818 = CARTESIAN_POINT ( 'NONE',  ( 25.68449493129627470, 4.409527132423916029, 49.51586665186189862 ) ) ;
#819 = VECTOR ( 'NONE', #163, 1000.000000000000000 ) ;
#820 = CIRCLE ( 'NONE', #2865, 1.049999999999998934 ) ;
#821 = CARTESIAN_POINT ( 'NONE',  ( 37.93449493129590167, 9.159527132424278406, 37.01586665186204783 ) ) ;
#822 = ORIENTED_EDGE ( 'NONE', *, *, #1592, .T. ) ;
#823 = VERTEX_POINT ( 'NONE', #1511 ) ;
#824 = VERTEX_POINT ( 'NONE', #4106 ) ;
#825 = CARTESIAN_POINT ( 'NONE',  ( 8.268924998906117096, 17.18952860090845647, 36.32405940917685427 ) ) ;
#826 = AXIS2_PLACEMENT_3D ( 'NONE', #3060, #716, #32 ) ;
#827 = CYLINDRICAL_SURFACE ( 'NONE', #4012, 8.000000000000007105 ) ;
#828 = AXIS2_PLACEMENT_3D ( 'NONE', #2755, #4002, #4097 ) ;
#829 = FACE_OUTER_BOUND ( 'NONE', #1067, .T. ) ;
#830 = CARTESIAN_POINT ( 'NONE',  ( 30.68449493129590522, 9.159527132423974649, 41.01586665186219705 ) ) ;
#831 = CARTESIAN_POINT ( 'NONE',  ( 37.93449493129590167, 9.159527132424161167, 41.01586665186137992 ) ) ;
#832 = VECTOR ( 'NONE', #868, 1000.000000000000000 ) ;
#833 = AXIS2_PLACEMENT_3D ( 'NONE', #975, #3281, #4300 ) ;
#834 = AXIS2_PLACEMENT_3D ( 'NONE', #1365, #700, #1036 ) ;
#835 = CARTESIAN_POINT ( 'NONE',  ( 8.268924998906111767, -20.67047433606067486, 34.52405940917659422 ) ) ;
#836 = DIRECTION ( 'NONE',  ( 7.980140110290692896E-17, 7.000000000000000938E-15, -1.000000000000000000 ) ) ;
#837 = CARTESIAN_POINT ( 'NONE',  ( 28.54870849366938401, 13.57374069479658552, 56.01586665186238889 ) ) ;
#838 = CIRCLE ( 'NONE', #1538, 10.00000000000000178 ) ;
#839 = CARTESIAN_POINT ( 'NONE',  ( 8.268924998906117096, 17.18952860090847068, 34.52405940917685001 ) ) ;
#840 = ADVANCED_FACE ( 'NONE', ( #2112, #1777 ), #3123, .T. ) ;
#841 = EDGE_CURVE ( 'NONE', #577, #1752, #2878, .T. ) ;
#842 = CARTESIAN_POINT ( 'NONE',  ( 37.93449493129577377, 14.15952713242420558, 33.01586665186263048 ) ) ;
#843 = FACE_BOUND ( 'NONE', #2310, .T. ) ;
#844 = VERTEX_POINT ( 'NONE', #3268 ) ;
#845 = EDGE_LOOP ( 'NONE', ( #1005, #4351 ) ) ;
#846 = VERTEX_POINT ( 'NONE', #182 ) ;
#847 = DIRECTION ( 'NONE',  ( 2.903379291371784214E-14, -2.923936424916807628E-14, 1.000000000000000000 ) ) ;
#848 = DIRECTION ( 'NONE',  ( 8.070496439146251481E-16, -1.000000000000000000, -5.999999999999998889E-15 ) ) ;
#849 = VECTOR ( 'NONE', #4335, 1000.000000000000000 ) ;
#850 = CARTESIAN_POINT ( 'NONE',  ( 8.268924998906117096, 17.18952860090847068, 34.52405940917685001 ) ) ;
#851 = ORIENTED_EDGE ( 'NONE', *, *, #1925, .T. ) ;
#852 = CARTESIAN_POINT ( 'NONE',  ( 12.94591508576592354, -18.90495937972814033, 22.64263859030304005 ) ) ;
#853 = ORIENTED_EDGE ( 'NONE', *, *, #1601, .T. ) ;
#854 = ORIENTED_EDGE ( 'NONE', *, *, #591, .T. ) ;
#855 = LINE ( 'NONE', #945, #3779 ) ;
#856 = CARTESIAN_POINT ( 'NONE',  ( 6.672687687406320123, -20.67047433606060736, 25.11143657303293963 ) ) ;
#857 = CARTESIAN_POINT ( 'NONE',  ( 11.66781768814856868, 20.68952860090855950, 22.07020831520776483 ) ) ;
#858 = AXIS2_PLACEMENT_3D ( 'NONE', #2404, #3762, #392 ) ;
#859 = CARTESIAN_POINT ( 'NONE',  ( 11.37628639389379259, 20.68952860090841384, 42.01586665186174940 ) ) ;
#860 = FACE_OUTER_BOUND ( 'NONE', #2566, .T. ) ;
#861 = LINE ( 'NONE', #574, #13 ) ;
#862 = EDGE_CURVE ( 'NONE', #78, #91, #2965, .T. ) ;
#863 = EDGE_CURVE ( 'NONE', #371, #3339, #1536, .T. ) ;
#864 = CYLINDRICAL_SURFACE ( 'NONE', #2086, 2.000000000000001776 ) ;
#865 = ORIENTED_EDGE ( 'NONE', *, *, #2860, .F. ) ;
#866 = EDGE_LOOP ( 'NONE', ( #4086, #3891, #578, #4308 ) ) ;
#867 = EDGE_LOOP ( 'NONE', ( #1634, #143, #1023, #424 ) ) ;
#868 = DIRECTION ( 'NONE',  ( -1.000000000000000000, 3.953785700231946686E-16, -2.999999999999913064E-15 ) ) ;
#869 = CYLINDRICAL_SURFACE ( 'NONE', #1451, 2.000000000000001776 ) ;
#870 = EDGE_CURVE ( 'NONE', #1628, #3490, #1202, .T. ) ;
#871 = CARTESIAN_POINT ( 'NONE',  ( 24.47142918109580734, 6.686122877104858198, 52.14379663328232084 ) ) ;
#872 = VERTEX_POINT ( 'NONE', #274 ) ;
#873 = CARTESIAN_POINT ( 'NONE',  ( 11.83702351522281404, -19.17047433606060025, 22.13726438144075104 ) ) ;
#874 = VERTEX_POINT ( 'NONE', #1234 ) ;
#875 = DIRECTION ( 'NONE',  ( 1.473225881933163633E-16, 1.000000000000000000, 7.000000000000000938E-15 ) ) ;
#876 = DIRECTION ( 'NONE',  ( -3.469446951953611033E-14, 0.000000000000000000, -1.000000000000000000 ) ) ;
#877 = CARTESIAN_POINT ( 'NONE',  ( 37.93449493129669747, -23.84047286757629536, 48.01586665186135150 ) ) ;
#878 = DIRECTION ( 'NONE',  ( 1.000000000000000000, 2.467162276944907871E-14, -3.448912900226735563E-14 ) ) ;
#879 = FACE_OUTER_BOUND ( 'NONE', #747, .T. ) ;
#880 = CARTESIAN_POINT ( 'NONE',  ( 30.68449493129635997, 4.409527132423987972, 52.51586665186172098 ) ) ;
#881 = AXIS2_PLACEMENT_3D ( 'NONE', #3880, #1839, #2848 ) ;
#882 = DIRECTION ( 'NONE',  ( 0.000000000000000000, 7.000000000000001727E-15, -1.000000000000000000 ) ) ;
#883 = VERTEX_POINT ( 'NONE', #230 ) ;
#884 = EDGE_CURVE ( 'NONE', #922, #844, #2234, .T. ) ;
#885 = EDGE_LOOP ( 'NONE', ( #3659, #4004, #1647, #3912 ) ) ;
#886 = ORIENTED_EDGE ( 'NONE', *, *, #380, .T. ) ;
#887 = DIRECTION ( 'NONE',  ( -3.469446951953611033E-14, 0.000000000000000000, -1.000000000000000000 ) ) ;
#888 = CARTESIAN_POINT ( 'NONE',  ( 51.43449493129654115, -17.64047286757553223, 35.01586665186075464 ) ) ;
#889 = VECTOR ( 'NONE', #3832, 1000.000000000000000 ) ;
#890 = VECTOR ( 'NONE', #17, 1000.000000000000114 ) ;
#891 = CARTESIAN_POINT ( 'NONE',  ( -0.9399351487373336367, 17.18952860090851331, 28.50767388453300200 ) ) ;
#892 = EDGE_CURVE ( 'NONE', #1697, #2429, #2568, .T. ) ;
#893 = ADVANCED_FACE ( 'NONE', ( #560 ), #1910, .F. ) ;
#894 = VERTEX_POINT ( 'NONE', #1932 ) ;
#895 = DIRECTION ( 'NONE',  ( 0.000000000000000000, -2.949029909160569536E-14, 1.000000000000000000 ) ) ;
#896 = CIRCLE ( 'NONE', #1042, 1.050000000000002265 ) ;
#897 = ORIENTED_EDGE ( 'NONE', *, *, #2032, .T. ) ;
#898 = VERTEX_POINT ( 'NONE', #2258 ) ;
#899 = CYLINDRICAL_SURFACE ( 'NONE', #4343, 8.000000000000000000 ) ;
#900 = CIRCLE ( 'NONE', #3363, 1.799999999999999600 ) ;
#901 = CARTESIAN_POINT ( 'NONE',  ( 61.58449493129660368, 4.409527132424821971, 51.51586665186058411 ) ) ;
#902 = CARTESIAN_POINT ( 'NONE',  ( 8.268924998906111767, -20.67047433606066065, 32.72405940917658995 ) ) ;
#903 =( GEOMETRIC_REPRESENTATION_CONTEXT ( 3 ) GLOBAL_UNCERTAINTY_ASSIGNED_CONTEXT ( ( #2787 ) ) GLOBAL_UNIT_ASSIGNED_CONTEXT ( ( #1559, #246, #2232 ) ) REPRESENTATION_CONTEXT ( 'NONE', 'WORKASPACE' ) );
#904 = AXIS2_PLACEMENT_3D ( 'NONE', #2821, #1479, #767 ) ;
#905 = CARTESIAN_POINT ( 'NONE',  ( 29.96292205604245140, 14.15952713242351813, 56.01586665186236047 ) ) ;
#906 = DIRECTION ( 'NONE',  ( -1.515820982036614286E-31, 1.000000000000000000, 6.960548489364893752E-15 ) ) ;
#907 = DIRECTION ( 'NONE',  ( 1.000000000000000000, 2.467162276944908187E-14, -3.448912900226734932E-14 ) ) ;
#908 = VERTEX_POINT ( 'NONE', #1862 ) ;
#909 = CARTESIAN_POINT ( 'NONE',  ( 25.68449493129601180, -9.240472867576047022, 50.38560119631593892 ) ) ;
#910 = ORIENTED_EDGE ( 'NONE', *, *, #1630, .F. ) ;
#911 = VECTOR ( 'NONE', #211, 1000.000000000000000 ) ;
#912 = VERTEX_POINT ( 'NONE', #2899 ) ;
#913 = CARTESIAN_POINT ( 'NONE',  ( 6.672687687405815637, 17.18952860090852752, 26.91143657303317127 ) ) ;
#914 = DIRECTION ( 'NONE',  ( 0.000000000000000000, 6.608470384673536824E-15, -1.000000000000000000 ) ) ;
#915 = CIRCLE ( 'NONE', #2605, 1.049999999999998934 ) ;
#916 = DIRECTION ( 'NONE',  ( -1.000000000000000000, -1.321694076934709258E-14, 0.000000000000000000 ) ) ;
#917 = ORIENTED_EDGE ( 'NONE', *, *, #1674, .T. ) ;
#918 = VERTEX_POINT ( 'NONE', #3583 ) ;
#919 = CARTESIAN_POINT ( 'NONE',  ( -0.9399351487373391878, -20.67047433606061446, 26.70767388453273483 ) ) ;
#920 = EDGE_CURVE ( 'NONE', #2350, #655, #1953, .T. ) ;
#921 = EDGE_CURVE ( 'NONE', #687, #113, #4242, .T. ) ;
#922 = VERTEX_POINT ( 'NONE', #2194 ) ;
#923 = ORIENTED_EDGE ( 'NONE', *, *, #1763, .F. ) ;
#924 = CIRCLE ( 'NONE', #358, 1.050000000000002265 ) ;
#925 = CARTESIAN_POINT ( 'NONE',  ( 13.49170252384917390, -23.55237360053450502, 22.93904678505411354 ) ) ;
#926 = CARTESIAN_POINT ( 'NONE',  ( 25.68449493129601180, -9.240472867576047022, 50.38560119631593892 ) ) ;
#927 = CARTESIAN_POINT ( 'NONE',  ( 8.268924998906117096, 17.18952860090848489, 32.72405940917684575 ) ) ;
#928 = CYLINDRICAL_SURFACE ( 'NONE', #1384, 2.000000000000001776 ) ;
#929 = DIRECTION ( 'NONE',  ( 2.862293735361731706E-14, 0.000000000000000000, 1.000000000000000000 ) ) ;
#930 = LINE ( 'NONE', #594, #1422 ) ;
#931 = VERTEX_POINT ( 'NONE', #515 ) ;
#932 = DIRECTION ( 'NONE',  ( -4.843387482784487241E-29, 1.000000000000000000, 6.999999999999999361E-15 ) ) ;
#933 = VERTEX_POINT ( 'NONE', #1213 ) ;
#934 = ORIENTED_EDGE ( 'NONE', *, *, #184, .T. ) ;
#935 = ORIENTED_EDGE ( 'NONE', *, *, #3943, .T. ) ;
#936 = FACE_OUTER_BOUND ( 'NONE', #1419, .T. ) ;
#937 = CIRCLE ( 'NONE', #506, 10.00000000000000178 ) ;
#938 = DIRECTION ( 'NONE',  ( -1.000000000000000000, -1.321694076934710363E-14, 0.000000000000000000 ) ) ;
#939 = CARTESIAN_POINT ( 'NONE',  ( 13.51992501493542775, -23.53076287405026079, 42.91672452373626356 ) ) ;
#940 = VERTEX_POINT ( 'NONE', #1252 ) ;
#941 = ORIENTED_EDGE ( 'NONE', *, *, #2421, .T. ) ;
#942 = DIRECTION ( 'NONE',  ( -2.902530795666802456E-14, 2.928657122104247289E-14, -1.000000000000000000 ) ) ;
#943 = ORIENTED_EDGE ( 'NONE', *, *, #109, .F. ) ;
#944 = ORIENTED_EDGE ( 'NONE', *, *, #2140, .T. ) ;
#945 = CARTESIAN_POINT ( 'NONE',  ( 60.18449493129697458, -7.590472867575265070, 53.51586665186058411 ) ) ;
#946 = CARTESIAN_POINT ( 'NONE',  ( 53.43449493129577377, 11.67216261712347247, 33.01586665186161440 ) ) ;
#947 = EDGE_CURVE ( 'NONE', #3930, #3929, #2546, .T. ) ;
#948 = DIRECTION ( 'NONE',  ( 1.000000000000000000, -1.473225881933648289E-16, 7.071484233281511787E-15 ) ) ;
#949 = ADVANCED_FACE ( 'NONE', ( #3886 ), #869, .F. ) ;
#950 = LINE ( 'NONE', #201, #4128 ) ;
#951 = DIRECTION ( 'NONE',  ( 1.000000000000000000, 2.562297978277754348E-14, -2.902530795666727357E-14 ) ) ;
#952 = EDGE_CURVE ( 'NONE', #3059, #2279, #1276, .T. ) ;
#953 = DIRECTION ( 'NONE',  ( -3.469446951953611033E-14, 0.000000000000000000, -1.000000000000000000 ) ) ;
#954 = EDGE_CURVE ( 'NONE', #4281, #933, #3564, .T. ) ;
#955 = ORIENTED_EDGE ( 'NONE', *, *, #2183, .F. ) ;
#956 = CARTESIAN_POINT ( 'NONE',  ( 25.68449493129621075, 14.15952713242340977, 56.01586665186248837 ) ) ;
#957 = EDGE_LOOP ( 'NONE', ( #4028, #2013 ) ) ;
#958 = ORIENTED_EDGE ( 'NONE', *, *, #3942, .T. ) ;
#959 = APPROVAL_DATE_TIME ( #3649, #2472 ) ;
#960 = DIRECTION ( 'NONE',  ( -1.000000000000000000, -2.574809687613458729E-14, 2.902530795666727357E-14 ) ) ;
#961 = CIRCLE ( 'NONE', #1524, 1.050000000000002265 ) ;
#962 = DIRECTION ( 'NONE',  ( 1.473225881933163633E-16, 1.000000000000000000, 7.000000000000000938E-15 ) ) ;
#963 = ORIENTED_EDGE ( 'NONE', *, *, #2116, .F. ) ;
#964 = ORIENTED_EDGE ( 'NONE', *, *, #330, .T. ) ;
#965 = DIRECTION ( 'NONE',  ( 1.000000000000000000, 2.467162276944908187E-14, -3.448912900226734932E-14 ) ) ;
#966 = AXIS2_PLACEMENT_3D ( 'NONE', #4277, #289, #243 ) ;
#967 = ORIENTED_EDGE ( 'NONE', *, *, #2459, .F. ) ;
#968 = CARTESIAN_POINT ( 'NONE',  ( 9.318924998906252810, -28.86547286757768660, 34.52405940917653737 ) ) ;
#969 = LINE ( 'NONE', #568, #2598 ) ;
#970 = DIRECTION ( 'NONE',  ( 0.000000000000000000, -2.949029909160569536E-14, 1.000000000000000000 ) ) ;
#971 = AXIS2_PLACEMENT_3D ( 'NONE', #3829, #3148, #2769 ) ;
#972 = AXIS2_PLACEMENT_3D ( 'NONE', #385, #713, #671 ) ;
#973 = VECTOR ( 'NONE', #2766, 1000.000000000000114 ) ;
#974 = CARTESIAN_POINT ( 'NONE',  ( -0.9399351487373397429, -24.17047433606062867, 28.50767388453271067 ) ) ;
#975 = CARTESIAN_POINT ( 'NONE',  ( 60.18449493129659800, 4.409527132424734930, 51.51586665186070491 ) ) ;
#976 = DIRECTION ( 'NONE',  ( -1.400000000000000030E-14, 1.000000000000000000, 6.000000000000000466E-15 ) ) ;
#977 = CC_DESIGN_APPROVAL ( #2854, ( #1046 ) ) ;
#978 = AXIS2_PLACEMENT_3D ( 'NONE', #2446, #111, #1482 ) ;
#979 = ADVANCED_FACE ( 'NONE', ( #3604, #581, #3558 ), #3229, .F. ) ;
#980 = ADVANCED_FACE ( 'NONE', ( #2989 ), #3316, .F. ) ;
#981 = VERTEX_POINT ( 'NONE', #2302 ) ;
#982 = DIRECTION ( 'NONE',  ( -1.000000000000000000, -2.430443709086124905E-14, -8.123111349376294019E-28 ) ) ;
#983 = VECTOR ( 'NONE', #1476, 1000.000000000000000 ) ;
#984 = ORIENTED_EDGE ( 'NONE', *, *, #776, .T. ) ;
#985 = VERTEX_POINT ( 'NONE', #626 ) ;
#986 = ORIENTED_EDGE ( 'NONE', *, *, #1858, .F. ) ;
#987 = DATE_AND_TIME ( #1998, #1819 ) ;
#988 = AXIS2_PLACEMENT_3D ( 'NONE', #3146, #501, #2841 ) ;
#989 = PRODUCT ( 'link5', 'link5', '', ( #1690 ) ) ;
#990 = EDGE_CURVE ( 'NONE', #670, #695, #1313, .T. ) ;
#991 = FACE_OUTER_BOUND ( 'NONE', #1751, .T. ) ;
#992 = ORIENTED_EDGE ( 'NONE', *, *, #1170, .F. ) ;
#993 = ORIENTED_EDGE ( 'NONE', *, *, #1925, .F. ) ;
#994 = CARTESIAN_POINT ( 'NONE',  ( 4.134494931296811338, 20.68952860090849555, 31.01586665186063030 ) ) ;
#995 = VERTEX_POINT ( 'NONE', #453 ) ;
#996 = FACE_OUTER_BOUND ( 'NONE', #464, .T. ) ;
#997 = CYLINDRICAL_SURFACE ( 'NONE', #2178, 2.000000000000000000 ) ;
#998 = DIRECTION ( 'NONE',  ( -7.980140110291257424E-17, -7.000000000000000938E-15, 1.000000000000000000 ) ) ;
#999 = AXIS2_PLACEMENT_3D ( 'NONE', #77, #4129, #2132 ) ;
#1000 = CARTESIAN_POINT ( 'NONE',  ( 4.134494931296875286, -24.17047433606057538, 21.01586665186031411 ) ) ;
#1001 = LINE ( 'NONE', #2092, #1747 ) ;
#1002 = CARTESIAN_POINT ( 'NONE',  ( 12.48337046303205788, 20.58114446260557528, 22.42047340595319582 ) ) ;
#1003 = DIRECTION ( 'NONE',  ( 2.902530795666802456E-14, -2.928657122104247289E-14, 1.000000000000000000 ) ) ;
#1004 = VERTEX_POINT ( 'NONE', #1828 ) ;
#1005 = ORIENTED_EDGE ( 'NONE', *, *, #1403, .F. ) ;
#1006 = EDGE_CURVE ( 'NONE', #995, #2613, #1245, .T. ) ;
#1007 = EDGE_CURVE ( 'NONE', #918, #586, #2137, .T. ) ;
#1008 = DIRECTION ( 'NONE',  ( 2.571108009036969302E-14, -1.000000000000000000, -2.928657122104321757E-14 ) ) ;
#1009 = AXIS2_PLACEMENT_3D ( 'NONE', #1898, #4206, #1200 ) ;
#1010 = DIRECTION ( 'NONE',  ( -1.400000000000000030E-14, 1.000000000000000000, 6.000000000000000466E-15 ) ) ;
#1011 = ORIENTED_EDGE ( 'NONE', *, *, #190, .T. ) ;
#1012 = EDGE_LOOP ( 'NONE', ( #103, #2876 ) ) ;
#1013 = DIRECTION ( 'NONE',  ( 2.430443709086124905E-14, -1.000000000000000000, 0.000000000000000000 ) ) ;
#1014 = EDGE_CURVE ( 'NONE', #3005, #2632, #112, .T. ) ;
#1015 = ORIENTED_EDGE ( 'NONE', *, *, #1142, .T. ) ;
#1016 = CARTESIAN_POINT ( 'NONE',  ( 59.48449493129687227, -3.740472867575824978, 56.01586665186281522 ) ) ;
#1017 = CARTESIAN_POINT ( 'NONE',  ( 17.13535461868027809, -20.76233041883890706, 25.80910016135108975 ) ) ;
#1018 = DIRECTION ( 'NONE',  ( -1.033282722615516082E-28, -2.928657122104321757E-14, 1.000000000000000000 ) ) ;
#1019 = DIRECTION ( 'NONE',  ( -1.473225881933163633E-16, -1.000000000000000000, -7.000000000000002516E-15 ) ) ;
#1020 = CARTESIAN_POINT ( 'NONE',  ( 6.672687687406324564, -19.17047433606062512, 26.91143657303295100 ) ) ;
#1021 = DIRECTION ( 'NONE',  ( 1.000000000000000000, 2.467162276944908187E-14, -3.448912900226734932E-14 ) ) ;
#1022 = DIRECTION ( 'NONE',  ( -1.000000000000000000, -1.321694076934710363E-14, 0.000000000000000000 ) ) ;
#1023 = ORIENTED_EDGE ( 'NONE', *, *, #3911, .T. ) ;
#1024 = EDGE_LOOP ( 'NONE', ( #3303, #631, #2760, #4323 ) ) ;
#1025 = ORIENTED_EDGE ( 'NONE', *, *, #3296, .T. ) ;
#1026 = DIRECTION ( 'NONE',  ( 4.843387482784487241E-29, -1.000000000000000000, -6.999999999999999361E-15 ) ) ;
#1027 = EDGE_CURVE ( 'NONE', #334, #1951, #1495, .T. ) ;
#1028 = ORIENTED_EDGE ( 'NONE', *, *, #4334, .T. ) ;
#1029 = ORIENTED_EDGE ( 'NONE', *, *, #3186, .T. ) ;
#1030 = CARTESIAN_POINT ( 'NONE',  ( 61.58449493129584340, 11.67216261712348846, 41.01586665186125913 ) ) ;
#1031 = ORIENTED_EDGE ( 'NONE', *, *, #1650, .T. ) ;
#1032 = EDGE_CURVE ( 'NONE', #1584, #1004, #961, .T. ) ;
#1033 = EDGE_CURVE ( 'NONE', #2344, #3464, #4109, .T. ) ;
#1034 = VECTOR ( 'NONE', #3, 1000.000000000000000 ) ;
#1035 = CARTESIAN_POINT ( 'NONE',  ( 25.68449493129664418, -7.590472867576115945, 51.51586665186177072 ) ) ;
#1036 = DIRECTION ( 'NONE',  ( 0.000000000000000000, -7.709882115452477378E-15, 1.000000000000000000 ) ) ;
#1037 = VECTOR ( 'NONE', #2749, 1000.000000000000000 ) ;
#1038 = CARTESIAN_POINT ( 'NONE',  ( 25.68449493129601180, -9.240472867576055904, 56.01586665186174230 ) ) ;
#1039 = CARTESIAN_POINT ( 'NONE',  ( 29.18449493129664063, -7.590472867576028904, 51.51586665186165703 ) ) ;
#1040 = AXIS2_PLACEMENT_3D ( 'NONE', #2683, #3700, #676 ) ;
#1041 = LINE ( 'NONE', #1741, #4033 ) ;
#1042 = AXIS2_PLACEMENT_3D ( 'NONE', #1565, #3566, #2599 ) ;
#1043 = DIRECTION ( 'NONE',  ( 0.000000000000000000, -6.938893903907228378E-15, 1.000000000000000000 ) ) ;
#1044 = ORIENTED_EDGE ( 'NONE', *, *, #380, .F. ) ;
#1045 = ORIENTED_EDGE ( 'NONE', *, *, #1838, .T. ) ;
#1046 = PRODUCT_DEFINITION_FORMATION_WITH_SPECIFIED_SOURCE ( '任何', '', #989, .NOT_KNOWN. ) ;
#1047 = VECTOR ( 'NONE', #2855, 1000.000000000000000 ) ;
#1048 = CIRCLE ( 'NONE', #1473, 1.050000000000002265 ) ;
#1049 = CARTESIAN_POINT ( 'NONE',  ( 59.48449493129687227, 0.2595271324241753552, 56.01586665186281522 ) ) ;
#1050 = ORIENTED_EDGE ( 'NONE', *, *, #1783, .T. ) ;
#1051 = ORIENTED_EDGE ( 'NONE', *, *, #3768, .T. ) ;
#1052 = LINE ( 'NONE', #3696, #3660 ) ;
#1053 = AXIS2_PLACEMENT_3D ( 'NONE', #2008, #2416, #2996 ) ;
#1054 = CC_DESIGN_PERSON_AND_ORGANIZATION_ASSIGNMENT ( #1708, #3972, ( #989 ) ) ;
#1055 = ORIENTED_EDGE ( 'NONE', *, *, #1784, .T. ) ;
#1056 = DIRECTION ( 'NONE',  ( 6.924161645088148684E-15, 6.960548489364893752E-15, -1.000000000000000000 ) ) ;
#1057 = CARTESIAN_POINT ( 'NONE',  ( 8.268924998906117096, 20.68952860090848489, 32.72405940917687417 ) ) ;
#1058 = EDGE_CURVE ( 'NONE', #2079, #1509, #601, .T. ) ;
#1059 = EDGE_CURVE ( 'NONE', #1370, #209, #2463, .T. ) ;
#1060 = CARTESIAN_POINT ( 'NONE',  ( -0.9399351487373392988, -20.67047433606064288, 30.30767388453273625 ) ) ;
#1061 = CARTESIAN_POINT ( 'NONE',  ( 9.318924998906252810, -28.86547286757768660, 34.52405940917653737 ) ) ;
#1062 = CARTESIAN_POINT ( 'NONE',  ( 61.08449493129688790, -1.740472867575742821, 54.01586665186281522 ) ) ;
#1063 = CIRCLE ( 'NONE', #71, 2.000000000000001776 ) ;
#1064 = CARTESIAN_POINT ( 'NONE',  ( 6.143452244285880326, -24.17047433606068552, 36.01586665186032832 ) ) ;
#1065 = ORIENTED_EDGE ( 'NONE', *, *, #1014, .F. ) ;
#1066 = FACE_OUTER_BOUND ( 'NONE', #282, .T. ) ;
#1067 = EDGE_LOOP ( 'NONE', ( #2015, #3598, #1358, #535, #117, #2340, #731, #3882, #2828, #534, #31, #3140 ) ) ;
#1068 = CARTESIAN_POINT ( 'NONE',  ( 25.68449493129670103, -7.590472867576079530, 53.51586665186177783 ) ) ;
#1069 = ORIENTED_EDGE ( 'NONE', *, *, #620, .F. ) ;
#1070 = ORIENTED_EDGE ( 'NONE', *, *, #812, .T. ) ;
#1071 = ORIENTED_EDGE ( 'NONE', *, *, #517, .T. ) ;
#1072 = DIRECTION ( 'NONE',  ( 0.6037669412152597559, 0.4611851240684577968, 0.6502105520779636327 ) ) ;
#1073 = VECTOR ( 'NONE', #907, 1000.000000000000000 ) ;
#1074 = EDGE_LOOP ( 'NONE', ( #1864, #2368 ) ) ;
#1075 = AXIS2_PLACEMENT_3D ( 'NONE', #2247, #3548, #1917 ) ;
#1076 = CARTESIAN_POINT ( 'NONE',  ( 52.70336803020951777, -13.37456698734479055, 33.14489537990235846 ) ) ;
#1077 = DIRECTION ( 'NONE',  ( 0.000000000000000000, 6.938893903907222067E-15, -1.000000000000000000 ) ) ;
#1078 = CARTESIAN_POINT ( 'NONE',  ( 6.672687687406325452, 17.18952860090850976, 28.71143657303320396 ) ) ;
#1079 = EDGE_CURVE ( 'NONE', #209, #2129, #148, .T. ) ;
#1080 = FACE_OUTER_BOUND ( 'NONE', #1012, .T. ) ;
#1081 = DIRECTION ( 'NONE',  ( -3.953785700231736652E-16, -1.000000000000000000, -7.000000000000002516E-15 ) ) ;
#1082 = CARTESIAN_POINT ( 'NONE',  ( 6.672687687406320123, -20.67047433606062157, 26.91143657303293679 ) ) ;
#1083 = EDGE_CURVE ( 'NONE', #377, #2896, #3845, .T. ) ;
#1084 = EDGE_CURVE ( 'NONE', #2960, #1982, #675, .T. ) ;
#1085 = DIRECTION ( 'NONE',  ( -1.400000000000000030E-14, 1.000000000000000000, 6.000000000000000466E-15 ) ) ;
#1086 = ORIENTED_EDGE ( 'NONE', *, *, #237, .F. ) ;
#1087 = VERTEX_POINT ( 'NONE', #1516 ) ;
#1088 = ORIENTED_EDGE ( 'NONE', *, *, #1260, .F. ) ;
#1089 = VERTEX_POINT ( 'NONE', #3758 ) ;
#1090 = DIRECTION ( 'NONE',  ( 0.000000000000000000, 7.709882115452477378E-15, -1.000000000000000000 ) ) ;
#1091 = VERTEX_POINT ( 'NONE', #3454 ) ;
#1092 = ORIENTED_EDGE ( 'NONE', *, *, #3423, .F. ) ;
#1093 = ORIENTED_EDGE ( 'NONE', *, *, #2378, .F. ) ;
#1094 = ORIENTED_EDGE ( 'NONE', *, *, #884, .T. ) ;
#1095 = DIRECTION ( 'NONE',  ( 0.7808688094430144000, 0.6246950475544441606, 0.000000000000000000 ) ) ;
#1096 = LINE ( 'NONE', #1147, #1347 ) ;
#1097 = ORIENTED_EDGE ( 'NONE', *, *, #862, .F. ) ;
#1098 = CARTESIAN_POINT ( 'NONE',  ( 52.36169603646862925, -12.64047286757524446, 33.32793817847813500 ) ) ;
#1099 = CARTESIAN_POINT ( 'NONE',  ( 0.6563021627624452403, -24.17047433606068196, 36.12029672067636454 ) ) ;
#1100 = DIRECTION ( 'NONE',  ( 1.000000000000000000, -1.473225881933363313E-16, 2.999999999999914642E-15 ) ) ;
#1101 = AXIS2_PLACEMENT_3D ( 'NONE', #4101, #1750, #2428 ) ;
#1102 = FACE_OUTER_BOUND ( 'NONE', #1271, .T. ) ;
#1103 = PLANE ( 'NONE',  #3722 ) ;
#1104 = CARTESIAN_POINT ( 'NONE',  ( 60.18449493129693906, -7.590472867575283722, 52.51586665186057701 ) ) ;
#1105 = AXIS2_PLACEMENT_3D ( 'NONE', #3466, #798, #467 ) ;
#1106 = CIRCLE ( 'NONE', #3989, 1.799999999999999600 ) ;
#1107 = CARTESIAN_POINT ( 'NONE',  ( 51.43449493129577377, 14.15952713242453420, 33.01586665186263758 ) ) ;
#1108 = DIRECTION ( 'NONE',  ( -2.903379291371784214E-14, 2.923936424916807628E-14, -1.000000000000000000 ) ) ;
#1109 = EDGE_LOOP ( 'NONE', ( #2390, #427, #3778, #653 ) ) ;
#1110 = CARTESIAN_POINT ( 'NONE',  ( 51.43449493129589456, 9.159527132424681639, 35.01586665186153624 ) ) ;
#1111 = VECTOR ( 'NONE', #4227, 1000.000000000000000 ) ;
#1112 = EDGE_CURVE ( 'NONE', #1795, #3710, #34, .T. ) ;
#1113 = ADVANCED_FACE ( 'NONE', ( #1475 ), #3171, .F. ) ;
#1114 = DIRECTION ( 'NONE',  ( -6.999999999999761914E-15, 0.000000000000000000, 1.000000000000000000 ) ) ;
#1115 = AXIS2_PLACEMENT_3D ( 'NONE', #1754, #2172, #3775 ) ;
#1116 = AXIS2_PLACEMENT_3D ( 'NONE', #3511, #3550, #771 ) ;
#1117 = ORIENTED_EDGE ( 'NONE', *, *, #486, .F. ) ;
#1118 = ORIENTED_EDGE ( 'NONE', *, *, #1334, .F. ) ;
#1119 = ORIENTED_EDGE ( 'NONE', *, *, #324, .T. ) ;
#1120 = CARTESIAN_POINT ( 'NONE',  ( 22.18449493129626404, 4.409527132423797902, 49.51586665186201230 ) ) ;
#1121 = LINE ( 'NONE', #1446, #1911 ) ;
#1122 = DESIGN_CONTEXT ( 'detailed design', #3016, 'design' ) ;
#1123 = VECTOR ( 'NONE', #2545, 1000.000000000000000 ) ;
#1124 = ADVANCED_FACE ( 'NONE', ( #4157 ), #434, .F. ) ;
#1125 = AXIS2_PLACEMENT_3D ( 'NONE', #1740, #3726, #1680 ) ;
#1126 = ORIENTED_EDGE ( 'NONE', *, *, #159, .F. ) ;
#1127 = CARTESIAN_POINT ( 'NONE',  ( 58.68449493129589456, 9.159527132424692297, 35.01586665186138703 ) ) ;
#1128 = DIRECTION ( 'NONE',  ( 0.000000000000000000, -6.938893903907222067E-15, 1.000000000000000000 ) ) ;
#1129 = DIRECTION ( 'NONE',  ( 2.902530795666802456E-14, -2.928657122104247289E-14, 1.000000000000000000 ) ) ;
#1130 = AXIS2_PLACEMENT_3D ( 'NONE', #196, #1586, #284 ) ;
#1131 = VECTOR ( 'NONE', #3540, 1000.000000000000000 ) ;
#1132 = AXIS2_PLACEMENT_3D ( 'NONE', #3909, #2948, #2902 ) ;
#1133 = CARTESIAN_POINT ( 'NONE',  ( 4.134494931296876175, -19.17047433606057893, 21.01586665186035319 ) ) ;
#1134 = LINE ( 'NONE', #3809, #697 ) ;
#1135 = DIRECTION ( 'NONE',  ( -0.6246950475544441606, 0.7808688094430144000, 0.000000000000000000 ) ) ;
#1136 = DIRECTION ( 'NONE',  ( 2.571108009036969302E-14, -1.000000000000000000, -2.928657122104321757E-14 ) ) ;
#1137 = CARTESIAN_POINT ( 'NONE',  ( 0.6563021627619411991, 17.18952860090845647, 36.12029672067661323 ) ) ;
#1138 = ORIENTED_EDGE ( 'NONE', *, *, #4294, .T. ) ;
#1139 = ORIENTED_EDGE ( 'NONE', *, *, #2422, .F. ) ;
#1140 = DIRECTION ( 'NONE',  ( 0.000000000000000000, 7.709882115452463178E-15, -1.000000000000000000 ) ) ;
#1141 = ORIENTED_EDGE ( 'NONE', *, *, #88, .T. ) ;
#1142 = EDGE_CURVE ( 'NONE', #2130, #312, #460, .T. ) ;
#1143 = ORIENTED_EDGE ( 'NONE', *, *, #23, .F. ) ;
#1144 = EDGE_CURVE ( 'NONE', #940, #898, #2924, .T. ) ;
#1145 = ORIENTED_EDGE ( 'NONE', *, *, #1144, .T. ) ;
#1146 = LINE ( 'NONE', #145, #3652 ) ;
#1147 = CARTESIAN_POINT ( 'NONE',  ( 30.68449493129645944, -12.64047286757623034, 48.01586665186172098 ) ) ;
#1148 = FACE_OUTER_BOUND ( 'NONE', #1652, .T. ) ;
#1149 = ADVANCED_FACE ( 'NONE', ( #476 ), #168, .F. ) ;
#1150 = ADVANCED_FACE ( 'NONE', ( #1781 ), #101, .F. ) ;
#1151 = DIRECTION ( 'NONE',  ( 2.430443709086124905E-14, -1.000000000000000000, -3.347036710976368263E-14 ) ) ;
#1152 = DIRECTION ( 'NONE',  ( 1.000000000000000000, 2.443887161124674809E-14, -3.448912900226735563E-14 ) ) ;
#1153 = LINE ( 'NONE', #481, #1324 ) ;
#1154 = LINE ( 'NONE', #3547, #2174 ) ;
#1155 = CIRCLE ( 'NONE', #2903, 1.799999999999999600 ) ;
#1156 = DIRECTION ( 'NONE',  ( -1.000000000000000000, -2.578212872552770944E-14, 2.902530795666726726E-14 ) ) ;
#1157 = LINE ( 'NONE', #3114, #325 ) ;
#1158 = CARTESIAN_POINT ( 'NONE',  ( 29.18449493129661576, -7.590472867576029792, 50.51586665186164282 ) ) ;
#1159 = ORIENTED_EDGE ( 'NONE', *, *, #3376, .T. ) ;
#1160 = ORIENTED_EDGE ( 'NONE', *, *, #789, .F. ) ;
#1161 = FACE_OUTER_BOUND ( 'NONE', #773, .T. ) ;
#1162 = EDGE_LOOP ( 'NONE', ( #2832, #1631, #2542, #227 ) ) ;
#1163 = VERTEX_POINT ( 'NONE', #2698 ) ;
#1164 = EDGE_LOOP ( 'NONE', ( #2083, #2082, #2634, #318 ) ) ;
#1165 = CARTESIAN_POINT ( 'NONE',  ( 6.672687687406319235, -24.17047433606062157, 26.91143657303291192 ) ) ;
#1166 = LINE ( 'NONE', #3777, #2933 ) ;
#1167 = CYLINDRICAL_SURFACE ( 'NONE', #1887, 2.000000000000001776 ) ;
#1168 = DIRECTION ( 'NONE',  ( 6.999999999999761914E-15, 6.999999999999999361E-15, -1.000000000000000000 ) ) ;
#1169 = CARTESIAN_POINT ( 'NONE',  ( 6.672687687406320123, -20.67047433606060736, 25.11143657303293963 ) ) ;
#1170 = EDGE_CURVE ( 'NONE', #2699, #894, #1773, .T. ) ;
#1171 = EDGE_CURVE ( 'NONE', #2490, #1091, #4041, .T. ) ;
#1172 = CARTESIAN_POINT ( 'NONE',  ( 0.1100648512628006892, -28.86547286757778252, 28.50767388453268936 ) ) ;
#1173 = CARTESIAN_POINT ( 'NONE',  ( 13.54731352689081447, -18.51141357288429390, 42.94505590865610145 ) ) ;
#1174 = DIRECTION ( 'NONE',  ( -1.000000000000000000, -2.578212872552770944E-14, 2.902530795666726726E-14 ) ) ;
#1175 = ADVANCED_FACE ( 'NONE', ( #2392, #710, #3399, #1693, #425 ), #25, .T. ) ;
#1176 = CARTESIAN_POINT ( 'NONE',  ( 61.58449493129584340, 11.67216261712371939, 33.01586665186131597 ) ) ;
#1177 = CARTESIAN_POINT ( 'NONE',  ( 22.18449493129671168, -7.590472867576202987, 53.51586665186189151 ) ) ;
#1178 = VECTOR ( 'NONE', #3352, 1000.000000000000000 ) ;
#1179 = CARTESIAN_POINT ( 'NONE',  ( 6.143452244285882102, -2.512116930595852151E-13, 36.01586665186049885 ) ) ;
#1180 = CIRCLE ( 'NONE', #1738, 1.800000000000002931 ) ;
#1181 = CARTESIAN_POINT ( 'NONE',  ( 12.02908310522341040, 20.67278135312028908, 42.08233517907863330 ) ) ;
#1182 = ORIENTED_EDGE ( 'NONE', *, *, #4180, .T. ) ;
#1183 = VERTEX_POINT ( 'NONE', #3733 ) ;
#1184 = VERTEX_POINT ( 'NONE', #3712 ) ;
#1185 = DIRECTION ( 'NONE',  ( 0.000000000000000000, 2.949029909160569536E-14, -1.000000000000000000 ) ) ;
#1186 = CIRCLE ( 'NONE', #2233, 2.000000000000001776 ) ;
#1187 = CARTESIAN_POINT ( 'NONE',  ( -5.865505068703626534, -24.17047433606107987, 92.68165751221249593 ) ) ;
#1188 = AXIS2_PLACEMENT_3D ( 'NONE', #1257, #3559, #2282 ) ;
#1189 = DIRECTION ( 'NONE',  ( 1.000000000000000000, 0.000000000000000000, 6.938893903907226011E-15 ) ) ;
#1190 = ORIENTED_EDGE ( 'NONE', *, *, #672, .T. ) ;
#1191 = DIRECTION ( 'NONE',  ( -3.469446951953611033E-14, 0.000000000000000000, -1.000000000000000000 ) ) ;
#1192 = LINE ( 'NONE', #2464, #983 ) ;
#1193 = AXIS2_PLACEMENT_3D ( 'NONE', #1471, #3141, #2476 ) ;
#1194 = AXIS2_PLACEMENT_3D ( 'NONE', #3349, #4092, #4051 ) ;
#1195 = EDGE_LOOP ( 'NONE', ( #3378, #1503 ) ) ;
#1196 = VECTOR ( 'NONE', #2028, 1000.000000000000000 ) ;
#1197 = CARTESIAN_POINT ( 'NONE',  ( 11.66781768814856868, 20.68952860090856305, 21.01586665186071912 ) ) ;
#1198 = CYLINDRICAL_SURFACE ( 'NONE', #3789, 2.999999999999999112 ) ;
#1199 = ADVANCED_FACE ( 'NONE', ( #1711 ), #3357, .F. ) ;
#1200 = DIRECTION ( 'NONE',  ( 2.775557561562888827E-14, 0.000000000000000000, 1.000000000000000000 ) ) ;
#1201 = EDGE_CURVE ( 'NONE', #846, #1183, #1664, .T. ) ;
#1202 = CIRCLE ( 'NONE', #3664, 1.750000000000001554 ) ;
#1203 = CARTESIAN_POINT ( 'NONE',  ( 3.664494925084381460, -19.17047433606066420, 33.26586664685467554 ) ) ;
#1204 = DIRECTION ( 'NONE',  ( -1.473225881933163386E-16, -1.000000000000000000, -7.000000000000001727E-15 ) ) ;
#1205 = DIRECTION ( 'NONE',  ( 0.000000000000000000, 6.960548489364894541E-15, -1.000000000000000000 ) ) ;
#1206 = ADVANCED_FACE ( 'NONE', ( #3055 ), #667, .F. ) ;
#1207 = CYLINDRICAL_SURFACE ( 'NONE', #4118, 1.800000000000002931 ) ;
#1208 =( BOUNDED_CURVE ( )  B_SPLINE_CURVE ( 3, ( #3612, #588, #1612, #2954 ),
 .UNSPECIFIED., .F., .T. ) 
 B_SPLINE_CURVE_WITH_KNOTS ( ( 4, 4 ),
 ( 2.082752271490981855, 2.393214606066266459 ),
 .UNSPECIFIED. ) 
 CURVE ( )  GEOMETRIC_REPRESENTATION_ITEM ( )  RATIONAL_B_SPLINE_CURVE ( ( 1.000000000000000000, 0.9919838778312686234, 0.9919838778312686234, 1.000000000000000000 ) ) 
 REPRESENTATION_ITEM ( '' )  );
#1209 = ORIENTED_EDGE ( 'NONE', *, *, #1027, .T. ) ;
#1210 = ORIENTED_EDGE ( 'NONE', *, *, #538, .T. ) ;
#1211 = ORIENTED_EDGE ( 'NONE', *, *, #3746, .F. ) ;
#1212 = DIRECTION ( 'NONE',  ( 0.000000000000000000, 6.608470384673557335E-15, -1.000000000000000000 ) ) ;
#1213 = CARTESIAN_POINT ( 'NONE',  ( 1.706302162762450836, -19.17047433606068552, 36.12029672067639297 ) ) ;
#1214 = CIRCLE ( 'NONE', #423, 10.00000000000000178 ) ;
#1215 = ORIENTED_EDGE ( 'NONE', *, *, #82, .T. ) ;
#1216 = CARTESIAN_POINT ( 'NONE',  ( 12.00127107142521155, -19.15659538182297439, 22.20583300236567226 ) ) ;
#1217 = ORIENTED_EDGE ( 'NONE', *, *, #947, .F. ) ;
#1218 = ORIENTED_EDGE ( 'NONE', *, *, #841, .T. ) ;
#1219 = CARTESIAN_POINT ( 'NONE',  ( 12.78760207713312269, 15.47826118201121126, 22.56653506892203964 ) ) ;
#1220 = DIRECTION ( 'NONE',  ( 0.000000000000000000, -2.949029909160569536E-14, 1.000000000000000000 ) ) ;
#1221 = DIRECTION ( 'NONE',  ( 2.775557561562888827E-14, 0.000000000000000000, 1.000000000000000000 ) ) ;
#1222 = ADVANCED_FACE ( 'NONE', ( #1417 ), #2018, .T. ) ;
#1223 = AXIS2_PLACEMENT_3D ( 'NONE', #1721, #2466, #3788 ) ;
#1224 = LINE ( 'NONE', #2291, #394 ) ;
#1225 = CARTESIAN_POINT ( 'NONE',  ( 13.22422619652852838, -23.74028283324932431, 22.79131770274984348 ) ) ;
#1226 = DIRECTION ( 'NONE',  ( 0.000000000000000000, -6.071532165918824042E-15, 1.000000000000000000 ) ) ;
#1227 = ADVANCED_FACE ( 'NONE', ( #2366 ), #3692, .F. ) ;
#1228 = EDGE_CURVE ( 'NONE', #4165, #2344, #1359, .T. ) ;
#1229 = CARTESIAN_POINT ( 'NONE',  ( 37.93449493129642747, -12.64047286757584132, 41.01586665186155756 ) ) ;
#1230 = ORIENTED_EDGE ( 'NONE', *, *, #2695, .F. ) ;
#1231 = ORIENTED_EDGE ( 'NONE', *, *, #330, .F. ) ;
#1232 = ORIENTED_EDGE ( 'NONE', *, *, #2859, .T. ) ;
#1233 = CARTESIAN_POINT ( 'NONE',  ( 12.53235725489695973, -24.04788482045321274, 42.24225350291588654 ) ) ;
#1234 = CARTESIAN_POINT ( 'NONE',  ( 58.68449493129566719, 9.159527132424914342, 33.42069299215922484 ) ) ;
#1235 = ORIENTED_EDGE ( 'NONE', *, *, #3911, .F. ) ;
#1236 = CARTESIAN_POINT ( 'NONE',  ( 25.68449493129659089, -17.64047286757636002, 48.01586665186155756 ) ) ;
#1237 = ORIENTED_EDGE ( 'NONE', *, *, #2775, .T. ) ;
#1238 = CARTESIAN_POINT ( 'NONE',  ( 11.66781768814856335, 17.68952860090806212, 92.68165751221278015 ) ) ;
#1239 = CARTESIAN_POINT ( 'NONE',  ( 8.268924998906117096, 17.18952860090848489, 32.72405940917684575 ) ) ;
#1240 = DIRECTION ( 'NONE',  ( -2.949029909160569536E-14, 0.000000000000000000, -1.000000000000000000 ) ) ;
#1241 = CARTESIAN_POINT ( 'NONE',  ( 6.143452244285986019, -1.468034657191118096E-13, 21.01586665186049885 ) ) ;
#1242 = DIRECTION ( 'NONE',  ( 0.000000000000000000, 7.930164461608253340E-15, -1.000000000000000000 ) ) ;
#1243 = CARTESIAN_POINT ( 'NONE',  ( 60.18449493129666905, 4.409527132424752693, 53.51586665186070491 ) ) ;
#1244 = DIRECTION ( 'NONE',  ( 1.000000000000000000, 2.467162276944908187E-14, -3.448912900226734932E-14 ) ) ;
#1245 = CIRCLE ( 'NONE', #176, 3.000000000000002665 ) ;
#1246 = APPROVAL ( #2325, '未指定' ) ;
#1247 = AXIS2_PLACEMENT_3D ( 'NONE', #3824, #805, #3498 ) ;
#1248 = DIRECTION ( 'NONE',  ( 0.000000000000000000, -7.000000000000000938E-15, 1.000000000000000000 ) ) ;
#1249 = ORIENTED_EDGE ( 'NONE', *, *, #276, .T. ) ;
#1250 = VERTEX_POINT ( 'NONE', #1068 ) ;
#1251 = CARTESIAN_POINT ( 'NONE',  ( 8.268924998905605506, 17.18952860090847068, 34.52405940917681448 ) ) ;
#1252 = CARTESIAN_POINT ( 'NONE',  ( -0.9399351487373331926, 20.68952860090849910, 30.30767388453302758 ) ) ;
#1253 = EDGE_CURVE ( 'NONE', #2475, #922, #1537, .T. ) ;
#1254 = ADVANCED_FACE ( 'NONE', ( #2410 ), #1441, .F. ) ;
#1255 = CIRCLE ( 'NONE', #4267, 1.800000000000002931 ) ;
#1256 = AXIS2_PLACEMENT_3D ( 'NONE', #3044, #35, #4034 ) ;
#1257 = CARTESIAN_POINT ( 'NONE',  ( 1.190973452902598071E-12, -1.198569760451006854E-12, 33.01586665186281522 ) ) ;
#1258 = ORIENTED_EDGE ( 'NONE', *, *, #2133, .F. ) ;
#1259 = CARTESIAN_POINT ( 'NONE',  ( 12.48395541630036831, -19.06246712671607568, 22.42074981162284786 ) ) ;
#1260 = EDGE_CURVE ( 'NONE', #3098, #377, #1733, .T. ) ;
#1261 = ORIENTED_EDGE ( 'NONE', *, *, #571, .T. ) ;
#1262 = DIRECTION ( 'NONE',  ( -1.000000000000000000, -2.563899477072724264E-14, 2.902530795666727357E-14 ) ) ;
#1263 = DIRECTION ( 'NONE',  ( -1.473225881933163386E-16, -1.000000000000000000, -7.000000000000001727E-15 ) ) ;
#1264 = AXIS2_PLACEMENT_3D ( 'NONE', #4326, #2346, #2000 ) ;
#1265 = CARTESIAN_POINT ( 'NONE',  ( 11.37628639389379437, 15.68952860090841739, 42.01586665186172098 ) ) ;
#1266 = VECTOR ( 'NONE', #171, 1000.000000000000000 ) ;
#1267 = DIRECTION ( 'NONE',  ( 0.000000000000000000, 6.608470384673557335E-15, -1.000000000000000000 ) ) ;
#1268 = DIRECTION ( 'NONE',  ( 1.734723475976872668E-16, 1.000000000000000000, 6.000000000000000466E-15 ) ) ;
#1269 = DIRECTION ( 'NONE',  ( 1.473225881933163633E-16, 1.000000000000000000, 7.000000000000000938E-15 ) ) ;
#1270 = AXIS2_PLACEMENT_3D ( 'NONE', #2354, #3682, #3701 ) ;
#1271 = EDGE_LOOP ( 'NONE', ( #2124, #1928, #1316, #3749 ) ) ;
#1272 = FACE_OUTER_BOUND ( 'NONE', #3158, .T. ) ;
#1273 = ORIENTED_EDGE ( 'NONE', *, *, #1, .F. ) ;
#1274 = VERTEX_POINT ( 'NONE', #3770 ) ;
#1275 = CARTESIAN_POINT ( 'NONE',  ( 12.36596126814514562, -24.09323649339746254, 42.17827988324623334 ) ) ;
#1276 = LINE ( 'NONE', #1624, #2296 ) ;
#1277 = EDGE_CURVE ( 'NONE', #381, #2455, #3974, .T. ) ;
#1278 = ADVANCED_FACE ( 'NONE', ( #1161 ), #1207, .F. ) ;
#1279 = FACE_BOUND ( 'NONE', #845, .T. ) ;
#1280 = VERTEX_POINT ( 'NONE', #3535 ) ;
#1281 = EDGE_LOOP ( 'NONE', ( #1531, #4020, #3861, #665 ) ) ;
#1282 = CYLINDRICAL_SURFACE ( 'NONE', #3783, 2.999999999999999112 ) ;
#1283 = ORIENTED_EDGE ( 'NONE', *, *, #3964, .F. ) ;
#1284 = EDGE_CURVE ( 'NONE', #575, #4107, #2434, .T. ) ;
#1285 = EDGE_CURVE ( 'NONE', #3633, #1695, #2786, .T. ) ;
#1286 = CARTESIAN_POINT ( 'NONE',  ( 25.68449493129633510, 4.409527132423884055, 51.51586665186189862 ) ) ;
#1287 = DIRECTION ( 'NONE',  ( 1.473225881933163633E-16, 1.000000000000000000, 7.000000000000002516E-15 ) ) ;
#1288 = CARTESIAN_POINT ( 'NONE',  ( 37.93449493129577377, 14.15952713242377214, 46.01586665186262337 ) ) ;
#1289 = CARTESIAN_POINT ( 'NONE',  ( 6.672687687406326340, 20.68952860090852397, 26.91143657303322811 ) ) ;
#1290 = CARTESIAN_POINT ( 'NONE',  ( 12.93800143320150298, -23.89314883202669648, 22.64200572879166273 ) ) ;
#1291 = DIRECTION ( 'NONE',  ( -8.070496439146258384E-16, 1.000000000000000000, 5.999999999999997311E-15 ) ) ;
#1292 = AXIS2_PLACEMENT_3D ( 'NONE', #397, #3069, #4146 ) ;
#1293 = DIRECTION ( 'NONE',  ( 1.000000000000000000, 2.467162276944907871E-14, -3.448912900226734932E-14 ) ) ;
#1294 = ORIENTED_EDGE ( 'NONE', *, *, #2775, .F. ) ;
#1295 = EDGE_LOOP ( 'NONE', ( #943, #26, #1215, #520 ) ) ;
#1296 = CARTESIAN_POINT ( 'NONE',  ( 30.68449493129689643, -12.64047286757646482, 56.01586665186155756 ) ) ;
#1297 = DIRECTION ( 'NONE',  ( -1.473225881933163633E-16, -1.000000000000000000, -7.000000000000002516E-15 ) ) ;
#1298 = ORIENTED_EDGE ( 'NONE', *, *, #1788, .T. ) ;
#1299 = CARTESIAN_POINT ( 'NONE',  ( 4.134494931296880615, 20.68952860090856660, 21.01586665186063030 ) ) ;
#1300 = ORIENTED_EDGE ( 'NONE', *, *, #722, .F. ) ;
#1301 = LINE ( 'NONE', #968, #685 ) ;
#1302 = DIRECTION ( 'NONE',  ( -1.000000000000000000, -2.578212872552770944E-14, 2.902530795666726726E-14 ) ) ;
#1303 = DIRECTION ( 'NONE',  ( -1.473225881933163633E-16, -1.000000000000000000, -7.000000000000002516E-15 ) ) ;
#1304 = ADVANCED_FACE ( 'NONE', ( #2189 ), #1793, .T. ) ;
#1305 = EDGE_CURVE ( 'NONE', #2874, #1707, #2149, .T. ) ;
#1306 = CARTESIAN_POINT ( 'NONE',  ( -5.865505068703626534, -24.17047433606107987, 92.68165751221249593 ) ) ;
#1307 = FACE_BOUND ( 'NONE', #44, .T. ) ;
#1308 = CARTESIAN_POINT ( 'NONE',  ( 12.94611173187835718, 20.42306821443398945, 22.64272393891212687 ) ) ;
#1309 = DIRECTION ( 'NONE',  ( -1.473225881933163386E-16, -1.000000000000000000, -7.000000000000001727E-15 ) ) ;
#1310 = ORIENTED_EDGE ( 'NONE', *, *, #2057, .F. ) ;
#1311 = EDGE_LOOP ( 'NONE', ( #694, #3290, #4264, #309 ) ) ;
#1312 = SECURITY_CLASSIFICATION_LEVEL ( 'unclassified' ) ;
#1313 = LINE ( 'NONE', #293, #531 ) ;
#1314 = AXIS2_PLACEMENT_3D ( 'NONE', #2044, #363, #3417 ) ;
#1315 = FACE_OUTER_BOUND ( 'NONE', #3719, .T. ) ;
#1316 = ORIENTED_EDGE ( 'NONE', *, *, #1334, .T. ) ;
#1317 = CARTESIAN_POINT ( 'NONE',  ( 3.664494925084382349, -14.17047433606065177, 31.51586664685471106 ) ) ;
#1318 = AXIS2_PLACEMENT_3D ( 'NONE', #3195, #3461, #3156 ) ;
#1319 = VERTEX_POINT ( 'NONE', #821 ) ;
#1320 = AXIS2_PLACEMENT_3D ( 'NONE', #974, #3308, #3549 ) ;
#1321 = CARTESIAN_POINT ( 'NONE',  ( 60.18449493129683958, -7.590472867575265070, 49.51586665186057701 ) ) ;
#1322 = DIRECTION ( 'NONE',  ( 1.473225881933163633E-16, 1.000000000000000000, 7.000000000000002516E-15 ) ) ;
#1323 = DIRECTION ( 'NONE',  ( -2.571108009036969302E-14, 1.000000000000000000, 2.928657122104321757E-14 ) ) ;
#1324 = VECTOR ( 'NONE', #1431, 1000.000000000000000 ) ;
#1325 = CIRCLE ( 'NONE', #3304, 8.000000000000000000 ) ;
#1326 = DIRECTION ( 'NONE',  ( 1.000000000000000000, 2.563899477072724264E-14, -2.902530795666727357E-14 ) ) ;
#1327 = ADVANCED_FACE ( 'NONE', ( #1818 ), #206, .F. ) ;
#1328 = ADVANCED_FACE ( 'NONE', ( #4168 ), #2491, .F. ) ;
#1329 = DIRECTION ( 'NONE',  ( 0.000000000000000000, 2.949029909160569536E-14, -1.000000000000000000 ) ) ;
#1330 = DIRECTION ( 'NONE',  ( 0.7327934916262931475, 4.674107322683659270E-15, -0.6804510993672843178 ) ) ;
#1331 = AXIS2_PLACEMENT_3D ( 'NONE', #4250, #614, #3920 ) ;
#1332 = ORIENTED_EDGE ( 'NONE', *, *, #1171, .F. ) ;
#1333 = DIRECTION ( 'NONE',  ( 1.473225881933163633E-16, 1.000000000000000000, 7.000000000000000938E-15 ) ) ;
#1334 = EDGE_CURVE ( 'NONE', #1734, #298, #742, .T. ) ;
#1335 = CIRCLE ( 'NONE', #59, 3.000000000000002665 ) ;
#1336 = ORIENTED_EDGE ( 'NONE', *, *, #24, .F. ) ;
#1337 = ORIENTED_EDGE ( 'NONE', *, *, #4043, .T. ) ;
#1338 = CIRCLE ( 'NONE', #988, 2.000000000000001776 ) ;
#1339 = CARTESIAN_POINT ( 'NONE',  ( 8.268924998906117096, 17.18952860090847068, 34.52405940917685001 ) ) ;
#1340 = ORIENTED_EDGE ( 'NONE', *, *, #3347, .T. ) ;
#1341 = ORIENTED_EDGE ( 'NONE', *, *, #1858, .T. ) ;
#1342 = CARTESIAN_POINT ( 'NONE',  ( -0.9399351487373331926, 20.68952860090851331, 28.50767388453302686 ) ) ;
#1343 = ORIENTED_EDGE ( 'NONE', *, *, #1916, .T. ) ;
#1344 = CARTESIAN_POINT ( 'NONE',  ( 3.664494925084382349, -14.17047433606066420, 33.26586664685471106 ) ) ;
#1345 = DIRECTION ( 'NONE',  ( -2.902530795666801825E-14, 2.928657122104247289E-14, -1.000000000000000000 ) ) ;
#1346 = CARTESIAN_POINT ( 'NONE',  ( 25.68449493129601890, 5.759527132423575502, 52.99150210819954765 ) ) ;
#1347 = VECTOR ( 'NONE', #3185, 1000.000000000000000 ) ;
#1348 = FACE_OUTER_BOUND ( 'NONE', #2711, .T. ) ;
#1349 = DIRECTION ( 'NONE',  ( -1.473225881933163386E-16, -1.000000000000000000, -7.000000000000001727E-15 ) ) ;
#1350 = CARTESIAN_POINT ( 'NONE',  ( 11.66781768814856868, 20.68952860090855950, 22.07020831520776483 ) ) ;
#1351 = ADVANCED_FACE ( 'NONE', ( #775 ), #3836, .T. ) ;
#1352 = CARTESIAN_POINT ( 'NONE',  ( 7.218924998905626111, 15.68952860090847068, 34.52405940917681448 ) ) ;
#1353 = ORIENTED_EDGE ( 'NONE', *, *, #3589, .F. ) ;
#1354 = ORIENTED_EDGE ( 'NONE', *, *, #2459, .T. ) ;
#1355 = APPROVAL_ROLE ( '' ) ;
#1356 = EDGE_CURVE ( 'NONE', #586, #3670, #2168, .T. ) ;
#1357 = EDGE_CURVE ( 'NONE', #2811, #1662, #1255, .T. ) ;
#1358 = ORIENTED_EDGE ( 'NONE', *, *, #628, .T. ) ;
#1359 = LINE ( 'NONE', #1049, #1872 ) ;
#1360 = CIRCLE ( 'NONE', #2135, 8.000000000000000000 ) ;
#1361 = ORIENTED_EDGE ( 'NONE', *, *, #784, .T. ) ;
#1362 = CARTESIAN_POINT ( 'NONE',  ( 9.318924998905606216, 17.18952860090847068, 34.52405940917681448 ) ) ;
#1363 = ORIENTED_EDGE ( 'NONE', *, *, #3155, .F. ) ;
#1364 = DIRECTION ( 'NONE',  ( 0.7939664214913026985, -0.6079616119002045904, -4.082826768188553289E-14 ) ) ;
#1365 = CARTESIAN_POINT ( 'NONE',  ( -0.9399351487373336367, 17.18952860090851331, 28.50767388453300200 ) ) ;
#1366 = CARTESIAN_POINT ( 'NONE',  ( 53.43449493129611483, 4.164683159030273527E-14, 35.01586665186126623 ) ) ;
#1367 = DIRECTION ( 'NONE',  ( 1.473225881933163633E-16, 1.000000000000000000, 7.000000000000000938E-15 ) ) ;
#1368 = DIRECTION ( 'NONE',  ( -1.400000000000000030E-14, 1.000000000000000000, 6.000000000000000466E-15 ) ) ;
#1369 = CARTESIAN_POINT ( 'NONE',  ( 60.18449493129690353, -7.590472867575265070, 51.51586665186057701 ) ) ;
#1370 = VERTEX_POINT ( 'NONE', #1505 ) ;
#1371 = ORIENTED_EDGE ( 'NONE', *, *, #2645, .T. ) ;
#1372 = PERSON_AND_ORGANIZATION_ROLE ( 'creator' ) ;
#1373 = CARTESIAN_POINT ( 'NONE',  ( 11.66980181928758675, 15.68952860090841739, 42.31612769732030443 ) ) ;
#1374 = ORIENTED_EDGE ( 'NONE', *, *, #3878, .F. ) ;
#1375 = ADVANCED_FACE ( 'NONE', ( #4187 ), #864, .T. ) ;
#1376 = EDGE_CURVE ( 'NONE', #405, #1880, #738, .T. ) ;
#1377 = EDGE_LOOP ( 'NONE', ( #2125, #1716 ) ) ;
#1378 = CARTESIAN_POINT ( 'NONE',  ( 17.18449493129691064, -7.590472867576325555, 51.51586665186205494 ) ) ;
#1379 = EDGE_LOOP ( 'NONE', ( #2565, #192, #359, #2470, #2850, #396, #4130, #1576, #4104, #2492, #1775, #1430 ) ) ;
#1380 = CIRCLE ( 'NONE', #183, 2.000000000000001776 ) ;
#1381 = CARTESIAN_POINT ( 'NONE',  ( -1.455172578090992671E-13, -1.462819588763013500E-13, 21.01586665186045622 ) ) ;
#1382 = EDGE_CURVE ( 'NONE', #894, #577, #2157, .T. ) ;
#1383 = CARTESIAN_POINT ( 'NONE',  ( 11.37628639389380680, -19.17047433606075302, 45.01586665186151492 ) ) ;
#1384 = AXIS2_PLACEMENT_3D ( 'NONE', #2273, #878, #1941 ) ;
#1385 = CARTESIAN_POINT ( 'NONE',  ( 0.6563021627624457954, -20.67047433606068552, 36.12029672067639297 ) ) ;
#1386 = CARTESIAN_POINT ( 'NONE',  ( 13.37771117180638747, -18.64096369865710656, 42.77538858368539110 ) ) ;
#1387 = PLANE ( 'NONE',  #858 ) ;
#1388 = VECTOR ( 'NONE', #1437, 1000.000000000000114 ) ;
#1389 = CARTESIAN_POINT ( 'NONE',  ( 13.49170252384918278, 20.07142786538246071, 22.93904678505441552 ) ) ;
#1390 = EDGE_LOOP ( 'NONE', ( #1258, #3931, #2447, #3443 ) ) ;
#1391 = ORIENTED_EDGE ( 'NONE', *, *, #4100, .T. ) ;
#1392 = AXIS2_PLACEMENT_3D ( 'NONE', #1251, #3202, #3953 ) ;
#1393 = B_SPLINE_CURVE_WITH_KNOTS ( 'NONE', 3,
 ( #3237, #217, #3611, #1219, #608, #4246, #4293, #2905 ),
 .UNSPECIFIED., .F., .F.,
 ( 4, 2, 2, 4 ),
 ( 1.734723475976807094E-18, 0.001063565603524897199, 0.001595348405287347424, 0.002127131207049797433 ),
 .UNSPECIFIED. ) ;
#1394 = CIRCLE ( 'NONE', #3160, 1.800000000000002931 ) ;
#1395 = AXIS2_PLACEMENT_3D ( 'NONE', #369, #2684, #4031 ) ;
#1396 = ORIENTED_EDGE ( 'NONE', *, *, #1893, .F. ) ;
#1397 = DIRECTION ( 'NONE',  ( 0.000000000000000000, -7.709882115452477378E-15, 1.000000000000000000 ) ) ;
#1398 = ORIENTED_EDGE ( 'NONE', *, *, #4016, .T. ) ;
#1399 = ORIENTED_EDGE ( 'NONE', *, *, #1866, .F. ) ;
#1400 = ORIENTED_EDGE ( 'NONE', *, *, #3561, .T. ) ;
#1401 = FACE_OUTER_BOUND ( 'NONE', #349, .T. ) ;
#1402 = CIRCLE ( 'NONE', #414, 1.800000000000002931 ) ;
#1403 = EDGE_CURVE ( 'NONE', #2526, #96, #1527, .T. ) ;
#1404 = EDGE_CURVE ( 'NONE', #1770, #1274, #1927, .T. ) ;
#1405 = EDGE_LOOP ( 'NONE', ( #1294, #606, #4189, #2984 ) ) ;
#1406 = DIRECTION ( 'NONE',  ( 0.000000000000000000, 3.295974604355930324E-14, -1.000000000000000000 ) ) ;
#1407 = LINE ( 'NONE', #347, #4141 ) ;
#1408 = EDGE_CURVE ( 'NONE', #912, #244, #2583, .T. ) ;
#1409 = EDGE_CURVE ( 'NONE', #3752, #118, #1380, .T. ) ;
#1410 = DIRECTION ( 'NONE',  ( 0.000000000000000000, 2.923936424916875786E-14, -1.000000000000000000 ) ) ;
#1411 = CARTESIAN_POINT ( 'NONE',  ( -5.865505068703195768, -24.17047433606064644, 31.01586665186025016 ) ) ;
#1412 = DIRECTION ( 'NONE',  ( -1.005175070887570205E-28, -2.928657122104321757E-14, 1.000000000000000000 ) ) ;
#1413 = FACE_OUTER_BOUND ( 'NONE', #70, .T. ) ;
#1414 = FACE_BOUND ( 'NONE', #3793, .T. ) ;
#1415 = ORIENTED_EDGE ( 'NONE', *, *, #1357, .F. ) ;
#1416 = ORIENTED_EDGE ( 'NONE', *, *, #2073, .F. ) ;
#1417 = FACE_OUTER_BOUND ( 'NONE', #1961, .T. ) ;
#1418 = VERTEX_POINT ( 'NONE', #2625 ) ;
#1419 = EDGE_LOOP ( 'NONE', ( #2342, #2020, #822, #1443 ) ) ;
#1420 = ORIENTED_EDGE ( 'NONE', *, *, #627, .T. ) ;
#1421 = LINE ( 'NONE', #2763, #1611 ) ;
#1422 = VECTOR ( 'NONE', #1943, 1000.000000000000000 ) ;
#1423 = DIRECTION ( 'NONE',  ( 0.7071067811865326957, 0.7071067811865622277, 1.453608853152977423E-16 ) ) ;
#1424 = ORIENTED_EDGE ( 'NONE', *, *, #628, .F. ) ;
#1425 = CIRCLE ( 'NONE', #3255, 1.000000000000000888 ) ;
#1426 = CARTESIAN_POINT ( 'NONE',  ( 5.622687687405836243, 15.68952860090852575, 26.91143657303316772 ) ) ;
#1427 = CARTESIAN_POINT ( 'NONE',  ( -0.9399351487373331926, 20.68952860090851331, 28.50767388453302686 ) ) ;
#1428 = DIRECTION ( 'NONE',  ( 2.578212872552685747E-14, -1.000000000000000000, -2.928340546603050549E-14 ) ) ;
#1429 = CC_DESIGN_DATE_AND_TIME_ASSIGNMENT ( #2988, #2391, ( #2207 ) ) ;
#1430 = ORIENTED_EDGE ( 'NONE', *, *, #166, .T. ) ;
#1431 = DIRECTION ( 'NONE',  ( 4.939011779956270914E-16, 1.000000000000000000, 7.000000000000004094E-15 ) ) ;
#1432 = FACE_OUTER_BOUND ( 'NONE', #1744, .T. ) ;
#1433 = ADVANCED_FACE ( 'NONE', ( #642, #1994 ), #310, .T. ) ;
#1434 = CARTESIAN_POINT ( 'NONE',  ( 59.58449493129636210, -17.64047286757527999, 33.01586665186056990 ) ) ;
#1435 = ADVANCED_FACE ( 'NONE', ( #3646 ), #1949, .F. ) ;
#1436 = CARTESIAN_POINT ( 'NONE',  ( 12.53278409198037124, 15.56738997661335588, 42.24244743948538883 ) ) ;
#1437 = DIRECTION ( 'NONE',  ( -0.7071067811865326957, -0.7071067811865622277, -1.453608853152977423E-16 ) ) ;
#1438 = ORIENTED_EDGE ( 'NONE', *, *, #3741, .F. ) ;
#1439 = PLANE ( 'NONE',  #788 ) ;
#1440 = VERTEX_POINT ( 'NONE', #3288 ) ;
#1441 = CYLINDRICAL_SURFACE ( 'NONE', #1101, 1.050000000000000711 ) ;
#1442 = EDGE_LOOP ( 'NONE', ( #2552, #2430, #3314, #3383 ) ) ;
#1443 = ORIENTED_EDGE ( 'NONE', *, *, #522, .T. ) ;
#1444 = VERTEX_POINT ( 'NONE', #3264 ) ;
#1445 = DIRECTION ( 'NONE',  ( -0.6246950475544441606, 0.7808688094430144000, 0.000000000000000000 ) ) ;
#1446 = CARTESIAN_POINT ( 'NONE',  ( 1.706302162762586727, -28.86547286757780384, 36.12029672067633612 ) ) ;
#1447 = VERTEX_POINT ( 'NONE', #2962 ) ;
#1448 = CARTESIAN_POINT ( 'NONE',  ( 27.21892859341607007, 9.560118744151699488, 36.66833367260502285 ) ) ;
#1449 = CARTESIAN_POINT ( 'NONE',  ( 11.37628639389381036, -24.17047433606074236, 45.01586665186148650 ) ) ;
#1450 = CARTESIAN_POINT ( 'NONE',  ( 35.93449493129589456, 9.159527132424228668, 37.01586665186204783 ) ) ;
#1451 = AXIS2_PLACEMENT_3D ( 'NONE', #4284, #1599, #2213 ) ;
#1452 = FACE_OUTER_BOUND ( 'NONE', #753, .T. ) ;
#1453 = DIRECTION ( 'NONE',  ( 0.000000000000000000, 1.000000000000000000, 6.938893903907230744E-15 ) ) ;
#1454 = DIRECTION ( 'NONE',  ( 1.000000000000000000, -1.473225881933648289E-16, 6.924161645088147106E-15 ) ) ;
#1455 = AXIS2_PLACEMENT_3D ( 'NONE', #2564, #2914, #1248 ) ;
#1456 = EDGE_CURVE ( 'NONE', #4237, #1087, #269, .T. ) ;
#1457 = ADVANCED_FACE ( 'NONE', ( #3599 ), #1973, .F. ) ;
#1458 = AXIS2_PLACEMENT_3D ( 'NONE', #835, #150, #4138 ) ;
#1459 = DIRECTION ( 'NONE',  ( 1.473225881933163633E-16, 1.000000000000000000, 7.000000000000002516E-15 ) ) ;
#1460 = CYLINDRICAL_SURFACE ( 'NONE', #1116, 1.050000000000000488 ) ;
#1461 = ORIENTED_EDGE ( 'NONE', *, *, #862, .T. ) ;
#1462 = DIRECTION ( 'NONE',  ( -1.400000000000000030E-14, 1.000000000000000000, 6.000000000000000466E-15 ) ) ;
#1463 = AXIS2_PLACEMENT_3D ( 'NONE', #4111, #3786, #1765 ) ;
#1464 = EDGE_CURVE ( 'NONE', #1091, #4061, #3668, .T. ) ;
#1465 = CARTESIAN_POINT ( 'NONE',  ( 11.66781768814856690, 20.68952860090841739, 42.03006533488331797 ) ) ;
#1466 = CC_DESIGN_APPROVAL ( #1246, ( #3924 ) ) ;
#1467 = AXIS2_PLACEMENT_3D ( 'NONE', #2612, #540, #164 ) ;
#1468 = ORIENTED_EDGE ( 'NONE', *, *, #1492, .F. ) ;
#1469 = EDGE_LOOP ( 'NONE', ( #3908, #1533, #986, #4166 ) ) ;
#1470 = EDGE_LOOP ( 'NONE', ( #725, #193 ) ) ;
#1471 = CARTESIAN_POINT ( 'NONE',  ( -0.9399351487373391878, -20.67047433606062867, 28.50767388453273554 ) ) ;
#1472 = DIRECTION ( 'NONE',  ( -3.469446951953611033E-14, 0.000000000000000000, -1.000000000000000000 ) ) ;
#1473 = AXIS2_PLACEMENT_3D ( 'NONE', #3830, #3849, #1851 ) ;
#1474 = CARTESIAN_POINT ( 'NONE',  ( 58.68449493129632089, 4.409527132424697626, 51.51586665186075464 ) ) ;
#1475 = FACE_OUTER_BOUND ( 'NONE', #3489, .T. ) ;
#1476 = DIRECTION ( 'NONE',  ( -6.572257327350371360E-30, -1.000000000000000000, -5.999999999999999677E-15 ) ) ;
#1477 = AXIS2_PLACEMENT_3D ( 'NONE', #1654, #3042, #1077 ) ;
#1478 = LINE ( 'NONE', #2862, #3286 ) ;
#1479 = DIRECTION ( 'NONE',  ( -0.7327934916262932585, -4.674107322683658481E-15, 0.6804510993672842067 ) ) ;
#1480 = CARTESIAN_POINT ( 'NONE',  ( 25.68449493129615036, 10.73507619490136733, 56.01586665186183467 ) ) ;
#1481 = CARTESIAN_POINT ( 'NONE',  ( 52.22808662753109132, 9.159527132424750917, 33.42069299215945222 ) ) ;
#1482 = DIRECTION ( 'NONE',  ( 0.000000000000000000, -5.782411586589351722E-15, 1.000000000000000000 ) ) ;
#1483 = ORIENTED_EDGE ( 'NONE', *, *, #2243, .F. ) ;
#1484 = ORIENTED_EDGE ( 'NONE', *, *, #3874, .T. ) ;
#1485 = CARTESIAN_POINT ( 'NONE',  ( 11.84946175435169735, 20.68952860090841739, 42.04780091876587278 ) ) ;
#1486 = EDGE_LOOP ( 'NONE', ( #2712, #557, #3266, #2548 ) ) ;
#1487 = ORIENTED_EDGE ( 'NONE', *, *, #2671, .T. ) ;
#1488 = ORIENTED_EDGE ( 'NONE', *, *, #459, .T. ) ;
#1489 = DIRECTION ( 'NONE',  ( 0.000000000000000000, -7.709882115452463178E-15, 1.000000000000000000 ) ) ;
#1490 = LINE ( 'NONE', #3493, #216 ) ;
#1491 = ADVANCED_FACE ( 'NONE', ( #1595 ), #3993, .F. ) ;
#1492 = EDGE_CURVE ( 'NONE', #1770, #408, #1804, .T. ) ;
#1493 = CARTESIAN_POINT ( 'NONE',  ( 0.6563021627624513465, 17.18952860090844581, 37.92029672067664592 ) ) ;
#1494 = EDGE_LOOP ( 'NONE', ( #4256, #3794, #1907, #3537 ) ) ;
#1495 = LINE ( 'NONE', #3474, #3487 ) ;
#1496 = FACE_OUTER_BOUND ( 'NONE', #2837, .T. ) ;
#1497 = CIRCLE ( 'NONE', #1292, 1.800000000000002931 ) ;
#1498 = CARTESIAN_POINT ( 'NONE',  ( 29.18449493129664063, -7.590472867576029792, 51.51586665186164282 ) ) ;
#1499 = CARTESIAN_POINT ( 'NONE',  ( 53.43449493129576666, 14.15952713242473493, 35.01586665186168545 ) ) ;
#1500 = DIRECTION ( 'NONE',  ( -0.7939664214913031426, -0.6079616119002041463, 5.275445642162682050E-15 ) ) ;
#1501 = DIRECTION ( 'NONE',  ( -2.999999999999915431E-15, -5.999999999999999677E-15, 1.000000000000000000 ) ) ;
#1502 = CARTESIAN_POINT ( 'NONE',  ( 61.58449493129658947, -17.64047286757517696, 33.01586665186044911 ) ) ;
#1503 = ORIENTED_EDGE ( 'NONE', *, *, #1548, .T. ) ;
#1504 = DIRECTION ( 'NONE',  ( -1.734723475976872668E-16, -1.000000000000000000, -6.000000000000000466E-15 ) ) ;
#1505 = CARTESIAN_POINT ( 'NONE',  ( 30.68449493129573113, 9.159527132424150508, 35.01586665186219705 ) ) ;
#1506 =( BOUNDED_CURVE ( )  B_SPLINE_CURVE ( 3, ( #3938, #871, #231, #2216 ),
 .UNSPECIFIED., .F., .T. ) 
 B_SPLINE_CURVE_WITH_KNOTS ( ( 4, 4 ),
 ( 2.311761028997747491, 3.971424278181892031 ),
 .UNSPECIFIED. ) 
 CURVE ( )  GEOMETRIC_REPRESENTATION_ITEM ( )  RATIONAL_B_SPLINE_CURVE ( ( 1.000000000000000000, 0.7833333333332369586, 0.7833333333332369586, 1.000000000000000000 ) ) 
 REPRESENTATION_ITEM ( '' )  );
#1507 = ORIENTED_EDGE ( 'NONE', *, *, #1006, .F. ) ;
#1508 = VERTEX_POINT ( 'NONE', #4236 ) ;
#1509 = VERTEX_POINT ( 'NONE', #3969 ) ;
#1510 = DIRECTION ( 'NONE',  ( -1.400000000000000030E-14, 1.000000000000000000, 6.000000000000000466E-15 ) ) ;
#1511 = CARTESIAN_POINT ( 'NONE',  ( -0.9399351487373391878, -20.67047433606061446, 26.70767388453273483 ) ) ;
#1512 = ADVANCED_FACE ( 'NONE', ( #1620, #1272 ), #3245, .T. ) ;
#1513 = EDGE_CURVE ( 'NONE', #3538, #74, #3923, .T. ) ;
#1514 = LINE ( 'NONE', #3206, #1047 ) ;
#1515 = ORIENTED_EDGE ( 'NONE', *, *, #3260, .F. ) ;
#1516 = CARTESIAN_POINT ( 'NONE',  ( 35.93449493129570982, 14.15952713242411143, 35.01586665186218994 ) ) ;
#1517 = DIRECTION ( 'NONE',  ( -3.469446951953614189E-14, 0.000000000000000000, -1.000000000000000000 ) ) ;
#1518 = ORIENTED_EDGE ( 'NONE', *, *, #3319, .T. ) ;
#1519 = EDGE_CURVE ( 'NONE', #3183, #898, #2607, .T. ) ;
#1520 = CARTESIAN_POINT ( 'NONE',  ( 58.68449493129632799, 9.159527132424253537, 56.01586665186137992 ) ) ;
#1521 = LINE ( 'NONE', #2120, #1266 ) ;
#1522 = CARTESIAN_POINT ( 'NONE',  ( 61.58449493129697316, -15.64047286757566368, 56.01586665186050595 ) ) ;
#1523 = MANIFOLD_SOLID_BREP ( '圆角14', #3460 ) ;
#1524 = AXIS2_PLACEMENT_3D ( 'NONE', #3125, #2499, #411 ) ;
#1525 = DIRECTION ( 'NONE',  ( -1.400000000000000030E-14, 1.000000000000000000, 6.000000000000000466E-15 ) ) ;
#1526 = CYLINDRICAL_SURFACE ( 'NONE', #978, 3.000000000000002665 ) ;
#1527 = CIRCLE ( 'NONE', #2714, 1.000000000000000888 ) ;
#1528 = CARTESIAN_POINT ( 'NONE',  ( 25.68449493129600825, 10.73507619490151477, 35.01586665186136571 ) ) ;
#1529 = CIRCLE ( 'NONE', #185, 1.800000000000002931 ) ;
#1530 = CARTESIAN_POINT ( 'NONE',  ( 13.49085870798551490, 15.07359064039626517, 22.93857265588479422 ) ) ;
#1531 = ORIENTED_EDGE ( 'NONE', *, *, #1572, .F. ) ;
#1532 = ORIENTED_EDGE ( 'NONE', *, *, #3590, .T. ) ;
#1533 = ORIENTED_EDGE ( 'NONE', *, *, #3103, .T. ) ;
#1534 = CARTESIAN_POINT ( 'NONE',  ( 12.99531846105621824, -23.88071800233701225, 42.46705239653454811 ) ) ;
#1535 = AXIS2_PLACEMENT_3D ( 'NONE', #194, #875, #545 ) ;
#1536 = LINE ( 'NONE', #2611, #3096 ) ;
#1537 =( BOUNDED_CURVE ( )  B_SPLINE_CURVE ( 3, ( #728, #2080, #2105, #2759 ),
 .UNSPECIFIED., .F., .T. ) 
 B_SPLINE_CURVE_WITH_KNOTS ( ( 4, 4 ),
 ( 3.889970701113326879, 4.200497562123556961 ),
 .UNSPECIFIED. ) 
 CURVE ( )  GEOMETRIC_REPRESENTATION_ITEM ( )  RATIONAL_B_SPLINE_CURVE ( ( 1.000000000000000000, 0.9919805520435549528, 0.9919805520435549528, 1.000000000000000000 ) ) 
 REPRESENTATION_ITEM ( '' )  );
#1538 = AXIS2_PLACEMENT_3D ( 'NONE', #994, #1983, #317 ) ;
#1539 = CYLINDRICAL_SURFACE ( 'NONE', #4060, 1.050000000000000711 ) ;
#1540 = ORIENTED_EDGE ( 'NONE', *, *, #3205, .T. ) ;
#1541 = CYLINDRICAL_SURFACE ( 'NONE', #2460, 2.000000000000001776 ) ;
#1542 = CIRCLE ( 'NONE', #4001, 1.999999999999998224 ) ;
#1543 = EDGE_CURVE ( 'NONE', #2692, #3447, #679, .T. ) ;
#1544 = FACE_OUTER_BOUND ( 'NONE', #3343, .T. ) ;
#1545 = PLANE ( 'NONE',  #204 ) ;
#1546 = CARTESIAN_POINT ( 'NONE',  ( 11.66980181928771465, -19.17047433606059315, 22.07099446259749698 ) ) ;
#1547 = VECTOR ( 'NONE', #1884, 1000.000000000000000 ) ;
#1548 = EDGE_CURVE ( 'NONE', #4224, #2408, #2789, .T. ) ;
#1549 = EDGE_CURVE ( 'NONE', #985, #872, #1677, .T. ) ;
#1550 = VECTOR ( 'NONE', #429, 1000.000000000000000 ) ;
#1551 = DIRECTION ( 'NONE',  ( 2.574694843291808119E-14, -1.000000000000000000, -2.928657122104321757E-14 ) ) ;
#1552 = DIRECTION ( 'NONE',  ( 0.7071067811865333619, 0.7071067811865617836, 1.847410259149363920E-16 ) ) ;
#1553 = CARTESIAN_POINT ( 'NONE',  ( 6.143452244285984243, -19.17047433606057893, 21.01586665186036385 ) ) ;
#1554 = CARTESIAN_POINT ( 'NONE',  ( 0.6563021627624457954, -20.67047433606068552, 36.12029672067639297 ) ) ;
#1555 = CIRCLE ( 'NONE', #1833, 1.000000000000000888 ) ;
#1556 = VERTEX_POINT ( 'NONE', #3377 ) ;
#1557 = ORIENTED_EDGE ( 'NONE', *, *, #2405, .T. ) ;
#1558 = EDGE_LOOP ( 'NONE', ( #2493, #897 ) ) ;
#1559 =( LENGTH_UNIT ( ) NAMED_UNIT ( * ) SI_UNIT ( .MILLI., .METRE. ) );
#1560 = CARTESIAN_POINT ( 'NONE',  ( 61.58449493129658947, -17.64047286757517696, 41.01586665186044911 ) ) ;
#1561 = DIRECTION ( 'NONE',  ( 0.000000000000000000, -2.949029909160569536E-14, 1.000000000000000000 ) ) ;
#1562 = EDGE_LOOP ( 'NONE', ( #663, #4239 ) ) ;
#1563 = LINE ( 'NONE', #3301, #4144 ) ;
#1564 = EDGE_LOOP ( 'NONE', ( #1398, #3735 ) ) ;
#1565 = CARTESIAN_POINT ( 'NONE',  ( 8.268924998906136636, -20.67047433606067486, 34.52405940917658711 ) ) ;
#1566 = FACE_OUTER_BOUND ( 'NONE', #2972, .T. ) ;
#1567 = CARTESIAN_POINT ( 'NONE',  ( 61.58449493129652552, -14.85310835227437565, 41.01586665186047753 ) ) ;
#1568 = VECTOR ( 'NONE', #1462, 1000.000000000000000 ) ;
#1569 = AXIS2_PLACEMENT_3D ( 'NONE', #3744, #1767, #3113 ) ;
#1570 = CARTESIAN_POINT ( 'NONE',  ( 3.664494925084381016, -24.17047433606065354, 31.51586664685464356 ) ) ;
#1571 = EDGE_CURVE ( 'NONE', #3412, #1089, #138, .T. ) ;
#1572 = EDGE_CURVE ( 'NONE', #655, #209, #686, .T. ) ;
#1573 = DIRECTION ( 'NONE',  ( 0.000000000000000000, -1.000000000000000000, -2.775557561562893875E-14 ) ) ;
#1574 = DIRECTION ( 'NONE',  ( -3.469446951953611033E-14, 0.000000000000000000, -1.000000000000000000 ) ) ;
#1575 = DIRECTION ( 'NONE',  ( -1.005175070887570205E-28, -2.928657122104321757E-14, 1.000000000000000000 ) ) ;
#1576 = ORIENTED_EDGE ( 'NONE', *, *, #1885, .T. ) ;
#1577 = VERTEX_POINT ( 'NONE', #2360 ) ;
#1578 = ORIENTED_EDGE ( 'NONE', *, *, #1456, .T. ) ;
#1579 = CARTESIAN_POINT ( 'NONE',  ( 22.18449493129664418, -7.590472867576202987, 51.51586665186189151 ) ) ;
#1580 = CARTESIAN_POINT ( 'NONE',  ( 22.18449493129640260, 4.409527132423797902, 53.51586665186201941 ) ) ;
#1581 = PLANE ( 'NONE',  #1188 ) ;
#1582 = VERTEX_POINT ( 'NONE', #40 ) ;
#1583 = DIRECTION ( 'NONE',  ( -1.473225881933163633E-16, -1.000000000000000000, -7.000000000000002516E-15 ) ) ;
#1584 = VERTEX_POINT ( 'NONE', #1352 ) ;
#1585 = CARTESIAN_POINT ( 'NONE',  ( 29.18449493129633510, 4.409527132423970208, 51.51586665186176361 ) ) ;
#1586 = DIRECTION ( 'NONE',  ( 2.902530795666802456E-14, -2.928657122104247289E-14, 1.000000000000000000 ) ) ;
#1587 = FACE_OUTER_BOUND ( 'NONE', #2002, .T. ) ;
#1588 = CARTESIAN_POINT ( 'NONE',  ( -5.865505068703193992, -24.17047433606064999, 31.01586665186025016 ) ) ;
#1589 = CARTESIAN_POINT ( 'NONE',  ( 29.96292205604319392, -15.64047286757648259, 56.01586665186149361 ) ) ;
#1590 = CARTESIAN_POINT ( 'NONE',  ( 13.57466686877268813, -18.49051982480313328, 42.97451335375966863 ) ) ;
#1591 = VECTOR ( 'NONE', #735, 1000.000000000000000 ) ;
#1592 = EDGE_CURVE ( 'NONE', #3951, #4304, #355, .T. ) ;
#1593 = EDGE_CURVE ( 'NONE', #1689, #3412, #2673, .T. ) ;
#1594 = CIRCLE ( 'NONE', #3769, 2.000000000000001776 ) ;
#1595 = FACE_OUTER_BOUND ( 'NONE', #1796, .T. ) ;
#1596 = ORIENTED_EDGE ( 'NONE', *, *, #1284, .T. ) ;
#1597 = ORIENTED_EDGE ( 'NONE', *, *, #1592, .F. ) ;
#1598 = CARTESIAN_POINT ( 'NONE',  ( 35.93449493129636352, -12.64047286757589106, 35.01586665186140124 ) ) ;
#1599 = DIRECTION ( 'NONE',  ( 1.000000000000000000, 2.467162276944907871E-14, -3.448912900226735563E-14 ) ) ;
#1600 = CIRCLE ( 'NONE', #3495, 2.000000000000001776 ) ;
#1601 = EDGE_CURVE ( 'NONE', #714, #1975, #38, .T. ) ;
#1602 = ADVANCED_FACE ( 'NONE', ( #3395, #2039 ), #723, .T. ) ;
#1603 = CIRCLE ( 'NONE', #398, 1.050000000000002265 ) ;
#1604 = PRODUCT_DEFINITION_SHAPE ( 'NONE', 'NONE',  #2207 ) ;
#1605 = FACE_OUTER_BOUND ( 'NONE', #2454, .T. ) ;
#1606 = EDGE_LOOP ( 'NONE', ( #726, #2473, #2986, #1875 ) ) ;
#1607 = EDGE_LOOP ( 'NONE', ( #2498, #2394, #3800, #386, #446 ) ) ;
#1608 = CARTESIAN_POINT ( 'NONE',  ( 25.68449493129659444, -17.64047286757615396, 41.01586665186155756 ) ) ;
#1609 = EDGE_LOOP ( 'NONE', ( #1209, #2991, #1160, #2259 ) ) ;
#1610 = CARTESIAN_POINT ( 'NONE',  ( 4.134494931296769593, -19.17047433606072815, 42.01586665186149361 ) ) ;
#1611 = VECTOR ( 'NONE', #4152, 1000.000000000000000 ) ;
#1612 = CARTESIAN_POINT ( 'NONE',  ( 16.07481805051274293, -21.57441201827377242, 24.66698385717068831 ) ) ;
#1613 = AXIS2_PLACEMENT_3D ( 'NONE', #3473, #4087, #3823 ) ;
#1614 = CARTESIAN_POINT ( 'NONE',  ( -1.989935148737198789, -28.86547286757781094, 28.50767388453268936 ) ) ;
#1615 = AXIS2_PLACEMENT_3D ( 'NONE', #3617, #906, #3897 ) ;
#1616 = DIRECTION ( 'NONE',  ( 2.430443709086124905E-14, -1.000000000000000000, -2.923936424916878310E-14 ) ) ;
#1617 = FACE_OUTER_BOUND ( 'NONE', #1024, .T. ) ;
#1618 = CARTESIAN_POINT ( 'NONE',  ( 7.722687687406459389, -28.86547286757766528, 26.91143657303289061 ) ) ;
#1619 = ORIENTED_EDGE ( 'NONE', *, *, #4289, .F. ) ;
#1620 = FACE_BOUND ( 'NONE', #3043, .T. ) ;
#1621 = ADVANCED_FACE ( 'NONE', ( #1413 ), #376, .F. ) ;
#1622 = VERTEX_POINT ( 'NONE', #2423 ) ;
#1623 = VERTEX_POINT ( 'NONE', #1722 ) ;
#1624 = CARTESIAN_POINT ( 'NONE',  ( 25.68449493129601890, 5.759527132423538198, 56.01586665186184888 ) ) ;
#1625 = PERSON ( '未指定', '未指定', '未指定', ('未指定'), ('未指定'), ('未指定') ) ;
#1626 = VECTOR ( 'NONE', #1303, 1000.000000000000000 ) ;
#1627 = CARTESIAN_POINT ( 'NONE',  ( -0.9399351487373391878, -20.67047433606062867, 28.50767388453273554 ) ) ;
#1628 = VERTEX_POINT ( 'NONE', #1686 ) ;
#1629 = ADVANCED_FACE ( 'NONE', ( #2691 ), #2341, .F. ) ;
#1630 = EDGE_CURVE ( 'NONE', #1982, #2960, #4193, .T. ) ;
#1631 = ORIENTED_EDGE ( 'NONE', *, *, #357, .T. ) ;
#1632 = LINE ( 'NONE', #2971, #335 ) ;
#1633 = AXIS2_PLACEMENT_3D ( 'NONE', #2009, #610, #1940 ) ;
#1634 = ORIENTED_EDGE ( 'NONE', *, *, #241, .F. ) ;
#1635 = DIRECTION ( 'NONE',  ( 1.000000000000000000, 2.563899477072724264E-14, -2.902530795666727357E-14 ) ) ;
#1636 = DIRECTION ( 'NONE',  ( 1.473225881933163633E-16, 1.000000000000000000, 7.000000000000000938E-15 ) ) ;
#1637 = CARTESIAN_POINT ( 'NONE',  ( 0.6563021627624457954, -20.67047433606067131, 34.32029672067638870 ) ) ;
#1638 = CARTESIAN_POINT ( 'NONE',  ( 53.43449493129654826, -17.64047286757526223, 35.01586665186075464 ) ) ;
#1639 = LINE ( 'NONE', #1990, #2386 ) ;
#1640 = DIRECTION ( 'NONE',  ( -2.563899477072639383E-14, 1.000000000000000000, 2.923936424916882096E-14 ) ) ;
#1641 = VECTOR ( 'NONE', #1291, 1000.000000000000000 ) ;
#1642 = DIRECTION ( 'NONE',  ( 0.7939664214913031426, 0.6079616119002041463, -5.275445642162682050E-15 ) ) ;
#1643 = ORIENTED_EDGE ( 'NONE', *, *, #1731, .F. ) ;
#1644 = EDGE_LOOP ( 'NONE', ( #2064, #1867, #4098, #1145 ) ) ;
#1645 = DIRECTION ( 'NONE',  ( 1.000000000000000000, 2.467162276944908187E-14, -3.448912900226734932E-14 ) ) ;
#1646 = LINE ( 'NONE', #3359, #2658 ) ;
#1647 = ORIENTED_EDGE ( 'NONE', *, *, #2671, .F. ) ;
#1648 = ORIENTED_EDGE ( 'NONE', *, *, #3136, .T. ) ;
#1649 = DIRECTION ( 'NONE',  ( 1.000000000000000000, 2.467162276944907871E-14, -3.448912900226734932E-14 ) ) ;
#1650 = EDGE_CURVE ( 'NONE', #1724, #2350, #2097, .T. ) ;
#1651 = EDGE_CURVE ( 'NONE', #3074, #3098, #664, .T. ) ;
#1652 = EDGE_LOOP ( 'NONE', ( #992, #2332, #297, #3697 ) ) ;
#1653 = LINE ( 'NONE', #1986, #2030 ) ;
#1654 = CARTESIAN_POINT ( 'NONE',  ( 3.664494925084382349, -14.17047433606065177, 31.51586664685471106 ) ) ;
#1655 = CARTESIAN_POINT ( 'NONE',  ( 17.18449493129663708, 4.409527132423674445, 52.51586665186218283 ) ) ;
#1656 = EDGE_CURVE ( 'NONE', #908, #3271, #4211, .T. ) ;
#1657 = LINE ( 'NONE', #1719, #890 ) ;
#1658 = DIRECTION ( 'NONE',  ( -1.400000000000000030E-14, 1.000000000000000000, 6.000000000000000466E-15 ) ) ;
#1659 = FACE_OUTER_BOUND ( 'NONE', #2435, .T. ) ;
#1660 = CARTESIAN_POINT ( 'NONE',  ( 9.057189692771380235E-13, 11.67216261712216507, 33.01586665186315628 ) ) ;
#1661 = ORIENTED_EDGE ( 'NONE', *, *, #4154, .F. ) ;
#1662 = VERTEX_POINT ( 'NONE', #794 ) ;
#1663 = APPROVAL_ROLE ( '' ) ;
#1664 = CIRCLE ( 'NONE', #814, 1.799999999999999600 ) ;
#1665 = PLANE ( 'NONE',  #2726 ) ;
#1666 = ORIENTED_EDGE ( 'NONE', *, *, #276, .F. ) ;
#1667 = EDGE_LOOP ( 'NONE', ( #4346, #3992, #4124, #958, #3625, #3246, #3795, #4305 ) ) ;
#1668 = CARTESIAN_POINT ( 'NONE',  ( 60.18449493129659800, 4.409527132424734930, 51.51586665186070491 ) ) ;
#1669 = CIRCLE ( 'NONE', #4121, 1.050000000000002265 ) ;
#1670 = ORIENTED_EDGE ( 'NONE', *, *, #2326, .T. ) ;
#1671 = CIRCLE ( 'NONE', #3569, 1.750000000000001554 ) ;
#1672 = DIRECTION ( 'NONE',  ( 1.000000000000000000, 2.563899477072724264E-14, -2.902530795666727357E-14 ) ) ;
#1673 = FACE_OUTER_BOUND ( 'NONE', #1164, .T. ) ;
#1674 = EDGE_CURVE ( 'NONE', #1089, #874, #1811, .T. ) ;
#1675 = CARTESIAN_POINT ( 'NONE',  ( 4.134494931296880615, 15.68952860090856660, 21.01586665186059477 ) ) ;
#1676 = AXIS2_PLACEMENT_3D ( 'NONE', #4332, #368, #14 ) ;
#1677 =( BOUNDED_CURVE ( )  B_SPLINE_CURVE ( 3, ( #66, #332, #3049, #1389 ),
 .UNSPECIFIED., .F., .T. ) 
 B_SPLINE_CURVE_WITH_KNOTS ( ( 4, 4 ),
 ( 3.889970701113319773, 4.200433035688604377 ),
 .UNSPECIFIED. ) 
 CURVE ( )  GEOMETRIC_REPRESENTATION_ITEM ( )  RATIONAL_B_SPLINE_CURVE ( ( 1.000000000000000000, 0.9919838778312686234, 0.9919838778312686234, 1.000000000000000000 ) ) 
 REPRESENTATION_ITEM ( '' )  );
#1678 = VECTOR ( 'NONE', #3519, 1000.000000000000000 ) ;
#1679 = DIRECTION ( 'NONE',  ( 1.000000000000000000, 0.000000000000000000, -0.000000000000000000 ) ) ;
#1680 = DIRECTION ( 'NONE',  ( 0.000000000000000000, 6.608470384673557335E-15, -1.000000000000000000 ) ) ;
#1681 = EDGE_CURVE ( 'NONE', #3579, #2679, #3637, .T. ) ;
#1682 = CARTESIAN_POINT ( 'NONE',  ( 13.23047376828456123, 20.27145780494772254, 22.79225465243659343 ) ) ;
#1683 = EDGE_CURVE ( 'NONE', #931, #244, #1594, .T. ) ;
#1684 = VECTOR ( 'NONE', #2111, 1000.000000000000000 ) ;
#1685 = VECTOR ( 'NONE', #3373, 1000.000000000000000 ) ;
#1686 = CARTESIAN_POINT ( 'NONE',  ( 3.664494925084381460, -24.17047433606066775, 33.26586664685464712 ) ) ;
#1687 = CIRCLE ( 'NONE', #2665, 2.000000000000001776 ) ;
#1688 = VERTEX_POINT ( 'NONE', #1203 ) ;
#1689 = VERTEX_POINT ( 'NONE', #1176 ) ;
#1690 = MECHANICAL_CONTEXT ( 'NONE', #4275, 'mechanical' ) ;
#1691 = AXIS2_PLACEMENT_3D ( 'NONE', #1608, #2882, #4245 ) ;
#1692 = VERTEX_POINT ( 'NONE', #418 ) ;
#1693 = FACE_BOUND ( 'NONE', #1558, .T. ) ;
#1694 = ORIENTED_EDGE ( 'NONE', *, *, #1519, .T. ) ;
#1695 = VERTEX_POINT ( 'NONE', #2488 ) ;
#1696 = FACE_OUTER_BOUND ( 'NONE', #1564, .T. ) ;
#1697 = VERTEX_POINT ( 'NONE', #2845 ) ;
#1698 = DIRECTION ( 'NONE',  ( -2.775557561562888827E-14, 0.000000000000000000, -1.000000000000000000 ) ) ;
#1699 = LINE ( 'NONE', #388, #2244 ) ;
#1700 = DIRECTION ( 'NONE',  ( 7.009944624696189576E-15, 6.999999999999999361E-15, -1.000000000000000000 ) ) ;
#1701 = DIRECTION ( 'NONE',  ( 6.572257327350371360E-30, 1.000000000000000000, 5.999999999999999677E-15 ) ) ;
#1702 = CARTESIAN_POINT ( 'NONE',  ( 30.68449493129646299, -12.64047286757602606, 35.01586665186155756 ) ) ;
#1703 = ADVANCED_FACE ( 'NONE', ( #441 ), #4184, .F. ) ;
#1704 = EDGE_CURVE ( 'NONE', #4038, #4099, #2225, .T. ) ;
#1705 = CARTESIAN_POINT ( 'NONE',  ( -0.9399351487378437842, 17.18952860090851331, 28.50767388453297002 ) ) ;
#1706 = ORIENTED_EDGE ( 'NONE', *, *, #3320, .F. ) ;
#1707 = VERTEX_POINT ( 'NONE', #1834 ) ;
#1708 = PERSON_AND_ORGANIZATION ( #1625, #689 ) ;
#1709 = EDGE_CURVE ( 'NONE', #933, #4281, #1669, .T. ) ;
#1710 = B_SPLINE_CURVE_WITH_KNOTS ( 'NONE', 3,
 ( #1098, #475, #1076, #2836, #100, #4177, #2462, #2497 ),
 .UNSPECIFIED., .F., .F.,
 ( 4, 2, 2, 4 ),
 ( 1.734723475976807094E-18, 0.001239430235393279003, 0.001859145353089920998, 0.002478860470786563210 ),
 .UNSPECIFIED. ) ;
#1711 = FACE_OUTER_BOUND ( 'NONE', #866, .T. ) ;
#1712 = AXIS2_PLACEMENT_3D ( 'NONE', #2751, #720, #3459 ) ;
#1713 = VERTEX_POINT ( 'NONE', #3483 ) ;
#1714 = ORIENTED_EDGE ( 'NONE', *, *, #1837, .T. ) ;
#1715 = LINE ( 'NONE', #2784, #2319 ) ;
#1716 = ORIENTED_EDGE ( 'NONE', *, *, #3131, .T. ) ;
#1717 = CARTESIAN_POINT ( 'NONE',  ( 25.68449493129664418, -7.590472867576115945, 51.51586665186177072 ) ) ;
#1718 = LINE ( 'NONE', #2725, #4285 ) ;
#1719 = CARTESIAN_POINT ( 'NONE',  ( 27.21892859341606297, -13.04106447930394808, 36.66833367260487364 ) ) ;
#1720 = DIRECTION ( 'NONE',  ( 0.000000000000000000, 7.000000000000001727E-15, -1.000000000000000000 ) ) ;
#1721 = CARTESIAN_POINT ( 'NONE',  ( -0.9399351487371989666, -28.86547286757779673, 28.50767388453268936 ) ) ;
#1722 = CARTESIAN_POINT ( 'NONE',  ( -0.3936978372380596225, 17.18952860090845647, 36.12029672067661323 ) ) ;
#1723 = VERTEX_POINT ( 'NONE', #3855 ) ;
#1724 = VERTEX_POINT ( 'NONE', #2204 ) ;
#1725 = EDGE_CURVE ( 'NONE', #1087, #199, #1157, .T. ) ;
#1726 = ADVANCED_FACE ( 'NONE', ( #2535 ), #3529, .F. ) ;
#1727 = CARTESIAN_POINT ( 'NONE',  ( 8.268924998906117096, 17.18952860090847068, 34.52405940917685001 ) ) ;
#1728 = ORIENTED_EDGE ( 'NONE', *, *, #4122, .F. ) ;
#1729 = ORIENTED_EDGE ( 'NONE', *, *, #56, .T. ) ;
#1730 = DIRECTION ( 'NONE',  ( -3.469446951953611033E-14, 0.000000000000000000, -1.000000000000000000 ) ) ;
#1731 = EDGE_CURVE ( 'NONE', #4061, #4218, #134, .T. ) ;
#1732 = ADVANCED_FACE ( 'NONE', ( #507 ), #2164, .F. ) ;
#1733 = CIRCLE ( 'NONE', #3835, 2.000000000000001776 ) ;
#1734 = VERTEX_POINT ( 'NONE', #3875 ) ;
#1735 = AXIS2_PLACEMENT_3D ( 'NONE', #510, #932, #3622 ) ;
#1736 = CARTESIAN_POINT ( 'NONE',  ( 30.68449493129646299, -12.64047286757602606, 41.01586665186155756 ) ) ;
#1737 = CYLINDRICAL_SURFACE ( 'NONE', #1477, 1.750000000000001554 ) ;
#1738 = AXIS2_PLACEMENT_3D ( 'NONE', #4318, #613, #3919 ) ;
#1739 = CARTESIAN_POINT ( 'NONE',  ( 11.66781768814856513, -24.17047433606058959, 22.07020831520745219 ) ) ;
#1740 = CARTESIAN_POINT ( 'NONE',  ( -0.9399351487373347469, -19.17047433606063223, 28.50767388453274975 ) ) ;
#1741 = CARTESIAN_POINT ( 'NONE',  ( -5.865505068703119385, 20.68952860090856660, 21.01586665186055924 ) ) ;
#1742 = DIRECTION ( 'NONE',  ( 0.000000000000000000, 7.709882115452477378E-15, -1.000000000000000000 ) ) ;
#1743 = CARTESIAN_POINT ( 'NONE',  ( -0.9399351487378437842, 17.18952860090851331, 28.50767388453297002 ) ) ;
#1744 = EDGE_LOOP ( 'NONE', ( #2961, #2299, #1841, #2594 ) ) ;
#1745 = CARTESIAN_POINT ( 'NONE',  ( 13.92153214005386808, 14.74462234709762853, 61.81245584921973801 ) ) ;
#1746 = CIRCLE ( 'NONE', #3152, 1.049999999999998934 ) ;
#1747 = VECTOR ( 'NONE', #373, 1000.000000000000000 ) ;
#1748 = ORIENTED_EDGE ( 'NONE', *, *, #3477, .F. ) ;
#1749 = VECTOR ( 'NONE', #1129, 1000.000000000000000 ) ;
#1750 = DIRECTION ( 'NONE',  ( -1.400000000000000030E-14, 1.000000000000000000, 6.000000000000000466E-15 ) ) ;
#1751 = EDGE_LOOP ( 'NONE', ( #2114, #2367, #1138, #2099 ) ) ;
#1752 = VERTEX_POINT ( 'NONE', #859 ) ;
#1753 = ORIENTED_EDGE ( 'NONE', *, *, #2326, .F. ) ;
#1754 = CARTESIAN_POINT ( 'NONE',  ( 59.58449493129631236, -15.64047286757504196, 33.01586665186063385 ) ) ;
#1755 = DIRECTION ( 'NONE',  ( -1.033282722615516082E-28, -2.928657122104321757E-14, 1.000000000000000000 ) ) ;
#1756 = AXIS2_PLACEMENT_3D ( 'NONE', #454, #2438, #806 ) ;
#1757 = VERTEX_POINT ( 'NONE', #89 ) ;
#1758 = EDGE_CURVE ( 'NONE', #894, #3695, #559, .T. ) ;
#1759 = ADVANCED_FACE ( 'NONE', ( #108 ), #154, .T. ) ;
#1760 = DIRECTION ( 'NONE',  ( -1.000000000000000000, -2.467162276944907871E-14, 3.448912900226734932E-14 ) ) ;
#1761 = CARTESIAN_POINT ( 'NONE',  ( 58.68449493129632799, 9.159527132424253537, 56.01586665186137992 ) ) ;
#1762 = FACE_OUTER_BOUND ( 'NONE', #3037, .T. ) ;
#1763 = EDGE_CURVE ( 'NONE', #3754, #3860, #2303, .T. ) ;
#1764 = VERTEX_POINT ( 'NONE', #2981 ) ;
#1765 = DIRECTION ( 'NONE',  ( -1.000000000000000000, -1.321694076934709574E-14, 0.000000000000000000 ) ) ;
#1766 = LINE ( 'NONE', #661, #2518 ) ;
#1767 = DIRECTION ( 'NONE',  ( -1.000000000000000000, -2.563899477072724264E-14, 2.902530795666727357E-14 ) ) ;
#1768 = CARTESIAN_POINT ( 'NONE',  ( 11.85121099986545090, 15.68952860090842094, 42.04809409085125793 ) ) ;
#1769 = LINE ( 'NONE', #419, #1960 ) ;
#1770 = VERTEX_POINT ( 'NONE', #905 ) ;
#1771 = ORIENTED_EDGE ( 'NONE', *, *, #3136, .F. ) ;
#1772 = ORIENTED_EDGE ( 'NONE', *, *, #3451, .F. ) ;
#1773 = LINE ( 'NONE', #1373, #1803 ) ;
#1774 = ORIENTED_EDGE ( 'NONE', *, *, #3510, .F. ) ;
#1775 = ORIENTED_EDGE ( 'NONE', *, *, #4022, .T. ) ;
#1776 = CARTESIAN_POINT ( 'NONE',  ( 28.54870849367012653, -17.05468642994960504, 56.01586665186149361 ) ) ;
#1777 = FACE_OUTER_BOUND ( 'NONE', #3748, .T. ) ;
#1778 = VERTEX_POINT ( 'NONE', #286 ) ;
#1779 = VECTOR ( 'NONE', #2623, 1000.000000000000000 ) ;
#1780 = CYLINDRICAL_SURFACE ( 'NONE', #1613, 1.049999999999999822 ) ;
#1781 = FACE_OUTER_BOUND ( 'NONE', #1390, .T. ) ;
#1782 = DIRECTION ( 'NONE',  ( 0.000000000000000000, 7.930164461608253340E-15, -1.000000000000000000 ) ) ;
#1783 = EDGE_CURVE ( 'NONE', #1509, #2079, #1106, .T. ) ;
#1784 = EDGE_CURVE ( 'NONE', #3536, #1623, #2249, .T. ) ;
#1785 = FACE_OUTER_BOUND ( 'NONE', #2672, .T. ) ;
#1786 = FACE_OUTER_BOUND ( 'NONE', #1934, .T. ) ;
#1787 = DIRECTION ( 'NONE',  ( -2.688821387764050602E-15, -6.938893903907226800E-15, 1.000000000000000000 ) ) ;
#1788 = EDGE_CURVE ( 'NONE', #4219, #824, #1180, .T. ) ;
#1789 = DIRECTION ( 'NONE',  ( 0.000000000000000000, -3.353798720221828732E-14, 1.000000000000000000 ) ) ;
#1790 = FACE_OUTER_BOUND ( 'NONE', #451, .T. ) ;
#1791 = ORIENTED_EDGE ( 'NONE', *, *, #3241, .T. ) ;
#1792 = DIRECTION ( 'NONE',  ( -2.775557561562888827E-14, 0.000000000000000000, -1.000000000000000000 ) ) ;
#1793 = PLANE ( 'NONE',  #3351 ) ;
#1794 = ORIENTED_EDGE ( 'NONE', *, *, #3212, .F. ) ;
#1795 = VERTEX_POINT ( 'NONE', #4249 ) ;
#1796 = EDGE_LOOP ( 'NONE', ( #2765, #2407, #10, #345 ) ) ;
#1797 = DIRECTION ( 'NONE',  ( 0.000000000000000000, 7.709882115452477378E-15, -1.000000000000000000 ) ) ;
#1798 = DIRECTION ( 'NONE',  ( 0.000000000000000000, -6.938893903907226800E-15, 1.000000000000000000 ) ) ;
#1799 = ORIENTED_EDGE ( 'NONE', *, *, #1083, .F. ) ;
#1800 = DIRECTION ( 'NONE',  ( -0.6070189628992643804, 0.7946873464959044453, 1.307642109406977265E-15 ) ) ;
#1801 = DIRECTION ( 'NONE',  ( 0.6246950475544129633, 0.7808688094430393800, 0.000000000000000000 ) ) ;
#1802 = CYLINDRICAL_SURFACE ( 'NONE', #4008, 2.000000000000000000 ) ;
#1803 = VECTOR ( 'NONE', #399, 1000.000000000000000 ) ;
#1804 = CIRCLE ( 'NONE', #2580, 2.000000000000000000 ) ;
#1805 = CARTESIAN_POINT ( 'NONE',  ( 60.18449493129690353, -7.590472867575265070, 51.51586665186057701 ) ) ;
#1806 = EDGE_CURVE ( 'NONE', #2429, #1184, #3079, .T. ) ;
#1807 = LINE ( 'NONE', #1831, #2040 ) ;
#1808 = CARTESIAN_POINT ( 'NONE',  ( 5.622687687406460633, -28.86547286757769371, 26.91143657303289061 ) ) ;
#1809 = AXIS2_PLACEMENT_3D ( 'NONE', #1082, #4017, #1742 ) ;
#1810 = VECTOR ( 'NONE', #1700, 1000.000000000000000 ) ;
#1811 = LINE ( 'NONE', #1481, #3211 ) ;
#1812 = ADVANCED_FACE ( 'NONE', ( #3259, #221, #2640, #1901, #2956, #4272 ), #2909, .F. ) ;
#1813 = EDGE_CURVE ( 'NONE', #3490, #1628, #1671, .T. ) ;
#1814 = LINE ( 'NONE', #1502, #400 ) ;
#1815 = ORIENTED_EDGE ( 'NONE', *, *, #2167, .F. ) ;
#1816 = ORIENTED_EDGE ( 'NONE', *, *, #3260, .T. ) ;
#1817 = VECTOR ( 'NONE', #283, 1000.000000000000000 ) ;
#1818 = FACE_OUTER_BOUND ( 'NONE', #3062, .T. ) ;
#1819 = LOCAL_TIME ( 15, 32, 25.00000000000000000, #3052 ) ;
#1820 = AXIS2_PLACEMENT_3D ( 'NONE', #1339, #962, #3093 ) ;
#1821 = VERTEX_POINT ( 'NONE', #1588 ) ;
#1822 = ORIENTED_EDGE ( 'NONE', *, *, #627, .F. ) ;
#1823 = VERTEX_POINT ( 'NONE', #2929 ) ;
#1824 = CARTESIAN_POINT ( 'NONE',  ( 61.08449493129688790, -1.740472867575742821, 54.01586665186281522 ) ) ;
#1825 = DIRECTION ( 'NONE',  ( 3.953785700231736652E-16, 1.000000000000000000, 7.000000000000002516E-15 ) ) ;
#1826 = CIRCLE ( 'NONE', #2449, 1.799999999999999600 ) ;
#1827 = DIRECTION ( 'NONE',  ( -4.843387482784487241E-29, 1.000000000000000000, 6.999999999999999361E-15 ) ) ;
#1828 = CARTESIAN_POINT ( 'NONE',  ( 9.318924998905627533, 15.68952860090847068, 34.52405940917681448 ) ) ;
#1829 = DIRECTION ( 'NONE',  ( -2.430443709086124905E-14, 1.000000000000000000, 3.347036710976368263E-14 ) ) ;
#1830 = DIRECTION ( 'NONE',  ( 4.843387482784487241E-29, -1.000000000000000000, -6.999999999999999361E-15 ) ) ;
#1831 = CARTESIAN_POINT ( 'NONE',  ( 53.68449493129606509, 5.040844874773913631, 36.54086665186127192 ) ) ;
#1832 = LINE ( 'NONE', #2507, #2396 ) ;
#1833 = AXIS2_PLACEMENT_3D ( 'NONE', #1871, #1174, #1221 ) ;
#1834 = CARTESIAN_POINT ( 'NONE',  ( 6.143452244285994013, 15.68952860090856660, 21.01586665186060898 ) ) ;
#1835 = DIRECTION ( 'NONE',  ( 2.902530795666802456E-14, -2.928657122104247289E-14, 1.000000000000000000 ) ) ;
#1836 = DIRECTION ( 'NONE',  ( -3.469446951953611033E-14, 0.000000000000000000, -1.000000000000000000 ) ) ;
#1837 = EDGE_CURVE ( 'NONE', #2559, #650, #820, .T. ) ;
#1838 = EDGE_CURVE ( 'NONE', #312, #3710, #950, .T. ) ;
#1839 = DIRECTION ( 'NONE',  ( -1.473225881933163386E-16, -1.000000000000000000, -7.000000000000001727E-15 ) ) ;
#1840 = ORIENTED_EDGE ( 'NONE', *, *, #4176, .F. ) ;
#1841 = ORIENTED_EDGE ( 'NONE', *, *, #4176, .T. ) ;
#1842 = ORIENTED_EDGE ( 'NONE', *, *, #954, .T. ) ;
#1843 = DIRECTION ( 'NONE',  ( -4.346702505758244081E-16, 1.000000000000000000, 6.000000000000000466E-15 ) ) ;
#1844 = CARTESIAN_POINT ( 'NONE',  ( -1.989935148737198789, -28.86547286757781094, 28.50767388453268936 ) ) ;
#1845 = VECTOR ( 'NONE', #1504, 1000.000000000000000 ) ;
#1846 = CARTESIAN_POINT ( 'NONE',  ( 8.268924998906111767, -24.17047433606066065, 32.72405940917656153 ) ) ;
#1847 = DIRECTION ( 'NONE',  ( 1.000000000000000000, 2.558717127065791411E-14, -2.899466381275521601E-14 ) ) ;
#1848 = CARTESIAN_POINT ( 'NONE',  ( 29.18449493129666905, -7.590472867576012028, 52.51586665186164282 ) ) ;
#1849 = AXIS2_PLACEMENT_3D ( 'NONE', #3552, #1855, #2226 ) ;
#1850 = CARTESIAN_POINT ( 'NONE',  ( 58.68449493129665484, -7.590472867575283722, 52.51586665186062675 ) ) ;
#1851 = DIRECTION ( 'NONE',  ( 0.000000000000000000, 6.608470384673536824E-15, -1.000000000000000000 ) ) ;
#1852 = DIRECTION ( 'NONE',  ( -1.000000000000000000, -2.578212872552770944E-14, 2.902530795666726726E-14 ) ) ;
#1853 = DIRECTION ( 'NONE',  ( -3.469446951953611033E-14, 0.000000000000000000, -1.000000000000000000 ) ) ;
#1854 = PLANE ( 'NONE',  #2235 ) ;
#1855 = DIRECTION ( 'NONE',  ( -2.558717127065706845E-14, 1.000000000000000000, 2.928657122104321757E-14 ) ) ;
#1856 = CARTESIAN_POINT ( 'NONE',  ( 8.268924998906111767, -20.67047433606067486, 34.52405940917659422 ) ) ;
#1857 = ORIENTED_EDGE ( 'NONE', *, *, #294, .T. ) ;
#1858 = EDGE_CURVE ( 'NONE', #2191, #2287, #1224, .T. ) ;
#1859 = ORIENTED_EDGE ( 'NONE', *, *, #1674, .F. ) ;
#1860 = VERTEX_POINT ( 'NONE', #2602 ) ;
#1861 = CARTESIAN_POINT ( 'NONE',  ( -0.9399351487373137637, -20.67047433606062867, 28.50767388453273909 ) ) ;
#1862 = CARTESIAN_POINT ( 'NONE',  ( 51.43449493129577377, 14.15952713242446670, 35.01586665186168545 ) ) ;
#1863 = CARTESIAN_POINT ( 'NONE',  ( 13.57466686877268636, -23.48884555261643925, 42.97451335375964021 ) ) ;
#1864 = ORIENTED_EDGE ( 'NONE', *, *, #3082, .F. ) ;
#1865 = ADVANCED_FACE ( 'NONE', ( #3947 ), #928, .F. ) ;
#1866 = EDGE_CURVE ( 'NONE', #1183, #846, #1954, .T. ) ;
#1867 = ORIENTED_EDGE ( 'NONE', *, *, #2645, .F. ) ;
#1868 = CARTESIAN_POINT ( 'NONE',  ( 13.57466686877266326, 20.00789981746413915, 42.97451335375990311 ) ) ;
#1869 = CARTESIAN_POINT ( 'NONE',  ( 35.93449493129642747, -12.64047286757577382, 37.01586665186140834 ) ) ;
#1870 = DIRECTION ( 'NONE',  ( 1.000000000000000000, 2.563899477072724264E-14, -2.902530795666727357E-14 ) ) ;
#1871 = CARTESIAN_POINT ( 'NONE',  ( 58.68449493129662642, -7.590472867575302374, 51.51586665186062675 ) ) ;
#1872 = VECTOR ( 'NONE', #93, 1000.000000000000000 ) ;
#1873 = DIRECTION ( 'NONE',  ( 4.843387482784487241E-29, -1.000000000000000000, -6.999999999999999361E-15 ) ) ;
#1874 = DIRECTION ( 'NONE',  ( 0.000000000000000000, -1.000000000000000000, -2.775557561562891351E-14 ) ) ;
#1875 = ORIENTED_EDGE ( 'NONE', *, *, #3615, .F. ) ;
#1876 = CYLINDRICAL_SURFACE ( 'NONE', #2620, 1.000000000000000888 ) ;
#1877 = VECTOR ( 'NONE', #3102, 1000.000000000000000 ) ;
#1878 = CIRCLE ( 'NONE', #121, 1.049999999999998934 ) ;
#1879 = CARTESIAN_POINT ( 'NONE',  ( 12.84379604824147236, 20.45433729632582853, 42.39364603891657879 ) ) ;
#1880 = VERTEX_POINT ( 'NONE', #3616 ) ;
#1881 = ORIENTED_EDGE ( 'NONE', *, *, #571, .F. ) ;
#1882 = ORIENTED_EDGE ( 'NONE', *, *, #3103, .F. ) ;
#1883 = CIRCLE ( 'NONE', #4058, 1.000000000000000888 ) ;
#1884 = DIRECTION ( 'NONE',  ( 2.430443709086124905E-14, -1.000000000000000000, -2.923936424916878310E-14 ) ) ;
#1885 = EDGE_CURVE ( 'NONE', #3538, #3951, #683, .T. ) ;
#1886 = AXIS2_PLACEMENT_3D ( 'NONE', #2066, #2395, #696 ) ;
#1887 = AXIS2_PLACEMENT_3D ( 'NONE', #2436, #3521, #1406 ) ;
#1888 = CARTESIAN_POINT ( 'NONE',  ( 6.672687687406325452, 17.18952860090850976, 28.71143657303320396 ) ) ;
#1889 = ORIENTED_EDGE ( 'NONE', *, *, #2215, .T. ) ;
#1890 = DIRECTION ( 'NONE',  ( -1.000000000000000000, -1.321694076934710363E-14, 0.000000000000000000 ) ) ;
#1891 = AXIS2_PLACEMENT_3D ( 'NONE', #4173, #732, #1489 ) ;
#1892 = AXIS2_PLACEMENT_3D ( 'NONE', #2910, #951, #3309 ) ;
#1893 = EDGE_CURVE ( 'NONE', #908, #22, #2223, .T. ) ;
#1894 = ADVANCED_FACE ( 'NONE', ( #4230, #527 ), #3896, .T. ) ;
#1895 = ORIENTED_EDGE ( 'NONE', *, *, #139, .T. ) ;
#1896 = DIRECTION ( 'NONE',  ( -2.571108009036969302E-14, 1.000000000000000000, 2.928657122104321757E-14 ) ) ;
#1897 = DIRECTION ( 'NONE',  ( 1.473225881933163633E-16, 1.000000000000000000, 7.000000000000000938E-15 ) ) ;
#1898 = CARTESIAN_POINT ( 'NONE',  ( 58.68449493129632089, 4.409527132424697626, 51.51586665186075464 ) ) ;
#1899 = B_SPLINE_CURVE_WITH_KNOTS ( 'NONE', 3,
 ( #2930, #2250, #3243, #3966, #1290, #1225, #4273, #3596 ),
 .UNSPECIFIED., .F., .F.,
 ( 4, 2, 2, 4 ),
 ( 3.469446951953614189E-18, 0.001065455041714564836, 0.001598182562571844002, 0.002130910083429123168 ),
 .UNSPECIFIED. ) ;
#1900 = VECTOR ( 'NONE', #1428, 1000.000000000000000 ) ;
#1901 = FACE_BOUND ( 'NONE', #208, .T. ) ;
#1902 = FACE_OUTER_BOUND ( 'NONE', #3624, .T. ) ;
#1903 = CARTESIAN_POINT ( 'NONE',  ( 1.626353072252618338E-12, -1.637868328766644073E-12, 56.01586665186281522 ) ) ;
#1904 = DIRECTION ( 'NONE',  ( 1.000000000000000000, 2.565564719734120348E-14, -2.903379291371709114E-14 ) ) ;
#1905 = CIRCLE ( 'NONE', #3870, 2.000000000000001776 ) ;
#1906 = VERTEX_POINT ( 'NONE', #1000 ) ;
#1907 = ORIENTED_EDGE ( 'NONE', *, *, #3179, .T. ) ;
#1908 = EDGE_LOOP ( 'NONE', ( #1298, #3623 ) ) ;
#1909 = LINE ( 'NONE', #3626, #52 ) ;
#1910 = CYLINDRICAL_SURFACE ( 'NONE', #2248, 1.049999999999999822 ) ;
#1911 = VECTOR ( 'NONE', #2853, 1000.000000000000000 ) ;
#1912 = ORIENTED_EDGE ( 'NONE', *, *, #4288, .F. ) ;
#1913 = DIRECTION ( 'NONE',  ( 2.430443709086124905E-14, -1.000000000000000000, 0.000000000000000000 ) ) ;
#1914 = CARTESIAN_POINT ( 'NONE',  ( 61.58449493129624841, 12.15952713242433525, 56.01586665186132308 ) ) ;
#1915 = FACE_OUTER_BOUND ( 'NONE', #2362, .T. ) ;
#1916 = EDGE_CURVE ( 'NONE', #883, #3929, #2090, .T. ) ;
#1917 = DIRECTION ( 'NONE',  ( 0.000000000000000000, -7.709882115452477378E-15, 1.000000000000000000 ) ) ;
#1918 = ADVANCED_FACE ( 'NONE', ( #4091 ), #4073, .T. ) ;
#1919 = AXIS2_PLACEMENT_3D ( 'NONE', #1179, #4274, #1205 ) ;
#1920 = AXIS2_PLACEMENT_3D ( 'NONE', #3916, #3528, #3194 ) ;
#1921 = DIRECTION ( 'NONE',  ( 0.000000000000000000, -2.949029909160569536E-14, 1.000000000000000000 ) ) ;
#1922 = DIRECTION ( 'NONE',  ( 1.000000000000000000, 2.467162276944907871E-14, -3.448912900226735563E-14 ) ) ;
#1923 = EDGE_CURVE ( 'NONE', #96, #2526, #328, .T. ) ;
#1924 = DIRECTION ( 'NONE',  ( -2.430443709086124905E-14, 1.000000000000000000, 2.923936424916878310E-14 ) ) ;
#1925 = EDGE_CURVE ( 'NONE', #1821, #1906, #2026, .T. ) ;
#1926 = ORIENTED_EDGE ( 'NONE', *, *, #2188, .F. ) ;
#1927 = LINE ( 'NONE', #956, #3279 ) ;
#1928 = ORIENTED_EDGE ( 'NONE', *, *, #619, .T. ) ;
#1929 = EDGE_LOOP ( 'NONE', ( #3166, #401 ) ) ;
#1930 = ORIENTED_EDGE ( 'NONE', *, *, #1404, .F. ) ;
#1931 = FACE_OUTER_BOUND ( 'NONE', #2253, .T. ) ;
#1932 = CARTESIAN_POINT ( 'NONE',  ( 11.66980181928758853, 15.68952860090842094, 42.03025972946623057 ) ) ;
#1933 = DIRECTION ( 'NONE',  ( 1.000000000000000000, 2.574694843291806226E-14, 5.139921410302140876E-16 ) ) ;
#1934 = EDGE_LOOP ( 'NONE', ( #752, #2329, #3601, #73 ) ) ;
#1935 = ORIENTED_EDGE ( 'NONE', *, *, #4022, .F. ) ;
#1936 = CARTESIAN_POINT ( 'NONE',  ( 13.54758344737512665, 20.02863832740979433, 42.94534659225485029 ) ) ;
#1937 = ORIENTED_EDGE ( 'NONE', *, *, #1704, .T. ) ;
#1938 = LINE ( 'NONE', #3892, #3216 ) ;
#1939 = CARTESIAN_POINT ( 'NONE',  ( 61.08449493129687369, -1.740472867575736826, 56.01586665186099623 ) ) ;
#1940 = DIRECTION ( 'NONE',  ( 0.000000000000000000, 6.608470384673536824E-15, -1.000000000000000000 ) ) ;
#1941 = DIRECTION ( 'NONE',  ( -3.469446951953611033E-14, 0.000000000000000000, -1.000000000000000000 ) ) ;
#1942 = CARTESIAN_POINT ( 'NONE',  ( -5.865505068703200209, -19.17047433606051499, 32.01586665186142255 ) ) ;
#1943 = DIRECTION ( 'NONE',  ( -0.000000000000000000, -0.000000000000000000, 1.000000000000000000 ) ) ;
#1944 = AXIS2_PLACEMENT_3D ( 'NONE', #3073, #45, #1397 ) ;
#1945 = EDGE_CURVE ( 'NONE', #1707, #2699, #3641, .T. ) ;
#1946 = EDGE_CURVE ( 'NONE', #3629, #3274, #1657, .T. ) ;
#1947 = VERTEX_POINT ( 'NONE', #681 ) ;
#1948 = VECTOR ( 'NONE', #1642, 1000.000000000000000 ) ;
#1949 = CYLINDRICAL_SURFACE ( 'NONE', #3842, 1.799999999999999600 ) ;
#1950 = VERTEX_POINT ( 'NONE', #3023 ) ;
#1951 = VERTEX_POINT ( 'NONE', #3372 ) ;
#1952 = PERSON_AND_ORGANIZATION_ROLE ( 'classification_officer' ) ;
#1953 = LINE ( 'NONE', #1296, #3437 ) ;
#1954 = CIRCLE ( 'NONE', #1320, 1.799999999999999600 ) ;
#1955 = EDGE_CURVE ( 'NONE', #4145, #2635, #1529, .T. ) ;
#1956 = CYLINDRICAL_SURFACE ( 'NONE', #3575, 1.799999999999999600 ) ;
#1957 = VERTEX_POINT ( 'NONE', #1060 ) ;
#1958 = ORIENTED_EDGE ( 'NONE', *, *, #1651, .F. ) ;
#1959 = CARTESIAN_POINT ( 'NONE',  ( 25.68449493129639194, 4.409527132423916029, 53.51586665186189862 ) ) ;
#1960 = VECTOR ( 'NONE', #668, 1000.000000000000000 ) ;
#1961 = EDGE_LOOP ( 'NONE', ( #3581, #934, #2920, #1141 ) ) ;
#1962 = ORIENTED_EDGE ( 'NONE', *, *, #3393, .T. ) ;
#1963 = DIRECTION ( 'NONE',  ( 0.000000000000000000, -3.295974604355930324E-14, 1.000000000000000000 ) ) ;
#1964 = CIRCLE ( 'NONE', #266, 2.000000000000001776 ) ;
#1965 = DIRECTION ( 'NONE',  ( 0.000000000000000000, -6.938893903907228378E-15, 1.000000000000000000 ) ) ;
#1966 = AXIS2_PLACEMENT_3D ( 'NONE', #573, #639, #2641 ) ;
#1967 = DIRECTION ( 'NONE',  ( 0.000000000000000000, 7.709882115452477378E-15, -1.000000000000000000 ) ) ;
#1968 = DIRECTION ( 'NONE',  ( 1.473225881933153279E-16, 1.000000000000000000, 7.000000000000000938E-15 ) ) ;
#1969 = CYLINDRICAL_SURFACE ( 'NONE', #1966, 1.049999999999999822 ) ;
#1970 = CARTESIAN_POINT ( 'NONE',  ( -0.9399351487373389658, -20.67047433606064288, 30.30767388453273625 ) ) ;
#1971 = AXIS2_PLACEMENT_3D ( 'NONE', #3608, #214, #3272 ) ;
#1972 = VERTEX_POINT ( 'NONE', #2010 ) ;
#1973 = PLANE ( 'NONE',  #966 ) ;
#1974 = EDGE_LOOP ( 'NONE', ( #2453, #3338, #3817, #1772 ) ) ;
#1975 = VERTEX_POINT ( 'NONE', #1739 ) ;
#1976 = PERSON_AND_ORGANIZATION ( #1625, #689 ) ;
#1977 = DIRECTION ( 'NONE',  ( 2.902530795666727357E-14, 0.000000000000000000, 1.000000000000000000 ) ) ;
#1978 = EDGE_CURVE ( 'NONE', #2151, #4218, #63, .T. ) ;
#1979 = ADVANCED_FACE ( 'NONE', ( #2666 ), #3725, .F. ) ;
#1980 = CARTESIAN_POINT ( 'NONE',  ( 6.672687687405836066, 15.68952860090852575, 26.91143657303316061 ) ) ;
#1981 = EDGE_LOOP ( 'NONE', ( #3797, #3632, #165, #730 ) ) ;
#1982 = VERTEX_POINT ( 'NONE', #3063 ) ;
#1983 = DIRECTION ( 'NONE',  ( 1.473225881933163633E-16, 1.000000000000000000, 7.000000000000000938E-15 ) ) ;
#1984 = EDGE_CURVE ( 'NONE', #2881, #3538, #638, .T. ) ;
#1985 = ORIENTED_EDGE ( 'NONE', *, *, #431, .F. ) ;
#1986 = CARTESIAN_POINT ( 'NONE',  ( 59.48449493129687227, -3.740472867575824978, 54.01586665186281522 ) ) ;
#1987 = CARTESIAN_POINT ( 'NONE',  ( 13.49085870798537279, 15.07359064039612306, 42.88781967670414019 ) ) ;
#1988 = CARTESIAN_POINT ( 'NONE',  ( 60.18449493129663352, 4.409527132424717166, 52.51586665186069780 ) ) ;
#1989 = CYLINDRICAL_SURFACE ( 'NONE', #3776, 1.800000000000002931 ) ;
#1990 = CARTESIAN_POINT ( 'NONE',  ( 7.722687687406459389, -28.86547286757766528, 26.91143657303289061 ) ) ;
#1991 = DIRECTION ( 'NONE',  ( 1.000000000000000000, 2.563899477072724264E-14, -2.902530795666727357E-14 ) ) ;
#1992 = CIRCLE ( 'NONE', #1075, 1.799999999999999600 ) ;
#1993 = ORIENTED_EDGE ( 'NONE', *, *, #2536, .F. ) ;
#1994 = FACE_OUTER_BOUND ( 'NONE', #3606, .T. ) ;
#1995 = ORIENTED_EDGE ( 'NONE', *, *, #3510, .T. ) ;
#1996 = ORIENTED_EDGE ( 'NONE', *, *, #82, .F. ) ;
#1997 = ORIENTED_EDGE ( 'NONE', *, *, #1084, .F. ) ;
#1998 = CALENDAR_DATE ( 2026, 24, 6 ) ;
#1999 = EDGE_CURVE ( 'NONE', #207, #1370, #2383, .T. ) ;
#2000 = DIRECTION ( 'NONE',  ( 0.000000000000000000, 7.000000000000001727E-15, -1.000000000000000000 ) ) ;
#2001 = ORIENTED_EDGE ( 'NONE', *, *, #1079, .T. ) ;
#2002 = EDGE_LOOP ( 'NONE', ( #1363, #3621, #1340, #3416 ) ) ;
#2003 = DIRECTION ( 'NONE',  ( 1.473225881933163633E-16, 1.000000000000000000, 7.000000000000002516E-15 ) ) ;
#2004 = ORIENTED_EDGE ( 'NONE', *, *, #704, .T. ) ;
#2005 = EDGE_CURVE ( 'NONE', #1577, #448, #326, .T. ) ;
#2006 = ADVANCED_FACE ( 'NONE', ( #3665 ), #4362, .T. ) ;
#2007 = PLANE ( 'NONE',  #543 ) ;
#2008 = CARTESIAN_POINT ( 'NONE',  ( 6.672687687406320123, -20.67047433606062157, 26.91143657303293679 ) ) ;
#2009 = CARTESIAN_POINT ( 'NONE',  ( 0.6563021627624712195, -20.67047433606068552, 36.12029672067638586 ) ) ;
#2010 = CARTESIAN_POINT ( 'NONE',  ( 3.664494925084381460, -19.17047433606063578, 29.76586664685467554 ) ) ;
#2011 = PLANE ( 'NONE',  #4137 ) ;
#2012 = LINE ( 'NONE', #3046, #2199 ) ;
#2013 = ORIENTED_EDGE ( 'NONE', *, *, #2349, .T. ) ;
#2014 = CARTESIAN_POINT ( 'NONE',  ( 51.43449493129669747, -23.84047286757589745, 46.01586665186135860 ) ) ;
#2015 = ORIENTED_EDGE ( 'NONE', *, *, #1650, .F. ) ;
#2016 = ORIENTED_EDGE ( 'NONE', *, *, #3241, .F. ) ;
#2017 = ORIENTED_EDGE ( 'NONE', *, *, #2892, .F. ) ;
#2018 = PLANE ( 'NONE',  #1314 ) ;
#2019 = CARTESIAN_POINT ( 'NONE',  ( 59.48449493129687227, 0.2595271324241753552, 54.01586665186281522 ) ) ;
#2020 = ORIENTED_EDGE ( 'NONE', *, *, #2327, .F. ) ;
#2021 = ORIENTED_EDGE ( 'NONE', *, *, #2292, .F. ) ;
#2022 = PLANE ( 'NONE',  #3997 ) ;
#2023 = AXIS2_PLACEMENT_3D ( 'NONE', #2145, #2800, #3176 ) ;
#2024 = ADVANCED_FACE ( 'NONE', ( #1348 ), #1989, .F. ) ;
#2025 = EDGE_LOOP ( 'NONE', ( #772, #2851, #3207, #2278 ) ) ;
#2026 = CIRCLE ( 'NONE', #1256, 10.00000000000000178 ) ;
#2027 = CARTESIAN_POINT ( 'NONE',  ( 35.93449493129577377, 14.15952713242423222, 37.01586665186218994 ) ) ;
#2028 = DIRECTION ( 'NONE',  ( -1.000000000000000000, -2.443887161124674809E-14, 3.448912900226735563E-14 ) ) ;
#2029 = PLANE ( 'NONE',  #2819 ) ;
#2030 = VECTOR ( 'NONE', #2705, 1000.000000000000114 ) ;
#2031 = EDGE_CURVE ( 'NONE', #583, #3300, #1878, .T. ) ;
#2032 = EDGE_CURVE ( 'NONE', #1004, #1584, #607, .T. ) ;
#2033 = CIRCLE ( 'NONE', #4209, 1.999999999999998224 ) ;
#2034 = CIRCLE ( 'NONE', #1820, 1.800000000000002931 ) ;
#2035 = CARTESIAN_POINT ( 'NONE',  ( 28.54870849367012653, -17.05468642994960149, 56.01586665186149361 ) ) ;
#2036 = DIRECTION ( 'NONE',  ( 0.000000000000000000, 6.608470384673557335E-15, -1.000000000000000000 ) ) ;
#2037 = CARTESIAN_POINT ( 'NONE',  ( 11.99988272665347644, 20.67559906666843972, 22.20524046414803010 ) ) ;
#2038 = CIRCLE ( 'NONE', #2950, 1.799999999999999600 ) ;
#2039 = FACE_BOUND ( 'NONE', #2616, .T. ) ;
#2040 = VECTOR ( 'NONE', #2843, 1000.000000000000000 ) ;
#2041 = ORIENTED_EDGE ( 'NONE', *, *, #2057, .T. ) ;
#2042 = VERTEX_POINT ( 'NONE', #104 ) ;
#2043 = PERSON_AND_ORGANIZATION ( #1625, #689 ) ;
#2044 = CARTESIAN_POINT ( 'NONE',  ( 11.68449493129691952, 12.03452713242229954, 42.01586665186169967 ) ) ;
#2045 = EDGE_LOOP ( 'NONE', ( #3977, #3117 ) ) ;
#2046 = ORIENTED_EDGE ( 'NONE', *, *, #2458, .F. ) ;
#2047 = CARTESIAN_POINT ( 'NONE',  ( 61.58449493129639762, -8.221790609924781279, 36.54086665186053295 ) ) ;
#2048 = VERTEX_POINT ( 'NONE', #1133 ) ;
#2049 = CARTESIAN_POINT ( 'NONE',  ( 29.18449493129633510, 4.409527132423970208, 51.51586665186176361 ) ) ;
#2050 = CARTESIAN_POINT ( 'NONE',  ( 6.672687687406326340, 17.18952860090853818, 25.11143657303320609 ) ) ;
#2051 = DIRECTION ( 'NONE',  ( 0.000000000000000000, 7.709882115452463178E-15, -1.000000000000000000 ) ) ;
#2052 = EDGE_CURVE ( 'NONE', #1662, #2811, #2439, .T. ) ;
#2053 = EDGE_CURVE ( 'NONE', #3710, #1795, #3008, .T. ) ;
#2054 = CYLINDRICAL_SURFACE ( 'NONE', #1194, 1.799999999999999600 ) ;
#2055 = CARTESIAN_POINT ( 'NONE',  ( 58.68449493129662642, -7.590472867575302374, 51.51586665186062675 ) ) ;
#2056 = CARTESIAN_POINT ( 'NONE',  ( 53.01411641603856140, 10.82841582177907114, 33.05768851544767983 ) ) ;
#2057 = EDGE_CURVE ( 'NONE', #1091, #91, #3848, .T. ) ;
#2058 = EDGE_CURVE ( 'NONE', #2963, #3765, #2582, .T. ) ;
#2059 = ORIENTED_EDGE ( 'NONE', *, *, #3509, .F. ) ;
#2060 = ORIENTED_EDGE ( 'NONE', *, *, #1725, .T. ) ;
#2061 = AXIS2_PLACEMENT_3D ( 'NONE', #3922, #1269, #2166 ) ;
#2062 = VERTEX_POINT ( 'NONE', #3192 ) ;
#2063 = DIRECTION ( 'NONE',  ( -1.215217846568243791E-16, -1.000000000000000000, -7.000000000000002516E-15 ) ) ;
#2064 = ORIENTED_EDGE ( 'NONE', *, *, #1519, .F. ) ;
#2065 = VERTEX_POINT ( 'NONE', #1850 ) ;
#2066 = CARTESIAN_POINT ( 'NONE',  ( 25.68449493129577732, 14.15952713242384853, 41.01586665186248837 ) ) ;
#2067 = ORIENTED_EDGE ( 'NONE', *, *, #3620, .F. ) ;
#2068 = DIRECTION ( 'NONE',  ( -1.000000000000000000, -2.563899477072724264E-14, 2.902530795666727357E-14 ) ) ;
#2069 = PLANE ( 'NONE',  #1270 ) ;
#2070 = CARTESIAN_POINT ( 'NONE',  ( 6.672687687406459567, -28.86547286757767949, 26.91143657303289061 ) ) ;
#2071 = CARTESIAN_POINT ( 'NONE',  ( 58.68449493129620009, -8.221790609924902071, 36.54086665186071059 ) ) ;
#2072 = FACE_OUTER_BOUND ( 'NONE', #3883, .T. ) ;
#2073 = EDGE_CURVE ( 'NONE', #2426, #3441, #2418, .T. ) ;
#2074 = DIRECTION ( 'NONE',  ( 1.473225881933163633E-16, 1.000000000000000000, 7.000000000000002516E-15 ) ) ;
#2075 = ORIENTED_EDGE ( 'NONE', *, *, #1651, .T. ) ;
#2076 = ORIENTED_EDGE ( 'NONE', *, *, #1033, .T. ) ;
#2077 = EDGE_CURVE ( 'NONE', #2408, #4224, #1600, .T. ) ;
#2078 = ADVANCED_FACE ( 'NONE', ( #1452 ), #3111, .F. ) ;
#2079 = VERTEX_POINT ( 'NONE', #2842 ) ;
#2080 = CARTESIAN_POINT ( 'NONE',  ( 16.07459584630183969, -16.58095840803605014, 24.66674456032820828 ) ) ;
#2081 = EDGE_LOOP ( 'NONE', ( #213, #2923 ) ) ;
#2082 = ORIENTED_EDGE ( 'NONE', *, *, #3728, .F. ) ;
#2083 = ORIENTED_EDGE ( 'NONE', *, *, #2421, .F. ) ;
#2084 = CARTESIAN_POINT ( 'NONE',  ( -5.865505068703188662, 15.68952860090849377, 31.01586665186052727 ) ) ;
#2085 = AXIS2_PLACEMENT_3D ( 'NONE', #1099, #80, #3145 ) ;
#2086 = AXIS2_PLACEMENT_3D ( 'NONE', #3198, #2516, #3859 ) ;
#2087 = DIRECTION ( 'NONE',  ( 6.572257327350371360E-30, 1.000000000000000000, 5.999999999999999677E-15 ) ) ;
#2088 = CARTESIAN_POINT ( 'NONE',  ( 17.18449493129660510, 4.409527132423674445, 51.51586665186218283 ) ) ;
#2089 = CARTESIAN_POINT ( 'NONE',  ( -5.865505068703474656, -24.17047433606072460, 42.01586665186142966 ) ) ;
#2090 = CIRCLE ( 'NONE', #3421, 2.000000000000001776 ) ;
#2091 = LINE ( 'NONE', #2820, #3150 ) ;
#2092 = CARTESIAN_POINT ( 'NONE',  ( 11.68449493129601180, 15.68952860090856660, 21.01586665186064806 ) ) ;
#2093 = AXIS2_PLACEMENT_3D ( 'NONE', #790, #2504, #3479 ) ;
#2094 = CARTESIAN_POINT ( 'NONE',  ( 4.134494931296798903, -24.17047433606065709, 32.01586665186146519 ) ) ;
#2095 = CIRCLE ( 'NONE', #3440, 1.800000000000002931 ) ;
#2096 = VECTOR ( 'NONE', #3177, 1000.000000000000000 ) ;
#2097 = LINE ( 'NONE', #3438, #3913 ) ;
#2098 = CARTESIAN_POINT ( 'NONE',  ( 7.487483899436989887, -7.487483899436687906, 56.01586665186238179 ) ) ;
#2099 = ORIENTED_EDGE ( 'NONE', *, *, #3347, .F. ) ;
#2100 = ORIENTED_EDGE ( 'NONE', *, *, #2481, .T. ) ;
#2101 = APPROVAL_PERSON_ORGANIZATION ( #3336, #2854, #1663 ) ;
#2102 = AXIS2_PLACEMENT_3D ( 'NONE', #4338, #4363, #1329 ) ;
#2103 = ORIENTED_EDGE ( 'NONE', *, *, #651, .T. ) ;
#2104 = AXIS2_PLACEMENT_3D ( 'NONE', #3787, #3503, #439 ) ;
#2105 = CARTESIAN_POINT ( 'NONE',  ( 14.84994283498126322, -17.51640503886661548, 23.70216667636563557 ) ) ;
#2106 = EDGE_LOOP ( 'NONE', ( #1416, #1028, #2659, #1361 ) ) ;
#2107 = EDGE_CURVE ( 'NONE', #2679, #3579, #2304, .T. ) ;
#2108 = ORIENTED_EDGE ( 'NONE', *, *, #706, .T. ) ;
#2109 = ADVANCED_FACE ( 'NONE', ( #1785 ), #4181, .F. ) ;
#2110 = EDGE_LOOP ( 'NONE', ( #523, #1190, #232, #782 ) ) ;
#2111 = DIRECTION ( 'NONE',  ( -0.000000000000000000, -0.000000000000000000, 1.000000000000000000 ) ) ;
#2112 = FACE_BOUND ( 'NONE', #2895, .T. ) ;
#2113 = AXIS2_PLACEMENT_3D ( 'NONE', #1824, #1095, #1445 ) ;
#2114 = ORIENTED_EDGE ( 'NONE', *, *, #2032, .F. ) ;
#2115 = FACE_OUTER_BOUND ( 'NONE', #3656, .T. ) ;
#2116 = EDGE_CURVE ( 'NONE', #2048, #1951, #3918, .T. ) ;
#2117 = DIRECTION ( 'NONE',  ( 1.000000000000000000, 2.467162276944907871E-14, -3.448912900226735563E-14 ) ) ;
#2118 = CARTESIAN_POINT ( 'NONE',  ( 58.68449493129659800, -7.590472867575283722, 50.51586665186062675 ) ) ;
#2119 = DIRECTION ( 'NONE',  ( 0.000000000000000000, 6.938893903907229955E-15, -1.000000000000000000 ) ) ;
#2120 = CARTESIAN_POINT ( 'NONE',  ( 1.553966660951756176E-12, -14.85310835227569726, 33.01586665186238179 ) ) ;
#2121 = CARTESIAN_POINT ( 'NONE',  ( 1.190973452902598071E-12, -1.198569760451006854E-12, 35.01586665186282232 ) ) ;
#2122 = CARTESIAN_POINT ( 'NONE',  ( 13.49085870798537279, 15.07359064039612306, 42.88781967670414019 ) ) ;
#2123 = DIRECTION ( 'NONE',  ( 2.574809687613373848E-14, -1.000000000000000000, -2.923936424916882096E-14 ) ) ;
#2124 = ORIENTED_EDGE ( 'NONE', *, *, #2999, .F. ) ;
#2125 = ORIENTED_EDGE ( 'NONE', *, *, #436, .T. ) ;
#2126 = DIRECTION ( 'NONE',  ( -4.572676324058824505E-16, -1.000000000000000000, -6.960548489364896908E-15 ) ) ;
#2127 =( BOUNDED_CURVE ( )  B_SPLINE_CURVE ( 3, ( #1863, #2569, #939, #3188 ),
 .UNSPECIFIED., .F., .T. ) 
 B_SPLINE_CURVE_WITH_KNOTS ( ( 4, 4 ),
 ( 0.7483780475235266572, 0.7881775773921895212 ),
 .UNSPECIFIED. ) 
 CURVE ( )  GEOMETRIC_REPRESENTATION_ITEM ( )  RATIONAL_B_SPLINE_CURVE ( ( 1.000000000000000000, 0.9998680041411427410, 0.9998680041411427410, 1.000000000000000000 ) ) 
 REPRESENTATION_ITEM ( '' )  );
#2128 = ORIENTED_EDGE ( 'NONE', *, *, #3905, .F. ) ;
#2129 = VERTEX_POINT ( 'NONE', #1520 ) ;
#2130 = VERTEX_POINT ( 'NONE', #438 ) ;
#2131 = LINE ( 'NONE', #1120, #765 ) ;
#2132 = DIRECTION ( 'NONE',  ( 0.000000000000000000, -2.949029909160569536E-14, 1.000000000000000000 ) ) ;
#2133 = EDGE_CURVE ( 'NONE', #2065, #378, #1478, .T. ) ;
#2134 = VERTEX_POINT ( 'NONE', #1078 ) ;
#2135 = AXIS2_PLACEMENT_3D ( 'NONE', #3239, #1852, #3175 ) ;
#2136 = CARTESIAN_POINT ( 'NONE',  ( 13.57466686877266682, 15.00957408965083140, 42.97451335375986048 ) ) ;
#2137 = LINE ( 'NONE', #4178, #3410 ) ;
#2138 = LINE ( 'NONE', #831, #2315 ) ;
#2139 = ADVANCED_FACE ( 'NONE', ( #1102 ), #766, .F. ) ;
#2140 = EDGE_CURVE ( 'NONE', #2881, #3059, #2091, .T. ) ;
#2141 = ORIENTED_EDGE ( 'NONE', *, *, #323, .F. ) ;
#2142 = DIRECTION ( 'NONE',  ( 0.000000000000000000, -7.709882115452463178E-15, 1.000000000000000000 ) ) ;
#2143 = CARTESIAN_POINT ( 'NONE',  ( 11.66980181928757609, -19.17047433606073170, 42.03025972946602451 ) ) ;
#2144 = DIRECTION ( 'NONE',  ( 6.999999999999760336E-15, 0.000000000000000000, -1.000000000000000000 ) ) ;
#2145 = CARTESIAN_POINT ( 'NONE',  ( 17.18449493129691064, -7.590472867576325555, 51.51586665186205494 ) ) ;
#2146 = CARTESIAN_POINT ( 'NONE',  ( 6.143452244285996677, 20.68952860090856305, 21.01586665186064451 ) ) ;
#2147 = VERTEX_POINT ( 'NONE', #4160 ) ;
#2148 = ORIENTED_EDGE ( 'NONE', *, *, #1253, .F. ) ;
#2149 = LINE ( 'NONE', #4123, #3910 ) ;
#2150 = ORIENTED_EDGE ( 'NONE', *, *, #3826, .T. ) ;
#2151 = VERTEX_POINT ( 'NONE', #415 ) ;
#2152 = DIRECTION ( 'NONE',  ( 2.574809687613373848E-14, -1.000000000000000000, -2.923936424916882096E-14 ) ) ;
#2153 = DIRECTION ( 'NONE',  ( -0.6804510993672843178, 1.067787411428084141E-14, -0.7327934916262931475 ) ) ;
#2154 = LINE ( 'NONE', #3453, #2515 ) ;
#2155 = DIRECTION ( 'NONE',  ( 0.000000000000000000, -7.709882115452477378E-15, 1.000000000000000000 ) ) ;
#2156 = LINE ( 'NONE', #4179, #2879 ) ;
#2157 = CIRCLE ( 'NONE', #1735, 3.000000000000002665 ) ;
#2158 = CARTESIAN_POINT ( 'NONE',  ( 60.18449493129659800, 4.409527132424734930, 51.51586665186070491 ) ) ;
#2159 = CARTESIAN_POINT ( 'NONE',  ( 59.58449493129703001, -17.64047286757572053, 56.01586665186056990 ) ) ;
#2160 = EDGE_CURVE ( 'NONE', #695, #432, #1153, .T. ) ;
#2161 = CARTESIAN_POINT ( 'NONE',  ( 29.18449493129664063, -7.590472867576028904, 51.51586665186165703 ) ) ;
#2162 = EDGE_CURVE ( 'NONE', #4149, #645, #474, .T. ) ;
#2163 = CIRCLE ( 'NONE', #2588, 2.000000000000001776 ) ;
#2164 = CYLINDRICAL_SURFACE ( 'NONE', #4054, 1.049999999999999822 ) ;
#2165 = DIRECTION ( 'NONE',  ( 4.572676324058824505E-16, 1.000000000000000000, 6.960548489364897697E-15 ) ) ;
#2166 = DIRECTION ( 'NONE',  ( 0.000000000000000000, -7.000000000000000938E-15, 1.000000000000000000 ) ) ;
#2167 = EDGE_CURVE ( 'NONE', #2490, #78, #3457, .T. ) ;
#2168 = LINE ( 'NONE', #3515, #2364 ) ;
#2169 = ORIENTED_EDGE ( 'NONE', *, *, #4334, .F. ) ;
#2170 = EDGE_LOOP ( 'NONE', ( #1507, #4190, #1230, #1097, #4287, #1816, #3647, #426 ) ) ;
#2171 = ORIENTED_EDGE ( 'NONE', *, *, #3509, .T. ) ;
#2172 = DIRECTION ( 'NONE',  ( -2.903379291371784214E-14, 2.923936424916807628E-14, -1.000000000000000000 ) ) ;
#2173 = DIRECTION ( 'NONE',  ( 0.000000000000000000, -6.608470384673536824E-15, 1.000000000000000000 ) ) ;
#2174 = VECTOR ( 'NONE', #3112, 1000.000000000000000 ) ;
#2175 = PLANE ( 'NONE',  #4205 ) ;
#2176 = CARTESIAN_POINT ( 'NONE',  ( 49.43449493129669747, -23.84047286757601469, 48.01586665186135860 ) ) ;
#2177 = DIRECTION ( 'NONE',  ( 0.000000000000000000, 2.949029909160569536E-14, -1.000000000000000000 ) ) ;
#2178 = AXIS2_PLACEMENT_3D ( 'NONE', #3345, #1345, #3807 ) ;
#2179 = DIRECTION ( 'NONE',  ( 1.000000000000000000, 2.467162276944907871E-14, -3.448912900226734932E-14 ) ) ;
#2180 = FACE_OUTER_BOUND ( 'NONE', #2530, .T. ) ;
#2181 = CARTESIAN_POINT ( 'NONE',  ( 25.68449493129615036, 10.73507619490136733, 56.01586665186183467 ) ) ;
#2182 = ADVANCED_FACE ( 'NONE', ( #1544 ), #2884, .F. ) ;
#2183 = EDGE_CURVE ( 'NONE', #291, #2586, #2953, .T. ) ;
#2184 = CARTESIAN_POINT ( 'NONE',  ( 39.93449493129642747, -12.64047286757593369, 46.01586665186172809 ) ) ;
#2185 = DIRECTION ( 'NONE',  ( 0.000000000000000000, -6.608470384673536824E-15, 1.000000000000000000 ) ) ;
#2186 = CARTESIAN_POINT ( 'NONE',  ( 58.68449493129589456, 9.159527132424692297, 41.01586665186137992 ) ) ;
#2187 = EDGE_CURVE ( 'NONE', #912, #4328, #1186, .T. ) ;
#2188 = EDGE_CURVE ( 'NONE', #342, #565, #3570, .T. ) ;
#2189 = FACE_OUTER_BOUND ( 'NONE', #1981, .T. ) ;
#2190 = ORIENTED_EDGE ( 'NONE', *, *, #1571, .F. ) ;
#2191 = VERTEX_POINT ( 'NONE', #2925 ) ;
#2192 = ORIENTED_EDGE ( 'NONE', *, *, #2638, .T. ) ;
#2193 = LINE ( 'NONE', #2522, #1123 ) ;
#2194 = CARTESIAN_POINT ( 'NONE',  ( 13.49085870798550424, -18.55453637554830948, 22.93857265588455974 ) ) ;
#2195 = VECTOR ( 'NONE', #4320, 1000.000000000000000 ) ;
#2196 = LINE ( 'NONE', #1888, #47 ) ;
#2197 = ORIENTED_EDGE ( 'NONE', *, *, #789, .T. ) ;
#2198 = LINE ( 'NONE', #2285, #3029 ) ;
#2199 = VECTOR ( 'NONE', #19, 1000.000000000000000 ) ;
#2200 = DIRECTION ( 'NONE',  ( 0.000000000000000000, -2.949029909160569536E-14, 1.000000000000000000 ) ) ;
#2201 = LINE ( 'NONE', #456, #133 ) ;
#2202 = LINE ( 'NONE', #4183, #2690 ) ;
#2203 = B_SPLINE_CURVE_WITH_KNOTS ( 'NONE', 3,
 ( #2358, #1386, #682, #3407, #2486, #2506, #3527, #4139, #3149, #2143 ),
 .UNSPECIFIED., .F., .F.,
 ( 4, 2, 2, 2, 4 ),
 ( 0.000000000000000000, 0.0005384143458330640890, 0.001076828691666128178, 0.001615243037499192267, 0.002153657383332256356 ),
 .UNSPECIFIED. ) ;
#2204 = CARTESIAN_POINT ( 'NONE',  ( 58.68449493129622851, -12.64047286757508104, 33.32793817847802842 ) ) ;
#2205 = FACE_OUTER_BOUND ( 'NONE', #311, .T. ) ;
#2206 = FACE_OUTER_BOUND ( 'NONE', #3311, .T. ) ;
#2207 = PRODUCT_DEFINITION ( '未知', '', #1046, #1122 ) ;
#2208 = CARTESIAN_POINT ( 'NONE',  ( 16.07459584630184324, 13.10001267288398985, 24.66674456032840723 ) ) ;
#2209 = VERTEX_POINT ( 'NONE', #1914 ) ;
#2210 = ORIENTED_EDGE ( 'NONE', *, *, #2998, .F. ) ;
#2211 = VERTEX_POINT ( 'NONE', #3960 ) ;
#2212 = CARTESIAN_POINT ( 'NONE',  ( 0.6563021627625859056, -28.86547286757781805, 36.12029672067633612 ) ) ;
#2213 = DIRECTION ( 'NONE',  ( -3.469446951953611033E-14, 0.000000000000000000, -1.000000000000000000 ) ) ;
#2214 = EDGE_CURVE ( 'NONE', #4224, #118, #855, .T. ) ;
#2215 = EDGE_CURVE ( 'NONE', #312, #2130, #896, .T. ) ;
#2216 = CARTESIAN_POINT ( 'NONE',  ( 25.68449493129601890, 5.759527132423611917, 50.04023119552427801 ) ) ;
#2217 = VERTEX_POINT ( 'NONE', #1610 ) ;
#2218 = DIRECTION ( 'NONE',  ( 1.033282722615516082E-28, 2.928657122104321757E-14, -1.000000000000000000 ) ) ;
#2219 = CARTESIAN_POINT ( 'NONE',  ( 25.80619144097131468, -9.147515442977198319, 56.14692443151187007 ) ) ;
#2220 = LINE ( 'NONE', #2885, #3584 ) ;
#2221 = LINE ( 'NONE', #4248, #86 ) ;
#2222 = AXIS2_PLACEMENT_3D ( 'NONE', #1727, #751, #8 ) ;
#2223 = LINE ( 'NONE', #263, #2931 ) ;
#2224 = LINE ( 'NONE', #2317, #550 ) ;
#2225 = CIRCLE ( 'NONE', #4336, 8.000000000000007105 ) ;
#2226 = DIRECTION ( 'NONE',  ( 0.000000000000000000, 2.949029909160569536E-14, -1.000000000000000000 ) ) ;
#2227 = VECTOR ( 'NONE', #3808, 1000.000000000000000 ) ;
#2228 = CARTESIAN_POINT ( 'NONE',  ( 61.58449493129690921, -7.590472867575178029, 51.51586665186046332 ) ) ;
#2229 = ORIENTED_EDGE ( 'NONE', *, *, #4311, .F. ) ;
#2230 = ORIENTED_EDGE ( 'NONE', *, *, #2214, .T. ) ;
#2231 = ORIENTED_EDGE ( 'NONE', *, *, #2536, .T. ) ;
#2232 =( NAMED_UNIT ( * ) SI_UNIT ( $, .STERADIAN. ) SOLID_ANGLE_UNIT ( ) );
#2233 = AXIS2_PLACEMENT_3D ( 'NONE', #1869, #1896, #2200 ) ;
#2234 = LINE ( 'NONE', #3954, #4215 ) ;
#2235 = AXIS2_PLACEMENT_3D ( 'NONE', #2869, #3484, #2489 ) ;
#2236 = EDGE_CURVE ( 'NONE', #4039, #4083, #2939, .T. ) ;
#2237 = EDGE_CURVE ( 'NONE', #2699, #405, #1393, .T. ) ;
#2238 = DIRECTION ( 'NONE',  ( 1.473225881933163633E-16, 1.000000000000000000, 7.000000000000000938E-15 ) ) ;
#2239 = ORIENTED_EDGE ( 'NONE', *, *, #920, .T. ) ;
#2240 = DIRECTION ( 'NONE',  ( -2.430443709086124905E-14, 1.000000000000000000, 2.923936424916878310E-14 ) ) ;
#2241 = CIRCLE ( 'NONE', #617, 1.049999999999998934 ) ;
#2242 = ORIENTED_EDGE ( 'NONE', *, *, #2162, .F. ) ;
#2243 = EDGE_CURVE ( 'NONE', #114, #2279, #2163, .T. ) ;
#2244 = VECTOR ( 'NONE', #304, 1000.000000000000000 ) ;
#2245 = CARTESIAN_POINT ( 'NONE',  ( 25.68449493129601890, 5.759527132423611917, 50.04023119552427801 ) ) ;
#2246 = DIRECTION ( 'NONE',  ( -2.430443709086124905E-14, 1.000000000000000000, 2.923936424916878310E-14 ) ) ;
#2247 = CARTESIAN_POINT ( 'NONE',  ( 6.672687687406325452, 17.18952860090852397, 26.91143657303320325 ) ) ;
#2248 = AXIS2_PLACEMENT_3D ( 'NONE', #2281, #4222, #938 ) ;
#2249 = LINE ( 'NONE', #3595, #255 ) ;
#2250 = CARTESIAN_POINT ( 'NONE',  ( 12.00294727267901784, -24.17047433606058604, 22.20296492312822423 ) ) ;
#2251 = CARTESIAN_POINT ( 'NONE',  ( 4.134494931296805120, 12.03452713242236349, 32.01586665186167835 ) ) ;
#2252 = AXIS2_PLACEMENT_3D ( 'NONE', #2814, #146, #2478 ) ;
#2253 = EDGE_LOOP ( 'NONE', ( #708, #854, #468, #1842 ) ) ;
#2254 = CARTESIAN_POINT ( 'NONE',  ( 25.05337909994726786, -9.722548339274277751, 51.94238191810550376 ) ) ;
#2255 = ORIENTED_EDGE ( 'NONE', *, *, #3741, .T. ) ;
#2256 = VERTEX_POINT ( 'NONE', #587 ) ;
#2257 = DIRECTION ( 'NONE',  ( -1.473225881933163386E-16, -1.000000000000000000, -7.000000000000001727E-15 ) ) ;
#2258 = CARTESIAN_POINT ( 'NONE',  ( -0.9399351487373331926, 20.68952860090852752, 26.70767388453302615 ) ) ;
#2259 = ORIENTED_EDGE ( 'NONE', *, *, #3047, .T. ) ;
#2260 = CARTESIAN_POINT ( 'NONE',  ( 11.37628639389381924, -24.17047433606072815, 42.01586665186147940 ) ) ;
#2261 = VERTEX_POINT ( 'NONE', #2288 ) ;
#2262 = ORIENTED_EDGE ( 'NONE', *, *, #1464, .T. ) ;
#2263 = FACE_OUTER_BOUND ( 'NONE', #3012, .T. ) ;
#2264 = ADVANCED_FACE ( 'NONE', ( #2554 ), #899, .T. ) ;
#2265 = VERTEX_POINT ( 'NONE', #3944 ) ;
#2266 = ORIENTED_EDGE ( 'NONE', *, *, #323, .T. ) ;
#2267 = DIRECTION ( 'NONE',  ( 1.000000000000000000, 2.467162276944907871E-14, -3.448912900226735563E-14 ) ) ;
#2268 = LINE ( 'NONE', #4360, #3163 ) ;
#2269 = CARTESIAN_POINT ( 'NONE',  ( 0.1100648512621769520, 15.68952860090851154, 28.50767388453296647 ) ) ;
#2270 = EDGE_CURVE ( 'NONE', #575, #3579, #3305, .T. ) ;
#2271 = EDGE_CURVE ( 'NONE', #1319, #316, #4203, .T. ) ;
#2272 = AXIS2_PLACEMENT_3D ( 'NONE', #2709, #2907, #2576 ) ;
#2273 = CARTESIAN_POINT ( 'NONE',  ( 22.18449493129633510, 4.409527132423797902, 51.51586665186201941 ) ) ;
#2274 = CYLINDRICAL_SURFACE ( 'NONE', #1615, 10.00000000000000178 ) ;
#2275 = LINE ( 'NONE', #2983, #2477 ) ;
#2276 = EDGE_LOOP ( 'NONE', ( #465, #2543, #1926, #1996 ) ) ;
#2277 = CARTESIAN_POINT ( 'NONE',  ( -0.9399351487373334146, 17.18952860090852752, 26.70767388453300484 ) ) ;
#2278 = ORIENTED_EDGE ( 'NONE', *, *, #3082, .T. ) ;
#2279 = VERTEX_POINT ( 'NONE', #2245 ) ;
#2280 = CARTESIAN_POINT ( 'NONE',  ( 49.43449493129577377, 14.15952713242431571, 46.01586665186263048 ) ) ;
#2281 = CARTESIAN_POINT ( 'NONE',  ( 6.672687687406459567, -28.86547286757767949, 26.91143657303289061 ) ) ;
#2282 = DIRECTION ( 'NONE',  ( 0.000000000000000000, -1.000000000000000000, -2.923936424916807628E-14 ) ) ;
#2283 = ORIENTED_EDGE ( 'NONE', *, *, #3031, .T. ) ;
#2284 = ORIENTED_EDGE ( 'NONE', *, *, #3693, .T. ) ;
#2285 = CARTESIAN_POINT ( 'NONE',  ( 28.54870849366877295, 13.57374069479719658, 35.01586665186238889 ) ) ;
#2286 = ORIENTED_EDGE ( 'NONE', *, *, #892, .T. ) ;
#2287 = VERTEX_POINT ( 'NONE', #925 ) ;
#2288 = CARTESIAN_POINT ( 'NONE',  ( 0.6563021627624457954, -20.67047433606069617, 37.92029672067639012 ) ) ;
#2289 = CARTESIAN_POINT ( 'NONE',  ( 35.93449493129669747, -23.84047286757596140, 37.01586665186108149 ) ) ;
#2290 = CARTESIAN_POINT ( 'NONE',  ( 6.672687687406320123, -20.67047433606062157, 26.91143657303293679 ) ) ;
#2291 = CARTESIAN_POINT ( 'NONE',  ( 13.49170252384917390, -23.55237360053456896, 32.01586665186158598 ) ) ;
#2292 = EDGE_CURVE ( 'NONE', #2455, #512, #567, .T. ) ;
#2293 = EDGE_CURVE ( 'NONE', #54, #2048, #1938, .T. ) ;
#2294 = FACE_BOUND ( 'NONE', #2608, .T. ) ;
#2295 = CARTESIAN_POINT ( 'NONE',  ( 25.68449493129621075, 14.15952713242340977, 56.01586665186248837 ) ) ;
#2296 = VECTOR ( 'NONE', #3627, 1000.000000000000000 ) ;
#2297 = ORIENTED_EDGE ( 'NONE', *, *, #3964, .T. ) ;
#2298 = EDGE_CURVE ( 'NONE', #2762, #1444, #1883, .T. ) ;
#2299 = ORIENTED_EDGE ( 'NONE', *, *, #3963, .T. ) ;
#2300 = EDGE_LOOP ( 'NONE', ( #624, #341, #12, #3381 ) ) ;
#2301 = APPROVAL_DATE_TIME ( #6, #2854 ) ;
#2302 = CARTESIAN_POINT ( 'NONE',  ( 61.58449493129582208, 12.15952713242500494, 33.01586665186133018 ) ) ;
#2303 = CIRCLE ( 'NONE', #3282, 10.00000000000000178 ) ;
#2304 = CIRCLE ( 'NONE', #2653, 1.800000000000002931 ) ;
#2305 = DIRECTION ( 'NONE',  ( 0.000000000000000000, 7.709882115452477378E-15, -1.000000000000000000 ) ) ;
#2306 = ORIENTED_EDGE ( 'NONE', *, *, #3003, .T. ) ;
#2307 = ORIENTED_EDGE ( 'NONE', *, *, #2162, .T. ) ;
#2308 = FACE_OUTER_BOUND ( 'NONE', #2461, .T. ) ;
#2309 = CIRCLE ( 'NONE', #3430, 1.049999999999998934 ) ;
#2310 = EDGE_LOOP ( 'NONE', ( #3901, #3970 ) ) ;
#2311 = CARTESIAN_POINT ( 'NONE',  ( 0.1100648512626859893, -20.67047433606062867, 28.50767388453274265 ) ) ;
#2312 = DIRECTION ( 'NONE',  ( 0.000000000000000000, -2.949029909160569536E-14, 1.000000000000000000 ) ) ;
#2313 = VECTOR ( 'NONE', #3686, 1000.000000000000000 ) ;
#2314 = LINE ( 'NONE', #3946, #2893 ) ;
#2315 = VECTOR ( 'NONE', #736, 1000.000000000000000 ) ;
#2316 = DIRECTION ( 'NONE',  ( 0.000000000000000000, -0.000000000000000000, 1.000000000000000000 ) ) ;
#2317 = CARTESIAN_POINT ( 'NONE',  ( 11.66781768814855980, -24.17047433606108342, 92.68165751221249593 ) ) ;
#2318 = LINE ( 'NONE', #4301, #1641 ) ;
#2319 = VECTOR ( 'NONE', #471, 1000.000000000000000 ) ;
#2320 = EDGE_CURVE ( 'NONE', #68, #3750, #320, .T. ) ;
#2321 = ORIENTED_EDGE ( 'NONE', *, *, #4260, .T. ) ;
#2322 = CARTESIAN_POINT ( 'NONE',  ( 29.96292205604250469, 12.15952713242351813, 56.01586665186230363 ) ) ;
#2323 = ORIENTED_EDGE ( 'NONE', *, *, #1409, .F. ) ;
#2324 = ORIENTED_EDGE ( 'NONE', *, *, #990, .T. ) ;
#2325 = APPROVAL_STATUS ( 'not_yet_approved' ) ;
#2326 = EDGE_CURVE ( 'NONE', #1582, #1692, #1653, .T. ) ;
#2327 = EDGE_CURVE ( 'NONE', #3951, #1250, #749, .T. ) ;
#2328 = CARTESIAN_POINT ( 'NONE',  ( 29.96292205604258641, -15.64047286757586441, 35.01586665186149361 ) ) ;
#2329 = ORIENTED_EDGE ( 'NONE', *, *, #2183, .T. ) ;
#2330 = ORIENTED_EDGE ( 'NONE', *, *, #1548, .F. ) ;
#2331 = CARTESIAN_POINT ( 'NONE',  ( 25.69896435998654383, -14.20494229626613780, 56.01586665186164993 ) ) ;
#2332 = ORIENTED_EDGE ( 'NONE', *, *, #2237, .T. ) ;
#2333 = DIRECTION ( 'NONE',  ( 1.000000000000000000, 2.563899477072724264E-14, -2.902530795666727357E-14 ) ) ;
#2334 = CARTESIAN_POINT ( 'NONE',  ( 6.143452244285880326, -19.17047433606068552, 36.01586665186036385 ) ) ;
#2335 = PLANE ( 'NONE',  #4298 ) ;
#2336 = DIRECTION ( 'NONE',  ( -1.400000000000000030E-14, 1.000000000000000000, 6.000000000000000466E-15 ) ) ;
#2337 = LINE ( 'NONE', #1411, #2313 ) ;
#2338 = DIRECTION ( 'NONE',  ( -2.949029909160569536E-14, 0.000000000000000000, -1.000000000000000000 ) ) ;
#2339 = AXIS2_PLACEMENT_3D ( 'NONE', #4140, #1081, #4094 ) ;
#2340 = ORIENTED_EDGE ( 'NONE', *, *, #727, .F. ) ;
#2341 = CYLINDRICAL_SURFACE ( 'NONE', #2503, 1.049999999999999822 ) ;
#2342 = ORIENTED_EDGE ( 'NONE', *, *, #2975, .F. ) ;
#2343 = EDGE_LOOP ( 'NONE', ( #1069, #698, #2527, #2802 ) ) ;
#2344 = VERTEX_POINT ( 'NONE', #1016 ) ;
#2345 = CARTESIAN_POINT ( 'NONE',  ( 13.37845516100413867, 20.15814444103976655, 42.77603889871159737 ) ) ;
#2346 = DIRECTION ( 'NONE',  ( -1.473225881933163386E-16, -1.000000000000000000, -7.000000000000001727E-15 ) ) ;
#2347 = VERTEX_POINT ( 'NONE', #656 ) ;
#2348 = EDGE_CURVE ( 'NONE', #316, #1087, #2377, .T. ) ;
#2349 = EDGE_CURVE ( 'NONE', #565, #342, #2721, .T. ) ;
#2350 = VERTEX_POINT ( 'NONE', #4068 ) ;
#2351 = CARTESIAN_POINT ( 'NONE',  ( 61.58449493129587893, 5.040844874774107254, 36.54086665186100191 ) ) ;
#2352 = ORIENTED_EDGE ( 'NONE', *, *, #4208, .F. ) ;
#2353 = CARTESIAN_POINT ( 'NONE',  ( 60.18449493129659800, 4.409527132424734930, 51.51586665186069780 ) ) ;
#2354 = CARTESIAN_POINT ( 'NONE',  ( 25.68449493129613970, -14.21602193005371895, 32.01586665186164993 ) ) ;
#2355 = LINE ( 'NONE', #1655, #849 ) ;
#2356 = ORIENTED_EDGE ( 'NONE', *, *, #4044, .T. ) ;
#2357 = CARTESIAN_POINT ( 'NONE',  ( 30.68449493129633154, 4.409527132424007512, 51.51586665186172098 ) ) ;
#2358 = CARTESIAN_POINT ( 'NONE',  ( 13.49085870798536746, -18.55453637554845514, 42.88781967670390571 ) ) ;
#2359 = CARTESIAN_POINT ( 'NONE',  ( 13.49170252384918278, 20.07142786538246071, 22.93904678505441552 ) ) ;
#2360 = CARTESIAN_POINT ( 'NONE',  ( 11.66980181928757609, -19.17047433606073170, 42.03025972946602451 ) ) ;
#2361 = AXIS2_PLACEMENT_3D ( 'NONE', #1427, #2437, #3781 ) ;
#2362 = EDGE_LOOP ( 'NONE', ( #428, #2987, #1031, #443, #3518, #2306 ) ) ;
#2363 = ORIENTED_EDGE ( 'NONE', *, *, #3394, .F. ) ;
#2364 = VECTOR ( 'NONE', #3553, 1000.000000000000000 ) ;
#2365 = EDGE_LOOP ( 'NONE', ( #2400, #3321 ) ) ;
#2366 = FACE_OUTER_BOUND ( 'NONE', #3837, .T. ) ;
#2367 = ORIENTED_EDGE ( 'NONE', *, *, #3155, .T. ) ;
#2368 = ORIENTED_EDGE ( 'NONE', *, *, #3161, .F. ) ;
#2369 = DIRECTION ( 'NONE',  ( 1.000000000000000000, 2.574809687613458729E-14, -2.902530795666727357E-14 ) ) ;
#2370 = AXIS2_PLACEMENT_3D ( 'NONE', #1638, #1551, #1921 ) ;
#2371 = ADVANCED_FACE ( 'NONE', ( #3366 ), #2007, .T. ) ;
#2372 = ADVANCED_FACE ( 'NONE', ( #2398 ), #4048, .F. ) ;
#2373 = ORIENTED_EDGE ( 'NONE', *, *, #2615, .T. ) ;
#2374 = AXIS2_PLACEMENT_3D ( 'NONE', #2889, #3280, #2557 ) ;
#2375 = FACE_OUTER_BOUND ( 'NONE', #1908, .T. ) ;
#2376 = CARTESIAN_POINT ( 'NONE',  ( 13.57466686877266682, 15.00957408965083140, 42.97451335375986048 ) ) ;
#2377 = CIRCLE ( 'NONE', #3643, 2.000000000000001776 ) ;
#2378 = EDGE_CURVE ( 'NONE', #94, #2062, #4271, .T. ) ;
#2379 = EDGE_CURVE ( 'NONE', #1250, #74, #4131, .T. ) ;
#2380 = CIRCLE ( 'NONE', #3717, 1.799999999999999600 ) ;
#2381 = ORIENTED_EDGE ( 'NONE', *, *, #2695, .T. ) ;
#2382 = VECTOR ( 'NONE', #296, 1000.000000000000000 ) ;
#2383 = LINE ( 'NONE', #3348, #1037 ) ;
#2384 = DIRECTION ( 'NONE',  ( -3.953785700231736652E-16, -1.000000000000000000, -7.000000000000002516E-15 ) ) ;
#2385 = CARTESIAN_POINT ( 'NONE',  ( 60.18449493129656247, 4.409527132424734930, 50.51586665186069780 ) ) ;
#2386 = VECTOR ( 'NONE', #1658, 1000.000000000000000 ) ;
#2387 = CARTESIAN_POINT ( 'NONE',  ( 52.60638539706695838, 9.991902582005964817, 33.18286510982975557 ) ) ;
#2388 = CIRCLE ( 'NONE', #3658, 15.00000000000000000 ) ;
#2389 = ORIENTED_EDGE ( 'NONE', *, *, #1806, .F. ) ;
#2390 = ORIENTED_EDGE ( 'NONE', *, *, #3826, .F. ) ;
#2391 = DATE_TIME_ROLE ( 'creation_date' ) ;
#2392 = FACE_BOUND ( 'NONE', #4019, .T. ) ;
#2393 = ORIENTED_EDGE ( 'NONE', *, *, #3674, .T. ) ;
#2394 = ORIENTED_EDGE ( 'NONE', *, *, #4289, .T. ) ;
#2395 = DIRECTION ( 'NONE',  ( 2.565564719734035151E-14, -1.000000000000000000, -2.928657122104321757E-14 ) ) ;
#2396 = VECTOR ( 'NONE', #948, 1000.000000000000000 ) ;
#2397 = ORIENTED_EDGE ( 'NONE', *, *, #166, .F. ) ;
#2398 = FACE_OUTER_BOUND ( 'NONE', #3015, .T. ) ;
#2399 = DIRECTION ( 'NONE',  ( -3.953785700231736652E-16, -1.000000000000000000, -7.000000000000002516E-15 ) ) ;
#2400 = ORIENTED_EDGE ( 'NONE', *, *, #673, .F. ) ;
#2401 = DIRECTION ( 'NONE',  ( 1.473225881933163633E-16, 1.000000000000000000, 7.000000000000000938E-15 ) ) ;
#2402 = LINE ( 'NONE', #3064, #3087 ) ;
#2403 = ADVANCED_FACE ( 'NONE', ( #3017, #2375 ), #3720, .T. ) ;
#2404 = CARTESIAN_POINT ( 'NONE',  ( 29.13449493129583701, 14.15952713242393557, 41.01586665186238889 ) ) ;
#2405 = EDGE_CURVE ( 'NONE', #1444, #2762, #3425, .T. ) ;
#2406 = DIRECTION ( 'NONE',  ( -1.473225881933163386E-16, -1.000000000000000000, -7.000000000000001727E-15 ) ) ;
#2407 = ORIENTED_EDGE ( 'NONE', *, *, #2271, .T. ) ;
#2408 = VERTEX_POINT ( 'NONE', #1321 ) ;
#2409 = AXIS2_PLACEMENT_3D ( 'NONE', #417, #4075, #2144 ) ;
#2410 = FACE_OUTER_BOUND ( 'NONE', #3600, .T. ) ;
#2411 = ORIENTED_EDGE ( 'NONE', *, *, #1007, .F. ) ;
#2412 = ORIENTED_EDGE ( 'NONE', *, *, #3723, .F. ) ;
#2413 = LINE ( 'NONE', #449, #1684 ) ;
#2414 = ORIENTED_EDGE ( 'NONE', *, *, #410, .F. ) ;
#2415 = DIRECTION ( 'NONE',  ( 0.000000000000000000, -2.928657122104321757E-14, 1.000000000000000000 ) ) ;
#2416 = DIRECTION ( 'NONE',  ( -1.473225881933163386E-16, -1.000000000000000000, -7.000000000000001727E-15 ) ) ;
#2417 = VERTEX_POINT ( 'NONE', #3981 ) ;
#2418 = LINE ( 'NONE', #1172, #3711 ) ;
#2419 = CARTESIAN_POINT ( 'NONE',  ( 8.268924998906111767, -20.67047433606067486, 34.52405940917659422 ) ) ;
#2420 = CARTESIAN_POINT ( 'NONE',  ( 13.57466686877266326, 20.00789981746413915, 42.97451335375990311 ) ) ;
#2421 = EDGE_CURVE ( 'NONE', #1688, #1628, #3404, .T. ) ;
#2422 = EDGE_CURVE ( 'NONE', #2130, #1795, #1301, .T. ) ;
#2423 = CARTESIAN_POINT ( 'NONE',  ( 59.58449493129554497, 14.15952713242471717, 33.01586665186150071 ) ) ;
#2424 = DIRECTION ( 'NONE',  ( -4.843387482784487241E-29, 1.000000000000000000, 6.999999999999999361E-15 ) ) ;
#2425 = ORIENTED_EDGE ( 'NONE', *, *, #892, .F. ) ;
#2426 = VERTEX_POINT ( 'NONE', #2311 ) ;
#2427 = EDGE_CURVE ( 'NONE', #2676, #4149, #3661, .T. ) ;
#2428 = DIRECTION ( 'NONE',  ( -1.000000000000000000, -1.321694076934709258E-14, 0.000000000000000000 ) ) ;
#2429 = VERTEX_POINT ( 'NONE', #4009 ) ;
#2430 = ORIENTED_EDGE ( 'NONE', *, *, #140, .T. ) ;
#2431 = ORIENTED_EDGE ( 'NONE', *, *, #191, .T. ) ;
#2432 = DIRECTION ( 'NONE',  ( 0.000000000000000000, -6.938893903907222067E-15, 1.000000000000000000 ) ) ;
#2433 = CARTESIAN_POINT ( 'NONE',  ( 4.134494931296806897, -19.17047433606064999, 31.01586665186035319 ) ) ;
#2434 = CIRCLE ( 'NONE', #319, 1.800000000000002931 ) ;
#2435 = EDGE_LOOP ( 'NONE', ( #2803, #3478, #2680, #3491 ) ) ;
#2436 = CARTESIAN_POINT ( 'NONE',  ( 39.93449493129669747, -23.84047286757618167, 46.01586665186135150 ) ) ;
#2437 = DIRECTION ( 'NONE',  ( 1.473225881933163633E-16, 1.000000000000000000, 7.000000000000000938E-15 ) ) ;
#2438 = DIRECTION ( 'NONE',  ( -1.473225881933163633E-16, -1.000000000000000000, -7.000000000000002516E-15 ) ) ;
#2439 = CIRCLE ( 'NONE', #1458, 1.800000000000002931 ) ;
#2440 = CARTESIAN_POINT ( 'NONE',  ( 4.134494931296811338, 15.68952860090849377, 31.01586665186059122 ) ) ;
#2441 = DIRECTION ( 'NONE',  ( -1.400000000000000030E-14, 1.000000000000000000, 6.000000000000000466E-15 ) ) ;
#2442 = VECTOR ( 'NONE', #1364, 1000.000000000000000 ) ;
#2443 = CYLINDRICAL_SURFACE ( 'NONE', #1223, 1.049999999999999822 ) ;
#2444 = AXIS2_PLACEMENT_3D ( 'NONE', #1317, #4046, #4005 ) ;
#2445 = CARTESIAN_POINT ( 'NONE',  ( 0.6563021627624502363, -19.17047433606068552, 36.12029672067639297 ) ) ;
#2446 = CARTESIAN_POINT ( 'NONE',  ( 11.37628639389376950, 27.95387519731071535, 45.01586665186179914 ) ) ;
#2447 = ORIENTED_EDGE ( 'NONE', *, *, #4231, .T. ) ;
#2448 = LINE ( 'NONE', #3135, #1568 ) ;
#2449 = AXIS2_PLACEMENT_3D ( 'NONE', #3027, #1367, #4074 ) ;
#2450 = ADVANCED_FACE ( 'NONE', ( #996 ), #3344, .F. ) ;
#2451 = AXIS2_PLACEMENT_3D ( 'NONE', #2978, #1263, #259 ) ;
#2452 = DIRECTION ( 'NONE',  ( 0.000000000000000000, 7.709882115452463178E-15, -1.000000000000000000 ) ) ;
#2453 = ORIENTED_EDGE ( 'NONE', *, *, #2859, .F. ) ;
#2454 = EDGE_LOOP ( 'NONE', ( #688, #1596 ) ) ;
#2455 = VERTEX_POINT ( 'NONE', #346 ) ;
#2456 = LINE ( 'NONE', #755, #1678 ) ;
#2457 = CARTESIAN_POINT ( 'NONE',  ( 6.143452244285984243, -24.17047433606057893, 21.01586665186032832 ) ) ;
#2458 = EDGE_CURVE ( 'NONE', #1370, #199, #3041, .T. ) ;
#2459 = EDGE_CURVE ( 'NONE', #3200, #3536, #1603, .T. ) ;
#2460 = AXIS2_PLACEMENT_3D ( 'NONE', #4291, #2240, #895 ) ;
#2461 = EDGE_LOOP ( 'NONE', ( #4172, #1557, #603, #3100 ) ) ;
#2462 = CARTESIAN_POINT ( 'NONE',  ( 53.34211332986847509, -14.66834487229745854, 33.01586665186083991 ) ) ;
#2463 = LINE ( 'NONE', #830, #1591 ) ;
#2464 = CARTESIAN_POINT ( 'NONE',  ( 4.134494931296774034, 12.03452713242229954, 42.01586665186167835 ) ) ;
#2465 = DIRECTION ( 'NONE',  ( 3.953785700231736652E-16, 1.000000000000000000, 7.000000000000002516E-15 ) ) ;
#2466 = DIRECTION ( 'NONE',  ( -1.400000000000000030E-14, 1.000000000000000000, 6.000000000000000466E-15 ) ) ;
#2467 = CARTESIAN_POINT ( 'NONE',  ( 11.68449493129691952, 12.03452713242229954, 42.01586665186169967 ) ) ;
#2468 = FACE_OUTER_BOUND ( 'NONE', #3138, .T. ) ;
#2469 = EDGE_LOOP ( 'NONE', ( #2631, #1065 ) ) ;
#2470 = ORIENTED_EDGE ( 'NONE', *, *, #2243, .T. ) ;
#2471 = DIRECTION ( 'NONE',  ( -1.473225881933163633E-16, -1.000000000000000000, -7.000000000000002516E-15 ) ) ;
#2472 = APPROVAL ( #690, '未指定' ) ;
#2473 = ORIENTED_EDGE ( 'NONE', *, *, #2270, .T. ) ;
#2474 = ORIENTED_EDGE ( 'NONE', *, *, #1492, .T. ) ;
#2475 = VERTEX_POINT ( 'NONE', #3780 ) ;
#2476 = DIRECTION ( 'NONE',  ( 0.000000000000000000, 7.709882115452477378E-15, -1.000000000000000000 ) ) ;
#2477 = VECTOR ( 'NONE', #4036, 1000.000000000000000 ) ;
#2478 = DIRECTION ( 'NONE',  ( 0.000000000000000000, -1.000000000000000000, -2.775557561562891351E-14 ) ) ;
#2479 = CIRCLE ( 'NONE', #792, 8.000000000000000000 ) ;
#2480 = ADVANCED_FACE ( 'NONE', ( #2115 ), #2790, .T. ) ;
#2481 = EDGE_CURVE ( 'NONE', #4219, #1418, #409, .T. ) ;
#2482 = CYLINDRICAL_SURFACE ( 'NONE', #612, 3.000000000000000888 ) ;
#2483 = DIRECTION ( 'NONE',  ( -3.469446951953611033E-14, 0.000000000000000000, -1.000000000000000000 ) ) ;
#2484 = CARTESIAN_POINT ( 'NONE',  ( 61.58449493129582208, 12.15952713242477223, 41.01586665186133018 ) ) ;
#2485 = DIRECTION ( 'NONE',  ( -1.000000000000000000, -2.563899477072724264E-14, 2.902530795666727357E-14 ) ) ;
#2486 = CARTESIAN_POINT ( 'NONE',  ( 12.84373987011878171, -18.93613262577376233, 42.39363162483315506 ) ) ;
#2487 = LINE ( 'NONE', #2887, #2959 ) ;
#2488 = CARTESIAN_POINT ( 'NONE',  ( 5.622687687406346058, -20.67047433606062157, 26.91143657303294390 ) ) ;
#2489 = DIRECTION ( 'NONE',  ( -2.902530795666727357E-14, 0.000000000000000000, -1.000000000000000000 ) ) ;
#2490 = VERTEX_POINT ( 'NONE', #3496 ) ;
#2491 = CYLINDRICAL_SURFACE ( 'NONE', #3070, 1.800000000000002931 ) ;
#2492 = ORIENTED_EDGE ( 'NONE', *, *, #2379, .T. ) ;
#2493 = ORIENTED_EDGE ( 'NONE', *, *, #1032, .T. ) ;
#2494 = ORIENTED_EDGE ( 'NONE', *, *, #2806, .F. ) ;
#2495 = DIRECTION ( 'NONE',  ( -2.430443709086124905E-14, 1.000000000000000000, 3.347036710976368263E-14 ) ) ;
#2496 = LINE ( 'NONE', #1187, #600 ) ;
#2497 = CARTESIAN_POINT ( 'NONE',  ( 53.43449493129642036, -14.85310835227438986, 33.01586665186083280 ) ) ;
#2498 = ORIENTED_EDGE ( 'NONE', *, *, #652, .T. ) ;
#2499 = DIRECTION ( 'NONE',  ( -4.843387482784487241E-29, 1.000000000000000000, 6.999999999999999361E-15 ) ) ;
#2500 = CARTESIAN_POINT ( 'NONE',  ( 58.68449493129688932, -12.64047286757574540, 56.01586665186074043 ) ) ;
#2501 = ADVANCED_FACE ( 'NONE', ( #761 ), #1780, .F. ) ;
#2502 = ADVANCED_FACE ( 'NONE', ( #57 ), #1167, .F. ) ;
#2503 = AXIS2_PLACEMENT_3D ( 'NONE', #3066, #3763, #1022 ) ;
#2504 = DIRECTION ( 'NONE',  ( -1.000000000000000000, -2.430443709086124905E-14, -8.123111349376294019E-28 ) ) ;
#2505 = AXIS2_PLACEMENT_3D ( 'NONE', #98, #4259, #3203 ) ;
#2506 = CARTESIAN_POINT ( 'NONE',  ( 12.53468219376153492, -19.04779570505959896, 42.24320449921687270 ) ) ;
#2507 = CARTESIAN_POINT ( 'NONE',  ( -5.865505068703124714, -24.17047433606057538, 21.01586665186024305 ) ) ;
#2508 = AXIS2_PLACEMENT_3D ( 'NONE', #2070, #2336, #3685 ) ;
#2509 = EDGE_CURVE ( 'NONE', #1508, #1950, #197, .T. ) ;
#2510 = EDGE_CURVE ( 'NONE', #3629, #2475, #2154, .T. ) ;
#2511 = VECTOR ( 'NONE', #3591, 1000.000000000000000 ) ;
#2512 = DIRECTION ( 'NONE',  ( 1.000000000000000000, 2.443887161124674809E-14, -3.448912900226735563E-14 ) ) ;
#2513 = DIRECTION ( 'NONE',  ( 1.000000000000000000, 2.467162276944907871E-14, -3.448912900226735563E-14 ) ) ;
#2514 = LINE ( 'NONE', #553, #1845 ) ;
#2515 = VECTOR ( 'NONE', #433, 1000.000000000000000 ) ;
#2516 = DIRECTION ( 'NONE',  ( 2.430443709086124905E-14, -1.000000000000000000, -2.923936424916878310E-14 ) ) ;
#2517 = LOCAL_TIME ( 15, 32, 25.00000000000000000, #625 ) ;
#2518 = VECTOR ( 'NONE', #2750, 1000.000000000000000 ) ;
#2519 = EDGE_LOOP ( 'NONE', ( #3486, #623 ) ) ;
#2520 = ORIENTED_EDGE ( 'NONE', *, *, #1788, .F. ) ;
#2521 = ORIENTED_EDGE ( 'NONE', *, *, #1999, .F. ) ;
#2522 = CARTESIAN_POINT ( 'NONE',  ( 39.93449493129642747, -12.64047286757599764, 48.01586665186172809 ) ) ;
#2523 = CYLINDRICAL_SURFACE ( 'NONE', #3033, 10.00000000000000178 ) ;
#2524 = AXIS2_PLACEMENT_3D ( 'NONE', #2289, #2246, #2312 ) ;
#2525 = LINE ( 'NONE', #1236, #3718 ) ;
#2526 = VERTEX_POINT ( 'NONE', #3844 ) ;
#2527 = ORIENTED_EDGE ( 'NONE', *, *, #301, .F. ) ;
#2528 = CARTESIAN_POINT ( 'NONE',  ( 0.6563021627624457954, -20.67047433606068552, 36.12029672067639297 ) ) ;
#2529 = VECTOR ( 'NONE', #2718, 1000.000000000000000 ) ;
#2530 = EDGE_LOOP ( 'NONE', ( #3516, #1461, #1310, #1332 ) ) ;
#2531 = DIRECTION ( 'NONE',  ( -2.949029909160569536E-14, 0.000000000000000000, -1.000000000000000000 ) ) ;
#2532 = PRODUCT_RELATED_PRODUCT_CATEGORY ( 'detail', '', ( #989 ) ) ;
#2533 = CARTESIAN_POINT ( 'NONE',  ( 13.57466686877268813, -18.49051982480313328, 42.97451335375966863 ) ) ;
#2534 = LINE ( 'NONE', #3593, #2980 ) ;
#2535 = FACE_OUTER_BOUND ( 'NONE', #750, .T. ) ;
#2536 = EDGE_CURVE ( 'NONE', #420, #711, #1710, .T. ) ;
#2537 = ADVANCED_FACE ( 'NONE', ( #829 ), #2175, .T. ) ;
#2538 = FACE_OUTER_BOUND ( 'NONE', #2947, .T. ) ;
#2539 = LINE ( 'NONE', #2911, #2973 ) ;
#2540 = VECTOR ( 'NONE', #4297, 1000.000000000000000 ) ;
#2541 = DIRECTION ( 'NONE',  ( -1.000000000000000000, 4.857225732734893993E-29, -6.999999999999761914E-15 ) ) ;
#2542 = ORIENTED_EDGE ( 'NONE', *, *, #3620, .T. ) ;
#2543 = ORIENTED_EDGE ( 'NONE', *, *, #109, .T. ) ;
#2544 = EDGE_LOOP ( 'NONE', ( #2330, #2230, #1051, #4330 ) ) ;
#2545 = DIRECTION ( 'NONE',  ( -2.430443709086124905E-14, 1.000000000000000000, 3.347036710976368263E-14 ) ) ;
#2546 = LINE ( 'NONE', #1580, #911 ) ;
#2547 = DIRECTION ( 'NONE',  ( -1.400000000000000030E-14, 1.000000000000000000, 6.000000000000000466E-15 ) ) ;
#2548 = ORIENTED_EDGE ( 'NONE', *, *, #1007, .T. ) ;
#2549 = CARTESIAN_POINT ( 'NONE',  ( 30.68449493129646299, -12.64047286757602606, 35.01586665186155756 ) ) ;
#2550 =( BOUNDED_CURVE ( )  B_SPLINE_CURVE ( 3, ( #2376, #3389, #3721, #4333 ),
 .UNSPECIFIED., .F., .T. ) 
 B_SPLINE_CURVE_WITH_KNOTS ( ( 4, 4 ),
 ( 3.889970701113329987, 3.930166830398006184 ),
 .UNSPECIFIED. ) 
 CURVE ( )  GEOMETRIC_REPRESENTATION_ITEM ( )  RATIONAL_B_SPLINE_CURVE ( ( 1.000000000000000000, 0.9998653604647392834, 0.9998653604647392834, 1.000000000000000000 ) ) 
 REPRESENTATION_ITEM ( '' )  );
#2551 = VECTOR ( 'NONE', #2822, 1000.000000000000000 ) ;
#2552 = ORIENTED_EDGE ( 'NONE', *, *, #4115, .F. ) ;
#2553 = ORIENTED_EDGE ( 'NONE', *, *, #4114, .T. ) ;
#2554 = FACE_OUTER_BOUND ( 'NONE', #2567, .T. ) ;
#2555 = LINE ( 'NONE', #3945, #4214 ) ;
#2556 = FACE_OUTER_BOUND ( 'NONE', #885, .T. ) ;
#2557 = DIRECTION ( 'NONE',  ( -2.949029909160569536E-14, 0.000000000000000000, -1.000000000000000000 ) ) ;
#2558 = FACE_BOUND ( 'NONE', #1470, .T. ) ;
#2559 = VERTEX_POINT ( 'NONE', #1426 ) ;
#2560 = FACE_OUTER_BOUND ( 'NONE', #2110, .T. ) ;
#2561 = EDGE_CURVE ( 'NONE', #985, #68, #3757, .T. ) ;
#2562 = EDGE_CURVE ( 'NONE', #378, #1764, #2944, .T. ) ;
#2563 = B_SPLINE_CURVE_WITH_KNOTS ( 'NONE', 3,
 ( #3903, #3249, #3582, #1275, #1233, #1534, #210, #3884 ),
 .UNSPECIFIED., .F., .F.,
 ( 4, 2, 2, 4 ),
 ( 1.734723475976807094E-18, 0.0005381041034415406758, 0.001076208206883079617, 0.002152416413766165305 ),
 .UNSPECIFIED. ) ;
#2564 = CARTESIAN_POINT ( 'NONE',  ( -0.9399351487373336367, 17.18952860090851331, 28.50767388453300200 ) ) ;
#2565 = ORIENTED_EDGE ( 'NONE', *, *, #990, .F. ) ;
#2566 = EDGE_LOOP ( 'NONE', ( #712, #3159, #119, #3715, #215, #3038, #69, #511 ) ) ;
#2567 = EDGE_LOOP ( 'NONE', ( #2740, #3232, #556, #519, #1993, #2697 ) ) ;
#2568 = LINE ( 'NONE', #888, #1547 ) ;
#2569 = CARTESIAN_POINT ( 'NONE',  ( 13.54758344737514264, -23.50958406256211575, 42.94534659225458739 ) ) ;
#2570 = ORIENTED_EDGE ( 'NONE', *, *, #492, .F. ) ;
#2571 = DIRECTION ( 'NONE',  ( 0.000000000000000000, -1.000000000000000000, -9.251858538542973800E-15 ) ) ;
#2572 = ORIENTED_EDGE ( 'NONE', *, *, #2829, .T. ) ;
#2573 = CARTESIAN_POINT ( 'NONE',  ( 37.93449493129669747, -23.84047286757591166, 37.01586665186108149 ) ) ;
#2574 =( BOUNDED_CURVE ( )  B_SPLINE_CURVE ( 3, ( #131, #4112, #1173, #2533 ),
 .UNSPECIFIED., .F., .T. ) 
 B_SPLINE_CURVE_WITH_KNOTS ( ( 4, 4 ),
 ( 5.494611130371363394, 5.534807259656055578 ),
 .UNSPECIFIED. ) 
 CURVE ( )  GEOMETRIC_REPRESENTATION_ITEM ( )  RATIONAL_B_SPLINE_CURVE ( ( 1.000000000000000000, 0.9998653604647392834, 0.9998653604647392834, 1.000000000000000000 ) ) 
 REPRESENTATION_ITEM ( '' )  );
#2575 = DIRECTION ( 'NONE',  ( 2.902530795666726726E-14, 0.000000000000000000, 1.000000000000000000 ) ) ;
#2576 = DIRECTION ( 'NONE',  ( -2.949029909160569536E-14, 0.000000000000000000, -1.000000000000000000 ) ) ;
#2577 = AXIS2_PLACEMENT_3D ( 'NONE', #762, #3106, #2155 ) ;
#2578 = CARTESIAN_POINT ( 'NONE',  ( 4.134494931296804232, 15.68952860090848667, 32.01586665186169967 ) ) ;
#2579 = CARTESIAN_POINT ( 'NONE',  ( 6.672687687406319235, -24.17047433606063578, 28.71143657303291263 ) ) ;
#2580 = AXIS2_PLACEMENT_3D ( 'NONE', #2322, #2894, #555 ) ;
#2581 = CARTESIAN_POINT ( 'NONE',  ( 60.18449493129690353, -7.590472867575265070, 51.51586665186056990 ) ) ;
#2582 = CIRCLE ( 'NONE', #3147, 1.000000000000000888 ) ;
#2583 = LINE ( 'NONE', #1229, #3415 ) ;
#2584 = EDGE_CURVE ( 'NONE', #2347, #2676, #4108, .T. ) ;
#2585 = VERTEX_POINT ( 'NONE', #785 ) ;
#2586 = VERTEX_POINT ( 'NONE', #2136 ) ;
#2587 = CARTESIAN_POINT ( 'NONE',  ( -0.3936978372375505852, -19.17047433606068552, 36.12029672067639297 ) ) ;
#2588 = AXIS2_PLACEMENT_3D ( 'NONE', #1286, #1635, #2531 ) ;
#2589 = CARTESIAN_POINT ( 'NONE',  ( 0.6563021627624502363, -19.17047433606068552, 36.12029672067639297 ) ) ;
#2590 = CIRCLE ( 'NONE', #3850, 1.799999999999999600 ) ;
#2591 = DIRECTION ( 'NONE',  ( 0.000000000000000000, -7.000000000000000938E-15, 1.000000000000000000 ) ) ;
#2592 = ADVANCED_FACE ( 'NONE', ( #2816 ), #4156, .T. ) ;
#2593 = ADVANCED_FACE ( 'NONE', ( #1148 ), #2482, .F. ) ;
#2594 = ORIENTED_EDGE ( 'NONE', *, *, #2481, .F. ) ;
#2595 = PLANE ( 'NONE',  #60 ) ;
#2596 = CIRCLE ( 'NONE', #2805, 2.000000000000000000 ) ;
#2597 = ORIENTED_EDGE ( 'NONE', *, *, #3963, .F. ) ;
#2598 = VECTOR ( 'NONE', #4228, 1000.000000000000000 ) ;
#2599 = DIRECTION ( 'NONE',  ( 0.000000000000000000, 6.608470384673536824E-15, -1.000000000000000000 ) ) ;
#2600 = CARTESIAN_POINT ( 'NONE',  ( 35.93449493129654115, -17.64047286757577382, 37.01586665186125913 ) ) ;
#2601 = DIRECTION ( 'NONE',  ( 0.000000000000000000, 6.608470384673536824E-15, -1.000000000000000000 ) ) ;
#2602 = CARTESIAN_POINT ( 'NONE',  ( 30.68449493129660866, -7.590472867575992488, 50.51586665186159308 ) ) ;
#2603 = FACE_OUTER_BOUND ( 'NONE', #2544, .T. ) ;
#2604 = LINE ( 'NONE', #640, #1779 ) ;
#2605 = AXIS2_PLACEMENT_3D ( 'NONE', #2834, #1825, #4192 ) ;
#2606 = ORIENTED_EDGE ( 'NONE', *, *, #2073, .T. ) ;
#2607 = LINE ( 'NONE', #2277, #253 ) ;
#2608 = EDGE_LOOP ( 'NONE', ( #3774, #2266 ) ) ;
#2609 = EDGE_LOOP ( 'NONE', ( #136, #853, #3040, #2741, #1211, #5, #2197, #851 ) ) ;
#2610 = DIRECTION ( 'NONE',  ( 1.000000000000000000, 2.467162276944907871E-14, -3.448912900226735563E-14 ) ) ;
#2611 = CARTESIAN_POINT ( 'NONE',  ( 59.58449493129658237, -17.64047286757527999, 41.01586665186056990 ) ) ;
#2612 = CARTESIAN_POINT ( 'NONE',  ( 30.68449493129590522, 9.159527132423974649, 41.01586665186219705 ) ) ;
#2613 = VERTEX_POINT ( 'NONE', #2260 ) ;
#2614 = ADVANCED_FACE ( 'NONE', ( #3907, #1605 ), #2900, .T. ) ;
#2615 = EDGE_CURVE ( 'NONE', #2896, #3074, #2871, .T. ) ;
#2616 = EDGE_LOOP ( 'NONE', ( #3086, #3902 ) ) ;
#2617 = CARTESIAN_POINT ( 'NONE',  ( 60.18449493129659800, 4.409527132424734930, 51.51586665186069780 ) ) ;
#2618 = CARTESIAN_POINT ( 'NONE',  ( 0.1100648512626649506, -19.17047433606063223, 28.50767388453274265 ) ) ;
#2619 = CARTESIAN_POINT ( 'NONE',  ( 4.134494931296799791, -19.17047433606065709, 32.01586665186149361 ) ) ;
#2620 = AXIS2_PLACEMENT_3D ( 'NONE', #4186, #223, #1574 ) ;
#2621 = DIRECTION ( 'NONE',  ( -4.843387482784487241E-29, 1.000000000000000000, 6.999999999999999361E-15 ) ) ;
#2622 = DIRECTION ( 'NONE',  ( 3.953785700231736652E-16, 1.000000000000000000, 7.000000000000002516E-15 ) ) ;
#2623 = DIRECTION ( 'NONE',  ( -1.473225881933163633E-16, -1.000000000000000000, -7.000000000000002516E-15 ) ) ;
#2624 = ORIENTED_EDGE ( 'NONE', *, *, #3943, .F. ) ;
#2625 = CARTESIAN_POINT ( 'NONE',  ( 0.6563021627624517906, 20.68952860090844581, 37.92029672067667434 ) ) ;
#2626 = EDGE_LOOP ( 'NONE', ( #3814, #3273, #1094, #1518, #1815, #1935, #160, #4322 ) ) ;
#2627 = ORIENTED_EDGE ( 'NONE', *, *, #2615, .F. ) ;
#2628 = APPROVAL_STATUS ( 'not_yet_approved' ) ;
#2629 = CARTESIAN_POINT ( 'NONE',  ( 13.57466686877269169, -24.17047433606072104, 42.97451335375964021 ) ) ;
#2630 = CARTESIAN_POINT ( 'NONE',  ( 8.268924998906252100, -28.86547286757770081, 34.52405940917653737 ) ) ;
#2631 = ORIENTED_EDGE ( 'NONE', *, *, #4199, .F. ) ;
#2632 = VERTEX_POINT ( 'NONE', #4286 ) ;
#2633 = CARTESIAN_POINT ( 'NONE',  ( 7.218924998905604795, 17.18952860090847068, 34.52405940917681448 ) ) ;
#2634 = ORIENTED_EDGE ( 'NONE', *, *, #3394, .T. ) ;
#2635 = VERTEX_POINT ( 'NONE', #1846 ) ;
#2636 = CARTESIAN_POINT ( 'NONE',  ( 14.67526736760541795, 19.16514018025974053, 35.01586665186295022 ) ) ;
#2637 = DIRECTION ( 'NONE',  ( 1.000000000000000000, 2.467162276944907871E-14, -3.448912900226734932E-14 ) ) ;
#2638 = EDGE_CURVE ( 'NONE', #2134, #1509, #2196, .T. ) ;
#2639 = DIRECTION ( 'NONE',  ( -0.6079616119002045904, -0.7939664214913026985, -5.606281138885539762E-15 ) ) ;
#2640 = FACE_BOUND ( 'NONE', #2469, .T. ) ;
#2641 = DIRECTION ( 'NONE',  ( -1.000000000000000000, -1.321694076934710363E-14, 0.000000000000000000 ) ) ;
#2642 = ADVANCED_FACE ( 'NONE', ( #4243 ), #1581, .F. ) ;
#2643 = FACE_OUTER_BOUND ( 'NONE', #1162, .T. ) ;
#2644 = ORIENTED_EDGE ( 'NONE', *, *, #2774, .T. ) ;
#2645 = EDGE_CURVE ( 'NONE', #1163, #3183, #2590, .T. ) ;
#2646 = EDGE_LOOP ( 'NONE', ( #1794, #75, #3996, #3545, #42, #4290, #754, #2307 ) ) ;
#2647 = VECTOR ( 'NONE', #4345, 1000.000000000000000 ) ;
#2648 = CARTESIAN_POINT ( 'NONE',  ( 30.68449493129633154, 4.409527132424007512, 51.51586665186172098 ) ) ;
#2649 = ORIENTED_EDGE ( 'NONE', *, *, #4114, .F. ) ;
#2650 = ORIENTED_EDGE ( 'NONE', *, *, #863, .T. ) ;
#2651 = DIRECTION ( 'NONE',  ( 1.000000000000000000, 0.000000000000000000, 0.000000000000000000 ) ) ;
#2652 = VECTOR ( 'NONE', #3000, 1000.000000000000000 ) ;
#2653 = AXIS2_PLACEMENT_3D ( 'NONE', #3526, #170, #2142 ) ;
#2654 = DIRECTION ( 'NONE',  ( 0.000000000000000000, 7.709882115452477378E-15, -1.000000000000000000 ) ) ;
#2655 = ORIENTED_EDGE ( 'NONE', *, *, #3236, .T. ) ;
#2656 = LINE ( 'NONE', #3402, #3429 ) ;
#2657 = AXIS2_PLACEMENT_3D ( 'NONE', #3499, #102, #477 ) ;
#2658 = VECTOR ( 'NONE', #4117, 1000.000000000000000 ) ;
#2659 = ORIENTED_EDGE ( 'NONE', *, *, #813, .T. ) ;
#2660 = DIRECTION ( 'NONE',  ( 1.515820982036614286E-31, -1.000000000000000000, -6.960548489364893752E-15 ) ) ;
#2661 = AXIS2_PLACEMENT_3D ( 'NONE', #292, #3356, #2651 ) ;
#2662 = DIRECTION ( 'NONE',  ( -1.400000000000000030E-14, 1.000000000000000000, 6.000000000000000466E-15 ) ) ;
#2663 = AXIS2_PLACEMENT_3D ( 'NONE', #3262, #2622, #3988 ) ;
#2664 = CARTESIAN_POINT ( 'NONE',  ( 29.96292205604325076, -17.64047286757648436, 56.01586665186142966 ) ) ;
#2665 = AXIS2_PLACEMENT_3D ( 'NONE', #3567, #1870, #1240 ) ;
#2666 = FACE_OUTER_BOUND ( 'NONE', #800, .T. ) ;
#2667 = CARTESIAN_POINT ( 'NONE',  ( 61.08449493129688790, -1.740472867575742821, 56.01586665186281522 ) ) ;
#2668 = DIRECTION ( 'NONE',  ( -0.6804510993672843178, 0.000000000000000000, -0.7327934916262931475 ) ) ;
#2669 = CIRCLE ( 'NONE', #4216, 2.000000000000001776 ) ;
#2670 = ADVANCED_FACE ( 'NONE', ( #1279, #2919, #3866 ), #3585, .T. ) ;
#2671 = EDGE_CURVE ( 'NONE', #137, #2896, #2525, .T. ) ;
#2672 = EDGE_LOOP ( 'NONE', ( #3034, #2674, #268, #1540 ) ) ;
#2673 = LINE ( 'NONE', #1660, #1178 ) ;
#2674 = ORIENTED_EDGE ( 'NONE', *, *, #3320, .T. ) ;
#2675 = ORIENTED_EDGE ( 'NONE', *, *, #1731, .T. ) ;
#2676 = VERTEX_POINT ( 'NONE', #499 ) ;
#2677 = CALENDAR_DATE ( 2026, 24, 6 ) ;
#2678 = DIRECTION ( 'NONE',  ( 0.000000000000000000, 6.608470384673557335E-15, -1.000000000000000000 ) ) ;
#2679 = VERTEX_POINT ( 'NONE', #3231 ) ;
#2680 = ORIENTED_EDGE ( 'NONE', *, *, #4200, .T. ) ;
#2681 = DIRECTION ( 'NONE',  ( 0.000000000000000000, -7.709882115452477378E-15, 1.000000000000000000 ) ) ;
#2682 = ORIENTED_EDGE ( 'NONE', *, *, #812, .F. ) ;
#2683 = CARTESIAN_POINT ( 'NONE',  ( 1.190973452902598071E-12, -1.198569760451006854E-12, 33.01586665186281522 ) ) ;
#2684 = DIRECTION ( 'NONE',  ( 2.558717127065706845E-14, -1.000000000000000000, -2.928657122104321757E-14 ) ) ;
#2685 = FACE_OUTER_BOUND ( 'NONE', #746, .T. ) ;
#2686 = CARTESIAN_POINT ( 'NONE',  ( -0.9399351487378228009, 15.68952860090851154, 28.50767388453295936 ) ) ;
#2687 = DIRECTION ( 'NONE',  ( -2.903379291371784214E-14, 2.923936424916807628E-14, -1.000000000000000000 ) ) ;
#2688 = AXIS2_PLACEMENT_3D ( 'NONE', #421, #4120, #1792 ) ;
#2689 = CARTESIAN_POINT ( 'NONE',  ( 53.68449493129639194, -8.221790609925024640, 36.54086665186088112 ) ) ;
#2690 = VECTOR ( 'NONE', #526, 1000.000000000000000 ) ;
#2691 = FACE_OUTER_BOUND ( 'NONE', #4, .T. ) ;
#2692 = VERTEX_POINT ( 'NONE', #518 ) ;
#2693 = EDGE_LOOP ( 'NONE', ( #1484, #4202 ) ) ;
#2694 = CALENDAR_DATE ( 2026, 24, 6 ) ;
#2695 = EDGE_CURVE ( 'NONE', #91, #2191, #2127, .T. ) ;
#2696 = EDGE_CURVE ( 'NONE', #1757, #4281, #1514, .T. ) ;
#2697 = ORIENTED_EDGE ( 'NONE', *, *, #3560, .F. ) ;
#2698 = CARTESIAN_POINT ( 'NONE',  ( -0.9399351487373336367, 17.18952860090849910, 30.30767388453300271 ) ) ;
#2699 = VERTEX_POINT ( 'NONE', #3542 ) ;
#2700 = ORIENTED_EDGE ( 'NONE', *, *, #947, .T. ) ;
#2701 = FACE_OUTER_BOUND ( 'NONE', #3737, .T. ) ;
#2702 = ADVANCED_FACE ( 'NONE', ( #186 ), #1539, .F. ) ;
#2703 = EDGE_CURVE ( 'NONE', #3274, #2881, #2880, .T. ) ;
#2704 = ORIENTED_EDGE ( 'NONE', *, *, #2912, .T. ) ;
#2705 = DIRECTION ( 'NONE',  ( 0.6246950475544129633, 0.7808688094430393800, 0.000000000000000000 ) ) ;
#2706 = DIRECTION ( 'NONE',  ( -1.000000000000000000, -1.321694076934709258E-14, 0.000000000000000000 ) ) ;
#2707 = DIRECTION ( 'NONE',  ( 2.430443709086124905E-14, -1.000000000000000000, -2.923936424916878310E-14 ) ) ;
#2708 = DIRECTION ( 'NONE',  ( -1.400000000000000030E-14, 1.000000000000000000, 6.000000000000000466E-15 ) ) ;
#2709 = CARTESIAN_POINT ( 'NONE',  ( 25.68449493129633510, 4.409527132423884055, 51.51586665186189862 ) ) ;
#2710 = AXIS2_PLACEMENT_3D ( 'NONE', #3097, #2715, #3382 ) ;
#2711 = EDGE_LOOP ( 'NONE', ( #3939, #1283, #3248, #254 ) ) ;
#2712 = ORIENTED_EDGE ( 'NONE', *, *, #1356, .T. ) ;
#2713 = APPLICATION_PROTOCOL_DEFINITION ( 'international standard', 'config_control_design', 1994, #3016 ) ;
#2714 = AXIS2_PLACEMENT_3D ( 'NONE', #2648, #2985, #225 ) ;
#2715 = DIRECTION ( 'NONE',  ( 1.000000000000000000, 2.467162276944908187E-14, -3.448912900226734932E-14 ) ) ;
#2716 = ORIENTED_EDGE ( 'NONE', *, *, #4207, .F. ) ;
#2717 = ORIENTED_EDGE ( 'NONE', *, *, #2722, .T. ) ;
#2718 = DIRECTION ( 'NONE',  ( 1.000000000000000000, 2.428612866367530563E-14, 5.139921410301651782E-16 ) ) ;
#2719 = AXIS2_PLACEMENT_3D ( 'NONE', #1366, #2707, #1410 ) ;
#2720 = ORIENTED_EDGE ( 'NONE', *, *, #863, .F. ) ;
#2721 = CIRCLE ( 'NONE', #123, 1.000000000000000888 ) ;
#2722 = EDGE_CURVE ( 'NONE', #670, #2279, #1506, .T. ) ;
#2723 = ADVANCED_FACE ( 'NONE', ( #3887 ), #3605, .F. ) ;
#2724 = DIRECTION ( 'NONE',  ( -1.000000000000000000, -2.467162276944907871E-14, 3.448912900226734932E-14 ) ) ;
#2725 = CARTESIAN_POINT ( 'NONE',  ( 25.80619144097132178, 5.666569707824678837, 56.14692443151196244 ) ) ;
#2726 = AXIS2_PLACEMENT_3D ( 'NONE', #4353, #3694, #4025 ) ;
#2727 = CIRCLE ( 'NONE', #1392, 1.050000000000002265 ) ;
#2728 = ADVANCED_FACE ( 'NONE', ( #3439, #3975 ), #1665, .F. ) ;
#2729 = CIRCLE ( 'NONE', #407, 8.000000000000000000 ) ;
#2730 = CARTESIAN_POINT ( 'NONE',  ( 8.268924998905626822, 15.68952860090847068, 34.52405940917680738 ) ) ;
#2731 = CARTESIAN_POINT ( 'NONE',  ( 29.96292205604189718, 12.15952713242413274, 35.01586665186230363 ) ) ;
#2732 = CYLINDRICAL_SURFACE ( 'NONE', #1712, 2.000000000000001776 ) ;
#2733 = AXIS2_PLACEMENT_3D ( 'NONE', #149, #4198, #1782 ) ;
#2734 = DIRECTION ( 'NONE',  ( -3.448912900226734932E-14, 0.000000000000000000, -1.000000000000000000 ) ) ;
#2735 = CIRCLE ( 'NONE', #1053, 1.799999999999999600 ) ;
#2736 = ORIENTED_EDGE ( 'NONE', *, *, #4342, .T. ) ;
#2737 = ORIENTED_EDGE ( 'NONE', *, *, #1758, .T. ) ;
#2738 = ORIENTED_EDGE ( 'NONE', *, *, #2293, .F. ) ;
#2739 = CARTESIAN_POINT ( 'NONE',  ( 11.66980181928722260, -16.17047433606108697, 92.68165751221269488 ) ) ;
#2740 = ORIENTED_EDGE ( 'NONE', *, *, #437, .F. ) ;
#2741 = ORIENTED_EDGE ( 'NONE', *, *, #1006, .T. ) ;
#2742 = ORIENTED_EDGE ( 'NONE', *, *, #4231, .F. ) ;
#2743 = CARTESIAN_POINT ( 'NONE',  ( 59.48449493129687227, 0.2595271324241753552, 56.01586665186281522 ) ) ;
#2744 = ORIENTED_EDGE ( 'NONE', *, *, #539, .F. ) ;
#2745 = DIRECTION ( 'NONE',  ( 1.473225881933163633E-16, 1.000000000000000000, 7.000000000000002516E-15 ) ) ;
#2746 = CARTESIAN_POINT ( 'NONE',  ( 7.722687687406344814, -20.67047433606062157, 26.91143657303294390 ) ) ;
#2747 = ADVANCED_FACE ( 'NONE', ( #991 ), #3010, .F. ) ;
#2748 = EDGE_CURVE ( 'NONE', #3447, #2692, #2309, .T. ) ;
#2749 = DIRECTION ( 'NONE',  ( -2.562297978277669467E-14, 1.000000000000000000, 2.928340546603050549E-14 ) ) ;
#2750 = DIRECTION ( 'NONE',  ( 1.000000000000000000, 2.467162276944907871E-14, -3.448912900226735563E-14 ) ) ;
#2751 = CARTESIAN_POINT ( 'NONE',  ( 39.93449493129669747, -23.84047286757618167, 46.01586665186135150 ) ) ;
#2752 = EDGE_CURVE ( 'NONE', #2585, #2151, #3364, .T. ) ;
#2753 = VECTOR ( 'NONE', #1640, 1000.000000000000000 ) ;
#2754 = DIRECTION ( 'NONE',  ( 0.000000000000000000, 7.709882115452463178E-15, -1.000000000000000000 ) ) ;
#2755 = CARTESIAN_POINT ( 'NONE',  ( 6.672687687406325452, 17.18952860090852397, 26.91143657303320325 ) ) ;
#2756 = ORIENTED_EDGE ( 'NONE', *, *, #3129, .T. ) ;
#2757 = ORIENTED_EDGE ( 'NONE', *, *, #241, .T. ) ;
#2758 = CIRCLE ( 'NONE', #2339, 1.750000000000001554 ) ;
#2759 = CARTESIAN_POINT ( 'NONE',  ( 13.49085870798550424, -18.55453637554830948, 22.93857265588455974 ) ) ;
#2760 = ORIENTED_EDGE ( 'NONE', *, *, #1543, .T. ) ;
#2761 = ORIENTED_EDGE ( 'NONE', *, *, #4023, .F. ) ;
#2762 = VERTEX_POINT ( 'NONE', #2776 ) ;
#2763 = CARTESIAN_POINT ( 'NONE',  ( 17.18449493129687511, -7.590472867576325555, 50.51586665186205494 ) ) ;
#2764 = LINE ( 'NONE', #2785, #3386 ) ;
#2765 = ORIENTED_EDGE ( 'NONE', *, *, #3742, .T. ) ;
#2766 = DIRECTION ( 'NONE',  ( 0.6034505976202376720, -0.4620784810297724476, 0.6498698743602416839 ) ) ;
#2767 = DIRECTION ( 'NONE',  ( 0.000000000000000000, 7.709882115452477378E-15, -1.000000000000000000 ) ) ;
#2768 = CARTESIAN_POINT ( 'NONE',  ( 25.69896435998593631, 10.72399656111423916, 35.01586665186238889 ) ) ;
#2769 = DIRECTION ( 'NONE',  ( 0.000000000000000000, 6.938893903907226800E-15, -1.000000000000000000 ) ) ;
#2770 = EDGE_CURVE ( 'NONE', #4107, #575, #2034, .T. ) ;
#2771 = CYLINDRICAL_SURFACE ( 'NONE', #2104, 1.800000000000002931 ) ;
#2772 = CARTESIAN_POINT ( 'NONE',  ( 37.93449493129654826, -17.64047286757583777, 41.01586665186155756 ) ) ;
#2773 = DIRECTION ( 'NONE',  ( 3.953785700231736652E-16, 1.000000000000000000, 7.000000000000002516E-15 ) ) ;
#2774 = EDGE_CURVE ( 'NONE', #1906, #2048, #314, .T. ) ;
#2775 = EDGE_CURVE ( 'NONE', #650, #2559, #3784, .T. ) ;
#2776 = CARTESIAN_POINT ( 'NONE',  ( 29.18449493129630667, 4.409527132423970208, 50.51586665186176361 ) ) ;
#2777 = ORIENTED_EDGE ( 'NONE', *, *, #1806, .T. ) ;
#2778 = ORIENTED_EDGE ( 'NONE', *, *, #522, .F. ) ;
#2779 = ORIENTED_EDGE ( 'NONE', *, *, #2975, .T. ) ;
#2780 = CARTESIAN_POINT ( 'NONE',  ( 49.43449493129642747, -12.64047286757569033, 46.01586665186173519 ) ) ;
#2781 = ORIENTED_EDGE ( 'NONE', *, *, #680, .T. ) ;
#2782 = ORIENTED_EDGE ( 'NONE', *, *, #4122, .T. ) ;
#2783 = VERTEX_POINT ( 'NONE', #3675 ) ;
#2784 = CARTESIAN_POINT ( 'NONE',  ( 60.18449493129653405, 4.409527132424734930, 49.51586665186070491 ) ) ;
#2785 = CARTESIAN_POINT ( 'NONE',  ( 29.13449493129566292, 14.15952713242411143, 35.01586665186238889 ) ) ;
#2786 = CIRCLE ( 'NONE', #881, 1.049999999999998934 ) ;
#2787 = UNCERTAINTY_MEASURE_WITH_UNIT (LENGTH_MEASURE( 1.000000000000000082E-05 ), #1559, 'distance_accuracy_value', 'NONE');
#2788 = ORIENTED_EDGE ( 'NONE', *, *, #1464, .F. ) ;
#2789 = CIRCLE ( 'NONE', #537, 2.000000000000001776 ) ;
#2790 = CYLINDRICAL_SURFACE ( 'NONE', #2867, 10.00000000000000178 ) ;
#2791 = DIRECTION ( 'NONE',  ( -0.000000000000000000, 0.000000000000000000, 1.000000000000000000 ) ) ;
#2792 = FACE_OUTER_BOUND ( 'NONE', #2875, .T. ) ;
#2793 = AXIS2_PLACEMENT_3D ( 'NONE', #502, #2465, #739 ) ;
#2794 = DIRECTION ( 'NONE',  ( -2.775557561562888827E-14, 0.000000000000000000, -1.000000000000000000 ) ) ;
#2795 = DIRECTION ( 'NONE',  ( 1.000000000000000000, 2.467162276944908187E-14, -3.448912900226734932E-14 ) ) ;
#2796 = AXIS2_PLACEMENT_3D ( 'NONE', #2049, #2068, #2977 ) ;
#2797 = FACE_OUTER_BOUND ( 'NONE', #1311, .T. ) ;
#2798 = VECTOR ( 'NONE', #1583, 1000.000000000000000 ) ;
#2799 = AXIS2_PLACEMENT_3D ( 'NONE', #1137, #488, #2185 ) ;
#2800 = DIRECTION ( 'NONE',  ( 1.000000000000000000, 2.467162276944908187E-14, -3.448912900226734932E-14 ) ) ;
#2801 = CARTESIAN_POINT ( 'NONE',  ( 29.18449493129670103, -7.590472867576079530, 53.51586665186165703 ) ) ;
#2802 = ORIENTED_EDGE ( 'NONE', *, *, #88, .F. ) ;
#2803 = ORIENTED_EDGE ( 'NONE', *, *, #1946, .F. ) ;
#2804 = VECTOR ( 'NONE', #1072, 1000.000000000000000 ) ;
#2805 = AXIS2_PLACEMENT_3D ( 'NONE', #2731, #2687, #36 ) ;
#2806 = EDGE_CURVE ( 'NONE', #1695, #4238, #2968, .T. ) ;
#2807 = ADVANCED_FACE ( 'NONE', ( #1414, #1315 ), #3628, .T. ) ;
#2808 = VECTOR ( 'NONE', #547, 1000.000000000000000 ) ;
#2809 = CARTESIAN_POINT ( 'NONE',  ( -5.865505068703621205, 15.68952860090806389, 92.68165751221276594 ) ) ;
#2810 = ORIENTED_EDGE ( 'NONE', *, *, #3679, .T. ) ;
#2811 = VERTEX_POINT ( 'NONE', #4307 ) ;
#2812 = ORIENTED_EDGE ( 'NONE', *, *, #2187, .F. ) ;
#2813 = CARTESIAN_POINT ( 'NONE',  ( 60.18449493129697458, -7.590472867575248195, 53.51586665186058411 ) ) ;
#2814 = CARTESIAN_POINT ( 'NONE',  ( 59.58449493129625552, 12.15952713242428196, 56.01586665186144387 ) ) ;
#2815 = AXIS2_PLACEMENT_3D ( 'NONE', #1450, #3846, #2177 ) ;
#2816 = FACE_OUTER_BOUND ( 'NONE', #2626, .T. ) ;
#2817 = DIRECTION ( 'NONE',  ( -1.000000000000000000, 0.000000000000000000, -0.000000000000000000 ) ) ;
#2818 = DIRECTION ( 'NONE',  ( -1.473225881933163633E-16, -1.000000000000000000, -7.000000000000002516E-15 ) ) ;
#2819 = AXIS2_PLACEMENT_3D ( 'NONE', #803, #3370, #2153 ) ;
#2820 = CARTESIAN_POINT ( 'NONE',  ( 25.68449493129577732, 14.15952713242384853, 35.01586665186248837 ) ) ;
#2821 = CARTESIAN_POINT ( 'NONE',  ( 12.68449493129587147, 27.95387519731073311, 42.01586665186189862 ) ) ;
#2822 = DIRECTION ( 'NONE',  ( -0.6034505976202376720, 0.4620784810297723921, -0.6498698743602416839 ) ) ;
#2823 = DIRECTION ( 'NONE',  ( 1.000000000000000000, 2.443887161124674493E-14, -3.448912900226735563E-14 ) ) ;
#2824 = CARTESIAN_POINT ( 'NONE',  ( 0.6563021627624452403, -24.17047433606067131, 34.32029672067636028 ) ) ;
#2825 = ORIENTED_EDGE ( 'NONE', *, *, #704, .F. ) ;
#2826 = EDGE_LOOP ( 'NONE', ( #4126, #3120 ) ) ;
#2827 = DIRECTION ( 'NONE',  ( 0.000000000000000000, -7.709882115452463178E-15, 1.000000000000000000 ) ) ;
#2828 = ORIENTED_EDGE ( 'NONE', *, *, #2187, .T. ) ;
#2829 = EDGE_CURVE ( 'NONE', #645, #4024, #1769, .T. ) ;
#2830 = VERTEX_POINT ( 'NONE', #2019 ) ;
#2831 = ADVANCED_FACE ( 'NONE', ( #3317 ), #1956, .F. ) ;
#2832 = ORIENTED_EDGE ( 'NONE', *, *, #4066, .F. ) ;
#2833 = DIRECTION ( 'NONE',  ( -1.473225881933163386E-16, -1.000000000000000000, -7.000000000000001727E-15 ) ) ;
#2834 = CARTESIAN_POINT ( 'NONE',  ( -0.9399351487373347469, -19.17047433606063223, 28.50767388453274975 ) ) ;
#2835 = AXIS2_PLACEMENT_3D ( 'NONE', #3642, #1991, #2338 ) ;
#2836 = CARTESIAN_POINT ( 'NONE',  ( 52.97343753394001453, -13.92694586993749795, 33.06748371007562781 ) ) ;
#2837 = EDGE_LOOP ( 'NONE', ( #2016, #3554, #1468, #3691 ) ) ;
#2838 = EDGE_CURVE ( 'NONE', #371, #1184, #1646, .T. ) ;
#2839 = ADVANCED_FACE ( 'NONE', ( #649 ), #340, .F. ) ;
#2840 = DIRECTION ( 'NONE',  ( 2.430443709086124905E-14, -1.000000000000000000, -3.347036710976368263E-14 ) ) ;
#2841 = DIRECTION ( 'NONE',  ( -3.469446951953611033E-14, 0.000000000000000000, -1.000000000000000000 ) ) ;
#2842 = CARTESIAN_POINT ( 'NONE',  ( 6.672687687406326340, 20.68952860090853818, 25.11143657303323096 ) ) ;
#2843 = DIRECTION ( 'NONE',  ( 1.000000000000000000, 2.443887161124674809E-14, -3.448912900226735563E-14 ) ) ;
#2844 = DIRECTION ( 'NONE',  ( -2.949029909160569536E-14, 0.000000000000000000, -1.000000000000000000 ) ) ;
#2845 = CARTESIAN_POINT ( 'NONE',  ( 51.43449493129642747, -12.64047286757531730, 35.01586665186089675 ) ) ;
#2846 = DIRECTION ( 'NONE',  ( 2.902530795666802456E-14, -2.928657122104247289E-14, 1.000000000000000000 ) ) ;
#2847 = CARTESIAN_POINT ( 'NONE',  ( 13.57466686877268636, -23.48884555261643925, 42.97451335375964021 ) ) ;
#2848 = DIRECTION ( 'NONE',  ( 0.000000000000000000, 6.608470384673557335E-15, -1.000000000000000000 ) ) ;
#2849 = VERTEX_POINT ( 'NONE', #3764 ) ;
#2850 = ORIENTED_EDGE ( 'NONE', *, *, #952, .F. ) ;
#2851 = ORIENTED_EDGE ( 'NONE', *, *, #1285, .T. ) ;
#2852 = CARTESIAN_POINT ( 'NONE',  ( 59.58449493129698027, -15.64047286757571875, 56.01586665186063385 ) ) ;
#2853 = DIRECTION ( 'NONE',  ( -1.400000000000000030E-14, 1.000000000000000000, 6.000000000000000466E-15 ) ) ;
#2854 = APPROVAL ( #2628, '未指定' ) ;
#2855 = DIRECTION ( 'NONE',  ( -1.400000000000000030E-14, 1.000000000000000000, 6.000000000000000466E-15 ) ) ;
#2856 = CARTESIAN_POINT ( 'NONE',  ( 60.18449493129690353, -7.590472867575265070, 51.51586665186057701 ) ) ;
#2857 = CARTESIAN_POINT ( 'NONE',  ( 29.96292205604207126, 12.15952713242395689, 41.01586665186230363 ) ) ;
#2858 = AXIS2_PLACEMENT_3D ( 'NONE', #1560, #960, #1977 ) ;
#2859 = EDGE_CURVE ( 'NONE', #408, #3387, #745, .T. ) ;
#2860 = EDGE_CURVE ( 'NONE', #646, #2585, #602, .T. ) ;
#2861 = AXIS2_PLACEMENT_3D ( 'NONE', #3030, #2406, #2754 ) ;
#2862 = CARTESIAN_POINT ( 'NONE',  ( 17.18449493129694261, -7.590472867576325555, 52.51586665186206204 ) ) ;
#2863 = DIRECTION ( 'NONE',  ( -0.7327934916262932585, -4.401230126829235818E-15, 0.6804510993672842067 ) ) ;
#2864 = CARTESIAN_POINT ( 'NONE',  ( 13.49085870798551490, 15.07359064039626517, 22.93857265588479422 ) ) ;
#2865 = AXIS2_PLACEMENT_3D ( 'NONE', #4299, #2621, #1267 ) ;
#2866 = ADVANCED_FACE ( 'NONE', ( #2468, #3218 ), #1854, .F. ) ;
#2867 = AXIS2_PLACEMENT_3D ( 'NONE', #3170, #2087, #147 ) ;
#2868 = CARTESIAN_POINT ( 'NONE',  ( 11.66980181928758853, 15.68952860090842094, 42.03025972946623057 ) ) ;
#2869 = CARTESIAN_POINT ( 'NONE',  ( 29.18449493129664063, -7.590472867576028904, 51.51586665186165703 ) ) ;
#2870 = LINE ( 'NONE', #4213, #1073 ) ;
#2871 = CIRCLE ( 'NONE', #3221, 2.000000000000001776 ) ;
#2872 = CARTESIAN_POINT ( 'NONE',  ( 14.84994283498126499, 14.03545930371456940, 23.70216667636585584 ) ) ;
#2873 = LOCAL_TIME ( 15, 32, 25.00000000000000000, #3732 ) ;
#2874 = VERTEX_POINT ( 'NONE', #2146 ) ;
#2875 = EDGE_LOOP ( 'NONE', ( #3609, #3485, #178, #1859, #2190, #3450 ) ) ;
#2876 = ORIENTED_EDGE ( 'NONE', *, *, #1357, .T. ) ;
#2877 = LINE ( 'NONE', #3932, #832 ) ;
#2878 = LINE ( 'NONE', #536, #3862 ) ;
#2879 = VECTOR ( 'NONE', #3759, 1000.000000000000000 ) ;
#2880 = LINE ( 'NONE', #3252, #262 ) ;
#2881 = VERTEX_POINT ( 'NONE', #3876 ) ;
#2882 = DIRECTION ( 'NONE',  ( -2.574694843291808119E-14, 1.000000000000000000, 2.928657122104321757E-14 ) ) ;
#2883 = CIRCLE ( 'NONE', #2657, 1.800000000000002931 ) ;
#2884 = CYLINDRICAL_SURFACE ( 'NONE', #3991, 2.000000000000001776 ) ;
#2885 = CARTESIAN_POINT ( 'NONE',  ( 25.69896435998584749, 10.72399656111432975, 32.01586665186182756 ) ) ;
#2886 = EDGE_CURVE ( 'NONE', #1778, #4061, #202, .T. ) ;
#2887 = CARTESIAN_POINT ( 'NONE',  ( 51.43449493129669747, -23.84047286757589745, 46.01586665186135860 ) ) ;
#2888 = ADVANCED_FACE ( 'NONE', ( #1790 ), #1460, .F. ) ;
#2889 = CARTESIAN_POINT ( 'NONE',  ( 25.68449493129664418, -7.590472867576115945, 51.51586665186177072 ) ) ;
#2890 = LINE ( 'NONE', #3791, #3928 ) ;
#2891 = DIRECTION ( 'NONE',  ( -1.000000000000000000, -2.467162276944907871E-14, 3.448912900226734932E-14 ) ) ;
#2892 = EDGE_CURVE ( 'NONE', #316, #687, #3196, .T. ) ;
#2893 = VECTOR ( 'NONE', #305, 1000.000000000000000 ) ;
#2894 = DIRECTION ( 'NONE',  ( 2.903379291371784214E-14, -2.923936424916807628E-14, 1.000000000000000000 ) ) ;
#2895 = EDGE_LOOP ( 'NONE', ( #1774, #3676 ) ) ;
#2896 = VERTEX_POINT ( 'NONE', #135 ) ;
#2897 = EDGE_LOOP ( 'NONE', ( #2825, #3227, #597, #3468 ) ) ;
#2898 = DIRECTION ( 'NONE',  ( -1.000000000000000000, -1.321694076934709258E-14, 0.000000000000000000 ) ) ;
#2899 = CARTESIAN_POINT ( 'NONE',  ( 37.93449493129642747, -12.64047286757572230, 37.01586665186140834 ) ) ;
#2900 = PLANE ( 'NONE',  #3925 ) ;
#2901 = EDGE_LOOP ( 'NONE', ( #3731, #4047, #1055, #3957 ) ) ;
#2902 = DIRECTION ( 'NONE',  ( 0.000000000000000000, 6.608470384673557335E-15, -1.000000000000000000 ) ) ;
#2903 = AXIS2_PLACEMENT_3D ( 'NONE', #768, #793, #440 ) ;
#2904 = EDGE_LOOP ( 'NONE', ( #2761, #3868, #2192, #1050 ) ) ;
#2905 = CARTESIAN_POINT ( 'NONE',  ( 13.49085870798551490, 15.07359064039626517, 22.93857265588479422 ) ) ;
#2906 = CARTESIAN_POINT ( 'NONE',  ( -1.989935148737843607, 17.18952860090851331, 28.50767388453296647 ) ) ;
#2907 = DIRECTION ( 'NONE',  ( 1.000000000000000000, 2.563899477072724264E-14, -2.902530795666727357E-14 ) ) ;
#2908 = ADVANCED_FACE ( 'NONE', ( #860 ), #155, .T. ) ;
#2909 = PLANE ( 'NONE',  #4194 ) ;
#2910 = CARTESIAN_POINT ( 'NONE',  ( 30.68449493129663708, -7.590472867575992488, 51.51586665186159308 ) ) ;
#2911 = CARTESIAN_POINT ( 'NONE',  ( 17.18449493129663708, 4.409527132423674445, 52.51586665186218283 ) ) ;
#2912 = EDGE_CURVE ( 'NONE', #1723, #2256, #1814, .T. ) ;
#2913 = EDGE_CURVE ( 'NONE', #4263, #1623, #3999, .T. ) ;
#2914 = DIRECTION ( 'NONE',  ( 1.473225881933163633E-16, 1.000000000000000000, 7.000000000000000938E-15 ) ) ;
#2915 = ORIENTED_EDGE ( 'NONE', *, *, #4155, .T. ) ;
#2916 = ORIENTED_EDGE ( 'NONE', *, *, #1142, .F. ) ;
#2917 = ORIENTED_EDGE ( 'NONE', *, *, #3532, .F. ) ;
#2918 = CARTESIAN_POINT ( 'NONE',  ( 3.664494925084381016, -24.17047433606065354, 31.51586664685464356 ) ) ;
#2919 = FACE_BOUND ( 'NONE', #2826, .T. ) ;
#2920 = ORIENTED_EDGE ( 'NONE', *, *, #4311, .T. ) ;
#2921 = VERTEX_POINT ( 'NONE', #2801 ) ;
#2922 = CARTESIAN_POINT ( 'NONE',  ( 51.43449493129669747, -23.84047286757546402, 33.01586665186136571 ) ) ;
#2923 = ORIENTED_EDGE ( 'NONE', *, *, #4294, .F. ) ;
#2924 = CIRCLE ( 'NONE', #2361, 1.799999999999999600 ) ;
#2925 = CARTESIAN_POINT ( 'NONE',  ( 13.49170252384917390, -23.55237360053464357, 42.88865848218822663 ) ) ;
#2926 = CARTESIAN_POINT ( 'NONE',  ( 6.143452244285891872, 20.68952860090846002, 36.01586665186064096 ) ) ;
#2927 = DIRECTION ( 'NONE',  ( 0.000000000000000000, 6.938893903907226800E-15, -1.000000000000000000 ) ) ;
#2928 = AXIS2_PLACEMENT_3D ( 'NONE', #1705, #1333, #4076 ) ;
#2929 = CARTESIAN_POINT ( 'NONE',  ( 7.722687687406324386, -19.17047433606062512, 26.91143657303294390 ) ) ;
#2930 = CARTESIAN_POINT ( 'NONE',  ( 11.66781768814856513, -24.17047433606058959, 22.07020831520745219 ) ) ;
#2931 = VECTOR ( 'NONE', #1616, 1000.000000000000000 ) ;
#2932 = FACE_BOUND ( 'NONE', #2045, .T. ) ;
#2933 = VECTOR ( 'NONE', #1755, 1000.000000000000000 ) ;
#2934 = VECTOR ( 'NONE', #2660, 1000.000000000000000 ) ;
#2935 = DIRECTION ( 'NONE',  ( 1.000000000000000000, 2.565564719734120348E-14, -2.903379291371709114E-14 ) ) ;
#2936 = ORIENTED_EDGE ( 'NONE', *, *, #1709, .F. ) ;
#2937 = VERTEX_POINT ( 'NONE', #795 ) ;
#2938 = DIRECTION ( 'NONE',  ( 0.000000000000000000, -1.000000000000000000, -2.775557561562891351E-14 ) ) ;
#2939 = CIRCLE ( 'NONE', #1535, 1.050000000000002265 ) ;
#2940 = DIRECTION ( 'NONE',  ( -7.009944624696191154E-15, -7.000000000000000150E-15, 1.000000000000000000 ) ) ;
#2941 = EDGE_CURVE ( 'NONE', #981, #1689, #3133, .T. ) ;
#2942 = ADVANCED_FACE ( 'NONE', ( #3157 ), #1526, .F. ) ;
#2943 = AXIS2_PLACEMENT_3D ( 'NONE', #1579, #2610, #887 ) ;
#2944 = CIRCLE ( 'NONE', #3504, 1.000000000000000888 ) ;
#2945 = DIRECTION ( 'NONE',  ( -2.574694843291808119E-14, 1.000000000000000000, 2.928657122104321757E-14 ) ) ;
#2946 = EDGE_LOOP ( 'NONE', ( #3517, #3068, #2128, #365 ) ) ;
#2947 = EDGE_LOOP ( 'NONE', ( #4056, #4234, #1643, #4354 ) ) ;
#2948 = DIRECTION ( 'NONE',  ( -4.843387482784487241E-29, 1.000000000000000000, 6.999999999999999361E-15 ) ) ;
#2949 = ADVANCED_FACE ( 'NONE', ( #2205 ), #528, .T. ) ;
#2950 = AXIS2_PLACEMENT_3D ( 'NONE', #4014, #3089, #353 ) ;
#2951 = ORIENTED_EDGE ( 'NONE', *, *, #3477, .T. ) ;
#2952 = CIRCLE ( 'NONE', #3091, 15.00000000000000000 ) ;
#2953 = LINE ( 'NONE', #257, #1111 ) ;
#2954 = CARTESIAN_POINT ( 'NONE',  ( 17.13535461868027809, -20.76233041883890706, 25.80910016135108975 ) ) ;
#2955 = LINE ( 'NONE', #1637, #1626 ) ;
#2956 = FACE_BOUND ( 'NONE', #3756, .T. ) ;
#2957 = CARTESIAN_POINT ( 'NONE',  ( 51.43449493129642747, -12.64047286757563704, 46.01586665186173519 ) ) ;
#2958 = CYLINDRICAL_SURFACE ( 'NONE', #3048, 2.000000000000001776 ) ;
#2959 = VECTOR ( 'NONE', #4229, 1000.000000000000000 ) ;
#2960 = VERTEX_POINT ( 'NONE', #2824 ) ;
#2961 = ORIENTED_EDGE ( 'NONE', *, *, #3822, .F. ) ;
#2962 = CARTESIAN_POINT ( 'NONE',  ( -1.989935148737334902, -19.17047433606063223, 28.50767388453274265 ) ) ;
#2963 = VERTEX_POINT ( 'NONE', #1158 ) ;
#2964 = ORIENTED_EDGE ( 'NONE', *, *, #3451, .T. ) ;
#2965 = LINE ( 'NONE', #2629, #3025 ) ;
#2966 = ADVANCED_FACE ( 'NONE', ( #2538 ), #4164, .F. ) ;
#2967 = EDGE_CURVE ( 'NONE', #1880, #3059, #2890, .T. ) ;
#2968 = LINE ( 'NONE', #67, #3153 ) ;
#2969 = EDGE_LOOP ( 'NONE', ( #3680, #3889 ) ) ;
#2970 = ORIENTED_EDGE ( 'NONE', *, *, #3798, .F. ) ;
#2971 = CARTESIAN_POINT ( 'NONE',  ( 0.6563021627624514576, 17.18952860090847423, 34.32029672067664450 ) ) ;
#2972 = EDGE_LOOP ( 'NONE', ( #2917, #1438, #2812, #1706 ) ) ;
#2973 = VECTOR ( 'NONE', #1244, 1000.000000000000000 ) ;
#2974 = ORIENTED_EDGE ( 'NONE', *, *, #2748, .F. ) ;
#2975 = EDGE_CURVE ( 'NONE', #1250, #2921, #442, .T. ) ;
#2976 = EDGE_CURVE ( 'NONE', #113, #3670, #3224, .T. ) ;
#2977 = DIRECTION ( 'NONE',  ( -2.775557561562888827E-14, 0.000000000000000000, -1.000000000000000000 ) ) ;
#2978 = CARTESIAN_POINT ( 'NONE',  ( 6.672687687406345880, -20.67047433606062157, 26.91143657303294034 ) ) ;
#2979 = CARTESIAN_POINT ( 'NONE',  ( 49.43449493129588745, 9.159527132424251761, 48.01586665186246705 ) ) ;
#2980 = VECTOR ( 'NONE', #1500, 1000.000000000000000 ) ;
#2981 = CARTESIAN_POINT ( 'NONE',  ( 60.18449493129686800, -7.590472867575265070, 50.51586665186056990 ) ) ;
#2982 = CARTESIAN_POINT ( 'NONE',  ( 60.18449493129690353, -7.590472867575265070, 51.51586665186057701 ) ) ;
#2983 = CARTESIAN_POINT ( 'NONE',  ( 0.6563021627624460175, -20.67047433606069617, 37.92029672067639012 ) ) ;
#2984 = ORIENTED_EDGE ( 'NONE', *, *, #402, .F. ) ;
#2985 = DIRECTION ( 'NONE',  ( 1.000000000000000000, 2.562297978277754348E-14, -2.902530795666727357E-14 ) ) ;
#2986 = ORIENTED_EDGE ( 'NONE', *, *, #1681, .T. ) ;
#2987 = ORIENTED_EDGE ( 'NONE', *, *, #437, .T. ) ;
#2988 = DATE_AND_TIME ( #2677, #3018 ) ;
#2989 = FACE_OUTER_BOUND ( 'NONE', #1295, .T. ) ;
#2990 = CARTESIAN_POINT ( 'NONE',  ( 4.134494931296876175, -19.17047433606057893, 21.01586665186035319 ) ) ;
#2991 = ORIENTED_EDGE ( 'NONE', *, *, #3162, .T. ) ;
#2992 = ORIENTED_EDGE ( 'NONE', *, *, #1866, .T. ) ;
#2993 = CYLINDRICAL_SURFACE ( 'NONE', #195, 1.000000000000000888 ) ;
#2994 = ORIENTED_EDGE ( 'NONE', *, *, #2053, .T. ) ;
#2995 = DIRECTION ( 'NONE',  ( -2.949029909160569536E-14, 0.000000000000000000, -1.000000000000000000 ) ) ;
#2996 = DIRECTION ( 'NONE',  ( 0.000000000000000000, 7.709882115452477378E-15, -1.000000000000000000 ) ) ;
#2997 = CARTESIAN_POINT ( 'NONE',  ( 25.68449493129684669, 10.73507619490083442, 56.01586665186238889 ) ) ;
#2998 = EDGE_CURVE ( 'NONE', #2635, #4145, #1394, .T. ) ;
#2999 = EDGE_CURVE ( 'NONE', #3032, #494, #3020, .T. ) ;
#3000 = DIRECTION ( 'NONE',  ( 2.902530795666801825E-14, -2.928657122104246657E-14, 1.000000000000000000 ) ) ;
#3001 = CARTESIAN_POINT ( 'NONE',  ( 51.43449493129654826, -17.64047286757563882, 46.01586665186156466 ) ) ;
#3002 = PLANE ( 'NONE',  #4167 ) ;
#3003 = EDGE_CURVE ( 'NONE', #874, #2042, #2729, .T. ) ;
#3004 = DIRECTION ( 'NONE',  ( 1.000000000000000000, 2.467162276944907871E-14, -3.448912900226735563E-14 ) ) ;
#3005 = VERTEX_POINT ( 'NONE', #2579 ) ;
#3006 = ORIENTED_EDGE ( 'NONE', *, *, #2638, .F. ) ;
#3007 = DATE_AND_TIME ( #2694, #3927 ) ;
#3008 = CIRCLE ( 'NONE', #2793, 1.050000000000002265 ) ;
#3009 = AXIS2_PLACEMENT_3D ( 'NONE', #699, #4359, #3388 ) ;
#3010 = CYLINDRICAL_SURFACE ( 'NONE', #3084, 1.050000000000000488 ) ;
#3011 = ORIENTED_EDGE ( 'NONE', *, *, #1404, .T. ) ;
#3012 = EDGE_LOOP ( 'NONE', ( #1881, #2431, #2021, #4170 ) ) ;
#3013 = DIRECTION ( 'NONE',  ( 1.000000000000000000, 2.467162276944907871E-14, -3.448912900226734932E-14 ) ) ;
#3014 = AXIS2_PLACEMENT_3D ( 'NONE', #435, #3126, #1890 ) ;
#3015 = EDGE_LOOP ( 'NONE', ( #1217, #3888, #2717, #1483, #2553, #1343 ) ) ;
#3016 = APPLICATION_CONTEXT ( 'configuration controlled 3d designs of mechanical parts and assemblies' ) ;
#3017 = FACE_BOUND ( 'NONE', #1929, .T. ) ;
#3018 = LOCAL_TIME ( 15, 32, 25.00000000000000000, #336 ) ;
#3019 = FACE_OUTER_BOUND ( 'NONE', #3121, .T. ) ;
#3020 = CIRCLE ( 'NONE', #833, 2.000000000000001776 ) ;
#3021 = CARTESIAN_POINT ( 'NONE',  ( 7.722687687405835888, 15.68952860090852575, 26.91143657303316772 ) ) ;
#3022 = AXIS2_PLACEMENT_3D ( 'NONE', #2600, #3214, #1220 ) ;
#3023 = CARTESIAN_POINT ( 'NONE',  ( 58.68449493129629246, 4.409527132424717166, 50.51586665186075464 ) ) ;
#3024 = EDGE_CURVE ( 'NONE', #1975, #995, #2224, .T. ) ;
#3025 = VECTOR ( 'NONE', #848, 1000.000000000000000 ) ;
#3026 = ADVANCED_FACE ( 'NONE', ( #2603 ), #307, .F. ) ;
#3027 = CARTESIAN_POINT ( 'NONE',  ( 6.672687687406325452, 17.18952860090852397, 26.91143657303320325 ) ) ;
#3028 = PLANE ( 'NONE',  #295 ) ;
#3029 = VECTOR ( 'NONE', #942, 1000.000000000000000 ) ;
#3030 = CARTESIAN_POINT ( 'NONE',  ( 0.6563021627624452403, -24.17047433606068196, 36.12029672067636454 ) ) ;
#3031 = EDGE_CURVE ( 'NONE', #3633, #1823, #1639, .T. ) ;
#3032 = VERTEX_POINT ( 'NONE', #1243 ) ;
#3033 = AXIS2_PLACEMENT_3D ( 'NONE', #2433, #3841, #1798 ) ;
#3034 = ORIENTED_EDGE ( 'NONE', *, *, #324, .F. ) ;
#3035 = PERSON_AND_ORGANIZATION ( #1625, #689 ) ;
#3036 = CARTESIAN_POINT ( 'NONE',  ( 25.68449493129601535, 27.95387519731063364, 56.01586665186180625 ) ) ;
#3037 = EDGE_LOOP ( 'NONE', ( #1415, #1532, #3139, #142 ) ) ;
#3038 = ORIENTED_EDGE ( 'NONE', *, *, #516, .F. ) ;
#3039 = DIRECTION ( 'NONE',  ( 1.000000000000000000, 2.467162276944908187E-14, -3.448912900226734932E-14 ) ) ;
#3040 = ORIENTED_EDGE ( 'NONE', *, *, #3024, .T. ) ;
#3041 = LINE ( 'NONE', #1127, #3500 ) ;
#3042 = DIRECTION ( 'NONE',  ( -1.473225881933163386E-16, -1.000000000000000000, -7.000000000000001727E-15 ) ) ;
#3043 = EDGE_LOOP ( 'NONE', ( #2974, #666 ) ) ;
#3044 = CARTESIAN_POINT ( 'NONE',  ( 4.134494931296806008, -24.17047433606064999, 31.01586665186031766 ) ) ;
#3045 = FACE_OUTER_BOUND ( 'NONE', #362, .T. ) ;
#3046 = CARTESIAN_POINT ( 'NONE',  ( 29.96292205604245140, 14.15952713242351813, 56.01586665186236047 ) ) ;
#3047 = EDGE_CURVE ( 'NONE', #4196, #334, #4319, .T. ) ;
#3048 = AXIS2_PLACEMENT_3D ( 'NONE', #3949, #3967, #953 ) ;
#3049 = CARTESIAN_POINT ( 'NONE',  ( 14.85045268992609557, 19.03099603000810802, 23.70256852729966823 ) ) ;
#3050 = ORIENTED_EDGE ( 'NONE', *, *, #3476, .T. ) ;
#3051 = ORIENTED_EDGE ( 'NONE', *, *, #1838, .F. ) ;
#3052 = COORDINATED_UNIVERSAL_TIME_OFFSET ( 8, 0, .AHEAD. ) ;
#3053 = ADVANCED_FACE ( 'NONE', ( #3572 ), #552, .T. ) ;
#3054 = ADVANCED_FACE ( 'NONE', ( #1902 ), #2274, .T. ) ;
#3055 = FACE_OUTER_BOUND ( 'NONE', #1644, .T. ) ;
#3056 = ORIENTED_EDGE ( 'NONE', *, *, #3905, .T. ) ;
#3057 = ORIENTED_EDGE ( 'NONE', *, *, #3724, .F. ) ;
#3058 = DIRECTION ( 'NONE',  ( -3.448912900226734932E-14, 0.000000000000000000, -1.000000000000000000 ) ) ;
#3059 = VERTEX_POINT ( 'NONE', #593 ) ;
#3060 = CARTESIAN_POINT ( 'NONE',  ( 0.6563021627624513465, 17.18952860090846002, 36.12029672067664876 ) ) ;
#3061 = DIRECTION ( 'NONE',  ( 3.953785700231736652E-16, 1.000000000000000000, 7.000000000000002516E-15 ) ) ;
#3062 = EDGE_LOOP ( 'NONE', ( #2597, #2520, #2100, #4102 ) ) ;
#3063 = CARTESIAN_POINT ( 'NONE',  ( 0.6563021627624457954, -24.17047433606069617, 37.92029672067636170 ) ) ;
#3064 = CARTESIAN_POINT ( 'NONE',  ( -5.865505068703195768, 15.68952860090842805, 32.01586665186162861 ) ) ;
#3065 = CARTESIAN_POINT ( 'NONE',  ( 61.58449493129653973, 4.409527132424821971, 49.51586665186058411 ) ) ;
#3066 = CARTESIAN_POINT ( 'NONE',  ( 6.672687687406459567, -28.86547286757767949, 26.91143657303289061 ) ) ;
#3067 = AXIS2_PLACEMENT_3D ( 'NONE', #2088, #3189, #2483 ) ;
#3068 = ORIENTED_EDGE ( 'NONE', *, *, #1893, .T. ) ;
#3069 = DIRECTION ( 'NONE',  ( 1.473225881933163633E-16, 1.000000000000000000, 7.000000000000000938E-15 ) ) ;
#3070 = AXIS2_PLACEMENT_3D ( 'NONE', #1554, #2471, #2452 ) ;
#3071 = ORIENTED_EDGE ( 'NONE', *, *, #813, .F. ) ;
#3072 = EDGE_LOOP ( 'NONE', ( #2716, #2757, #2992, #1235 ) ) ;
#3073 = CARTESIAN_POINT ( 'NONE',  ( -0.9399351487373336367, 17.18952860090851331, 28.50767388453300200 ) ) ;
#3074 = VERTEX_POINT ( 'NONE', #3001 ) ;
#3075 = EDGE_CURVE ( 'NONE', #4218, #646, #1542, .T. ) ;
#3076 = ADVANCED_FACE ( 'NONE', ( #1617 ), #1969, .F. ) ;
#3077 = ORIENTED_EDGE ( 'NONE', *, *, #3589, .T. ) ;
#3078 = DIRECTION ( 'NONE',  ( 0.000000000000000000, 7.709882115452463178E-15, -1.000000000000000000 ) ) ;
#3079 = CIRCLE ( 'NONE', #2370, 2.000000000000001776 ) ;
#3080 = ORIENTED_EDGE ( 'NONE', *, *, #1601, .F. ) ;
#3081 = DIRECTION ( 'NONE',  ( -2.571108009036969302E-14, 1.000000000000000000, 2.928657122104321757E-14 ) ) ;
#3082 = EDGE_CURVE ( 'NONE', #4238, #1823, #338, .T. ) ;
#3083 = DIRECTION ( 'NONE',  ( 0.000000000000000000, 6.938893903907222067E-15, -1.000000000000000000 ) ) ;
#3084 = AXIS2_PLACEMENT_3D ( 'NONE', #2630, #1085, #3337 ) ;
#3085 = CIRCLE ( 'NONE', #1891, 1.800000000000002931 ) ;
#3086 = ORIENTED_EDGE ( 'NONE', *, *, #24, .T. ) ;
#3087 = VECTOR ( 'NONE', #1701, 1000.000000000000000 ) ;
#3088 = DIRECTION ( 'NONE',  ( -1.473225881933163386E-16, -1.000000000000000000, -7.000000000000001727E-15 ) ) ;
#3089 = DIRECTION ( 'NONE',  ( -1.473225881933163386E-16, -1.000000000000000000, -7.000000000000001727E-15 ) ) ;
#3090 = LINE ( 'NONE', #2772, #3118 ) ;
#3091 = AXIS2_PLACEMENT_3D ( 'NONE', #2926, #1636, #1965 ) ;
#3092 = CARTESIAN_POINT ( 'NONE',  ( 22.18449493129657313, -7.590472867576202987, 49.51586665186189151 ) ) ;
#3093 = DIRECTION ( 'NONE',  ( 0.000000000000000000, -7.709882115452463178E-15, 1.000000000000000000 ) ) ;
#3094 = ORIENTED_EDGE ( 'NONE', *, *, #1978, .F. ) ;
#3095 = EDGE_LOOP ( 'NONE', ( #1093, #3463 ) ) ;
#3096 = VECTOR ( 'NONE', #599, 1000.000000000000000 ) ;
#3097 = CARTESIAN_POINT ( 'NONE',  ( 17.18449493129691064, -7.590472867576325555, 51.51586665186205494 ) ) ;
#3098 = VERTEX_POINT ( 'NONE', #2957 ) ;
#3099 = ORIENTED_EDGE ( 'NONE', *, *, #784, .F. ) ;
#3100 = ORIENTED_EDGE ( 'NONE', *, *, #1403, .T. ) ;
#3101 = DIRECTION ( 'NONE',  ( -1.473225881933163386E-16, -1.000000000000000000, -7.000000000000001727E-15 ) ) ;
#3102 = DIRECTION ( 'NONE',  ( 1.000000000000000000, -1.473225881933373667E-16, 2.999999999999914642E-15 ) ) ;
#3103 = EDGE_CURVE ( 'NONE', #1975, #2287, #1899, .T. ) ;
#3104 = ORIENTED_EDGE ( 'NONE', *, *, #1382, .F. ) ;
#3105 = DIRECTION ( 'NONE',  ( 0.000000000000000000, 6.608470384673536824E-15, -1.000000000000000000 ) ) ;
#3106 = DIRECTION ( 'NONE',  ( 1.473225881933163633E-16, 1.000000000000000000, 7.000000000000000938E-15 ) ) ;
#3107 = DIRECTION ( 'NONE',  ( 0.000000000000000000, -1.000000000000000000, -2.775557561562891351E-14 ) ) ;
#3108 = CIRCLE ( 'NONE', #1633, 1.050000000000002265 ) ;
#3109 = EDGE_CURVE ( 'NONE', #2937, #1860, #4065, .T. ) ;
#3110 = ADVANCED_FACE ( 'NONE', ( #2294, #287, #1307, #3666, #2558, #879 ), #4035, .F. ) ;
#3111 = CYLINDRICAL_SURFACE ( 'NONE', #1463, 1.050000000000000488 ) ;
#3112 = DIRECTION ( 'NONE',  ( -2.430443709086124905E-14, 1.000000000000000000, 2.923936424916878310E-14 ) ) ;
#3113 = DIRECTION ( 'NONE',  ( -2.775557561562888827E-14, 0.000000000000000000, -1.000000000000000000 ) ) ;
#3114 = CARTESIAN_POINT ( 'NONE',  ( 35.93449493129605798, -3.252020890014478831E-13, 35.01586665186177783 ) ) ;
#3115 = DIRECTION ( 'NONE',  ( 1.734723475976805615E-16, 1.000000000000000000, 6.960548489364895330E-15 ) ) ;
#3116 = ORIENTED_EDGE ( 'NONE', *, *, #218, .F. ) ;
#3117 = ORIENTED_EDGE ( 'NONE', *, *, #4043, .F. ) ;
#3118 = VECTOR ( 'NONE', #1412, 1000.000000000000000 ) ;
#3119 = ORIENTED_EDGE ( 'NONE', *, *, #1572, .T. ) ;
#3120 = ORIENTED_EDGE ( 'NONE', *, *, #3109, .F. ) ;
#3121 = EDGE_LOOP ( 'NONE', ( #1341, #4257, #3941, #1985, #3551, #2788, #2041, #2381 ) ) ;
#3122 = CARTESIAN_POINT ( 'NONE',  ( 8.268924998906111767, -24.17047433606068552, 36.32405940917656295 ) ) ;
#3123 = PLANE ( 'NONE',  #2505 ) ;
#3124 = DIRECTION ( 'NONE',  ( 2.775557561562888827E-14, 0.000000000000000000, 1.000000000000000000 ) ) ;
#3125 = CARTESIAN_POINT ( 'NONE',  ( 8.268924998905626822, 15.68952860090847068, 34.52405940917680738 ) ) ;
#3126 = DIRECTION ( 'NONE',  ( -1.400000000000000030E-14, 1.000000000000000000, 6.000000000000000466E-15 ) ) ;
#3127 = DIRECTION ( 'NONE',  ( 1.000000000000000000, 2.467162276944907871E-14, -3.448912900226735563E-14 ) ) ;
#3128 = CARTESIAN_POINT ( 'NONE',  ( 11.66781768814856157, -21.17047433606066065, 32.01586665186159308 ) ) ;
#3129 = EDGE_CURVE ( 'NONE', #2921, #4304, #480, .T. ) ;
#3130 = DIRECTION ( 'NONE',  ( 2.903379291371784214E-14, -2.923936424916807628E-14, 1.000000000000000000 ) ) ;
#3131 = EDGE_CURVE ( 'NONE', #3671, #2134, #1826, .T. ) ;
#3132 = CARTESIAN_POINT ( 'NONE',  ( 61.58449493129607788, -1.590472867575180471, 32.06586665186058838 ) ) ;
#3133 = LINE ( 'NONE', #174, #2096 ) ;
#3134 = ORIENTED_EDGE ( 'NONE', *, *, #841, .F. ) ;
#3135 = CARTESIAN_POINT ( 'NONE',  ( 0.1100648512628006892, -28.86547286757778252, 28.50767388453268936 ) ) ;
#3136 = EDGE_CURVE ( 'NONE', #3441, #1447, #4210, .T. ) ;
#3137 = CARTESIAN_POINT ( 'NONE',  ( 12.98922629796455297, 20.38713979591194203, 42.48105026619102631 ) ) ;
#3138 = EDGE_LOOP ( 'NONE', ( #2778, #403 ) ) ;
#3139 = ORIENTED_EDGE ( 'NONE', *, *, #1955, .T. ) ;
#3140 = ORIENTED_EDGE ( 'NONE', *, *, #920, .F. ) ;
#3141 = DIRECTION ( 'NONE',  ( -1.473225881933163386E-16, -1.000000000000000000, -7.000000000000001727E-15 ) ) ;
#3142 = PLANE ( 'NONE',  #4159 ) ;
#3143 = AXIS2_PLACEMENT_3D ( 'NONE', #125, #3522, #500 ) ;
#3144 = DIRECTION ( 'NONE',  ( -0.7946873464959043343, -0.6070189628992642694, 0.000000000000000000 ) ) ;
#3145 = DIRECTION ( 'NONE',  ( 0.000000000000000000, 7.709882115452463178E-15, -1.000000000000000000 ) ) ;
#3146 = CARTESIAN_POINT ( 'NONE',  ( 61.58449493129690921, -7.590472867575178029, 51.51586665186046332 ) ) ;
#3147 = AXIS2_PLACEMENT_3D ( 'NONE', #1498, #2485, #2794 ) ;
#3148 = DIRECTION ( 'NONE',  ( 3.953785700231736652E-16, 1.000000000000000000, 7.000000000000002516E-15 ) ) ;
#3149 = CARTESIAN_POINT ( 'NONE',  ( 11.85111586343970203, -19.17047433606073170, 42.04808473797601209 ) ) ;
#3150 = VECTOR ( 'NONE', #3433, 1000.000000000000000 ) ;
#3151 = CARTESIAN_POINT ( 'NONE',  ( 11.37628639389378371, 20.68952860090839962, 45.01586665186175651 ) ) ;
#3152 = AXIS2_PLACEMENT_3D ( 'NONE', #913, #579, #4221 ) ;
#3153 = VECTOR ( 'NONE', #1010, 1000.000000000000000 ) ;
#3154 = EDGE_CURVE ( 'NONE', #823, #1957, #2038, .T. ) ;
#3155 = EDGE_CURVE ( 'NONE', #1004, #4083, #64, .T. ) ;
#3156 = DIRECTION ( 'NONE',  ( 0.000000000000000000, -7.709882115452463178E-15, 1.000000000000000000 ) ) ;
#3157 = FACE_OUTER_BOUND ( 'NONE', #2170, .T. ) ;
#3158 = EDGE_LOOP ( 'NONE', ( #1371, #3077 ) ) ;
#3159 = ORIENTED_EDGE ( 'NONE', *, *, #1305, .F. ) ;
#3160 = AXIS2_PLACEMENT_3D ( 'NONE', #4212, #1204, #222 ) ;
#3161 = EDGE_CURVE ( 'NONE', #1823, #4238, #618, .T. ) ;
#3162 = EDGE_CURVE ( 'NONE', #1951, #1821, #2337, .T. ) ;
#3163 = VECTOR ( 'NONE', #58, 1000.000000000000000 ) ;
#3164 = DIRECTION ( 'NONE',  ( 0.000000000000000000, -7.709882115452463178E-15, 1.000000000000000000 ) ) ;
#3165 = ORIENTED_EDGE ( 'NONE', *, *, #1784, .F. ) ;
#3166 = ORIENTED_EDGE ( 'NONE', *, *, #807, .F. ) ;
#3167 = EDGE_LOOP ( 'NONE', ( #2148, #3501, #3397, #1882, #3080, #1117, #3418, #3709 ) ) ;
#3168 = DIRECTION ( 'NONE',  ( 0.000000000000000000, -1.000000000000000000, 0.000000000000000000 ) ) ;
#3169 = CARTESIAN_POINT ( 'NONE',  ( 0.6563021627619411991, 17.18952860090845647, 36.12029672067661323 ) ) ;
#3170 = CARTESIAN_POINT ( 'NONE',  ( 4.134494931296804232, 15.68952860090842805, 32.01586665186169967 ) ) ;
#3171 = PLANE ( 'NONE',  #3210 ) ;
#3172 = LINE ( 'NONE', #2484, #1749 ) ;
#3173 = DIRECTION ( 'NONE',  ( 0.000000000000000000, 6.608470384673536824E-15, -1.000000000000000000 ) ) ;
#3174 = CARTESIAN_POINT ( 'NONE',  ( 25.69896435998654383, 10.72399656111362631, 56.01586665186238889 ) ) ;
#3175 = DIRECTION ( 'NONE',  ( 2.862293735361731706E-14, 0.000000000000000000, 1.000000000000000000 ) ) ;
#3176 = DIRECTION ( 'NONE',  ( -3.469446951953611033E-14, 0.000000000000000000, -1.000000000000000000 ) ) ;
#3177 = DIRECTION ( 'NONE',  ( 2.574809687613373848E-14, -1.000000000000000000, -2.923936424916882096E-14 ) ) ;
#3178 = PLANE ( 'NONE',  #2061 ) ;
#3179 = EDGE_CURVE ( 'NONE', #2408, #3752, #1766, .T. ) ;
#3180 = DIRECTION ( 'NONE',  ( -1.473225881933163386E-16, -1.000000000000000000, -7.000000000000001727E-15 ) ) ;
#3181 = ORIENTED_EDGE ( 'NONE', *, *, #1709, .T. ) ;
#3182 = ORIENTED_EDGE ( 'NONE', *, *, #4147, .F. ) ;
#3183 = VERTEX_POINT ( 'NONE', #3434 ) ;
#3184 = CIRCLE ( 'NONE', #1849, 2.000000000000001776 ) ;
#3185 = DIRECTION ( 'NONE',  ( 1.000000000000000000, 2.571108009036967724E-14, 5.139921410302129043E-16 ) ) ;
#3186 = EDGE_CURVE ( 'NONE', #3464, #4165, #416, .T. ) ;
#3187 = EDGE_CURVE ( 'NONE', #3860, #2347, #2402, .T. ) ;
#3188 = CARTESIAN_POINT ( 'NONE',  ( 13.49170252384917390, -23.55237360053464357, 42.88865848218822663 ) ) ;
#3189 = DIRECTION ( 'NONE',  ( 1.000000000000000000, 2.467162276944908187E-14, -3.448912900226734932E-14 ) ) ;
#3190 = DIRECTION ( 'NONE',  ( 0.000000000000000000, -3.295974604355930324E-14, 1.000000000000000000 ) ) ;
#3191 = ORIENTED_EDGE ( 'NONE', *, *, #4016, .F. ) ;
#3192 = CARTESIAN_POINT ( 'NONE',  ( 7.722687687405815460, 17.18952860090852752, 26.91143657303316772 ) ) ;
#3193 = DIRECTION ( 'NONE',  ( -2.565564719734035151E-14, 1.000000000000000000, 2.928657122104321757E-14 ) ) ;
#3194 = DIRECTION ( 'NONE',  ( -2.902530795666727357E-14, 0.000000000000000000, -1.000000000000000000 ) ) ;
#3195 = CARTESIAN_POINT ( 'NONE',  ( 8.268924998906117096, 20.68952860090847068, 34.52405940917687843 ) ) ;
#3196 = LINE ( 'NONE', #842, #479 ) ;
#3197 = CARTESIAN_POINT ( 'NONE',  ( 61.08449493129688790, -1.740472867575742821, 54.01586665186281522 ) ) ;
#3198 = CARTESIAN_POINT ( 'NONE',  ( 53.43449493129611483, 4.164683159030273527E-14, 35.01586665186126623 ) ) ;
#3199 = ORIENTED_EDGE ( 'NONE', *, *, #2215, .F. ) ;
#3200 = VERTEX_POINT ( 'NONE', #3743 ) ;
#3201 = VERTEX_POINT ( 'NONE', #2071 ) ;
#3202 = DIRECTION ( 'NONE',  ( 1.473225881933163633E-16, 1.000000000000000000, 7.000000000000000938E-15 ) ) ;
#3203 = DIRECTION ( 'NONE',  ( 0.000000000000000000, 7.000000000000001727E-15, -1.000000000000000000 ) ) ;
#3204 = ADVANCED_FACE ( 'NONE', ( #3045 ), #2054, .F. ) ;
#3205 = EDGE_CURVE ( 'NONE', #244, #2417, #18, .T. ) ;
#3206 = CARTESIAN_POINT ( 'NONE',  ( -0.3936978372374148605, -28.86547286757783226, 36.12029672067633612 ) ) ;
#3207 = ORIENTED_EDGE ( 'NONE', *, *, #2806, .T. ) ;
#3208 = EDGE_LOOP ( 'NONE', ( #1670, #1249, #3361 ) ) ;
#3209 = CARTESIAN_POINT ( 'NONE',  ( 11.66980181928771465, -19.17047433606059315, 22.07099446259749698 ) ) ;
#3210 = AXIS2_PLACEMENT_3D ( 'NONE', #4197, #2817, #2791 ) ;
#3211 = VECTOR ( 'NONE', #2512, 1000.000000000000000 ) ;
#3212 = EDGE_CURVE ( 'NONE', #1707, #645, #1001, .T. ) ;
#3213 = DIRECTION ( 'NONE',  ( -3.469446951953611033E-14, 0.000000000000000000, -1.000000000000000000 ) ) ;
#3214 = DIRECTION ( 'NONE',  ( 2.574694843291808119E-14, -1.000000000000000000, -2.928657122104321757E-14 ) ) ;
#3215 = CARTESIAN_POINT ( 'NONE',  ( 58.68449493129590167, -1.590472867575302596, 32.06586665186076601 ) ) ;
#3216 = VECTOR ( 'NONE', #234, 1000.000000000000000 ) ;
#3217 = DIRECTION ( 'NONE',  ( 0.000000000000000000, 6.938893903907226800E-15, -1.000000000000000000 ) ) ;
#3218 = FACE_BOUND ( 'NONE', #799, .T. ) ;
#3219 = FACE_OUTER_BOUND ( 'NONE', #3167, .T. ) ;
#3220 = CIRCLE ( 'NONE', #1132, 1.049999999999998934 ) ;
#3221 = AXIS2_PLACEMENT_3D ( 'NONE', #249, #2945, #1561 ) ;
#3222 = CARTESIAN_POINT ( 'NONE',  ( 8.268924998906117096, 17.18952860090847068, 34.52405940917685001 ) ) ;
#3223 = AXIS2_PLACEMENT_3D ( 'NONE', #802, #1843, #2432 ) ;
#3224 = CIRCLE ( 'NONE', #200, 2.000000000000001776 ) ;
#3225 = ORIENTED_EDGE ( 'NONE', *, *, #2967, .T. ) ;
#3226 = ORIENTED_EDGE ( 'NONE', *, *, #3212, .T. ) ;
#3227 = ORIENTED_EDGE ( 'NONE', *, *, #3205, .F. ) ;
#3228 = CYLINDRICAL_SURFACE ( 'NONE', #3854, 1.050000000000000711 ) ;
#3229 = PLANE ( 'NONE',  #2858 ) ;
#3230 = AXIS2_PLACEMENT_3D ( 'NONE', #4315, #1897, #3893 ) ;
#3231 = CARTESIAN_POINT ( 'NONE',  ( 8.268924998906117096, 20.68952860090845647, 36.32405940917687559 ) ) ;
#3232 = ORIENTED_EDGE ( 'NONE', *, *, #139, .F. ) ;
#3233 = ORIENTED_EDGE ( 'NONE', *, *, #3618, .T. ) ;
#3234 = DIRECTION ( 'NONE',  ( -2.902530795666802456E-14, 2.928657122104247289E-14, -1.000000000000000000 ) ) ;
#3235 = VECTOR ( 'NONE', #4225, 1000.000000000000000 ) ;
#3236 = EDGE_CURVE ( 'NONE', #1280, #687, #3578, .T. ) ;
#3237 = CARTESIAN_POINT ( 'NONE',  ( 11.66980181928772886, 15.68952860090855950, 22.07099446259774211 ) ) ;
#3238 = CARTESIAN_POINT ( 'NONE',  ( -0.3936978372380385838, 15.68952860090846357, 36.12029672067661323 ) ) ;
#3239 = CARTESIAN_POINT ( 'NONE',  ( 58.68449493129650563, -14.85310835227449822, 41.01586665186065517 ) ) ;
#3240 = ADVANCED_FACE ( 'NONE', ( #719, #1080 ), #2011, .T. ) ;
#3241 = EDGE_CURVE ( 'NONE', #3607, #4237, #2596, .T. ) ;
#3242 = DIRECTION ( 'NONE',  ( -1.400000000000000030E-14, 1.000000000000000000, 6.000000000000000466E-15 ) ) ;
#3243 = CARTESIAN_POINT ( 'NONE',  ( 12.32425099385285883, -24.11589877651343627, 22.34417659619725072 ) ) ;
#3244 = FACE_BOUND ( 'NONE', #1562, .T. ) ;
#3245 = PLANE ( 'NONE',  #1455 ) ;
#3246 = ORIENTED_EDGE ( 'NONE', *, *, #457, .T. ) ;
#3247 = ORIENTED_EDGE ( 'NONE', *, *, #3533, .T. ) ;
#3248 = ORIENTED_EDGE ( 'NONE', *, *, #570, .T. ) ;
#3249 = CARTESIAN_POINT ( 'NONE',  ( 11.84955591742775738, -24.17047433606073525, 42.04781011277436420 ) ) ;
#3250 = CARTESIAN_POINT ( 'NONE',  ( 37.93449493129589456, 9.159527132424193141, 46.01586665186245284 ) ) ;
#3251 = AXIS2_PLACEMENT_3D ( 'NONE', #1903, #3857, #240 ) ;
#3252 = CARTESIAN_POINT ( 'NONE',  ( 25.68449493129577732, 14.15952713242384853, 35.01586665186248837 ) ) ;
#3253 = ORIENTED_EDGE ( 'NONE', *, *, #2160, .F. ) ;
#3254 = CARTESIAN_POINT ( 'NONE',  ( 51.43449493129589456, 9.159527132424505780, 41.01586665186137992 ) ) ;
#3255 = AXIS2_PLACEMENT_3D ( 'NONE', #2055, #741, #705 ) ;
#3256 = DIRECTION ( 'NONE',  ( 7.980140110291157584E-17, 7.000000000000000938E-15, -1.000000000000000000 ) ) ;
#3257 = CYLINDRICAL_SURFACE ( 'NONE', #2524, 2.000000000000001776 ) ;
#3258 = FACE_OUTER_BOUND ( 'NONE', #2300, .T. ) ;
#3259 = FACE_BOUND ( 'NONE', #2519, .T. ) ;
#3260 = EDGE_CURVE ( 'NONE', #844, #1577, #2203, .T. ) ;
#3261 = ADVANCED_FACE ( 'NONE', ( #2180 ), #503, .T. ) ;
#3262 = CARTESIAN_POINT ( 'NONE',  ( 6.672687687406324564, -19.17047433606062512, 26.91143657303295100 ) ) ;
#3263 = DIRECTION ( 'NONE',  ( -0.000000000000000000, -0.000000000000000000, 1.000000000000000000 ) ) ;
#3264 = CARTESIAN_POINT ( 'NONE',  ( 29.18449493129635997, 4.409527132423987972, 52.51586665186177072 ) ) ;
#3265 = ORIENTED_EDGE ( 'NONE', *, *, #4023, .T. ) ;
#3266 = ORIENTED_EDGE ( 'NONE', *, *, #3994, .T. ) ;
#3267 = CYLINDRICAL_SURFACE ( 'NONE', #2943, 2.000000000000001776 ) ;
#3268 = CARTESIAN_POINT ( 'NONE',  ( 13.49085870798536746, -18.55453637554845514, 42.88781967670390571 ) ) ;
#3269 = CARTESIAN_POINT ( 'NONE',  ( 11.66980181928744997, 12.68952860090828239, 61.81245584921970959 ) ) ;
#3270 = ORIENTED_EDGE ( 'NONE', *, *, #3452, .F. ) ;
#3271 = VERTEX_POINT ( 'NONE', #791 ) ;
#3272 = DIRECTION ( 'NONE',  ( 0.000000000000000000, 6.608470384673557335E-15, -1.000000000000000000 ) ) ;
#3273 = ORIENTED_EDGE ( 'NONE', *, *, #1253, .T. ) ;
#3274 = VERTEX_POINT ( 'NONE', #3872 ) ;
#3275 = AXIS2_PLACEMENT_3D ( 'NONE', #2739, #4081, #693 ) ;
#3276 = DIRECTION ( 'NONE',  ( -0.6037669412152597559, -0.4611851240684577968, -0.6502105520779637438 ) ) ;
#3277 = LINE ( 'NONE', #3982, #413 ) ;
#3278 = CARTESIAN_POINT ( 'NONE',  ( 25.68449493129615036, 10.73507619490153786, 32.01586665186182756 ) ) ;
#3279 = VECTOR ( 'NONE', #1904, 1000.000000000000000 ) ;
#3280 = DIRECTION ( 'NONE',  ( 1.000000000000000000, 2.563899477072724264E-14, -2.902530795666727357E-14 ) ) ;
#3281 = DIRECTION ( 'NONE',  ( 1.000000000000000000, 2.467162276944907871E-14, -3.448912900226734932E-14 ) ) ;
#3282 = AXIS2_PLACEMENT_3D ( 'NONE', #2578, #1873, #3217 ) ;
#3283 = CARTESIAN_POINT ( 'NONE',  ( 39.93449493129655536, -17.64047286757599053, 48.01586665186156466 ) ) ;
#3284 = EDGE_CURVE ( 'NONE', #3536, #3200, #1048, .T. ) ;
#3285 = EDGE_CURVE ( 'NONE', #711, #1723, #1521, .T. ) ;
#3286 = VECTOR ( 'NONE', #3760, 1000.000000000000000 ) ;
#3287 = EDGE_LOOP ( 'NONE', ( #3270, #3467, #3952, #1396, #3753 ) ) ;
#3288 = CARTESIAN_POINT ( 'NONE',  ( 51.43449493129589456, 9.159527132424360119, 46.01586665186245995 ) ) ;
#3289 = ORIENTED_EDGE ( 'NONE', *, *, #3768, .F. ) ;
#3290 = ORIENTED_EDGE ( 'NONE', *, *, #921, .F. ) ;
#3291 = ORIENTED_EDGE ( 'NONE', *, *, #2348, .T. ) ;
#3292 = DATE_TIME_ROLE ( 'classification_date' ) ;
#3293 = AXIS2_PLACEMENT_3D ( 'NONE', #452, #1800, #3144 ) ;
#3294 = DIRECTION ( 'NONE',  ( 3.953785700231736652E-16, 1.000000000000000000, 7.000000000000002516E-15 ) ) ;
#3295 = ADVANCED_FACE ( 'NONE', ( #1786 ), #1103, .T. ) ;
#3296 = EDGE_CURVE ( 'NONE', #2265, #908, #4278, .T. ) ;
#3297 = AXIS2_PLACEMENT_3D ( 'NONE', #4283, #4240, #2938 ) ;
#3298 = DIRECTION ( 'NONE',  ( -1.473225881933163633E-16, -1.000000000000000000, -7.000000000000002516E-15 ) ) ;
#3299 = ORIENTED_EDGE ( 'NONE', *, *, #3799, .T. ) ;
#3300 = VERTEX_POINT ( 'NONE', #106 ) ;
#3301 = CARTESIAN_POINT ( 'NONE',  ( 61.58449493129654684, -15.64047286757522315, 41.01586665186050595 ) ) ;
#3302 = VECTOR ( 'NONE', #1100, 1000.000000000000000 ) ;
#3303 = ORIENTED_EDGE ( 'NONE', *, *, #2031, .F. ) ;
#3304 = AXIS2_PLACEMENT_3D ( 'NONE', #1030, #2369, #3716 ) ;
#3305 = LINE ( 'NONE', #1239, #1817 ) ;
#3306 = CYLINDRICAL_SURFACE ( 'NONE', #1130, 2.000000000000001776 ) ;
#3307 = CARTESIAN_POINT ( 'NONE',  ( 60.18449493129666905, 4.409527132424734930, 53.51586665186070491 ) ) ;
#3308 = DIRECTION ( 'NONE',  ( -1.473225881933163386E-16, -1.000000000000000000, -7.000000000000001727E-15 ) ) ;
#3309 = DIRECTION ( 'NONE',  ( -2.775557561562888827E-14, 0.000000000000000000, -1.000000000000000000 ) ) ;
#3310 = DIRECTION ( 'NONE',  ( -1.473225881933163633E-16, -1.000000000000000000, -7.000000000000002516E-15 ) ) ;
#3311 = EDGE_LOOP ( 'NONE', ( #1661, #984, #1930, #2474, #1232, #1420, #3253, #2397, #4327, #2262, #2675, #226, #3182, #271 ) ) ;
#3312 = DIRECTION ( 'NONE',  ( 0.000000000000000000, -7.709882115452477378E-15, 1.000000000000000000 ) ) ;
#3313 = ORIENTED_EDGE ( 'NONE', *, *, #2058, .T. ) ;
#3314 = ORIENTED_EDGE ( 'NONE', *, *, #1630, .T. ) ;
#3315 = PERSON_AND_ORGANIZATION_ROLE ( 'design_supplier' ) ;
#3316 = CYLINDRICAL_SURFACE ( 'NONE', #248, 1.000000000000000888 ) ;
#3317 = FACE_OUTER_BOUND ( 'NONE', #3072, .T. ) ;
#3318 = ORIENTED_EDGE ( 'NONE', *, *, #1955, .F. ) ;
#3319 = EDGE_CURVE ( 'NONE', #844, #78, #2574, .T. ) ;
#3320 = EDGE_CURVE ( 'NONE', #3586, #912, #1154, .T. ) ;
#3321 = ORIENTED_EDGE ( 'NONE', *, *, #591, .F. ) ;
#3322 = PLANE ( 'NONE',  #1886 ) ;
#3323 = EDGE_LOOP ( 'NONE', ( #1937, #1895, #1210, #1159 ) ) ;
#3324 = AXIS2_PLACEMENT_3D ( 'NONE', #288, #1021, #684 ) ;
#3325 = DIRECTION ( 'NONE',  ( -3.469446951953611033E-14, 0.000000000000000000, -1.000000000000000000 ) ) ;
#3326 = DIRECTION ( 'NONE',  ( -1.473225881933163633E-16, -1.000000000000000000, -7.000000000000002516E-15 ) ) ;
#3327 = DIRECTION ( 'NONE',  ( -1.000000000000000000, -1.321694076934709574E-14, 0.000000000000000000 ) ) ;
#3328 = CIRCLE ( 'NONE', #1569, 1.000000000000000888 ) ;
#3329 = DIRECTION ( 'NONE',  ( -2.775557561562888827E-14, 0.000000000000000000, -1.000000000000000000 ) ) ;
#3330 = DIRECTION ( 'NONE',  ( 2.903379291371784214E-14, -2.923936424916807628E-14, 1.000000000000000000 ) ) ;
#3331 = CARTESIAN_POINT ( 'NONE',  ( 61.58449493129698027, -7.590472867575248195, 53.51586665186046332 ) ) ;
#3332 = EDGE_LOOP ( 'NONE', ( #62, #1399 ) ) ;
#3333 = CARTESIAN_POINT ( 'NONE',  ( 25.68449493129632089, -14.21602193005374559, 56.01586665186165703 ) ) ;
#3334 = EDGE_LOOP ( 'NONE', ( #3828, #3265, #4255, #3006 ) ) ;
#3335 = ORIENTED_EDGE ( 'NONE', *, *, #2320, .F. ) ;
#3336 = PERSON_AND_ORGANIZATION ( #1625, #689 ) ;
#3337 = DIRECTION ( 'NONE',  ( -1.000000000000000000, -1.321694076934709574E-14, 0.000000000000000000 ) ) ;
#3338 = ORIENTED_EDGE ( 'NONE', *, *, #3858, .T. ) ;
#3339 = VERTEX_POINT ( 'NONE', #2159 ) ;
#3340 = CARTESIAN_POINT ( 'NONE',  ( 37.93449493129577377, 14.15952713242370464, 48.01586665186262337 ) ) ;
#3341 = EDGE_CURVE ( 'NONE', #2762, #2526, #85, .T. ) ;
#3342 = ADVANCED_FACE ( 'NONE', ( #4204 ), #1198, .T. ) ;
#3343 = EDGE_LOOP ( 'NONE', ( #2627, #1799, #1088, #1958 ) ) ;
#3344 = PLANE ( 'NONE',  #1040 ) ;
#3345 = CARTESIAN_POINT ( 'NONE',  ( 29.96292205604276049, -15.64047286757604205, 41.01586665186148650 ) ) ;
#3346 = LINE ( 'NONE', #2997, #566 ) ;
#3347 = EDGE_CURVE ( 'NONE', #1584, #4039, #2201, .T. ) ;
#3348 = CARTESIAN_POINT ( 'NONE',  ( 30.68449493129590522, 9.159527132423974649, 35.01586665186219705 ) ) ;
#3349 = CARTESIAN_POINT ( 'NONE',  ( -0.9399351487373336367, 17.18952860090851331, 28.50767388453300200 ) ) ;
#3350 = FACE_OUTER_BOUND ( 'NONE', #383, .T. ) ;
#3351 = AXIS2_PLACEMENT_3D ( 'NONE', #2809, #2541, #1114 ) ;
#3352 = DIRECTION ( 'NONE',  ( -1.000000000000000000, -2.443887161124658716E-14, 2.903379291371712901E-14 ) ) ;
#3353 = B_SPLINE_CURVE_WITH_KNOTS ( 'NONE', 3,
 ( #2359, #1682, #1308, #1002, #3706, #2037, #3375, #1350 ),
 .UNSPECIFIED., .F., .F.,
 ( 4, 2, 2, 4 ),
 ( 0.000000000000000000, 0.001065570751632450132, 0.001598356127448678776, 0.002131141503264907637 ),
 .UNSPECIFIED. ) ;
#3354 = ORIENTED_EDGE ( 'NONE', *, *, #2696, .F. ) ;
#3355 = ORIENTED_EDGE ( 'NONE', *, *, #1027, .F. ) ;
#3356 = DIRECTION ( 'NONE',  ( 0.000000000000000000, 0.000000000000000000, 1.000000000000000000 ) ) ;
#3357 = CYLINDRICAL_SURFACE ( 'NONE', #2222, 1.800000000000002931 ) ;
#3358 = VECTOR ( 'NONE', #4314, 1000.000000000000000 ) ;
#3359 = CARTESIAN_POINT ( 'NONE',  ( 25.68449493129659444, -17.64047286757615396, 33.01586665186155756 ) ) ;
#3360 = VERTEX_POINT ( 'NONE', #856 ) ;
#3361 = ORIENTED_EDGE ( 'NONE', *, *, #4208, .T. ) ;
#3362 = CYLINDRICAL_SURFACE ( 'NONE', #972, 1.000000000000000888 ) ;
#3363 = AXIS2_PLACEMENT_3D ( 'NONE', #1342, #28, #2681 ) ;
#3364 = CIRCLE ( 'NONE', #4136, 1.999999999999998224 ) ;
#3365 = ORIENTED_EDGE ( 'NONE', *, *, #485, .T. ) ;
#3366 = FACE_OUTER_BOUND ( 'NONE', #3803, .T. ) ;
#3367 = LINE ( 'NONE', #3739, #4356 ) ;
#3368 = VECTOR ( 'NONE', #740, 1000.000000000000000 ) ;
#3369 = ADVANCED_FACE ( 'NONE', ( #1432 ), #2771, .F. ) ;
#3370 = DIRECTION ( 'NONE',  ( 0.7327934916262931475, 4.401230126829239762E-15, -0.6804510993672843178 ) ) ;
#3371 = VERTEX_POINT ( 'NONE', #482 ) ;
#3372 = CARTESIAN_POINT ( 'NONE',  ( -5.865505068703193103, -19.17047433606064644, 31.01586665186028569 ) ) ;
#3373 = DIRECTION ( 'NONE',  ( -0.6246950475544441606, 0.7808688094430144000, 0.000000000000000000 ) ) ;
#3374 = EDGE_CURVE ( 'NONE', #3860, #4149, #1134, .T. ) ;
#3375 = CARTESIAN_POINT ( 'NONE',  ( 11.83534630663971221, 20.68952860090855239, 22.13657228946476252 ) ) ;
#3376 = EDGE_CURVE ( 'NONE', #2042, #4038, #1807, .T. ) ;
#3377 = CARTESIAN_POINT ( 'NONE',  ( 4.134494931296774034, 20.68952860090841739, 42.01586665186172809 ) ) ;
#3378 = ORIENTED_EDGE ( 'NONE', *, *, #2077, .T. ) ;
#3379 = ORIENTED_EDGE ( 'NONE', *, *, #110, .F. ) ;
#3380 = PERSON_AND_ORGANIZATION ( #1625, #689 ) ;
#3381 = ORIENTED_EDGE ( 'NONE', *, *, #4199, .T. ) ;
#3382 = DIRECTION ( 'NONE',  ( -3.469446951953611033E-14, 0.000000000000000000, -1.000000000000000000 ) ) ;
#3383 = ORIENTED_EDGE ( 'NONE', *, *, #570, .F. ) ;
#3384 = EDGE_LOOP ( 'NONE', ( #709, #2936 ) ) ;
#3385 = CARTESIAN_POINT ( 'NONE',  ( 60.18449493129659800, 4.409527132424734930, 51.51586665186070491 ) ) ;
#3386 = VECTOR ( 'NONE', #1423, 1000.000000000000114 ) ;
#3387 = VERTEX_POINT ( 'NONE', #3174 ) ;
#3388 = DIRECTION ( 'NONE',  ( -3.469446951953611033E-14, 0.000000000000000000, -1.000000000000000000 ) ) ;
#3389 = CARTESIAN_POINT ( 'NONE',  ( 13.54731352689079671, 15.03046783773197603, 42.94505590865631461 ) ) ;
#3390 = DIRECTION ( 'NONE',  ( -4.843387482784487241E-29, 1.000000000000000000, 6.999999999999999361E-15 ) ) ;
#3391 = DIRECTION ( 'NONE',  ( 1.000000000000000000, 2.563899477072724264E-14, -2.902530795666727357E-14 ) ) ;
#3392 = FACE_OUTER_BOUND ( 'NONE', #1609, .T. ) ;
#3393 = EDGE_CURVE ( 'NONE', #3695, #405, #151, .T. ) ;
#3394 = EDGE_CURVE ( 'NONE', #1972, #3490, #969, .T. ) ;
#3395 = FACE_OUTER_BOUND ( 'NONE', #1195, .T. ) ;
#3396 = ORIENTED_EDGE ( 'NONE', *, *, #2913, .T. ) ;
#3397 = ORIENTED_EDGE ( 'NONE', *, *, #3541, .F. ) ;
#3398 = ORIENTED_EDGE ( 'NONE', *, *, #673, .T. ) ;
#3399 = FACE_BOUND ( 'NONE', #674, .T. ) ;
#3400 = ORIENTED_EDGE ( 'NONE', *, *, #1033, .F. ) ;
#3401 = ORIENTED_EDGE ( 'NONE', *, *, #2752, .F. ) ;
#3402 = CARTESIAN_POINT ( 'NONE',  ( 6.672687687406325452, 17.18952860090853818, 25.11143657303320609 ) ) ;
#3403 = EDGE_LOOP ( 'NONE', ( #4276, #2286, #2103, #2075 ) ) ;
#3404 = LINE ( 'NONE', #1344, #3358 ) ;
#3405 = LINE ( 'NONE', #15, #1196 ) ;
#3406 = DIRECTION ( 'NONE',  ( 0.000000000000000000, 7.709882115452463178E-15, -1.000000000000000000 ) ) ;
#3407 = CARTESIAN_POINT ( 'NONE',  ( 12.98895182993786790, -18.86917539672150212, 42.48089047269872509 ) ) ;
#3408 = DIRECTION ( 'NONE',  ( -1.473225881933153279E-16, -1.000000000000000000, -7.000000000000000938E-15 ) ) ;
#3409 = CARTESIAN_POINT ( 'NONE',  ( 53.32952348920498764, 11.46221941808585676, 33.01586665186161440 ) ) ;
#3410 = VECTOR ( 'NONE', #2840, 1000.000000000000000 ) ;
#3411 = ORIENTED_EDGE ( 'NONE', *, *, #220, .T. ) ;
#3412 = VERTEX_POINT ( 'NONE', #946 ) ;
#3413 = ADVANCED_FACE ( 'NONE', ( #1915, #3961, #3662 ), #1545, .T. ) ;
#3414 = ADVANCED_FACE ( 'NONE', ( #1566 ), #3257, .T. ) ;
#3415 = VECTOR ( 'NONE', #1575, 1000.000000000000000 ) ;
#3416 = ORIENTED_EDGE ( 'NONE', *, *, #2236, .T. ) ;
#3417 = DIRECTION ( 'NONE',  ( 0.000000000000000000, -1.000000000000000000, -5.999999999999999677E-15 ) ) ;
#3418 = ORIENTED_EDGE ( 'NONE', *, *, #3679, .F. ) ;
#3419 = EDGE_LOOP ( 'NONE', ( #4309, #2059 ) ) ;
#3420 = CARTESIAN_POINT ( 'NONE',  ( 5.622687687406324741, -19.17047433606062512, 26.91143657303294390 ) ) ;
#3421 = AXIS2_PLACEMENT_3D ( 'NONE', #3740, #1326, #718 ) ;
#3422 = EDGE_CURVE ( 'NONE', #207, #655, #609, .T. ) ;
#3423 = EDGE_CURVE ( 'NONE', #1163, #940, #3277, .T. ) ;
#3424 = ORIENTED_EDGE ( 'NONE', *, *, #952, .T. ) ;
#3425 = CIRCLE ( 'NONE', #2796, 1.000000000000000888 ) ;
#3426 = CARTESIAN_POINT ( 'NONE',  ( 60.18449493129690353, -7.590472867575265070, 51.51586665186056990 ) ) ;
#3427 = DIRECTION ( 'NONE',  ( -1.473225881933163386E-16, -1.000000000000000000, -7.000000000000001727E-15 ) ) ;
#3428 = CARTESIAN_POINT ( 'NONE',  ( 49.43449493129669747, -23.84047286757594719, 46.01586665186135860 ) ) ;
#3429 = VECTOR ( 'NONE', #2003, 1000.000000000000000 ) ;
#3430 = AXIS2_PLACEMENT_3D ( 'NONE', #1743, #3654, #90 ) ;
#3431 = APPROVAL_PERSON_ORGANIZATION ( #3035, #1246, #1355 ) ;
#3432 = AXIS2_PLACEMENT_3D ( 'NONE', #3462, #1552, #2846 ) ;
#3433 = DIRECTION ( 'NONE',  ( -2.563899477072639383E-14, 1.000000000000000000, 2.923936424916882096E-14 ) ) ;
#3434 = CARTESIAN_POINT ( 'NONE',  ( -0.9399351487373331926, 17.18952860090852752, 26.70767388453300484 ) ) ;
#3435 = CARTESIAN_POINT ( 'NONE',  ( 7.218924998906136814, -20.67047433606067486, 34.52405940917659422 ) ) ;
#3436 = AXIS2_PLACEMENT_3D ( 'NONE', #901, #2637, #876 ) ;
#3437 = VECTOR ( 'NONE', #3933, 1000.000000000000000 ) ;
#3438 = CARTESIAN_POINT ( 'NONE',  ( 58.68449493129645589, -12.64047286757530664, 41.01586665186074754 ) ) ;
#3439 = FACE_OUTER_BOUND ( 'NONE', #3419, .T. ) ;
#3440 = AXIS2_PLACEMENT_3D ( 'NONE', #2528, #3869, #3078 ) ;
#3441 = VERTEX_POINT ( 'NONE', #2618 ) ;
#3442 = DIRECTION ( 'NONE',  ( -0.6070189628992648245, -0.7946873464959041122, -9.817980741535688250E-15 ) ) ;
#3443 = ORIENTED_EDGE ( 'NONE', *, *, #2562, .F. ) ;
#3444 = CARTESIAN_POINT ( 'NONE',  ( 13.49170252384918101, 20.07142786538231860, 42.88865848218851795 ) ) ;
#3445 = ORIENTED_EDGE ( 'NONE', *, *, #1356, .F. ) ;
#3446 = EDGE_LOOP ( 'NONE', ( #967, #3365, #3396, #3165 ) ) ;
#3447 = VERTEX_POINT ( 'NONE', #2906 ) ;
#3448 = CARTESIAN_POINT ( 'NONE',  ( 29.96292205604184034, 14.15952713242395689, 35.01586665186236047 ) ) ;
#3449 = CARTESIAN_POINT ( 'NONE',  ( 37.93449493129669747, -23.84047286757629536, 48.01586665186135150 ) ) ;
#3450 = ORIENTED_EDGE ( 'NONE', *, *, #1593, .F. ) ;
#3451 = EDGE_CURVE ( 'NONE', #3387, #3750, #2220, .T. ) ;
#3452 = EDGE_CURVE ( 'NONE', #3412, #2265, #2555, .T. ) ;
#3453 = CARTESIAN_POINT ( 'NONE',  ( 17.13535461868027809, 27.95387519731084325, 25.80910016135143081 ) ) ;
#3454 = CARTESIAN_POINT ( 'NONE',  ( 25.68449493129613970, -14.21602193005388592, 56.01586665186165703 ) ) ;
#3455 = FACE_OUTER_BOUND ( 'NONE', #2106, .T. ) ;
#3456 = AXIS2_PLACEMENT_3D ( 'NONE', #2290, #3636, #1967 ) ;
#3457 = LINE ( 'NONE', #2219, #3713 ) ;
#3458 = DIRECTION ( 'NONE',  ( 0.6804510993672842067, -1.067787411428084141E-14, 0.7327934916262932585 ) ) ;
#3459 = DIRECTION ( 'NONE',  ( 0.000000000000000000, 3.295974604355930324E-14, -1.000000000000000000 ) ) ;
#3460 = CLOSED_SHELL ( 'NONE', ( #1703, #3369, #3204, #1435, #949, #1865, #3026, #2139, #46, #1726, #4093, #3747, #1328, #2831, #1621, #1979, #2501, #1254, #2078, #1124, #4072, #1732, #3076, #3644, #2747, #2450, #657, #2702, #379, #1629, #1150, #980, #2888, #4252, #3827, #893, #491, #2642, #29, #1304, #1175, #2371, #1759, #2, #783, #3295, #592, #275, #61, #3879, #3986, #979, #3413, #2537, #2670, #1351, #2592, #242, #3261, #3613, #1222, #3053, #1812, #356, #3110, #3054, #2480, #757, #30, #748, #3906, #1491, #2109, #4067, #544, #1918, #3414, #1375, #3851, #302, #3699, #2182, #2502, #596, #840, #2723, #2807, #2024, #1433, #1278, #3240, #3645, #4169, #2942, #351, #2966, #161, #3987, #4071, #224, #1602, #1149, #2372, #2728, #4340, #2866, #3767, #3698, #1227, #2593, #3342, #3935, #2839, #1894, #1206, #1512, #1327, #2403, #1199, #2614, #1457, #1113, #4175, #2006, #758, #2264, #3805, #2949, #3482, #83, #2908 ) ) ;
#3461 = DIRECTION ( 'NONE',  ( 1.473225881933163633E-16, 1.000000000000000000, 7.000000000000000938E-15 ) ) ;
#3462 = CARTESIAN_POINT ( 'NONE',  ( 25.68449493129650563, -14.19047286757609427, 41.01586665186164993 ) ) ;
#3463 = ORIENTED_EDGE ( 'NONE', *, *, #4317, .F. ) ;
#3464 = VERTEX_POINT ( 'NONE', #1939 ) ;
#3465 = VECTOR ( 'NONE', #976, 1000.000000000000000 ) ;
#3466 = CARTESIAN_POINT ( 'NONE',  ( 58.68449493129589456, 9.159527132424692297, 41.01586665186137992 ) ) ;
#3467 = ORIENTED_EDGE ( 'NONE', *, *, #1571, .T. ) ;
#3468 = ORIENTED_EDGE ( 'NONE', *, *, #4253, .F. ) ;
#3469 = ORIENTED_EDGE ( 'NONE', *, *, #56, .F. ) ;
#3470 = CARTESIAN_POINT ( 'NONE',  ( 25.68449493129702788, -17.64047286757659450, 56.01586665186155756 ) ) ;
#3471 = DIRECTION ( 'NONE',  ( -5.139921410293523557E-16, -3.347036710976369525E-14, 1.000000000000000000 ) ) ;
#3472 = ORIENTED_EDGE ( 'NONE', *, *, #2752, .T. ) ;
#3473 = CARTESIAN_POINT ( 'NONE',  ( -0.9399351487371989666, -28.86547286757779673, 28.50767388453268936 ) ) ;
#3474 = CARTESIAN_POINT ( 'NONE',  ( -5.865505068703625646, -19.17047433606107987, 92.68165751221253856 ) ) ;
#3475 = CYLINDRICAL_SURFACE ( 'NONE', #1756, 1.800000000000002931 ) ;
#3476 = EDGE_CURVE ( 'NONE', #512, #2874, #2952, .T. ) ;
#3477 = EDGE_CURVE ( 'NONE', #298, #1734, #4006, .T. ) ;
#3478 = ORIENTED_EDGE ( 'NONE', *, *, #2510, .T. ) ;
#3479 = DIRECTION ( 'NONE',  ( 2.430443709086124905E-14, -1.000000000000000000, 0.000000000000000000 ) ) ;
#3480 = DIRECTION ( 'NONE',  ( 6.999999999999761914E-15, 6.999999999999999361E-15, -1.000000000000000000 ) ) ;
#3481 = CARTESIAN_POINT ( 'NONE',  ( 13.49170252384918101, 20.07142786538231860, 42.88865848218851795 ) ) ;
#3482 = ADVANCED_FACE ( 'NONE', ( #4247 ), #3306, .T. ) ;
#3483 = CARTESIAN_POINT ( 'NONE',  ( 6.672687687406319235, -20.67047433606063578, 28.71143657303293750 ) ) ;
#3484 = DIRECTION ( 'NONE',  ( 1.000000000000000000, 2.563899477072724264E-14, -2.902530795666727357E-14 ) ) ;
#3485 = ORIENTED_EDGE ( 'NONE', *, *, #3376, .F. ) ;
#3486 = ORIENTED_EDGE ( 'NONE', *, *, #1813, .F. ) ;
#3487 = VECTOR ( 'NONE', #1168, 1000.000000000000000 ) ;
#3488 = DIRECTION ( 'NONE',  ( 1.473225881933163633E-16, 1.000000000000000000, 7.000000000000000938E-15 ) ) ;
#3489 = EDGE_LOOP ( 'NONE', ( #4151, #4171, #2352, #641 ) ) ;
#3490 = VERTEX_POINT ( 'NONE', #4269 ) ;
#3491 = ORIENTED_EDGE ( 'NONE', *, *, #2703, .F. ) ;
#3492 = CARTESIAN_POINT ( 'NONE',  ( 59.48449493129687227, 0.2595271324241753552, 54.01586665186281522 ) ) ;
#3493 = CARTESIAN_POINT ( 'NONE',  ( 25.68449493129659444, -17.64047286757615396, 35.01586665186155756 ) ) ;
#3494 = AXIS2_PLACEMENT_3D ( 'NONE', #3899, #1309, #882 ) ;
#3495 = AXIS2_PLACEMENT_3D ( 'NONE', #1805, #2179, #84 ) ;
#3496 = CARTESIAN_POINT ( 'NONE',  ( 25.68449493129681116, -9.240472867575880045, 56.01586665186179914 ) ) ;
#3497 = ORIENTED_EDGE ( 'NONE', *, *, #3109, .T. ) ;
#3498 = DIRECTION ( 'NONE',  ( 0.000000000000000000, 6.608470384673536824E-15, -1.000000000000000000 ) ) ;
#3499 = CARTESIAN_POINT ( 'NONE',  ( 0.6563021627624513465, 17.18952860090846002, 36.12029672067664876 ) ) ;
#3500 = VECTOR ( 'NONE', #124, 1000.000000000000000 ) ;
#3501 = ORIENTED_EDGE ( 'NONE', *, *, #2510, .F. ) ;
#3502 = DIRECTION ( 'NONE',  ( -3.469446951953611033E-14, 0.000000000000000000, -1.000000000000000000 ) ) ;
#3503 = DIRECTION ( 'NONE',  ( 1.473225881933163633E-16, 1.000000000000000000, 7.000000000000002516E-15 ) ) ;
#3504 = AXIS2_PLACEMENT_3D ( 'NONE', #3426, #1760, #79 ) ;
#3505 = DIRECTION ( 'NONE',  ( 1.000000000000000000, 2.574809687613458729E-14, -2.902530795666727357E-14 ) ) ;
#3506 = VECTOR ( 'NONE', #3168, 1000.000000000000000 ) ;
#3507 = VECTOR ( 'NONE', #4233, 1000.000000000000000 ) ;
#3508 = CARTESIAN_POINT ( 'NONE',  ( 12.02661427239802983, 15.67323697562554941, 42.08187261324165007 ) ) ;
#3509 = EDGE_CURVE ( 'NONE', #3929, #883, #1687, .T. ) ;
#3510 = EDGE_CURVE ( 'NONE', #1695, #3633, #484, .T. ) ;
#3511 = CARTESIAN_POINT ( 'NONE',  ( 8.268924998906252100, -28.86547286757770081, 34.52405940917653737 ) ) ;
#3512 = CARTESIAN_POINT ( 'NONE',  ( 5.622687687405815815, 17.18952860090852752, 26.91143657303316772 ) ) ;
#3513 = AXIS2_PLACEMENT_3D ( 'NONE', #1499, #3193, #525 ) ;
#3514 = CIRCLE ( 'NONE', #3022, 2.000000000000001776 ) ;
#3515 = CARTESIAN_POINT ( 'NONE',  ( 58.68449493129588745, 9.159527132424486240, 48.01586665186247416 ) ) ;
#3516 = ORIENTED_EDGE ( 'NONE', *, *, #2167, .T. ) ;
#3517 = ORIENTED_EDGE ( 'NONE', *, *, #1656, .F. ) ;
#3518 = ORIENTED_EDGE ( 'NONE', *, *, #105, .F. ) ;
#3519 = DIRECTION ( 'NONE',  ( -2.563899477072639383E-14, 1.000000000000000000, 2.923936424916882096E-14 ) ) ;
#3520 = LINE ( 'NONE', #498, #1877 ) ;
#3521 = DIRECTION ( 'NONE',  ( 2.430443709086124905E-14, -1.000000000000000000, -3.347036710976368263E-14 ) ) ;
#3522 = DIRECTION ( 'NONE',  ( 3.953785700231736652E-16, 1.000000000000000000, 7.000000000000002516E-15 ) ) ;
#3523 = CARTESIAN_POINT ( 'NONE',  ( 7.218924998906114610, -19.17047433606067486, 34.52405940917659422 ) ) ;
#3524 = ORIENTED_EDGE ( 'NONE', *, *, #1079, .F. ) ;
#3525 = VECTOR ( 'NONE', #1018, 1000.000000000000000 ) ;
#3526 = CARTESIAN_POINT ( 'NONE',  ( 8.268924998906117096, 20.68952860090847068, 34.52405940917687843 ) ) ;
#3527 = CARTESIAN_POINT ( 'NONE',  ( 12.37244067276098569, -19.09220175057886593, 42.18049817542263469 ) ) ;
#3528 = DIRECTION ( 'NONE',  ( 1.000000000000000000, 2.563899477072724264E-14, -2.902530795666727357E-14 ) ) ;
#3529 = CYLINDRICAL_SURFACE ( 'NONE', #2023, 1.000000000000000888 ) ;
#3530 = DIRECTION ( 'NONE',  ( -2.558717127065706845E-14, 1.000000000000000000, 2.928657122104321757E-14 ) ) ;
#3531 = DIRECTION ( 'NONE',  ( 2.902530795666802456E-14, -2.928657122104247289E-14, 1.000000000000000000 ) ) ;
#3532 = EDGE_CURVE ( 'NONE', #3371, #3586, #3514, .T. ) ;
#3533 = EDGE_CURVE ( 'NONE', #2347, #1556, #764, .T. ) ;
#3534 = VECTOR ( 'NONE', #3667, 1000.000000000000000 ) ;
#3535 = CARTESIAN_POINT ( 'NONE',  ( 39.93449493129578087, 14.15952713242375260, 48.01586665186262337 ) ) ;
#3536 = VERTEX_POINT ( 'NONE', #3238 ) ;
#3537 = ORIENTED_EDGE ( 'NONE', *, *, #1409, .T. ) ;
#3538 = VERTEX_POINT ( 'NONE', #926 ) ;
#3539 = CIRCLE ( 'NONE', #2272, 2.000000000000001776 ) ;
#3540 = DIRECTION ( 'NONE',  ( 2.430443709086124905E-14, -1.000000000000000000, -3.347036710976368263E-14 ) ) ;
#3541 = EDGE_CURVE ( 'NONE', #2287, #3629, #1208, .T. ) ;
#3542 = CARTESIAN_POINT ( 'NONE',  ( 11.66980181928772886, 15.68952860090855950, 22.07099446259774211 ) ) ;
#3543 = ORIENTED_EDGE ( 'NONE', *, *, #721, .T. ) ;
#3544 = FACE_OUTER_BOUND ( 'NONE', #3630, .T. ) ;
#3545 = ORIENTED_EDGE ( 'NONE', *, *, #1382, .T. ) ;
#3546 = DIRECTION ( 'NONE',  ( -1.000000000000000000, -2.467162276944907871E-14, 3.448912900226734932E-14 ) ) ;
#3547 = CARTESIAN_POINT ( 'NONE',  ( 37.93449493129669747, -23.84047286757591166, 37.01586665186108149 ) ) ;
#3548 = DIRECTION ( 'NONE',  ( 1.473225881933163633E-16, 1.000000000000000000, 7.000000000000000938E-15 ) ) ;
#3549 = DIRECTION ( 'NONE',  ( 0.000000000000000000, 7.709882115452477378E-15, -1.000000000000000000 ) ) ;
#3550 = DIRECTION ( 'NONE',  ( -1.400000000000000030E-14, 1.000000000000000000, 6.000000000000000466E-15 ) ) ;
#3551 = ORIENTED_EDGE ( 'NONE', *, *, #2886, .T. ) ;
#3552 = CARTESIAN_POINT ( 'NONE',  ( 49.43449493129588745, 9.159527132424312157, 46.01586665186245995 ) ) ;
#3553 = DIRECTION ( 'NONE',  ( -1.000000000000000000, -2.558717127065705267E-14, -5.139921410302087628E-16 ) ) ;
#3554 = ORIENTED_EDGE ( 'NONE', *, *, #3858, .F. ) ;
#3555 = EDGE_CURVE ( 'NONE', #2151, #1778, #2268, .T. ) ;
#3556 = ORIENTED_EDGE ( 'NONE', *, *, #4155, .F. ) ;
#3557 = EDGE_LOOP ( 'NONE', ( #2393, #917, #3766, #3524, #162, #634, #2150, #300, #4078, #3445, #1729, #3056 ) ) ;
#3558 = FACE_OUTER_BOUND ( 'NONE', #1667, .T. ) ;
#3559 = DIRECTION ( 'NONE',  ( 2.903379291371784214E-14, -2.923936424916807628E-14, 1.000000000000000000 ) ) ;
#3560 = EDGE_CURVE ( 'NONE', #1724, #420, #3405, .T. ) ;
#3561 = EDGE_CURVE ( 'NONE', #2147, #1577, #1335, .T. ) ;
#3562 = ORIENTED_EDGE ( 'NONE', *, *, #3853, .T. ) ;
#3563 = DIRECTION ( 'NONE',  ( -7.980140110291157584E-17, -7.000000000000000938E-15, 1.000000000000000000 ) ) ;
#3564 = CIRCLE ( 'NONE', #389, 1.050000000000002265 ) ;
#3565 = AXIS2_PLACEMENT_3D ( 'NONE', #839, #1459, #461 ) ;
#3566 = DIRECTION ( 'NONE',  ( -1.473225881933163386E-16, -1.000000000000000000, -7.000000000000001727E-15 ) ) ;
#3567 = CARTESIAN_POINT ( 'NONE',  ( 29.18449493129633510, 4.409527132423971096, 51.51586665186177783 ) ) ;
#3568 = DIRECTION ( 'NONE',  ( -5.139921410293523557E-16, -3.347036710976369525E-14, 1.000000000000000000 ) ) ;
#3569 = AXIS2_PLACEMENT_3D ( 'NONE', #1570, #590, #1242 ) ;
#3570 = CIRCLE ( 'NONE', #43, 1.000000000000000888 ) ;
#3571 = CARTESIAN_POINT ( 'NONE',  ( 6.672687687406325452, 17.18952860090852397, 26.91143657303320325 ) ) ;
#3572 = FACE_OUTER_BOUND ( 'NONE', #48, .T. ) ;
#3573 = FACE_BOUND ( 'NONE', #4040, .T. ) ;
#3574 = VECTOR ( 'NONE', #2152, 1000.000000000000000 ) ;
#3575 = AXIS2_PLACEMENT_3D ( 'NONE', #1627, #3298, #2654 ) ;
#3576 = CARTESIAN_POINT ( 'NONE',  ( 17.13535461868028520, 12.28975604462044480, 25.80910016135131713 ) ) ;
#3577 = CC_DESIGN_SECURITY_CLASSIFICATION ( #3924, ( #1046 ) ) ;
#3578 = CIRCLE ( 'NONE', #2102, 2.000000000000001776 ) ;
#3579 = VERTEX_POINT ( 'NONE', #1057 ) ;
#3580 = ORIENTED_EDGE ( 'NONE', *, *, #2005, .F. ) ;
#3581 = ORIENTED_EDGE ( 'NONE', *, *, #3746, .T. ) ;
#3582 = CARTESIAN_POINT ( 'NONE',  ( 12.02527804154108892, -24.15412397742323236, 42.08155840843700446 ) ) ;
#3583 = CARTESIAN_POINT ( 'NONE',  ( 49.43449493129576666, 14.15952713242398353, 48.01586665186263048 ) ) ;
#3584 = VECTOR ( 'NONE', #3915, 1000.000000000000000 ) ;
#3585 = PLANE ( 'NONE',  #1467 ) ;
#3586 = VERTEX_POINT ( 'NONE', #717 ) ;
#3587 = CARTESIAN_POINT ( 'NONE',  ( 13.49085870798550424, -18.55453637554830948, 22.93857265588455974 ) ) ;
#3588 = CIRCLE ( 'NONE', #2815, 2.000000000000001776 ) ;
#3589 = EDGE_CURVE ( 'NONE', #3183, #1163, #554, .T. ) ;
#3590 = EDGE_CURVE ( 'NONE', #2811, #4145, #3367, .T. ) ;
#3591 = DIRECTION ( 'NONE',  ( -2.430443709086124905E-14, 1.000000000000000000, 2.923936424916878310E-14 ) ) ;
#3592 = DIRECTION ( 'NONE',  ( 7.009944624696193520E-15, 6.999999999999997783E-15, -1.000000000000000000 ) ) ;
#3593 = CARTESIAN_POINT ( 'NONE',  ( 16.35552372181526337, -21.35946807634485012, 35.01586665186172098 ) ) ;
#3594 = CIRCLE ( 'NONE', #701, 8.000000000000007105 ) ;
#3595 = CARTESIAN_POINT ( 'NONE',  ( -0.3936978372374148605, -28.86547286757783226, 36.12029672067633612 ) ) ;
#3596 = CARTESIAN_POINT ( 'NONE',  ( 13.49170252384917390, -23.55237360053450502, 22.93904678505411354 ) ) ;
#3597 = LINE ( 'NONE', #2186, #505 ) ;
#3598 = ORIENTED_EDGE ( 'NONE', *, *, #3560, .T. ) ;
#3599 = FACE_OUTER_BOUND ( 'NONE', #4313, .T. ) ;
#3600 = EDGE_LOOP ( 'NONE', ( #3398, #2108, #3181, #3354 ) ) ;
#3601 = ORIENTED_EDGE ( 'NONE', *, *, #3618, .F. ) ;
#3602 = ORIENTED_EDGE ( 'NONE', *, *, #2748, .T. ) ;
#3603 = CARTESIAN_POINT ( 'NONE',  ( 29.18449493129658379, -7.590472867576028904, 49.51586665186165703 ) ) ;
#3604 = FACE_BOUND ( 'NONE', #4084, .T. ) ;
#3605 = CYLINDRICAL_SURFACE ( 'NONE', #548, 1.799999999999999600 ) ;
#3606 = EDGE_LOOP ( 'NONE', ( #2297, #3813 ) ) ;
#3607 = VERTEX_POINT ( 'NONE', #4088 ) ;
#3608 = CARTESIAN_POINT ( 'NONE',  ( -0.9399351487373137637, -20.67047433606062867, 28.50767388453273909 ) ) ;
#3609 = ORIENTED_EDGE ( 'NONE', *, *, #4095, .F. ) ;
#3610 = ORIENTED_EDGE ( 'NONE', *, *, #3590, .F. ) ;
#3611 = CARTESIAN_POINT ( 'NONE',  ( 12.32505668905577778, 15.63514710251669193, 22.34455528078093778 ) ) ;
#3612 = CARTESIAN_POINT ( 'NONE',  ( 13.49170252384917390, -23.55237360053450502, 22.93904678505411354 ) ) ;
#3613 = ADVANCED_FACE ( 'NONE', ( #3019 ), #2069, .F. ) ;
#3614 = CARTESIAN_POINT ( 'NONE',  ( 53.43449493129642036, -12.64047286757526578, 35.01586665186089675 ) ) ;
#3615 = EDGE_CURVE ( 'NONE', #4107, #2679, #1407, .T. ) ;
#3616 = CARTESIAN_POINT ( 'NONE',  ( 17.13535461868028520, 12.28975604462044480, 25.80910016135131713 ) ) ;
#3617 = CARTESIAN_POINT ( 'NONE',  ( 4.134494931296811338, -2.158874437699504721E-13, 31.01586665186048464 ) ) ;
#3618 = EDGE_CURVE ( 'NONE', #695, #2586, #1718, .T. ) ;
#3619 = CYLINDRICAL_SURFACE ( 'NONE', #3324, 1.000000000000000888 ) ;
#3620 = EDGE_CURVE ( 'NONE', #2963, #1860, #1699, .T. ) ;
#3621 = ORIENTED_EDGE ( 'NONE', *, *, #1032, .F. ) ;
#3622 = DIRECTION ( 'NONE',  ( -1.885066177228128693E-13, 6.938893903907222067E-15, -1.000000000000000000 ) ) ;
#3623 = ORIENTED_EDGE ( 'NONE', *, *, #3822, .T. ) ;
#3624 = EDGE_LOOP ( 'NONE', ( #2242, #179, #777, #643 ) ) ;
#3625 = ORIENTED_EDGE ( 'NONE', *, *, #2912, .F. ) ;
#3626 = CARTESIAN_POINT ( 'NONE',  ( 59.58449493129577235, 14.15952713242471717, 41.01586665186150071 ) ) ;
#3627 = DIRECTION ( 'NONE',  ( -2.652029473303322454E-30, -1.235452003209451980E-14, 1.000000000000000000 ) ) ;
#3628 = PLANE ( 'NONE',  #1264 ) ;
#3629 = VERTEX_POINT ( 'NONE', #1017 ) ;
#3630 = EDGE_LOOP ( 'NONE', ( #4150, #2650, #3688, #4292, #1300, #3773, #1119, #2004, #1487, #2373, #99, #2777 ) ) ;
#3631 = CARTESIAN_POINT ( 'NONE',  ( 13.22988986764632102, -18.75387644999421966, 22.79194873315846337 ) ) ;
#3632 = ORIENTED_EDGE ( 'NONE', *, *, #2427, .T. ) ;
#3633 = VERTEX_POINT ( 'NONE', #2746 ) ;
#3634 = CARTESIAN_POINT ( 'NONE',  ( 53.68449493129665484, -14.85310835227461901, 41.01586665186082570 ) ) ;
#3635 = CARTESIAN_POINT ( 'NONE',  ( 30.68449493129646299, -12.64047286757602606, 41.01586665186155756 ) ) ;
#3636 = DIRECTION ( 'NONE',  ( -1.473225881933163633E-16, -1.000000000000000000, -7.000000000000002516E-15 ) ) ;
#3637 = CIRCLE ( 'NONE', #1318, 1.800000000000002931 ) ;
#3638 = CC_DESIGN_PERSON_AND_ORGANIZATION_ASSIGNMENT ( #3998, #1372, ( #2207 ) ) ;
#3639 = DIRECTION ( 'NONE',  ( -1.400000000000000030E-14, 1.000000000000000000, 6.000000000000000466E-15 ) ) ;
#3640 = DIRECTION ( 'NONE',  ( -7.980140110290692896E-17, -7.000000000000000938E-15, 1.000000000000000000 ) ) ;
#3641 = CIRCLE ( 'NONE', #466, 15.00000000000000000 ) ;
#3642 = CARTESIAN_POINT ( 'NONE',  ( 25.68449493129633510, 4.409527132423884055, 51.51586665186189862 ) ) ;
#3643 = AXIS2_PLACEMENT_3D ( 'NONE', #2027, #387, #3681 ) ;
#3644 = ADVANCED_FACE ( 'NONE', ( #636 ), #658, .F. ) ;
#3645 = ADVANCED_FACE ( 'NONE', ( #1673 ), #1737, .F. ) ;
#3646 = FACE_OUTER_BOUND ( 'NONE', #3334, .T. ) ;
#3647 = ORIENTED_EDGE ( 'NONE', *, *, #3561, .F. ) ;
#3648 = EDGE_LOOP ( 'NONE', ( #1273, #1840 ) ) ;
#3649 = DATE_AND_TIME ( #647, #2517 ) ;
#3650 = AXIS2_PLACEMENT_3D ( 'NONE', #1980, #2424, #2678 ) ;
#3651 = CARTESIAN_POINT ( 'NONE',  ( 17.18449493129660510, 4.409527132423674445, 51.51586665186218283 ) ) ;
#3652 = VECTOR ( 'NONE', #2495, 1000.000000000000000 ) ;
#3653 = VECTOR ( 'NONE', #2513, 1000.000000000000000 ) ;
#3654 = DIRECTION ( 'NONE',  ( 1.473225881933163633E-16, 1.000000000000000000, 7.000000000000000938E-15 ) ) ;
#3655 = ORIENTED_EDGE ( 'NONE', *, *, #3555, .T. ) ;
#3656 = EDGE_LOOP ( 'NONE', ( #923, #3057, #4357, #4103 ) ) ;
#3657 = CARTESIAN_POINT ( 'NONE',  ( 51.43449493129669747, -23.84047286757546402, 33.01586665186136571 ) ) ;
#3658 = AXIS2_PLACEMENT_3D ( 'NONE', #2334, #3061, #33 ) ;
#3659 = ORIENTED_EDGE ( 'NONE', *, *, #727, .T. ) ;
#3660 = VECTOR ( 'NONE', #4355, 1000.000000000000000 ) ;
#3661 = LINE ( 'NONE', #635, #2934 ) ;
#3662 = FACE_BOUND ( 'NONE', #2969, .T. ) ;
#3663 = CARTESIAN_POINT ( 'NONE',  ( 8.268924998906252100, -28.86547286757770081, 34.52405940917653737 ) ) ;
#3664 = AXIS2_PLACEMENT_3D ( 'NONE', #2918, #3904, #247 ) ;
#3665 = FACE_OUTER_BOUND ( 'NONE', #3208, .T. ) ;
#3666 = FACE_BOUND ( 'NONE', #3384, .T. ) ;
#3667 = DIRECTION ( 'NONE',  ( -1.000000000000000000, -2.443887161124674809E-14, 3.448912900226735563E-14 ) ) ;
#3668 = LINE ( 'NONE', #3333, #1948 ) ;
#3669 = VECTOR ( 'NONE', #3683, 1000.000000000000000 ) ;
#3670 = VERTEX_POINT ( 'NONE', #321 ) ;
#3671 = VERTEX_POINT ( 'NONE', #2050 ) ;
#3672 = APPROVAL_ROLE ( '' ) ;
#3673 = EDGE_CURVE ( 'NONE', #2586, #3695, #2550, .T. ) ;
#3674 = EDGE_CURVE ( 'NONE', #22, #1089, #3934, .T. ) ;
#3675 = CARTESIAN_POINT ( 'NONE',  ( -1.989935148737313142, -20.67047433606062867, 28.50767388453274265 ) ) ;
#3676 = ORIENTED_EDGE ( 'NONE', *, *, #1285, .F. ) ;
#3677 = ORIENTED_EDGE ( 'NONE', *, *, #1656, .T. ) ;
#3678 = FACE_OUTER_BOUND ( 'NONE', #21, .T. ) ;
#3679 = EDGE_CURVE ( 'NONE', #448, #54, #2388, .T. ) ;
#3680 = ORIENTED_EDGE ( 'NONE', *, *, #517, .F. ) ;
#3681 = DIRECTION ( 'NONE',  ( 9.367506770274749475E-14, 2.949029909160569536E-14, -1.000000000000000000 ) ) ;
#3682 = DIRECTION ( 'NONE',  ( -0.6079616119002041463, 0.7939664214913031426, 5.509248761992704025E-15 ) ) ;
#3683 = DIRECTION ( 'NONE',  ( 1.000000000000000000, 2.467162276944907871E-14, -3.448912900226735563E-14 ) ) ;
#3684 = CIRCLE ( 'NONE', #2835, 2.000000000000001776 ) ;
#3685 = DIRECTION ( 'NONE',  ( -1.000000000000000000, -1.321694076934710363E-14, 0.000000000000000000 ) ) ;
#3686 = DIRECTION ( 'NONE',  ( -1.734723475976805615E-16, -1.000000000000000000, -6.960548489364895330E-15 ) ) ;
#3687 = CARTESIAN_POINT ( 'NONE',  ( 37.93449493129642747, -12.64047286757598698, 46.01586665186172809 ) ) ;
#3688 = ORIENTED_EDGE ( 'NONE', *, *, #4147, .T. ) ;
#3689 = DIRECTION ( 'NONE',  ( -3.469446951953611033E-14, 0.000000000000000000, -1.000000000000000000 ) ) ;
#3690 = ORIENTED_EDGE ( 'NONE', *, *, #167, .F. ) ;
#3691 = ORIENTED_EDGE ( 'NONE', *, *, #220, .F. ) ;
#3692 = CYLINDRICAL_SURFACE ( 'NONE', #3275, 2.999999999999999112 ) ;
#3693 = EDGE_CURVE ( 'NONE', #3360, #1713, #2735, .T. ) ;
#3694 = DIRECTION ( 'NONE',  ( 1.000000000000000000, 2.563899477072724264E-14, -2.902530795666727357E-14 ) ) ;
#3695 = VERTEX_POINT ( 'NONE', #1987 ) ;
#3696 = CARTESIAN_POINT ( 'NONE',  ( 25.68449493129601180, -9.240472867576055904, 56.01586665186174230 ) ) ;
#3697 = ORIENTED_EDGE ( 'NONE', *, *, #1758, .F. ) ;
#3698 = ADVANCED_FACE ( 'NONE', ( #4069 ), #997, .T. ) ;
#3699 = ADVANCED_FACE ( 'NONE', ( #4134 ), #787, .F. ) ;
#3700 = DIRECTION ( 'NONE',  ( 2.903379291371784214E-14, -2.923936424916807628E-14, 1.000000000000000000 ) ) ;
#3701 = DIRECTION ( 'NONE',  ( -0.7939664214913031426, -0.6079616119002041463, 0.000000000000000000 ) ) ;
#3702 = CARTESIAN_POINT ( 'NONE',  ( 0.6563021627624712195, -20.67047433606068552, 36.12029672067638586 ) ) ;
#3703 = AXIS2_PLACEMENT_3D ( 'NONE', #2856, #2117, #1191 ) ;
#3704 = DIRECTION ( 'NONE',  ( 0.000000000000000000, 6.938893903907228378E-15, -1.000000000000000000 ) ) ;
#3705 = CARTESIAN_POINT ( 'NONE',  ( 37.93449493129654826, -17.64047286757580224, 46.01586665186155756 ) ) ;
#3706 = CARTESIAN_POINT ( 'NONE',  ( 12.32333699799802496, 20.62162315100329479, 22.34691650481665803 ) ) ;
#3707 = VECTOR ( 'NONE', #1151, 1000.000000000000000 ) ;
#3708 = CARTESIAN_POINT ( 'NONE',  ( 52.41026420228718763, 9.576002656833189519, 33.28291455179419245 ) ) ;
#3709 = ORIENTED_EDGE ( 'NONE', *, *, #3853, .F. ) ;
#3710 = VERTEX_POINT ( 'NONE', #3523 ) ;
#3711 = VECTOR ( 'NONE', #130, 1000.000000000000000 ) ;
#3712 = CARTESIAN_POINT ( 'NONE',  ( 53.43449493129649142, -17.64047286757543986, 33.01586665186074754 ) ) ;
#3713 = VECTOR ( 'NONE', #3276, 1000.000000000000000 ) ;
#3714 = ORIENTED_EDGE ( 'NONE', *, *, #1885, .F. ) ;
#3715 = ORIENTED_EDGE ( 'NONE', *, *, #191, .F. ) ;
#3716 = DIRECTION ( 'NONE',  ( 2.862293735361731706E-14, 0.000000000000000000, 1.000000000000000000 ) ) ;
#3717 = AXIS2_PLACEMENT_3D ( 'NONE', #1165, #3101, #1797 ) ;
#3718 = VECTOR ( 'NONE', #1933, 1000.000000000000000 ) ;
#3719 = EDGE_LOOP ( 'NONE', ( #496, #9 ) ) ;
#3720 = PLANE ( 'NONE',  #826 ) ;
#3721 = CARTESIAN_POINT ( 'NONE',  ( 13.51937371149127465, 15.05180956142016413, 42.91615412498168070 ) ) ;
#3722 = AXIS2_PLACEMENT_3D ( 'NONE', #810, #2863, #3458 ) ;
#3723 = EDGE_CURVE ( 'NONE', #981, #2209, #3172, .T. ) ;
#3724 = EDGE_CURVE ( 'NONE', #1556, #3754, #1192, .T. ) ;
#3725 = CYLINDRICAL_SURFACE ( 'NONE', #2508, 1.049999999999999822 ) ;
#3726 = DIRECTION ( 'NONE',  ( 3.953785700231736652E-16, 1.000000000000000000, 7.000000000000002516E-15 ) ) ;
#3727 = FACE_OUTER_BOUND ( 'NONE', #1974, .T. ) ;
#3728 = EDGE_CURVE ( 'NONE', #1972, #1688, #270, .T. ) ;
#3729 = CARTESIAN_POINT ( 'NONE',  ( 60.18449493129690353, -7.590472867575265070, 51.51586665186057701 ) ) ;
#3730 = EDGE_LOOP ( 'NONE', ( #3199, #2916 ) ) ;
#3731 = ORIENTED_EDGE ( 'NONE', *, *, #485, .F. ) ;
#3732 = COORDINATED_UNIVERSAL_TIME_OFFSET ( 8, 0, .AHEAD. ) ;
#3733 = CARTESIAN_POINT ( 'NONE',  ( -0.9399351487373392988, -24.17047433606064288, 30.30767388453271138 ) ) ;
#3734 = ORIENTED_EDGE ( 'NONE', *, *, #294, .F. ) ;
#3735 = ORIENTED_EDGE ( 'NONE', *, *, #2999, .T. ) ;
#3736 = CARTESIAN_POINT ( 'NONE',  ( 0.6563021627624457954, -20.67047433606067131, 34.32029672067638870 ) ) ;
#3737 = EDGE_LOOP ( 'NONE', ( #2141, #941, #280, #2363 ) ) ;
#3738 = DIRECTION ( 'NONE',  ( -2.949029909160569536E-14, 0.000000000000000000, -1.000000000000000000 ) ) ;
#3739 = CARTESIAN_POINT ( 'NONE',  ( 8.268924998906111767, -20.67047433606068907, 36.32405940917659137 ) ) ;
#3740 = CARTESIAN_POINT ( 'NONE',  ( 29.18449493129633510, 4.409527132423971096, 51.51586665186177783 ) ) ;
#3741 = EDGE_CURVE ( 'NONE', #4328, #3371, #2156, .T. ) ;
#3742 = EDGE_CURVE ( 'NONE', #113, #1319, #2138, .T. ) ;
#3743 = CARTESIAN_POINT ( 'NONE',  ( 1.706302162761963004, 15.68952860090846357, 36.12029672067661323 ) ) ;
#3744 = CARTESIAN_POINT ( 'NONE',  ( 29.18449493129664063, -7.590472867576029792, 51.51586665186164282 ) ) ;
#3745 = DIRECTION ( 'NONE',  ( -1.473225881933153279E-16, -1.000000000000000000, -7.000000000000000938E-15 ) ) ;
#3746 = EDGE_CURVE ( 'NONE', #2211, #2613, #412, .T. ) ;
#3747 = ADVANCED_FACE ( 'NONE', ( #1762 ), #3475, .F. ) ;
#3748 = EDGE_LOOP ( 'NONE', ( #2284, #886 ) ) ;
#3749 = ORIENTED_EDGE ( 'NONE', *, *, #4100, .F. ) ;
#3750 = VERTEX_POINT ( 'NONE', #2768 ) ;
#3751 = DIRECTION ( 'NONE',  ( -1.473225881933163386E-16, -1.000000000000000000, -7.000000000000001727E-15 ) ) ;
#3752 = VERTEX_POINT ( 'NONE', #4110 ) ;
#3753 = ORIENTED_EDGE ( 'NONE', *, *, #3296, .F. ) ;
#3754 = VERTEX_POINT ( 'NONE', #3825 ) ;
#3755 = DIRECTION ( 'NONE',  ( 0.000000000000000000, 7.709882115452463178E-15, -1.000000000000000000 ) ) ;
#3756 = EDGE_LOOP ( 'NONE', ( #1997, #910 ) ) ;
#3757 = LINE ( 'NONE', #1448, #973 ) ;
#3758 = CARTESIAN_POINT ( 'NONE',  ( 52.22808662753109132, 9.159527132424749141, 33.42069299215945222 ) ) ;
#3759 = DIRECTION ( 'NONE',  ( 2.430443709086124905E-14, -1.000000000000000000, -2.923936424916878310E-14 ) ) ;
#3760 = DIRECTION ( 'NONE',  ( 1.000000000000000000, 2.467162276944908187E-14, -3.448912900226734932E-14 ) ) ;
#3761 = DIRECTION ( 'NONE',  ( -2.949029909160569536E-14, 0.000000000000000000, -1.000000000000000000 ) ) ;
#3762 = DIRECTION ( 'NONE',  ( 0.7071067811865623387, -0.7071067811865326957, -4.123272519028973426E-14 ) ) ;
#3763 = DIRECTION ( 'NONE',  ( -1.400000000000000030E-14, 1.000000000000000000, 6.000000000000000466E-15 ) ) ;
#3764 = CARTESIAN_POINT ( 'NONE',  ( 0.6563021627624517906, 20.68952860090847423, 34.32029672067667292 ) ) ;
#3765 = VERTEX_POINT ( 'NONE', #1848 ) ;
#3766 = ORIENTED_EDGE ( 'NONE', *, *, #105, .T. ) ;
#3767 = ADVANCED_FACE ( 'NONE', ( #1496 ), #1802, .T. ) ;
#3768 = EDGE_CURVE ( 'NONE', #118, #3752, #1338, .T. ) ;
#3769 = AXIS2_PLACEMENT_3D ( 'NONE', #2184, #1136, #3811 ) ;
#3770 = CARTESIAN_POINT ( 'NONE',  ( 59.58449493129620578, 14.15952713242427841, 56.01586665186150071 ) ) ;
#3771 = AXIS2_PLACEMENT_3D ( 'NONE', #3169, #4174, #2173 ) ;
#3772 = ORIENTED_EDGE ( 'NONE', *, *, #486, .T. ) ;
#3773 = ORIENTED_EDGE ( 'NONE', *, *, #3532, .T. ) ;
#3774 = ORIENTED_EDGE ( 'NONE', *, *, #3728, .T. ) ;
#3775 = DIRECTION ( 'NONE',  ( -7.285838599102583486E-14, -1.000000000000000000, -2.775557561562888827E-14 ) ) ;
#3776 = AXIS2_PLACEMENT_3D ( 'NONE', #1385, #1019, #2051 ) ;
#3777 = CARTESIAN_POINT ( 'NONE',  ( 51.43449493129642747, -12.64047286757549138, 41.01586665186155756 ) ) ;
#3778 = ORIENTED_EDGE ( 'NONE', *, *, #2348, .F. ) ;
#3779 = VECTOR ( 'NONE', #2267, 1000.000000000000000 ) ;
#3780 = CARTESIAN_POINT ( 'NONE',  ( 17.13535461868027454, -15.77070177977253707, 25.80910016135112883 ) ) ;
#3781 = DIRECTION ( 'NONE',  ( 0.000000000000000000, -7.709882115452477378E-15, 1.000000000000000000 ) ) ;
#3782 = CYLINDRICAL_SURFACE ( 'NONE', #4358, 8.000000000000000000 ) ;
#3783 = AXIS2_PLACEMENT_3D ( 'NONE', #1238, #3563, #2571 ) ;
#3784 = CIRCLE ( 'NONE', #3650, 1.049999999999998934 ) ;
#3785 = AXIS2_PLACEMENT_3D ( 'NONE', #2982, #1922, #239 ) ;
#3786 = DIRECTION ( 'NONE',  ( -1.400000000000000030E-14, 1.000000000000000000, 6.000000000000000466E-15 ) ) ;
#3787 = CARTESIAN_POINT ( 'NONE',  ( 0.6563021627624513465, 17.18952860090846002, 36.12029672067664876 ) ) ;
#3788 = DIRECTION ( 'NONE',  ( -1.000000000000000000, -1.321694076934710363E-14, 0.000000000000000000 ) ) ;
#3789 = AXIS2_PLACEMENT_3D ( 'NONE', #3128, #836, #1453 ) ;
#3790 = CARTESIAN_POINT ( 'NONE',  ( 5.747011031861318564, 5.747011031858285435, 56.01586665186281522 ) ) ;
#3791 = CARTESIAN_POINT ( 'NONE',  ( 25.80619144097147100, 5.666569707824819169, 35.14692443151084689 ) ) ;
#3792 = CIRCLE ( 'NONE', #1971, 1.049999999999998934 ) ;
#3793 = EDGE_LOOP ( 'NONE', ( #2624, #2169 ) ) ;
#3794 = ORIENTED_EDGE ( 'NONE', *, *, #2077, .F. ) ;
#3795 = ORIENTED_EDGE ( 'NONE', *, *, #1704, .F. ) ;
#3796 = CARTESIAN_POINT ( 'NONE',  ( 61.58449493129660368, 4.409527132424821971, 51.51586665186058411 ) ) ;
#3797 = ORIENTED_EDGE ( 'NONE', *, *, #2584, .T. ) ;
#3798 = EDGE_CURVE ( 'NONE', #3360, #2632, #126, .T. ) ;
#3799 = EDGE_CURVE ( 'NONE', #2129, #2350, #4158, .T. ) ;
#3800 = ORIENTED_EDGE ( 'NONE', *, *, #2941, .T. ) ;
#3801 = FACE_OUTER_BOUND ( 'NONE', #144, .T. ) ;
#3802 = DIRECTION ( 'NONE',  ( 0.000000000000000000, -1.000000000000000000, -3.347036710976369525E-14 ) ) ;
#3803 = EDGE_LOOP ( 'NONE', ( #1857, #3976, #3226, #2572 ) ) ;
#3804 = DIRECTION ( 'NONE',  ( 6.999999999999761914E-15, 6.999999999999999361E-15, -1.000000000000000000 ) ) ;
#3805 = ADVANCED_FACE ( 'NONE', ( #2792 ), #3782, .T. ) ;
#3806 = CARTESIAN_POINT ( 'NONE',  ( 6.672687687406319235, -24.17047433606062157, 26.91143657303291192 ) ) ;
#3807 = DIRECTION ( 'NONE',  ( 0.000000000000000000, 1.000000000000000000, 2.775557561562891351E-14 ) ) ;
#3808 = DIRECTION ( 'NONE',  ( -0.6034505976202380051, -0.4620784810297628997, -0.6498698743602481231 ) ) ;
#3809 = CARTESIAN_POINT ( 'NONE',  ( -5.865505068703621205, 15.68952860090806389, 92.68165751221276594 ) ) ;
#3810 = DIRECTION ( 'NONE',  ( 0.000000000000000000, -1.000000000000000000, -2.923936424916807628E-14 ) ) ;
#3811 = DIRECTION ( 'NONE',  ( 0.000000000000000000, -2.949029909160569536E-14, 1.000000000000000000 ) ) ;
#3812 = CARTESIAN_POINT ( 'NONE',  ( 25.69896435998645501, -14.20494229626603833, 32.01586665186164993 ) ) ;
#3813 = ORIENTED_EDGE ( 'NONE', *, *, #4115, .T. ) ;
#3814 = ORIENTED_EDGE ( 'NONE', *, *, #4200, .F. ) ;
#3815 = VECTOR ( 'NONE', #483, 1000.000000000000000 ) ;
#3816 = CARTESIAN_POINT ( 'NONE',  ( 0.6563021627624513465, 17.18952860090846002, 36.12029672067664876 ) ) ;
#3817 = ORIENTED_EDGE ( 'NONE', *, *, #721, .F. ) ;
#3818 = VERTEX_POINT ( 'NONE', #2118 ) ;
#3819 = ORIENTED_EDGE ( 'NONE', *, *, #1837, .F. ) ;
#3820 = PLANE ( 'NONE',  #2113 ) ;
#3821 = FACE_OUTER_BOUND ( 'NONE', #447, .T. ) ;
#3822 = EDGE_CURVE ( 'NONE', #824, #4219, #2883, .T. ) ;
#3823 = DIRECTION ( 'NONE',  ( -1.000000000000000000, -1.321694076934710363E-14, 0.000000000000000000 ) ) ;
#3824 = CARTESIAN_POINT ( 'NONE',  ( 8.268924998906136636, -20.67047433606067486, 34.52405940917658711 ) ) ;
#3825 = CARTESIAN_POINT ( 'NONE',  ( 4.134494931296774034, 15.68952860090841739, 42.01586665186169967 ) ) ;
#3826 = EDGE_CURVE ( 'NONE', #199, #1319, #3588, .T. ) ;
#3827 = ADVANCED_FACE ( 'NONE', ( #3455 ), #169, .F. ) ;
#3828 = ORIENTED_EDGE ( 'NONE', *, *, #3131, .F. ) ;
#3829 = CARTESIAN_POINT ( 'NONE',  ( 4.134494931296806897, -19.17047433606064999, 31.01586665186035319 ) ) ;
#3830 = CARTESIAN_POINT ( 'NONE',  ( 0.6563021627619621823, 15.68952860090846357, 36.12029672067660613 ) ) ;
#3831 = DIRECTION ( 'NONE',  ( 0.000000000000000000, -1.000000000000000000, -3.347036710976369525E-14 ) ) ;
#3832 = DIRECTION ( 'NONE',  ( 0.7071067811865617836, -0.7071067811865333619, -4.120534459102606417E-14 ) ) ;
#3833 = DIRECTION ( 'NONE',  ( 0.000000000000000000, -3.342233897048649808E-14, 1.000000000000000000 ) ) ;
#3834 = CARTESIAN_POINT ( 'NONE',  ( 37.93449493129590167, 9.159527132424015505, 46.01586665186245284 ) ) ;
#3835 = AXIS2_PLACEMENT_3D ( 'NONE', #2780, #1008, #339 ) ;
#3836 = PLANE ( 'NONE',  #1105 ) ;
#3837 = EDGE_LOOP ( 'NONE', ( #4226, #3562, #3580, #1515 ) ) ;
#3838 = ORIENTED_EDGE ( 'NONE', *, *, #2320, .T. ) ;
#3839 = ORIENTED_EDGE ( 'NONE', *, *, #3942, .F. ) ;
#3840 = DIRECTION ( 'NONE',  ( 1.000000000000000000, 2.467162276944907871E-14, -3.448912900226735563E-14 ) ) ;
#3841 = DIRECTION ( 'NONE',  ( 1.734723475976805615E-16, 1.000000000000000000, 6.960548489364895330E-15 ) ) ;
#3842 = AXIS2_PLACEMENT_3D ( 'NONE', #4254, #3926, #3312 ) ;
#3843 = AXIS2_PLACEMENT_3D ( 'NONE', #3571, #2401, #4013 ) ;
#3844 = CARTESIAN_POINT ( 'NONE',  ( 30.68449493129630312, 4.409527132424007512, 50.51586665186171388 ) ) ;
#3845 = LINE ( 'NONE', #2176, #3707 ) ;
#3846 = DIRECTION ( 'NONE',  ( 2.558717127065706845E-14, -1.000000000000000000, -2.928657122104321757E-14 ) ) ;
#3847 = VECTOR ( 'NONE', #2745, 1000.000000000000000 ) ;
#3848 = LINE ( 'NONE', #455, #2227 ) ;
#3849 = DIRECTION ( 'NONE',  ( -4.843387482784487241E-29, 1.000000000000000000, 6.999999999999999361E-15 ) ) ;
#3850 = AXIS2_PLACEMENT_3D ( 'NONE', #891, #2238, #3956 ) ;
#3851 = ADVANCED_FACE ( 'NONE', ( #542 ), #1541, .T. ) ;
#3852 = CARTESIAN_POINT ( 'NONE',  ( 52.36169603646862925, -12.64047286757524446, 33.32793817847813500 ) ) ;
#3853 = EDGE_CURVE ( 'NONE', #922, #448, #4303, .T. ) ;
#3854 = AXIS2_PLACEMENT_3D ( 'NONE', #2212, #1510, #2898 ) ;
#3855 = CARTESIAN_POINT ( 'NONE',  ( 61.58449493129652552, -14.85310835227414117, 33.01586665186053438 ) ) ;
#3856 = CARTESIAN_POINT ( 'NONE',  ( 39.93449493129589456, 9.159527132424068796, 46.01586665186245284 ) ) ;
#3857 = DIRECTION ( 'NONE',  ( 2.903379291371784214E-14, -2.923936424916807628E-14, 1.000000000000000000 ) ) ;
#3858 = EDGE_CURVE ( 'NONE', #408, #3607, #2198, .T. ) ;
#3859 = DIRECTION ( 'NONE',  ( 0.000000000000000000, 2.923936424916875786E-14, -1.000000000000000000 ) ) ;
#3860 = VERTEX_POINT ( 'NONE', #563 ) ;
#3861 = ORIENTED_EDGE ( 'NONE', *, *, #1999, .T. ) ;
#3862 = VECTOR ( 'NONE', #4306, 1000.000000000000000 ) ;
#3863 = EDGE_LOOP ( 'NONE', ( #2414, #4119 ) ) ;
#3864 = DIRECTION ( 'NONE',  ( 2.565564719734035151E-14, -1.000000000000000000, -2.928657122104321757E-14 ) ) ;
#3865 = DIRECTION ( 'NONE',  ( -1.000000000000000000, -2.574694843291893316E-14, 2.903379291371709114E-14 ) ) ;
#3866 = FACE_OUTER_BOUND ( 'NONE', #1281, .T. ) ;
#3867 = ORIENTED_EDGE ( 'NONE', *, *, #3673, .F. ) ;
#3868 = ORIENTED_EDGE ( 'NONE', *, *, #436, .F. ) ;
#3869 = DIRECTION ( 'NONE',  ( -1.473225881933163386E-16, -1.000000000000000000, -7.000000000000001727E-15 ) ) ;
#3870 = AXIS2_PLACEMENT_3D ( 'NONE', #2161, #152, #2844 ) ;
#3871 = DIRECTION ( 'NONE',  ( 1.000000000000000000, 2.443887161124674809E-14, -3.448912900226735563E-14 ) ) ;
#3872 = CARTESIAN_POINT ( 'NONE',  ( 25.68449493129632444, -14.21602193005373849, 35.01586665186090386 ) ) ;
#3873 = DIRECTION ( 'NONE',  ( -1.400000000000000030E-14, 1.000000000000000000, 6.000000000000000466E-15 ) ) ;
#3874 = EDGE_CURVE ( 'NONE', #3300, #583, #3220, .T. ) ;
#3875 = CARTESIAN_POINT ( 'NONE',  ( 61.58449493129667474, 4.409527132424752693, 53.51586665186059122 ) ) ;
#3876 = CARTESIAN_POINT ( 'NONE',  ( 25.68449493129619654, -9.240472867576023930, 35.01586665186103176 ) ) ;
#3877 = FACE_OUTER_BOUND ( 'NONE', #513, .T. ) ;
#3878 = EDGE_CURVE ( 'NONE', #4328, #207, #3940, .T. ) ;
#3879 = ADVANCED_FACE ( 'NONE', ( #3544 ), #3890, .F. ) ;
#3880 = CARTESIAN_POINT ( 'NONE',  ( 6.672687687406345880, -20.67047433606062157, 26.91143657303294034 ) ) ;
#3881 = ORIENTED_EDGE ( 'NONE', *, *, #3673, .T. ) ;
#3882 = ORIENTED_EDGE ( 'NONE', *, *, #1408, .F. ) ;
#3883 = EDGE_LOOP ( 'NONE', ( #1143, #290, #2781, #3602 ) ) ;
#3884 = CARTESIAN_POINT ( 'NONE',  ( 13.49170252384917390, -23.55237360053464357, 42.88865848218822663 ) ) ;
#3885 = CIRCLE ( 'NONE', #1009, 1.000000000000000888 ) ;
#3886 = FACE_OUTER_BOUND ( 'NONE', #4125, .T. ) ;
#3887 = FACE_OUTER_BOUND ( 'NONE', #867, .T. ) ;
#3888 = ORIENTED_EDGE ( 'NONE', *, *, #404, .F. ) ;
#3889 = ORIENTED_EDGE ( 'NONE', *, *, #352, .F. ) ;
#3890 = PLANE ( 'NONE',  #1691 ) ;
#3891 = ORIENTED_EDGE ( 'NONE', *, *, #2770, .F. ) ;
#3892 = CARTESIAN_POINT ( 'NONE',  ( 11.68449493129600825, -19.17047433606058249, 21.01586665186040292 ) ) ;
#3893 = DIRECTION ( 'NONE',  ( 0.000000000000000000, -6.938893903907226800E-15, 1.000000000000000000 ) ) ;
#3894 = PLANE ( 'NONE',  #4296 ) ;
#3895 =( BOUNDED_CURVE ( )  B_SPLINE_CURVE ( 3, ( #3958, #585, #1936, #1868 ),
 .UNSPECIFIED., .F., .T. ) 
 B_SPLINE_CURVE_WITH_KNOTS ( ( 4, 4 ),
 ( 2.353415076197616695, 2.393214606066265571 ),
 .UNSPECIFIED. ) 
 CURVE ( )  GEOMETRIC_REPRESENTATION_ITEM ( )  RATIONAL_B_SPLINE_CURVE ( ( 1.000000000000000000, 0.9998680041411428521, 0.9998680041411428521, 1.000000000000000000 ) ) 
 REPRESENTATION_ITEM ( '' )  );
#3896 = PLANE ( 'NONE',  #3843 ) ;
#3897 = DIRECTION ( 'NONE',  ( 0.000000000000000000, -6.960548489364892175E-15, 1.000000000000000000 ) ) ;
#3898 = CYLINDRICAL_SURFACE ( 'NONE', #1919, 15.00000000000000000 ) ;
#3899 = CARTESIAN_POINT ( 'NONE',  ( 0.6563021627624457954, -20.67047433606068552, 36.12029672067639297 ) ) ;
#3900 = EDGE_LOOP ( 'NONE', ( #632, #3191, #1391, #2951 ) ) ;
#3901 = ORIENTED_EDGE ( 'NONE', *, *, #1783, .F. ) ;
#3902 = ORIENTED_EDGE ( 'NONE', *, *, #2562, .T. ) ;
#3903 = CARTESIAN_POINT ( 'NONE',  ( 11.66781768814856157, -24.17047433606072104, 42.03006533488305507 ) ) ;
#3904 = DIRECTION ( 'NONE',  ( -1.473225881933163386E-16, -1.000000000000000000, -7.000000000000001727E-15 ) ) ;
#3905 = EDGE_CURVE ( 'NONE', #1440, #22, #521, .T. ) ;
#3906 = ADVANCED_FACE ( 'NONE', ( #252 ), #2595, .T. ) ;
#3907 = FACE_BOUND ( 'NONE', #2081, .T. ) ;
#3908 = ORIENTED_EDGE ( 'NONE', *, *, #3024, .F. ) ;
#3909 = CARTESIAN_POINT ( 'NONE',  ( -0.9399351487378228009, 15.68952860090851154, 28.50767388453295936 ) ) ;
#3910 = VECTOR ( 'NONE', #2126, 1000.000000000000000 ) ;
#3911 = EDGE_CURVE ( 'NONE', #823, #846, #233, .T. ) ;
#3912 = ORIENTED_EDGE ( 'NONE', *, *, #4253, .T. ) ;
#3913 = VECTOR ( 'NONE', #1003, 1000.000000000000000 ) ;
#3914 = DIRECTION ( 'NONE',  ( -2.430443709086124905E-14, 1.000000000000000000, 3.347036710976368263E-14 ) ) ;
#3915 = DIRECTION ( 'NONE',  ( -2.902530795666803087E-14, 2.928657122104247920E-14, -1.000000000000000000 ) ) ;
#3916 = CARTESIAN_POINT ( 'NONE',  ( 25.68449493129577732, 14.15952713242384853, 41.01586665186248837 ) ) ;
#3917 = AXIS2_PLACEMENT_3D ( 'NONE', #2357, #4050, #3329 ) ;
#3918 = CIRCLE ( 'NONE', #971, 10.00000000000000178 ) ;
#3919 = DIRECTION ( 'NONE',  ( 0.000000000000000000, -7.709882115452463178E-15, 1.000000000000000000 ) ) ;
#3920 = DIRECTION ( 'NONE',  ( 0.000000000000000000, 1.000000000000000000, 6.960548489364893752E-15 ) ) ;
#3921 = ORIENTED_EDGE ( 'NONE', *, *, #55, .F. ) ;
#3922 = CARTESIAN_POINT ( 'NONE',  ( -5.865505068703621205, 20.68952860090806567, 92.68165751221280857 ) ) ;
#3923 =( BOUNDED_CURVE ( )  B_SPLINE_CURVE ( 3, ( #909, #4302, #2254, #576 ),
 .UNSPECIFIED., .F., .T. ) 
 B_SPLINE_CURVE_WITH_KNOTS ( ( 4, 4 ),
 ( 2.540998526723656337, 3.742186780455877937 ),
 .UNSPECIFIED. ) 
 CURVE ( )  GEOMETRIC_REPRESENTATION_ITEM ( )  RATIONAL_B_SPLINE_CURVE ( ( 1.000000000000000000, 0.8833333333333107662, 0.8833333333333107662, 1.000000000000000000 ) ) 
 REPRESENTATION_ITEM ( '' )  );
#3924 = SECURITY_CLASSIFICATION ( '', '', #1312 ) ;
#3925 = AXIS2_PLACEMENT_3D ( 'NONE', #850, #4262, #2591 ) ;
#3926 = DIRECTION ( 'NONE',  ( 1.473225881933163633E-16, 1.000000000000000000, 7.000000000000002516E-15 ) ) ;
#3927 = LOCAL_TIME ( 15, 32, 25.00000000000000000, #313 ) ;
#3928 = VECTOR ( 'NONE', #4185, 1000.000000000000000 ) ;
#3929 = VERTEX_POINT ( 'NONE', #4265 ) ;
#3930 = VERTEX_POINT ( 'NONE', #1959 ) ;
#3931 = ORIENTED_EDGE ( 'NONE', *, *, #352, .T. ) ;
#3932 = CARTESIAN_POINT ( 'NONE',  ( 11.68449493129565830, -19.17047433606073170, 42.01586665186151492 ) ) ;
#3933 = DIRECTION ( 'NONE',  ( -1.000000000000000000, -2.571108009037053868E-14, 2.899466381275520970E-14 ) ) ;
#3934 = CIRCLE ( 'NONE', #1395, 2.000000000000001776 ) ;
#3935 = ADVANCED_FACE ( 'NONE', ( #2263 ), #1282, .T. ) ;
#3936 = EDGE_CURVE ( 'NONE', #381, #291, #3895, .T. ) ;
#3937 = ORIENTED_EDGE ( 'NONE', *, *, #357, .F. ) ;
#3938 = CARTESIAN_POINT ( 'NONE',  ( 25.68449493129601890, 5.759527132423575502, 52.99150210819954765 ) ) ;
#3939 = ORIENTED_EDGE ( 'NONE', *, *, #140, .F. ) ;
#3940 = LINE ( 'NONE', #2549, #3235 ) ;
#3941 = ORIENTED_EDGE ( 'NONE', *, *, #1946, .T. ) ;
#3942 = EDGE_CURVE ( 'NONE', #495, #2256, #1563, .T. ) ;
#3943 = EDGE_CURVE ( 'NONE', #2783, #2426, #3792, .T. ) ;
#3944 = CARTESIAN_POINT ( 'NONE',  ( 53.43449493129570982, 14.15952713242455907, 33.01586665186167835 ) ) ;
#3945 = CARTESIAN_POINT ( 'NONE',  ( 53.43449493129570982, 14.15952713242458394, 33.01586665186167835 ) ) ;
#3946 = CARTESIAN_POINT ( 'NONE',  ( 25.68449493129577732, 14.15952713242384853, 33.01586665186248837 ) ) ;
#3947 = FACE_OUTER_BOUND ( 'NONE', #422, .T. ) ;
#3948 = DIRECTION ( 'NONE',  ( -1.000000000000000000, -2.578212872552770944E-14, 2.902530795666726726E-14 ) ) ;
#3949 = CARTESIAN_POINT ( 'NONE',  ( 60.18449493129659800, 4.409527132424734930, 51.51586665186070491 ) ) ;
#3950 = CARTESIAN_POINT ( 'NONE',  ( 37.93449493129669747, -23.84047286757579442, 33.01586665186135860 ) ) ;
#3951 = VERTEX_POINT ( 'NONE', #281 ) ;
#3952 = ORIENTED_EDGE ( 'NONE', *, *, #3674, .F. ) ;
#3953 = DIRECTION ( 'NONE',  ( 0.000000000000000000, -6.608470384673536824E-15, 1.000000000000000000 ) ) ;
#3954 = CARTESIAN_POINT ( 'NONE',  ( 13.49085870798523246, -18.55453637554858304, 61.81245584921950353 ) ) ;
#3955 = CIRCLE ( 'NONE', #2688, 1.000000000000000888 ) ;
#3956 = DIRECTION ( 'NONE',  ( 0.000000000000000000, -7.709882115452477378E-15, 1.000000000000000000 ) ) ;
#3957 = ORIENTED_EDGE ( 'NONE', *, *, #807, .T. ) ;
#3958 = CARTESIAN_POINT ( 'NONE',  ( 13.49170252384918101, 20.07142786538231860, 42.88865848218851795 ) ) ;
#3959 = ORIENTED_EDGE ( 'NONE', *, *, #2378, .T. ) ;
#3960 = CARTESIAN_POINT ( 'NONE',  ( 4.134494931296768705, -24.17047433606072460, 42.01586665186145808 ) ) ;
#3961 = FACE_BOUND ( 'NONE', #3863, .T. ) ;
#3962 = CARTESIAN_POINT ( 'NONE',  ( 25.68449493129601890, 5.759527132423538198, 56.01586665186190572 ) ) ;
#3963 = EDGE_CURVE ( 'NONE', #824, #2849, #1632, .T. ) ;
#3964 = EDGE_CURVE ( 'NONE', #3995, #2261, #2095, .T. ) ;
#3965 = DIRECTION ( 'NONE',  ( 0.000000000000000000, -7.709882115452477378E-15, 1.000000000000000000 ) ) ;
#3966 = CARTESIAN_POINT ( 'NONE',  ( 12.78757937375990394, -23.95843796965601058, 22.56652019087648853 ) ) ;
#3967 = DIRECTION ( 'NONE',  ( 1.000000000000000000, 2.467162276944907871E-14, -3.448912900226735563E-14 ) ) ;
#3968 = EDGE_LOOP ( 'NONE', ( #3469, #2411, #4077, #2744 ) ) ;
#3969 = CARTESIAN_POINT ( 'NONE',  ( 6.672687687406326340, 20.68952860090850976, 28.71143657303322883 ) ) ;
#3970 = ORIENTED_EDGE ( 'NONE', *, *, #1058, .F. ) ;
#3971 = ORIENTED_EDGE ( 'NONE', *, *, #1112, .T. ) ;
#3972 = PERSON_AND_ORGANIZATION_ROLE ( 'design_owner' ) ;
#3973 = DIRECTION ( 'NONE',  ( -2.652029473303322454E-30, -1.235452003209451980E-14, 1.000000000000000000 ) ) ;
#3974 = B_SPLINE_CURVE_WITH_KNOTS ( 'NONE', 3,
 ( #3444, #2345, #532, #3137, #1879, #4148, #177, #1181, #1485, #1465 ),
 .UNSPECIFIED., .F., .F.,
 ( 4, 2, 2, 2, 4 ),
 ( 1.734723475976807094E-18, 0.0005393547548675819894, 0.001078709509735162244, 0.001618064264602742499, 0.002157419019470322753 ),
 .UNSPECIFIED. ) ;
#3975 = FACE_BOUND ( 'NONE', #364, .T. ) ;
#3976 = ORIENTED_EDGE ( 'NONE', *, *, #1305, .T. ) ;
#3977 = ORIENTED_EDGE ( 'NONE', *, *, #1144, .F. ) ;
#3978 = FACE_OUTER_BOUND ( 'NONE', #158, .T. ) ;
#3979 = ORIENTED_EDGE ( 'NONE', *, *, #55, .T. ) ;
#3980 = VECTOR ( 'NONE', #1847, 1000.000000000000000 ) ;
#3981 = CARTESIAN_POINT ( 'NONE',  ( 37.93449493129654826, -17.64047286757598343, 46.01586665186155756 ) ) ;
#3982 = CARTESIAN_POINT ( 'NONE',  ( -0.9399351487373336367, 17.18952860090849910, 30.30767388453300271 ) ) ;
#3983 = DIRECTION ( 'NONE',  ( -0.7939664214913026985, 0.6079616119002045904, 4.082826768188553289E-14 ) ) ;
#3984 = AXIS2_PLACEMENT_3D ( 'NONE', #3816, #445, #3164 ) ;
#3985 = DIRECTION ( 'NONE',  ( 7.980140110290618940E-17, 7.000000000000000938E-15, -1.000000000000000000 ) ) ;
#3986 = ADVANCED_FACE ( 'NONE', ( #3978 ), #3322, .F. ) ;
#3987 = ADVANCED_FACE ( 'NONE', ( #2308 ), #3362, .F. ) ;
#3988 = DIRECTION ( 'NONE',  ( 0.000000000000000000, 6.608470384673557335E-15, -1.000000000000000000 ) ) ;
#3989 = AXIS2_PLACEMENT_3D ( 'NONE', #1289, #572, #3965 ) ;
#3990 = LINE ( 'NONE', #265, #2195 ) ;
#3991 = AXIS2_PLACEMENT_3D ( 'NONE', #524, #3914, #1963 ) ;
#3992 = ORIENTED_EDGE ( 'NONE', *, *, #3723, .T. ) ;
#3993 = PLANE ( 'NONE',  #4053 ) ;
#3994 = EDGE_CURVE ( 'NONE', #1280, #918, #654, .T. ) ;
#3995 = VERTEX_POINT ( 'NONE', #3736 ) ;
#3996 = ORIENTED_EDGE ( 'NONE', *, *, #1170, .T. ) ;
#3997 = AXIS2_PLACEMENT_3D ( 'NONE', #3385, #1649, #3058 ) ;
#3998 = PERSON_AND_ORGANIZATION ( #1625, #689 ) ;
#3999 = CIRCLE ( 'NONE', #2799, 1.050000000000002265 ) ;
#4000 = APPROVAL_PERSON_ORGANIZATION ( #1976, #2472, #3672 ) ;
#4001 = AXIS2_PLACEMENT_3D ( 'NONE', #1589, #3330, #1573 ) ;
#4002 = DIRECTION ( 'NONE',  ( 1.473225881933163633E-16, 1.000000000000000000, 7.000000000000002516E-15 ) ) ;
#4003 = ORIENTED_EDGE ( 'NONE', *, *, #1376, .T. ) ;
#4004 = ORIENTED_EDGE ( 'NONE', *, *, #1083, .T. ) ;
#4005 = DIRECTION ( 'NONE',  ( 0.000000000000000000, 6.938893903907222067E-15, -1.000000000000000000 ) ) ;
#4006 = CIRCLE ( 'NONE', #3436, 2.000000000000001776 ) ;
#4007 = ORIENTED_EDGE ( 'NONE', *, *, #4066, .T. ) ;
#4008 = AXIS2_PLACEMENT_3D ( 'NONE', #2857, #81, #3107 ) ;
#4009 = CARTESIAN_POINT ( 'NONE',  ( 51.43449493129654826, -17.64047286757531552, 35.01586665186075464 ) ) ;
#4010 = DIRECTION ( 'NONE',  ( -0.6037669412152593118, 0.4611851240684672337, -0.6502105520779573045 ) ) ;
#4011 = LINE ( 'NONE', #4032, #3525 ) ;
#4012 = AXIS2_PLACEMENT_3D ( 'NONE', #122, #756, #1472 ) ;
#4013 = DIRECTION ( 'NONE',  ( 0.000000000000000000, -7.000000000000000938E-15, 1.000000000000000000 ) ) ;
#4014 = CARTESIAN_POINT ( 'NONE',  ( -0.9399351487373391878, -20.67047433606062867, 28.50767388453273554 ) ) ;
#4015 = LINE ( 'NONE', #1618, #3465 ) ;
#4016 = EDGE_CURVE ( 'NONE', #494, #3032, #2669, .T. ) ;
#4017 = DIRECTION ( 'NONE',  ( -1.473225881933163633E-16, -1.000000000000000000, -7.000000000000002516E-15 ) ) ;
#4018 = AXIS2_PLACEMENT_3D ( 'NONE', #3663, #637, #3327 ) ;
#4019 = EDGE_LOOP ( 'NONE', ( #1714, #1237 ) ) ;
#4020 = ORIENTED_EDGE ( 'NONE', *, *, #3422, .F. ) ;
#4021 = PERSON_AND_ORGANIZATION_ROLE ( 'creator' ) ;
#4022 = EDGE_CURVE ( 'NONE', #74, #2490, #1052, .T. ) ;
#4023 = EDGE_CURVE ( 'NONE', #3671, #2079, #2656, .T. ) ;
#4024 = VERTEX_POINT ( 'NONE', #1299 ) ;
#4025 = DIRECTION ( 'NONE',  ( -2.902530795666727357E-14, 0.000000000000000000, -1.000000000000000000 ) ) ;
#4026 = ORIENTED_EDGE ( 'NONE', *, *, #564, .F. ) ;
#4027 = PLANE ( 'NONE',  #4348 ) ;
#4028 = ORIENTED_EDGE ( 'NONE', *, *, #2188, .T. ) ;
#4029 = CIRCLE ( 'NONE', #715, 1.000000000000000888 ) ;
#4030 = DIRECTION ( 'NONE',  ( 0.000000000000000000, 1.000000000000000000, 6.960548489364893752E-15 ) ) ;
#4031 = DIRECTION ( 'NONE',  ( 0.000000000000000000, 2.949029909160569536E-14, -1.000000000000000000 ) ) ;
#4032 = CARTESIAN_POINT ( 'NONE',  ( 51.43449493129654826, -17.64047286757549315, 41.01586665186155756 ) ) ;
#4033 = VECTOR ( 'NONE', #1454, 1000.000000000000000 ) ;
#4034 = DIRECTION ( 'NONE',  ( 0.000000000000000000, -6.938893903907226800E-15, 1.000000000000000000 ) ) ;
#4035 = PLANE ( 'NONE',  #4352 ) ;
#4036 = DIRECTION ( 'NONE',  ( -1.473225881933163633E-16, -1.000000000000000000, -7.000000000000002516E-15 ) ) ;
#4037 = DIRECTION ( 'NONE',  ( 1.000000000000000000, 2.467162276944907871E-14, -3.448912900226734932E-14 ) ) ;
#4038 = VERTEX_POINT ( 'NONE', #2351 ) ;
#4039 = VERTEX_POINT ( 'NONE', #2633 ) ;
#4040 = EDGE_LOOP ( 'NONE', ( #3400, #4062, #4347 ) ) ;
#4041 = LINE ( 'NONE', #3036, #737 ) ;
#4042 = ORIENTED_EDGE ( 'NONE', *, *, #3285, .T. ) ;
#4043 = EDGE_CURVE ( 'NONE', #898, #940, #900, .T. ) ;
#4044 = EDGE_CURVE ( 'NONE', #4024, #2676, #838, .T. ) ;
#4045 = ORIENTED_EDGE ( 'NONE', *, *, #2561, .F. ) ;
#4046 = DIRECTION ( 'NONE',  ( -1.473225881933163386E-16, -1.000000000000000000, -7.000000000000001727E-15 ) ) ;
#4047 = ORIENTED_EDGE ( 'NONE', *, *, #3284, .F. ) ;
#4048 = CYLINDRICAL_SURFACE ( 'NONE', #3009, 2.000000000000001776 ) ;
#4049 = AXIS2_PLACEMENT_3D ( 'NONE', #72, #1026, #382 ) ;
#4050 = DIRECTION ( 'NONE',  ( 1.000000000000000000, 2.562297978277754348E-14, -2.902530795666727357E-14 ) ) ;
#4051 = DIRECTION ( 'NONE',  ( 0.000000000000000000, -7.709882115452477378E-15, 1.000000000000000000 ) ) ;
#4052 = DIRECTION ( 'NONE',  ( -1.473225881933163633E-16, -1.000000000000000000, -7.000000000000000938E-15 ) ) ;
#4053 = AXIS2_PLACEMENT_3D ( 'NONE', #3950, #982, #4321 ) ;
#4054 = AXIS2_PLACEMENT_3D ( 'NONE', #173, #1525, #4142 ) ;
#4055 = CARTESIAN_POINT ( 'NONE',  ( 30.68449493129633865, 9.159527132423535889, 56.01586665186219705 ) ) ;
#4056 = ORIENTED_EDGE ( 'NONE', *, *, #3555, .F. ) ;
#4057 = EDGE_LOOP ( 'NONE', ( #1126, #1218, #2682, #724 ) ) ;
#4058 = AXIS2_PLACEMENT_3D ( 'NONE', #1585, #1262, #1698 ) ;
#4059 = CARTESIAN_POINT ( 'NONE',  ( -0.9399351487373397429, -24.17047433606062867, 28.50767388453271067 ) ) ;
#4060 = AXIS2_PLACEMENT_3D ( 'NONE', #561, #2547, #916 ) ;
#4061 = VERTEX_POINT ( 'NONE', #2331 ) ;
#4062 = ORIENTED_EDGE ( 'NONE', *, *, #1228, .F. ) ;
#4063 = CARTESIAN_POINT ( 'NONE',  ( 17.18449493129694261, -7.590472867576325555, 52.51586665186206204 ) ) ;
#4064 = CC_DESIGN_APPROVAL ( #2472, ( #2207 ) ) ;
#4065 = CIRCLE ( 'NONE', #1892, 1.000000000000000888 ) ;
#4066 = EDGE_CURVE ( 'NONE', #3765, #2937, #299, .T. ) ;
#4067 = ADVANCED_FACE ( 'NONE', ( #343 ), #4027, .T. ) ;
#4068 = CARTESIAN_POINT ( 'NONE',  ( 58.68449493129688932, -12.64047286757574540, 56.01586665186074043 ) ) ;
#4069 = FACE_OUTER_BOUND ( 'NONE', #489, .T. ) ;
#4070 = VECTOR ( 'NONE', #1268, 1000.000000000000000 ) ;
#4071 = ADVANCED_FACE ( 'NONE', ( #1696, #633 ), #2022, .T. ) ;
#4072 = ADVANCED_FACE ( 'NONE', ( #3678 ), #2993, .F. ) ;
#4073 = CYLINDRICAL_SURFACE ( 'NONE', #2719, 2.000000000000001776 ) ;
#4074 = DIRECTION ( 'NONE',  ( 0.000000000000000000, -7.709882115452477378E-15, 1.000000000000000000 ) ) ;
#4075 = DIRECTION ( 'NONE',  ( 1.000000000000000000, -1.734723475977292737E-16, 6.999999999999760336E-15 ) ) ;
#4076 = DIRECTION ( 'NONE',  ( 0.000000000000000000, -6.608470384673557335E-15, 1.000000000000000000 ) ) ;
#4077 = ORIENTED_EDGE ( 'NONE', *, *, #4260, .F. ) ;
#4078 = ORIENTED_EDGE ( 'NONE', *, *, #2976, .T. ) ;
#4079 = VECTOR ( 'NONE', #998, 1000.000000000000000 ) ;
#4080 = ORIENTED_EDGE ( 'NONE', *, *, #3161, .T. ) ;
#4081 = DIRECTION ( 'NONE',  ( 7.009944624696189576E-15, 6.999999999999999361E-15, -1.000000000000000000 ) ) ;
#4082 = ORIENTED_EDGE ( 'NONE', *, *, #3075, .F. ) ;
#4083 = VERTEX_POINT ( 'NONE', #1362 ) ;
#4084 = EDGE_LOOP ( 'NONE', ( #1748, #1118 ) ) ;
#4085 = LINE ( 'NONE', #76, #2804 ) ;
#4086 = ORIENTED_EDGE ( 'NONE', *, *, #2270, .F. ) ;
#4087 = DIRECTION ( 'NONE',  ( -1.400000000000000030E-14, 1.000000000000000000, 6.000000000000000466E-15 ) ) ;
#4088 = CARTESIAN_POINT ( 'NONE',  ( 28.54870849366877295, 13.57374069479719658, 35.01586665186238889 ) ) ;
#4089 = CC_DESIGN_PERSON_AND_ORGANIZATION_ASSIGNMENT ( #2043, #1952, ( #3924 ) ) ;
#4090 = AXIS2_PLACEMENT_3D ( 'NONE', #2251, #156, #1226 ) ;
#4091 = FACE_OUTER_BOUND ( 'NONE', #4188, .T. ) ;
#4092 = DIRECTION ( 'NONE',  ( 1.473225881933163633E-16, 1.000000000000000000, 7.000000000000002516E-15 ) ) ;
#4093 = ADVANCED_FACE ( 'NONE', ( #2701 ), #4329, .F. ) ;
#4094 = DIRECTION ( 'NONE',  ( 0.000000000000000000, 7.930164461608253340E-15, -1.000000000000000000 ) ) ;
#4095 = EDGE_CURVE ( 'NONE', #4038, #1689, #1325, .T. ) ;
#4096 = CARTESIAN_POINT ( 'NONE',  ( 53.43449493129577377, 11.67216261712347247, 33.01586665186161440 ) ) ;
#4097 = DIRECTION ( 'NONE',  ( 0.000000000000000000, -7.709882115452477378E-15, 1.000000000000000000 ) ) ;
#4098 = ORIENTED_EDGE ( 'NONE', *, *, #3423, .T. ) ;
#4099 = VERTEX_POINT ( 'NONE', #2047 ) ;
#4100 = EDGE_CURVE ( 'NONE', #494, #298, #1715, .T. ) ;
#4101 = CARTESIAN_POINT ( 'NONE',  ( 0.6563021627625859056, -28.86547286757781805, 36.12029672067633612 ) ) ;
#4102 = ORIENTED_EDGE ( 'NONE', *, *, #1, .T. ) ;
#4103 = ORIENTED_EDGE ( 'NONE', *, *, #3187, .F. ) ;
#4104 = ORIENTED_EDGE ( 'NONE', *, *, #2327, .T. ) ;
#4105 = LINE ( 'NONE', #3492, #3506 ) ;
#4106 = CARTESIAN_POINT ( 'NONE',  ( 0.6563021627624517906, 17.18952860090847423, 34.32029672067664450 ) ) ;
#4107 = VERTEX_POINT ( 'NONE', #825 ) ;
#4108 = LINE ( 'NONE', #4132, #4350 ) ;
#4109 = LINE ( 'NONE', #786, #4331 ) ;
#4110 = CARTESIAN_POINT ( 'NONE',  ( 61.58449493129684527, -7.590472867575178029, 49.51586665186046332 ) ) ;
#4111 = CARTESIAN_POINT ( 'NONE',  ( 8.268924998906252100, -28.86547286757770081, 34.52405940917653737 ) ) ;
#4112 = CARTESIAN_POINT ( 'NONE',  ( 13.51937371149127820, -18.53275529657248910, 42.91615412498146043 ) ) ;
#4113 = DIRECTION ( 'NONE',  ( 0.000000000000000000, -6.938893903907222067E-15, 1.000000000000000000 ) ) ;
#4114 = EDGE_CURVE ( 'NONE', #114, #883, #2131, .T. ) ;
#4115 = EDGE_CURVE ( 'NONE', #2261, #3995, #1402, .T. ) ;
#4116 = CARTESIAN_POINT ( 'NONE',  ( 12.99503152335690537, 15.40081321054965535, 42.46693973669320599 ) ) ;
#4117 = DIRECTION ( 'NONE',  ( -1.000000000000000000, -2.574694843291893316E-14, 2.903379291371709114E-14 ) ) ;
#4118 = AXIS2_PLACEMENT_3D ( 'NONE', #116, #4217, #1140 ) ;
#4119 = ORIENTED_EDGE ( 'NONE', *, *, #2509, .F. ) ;
#4120 = DIRECTION ( 'NONE',  ( 1.000000000000000000, 2.562297978277754348E-14, -2.902530795666727357E-14 ) ) ;
#4121 = AXIS2_PLACEMENT_3D ( 'NONE', #2445, #2773, #4163 ) ;
#4122 = EDGE_CURVE ( 'NONE', #2256, #371, #546, .T. ) ;
#4123 = CARTESIAN_POINT ( 'NONE',  ( 6.143452244285986907, -1.490911607388449701E-13, 21.01586665186049885 ) ) ;
#4124 = ORIENTED_EDGE ( 'NONE', *, *, #4154, .T. ) ;
#4125 = EDGE_LOOP ( 'NONE', ( #245, #2779, #2756, #1597, #3714, #562 ) ) ;
#4126 = ORIENTED_EDGE ( 'NONE', *, *, #7, .F. ) ;
#4127 = CARTESIAN_POINT ( 'NONE',  ( 0.6563021627624457954, -20.67047433606068552, 36.12029672067639297 ) ) ;
#4128 = VECTOR ( 'NONE', #3639, 1000.000000000000000 ) ;
#4129 = DIRECTION ( 'NONE',  ( -2.574694843291808119E-14, 1.000000000000000000, 2.928657122104321757E-14 ) ) ;
#4130 = ORIENTED_EDGE ( 'NONE', *, *, #1984, .T. ) ;
#4131 = CIRCLE ( 'NONE', #4201, 2.000000000000001776 ) ;
#4132 = CARTESIAN_POINT ( 'NONE',  ( -5.865505068703621205, 20.68952860090806567, 92.68165751221280857 ) ) ;
#4133 = DIRECTION ( 'NONE',  ( 1.473225881933153279E-16, 1.000000000000000000, 7.000000000000000938E-15 ) ) ;
#4134 = FACE_OUTER_BOUND ( 'NONE', #3968, .T. ) ;
#4135 = VECTOR ( 'NONE', #2818, 1000.000000000000000 ) ;
#4136 = AXIS2_PLACEMENT_3D ( 'NONE', #2328, #1108, #630 ) ;
#4137 = AXIS2_PLACEMENT_3D ( 'NONE', #2419, #1349, #1720 ) ;
#4138 = DIRECTION ( 'NONE',  ( 0.000000000000000000, 7.709882115452463178E-15, -1.000000000000000000 ) ) ;
#4139 = CARTESIAN_POINT ( 'NONE',  ( 12.03042136853060029, -19.15378558094635508, 42.08265251384742811 ) ) ;
#4140 = CARTESIAN_POINT ( 'NONE',  ( 3.664494925084381460, -19.17047433606064999, 31.51586664685467909 ) ) ;
#4141 = VECTOR ( 'NONE', #1322, 1000.000000000000000 ) ;
#4142 = DIRECTION ( 'NONE',  ( -1.000000000000000000, -1.321694076934710363E-14, 0.000000000000000000 ) ) ;
#4143 = CARTESIAN_POINT ( 'NONE',  ( 59.58449493129582208, 12.15952713242472072, 41.01586665186137992 ) ) ;
#4144 = VECTOR ( 'NONE', #3234, 1000.000000000000000 ) ;
#4145 = VERTEX_POINT ( 'NONE', #3122 ) ;
#4146 = DIRECTION ( 'NONE',  ( 0.000000000000000000, -7.709882115452463178E-15, 1.000000000000000000 ) ) ;
#4147 = EDGE_CURVE ( 'NONE', #3339, #646, #51, .T. ) ;
#4148 = CARTESIAN_POINT ( 'NONE',  ( 12.53426140995845905, 20.56639625559793316, 42.24301263646025006 ) ) ;
#4149 = VERTEX_POINT ( 'NONE', #2084 ) ;
#4150 = ORIENTED_EDGE ( 'NONE', *, *, #2838, .F. ) ;
#4151 = ORIENTED_EDGE ( 'NONE', *, *, #1228, .T. ) ;
#4152 = DIRECTION ( 'NONE',  ( 1.000000000000000000, 2.467162276944908187E-14, -3.448912900226734932E-14 ) ) ;
#4153 = FACE_OUTER_BOUND ( 'NONE', #1486, .T. ) ;
#4154 = EDGE_CURVE ( 'NONE', #2209, #495, #406, .T. ) ;
#4155 = EDGE_CURVE ( 'NONE', #3059, #68, #2456, .T. ) ;
#4156 = PLANE ( 'NONE',  #3293 ) ;
#4157 = FACE_OUTER_BOUND ( 'NONE', #2276, .T. ) ;
#4158 = LINE ( 'NONE', #2500, #1900 ) ;
#4159 = AXIS2_PLACEMENT_3D ( 'NONE', #3449, #3471, #3802 ) ;
#4160 = CARTESIAN_POINT ( 'NONE',  ( 11.37628639389381568, -19.17047433606073170, 42.01586665186151492 ) ) ;
#4161 = CARTESIAN_POINT ( 'NONE',  ( 17.18449493129656958, 4.409527132423674445, 50.51586665186218283 ) ) ;
#4162 = CARTESIAN_POINT ( 'NONE',  ( 60.18449493129653405, 4.409527132424734930, 49.51586665186070491 ) ) ;
#4163 = DIRECTION ( 'NONE',  ( 0.000000000000000000, 6.608470384673536824E-15, -1.000000000000000000 ) ) ;
#4164 = PLANE ( 'NONE',  #3432 ) ;
#4165 = VERTEX_POINT ( 'NONE', #2743 ) ;
#4166 = ORIENTED_EDGE ( 'NONE', *, *, #4312, .F. ) ;
#4167 = AXIS2_PLACEMENT_3D ( 'NONE', #4341, #1330, #2668 ) ;
#4168 = FACE_OUTER_BOUND ( 'NONE', #1442, .T. ) ;
#4169 = ADVANCED_FACE ( 'NONE', ( #3801 ), #497, .F. ) ;
#4170 = ORIENTED_EDGE ( 'NONE', *, *, #1277, .F. ) ;
#4171 = ORIENTED_EDGE ( 'NONE', *, *, #4180, .F. ) ;
#4172 = ORIENTED_EDGE ( 'NONE', *, *, #672, .F. ) ;
#4173 = CARTESIAN_POINT ( 'NONE',  ( 0.6563021627624517906, 20.68952860090846002, 36.12029672067667718 ) ) ;
#4174 = DIRECTION ( 'NONE',  ( 1.473225881933163633E-16, 1.000000000000000000, 7.000000000000000938E-15 ) ) ;
#4175 = ADVANCED_FACE ( 'NONE', ( #1401 ), #3820, .F. ) ;
#4176 = EDGE_CURVE ( 'NONE', #2849, #1418, #3085, .T. ) ;
#4177 = CARTESIAN_POINT ( 'NONE',  ( 53.24865004892967590, -14.48141777321726487, 33.02235435989113910 ) ) ;
#4178 = CARTESIAN_POINT ( 'NONE',  ( 49.43449493129669037, -23.84047286757601469, 48.01586665186135860 ) ) ;
#4179 = CARTESIAN_POINT ( 'NONE',  ( 35.93449493129605798, -3.252020890014478831E-13, 35.01586665186177783 ) ) ;
#4180 = EDGE_CURVE ( 'NONE', #1582, #2344, #2413, .T. ) ;
#4181 = PLANE ( 'NONE',  #2093 ) ;
#4182 = CARTESIAN_POINT ( 'NONE',  ( 13.49085870798552911, 15.07359064039627938, 21.01586665186065161 ) ) ;
#4183 = CARTESIAN_POINT ( 'NONE',  ( 17.13535461868026388, -31.43482093246293374, 25.80910016135101870 ) ) ;
#4184 = CYLINDRICAL_SURFACE ( 'NONE', #3565, 1.800000000000002931 ) ;
#4185 = DIRECTION ( 'NONE',  ( 0.6037669412152594228, -0.4611851240684672892, 0.6502105520779571934 ) ) ;
#4186 = CARTESIAN_POINT ( 'NONE',  ( 17.18449493129660510, 4.409527132423674445, 51.51586665186218283 ) ) ;
#4187 = FACE_OUTER_BOUND ( 'NONE', #3287, .T. ) ;
#4188 = EDGE_LOOP ( 'NONE', ( #1424, #2231, #3379, #2389, #2425 ) ) ;
#4189 = ORIENTED_EDGE ( 'NONE', *, *, #4317, .T. ) ;
#4190 = ORIENTED_EDGE ( 'NONE', *, *, #4312, .T. ) ;
#4191 = DIRECTION ( 'NONE',  ( 0.000000000000000000, -1.000000000000000000, -2.775557561562893875E-14 ) ) ;
#4192 = DIRECTION ( 'NONE',  ( 0.000000000000000000, 6.608470384673557335E-15, -1.000000000000000000 ) ) ;
#4193 = CIRCLE ( 'NONE', #2861, 1.800000000000002931 ) ;
#4194 = AXIS2_PLACEMENT_3D ( 'NONE', #1306, #1968, #238 ) ;
#4195 = DIRECTION ( 'NONE',  ( -7.009944624696194309E-15, -6.999999999999999361E-15, 1.000000000000000000 ) ) ;
#4196 = VERTEX_POINT ( 'NONE', #780 ) ;
#4197 = CARTESIAN_POINT ( 'NONE',  ( 59.48449493129687227, 0.2595271324241753552, 54.01586665186281522 ) ) ;
#4198 = DIRECTION ( 'NONE',  ( -3.953785700231736652E-16, -1.000000000000000000, -7.000000000000002516E-15 ) ) ;
#4199 = EDGE_CURVE ( 'NONE', #2632, #3005, #2380, .T. ) ;
#4200 = EDGE_CURVE ( 'NONE', #2475, #2881, #4085, .T. ) ;
#4201 = AXIS2_PLACEMENT_3D ( 'NONE', #1035, #2333, #3738 ) ;
#4202 = ORIENTED_EDGE ( 'NONE', *, *, #2031, .T. ) ;
#4203 = LINE ( 'NONE', #2573, #2511 ) ;
#4204 = FACE_OUTER_BOUND ( 'NONE', #1469, .T. ) ;
#4205 = AXIS2_PLACEMENT_3D ( 'NONE', #1736, #3081, #2415 ) ;
#4206 = DIRECTION ( 'NONE',  ( -1.000000000000000000, -2.578212872552770944E-14, 2.902530795666726726E-14 ) ) ;
#4207 = EDGE_CURVE ( 'NONE', #1957, #823, #478, .T. ) ;
#4208 = EDGE_CURVE ( 'NONE', #2830, #1582, #4105, .T. ) ;
#4209 = AXIS2_PLACEMENT_3D ( 'NONE', #2852, #847, #4191 ) ;
#4210 = CIRCLE ( 'NONE', #1125, 1.049999999999998934 ) ;
#4211 = LINE ( 'NONE', #1107, #605 ) ;
#4212 = CARTESIAN_POINT ( 'NONE',  ( 8.268924998906111767, -24.17047433606067486, 34.52405940917656579 ) ) ;
#4213 = CARTESIAN_POINT ( 'NONE',  ( 17.18449493129656958, 4.409527132423674445, 50.51586665186218283 ) ) ;
#4214 = VECTOR ( 'NONE', #235, 1000.000000000000000 ) ;
#4215 = VECTOR ( 'NONE', #2940, 1000.000000000000000 ) ;
#4216 = AXIS2_PLACEMENT_3D ( 'NONE', #1668, #3013, #1730 ) ;
#4217 = DIRECTION ( 'NONE',  ( -1.473225881933163633E-16, -1.000000000000000000, -7.000000000000002516E-15 ) ) ;
#4218 = VERTEX_POINT ( 'NONE', #1776 ) ;
#4219 = VERTEX_POINT ( 'NONE', #120 ) ;
#4220 = ORIENTED_EDGE ( 'NONE', *, *, #4342, .F. ) ;
#4221 = DIRECTION ( 'NONE',  ( 0.000000000000000000, -6.608470384673557335E-15, 1.000000000000000000 ) ) ;
#4222 = DIRECTION ( 'NONE',  ( -1.400000000000000030E-14, 1.000000000000000000, 6.000000000000000466E-15 ) ) ;
#4223 = DIRECTION ( 'NONE',  ( -2.563899477072639383E-14, 1.000000000000000000, 2.923936424916882096E-14 ) ) ;
#4224 = VERTEX_POINT ( 'NONE', #2813 ) ;
#4225 = DIRECTION ( 'NONE',  ( -1.000000000000000000, -2.571108009037053868E-14, 2.899466381275520970E-14 ) ) ;
#4226 = ORIENTED_EDGE ( 'NONE', *, *, #884, .F. ) ;
#4227 = DIRECTION ( 'NONE',  ( 4.346702505758237178E-16, -1.000000000000000000, -5.999999999999999677E-15 ) ) ;
#4228 = DIRECTION ( 'NONE',  ( -1.473225881933163386E-16, -1.000000000000000000, -7.000000000000001727E-15 ) ) ;
#4229 = DIRECTION ( 'NONE',  ( -2.430443709086124905E-14, 1.000000000000000000, 3.347036710976368263E-14 ) ) ;
#4230 = FACE_BOUND ( 'NONE', #3095, .T. ) ;
#4231 = EDGE_CURVE ( 'NONE', #3818, #1764, #1421, .T. ) ;
#4232 = EDGE_CURVE ( 'NONE', #3670, #1280, #1146, .T. ) ;
#4233 = DIRECTION ( 'NONE',  ( 3.781802187151769226E-15, -4.043065451527233602E-15, 1.000000000000000000 ) ) ;
#4234 = ORIENTED_EDGE ( 'NONE', *, *, #1978, .T. ) ;
#4235 = FACE_OUTER_BOUND ( 'NONE', #2343, .T. ) ;
#4236 = CARTESIAN_POINT ( 'NONE',  ( 58.68449493129634931, 4.409527132424717166, 52.51586665186075464 ) ) ;
#4237 = VERTEX_POINT ( 'NONE', #3448 ) ;
#4238 = VERTEX_POINT ( 'NONE', #3420 ) ;
#4239 = ORIENTED_EDGE ( 'NONE', *, *, #1681, .F. ) ;
#4240 = DIRECTION ( 'NONE',  ( -2.903379291371784214E-14, 2.923936424916807628E-14, -1.000000000000000000 ) ) ;
#4241 = VECTOR ( 'NONE', #3310, 1000.000000000000000 ) ;
#4242 = LINE ( 'NONE', #3250, #1131 ) ;
#4243 = FACE_OUTER_BOUND ( 'NONE', #1607, .T. ) ;
#4244 = EDGE_LOOP ( 'NONE', ( #1728, #3839, #1912, #2720 ) ) ;
#4245 = DIRECTION ( 'NONE',  ( 0.000000000000000000, -2.928657122104321757E-14, 1.000000000000000000 ) ) ;
#4246 = CARTESIAN_POINT ( 'NONE',  ( 13.22367087681769782, 15.26085533838408814, 22.79102295849861903 ) ) ;
#4247 = FACE_OUTER_BOUND ( 'NONE', #4244, .T. ) ;
#4248 = CARTESIAN_POINT ( 'NONE',  ( 1.706302162762586727, -28.86547286757780384, 36.12029672067633612 ) ) ;
#4249 = CARTESIAN_POINT ( 'NONE',  ( 9.318924998906116031, -19.17047433606067486, 34.52405940917659422 ) ) ;
#4250 = CARTESIAN_POINT ( 'NONE',  ( -1.455172578090992671E-13, -1.462819588763013500E-13, 21.01586665186045622 ) ) ;
#4251 = FACE_BOUND ( 'NONE', #470, .T. ) ;
#4252 = ADVANCED_FACE ( 'NONE', ( #1931 ), #3228, .F. ) ;
#4253 = EDGE_CURVE ( 'NONE', #137, #931, #2193, .T. ) ;
#4254 = CARTESIAN_POINT ( 'NONE',  ( 6.672687687406325452, 17.18952860090852397, 26.91143657303320325 ) ) ;
#4255 = ORIENTED_EDGE ( 'NONE', *, *, #1058, .T. ) ;
#4256 = ORIENTED_EDGE ( 'NONE', *, *, #2214, .F. ) ;
#4257 = ORIENTED_EDGE ( 'NONE', *, *, #3541, .T. ) ;
#4258 = APPLICATION_PROTOCOL_DEFINITION ( 'international standard', 'config_control_design', 1994, #4275 ) ;
#4259 = DIRECTION ( 'NONE',  ( -1.473225881933163386E-16, -1.000000000000000000, -7.000000000000001727E-15 ) ) ;
#4260 = EDGE_CURVE ( 'NONE', #3271, #918, #1964, .T. ) ;
#4261 = AXIS2_PLACEMENT_3D ( 'NONE', #3806, #3427, #2767 ) ;
#4262 = DIRECTION ( 'NONE',  ( 1.473225881933163633E-16, 1.000000000000000000, 7.000000000000000938E-15 ) ) ;
#4263 = VERTEX_POINT ( 'NONE', #181 ) ;
#4264 = ORIENTED_EDGE ( 'NONE', *, *, #3236, .F. ) ;
#4265 = CARTESIAN_POINT ( 'NONE',  ( 29.18449493129639194, 4.409527132423916029, 53.51586665186178493 ) ) ;
#4266 = AXIS2_PLACEMENT_3D ( 'NONE', #3729, #4037, #2734 ) ;
#4267 = AXIS2_PLACEMENT_3D ( 'NONE', #1856, #3180, #157 ) ;
#4268 = DIRECTION ( 'NONE',  ( -3.469446951953614189E-14, 0.000000000000000000, -1.000000000000000000 ) ) ;
#4269 = CARTESIAN_POINT ( 'NONE',  ( 3.664494925084381016, -24.17047433606063933, 29.76586664685464001 ) ) ;
#4270 = CYLINDRICAL_SURFACE ( 'NONE', #4018, 1.050000000000000488 ) ;
#4271 = CIRCLE ( 'NONE', #1676, 1.049999999999998934 ) ;
#4272 = FACE_OUTER_BOUND ( 'NONE', #2609, .T. ) ;
#4273 = CARTESIAN_POINT ( 'NONE',  ( 13.36109758898002120, -23.65238133962255418, 22.86565602499624816 ) ) ;
#4274 = DIRECTION ( 'NONE',  ( -8.488823906708089694E-17, -1.000000000000000000, -6.960548489364895330E-15 ) ) ;
#4275 = APPLICATION_CONTEXT ( 'configuration controlled 3d designs of mechanical parts and assemblies' ) ;
#4276 = ORIENTED_EDGE ( 'NONE', *, *, #808, .F. ) ;
#4277 = CARTESIAN_POINT ( 'NONE',  ( 59.48449493129687227, -3.740472867575824978, 54.01586665186281522 ) ) ;
#4278 = CIRCLE ( 'NONE', #3513, 2.000000000000001776 ) ;
#4279 = ORIENTED_EDGE ( 'NONE', *, *, #3162, .F. ) ;
#4280 = CC_DESIGN_PERSON_AND_ORGANIZATION_ASSIGNMENT ( #3380, #4021, ( #1046 ) ) ;
#4281 = VERTEX_POINT ( 'NONE', #2587 ) ;
#4282 = ORIENTED_EDGE ( 'NONE', *, *, #1456, .F. ) ;
#4283 = CARTESIAN_POINT ( 'NONE',  ( 59.58449493129558761, 12.15952713242495520, 33.01586665186144387 ) ) ;
#4284 = CARTESIAN_POINT ( 'NONE',  ( 22.18449493129664418, -7.590472867576202987, 51.51586665186189151 ) ) ;
#4285 = VECTOR ( 'NONE', #4010, 1000.000000000000114 ) ;
#4286 = CARTESIAN_POINT ( 'NONE',  ( 6.672687687406319235, -24.17047433606060736, 25.11143657303291477 ) ) ;
#4287 = ORIENTED_EDGE ( 'NONE', *, *, #3319, .F. ) ;
#4288 = EDGE_CURVE ( 'NONE', #3339, #495, #2033, .T. ) ;
#4289 = EDGE_CURVE ( 'NONE', #1622, #981, #127, .T. ) ;
#4290 = ORIENTED_EDGE ( 'NONE', *, *, #1763, .T. ) ;
#4291 = CARTESIAN_POINT ( 'NONE',  ( 35.93449493129669747, -23.84047286757596140, 37.01586665186108149 ) ) ;
#4292 = ORIENTED_EDGE ( 'NONE', *, *, #2860, .T. ) ;
#4293 = CARTESIAN_POINT ( 'NONE',  ( 13.36038369470325549, 15.17325349220344322, 22.86526597973020358 ) ) ;
#4294 = EDGE_CURVE ( 'NONE', #4083, #4039, #2727, .T. ) ;
#4295 = CARTESIAN_POINT ( 'NONE',  ( 58.68449493129645589, -12.64047286757530664, 41.01586665186074754 ) ) ;
#4296 = AXIS2_PLACEMENT_3D ( 'NONE', #877, #3568, #3831 ) ;
#4297 = DIRECTION ( 'NONE',  ( -1.400000000000000030E-14, 1.000000000000000000, 6.000000000000000466E-15 ) ) ;
#4298 = AXIS2_PLACEMENT_3D ( 'NONE', #3278, #2639, #322 ) ;
#4299 = CARTESIAN_POINT ( 'NONE',  ( 6.672687687405836066, 15.68952860090852575, 26.91143657303316061 ) ) ;
#4300 = DIRECTION ( 'NONE',  ( -3.469446951953611033E-14, 0.000000000000000000, -1.000000000000000000 ) ) ;
#4301 = CARTESIAN_POINT ( 'NONE',  ( 11.37628639389381568, -19.17047433606078499, 42.01586665186151492 ) ) ;
#4302 = CARTESIAN_POINT ( 'NONE',  ( 25.05337909994726786, -9.722548339274277751, 51.08935138561806610 ) ) ;
#4303 = B_SPLINE_CURVE_WITH_KNOTS ( 'NONE', 3,
 ( #3587, #3631, #852, #1259, #188, #1216, #873, #3209 ),
 .UNSPECIFIED., .F., .F.,
 ( 4, 2, 2, 4 ),
 ( 0.000000000000000000, 0.001063682062594764914, 0.001595523093892144877, 0.002127364125189525057 ),
 .UNSPECIFIED. ) ;
#4304 = VERTEX_POINT ( 'NONE', #3603 ) ;
#4305 = ORIENTED_EDGE ( 'NONE', *, *, #4095, .T. ) ;
#4306 = DIRECTION ( 'NONE',  ( -4.346702505758243587E-16, 1.000000000000000000, 5.999999999999998100E-15 ) ) ;
#4307 = CARTESIAN_POINT ( 'NONE',  ( 8.268924998906111767, -20.67047433606068907, 36.32405940917659137 ) ) ;
#4308 = ORIENTED_EDGE ( 'NONE', *, *, #2107, .T. ) ;
#4309 = ORIENTED_EDGE ( 'NONE', *, *, #1916, .F. ) ;
#4310 = DIRECTION ( 'NONE',  ( 1.473225881933163633E-16, 1.000000000000000000, 7.000000000000002516E-15 ) ) ;
#4311 = EDGE_CURVE ( 'NONE', #2147, #2217, #2877, .T. ) ;
#4312 = EDGE_CURVE ( 'NONE', #995, #2191, #2563, .T. ) ;
#4313 = EDGE_LOOP ( 'NONE', ( #2076, #3921, #1753, #1182 ) ) ;
#4314 = DIRECTION ( 'NONE',  ( -1.473225881933163386E-16, -1.000000000000000000, -7.000000000000001727E-15 ) ) ;
#4315 = CARTESIAN_POINT ( 'NONE',  ( 4.134494931296804232, 20.68952860090848844, 32.01586665186172809 ) ) ;
#4316 = CARTESIAN_POINT ( 'NONE',  ( 13.49170252384918101, 20.07142786538232571, 42.31612769732034707 ) ) ;
#4317 = EDGE_CURVE ( 'NONE', #2062, #94, #1746, .T. ) ;
#4318 = CARTESIAN_POINT ( 'NONE',  ( 0.6563021627624513465, 17.18952860090846002, 36.12029672067664876 ) ) ;
#4319 = LINE ( 'NONE', #1942, #4070 ) ;
#4320 = DIRECTION ( 'NONE',  ( -1.000000000000000000, -2.743387482784547042E-29, -2.999999999999915431E-15 ) ) ;
#4321 = DIRECTION ( 'NONE',  ( 2.430443709086124905E-14, -1.000000000000000000, 0.000000000000000000 ) ) ;
#4322 = ORIENTED_EDGE ( 'NONE', *, *, #1984, .F. ) ;
#4323 = ORIENTED_EDGE ( 'NONE', *, *, #680, .F. ) ;
#4324 = CALENDAR_DATE ( 2026, 24, 6 ) ;
#4325 = DIRECTION ( 'NONE',  ( -3.469446951953611033E-14, 0.000000000000000000, -1.000000000000000000 ) ) ;
#4326 = CARTESIAN_POINT ( 'NONE',  ( -0.9399351487373391878, -20.67047433606062867, 28.50767388453273554 ) ) ;
#4327 = ORIENTED_EDGE ( 'NONE', *, *, #1171, .T. ) ;
#4328 = VERTEX_POINT ( 'NONE', #1598 ) ;
#4329 = CYLINDRICAL_SURFACE ( 'NONE', #2444, 1.750000000000001554 ) ;
#4330 = ORIENTED_EDGE ( 'NONE', *, *, #3179, .F. ) ;
#4331 = VECTOR ( 'NONE', #1801, 1000.000000000000114 ) ;
#4332 = CARTESIAN_POINT ( 'NONE',  ( 6.672687687405815637, 17.18952860090852752, 26.91143657303317127 ) ) ;
#4333 = CARTESIAN_POINT ( 'NONE',  ( 13.49085870798537279, 15.07359064039612306, 42.88781967670414019 ) ) ;
#4334 = EDGE_CURVE ( 'NONE', #2426, #2783, #2241, .T. ) ;
#4335 = DIRECTION ( 'NONE',  ( 1.000000000000000000, 2.467162276944908187E-14, -3.448912900226734932E-14 ) ) ;
#4336 = AXIS2_PLACEMENT_3D ( 'NONE', #3132, #2823, #1853 ) ;
#4337 = CARTESIAN_POINT ( 'NONE',  ( 8.268924998906111767, -24.17047433606067486, 34.52405940917656579 ) ) ;
#4338 = CARTESIAN_POINT ( 'NONE',  ( 39.93449493129578087, 14.15952713242407413, 46.01586665186262337 ) ) ;
#4339 = AXIS2_PLACEMENT_3D ( 'NONE', #2730, #809, #3173 ) ;
#4340 = ADVANCED_FACE ( 'NONE', ( #936 ), #3267, .F. ) ;
#4341 = CARTESIAN_POINT ( 'NONE',  ( 12.68449493129601713, 27.95387519731087878, 21.01586665186077241 ) ) ;
#4342 = EDGE_CURVE ( 'NONE', #1274, #1622, #1909, .T. ) ;
#4343 = AXIS2_PLACEMENT_3D ( 'NONE', #3634, #3871, #4268 ) ;
#4344 = ORIENTED_EDGE ( 'NONE', *, *, #402, .T. ) ;
#4345 = DIRECTION ( 'NONE',  ( -2.562297978277669467E-14, 1.000000000000000000, 2.928340546603050549E-14 ) ) ;
#4346 = ORIENTED_EDGE ( 'NONE', *, *, #2941, .F. ) ;
#4347 = ORIENTED_EDGE ( 'NONE', *, *, #3186, .F. ) ;
#4348 = AXIS2_PLACEMENT_3D ( 'NONE', #3657, #366, #1013 ) ;
#4349 = SHAPE_DEFINITION_REPRESENTATION ( #1604, #615 ) ;
#4350 = VECTOR ( 'NONE', #3804, 1000.000000000000000 ) ;
#4351 = ORIENTED_EDGE ( 'NONE', *, *, #1923, .F. ) ;
#4352 = AXIS2_PLACEMENT_3D ( 'NONE', #391, #2384, #327 ) ;
#4353 = CARTESIAN_POINT ( 'NONE',  ( 29.18449493129633510, 4.409527132423971096, 51.51586665186177783 ) ) ;
#4354 = ORIENTED_EDGE ( 'NONE', *, *, #2886, .F. ) ;
#4355 = DIRECTION ( 'NONE',  ( 6.432651084301853371E-31, -1.645479967905486411E-15, 1.000000000000000000 ) ) ;
#4356 = VECTOR ( 'NONE', #3326, 1000.000000000000000 ) ;
#4357 = ORIENTED_EDGE ( 'NONE', *, *, #3533, .F. ) ;
#4358 = AXIS2_PLACEMENT_3D ( 'NONE', #763, #1152, #1517 ) ;
#4359 = DIRECTION ( 'NONE',  ( 1.000000000000000000, 2.467162276944907871E-14, -3.448912900226735563E-14 ) ) ;
#4360 = CARTESIAN_POINT ( 'NONE',  ( 25.68449493129633510, -14.19047286757591841, 35.01586665186166414 ) ) ;
#4361 = CARTESIAN_POINT ( 'NONE',  ( 30.68449493129689643, -12.64047286757646482, 56.01586665186155756 ) ) ;
#4362 = PLANE ( 'NONE',  #472 ) ;
#4363 = DIRECTION ( 'NONE',  ( 2.565564719734035151E-14, -1.000000000000000000, -2.928657122104321757E-14 ) ) ;
#4364 = LINE ( 'NONE', #2295, #2753 ) ;
ENDSEC;
END-ISO-10303-21;
