ISO-10303-21;
HEADER;
FILE_DESCRIPTION (( 'STEP AP203' ),
    '1' );
FILE_NAME ('UC01盖子.STEP',
    '2026-06-24T07:27:01',
    ( '' ),
    ( '' ),
    'SwSTEP 2.0',
    'SolidWorks 2021',
    '' );
FILE_SCHEMA (( 'CONFIG_CONTROL_DESIGN' ));
ENDSEC;

DATA;
#1 = CARTESIAN_POINT ( 'NONE',  ( -0.03577016574826565043, 0.9066614848129103121, -0.2000000000000000111 ) ) ;
#2 = CARTESIAN_POINT ( 'NONE',  ( -4.998905992912844098, 4.317040192604685522, 0.000000000000000000 ) ) ;
#3 = CARTESIAN_POINT ( 'NONE',  ( 6.227808503120347616, -1.849989268083281901, 1.734723475976807094E-15 ) ) ;
#4 = LINE ( 'NONE', #2724, #2533 ) ;
#5 = CARTESIAN_POINT ( 'NONE',  ( -9.223628740046214247, 1.105367667589919778, 0.000000000000000000 ) ) ;
#6 = VERTEX_POINT ( 'NONE', #784 ) ;
#7 = ORIENTED_EDGE ( 'NONE', *, *, #478, .F. ) ;
#8 = LINE ( 'NONE', #6167, #7234 ) ;
#9 = CC_DESIGN_PERSON_AND_ORGANIZATION_ASSIGNMENT ( #1501, #2261, ( #5971 ) ) ;
#10 = EDGE_CURVE ( 'NONE', #6116, #543, #6822, .T. ) ;
#11 = CARTESIAN_POINT ( 'NONE',  ( -18.39999999999999147, 13.20133359925599414, -16.50000000000000000 ) ) ;
#12 = DIRECTION ( 'NONE',  ( 0.000000000000000000, 0.000000000000000000, -1.000000000000000000 ) ) ;
#13 = CARTESIAN_POINT ( 'NONE',  ( -13.50000000000000178, 13.20133359925599237, -14.69999999999998863 ) ) ;
#14 = CARTESIAN_POINT ( 'NONE',  ( 4.694324922952930912, -6.581476711740719132, 5.332894443888950065 ) ) ;
#15 = CARTESIAN_POINT ( 'NONE',  ( -9.756841671226702317, 0.9729026318160530762, -0.1999999999999999833 ) ) ;
#16 = CARTESIAN_POINT ( 'NONE',  ( -0.7657336898937426861, 1.525103295726003783, 0.000000000000000000 ) ) ;
#17 = CARTESIAN_POINT ( 'NONE',  ( -4.750170030422763645, 4.278694173320841010, -0.2000000000000001499 ) ) ;
#18 = B_SPLINE_CURVE_WITH_KNOTS ( 'NONE', 3,
 ( #2331, #3047, #3719, #4394, #2250, #4438, #7169, #6311, #2911, #3549, #1615, #5770, #6272, #157, #5686, #6992, #2202, #5060 ),
 .UNSPECIFIED., .F., .F.,
 ( 4, 2, 2, 2, 2, 2, 2, 2, 4 ),
 ( 0.000000000000000000, 0.0003444654268567079285, 0.0006889308537134165075, 0.001377861707426834099, 0.001722327134283542895, 0.002066792561140251908, 0.002411257987996960703, 0.002583490701425314885, 0.002755723414853669499 ),
 .UNSPECIFIED. ) ;
#19 = EDGE_LOOP ( 'NONE', ( #4254, #1914 ) ) ;
#20 = ORIENTED_EDGE ( 'NONE', *, *, #8264, .F. ) ;
#21 = CARTESIAN_POINT ( 'NONE',  ( -0.5004446804749497213, 4.307452154668538036, 0.000000000000000000 ) ) ;
#22 = EDGE_CURVE ( 'NONE', #460, #4374, #3651, .T. ) ;
#23 = CARTESIAN_POINT ( 'NONE',  ( -1.334051130124457751, 0.7773928014565999467, -0.2000000000000000389 ) ) ;
#24 = DIRECTION ( 'NONE',  ( 0.000000000000000000, 0.000000000000000000, -1.000000000000000000 ) ) ;
#25 = CARTESIAN_POINT ( 'NONE',  ( -6.610771520554814096, 1.989736775340948283, -0.2000000000000000111 ) ) ;
#26 = CARTESIAN_POINT ( 'NONE',  ( 1.178579414659847613, 2.999290309598837467, -8.131516293641283255E-17 ) ) ;
#27 = CARTESIAN_POINT ( 'NONE',  ( -5.143014514160813455, 0.9854253135744807102, 8.131516293641283255E-17 ) ) ;
#28 = EDGE_LOOP ( 'NONE', ( #6257, #7026, #5749, #8569, #6440 ) ) ;
#29 = LINE ( 'NONE', #7368, #1083 ) ;
#30 = EDGE_CURVE ( 'NONE', #7713, #7421, #161, .T. ) ;
#31 = CARTESIAN_POINT ( 'NONE',  ( -7.507317073170667321, 2.204034669253646328, -0.2000000000000000389 ) ) ;
#32 = CARTESIAN_POINT ( 'NONE',  ( -0.2342902252327031254, 0.8749608421907660860, 0.000000000000000000 ) ) ;
#33 = CARTESIAN_POINT ( 'NONE',  ( -0.1577985701315650913, 3.701881615888094501, -0.2000000000000000666 ) ) ;
#34 = DIRECTION ( 'NONE',  ( 9.745637505487682231E-17, 1.000000000000000000, 0.000000000000000000 ) ) ;
#35 = CARTESIAN_POINT ( 'NONE',  ( 0.9398192795238327069, 0.9239421215141241372, -0.2000000000000000111 ) ) ;
#36 = SECURITY_CLASSIFICATION_LEVEL ( 'unclassified' ) ;
#37 = CARTESIAN_POINT ( 'NONE',  ( -7.507317073170667321, 2.204034669253646328, -0.2000000000000000111 ) ) ;
#39 = ORIENTED_EDGE ( 'NONE', *, *, #3055, .T. ) ;
#38 = B_SPLINE_CURVE_WITH_KNOTS ( 'NONE', 3,
 ( #6545, #561, #2517, #5295, #3145, #3281, #5335, #8072, #4664, #5200, #7938, #6588, #3187, #5906, #8653, #5252, #7988, #1850, #4572 ),
 .UNSPECIFIED., .F., .F.,
 ( 4, 1, 1, 1, 1, 1, 1, 1, 1, 1, 1, 1, 1, 1, 1, 1, 4 ),
 ( 0.000000000000000000, 0.04370636634185609548, 0.08589905193259717020, 0.1271186216240410283, 0.1693225691089078611, 0.2131700606689733157, 0.2596154857574450858, 0.3095747048756278819, 0.3639765510160660744, 0.4233265872154447496, 0.4878894515722168035, 0.5580212644587047022, 0.6340711512636044711, 0.7162169243266240937, 0.8045641164198032991, 0.8988402913355112434, 1.000000000000000000 ),
 .UNSPECIFIED. ) ;
#40 = ORIENTED_EDGE ( 'NONE', *, *, #8340, .F. ) ;
#41 = EDGE_CURVE ( 'NONE', #8588, #3310, #8475, .T. ) ;
#42 = ORIENTED_EDGE ( 'NONE', *, *, #8760, .F. ) ;
#43 = LINE ( 'NONE', #2178, #3235 ) ;
#44 = CARTESIAN_POINT ( 'NONE',  ( 2.276174441269497528, 3.104551862881821389, -0.2000000000000000111 ) ) ;
#45 = CARTESIAN_POINT ( 'NONE',  ( -5.265628541404039353, 4.336132301922991594, 0.000000000000000000 ) ) ;
#46 = DIRECTION ( 'NONE',  ( 1.000000000000000000, 0.000000000000000000, -0.000000000000000000 ) ) ;
#47 = CARTESIAN_POINT ( 'NONE',  ( 3.700000000000005507, 0.0006667996279938886994, -8.800000000000000711 ) ) ;
#48 = CARTESIAN_POINT ( 'NONE',  ( -8.923593531046487115, 1.816672739768748768, 0.000000000000000000 ) ) ;
#49 = VERTEX_POINT ( 'NONE', #4939 ) ;
#50 = ORIENTED_EDGE ( 'NONE', *, *, #2857, .F. ) ;
#51 = FACE_OUTER_BOUND ( 'NONE', #1065, .T. ) ;
#52 = LINE ( 'NONE', #7609, #2908 ) ;
#53 = DIRECTION ( 'NONE',  ( 0.000000000000000000, -0.000000000000000000, -1.000000000000000000 ) ) ;
#54 = CARTESIAN_POINT ( 'NONE',  ( 6.227808503120348504, -5.822408242112043553, -0.2000000000000000111 ) ) ;
#55 = LINE ( 'NONE', #7436, #5786 ) ;
#56 = CARTESIAN_POINT ( 'NONE',  ( -10.15729893093555880, 1.094481250824068663, -0.1999999999999999833 ) ) ;
#57 = CARTESIAN_POINT ( 'NONE',  ( 17.80000000000000782, -13.20000000000000284, -2.999999999999999112 ) ) ;
#58 = CARTESIAN_POINT ( 'NONE',  ( 0.3871863338305776003, 1.958934590523929931, 0.000000000000000000 ) ) ;
#59 = ADVANCED_FACE ( 'NONE', ( #3011 ), #2337, .F. ) ;
#60 = ORIENTED_EDGE ( 'NONE', *, *, #2292, .F. ) ;
#61 = ORIENTED_EDGE ( 'NONE', *, *, #6774, .T. ) ;
#62 = FACE_OUTER_BOUND ( 'NONE', #8473, .T. ) ;
#63 = DIRECTION ( 'NONE',  ( 0.000000000000000000, 0.000000000000000000, 1.000000000000000000 ) ) ;
#64 = CARTESIAN_POINT ( 'NONE',  ( -13.50000000000000178, 14.20133359925599414, -14.69999999999998863 ) ) ;
#65 = FACE_OUTER_BOUND ( 'NONE', #4531, .T. ) ;
#66 = CARTESIAN_POINT ( 'NONE',  ( -0.6562637183834929555, 4.264767045845211157, -0.2000000000000000111 ) ) ;
#67 = PLANE ( 'NONE',  #4099 ) ;
#68 = EDGE_CURVE ( 'NONE', #721, #2506, #3633, .T. ) ;
#69 = CLOSED_SHELL ( 'NONE', ( #7123, #6186, #393, #1679, #4583, #8430, #3583, #4159, #6975, #7133, #4407, #3711, #3183, #8556, #5889, #2464, #6177, #2190, #6409, #6206, #6388, #5647, #2208, #4566, #8614, #8657, #5416, #2043, #1591, #1611, #769, #2347, #6242, #4480, #2627, #4726, #5912, #6786, #2070, #3761, #837, #6513, #2625, #4647, #3849, #6148, #1429, #3650, #1350, #965, #3307, #7711, #1265, #1862, #8450, #7352, #5852, #5525, #2336, #8013, #2474, #5513, #7584, #4288, #7340, #8023, #6729, #8849, #2243, #5464, #5863, #8840, #5306, #1320, #5390, #7564, #3828, #4081, #621, #2926, #8594, #8283, #6568, #6371, #6090, #7215, #2199, #6671, #3237, #6165, #3399, #2222, #7313, #2532, #3027, #1777, #4517, #5102, #8126, #4626, #7195, #1755, #6254, #5755, #926, #5265, #5556, #3250, #2890, #2768, #8719, #2407, #2164, #187, #7280, #4324, #631, #3316, #5282, #993, #7827, #3443, #8535, #5317, #3201, #456, #1744, #2081, #1695, #8683, #4013, #1158, #3288, #3887, #4876, #1948, #8060, #7496, #2439 ) ) ;
#70 = ORIENTED_EDGE ( 'NONE', *, *, #8488, .F. ) ;
#71 = CARTESIAN_POINT ( 'NONE',  ( -5.306071020507059366, 3.604996037120384411, -0.2000000000000000111 ) ) ;
#72 = VERTEX_POINT ( 'NONE', #4983 ) ;
#73 = CARTESIAN_POINT ( 'NONE',  ( 2.474305238303190269, 3.179484895498383867, -0.2000000000000000389 ) ) ;
#74 = CARTESIAN_POINT ( 'NONE',  ( 3.700000000000005507, 13.20133359925599059, -7.800000000000000711 ) ) ;
#75 = DIRECTION ( 'NONE',  ( -1.000000000000000000, 1.445602896647376388E-16, -0.000000000000000000 ) ) ;
#76 = AXIS2_PLACEMENT_3D ( 'NONE', #8403, #2980, #2400 ) ;
#77 = CARTESIAN_POINT ( 'NONE',  ( 0.8516563563381877033, 0.7812411473737569390, -0.2000000000000000111 ) ) ;
#78 = DATE_TIME_ROLE ( 'classification_date' ) ;
#79 = LINE ( 'NONE', #2214, #6065 ) ;
#80 = VECTOR ( 'NONE', #577, 1000.000000000000000 ) ;
#81 = EDGE_CURVE ( 'NONE', #2846, #1756, #4265, .T. ) ;
#82 = ORIENTED_EDGE ( 'NONE', *, *, #4787, .F. ) ;
#83 = EDGE_LOOP ( 'NONE', ( #7300, #6721, #6570, #4273 ) ) ;
#84 = VECTOR ( 'NONE', #2257, 1000.000000000000000 ) ;
#85 = VECTOR ( 'NONE', #6349, 1000.000000000000000 ) ;
#86 = ORIENTED_EDGE ( 'NONE', *, *, #224, .T. ) ;
#87 = DIRECTION ( 'NONE',  ( -0.000000000000000000, 0.000000000000000000, -1.000000000000000000 ) ) ;
#88 = CARTESIAN_POINT ( 'NONE',  ( -0.7862345846839622343, 2.879776771773709942, 0.000000000000000000 ) ) ;
#89 = CARTESIAN_POINT ( 'NONE',  ( -4.864204888895770296, 3.546259522758583138, 0.000000000000000000 ) ) ;
#90 = FACE_OUTER_BOUND ( 'NONE', #1492, .T. ) ;
#91 = VECTOR ( 'NONE', #579, 1000.000000000000000 ) ;
#92 = FACE_OUTER_BOUND ( 'NONE', #83, .T. ) ;
#93 = AXIS2_PLACEMENT_3D ( 'NONE', #2166, #5521, #5690 ) ;
#94 = EDGE_CURVE ( 'NONE', #2728, #4495, #8788, .T. ) ;
#95 = ORIENTED_EDGE ( 'NONE', *, *, #3489, .T. ) ;
#96 = EDGE_LOOP ( 'NONE', ( #8351, #7403, #5811, #1599 ) ) ;
#97 = VECTOR ( 'NONE', #6575, 1000.000000000000000 ) ;
#98 = CARTESIAN_POINT ( 'NONE',  ( -11.36097560975603216, 1.973851742424377997, -0.2000000000000000111 ) ) ;
#99 = B_SPLINE_CURVE_WITH_KNOTS ( 'NONE', 3,
 ( #1843, #4607, #4565, #1973, #4065, #3274, #5898, #4698, #3939, #7345 ),
 .UNSPECIFIED., .F., .F.,
 ( 4, 2, 2, 2, 4 ),
 ( 0.000000000000000000, 0.0002526070386705677948, 0.0005052140773411355895, 0.0007578211160117033843, 0.001010428154682271179 ),
 .UNSPECIFIED. ) ;
#100 = CARTESIAN_POINT ( 'NONE',  ( -1.386912046047531266, 0.8687723259033082179, 0.000000000000000000 ) ) ;
#101 = CARTESIAN_POINT ( 'NONE',  ( 0.3598821531257542783, 2.902846426145851755, -0.2000000000000000666 ) ) ;
#102 = CARTESIAN_POINT ( 'NONE',  ( 3.140548780487870673, 4.337418815595110111, 0.000000000000000000 ) ) ;
#103 = CARTESIAN_POINT ( 'NONE',  ( -6.377921421609263675, 1.417553004502311254, -0.2000000000000000389 ) ) ;
#104 = CARTESIAN_POINT ( 'NONE',  ( -0.5360522519604586922, 1.007708864044948527, 0.000000000000000000 ) ) ;
#105 = CARTESIAN_POINT ( 'NONE',  ( 0.1118883723536891750, 1.011930847321638405, 0.000000000000000000 ) ) ;
#106 = VECTOR ( 'NONE', #5283, 1000.000000000000000 ) ;
#107 = VERTEX_POINT ( 'NONE', #5731 ) ;
#108 = ORIENTED_EDGE ( 'NONE', *, *, #249, .T. ) ;
#109 = ORIENTED_EDGE ( 'NONE', *, *, #3054, .T. ) ;
#110 = LINE ( 'NONE', #2831, #2228 ) ;
#111 = CARTESIAN_POINT ( 'NONE',  ( -9.557563545111674941, 0.2431840326327392721, 0.000000000000000000 ) ) ;
#112 = VECTOR ( 'NONE', #2272, 1000.000000000000000 ) ;
#113 = CARTESIAN_POINT ( 'NONE',  ( 12.40000000000000391, -8.800000000000002487, -1.000000000000000000 ) ) ;
#114 = CARTESIAN_POINT ( 'NONE',  ( -9.404408884075014186, 1.011577695990217185, -0.2000000000000000111 ) ) ;
#115 = CARTESIAN_POINT ( 'NONE',  ( -0.1045370830242268456, 4.336095015182955592, -0.2000000000000000111 ) ) ;
#116 = PLANE ( 'NONE',  #5386 ) ;
#117 = VECTOR ( 'NONE', #5269, 1000.000000000000000 ) ;
#118 = ORIENTED_EDGE ( 'NONE', *, *, #6896, .T. ) ;
#119 = PLANE ( 'NONE',  #93 ) ;
#120 = ORIENTED_EDGE ( 'NONE', *, *, #3174, .F. ) ;
#121 = EDGE_CURVE ( 'NONE', #2094, #352, #248, .T. ) ;
#122 = EDGE_CURVE ( 'NONE', #3519, #4900, #6454, .T. ) ;
#123 = LINE ( 'NONE', #2841, #1648 ) ;
#124 = CARTESIAN_POINT ( 'NONE',  ( -4.434146341463349295, 0.4494614985219388403, -0.1000000000000000056 ) ) ;
#125 = CARTESIAN_POINT ( 'NONE',  ( -4.434146341463349295, 0.4494614985219388403, 0.000000000000000000 ) ) ;
#126 = CARTESIAN_POINT ( 'NONE',  ( 3.140548780487870673, 4.337418815595110111, -0.1000000000000000056 ) ) ;
#127 = PERSON_AND_ORGANIZATION ( #6739, #6392 ) ;
#128 = DIRECTION ( 'NONE',  ( 0.000000000000000000, -1.000000000000000000, 0.000000000000000000 ) ) ;
#129 = EDGE_LOOP ( 'NONE', ( #6831, #2135, #1736, #2741, #4909, #3364, #8398, #7462, #7481, #4666 ) ) ;
#130 = ORIENTED_EDGE ( 'NONE', *, *, #4233, .F. ) ;
#131 = DIRECTION ( 'NONE',  ( 0.000000000000000000, 0.000000000000000000, -1.000000000000000000 ) ) ;
#132 = VERTEX_POINT ( 'NONE', #1620 ) ;
#133 = DIRECTION ( 'NONE',  ( 0.000000000000000000, 0.000000000000000000, -1.000000000000000000 ) ) ;
#134 = EDGE_CURVE ( 'NONE', #72, #5688, #1579, .T. ) ;
#135 = CARTESIAN_POINT ( 'NONE',  ( 0.1103654158743805347, 1.006971848564166105, -0.2000000000000000389 ) ) ;
#136 = CARTESIAN_POINT ( 'NONE',  ( -10.82690937596024128, 0.5436919605797576605, 5.421010862427522170E-17 ) ) ;
#137 = CARTESIAN_POINT ( 'NONE',  ( -6.022463500775285361, 3.444144110563599703, -1.084202172485504434E-16 ) ) ;
#138 = CARTESIAN_POINT ( 'NONE',  ( -5.561432926829203538, 0.2398578399853534548, -0.2000000000000000389 ) ) ;
#139 = ORIENTED_EDGE ( 'NONE', *, *, #3826, .T. ) ;
#140 = ORIENTED_EDGE ( 'NONE', *, *, #8331, .T. ) ;
#141 = CARTESIAN_POINT ( 'NONE',  ( -1.363822161669368205, 3.644922148219737590, -0.2000000000000000389 ) ) ;
#142 = EDGE_CURVE ( 'NONE', #2094, #2769, #7294, .T. ) ;
#143 = CARTESIAN_POINT ( 'NONE',  ( -0.2955185702888994959, 0.2411470730922987971, 0.000000000000000000 ) ) ;
#144 = DIRECTION ( 'NONE',  ( 1.000000000000000000, 0.000000000000000000, 0.000000000000000000 ) ) ;
#145 = CARTESIAN_POINT ( 'NONE',  ( -1.519381339962306843, 1.180791088543580614, -1.084202172485504434E-16 ) ) ;
#146 = PLANE ( 'NONE',  #8227 ) ;
#147 = DIRECTION ( 'NONE',  ( 0.000000000000000000, 0.000000000000000000, -1.000000000000000000 ) ) ;
#148 = FACE_BOUND ( 'NONE', #2372, .T. ) ;
#149 = ORIENTED_EDGE ( 'NONE', *, *, #6616, .T. ) ;
#150 = B_SPLINE_CURVE_WITH_KNOTS ( 'NONE', 3,
 ( #3800, #6531, #5239, #1126, #1213, #3846, #1168, #3270, #6576, #457, #3176, #5894, #8738, #1839, #6618, #498, #5284, #3220 ),
 .UNSPECIFIED., .F., .F.,
 ( 4, 2, 2, 2, 2, 2, 2, 2, 4 ),
 ( 0.000000000000000000, 0.0001807785498863263428, 0.0003615570997726526856, 0.0007231141995453056965, 0.001084671299317958599, 0.001446228399090610742, 0.002169342598635913728, 0.002530899698408565004, 0.002892456798181216281 ),
 .UNSPECIFIED. ) ;
#151 = ORIENTED_EDGE ( 'NONE', *, *, #3628, .T. ) ;
#152 = LINE ( 'NONE', #6856, #665 ) ;
#153 = EDGE_CURVE ( 'NONE', #8751, #5368, #4938, .T. ) ;
#154 = CARTESIAN_POINT ( 'NONE',  ( -8.094059896694194123, 1.948406178034761238, -0.000000000000000000 ) ) ;
#155 = CARTESIAN_POINT ( 'NONE',  ( 6.227808503120348504, -6.581476711740719132, 5.332894443888950065 ) ) ;
#156 = DIRECTION ( 'NONE',  ( 1.000000000000000000, 0.000000000000000000, 0.000000000000000000 ) ) ;
#157 = CARTESIAN_POINT ( 'NONE',  ( -0.5270757412910018758, 0.2619171461377464150, -6.776263578034402713E-17 ) ) ;
#158 = CARTESIAN_POINT ( 'NONE',  ( -5.358410621779736260, 0.9722926101435054314, 8.131516293641283255E-17 ) ) ;
#159 = EDGE_LOOP ( 'NONE', ( #4093, #1853, #6061, #6523, #256, #8153, #3127, #1159 ) ) ;
#160 = CARTESIAN_POINT ( 'NONE',  ( -10.45637994903715295, 0.3445052710755269199, -0.2000000000000000111 ) ) ;
#161 = LINE ( 'NONE', #2918, #5205 ) ;
#162 = CARTESIAN_POINT ( 'NONE',  ( 0.05748985600844159355, 0.9566490343490493542, 5.421010862427521554E-17 ) ) ;
#163 = CARTESIAN_POINT ( 'NONE',  ( 10.20000000000000639, -9.200000000000002842, -1.000000000000000000 ) ) ;
#164 = CARTESIAN_POINT ( 'NONE',  ( 1.907317073170796240, 3.732998083887792529, -0.2000000000000000111 ) ) ;
#165 = CARTESIAN_POINT ( 'NONE',  ( -0.06846024424707573830, 0.2444387586551611258, -0.2000000000000000111 ) ) ;
#166 = PERSON_AND_ORGANIZATION_ROLE ( 'classification_officer' ) ;
#167 = CARTESIAN_POINT ( 'NONE',  ( 6.879450486378559049, -8.113779781068901187, 0.000000000000000000 ) ) ;
#168 = ORIENTED_EDGE ( 'NONE', *, *, #6196, .F. ) ;
#169 = EDGE_CURVE ( 'NONE', #1009, #1630, #8571, .T. ) ;
#170 = FACE_OUTER_BOUND ( 'NONE', #849, .T. ) ;
#171 = ORIENTED_EDGE ( 'NONE', *, *, #6400, .T. ) ;
#172 = DIRECTION ( 'NONE',  ( 1.000000000000000000, 0.000000000000000000, -0.000000000000000000 ) ) ;
#173 = CARTESIAN_POINT ( 'NONE',  ( -0.8153979617400849422, 2.583251727664379604, 0.000000000000000000 ) ) ;
#174 = CARTESIAN_POINT ( 'NONE',  ( -4.874255894265350442, 4.300593333569241672, 0.000000000000000000 ) ) ;
#175 = FACE_OUTER_BOUND ( 'NONE', #906, .T. ) ;
#176 = CARTESIAN_POINT ( 'NONE',  ( -8.921951219512131104, 4.288638327790232019, 0.000000000000000000 ) ) ;
#177 = EDGE_CURVE ( 'NONE', #7818, #8284, #6544, .T. ) ;
#178 = ORIENTED_EDGE ( 'NONE', *, *, #6229, .F. ) ;
#179 = EDGE_LOOP ( 'NONE', ( #197, #4901, #8739, #5243 ) ) ;
#180 = CARTESIAN_POINT ( 'NONE',  ( -10.29863990287660513, 0.2974561598605633961, -0.2000000000000000111 ) ) ;
#181 = CARTESIAN_POINT ( 'NONE',  ( -1.651086957030188929, 1.989313122368417952, -0.2000000000000000111 ) ) ;
#182 = CARTESIAN_POINT ( 'NONE',  ( 6.879450486378557272, 1.942992058381624698, -0.2000000000000000111 ) ) ;
#183 = CARTESIAN_POINT ( 'NONE',  ( -0.9860468358684802981, 0.4306310989612089912, -0.2000000000000000111 ) ) ;
#184 = CARTESIAN_POINT ( 'NONE',  ( 8.411753555706741992, -5.822408242112043553, -0.2000000000000000111 ) ) ;
#185 = CARTESIAN_POINT ( 'NONE',  ( 0.2502634244804008978, 3.346847211050594684, 0.000000000000000000 ) ) ;
#186 = PLANE ( 'NONE',  #5963 ) ;
#187 = ADVANCED_FACE ( 'NONE', ( #5913 ), #8820, .T. ) ;
#188 = EDGE_LOOP ( 'NONE', ( #1055, #4728, #1067, #5619 ) ) ;
#189 = EDGE_LOOP ( 'NONE', ( #1336, #7506, #4103, #3077 ) ) ;
#190 = CARTESIAN_POINT ( 'NONE',  ( -0.7029336498475882156, 3.251776265006541156, -0.1999999999999999833 ) ) ;
#191 = CARTESIAN_POINT ( 'NONE',  ( 1.907317073170796240, 3.020345644863402512, 0.000000000000000000 ) ) ;
#192 = CARTESIAN_POINT ( 'NONE',  ( 6.227808503120348504, -6.581476711740719132, -0.2000000000000000111 ) ) ;
#193 = CARTESIAN_POINT ( 'NONE',  ( -6.495196441223255235, 2.924956708823938101, 0.000000000000000000 ) ) ;
#194 = CARTESIAN_POINT ( 'NONE',  ( 8.411753555706741992, -5.822408242112043553, -0.2000000000000000111 ) ) ;
#195 = CARTESIAN_POINT ( 'NONE',  ( -13.50000000000000178, 15.70133359925599414, -14.69999999999998863 ) ) ;
#196 = EDGE_CURVE ( 'NONE', #3470, #3029, #4871, .T. ) ;
#197 = ORIENTED_EDGE ( 'NONE', *, *, #2145, .F. ) ;
#198 = CARTESIAN_POINT ( 'NONE',  ( -5.405945121951154952, 4.337418815595110111, -2.710505431213761085E-17 ) ) ;
#199 = CARTESIAN_POINT ( 'NONE',  ( 0.6100032601146990752, 4.119691944631947322, -2.710505431213764783E-17 ) ) ;
#200 = CARTESIAN_POINT ( 'NONE',  ( 0.3913285007316862352, 2.005642171575521715, -2.710505431213761701E-17 ) ) ;
#201 = CARTESIAN_POINT ( 'NONE',  ( -5.358410621779736260, 0.9722926101435054314, 0.000000000000000000 ) ) ;
#202 = CARTESIAN_POINT ( 'NONE',  ( -6.179179060244236688, 0.3117689312024466419, -0.2000000000000000111 ) ) ;
#203 = CARTESIAN_POINT ( 'NONE',  ( 4.694324922952930912, -6.581476711740719132, 0.000000000000000000 ) ) ;
#204 = CARTESIAN_POINT ( 'NONE',  ( 0.05701824514861467824, 0.9613594606275667198, -1.084202172485504434E-16 ) ) ;
#205 = CLOSED_SHELL ( 'NONE', ( #6917, #744, #59, #3290, #3798, #7953 ) ) ;
#206 = EDGE_LOOP ( 'NONE', ( #6832, #3224, #1861, #1019 ) ) ;
#207 = CARTESIAN_POINT ( 'NONE',  ( 17.80000000000000426, -14.19999999999999929, -1.000000000000000000 ) ) ;
#208 = ORIENTED_EDGE ( 'NONE', *, *, #6357, .F. ) ;
#209 = CARTESIAN_POINT ( 'NONE',  ( -2.239024390243838258, 1.508150522912182767, -0.2000000000000000111 ) ) ;
#210 = VECTOR ( 'NONE', #5604, 1000.000000000000000 ) ;
#211 = CARTESIAN_POINT ( 'NONE',  ( 6.879450486378559049, -8.113779781068901187, -0.2000000000000000111 ) ) ;
#212 = DIRECTION ( 'NONE',  ( 0.000000000000000000, -1.000000000000000000, 0.000000000000000000 ) ) ;
#213 = CARTESIAN_POINT ( 'NONE',  ( -8.092682926829203538, 4.288638327790232019, 0.000000000000000000 ) ) ;
#214 = DIRECTION ( 'NONE',  ( 0.000000000000000000, -0.000000000000000000, -1.000000000000000000 ) ) ;
#215 = EDGE_CURVE ( 'NONE', #5138, #829, #52, .T. ) ;
#216 = CARTESIAN_POINT ( 'NONE',  ( -0.1695609283115004640, 3.702342530996273862, -0.000000000000000000 ) ) ;
#217 = AXIS2_PLACEMENT_3D ( 'NONE', #1521, #5622, #144 ) ;
#218 = VECTOR ( 'NONE', #3143, 1000.000000000000000 ) ;
#219 = ORIENTED_EDGE ( 'NONE', *, *, #4504, .F. ) ;
#220 = VERTEX_POINT ( 'NONE', #5621 ) ;
#221 = CARTESIAN_POINT ( 'NONE',  ( -10.48238978939407851, 1.926829018557159490, -2.710505431213761085E-17 ) ) ;
#222 = CARTESIAN_POINT ( 'NONE',  ( -6.826973946564741880, 3.836031287063933704, -0.2000000000000000389 ) ) ;
#223 = LINE ( 'NONE', #8414, #5217 ) ;
#224 = EDGE_CURVE ( 'NONE', #2485, #3859, #6930, .T. ) ;
#225 = VECTOR ( 'NONE', #5395, 1000.000000000000000 ) ;
#226 = CARTESIAN_POINT ( 'NONE',  ( 2.756538107585110975, 4.082926712483383902, -2.710505431213761701E-17 ) ) ;
#227 = EDGE_CURVE ( 'NONE', #2139, #5318, #4117, .T. ) ;
#228 = CARTESIAN_POINT ( 'NONE',  ( -17.79999999999999361, 11.20133359925599414, -2.999999999999999112 ) ) ;
#229 = CARTESIAN_POINT ( 'NONE',  ( 0.007983465163030186926, 3.655131734216722883, 0.000000000000000000 ) ) ;
#230 = CARTESIAN_POINT ( 'NONE',  ( -7.261328231467105709, 3.287726571742556114, -2.710505431213761701E-17 ) ) ;
#231 = AXIS2_PLACEMENT_3D ( 'NONE', #8026, #5247, #1134 ) ;
#232 = VECTOR ( 'NONE', #6988, 1000.000000000000000 ) ;
#233 = ORIENTED_EDGE ( 'NONE', *, *, #4124, .F. ) ;
#235 = VERTEX_POINT ( 'NONE', #811 ) ;
#234 = CARTESIAN_POINT ( 'NONE',  ( -9.028991890894692673, 1.346828451703560248, 0.000000000000000000 ) ) ;
#236 = CARTESIAN_POINT ( 'NONE',  ( -4.434146341463349295, 4.184979791204865407, 0.000000000000000000 ) ) ;
#237 = DIRECTION ( 'NONE',  ( -1.000000000000000000, 0.000000000000000000, 0.000000000000000000 ) ) ;
#238 = CARTESIAN_POINT ( 'NONE',  ( 1.221207963093223992, 2.548682248097943415, -0.2000000000000001221 ) ) ;
#239 = ADVANCED_FACE ( 'NONE', ( #3534 ), #4730, .F. ) ;
#240 = LINE ( 'NONE', #823, #2518 ) ;
#241 = CARTESIAN_POINT ( 'NONE',  ( 1.209717175795394617, 12.60052523055713536, -1.000000000000000000 ) ) ;
#242 = VECTOR ( 'NONE', #1362, 1000.000000000000000 ) ;
#243 = DIRECTION ( 'NONE',  ( -1.000000000000000000, 9.745637505487680998E-17, 0.000000000000000000 ) ) ;
#244 = DIRECTION ( 'NONE',  ( -1.000000000000000000, 0.000000000000000000, 0.000000000000000000 ) ) ;
#245 = ORIENTED_EDGE ( 'NONE', *, *, #8476, .T. ) ;
#246 = VECTOR ( 'NONE', #7583, 1000.000000000000000 ) ;
#247 = CARTESIAN_POINT ( 'NONE',  ( -9.799999999999995381, 13.20133359925598882, -10.20000000000000107 ) ) ;
#248 = LINE ( 'NONE', #2877, #5618 ) ;
#249 = EDGE_CURVE ( 'NONE', #6461, #3859, #8286, .T. ) ;
#250 = CARTESIAN_POINT ( 'NONE',  ( -9.799999999999995381, 11.20133359925598882, -1.000000000000000000 ) ) ;
#251 = CARTESIAN_POINT ( 'NONE',  ( 1.224390243902504727, 2.316839547302426805, -0.2000000000000000111 ) ) ;
#252 = CARTESIAN_POINT ( 'NONE',  ( -10.48292682926822827, 1.966991986326817043, -0.2000000000000000111 ) ) ;
#253 = FACE_OUTER_BOUND ( 'NONE', #4911, .T. ) ;
#254 = CARTESIAN_POINT ( 'NONE',  ( 0.3751584355530705461, 1.809679316610331767, -1.084202172485504434E-16 ) ) ;
#255 = VECTOR ( 'NONE', #4109, 1000.000000000000000 ) ;
#256 = ORIENTED_EDGE ( 'NONE', *, *, #4443, .F. ) ;
#257 = DIRECTION ( 'NONE',  ( -1.000000000000000000, 0.000000000000000000, -0.000000000000000000 ) ) ;
#258 = EDGE_LOOP ( 'NONE', ( #2334, #8568, #2497, #7968, #8226, #5984, #5105, #1528, #5089, #6508 ) ) ;
#259 = DIRECTION ( 'NONE',  ( -0.000000000000000000, -0.000000000000000000, -1.000000000000000000 ) ) ;
#260 = ADVANCED_FACE ( 'NONE', ( #8196 ), #2057, .F. ) ;
#261 = CARTESIAN_POINT ( 'NONE',  ( -1.060005893120057774, 4.034419757517220262, -5.421010862427522170E-17 ) ) ;
#262 = CARTESIAN_POINT ( 'NONE',  ( -5.079516933460583417, 0.2681396711987058534, 0.000000000000000000 ) ) ;
#263 = DIRECTION ( 'NONE',  ( 1.000000000000000000, 2.282530889443167515E-16, 0.000000000000000000 ) ) ;
#264 = CARTESIAN_POINT ( 'NONE',  ( -7.474158419418107435, 2.650294637957060218, -0.2000000000000000666 ) ) ;
#265 = PLANE ( 'NONE',  #677 ) ;
#266 = ORIENTED_EDGE ( 'NONE', *, *, #4841, .T. ) ;
#267 = VERTEX_POINT ( 'NONE', #8551 ) ;
#268 = ORIENTED_EDGE ( 'NONE', *, *, #1556, .F. ) ;
#269 = CARTESIAN_POINT ( 'NONE',  ( -10.48292682926822827, 1.966991986326817043, -2.710505431213761085E-17 ) ) ;
#270 = CARTESIAN_POINT ( 'NONE',  ( -9.368796295572385802, 0.2654152763807768323, -2.710505431213761085E-17 ) ) ;
#271 = DIRECTION ( 'NONE',  ( -0.000000000000000000, -0.000000000000000000, -1.000000000000000000 ) ) ;
#272 = CARTESIAN_POINT ( 'NONE',  ( -0.2382621951218869272, 0.2398578399853534826, -1.084202172485504434E-16 ) ) ;
#273 = CARTESIAN_POINT ( 'NONE',  ( 0.3870073716134367903, 2.615008198261032035, -0.2000000000000000111 ) ) ;
#274 = CARTESIAN_POINT ( 'NONE',  ( 4.694324922952930912, -5.822408242112043553, 5.332894443888950065 ) ) ;
#275 = EDGE_CURVE ( 'NONE', #7535, #915, #1738, .T. ) ;
#276 = ORIENTED_EDGE ( 'NONE', *, *, #4452, .F. ) ;
#277 = ADVANCED_FACE ( 'NONE', ( #8455 ), #1312, .F. ) ;
#279 = VERTEX_POINT ( 'NONE', #3032 ) ;
#278 = CARTESIAN_POINT ( 'NONE',  ( -10.40799172856306676, 1.443209151854097927, -1.626303258728256651E-16 ) ) ;
#280 = DIRECTION ( 'NONE',  ( -0.000000000000000000, 0.000000000000000000, 1.000000000000000000 ) ) ;
#281 = CARTESIAN_POINT ( 'NONE',  ( -8.192629255786231468, 1.243412422721812183, -2.710505431213761085E-17 ) ) ;
#282 = CARTESIAN_POINT ( 'NONE',  ( -7.436784533329104718, 1.586441787580735063, -0.2000000000000000666 ) ) ;
#283 = PLANE ( 'NONE',  #7522 ) ;
#284 = CARTESIAN_POINT ( 'NONE',  ( -5.751916760596876621, 3.556736974604682633, 0.000000000000000000 ) ) ;
#285 = DIRECTION ( 'NONE',  ( 0.000000000000000000, 0.000000000000000000, -1.000000000000000000 ) ) ;
#286 = CARTESIAN_POINT ( 'NONE',  ( -9.935439192253403107, 0.9964573704486985317, -2.710505431213761085E-17 ) ) ;
#287 = ORIENTED_EDGE ( 'NONE', *, *, #3081, .F. ) ;
#288 = EDGE_CURVE ( 'NONE', #7713, #7197, #8501, .T. ) ;
#289 = ORIENTED_EDGE ( 'NONE', *, *, #4066, .T. ) ;
#290 = CARTESIAN_POINT ( 'NONE',  ( 2.414717516674715014, 3.913276413418994792, -0.2000000000000000111 ) ) ;
#291 = CARTESIAN_POINT ( 'NONE',  ( 1.221207963093223992, 2.548682248097943415, -6.776263578034403945E-17 ) ) ;
#292 = DIRECTION ( 'NONE',  ( 1.000000000000000000, -0.000000000000000000, 0.000000000000000000 ) ) ;
#293 = LINE ( 'NONE', #3013, #4920 ) ;
#294 = CARTESIAN_POINT ( 'NONE',  ( 12.89999999999999858, -15.69999999999999929, -12.94999999999998863 ) ) ;
#295 = CARTESIAN_POINT ( 'NONE',  ( -0.7095694172998046056, 1.309962214237720302, -8.131516293641283255E-17 ) ) ;
#296 = CARTESIAN_POINT ( 'NONE',  ( 0.3951219512195770500, 2.286351742424377775, -0.2000000000000001221 ) ) ;
#297 = VERTEX_POINT ( 'NONE', #889 ) ;
#298 = EDGE_CURVE ( 'NONE', #2811, #460, #6101, .T. ) ;
#299 = PLANE ( 'NONE',  #3227 ) ;
#300 = EDGE_LOOP ( 'NONE', ( #5183, #6103, #379, #8010 ) ) ;
#301 = CARTESIAN_POINT ( 'NONE',  ( 2.551915862070389007, 3.978488971077451808, -0.2000000000000000389 ) ) ;
#302 = DIRECTION ( 'NONE',  ( 9.745637505487684696E-17, 1.000000000000000000, -0.000000000000000000 ) ) ;
#303 = CARTESIAN_POINT ( 'NONE',  ( -4.434146341463349295, 0.4494614985219388403, 0.000000000000000000 ) ) ;
#304 = CARTESIAN_POINT ( 'NONE',  ( -6.377921421609263675, 1.417553004502311254, 0.000000000000000000 ) ) ;
#305 = CARTESIAN_POINT ( 'NONE',  ( -5.629846448288924776, 4.332631996424152199, -2.710505431213761085E-17 ) ) ;
#306 = CARTESIAN_POINT ( 'NONE',  ( 17.80000000000000426, 13.20133359925599059, -16.50000000000000000 ) ) ;
#307 = ORIENTED_EDGE ( 'NONE', *, *, #177, .F. ) ;
#308 = EDGE_CURVE ( 'NONE', #5728, #5228, #6613, .T. ) ;
#309 = EDGE_LOOP ( 'NONE', ( #2654, #8182, #3700, #6810 ) ) ;
#310 = ORIENTED_EDGE ( 'NONE', *, *, #2182, .F. ) ;
#311 = CARTESIAN_POINT ( 'NONE',  ( -9.789900391901436905, 0.9736334591308278830, -0.2000000000000000389 ) ) ;
#312 = CARTESIAN_POINT ( 'NONE',  ( -7.321956281702570735, 3.162019883622511074, -0.2000000000000000111 ) ) ;
#313 = CARTESIAN_POINT ( 'NONE',  ( 6.879450486378559049, -6.581476711740719132, 1.734723475976807094E-15 ) ) ;
#314 = CARTESIAN_POINT ( 'NONE',  ( 0.000000000000000000, 0.000000000000000000, -7.800000000000000711 ) ) ;
#315 = CARTESIAN_POINT ( 'NONE',  ( 0.3398745332983227896, 3.030452397208966087, -0.2000000000000000111 ) ) ;
#316 = CARTESIAN_POINT ( 'NONE',  ( 6.700000000000003730, -13.19999999999999929, -8.799999999999998934 ) ) ;
#317 = EDGE_LOOP ( 'NONE', ( #8238, #4952, #6567, #990 ) ) ;
#319 = ORIENTED_EDGE ( 'NONE', *, *, #1894, .T. ) ;
#318 = CARTESIAN_POINT ( 'NONE',  ( -1.386912046047531266, 0.8687723259033082179, 0.000000000000000000 ) ) ;
#320 = CYLINDRICAL_SURFACE ( 'NONE', #3933, 2.000000000000000000 ) ;
#321 = CARTESIAN_POINT ( 'NONE',  ( -8.406941205763459379, 0.8020652634605823783, -0.2000000000000000111 ) ) ;
#322 = CARTESIAN_POINT ( 'NONE',  ( -6.179179060244236688, 0.3117689312024466419, -0.2000000000000000666 ) ) ;
#323 = CARTESIAN_POINT ( 'NONE',  ( -6.053167857827459919, 4.257654577362909087, 0.000000000000000000 ) ) ;
#324 = CARTESIAN_POINT ( 'NONE',  ( -0.8243902439023734763, 2.245193205839012052, -0.2000000000000000389 ) ) ;
#325 = LINE ( 'NONE', #241, #4202 ) ;
#326 = CARTESIAN_POINT ( 'NONE',  ( -1.519381339962306843, 1.180791088543580614, -0.2000000000000000111 ) ) ;
#327 = EDGE_CURVE ( 'NONE', #929, #999, #8772, .T. ) ;
#328 = CARTESIAN_POINT ( 'NONE',  ( -4.796811348701718991, 0.3192985148002455142, -0.2000000000000000111 ) ) ;
#329 = ORIENTED_EDGE ( 'NONE', *, *, #6470, .F. ) ;
#330 = ORIENTED_EDGE ( 'NONE', *, *, #1653, .F. ) ;
#331 = CARTESIAN_POINT ( 'NONE',  ( 2.571559879171558816, 3.986805932292392107, -0.2000000000000000111 ) ) ;
#332 = DIRECTION ( 'NONE',  ( -0.000000000000000000, -0.000000000000000000, 1.000000000000000000 ) ) ;
#333 = CARTESIAN_POINT ( 'NONE',  ( -10.48292682926822827, 1.966991986326817043, -0.2000000000000000111 ) ) ;
#334 = CARTESIAN_POINT ( 'NONE',  ( 0.5714933933504563468, 4.142785288942580024, -0.2000000000000000111 ) ) ;
#335 = CARTESIAN_POINT ( 'NONE',  ( -7.649873333299994194, -7.375133543765119093, -24.49303474050138618 ) ) ;
#336 = CARTESIAN_POINT ( 'NONE',  ( -0.4804389058232120813, 0.9583422048654681724, -8.131516293641283255E-17 ) ) ;
#337 = CARTESIAN_POINT ( 'NONE',  ( 0.3386187379590953062, 1.544422781668753242, -0.2000000000000001221 ) ) ;
#338 = EDGE_CURVE ( 'NONE', #7916, #2546, #4083, .T. ) ;
#339 = VERTEX_POINT ( 'NONE', #3343 ) ;
#340 = B_SPLINE_CURVE_WITH_KNOTS ( 'NONE', 3,
 ( #2623, #7328, #5314, #3919, #1332, #1200, #8094, #3385, #3206, #4635, #1958 ),
 .UNSPECIFIED., .F., .F.,
 ( 4, 1, 1, 1, 1, 1, 1, 1, 4 ),
 ( 0.000000000000000000, 0.1441052970052210114, 0.2814325990691562418, 0.4137665814935421738, 0.5412633507710824521, 0.6626265699592561731, 0.7796336414154723116, 0.8920367893129650394, 1.000000000000000000 ),
 .UNSPECIFIED. ) ;
#341 = PLANE ( 'NONE',  #4793 ) ;
#342 = B_SPLINE_SURFACE_WITH_KNOTS ( 'NONE', 3, 1, ( 
 ( #2964, #8429 ),
 ( #2293, #1536 ),
 ( #7034, #8471 ),
 ( #4262, #5019 ),
 ( #328, #7799 ),
 ( #7752, #2332 ),
 ( #5061, #1616 ),
 ( #4343, #7076 ),
 ( #1666, #7127 ),
 ( #998, #3048 ),
 ( #5771, #4439 ) ),
 .UNSPECIFIED., .F., .F., .F.,
 ( 4, 1, 1, 1, 1, 1, 1, 1, 4 ),
 ( 2, 2 ),
 ( 0.000000000000000000, 0.1057145932496834639, 0.2162443715654720211, 0.3320845664999239055, 0.4527412241643050117, 0.5802240250487439299, 0.7135479652290485086, 0.8529378683857120613, 1.000000000000000000 ),
 ( 0.000000000000000000, 1.000000000000000000 ),
 .UNSPECIFIED. ) ;
#343 = ORIENTED_EDGE ( 'NONE', *, *, #3975, .T. ) ;
#344 = DIRECTION ( 'NONE',  ( -1.000000000000000000, 1.562831776442509002E-16, -0.000000000000000000 ) ) ;
#345 = CARTESIAN_POINT ( 'NONE',  ( 6.227808503120348504, -6.581476711740719132, 0.000000000000000000 ) ) ;
#346 = LINE ( 'NONE', #7098, #3931 ) ;
#347 = CARTESIAN_POINT ( 'NONE',  ( -6.501970990207547096, 1.625484009847741218, 0.000000000000000000 ) ) ;
#348 = CARTESIAN_POINT ( 'NONE',  ( -7.507317073170667321, 2.204034669253646328, -2.710505431213761085E-17 ) ) ;
#349 = VECTOR ( 'NONE', #4511, 1000.000000000000000 ) ;
#350 = EDGE_CURVE ( 'NONE', #3880, #2410, #6706, .T. ) ;
#351 = PLANE ( 'NONE',  #3526 ) ;
#352 = VERTEX_POINT ( 'NONE', #1258 ) ;
#353 = ORIENTED_EDGE ( 'NONE', *, *, #8294, .F. ) ;
#354 = VECTOR ( 'NONE', #7213, 1000.000000000000000 ) ;
#355 = ORIENTED_EDGE ( 'NONE', *, *, #275, .T. ) ;
#356 = CARTESIAN_POINT ( 'NONE',  ( -9.728132794451679999, 0.9722679662604762907, -0.2000000000000000389 ) ) ;
#357 = CARTESIAN_POINT ( 'NONE',  ( -8.406941205763459379, 0.8020652634605823783, -2.710505431213761085E-17 ) ) ;
#358 = CARTESIAN_POINT ( 'NONE',  ( 6.227808503120348504, -5.822408242112043553, 0.000000000000000000 ) ) ;
#359 = CARTESIAN_POINT ( 'NONE',  ( 3.450000000000004174, -6.200000000000001066, 1.200000000000001510 ) ) ;
#360 = EDGE_CURVE ( 'NONE', #8524, #7421, #5407, .T. ) ;
#361 = AXIS2_PLACEMENT_3D ( 'NONE', #7096, #6421, #5741 ) ;
#362 = CARTESIAN_POINT ( 'NONE',  ( -5.188031907773310358, 3.601311306514596300, -0.2000000000000000666 ) ) ;
#363 = VECTOR ( 'NONE', #6936, 1000.000000000000000 ) ;
#364 = CARTESIAN_POINT ( 'NONE',  ( 4.694324922952930912, -5.822408242112043553, -0.2000000000000000111 ) ) ;
#365 = ORIENTED_EDGE ( 'NONE', *, *, #1974, .F. ) ;
#366 = CARTESIAN_POINT ( 'NONE',  ( -8.968082457676420205, 1.512377416868027291, 0.000000000000000000 ) ) ;
#367 = CARTESIAN_POINT ( 'NONE',  ( -9.223628740046214247, 1.105367667589919778, 0.000000000000000000 ) ) ;
#368 = AXIS2_PLACEMENT_3D ( 'NONE', #6109, #7550, #6908 ) ;
#369 = CARTESIAN_POINT ( 'NONE',  ( -9.368796295572385802, 0.2654152763807768323, -0.2000000000000000111 ) ) ;
#370 = VECTOR ( 'NONE', #2956, 1000.000000000000000 ) ;
#371 = CARTESIAN_POINT ( 'NONE',  ( -0.0005536822917886563902, 0.2545865302140629116, -0.2000000000000000389 ) ) ;
#372 = CARTESIAN_POINT ( 'NONE',  ( -6.772072668899538961, 3.882350988807163450, -0.2000000000000000111 ) ) ;
#373 = DIRECTION ( 'NONE',  ( 0.000000000000000000, 0.000000000000000000, 1.000000000000000000 ) ) ;
#374 = CARTESIAN_POINT ( 'NONE',  ( 12.40000000000000391, -8.800000000000002487, 0.000000000000000000 ) ) ;
#375 = CARTESIAN_POINT ( 'NONE',  ( -1.602399416618244476, 2.923672202434309142, -2.710505431213761085E-17 ) ) ;
#376 = DIRECTION ( 'NONE',  ( 1.000000000000000000, 0.000000000000000000, 0.000000000000000000 ) ) ;
#377 = AXIS2_PLACEMENT_3D ( 'NONE', #64, #5387, #4129 ) ;
#378 = VECTOR ( 'NONE', #1444, 1000.000000000000000 ) ;
#379 = ORIENTED_EDGE ( 'NONE', *, *, #3411, .T. ) ;
#380 = EDGE_LOOP ( 'NONE', ( #1852, #2707, #4816, #1617 ) ) ;
#381 = CARTESIAN_POINT ( 'NONE',  ( -11.30801209514899419, 1.387598482277768941, 2.710505431213761085E-17 ) ) ;
#382 = CARTESIAN_POINT ( 'NONE',  ( -9.165190260387808152, 1.153964883111322504, -0.2000000000000000111 ) ) ;
#383 = VECTOR ( 'NONE', #7075, 1000.000000000000000 ) ;
#384 = CARTESIAN_POINT ( 'NONE',  ( 1.221014937821819135, 2.079747171191584254, -2.710505431213761085E-17 ) ) ;
#385 = CARTESIAN_POINT ( 'NONE',  ( -2.239024390243838258, 1.508150522912182767, 0.000000000000000000 ) ) ;
#386 = CARTESIAN_POINT ( 'NONE',  ( 6.879450486378559049, -4.290105172783861498, -0.2000000000000000111 ) ) ;
#387 = DIRECTION ( 'NONE',  ( 1.000000000000000000, -0.000000000000000000, 0.000000000000000000 ) ) ;
#388 = CARTESIAN_POINT ( 'NONE',  ( -9.799999999999995381, 11.20133359925598882, -1.000000000000000000 ) ) ;
#389 = CIRCLE ( 'NONE', #3387, 1.749999999999999778 ) ;
#390 = VERTEX_POINT ( 'NONE', #3842 ) ;
#391 = EDGE_CURVE ( 'NONE', #8061, #5228, #452, .T. ) ;
#392 = FACE_OUTER_BOUND ( 'NONE', #7745, .T. ) ;
#393 = ADVANCED_FACE ( 'NONE', ( #5890 ), #7972, .F. ) ;
#394 = ORIENTED_EDGE ( 'NONE', *, *, #4753, .T. ) ;
#395 = CARTESIAN_POINT ( 'NONE',  ( -0.3338660597349740744, 4.332888016728503544, -0.2000000000000000666 ) ) ;
#396 = CARTESIAN_POINT ( 'NONE',  ( 3.700000000000005507, 13.20133359925599059, -2.999999999999999112 ) ) ;
#397 = VECTOR ( 'NONE', #6791, 1000.000000000000000 ) ;
#398 = DIRECTION ( 'NONE',  ( 0.000000000000000000, 0.000000000000000000, -1.000000000000000000 ) ) ;
#399 = CARTESIAN_POINT ( 'NONE',  ( 6.227808503120348504, -5.822408242112043553, -0.2000000000000000111 ) ) ;
#400 = LINE ( 'NONE', #4200, #363 ) ;
#401 = B_SPLINE_CURVE_WITH_KNOTS ( 'NONE', 3,
 ( #6252, #6972, #716, #4278, #4190, #1386, #4822, #6160, #7560, #4773, #136, #6922, #1425, #5540, #7010, #2853, #5613, #2180 ),
 .UNSPECIFIED., .F., .F.,
 ( 4, 2, 2, 2, 2, 2, 2, 2, 4 ),
 ( 0.000000000000000000, 0.0003362440141780320951, 0.0006724880283560641901, 0.001008732042534096285, 0.001344976056712128380, 0.001681220070890160475, 0.002017464085068192570, 0.002353708099246224449, 0.002689952113424256760 ),
 .UNSPECIFIED. ) ;
#402 = CARTESIAN_POINT ( 'NONE',  ( 17.80000000000000426, 13.20133359925599059, -16.50000000000000000 ) ) ;
#403 = ORIENTED_EDGE ( 'NONE', *, *, #3675, .F. ) ;
#404 = AXIS2_PLACEMENT_3D ( 'NONE', #883, #6973, #4998 ) ;
#405 = ORIENTED_EDGE ( 'NONE', *, *, #2555, .F. ) ;
#406 = EDGE_CURVE ( 'NONE', #3753, #1504, #1164, .T. ) ;
#407 = ORIENTED_EDGE ( 'NONE', *, *, #2995, .T. ) ;
#408 = CARTESIAN_POINT ( 'NONE',  ( -10.37446226449583264, 1.360757283638088122, -0.2000000000000000389 ) ) ;
#409 = CARTESIAN_POINT ( 'NONE',  ( -8.878645238981889065, 0.4098949918497432621, -0.2000000000000000111 ) ) ;
#410 = CARTESIAN_POINT ( 'NONE',  ( -9.790282824204604495, 12.60052523055713181, -1.000000000000000000 ) ) ;
#411 = CARTESIAN_POINT ( 'NONE',  ( -14.40000000000000568, -14.20000000000000639, -14.69999999999998863 ) ) ;
#412 = DIRECTION ( 'NONE',  ( 0.000000000000000000, -1.000000000000000000, 0.000000000000000000 ) ) ;
#413 = CARTESIAN_POINT ( 'NONE',  ( 9.700000000000002842, 0.0006667996279938886994, -7.800000000000000711 ) ) ;
#414 = ORIENTED_EDGE ( 'NONE', *, *, #6984, .T. ) ;
#415 = CARTESIAN_POINT ( 'NONE',  ( -10.48134821031847075, 1.848933672500449266, -0.2000000000000000111 ) ) ;
#416 = EDGE_CURVE ( 'NONE', #8854, #7816, #5360, .T. ) ;
#417 = CARTESIAN_POINT ( 'NONE',  ( 9.700000000000004619, -13.20000000000000107, -7.799999999999998934 ) ) ;
#418 = CARTESIAN_POINT ( 'NONE',  ( 0.3951219512195770500, 2.286351742424377775, -2.710505431213761085E-17 ) ) ;
#419 = CARTESIAN_POINT ( 'NONE',  ( -7.502542358611248297, 1.989741735138328416, -2.710505431213761085E-17 ) ) ;
#420 = CARTESIAN_POINT ( 'NONE',  ( -7.474158419418107435, 2.650294637957060218, 0.000000000000000000 ) ) ;
#421 = CARTESIAN_POINT ( 'NONE',  ( -11.36097560975603216, 1.973851742424377997, -0.1999999999999999278 ) ) ;
#422 = LINE ( 'NONE', #6585, #218 ) ;
#423 = CARTESIAN_POINT ( 'NONE',  ( -1.651086957030188929, 1.989313122368417952, -0.2000000000000000111 ) ) ;
#424 = CARTESIAN_POINT ( 'NONE',  ( -13.50000000000000533, -14.19999999999999929, -14.69999999999998863 ) ) ;
#425 = ORIENTED_EDGE ( 'NONE', *, *, #2033, .T. ) ;
#426 = VERTEX_POINT ( 'NONE', #8689 ) ;
#427 = EDGE_CURVE ( 'NONE', #4860, #5709, #4612, .T. ) ;
#428 = CARTESIAN_POINT ( 'NONE',  ( -12.79999999999993499, 8.850000000000040501, -12.00156211871642320 ) ) ;
#429 = CARTESIAN_POINT ( 'NONE',  ( -8.922509113595447516, 1.891771161980506211, -0.2000000000000000111 ) ) ;
#430 = CARTESIAN_POINT ( 'NONE',  ( 0.3890364478340873622, 0.3725950251995903129, -2.710505431213761085E-17 ) ) ;
#431 = CARTESIAN_POINT ( 'NONE',  ( -4.657777741524378179, 1.107566443935680489, -0.2000000000000000111 ) ) ;
#432 = CARTESIAN_POINT ( 'NONE',  ( -7.214331220220034702, 1.064524440280507189, 2.710505431213761085E-17 ) ) ;
#433 = CARTESIAN_POINT ( 'NONE',  ( 0.7522077583110380328, 0.6536840088736454168, 0.000000000000000000 ) ) ;
#434 = DIRECTION ( 'NONE',  ( -1.000000000000000000, 0.000000000000000000, -0.000000000000000000 ) ) ;
#435 = EDGE_LOOP ( 'NONE', ( #1215, #3561, #5875, #7734 ) ) ;
#436 = DIRECTION ( 'NONE',  ( -0.000000000000000000, -0.000000000000000000, -1.000000000000000000 ) ) ;
#437 = ORIENTED_EDGE ( 'NONE', *, *, #4535, .T. ) ;
#438 = CARTESIAN_POINT ( 'NONE',  ( -6.349396752478422279, 3.159399002350139707, -0.2000000000000000389 ) ) ;
#439 = CARTESIAN_POINT ( 'NONE',  ( -0.8240670752858110237, 2.304147015176464475, 2.710505431213761085E-17 ) ) ;
#440 = CARTESIAN_POINT ( 'NONE',  ( -5.623514761011790597, 3.585193404641508597, -0.1999999999999999833 ) ) ;
#441 = CARTESIAN_POINT ( 'NONE',  ( 6.879450486378559049, -8.113779781068901187, -0.2000000000000000111 ) ) ;
#442 = CARTESIAN_POINT ( 'NONE',  ( -7.502366979223981325, 2.430671819188302329, -0.2000000000000000666 ) ) ;
#443 = LINE ( 'NONE', #5224, #5357 ) ;
#444 = B_SPLINE_CURVE_WITH_KNOTS ( 'NONE', 3,
 ( #5862, #3100, #1136, #1039, #3856, #7266, #1178, #560, #1849, #466, #4478, #7214, #3186, #4613, #7309, #2516, #5905, #7351, #5250 ),
 .UNSPECIFIED., .F., .F.,
 ( 4, 1, 1, 1, 1, 1, 1, 1, 1, 1, 1, 1, 1, 1, 1, 1, 4 ),
 ( 0.000000000000000000, 0.06829530759195533152, 0.1338722888349734574, 0.1972425717034613224, 0.2590429956733958372, 0.3197453833583545069, 0.3798670893547900773, 0.4405902187777475110, 0.5021001118074178704, 0.5635464641333052249, 0.6239891921254723250, 0.6838667489231174956, 0.7441336168292124187, 0.8051451265305925586, 0.8676797404855067786, 0.9326108213592779750, 1.000000000000000000 ),
 .UNSPECIFIED. ) ;
#445 = CARTESIAN_POINT ( 'NONE',  ( -7.502542358611248297, 1.989741735138328416, -0.2000000000000000111 ) ) ;
#446 = EDGE_CURVE ( 'NONE', #529, #8751, #6207, .T. ) ;
#447 = VERTEX_POINT ( 'NONE', #4057 ) ;
#448 = EDGE_LOOP ( 'NONE', ( #1618, #1421, #7235, #3432 ) ) ;
#449 = B_SPLINE_CURVE_WITH_KNOTS ( 'NONE', 3,
 ( #4550, #8095, #6607, #7329, #3920, #7504, #8310, #6154, #6961, #4856, #2804, #6283 ),
 .UNSPECIFIED., .F., .F.,
 ( 4, 2, 2, 2, 2, 4 ),
 ( 0.000000000000000000, 0.0002528003418134084886, 0.0005056006836268169772, 0.0007584010254402255742, 0.0008848011963469292222, 0.001011201367253632870 ),
 .UNSPECIFIED. ) ;
#450 = ORIENTED_EDGE ( 'NONE', *, *, #953, .T. ) ;
#451 = LINE ( 'NONE', #5987, #6800 ) ;
#452 = LINE ( 'NONE', #1917, #499 ) ;
#453 = LINE ( 'NONE', #358, #8664 ) ;
#454 = CARTESIAN_POINT ( 'NONE',  ( -5.395323056358876102, 3.604458188797093676, -0.2000000000000000111 ) ) ;
#455 = DIRECTION ( 'NONE',  ( 0.000000000000000000, -1.000000000000000000, 0.000000000000000000 ) ) ;
#456 = ADVANCED_FACE ( 'NONE', ( #4862 ), #800, .T. ) ;
#457 = CARTESIAN_POINT ( 'NONE',  ( -1.233269744144836144, 3.853739683486940404, -0.2000000000000000944 ) ) ;
#458 = ORIENTED_EDGE ( 'NONE', *, *, #3662, .T. ) ;
#459 = CARTESIAN_POINT ( 'NONE',  ( -0.4090999778195409387, 3.654060772601384066, -0.2000000000000000111 ) ) ;
#460 = VERTEX_POINT ( 'NONE', #715 ) ;
#461 = CARTESIAN_POINT ( 'NONE',  ( 0.05701824514861467824, 0.9613594606275667198, -2.710505431213761085E-17 ) ) ;
#462 = CARTESIAN_POINT ( 'NONE',  ( 0.3444709571893614375, 0.3485594354431831299, -0.2000000000000000111 ) ) ;
#463 = CARTESIAN_POINT ( 'NONE',  ( -7.429084229077001389, 2.859560875919307410, -0.2000000000000000111 ) ) ;
#464 = CARTESIAN_POINT ( 'NONE',  ( -8.921951219512131104, 4.288638327790232019, -0.2000000000000000111 ) ) ;
#465 = CARTESIAN_POINT ( 'NONE',  ( -9.800000000000009592, -8.550000000000032685, -1.000000000000000000 ) ) ;
#466 = CARTESIAN_POINT ( 'NONE',  ( -6.922848869674990802, 3.742100163286586234, 0.000000000000000000 ) ) ;
#467 = EDGE_CURVE ( 'NONE', #3158, #591, #5612, .T. ) ;
#468 = DIRECTION ( 'NONE',  ( 0.000000000000000000, 0.000000000000000000, 1.000000000000000000 ) ) ;
#469 = ORIENTED_EDGE ( 'NONE', *, *, #2893, .T. ) ;
#470 = EDGE_LOOP ( 'NONE', ( #7954, #8075 ) ) ;
#471 = CARTESIAN_POINT ( 'NONE',  ( 2.571559879171558816, 3.986805932292392107, 0.000000000000000000 ) ) ;
#472 = CARTESIAN_POINT ( 'NONE',  ( 0.07146167309213803664, 4.323741167521736095, -2.710505431213760469E-17 ) ) ;
#473 = DIRECTION ( 'NONE',  ( -0.000000000000000000, 0.000000000000000000, 1.000000000000000000 ) ) ;
#474 = LINE ( 'NONE', #3108, #3496 ) ;
#475 = LINE ( 'NONE', #2575, #6504 ) ;
#476 = CARTESIAN_POINT ( 'NONE',  ( -6.583429820965608137, 2.681937144265460038, 0.000000000000000000 ) ) ;
#477 = DIRECTION ( 'NONE',  ( 0.000000000000000000, 0.000000000000000000, -1.000000000000000000 ) ) ;
#478 = EDGE_CURVE ( 'NONE', #5484, #7219, #6308, .T. ) ;
#479 = ORIENTED_EDGE ( 'NONE', *, *, #7230, .F. ) ;
#480 = CARTESIAN_POINT ( 'NONE',  ( 6.879450486378557272, -1.849989268083281901, 0.000000000000000000 ) ) ;
#481 = ORIENTED_EDGE ( 'NONE', *, *, #2264, .T. ) ;
#482 = CARTESIAN_POINT ( 'NONE',  ( -6.580470881658826876, 2.693917183258258685, -0.2000000000000001221 ) ) ;
#483 = CARTESIAN_POINT ( 'NONE',  ( -8.484817092043106967, 0.7105250080946425850, -0.2000000000000000111 ) ) ;
#484 = CARTESIAN_POINT ( 'NONE',  ( -9.182474282141441790, 0.3001091738774905870, -0.2000000000000000389 ) ) ;
#485 = LINE ( 'NONE', #7375, #7800 ) ;
#486 = APPLICATION_PROTOCOL_DEFINITION ( 'international standard', 'config_control_design', 1994, #3112 ) ;
#487 = CARTESIAN_POINT ( 'NONE',  ( -6.377921421609263675, 1.417553004502311254, -8.131516293641283255E-17 ) ) ;
#488 = FACE_OUTER_BOUND ( 'NONE', #7332, .T. ) ;
#489 = ORIENTED_EDGE ( 'NONE', *, *, #8246, .T. ) ;
#490 = EDGE_LOOP ( 'NONE', ( #310, #3283, #7852, #3050 ) ) ;
#491 = ORIENTED_EDGE ( 'NONE', *, *, #6419, .F. ) ;
#492 = DIRECTION ( 'NONE',  ( 9.745637505487682231E-17, 1.000000000000000000, 0.000000000000000000 ) ) ;
#493 = EDGE_CURVE ( 'NONE', #5608, #1963, #8461, .T. ) ;
#494 = CARTESIAN_POINT ( 'NONE',  ( -10.20499634810044931, 0.2771131939197901684, -0.2000000000000000944 ) ) ;
#495 = DIRECTION ( 'NONE',  ( 9.745637505487682231E-17, 1.000000000000000000, 0.000000000000000000 ) ) ;
#496 = CARTESIAN_POINT ( 'NONE',  ( -6.495196441223255235, 2.924956708823938101, -0.2000000000000000111 ) ) ;
#497 = LINE ( 'NONE', #5099, #3518 ) ;
#498 = CARTESIAN_POINT ( 'NONE',  ( -1.649666572342072479, 2.469241723476877759, -0.2000000000000000389 ) ) ;
#499 = VECTOR ( 'NONE', #3170, 1000.000000000000000 ) ;
#500 = EDGE_LOOP ( 'NONE', ( #5935, #3814, #6348, #70, #5962, #703, #3597 ) ) ;
#501 = CARTESIAN_POINT ( 'NONE',  ( -0.7643602845820210989, 3.011058600752143821, -0.2000000000000000111 ) ) ;
#502 = ORIENTED_EDGE ( 'NONE', *, *, #3878, .T. ) ;
#503 = CARTESIAN_POINT ( 'NONE',  ( -9.755030487804813077, 0.2398578399853534548, -0.2000000000000000111 ) ) ;
#504 = EDGE_CURVE ( 'NONE', #4493, #8282, #1424, .T. ) ;
#505 = EDGE_CURVE ( 'NONE', #829, #8061, #8356, .T. ) ;
#506 = CARTESIAN_POINT ( 'NONE',  ( 0.06651306725887237703, 3.615912087738197389, -2.710505431213761085E-17 ) ) ;
#507 = VECTOR ( 'NONE', #7406, 1000.000000000000000 ) ;
#508 = VECTOR ( 'NONE', #863, 1000.000000000000000 ) ;
#509 = DIRECTION ( 'NONE',  ( -0.000000000000000000, -0.000000000000000000, 1.000000000000000000 ) ) ;
#510 = CARTESIAN_POINT ( 'NONE',  ( -4.751456457513386411, 3.511628895562767916, -0.2000000000000000389 ) ) ;
#511 = CARTESIAN_POINT ( 'NONE',  ( -8.092682926829203538, 2.020345644863402068, -0.1000000000000000056 ) ) ;
#512 = CARTESIAN_POINT ( 'NONE',  ( -1.653658536585301375, 2.224613937546329634, -2.710505431213761085E-17 ) ) ;
#513 = CARTESIAN_POINT ( 'NONE',  ( -10.48292682926822827, 4.288638327790232019, 0.000000000000000000 ) ) ;
#514 = VECTOR ( 'NONE', #6288, 1000.000000000000000 ) ;
#515 = VECTOR ( 'NONE', #1102, 1000.000000000000000 ) ;
#516 = VERTEX_POINT ( 'NONE', #4364 ) ;
#517 = ORIENTED_EDGE ( 'NONE', *, *, #1474, .F. ) ;
#518 = CARTESIAN_POINT ( 'NONE',  ( -1.650109999925676307, 2.469298144541687279, 0.000000000000000000 ) ) ;
#519 = ADVANCED_FACE ( 'NONE', ( #7690 ), #3070, .F. ) ;
#520 = FACE_OUTER_BOUND ( 'NONE', #7289, .T. ) ;
#521 = CARTESIAN_POINT ( 'NONE',  ( -0.1605182926828624401, 4.337418815595110111, -2.710505431213761085E-17 ) ) ;
#522 = CARTESIAN_POINT ( 'NONE',  ( 0.7522077583110380328, 0.6536840088736454168, -2.710505431213761085E-17 ) ) ;
#523 = CARTESIAN_POINT ( 'NONE',  ( -8.921951219512131104, 1.930406620473158474, -0.2000000000000000111 ) ) ;
#524 = CARTESIAN_POINT ( 'NONE',  ( -7.436784533329104718, 1.586441787580735063, 2.710505431213761085E-17 ) ) ;
#525 = VECTOR ( 'NONE', #7996, 1000.000000000000000 ) ;
#526 = CARTESIAN_POINT ( 'NONE',  ( -6.583429820965608137, 2.681937144265460038, -0.2000000000000000111 ) ) ;
#527 = CARTESIAN_POINT ( 'NONE',  ( -4.642661237614196246, 4.253530597715828421, -2.710505431213761085E-17 ) ) ;
#528 = AXIS2_PLACEMENT_3D ( 'NONE', #2304, #6247, #131 ) ;
#529 = VERTEX_POINT ( 'NONE', #7188 ) ;
#530 = VECTOR ( 'NONE', #8727, 1000.000000000000000 ) ;
#531 = CARTESIAN_POINT ( 'NONE',  ( -0.2092987804877405322, 0.8740041814487681249, -0.2000000000000000389 ) ) ;
#532 = AXIS2_PLACEMENT_3D ( 'NONE', #1433, #2771, #4781 ) ;
#533 = ADVANCED_FACE ( 'NONE', ( #6422 ), #2665, .F. ) ;
#534 = ORIENTED_EDGE ( 'NONE', *, *, #7674, .F. ) ;
#535 = LINE ( 'NONE', #6603, #117 ) ;
#536 = CARTESIAN_POINT ( 'NONE',  ( -0.7862345846839622343, 2.879776771773709942, 2.710505431213761085E-17 ) ) ;
#537 = CARTESIAN_POINT ( 'NONE',  ( -5.872366918150901505, 3.514778257636546943, 2.710505431213761085E-17 ) ) ;
#538 = CARTESIAN_POINT ( 'NONE',  ( 1.133922300079146295, 1.438509011335515453, -0.2000000000000000111 ) ) ;
#539 = CARTESIAN_POINT ( 'NONE',  ( -13.50000000000000178, 14.20133359925599414, -14.69999999999998863 ) ) ;
#540 = CARTESIAN_POINT ( 'NONE',  ( -6.300141379158974431, 1.325361508627000529, -0.2000000000000000389 ) ) ;
#541 = AXIS2_PLACEMENT_3D ( 'NONE', #1624, #2923, #873 ) ;
#542 = ORIENTED_EDGE ( 'NONE', *, *, #6480, .F. ) ;
#543 = VERTEX_POINT ( 'NONE', #1552 ) ;
#544 = VECTOR ( 'NONE', #3026, 1000.000000000000000 ) ;
#545 = DIRECTION ( 'NONE',  ( -9.745637505487680998E-17, -1.000000000000000000, -0.000000000000000000 ) ) ;
#546 = CARTESIAN_POINT ( 'NONE',  ( -0.7063424028929420340, 3.239737299423691930, 0.000000000000000000 ) ) ;
#547 = LINE ( 'NONE', #2552, #1081 ) ;
#548 = CARTESIAN_POINT ( 'NONE',  ( 10.20000000000000639, -9.200000000000002842, -1.000000000000000000 ) ) ;
#549 = CARTESIAN_POINT ( 'NONE',  ( 6.879450486378557272, -1.849989268083281901, 0.000000000000000000 ) ) ;
#550 = CARTESIAN_POINT ( 'NONE',  ( -8.968082457676420205, 1.512377416868027291, -0.2000000000000000111 ) ) ;
#551 = VECTOR ( 'NONE', #2102, 1000.000000000000000 ) ;
#552 = ORIENTED_EDGE ( 'NONE', *, *, #4100, .T. ) ;
#553 = CARTESIAN_POINT ( 'NONE',  ( -9.800000000000009592, -11.20000000000000462, -2.999999999999999112 ) ) ;
#554 = ORIENTED_EDGE ( 'NONE', *, *, #5275, .T. ) ;
#555 = DIRECTION ( 'NONE',  ( 1.000000000000000000, 0.000000000000000000, -0.000000000000000000 ) ) ;
#556 = CARTESIAN_POINT ( 'NONE',  ( 0.1190366581657901351, 3.564527628796186676, -2.710505431213761085E-17 ) ) ;
#557 = CARTESIAN_POINT ( 'NONE',  ( 2.722755433379802970, 4.065551786606570239, 0.000000000000000000 ) ) ;
#558 = CARTESIAN_POINT ( 'NONE',  ( -4.980369307077385344, 3.572921834517083894, -2.710505431213761085E-17 ) ) ;
#559 = CARTESIAN_POINT ( 'NONE',  ( -5.567493911366273807, -6.199999999999999289, -1.000000000000000000 ) ) ;
#560 = CARTESIAN_POINT ( 'NONE',  ( -7.179945397077235114, 3.422273462091831142, 0.000000000000000000 ) ) ;
#561 = CARTESIAN_POINT ( 'NONE',  ( -0.2188176068839543797, 3.702435335660405169, -0.2000000000000000111 ) ) ;
#562 = EDGE_CURVE ( 'NONE', #6012, #2117, #7009, .T. ) ;
#563 = EDGE_CURVE ( 'NONE', #8021, #7277, #4062, .T. ) ;
#564 = EDGE_LOOP ( 'NONE', ( #7150, #1723, #7803, #6176, #3341, #1817 ) ) ;
#565 = ORIENTED_EDGE ( 'NONE', *, *, #4204, .T. ) ;
#566 = CARTESIAN_POINT ( 'NONE',  ( -8.921951219512131104, 4.288638327790232019, -0.2000000000000000111 ) ) ;
#567 = CARTESIAN_POINT ( 'NONE',  ( 2.834146341463480212, 3.393059059497549157, -0.2000000000000000111 ) ) ;
#568 = PLANE ( 'NONE',  #8096 ) ;
#569 = CARTESIAN_POINT ( 'NONE',  ( -5.143014514160813455, 0.9854253135744807102, 0.000000000000000000 ) ) ;
#570 = CARTESIAN_POINT ( 'NONE',  ( -6.191426585693163176, 3.322818683960520936, -0.2000000000000000111 ) ) ;
#571 = B_SPLINE_SURFACE_WITH_KNOTS ( 'NONE', 3, 1, ( 
 ( #8860, #4310 ),
 ( #2342, #6415 ),
 ( #8396, #6459 ),
 ( #8532, #1008 ),
 ( #5736, #8482 ),
 ( #7138, #874 ),
 ( #7042, #7003 ),
 ( #1051, #5073 ),
 ( #4356, #914 ),
 ( #5028, #8576 ),
 ( #1586, #7813 ) ),
 .UNSPECIFIED., .F., .F., .F.,
 ( 4, 1, 1, 1, 1, 1, 1, 1, 4 ),
 ( 2, 2 ),
 ( 0.000000000000000000, 0.1060828463567783791, 0.2222888227378322090, 0.3495024409521451103, 0.4881006216290098010, 0.6277218319895779830, 0.7592476519109182531, 0.8831516256485927308, 1.000000000000000000 ),
 ( 0.000000000000000000, 1.000000000000000000 ),
 .UNSPECIFIED. ) ;
#572 = EDGE_CURVE ( 'NONE', #761, #5404, #4317, .T. ) ;
#573 = ORIENTED_EDGE ( 'NONE', *, *, #3860, .F. ) ;
#574 = LINE ( 'NONE', #4044, #1371 ) ;
#575 = ORIENTED_EDGE ( 'NONE', *, *, #8577, .F. ) ;
#576 = PLANE ( 'NONE',  #6685 ) ;
#577 = DIRECTION ( 'NONE',  ( -1.000000000000000000, 9.745637505487682231E-17, -0.000000000000000000 ) ) ;
#578 = CARTESIAN_POINT ( 'NONE',  ( -6.628404504019760779, 2.314614445547098498, -0.1999999999999999833 ) ) ;
#579 = DIRECTION ( 'NONE',  ( 0.000000000000000000, -1.000000000000000000, 0.000000000000000000 ) ) ;
#580 = DIRECTION ( 'NONE',  ( 0.000000000000000000, 1.000000000000000000, 0.000000000000000000 ) ) ;
#581 = EDGE_CURVE ( 'NONE', #955, #5253, #2352, .T. ) ;
#582 = ORIENTED_EDGE ( 'NONE', *, *, #298, .T. ) ;
#583 = EDGE_LOOP ( 'NONE', ( #3177, #6042, #5729, #5328 ) ) ;
#584 = DIRECTION ( 'NONE',  ( 0.000000000000000000, 1.000000000000000000, 0.000000000000000000 ) ) ;
#585 = DIRECTION ( 'NONE',  ( -0.000000000000000000, -0.000000000000000000, 1.000000000000000000 ) ) ;
#586 = DIRECTION ( 'NONE',  ( 1.000000000000000000, -9.745637505487682231E-17, 0.000000000000000000 ) ) ;
#587 = FACE_BOUND ( 'NONE', #6005, .T. ) ;
#588 = CARTESIAN_POINT ( 'NONE',  ( 0.3758616441350743909, 2.764519982414732624, -0.2000000000000000111 ) ) ;
#589 = EDGE_CURVE ( 'NONE', #2385, #5844, #921, .T. ) ;
#590 = DIRECTION ( 'NONE',  ( 0.000000000000000000, 1.000000000000000000, 0.000000000000000000 ) ) ;
#591 = VERTEX_POINT ( 'NONE', #6561 ) ;
#592 = CARTESIAN_POINT ( 'NONE',  ( -0.4090999778195409387, 3.654060772601384066, -1.897353801849632760E-16 ) ) ;
#593 = EDGE_LOOP ( 'NONE', ( #5950, #5041, #640, #7173 ) ) ;
#594 = CARTESIAN_POINT ( 'NONE',  ( -8.192629255786231468, 1.243412422721812183, -0.2000000000000000111 ) ) ;
#595 = CARTESIAN_POINT ( 'NONE',  ( -4.755504394257282108, 4.279096580841416753, 0.000000000000000000 ) ) ;
#596 = CARTESIAN_POINT ( 'NONE',  ( -4.434146341463349295, 3.361809059497548713, 8.131516293641283255E-17 ) ) ;
#597 = CARTESIAN_POINT ( 'NONE',  ( -5.668455463024437258, 0.9914638732598725079, -0.2000000000000000111 ) ) ;
#598 = CARTESIAN_POINT ( 'NONE',  ( -10.48131038133707094, 1.846104601077716456, -0.1999999999999999001 ) ) ;
#599 = CARTESIAN_POINT ( 'NONE',  ( -1.363901719097407428, 3.650915045838791784, -2.710505431213761085E-17 ) ) ;
#600 = CARTESIAN_POINT ( 'NONE',  ( 1.209717175795395283, 8.800525230557134648, -1.000000000000000000 ) ) ;
#601 = ORIENTED_EDGE ( 'NONE', *, *, #5437, .T. ) ;
#602 = VERTEX_POINT ( 'NONE', #1197 ) ;
#603 = CARTESIAN_POINT ( 'NONE',  ( 0.000000000000000000, 0.000000000000000000, -0.2000000000000000111 ) ) ;
#604 = CARTESIAN_POINT ( 'NONE',  ( 2.747356626934982060, 3.324388567049385124, 0.000000000000000000 ) ) ;
#605 = ADVANCED_FACE ( 'NONE', ( #6651 ), #6087, .F. ) ;
#606 = PLANE ( 'NONE',  #2226 ) ;
#607 = LINE ( 'NONE', #4130, #1633 ) ;
#608 = CARTESIAN_POINT ( 'NONE',  ( 1.224390243902504727, 2.316839547302426805, 0.000000000000000000 ) ) ;
#609 = ORIENTED_EDGE ( 'NONE', *, *, #6939, .T. ) ;
#610 = CARTESIAN_POINT ( 'NONE',  ( -4.434146341463350183, 1.215467596082914659, -0.2000000000000000111 ) ) ;
#611 = EDGE_LOOP ( 'NONE', ( #7023, #2708, #7067, #5572 ) ) ;
#612 = EDGE_CURVE ( 'NONE', #5316, #6052, #2444, .T. ) ;
#613 = CARTESIAN_POINT ( 'NONE',  ( -0.4804389058232120813, 0.9583422048654681724, -0.2000000000000000111 ) ) ;
#614 = CARTESIAN_POINT ( 'NONE',  ( -0.8234427284489419518, 2.418043051161473223, -0.2000000000000000944 ) ) ;
#615 = CARTESIAN_POINT ( 'NONE',  ( -8.564832906651988154, 0.6207525812573726487, -0.2000000000000000944 ) ) ;
#616 = CARTESIAN_POINT ( 'NONE',  ( -0.2830373929064693983, 0.8768268608252626217, -0.2000000000000000111 ) ) ;
#617 = FACE_OUTER_BOUND ( 'NONE', #7662, .T. ) ;
#618 = ORIENTED_EDGE ( 'NONE', *, *, #5044, .T. ) ;
#619 = ORIENTED_EDGE ( 'NONE', *, *, #6500, .F. ) ;
#620 = DIRECTION ( 'NONE',  ( -0.000000000000000000, 0.000000000000000000, 1.000000000000000000 ) ) ;
#621 = ADVANCED_FACE ( 'NONE', ( #8004 ), #1769, .T. ) ;
#622 = CARTESIAN_POINT ( 'NONE',  ( -10.91155044878031077, 0.6177567897553415399, -0.2000000000000000111 ) ) ;
#623 = CARTESIAN_POINT ( 'NONE',  ( -9.296401692569189024, 1.057669224211083892, -2.710505431213761085E-17 ) ) ;
#624 = CARTESIAN_POINT ( 'NONE',  ( 1.224390243902504727, 2.316839547302426805, -0.2000000000000000111 ) ) ;
#625 = LINE ( 'NONE', #1261, #7822 ) ;
#626 = CARTESIAN_POINT ( 'NONE',  ( -9.357781463480012718, 1.030028998599435308, -0.2000000000000000111 ) ) ;
#627 = EDGE_LOOP ( 'NONE', ( #3413, #2344, #5425, #4244 ) ) ;
#628 = LINE ( 'NONE', #3350, #2511 ) ;
#629 = VERTEX_POINT ( 'NONE', #4587 ) ;
#630 = DIRECTION ( 'NONE',  ( 0.000000000000000000, 0.000000000000000000, -1.000000000000000000 ) ) ;
#631 = ADVANCED_FACE ( 'NONE', ( #1152 ), #6604, .T. ) ;
#632 = LINE ( 'NONE', #3228, #649 ) ;
#633 = CARTESIAN_POINT ( 'NONE',  ( -9.789900391901436905, 0.9736334591308278830, 0.000000000000000000 ) ) ;
#634 = LINE ( 'NONE', #6084, #3371 ) ;
#635 = CARTESIAN_POINT ( 'NONE',  ( 2.081935803556683506, 3.785873347477390016, -8.131516293641283255E-17 ) ) ;
#636 = CARTESIAN_POINT ( 'NONE',  ( -0.2092987804877405322, 0.8740041814487681249, -2.710505431213761085E-17 ) ) ;
#637 = CLOSED_SHELL ( 'NONE', ( #277, #8707, #5900, #5379, #7939, #3463, #260, #1883, #4046, #5676, #1508, #1708 ) ) ;
#638 = CARTESIAN_POINT ( 'NONE',  ( 0.2062580401873850000, 1.145938282616826953, 0.000000000000000000 ) ) ;
#639 = EDGE_LOOP ( 'NONE', ( #8686, #7082, #7920, #319, #5230, #565, #5629, #3925, #2847, #1324 ) ) ;
#640 = ORIENTED_EDGE ( 'NONE', *, *, #4443, .T. ) ;
#641 = CARTESIAN_POINT ( 'NONE',  ( -0.6562637183834929555, 4.264767045845211157, 0.000000000000000000 ) ) ;
#642 = VECTOR ( 'NONE', #3695, 1000.000000000000000 ) ;
#643 = EDGE_CURVE ( 'NONE', #2117, #679, #5311, .T. ) ;
#644 = CARTESIAN_POINT ( 'NONE',  ( 2.531869429840653662, 3.204651138334718041, -0.2000000000000000111 ) ) ;
#645 = CARTESIAN_POINT ( 'NONE',  ( -8.092682926829203538, 2.020345644863402068, -0.2000000000000000111 ) ) ;
#646 = CARTESIAN_POINT ( 'NONE',  ( -8.976359417066609225, 1.467688010337983018, -0.2000000000000000944 ) ) ;
#647 = CARTESIAN_POINT ( 'NONE',  ( -1.652453287883816069, 2.307720116527240961, -0.2000000000000000111 ) ) ;
#648 = DIRECTION ( 'NONE',  ( 2.282530889443167515E-16, -1.000000000000000000, 0.000000000000000000 ) ) ;
#649 = VECTOR ( 'NONE', #5952, 1000.000000000000000 ) ;
#650 = VECTOR ( 'NONE', #6172, 1000.000000000000000 ) ;
#651 = VERTEX_POINT ( 'NONE', #7373 ) ;
#652 = ORIENTED_EDGE ( 'NONE', *, *, #196, .F. ) ;
#653 = CARTESIAN_POINT ( 'NONE',  ( -4.740890496520037800, 1.076249375152845023, -0.2000000000000000944 ) ) ;
#654 = ORIENTED_EDGE ( 'NONE', *, *, #8151, .F. ) ;
#655 = VECTOR ( 'NONE', #3634, 1000.000000000000000 ) ;
#656 = VECTOR ( 'NONE', #436, 1000.000000000000000 ) ;
#657 = CARTESIAN_POINT ( 'NONE',  ( -0.6723479479728662334, 1.218879291969328316, -0.2000000000000000111 ) ) ;
#658 = DIRECTION ( 'NONE',  ( -1.000000000000000000, 0.000000000000000000, 0.000000000000000000 ) ) ;
#659 = LINE ( 'NONE', #834, #4648 ) ;
#660 = DIRECTION ( 'NONE',  ( -1.000000000000000000, 0.000000000000000000, -0.000000000000000000 ) ) ;
#661 = CARTESIAN_POINT ( 'NONE',  ( -5.405945121951154952, 4.337418815595110111, -2.710505431213761085E-17 ) ) ;
#662 = DIRECTION ( 'NONE',  ( 1.000000000000000000, 0.000000000000000000, 0.000000000000000000 ) ) ;
#663 = VECTOR ( 'NONE', #5460, 1000.000000000000000 ) ;
#664 = CC_DESIGN_PERSON_AND_ORGANIZATION_ASSIGNMENT ( #127, #8309, ( #1473 ) ) ;
#665 = VECTOR ( 'NONE', #734, 1000.000000000000000 ) ;
#666 = ORIENTED_EDGE ( 'NONE', *, *, #7440, .T. ) ;
#667 = EDGE_CURVE ( 'NONE', #8420, #2688, #3968, .T. ) ;
#668 = ORIENTED_EDGE ( 'NONE', *, *, #4382, .T. ) ;
#669 = LINE ( 'NONE', #6199, #7086 ) ;
#670 = CARTESIAN_POINT ( 'NONE',  ( 2.747356626934982060, 3.324388567049385124, -0.2000000000000000111 ) ) ;
#671 = CARTESIAN_POINT ( 'NONE',  ( -4.434146341463349295, 3.361809059497548713, 0.000000000000000000 ) ) ;
#672 = AXIS2_PLACEMENT_3D ( 'NONE', #2171, #7632, #660 ) ;
#673 = PLANE ( 'NONE',  #8123 ) ;
#674 = CARTESIAN_POINT ( 'NONE',  ( 0.3598821531257542783, 2.902846426145851755, 0.000000000000000000 ) ) ;
#675 = CARTESIAN_POINT ( 'NONE',  ( -8.923593531046487115, 1.816672739768748768, -0.2000000000000000111 ) ) ;
#676 = EDGE_CURVE ( 'NONE', #7219, #4153, #4921, .T. ) ;
#677 = AXIS2_PLACEMENT_3D ( 'NONE', #4866, #1596, #4321 ) ;
#678 = EDGE_LOOP ( 'NONE', ( #2927, #7093, #1391, #50, #5509, #798, #5285, #4991, #2895, #3668 ) ) ;
#679 = VERTEX_POINT ( 'NONE', #1329 ) ;
#680 = CARTESIAN_POINT ( 'NONE',  ( -12.79999999999992966, -8.550000000000027356, 0.000000000000000000 ) ) ;
#681 = DIRECTION ( 'NONE',  ( 1.000000000000000000, -9.745637505487682231E-17, 0.000000000000000000 ) ) ;
#682 = CARTESIAN_POINT ( 'NONE',  ( 0.2116965472800875214, 3.430661789084228364, -2.710505431213761085E-17 ) ) ;
#683 = CARTESIAN_POINT ( 'NONE',  ( -4.573492144108415758, 3.439770452828772473, 9.486769009248165030E-17 ) ) ;
#684 = CARTESIAN_POINT ( 'NONE',  ( -6.628232238980919178, 2.218220338611985643, -0.2000000000000000111 ) ) ;
#685 = CARTESIAN_POINT ( 'NONE',  ( 2.868703234703881222, 4.148806800501021463, -0.2000000000000000666 ) ) ;
#686 = AXIS2_PLACEMENT_3D ( 'NONE', #5362, #2682, #8147 ) ;
#687 = CARTESIAN_POINT ( 'NONE',  ( -0.3338660597349740744, 4.332888016728503544, -0.2000000000000000111 ) ) ;
#688 = CARTESIAN_POINT ( 'NONE',  ( 0.3946939731005876251, 2.229434755835566939, -0.000000000000000000 ) ) ;
#689 = EDGE_CURVE ( 'NONE', #4375, #8761, #1373, .T. ) ;
#690 = ORIENTED_EDGE ( 'NONE', *, *, #7722, .T. ) ;
#691 = B_SPLINE_CURVE_WITH_KNOTS ( 'NONE', 3,
 ( #4734, #2684, #3981, #6793, #8737, #674, #3398, #4110, #758, #2595, #6029, #8775, #6924, #2855, #7052, #3606, #4958, #216, #7103 ),
 .UNSPECIFIED., .F., .F.,
 ( 4, 1, 1, 1, 1, 1, 1, 1, 1, 1, 1, 1, 1, 1, 1, 1, 4 ),
 ( 0.000000000000000000, 0.1019301621043888911, 0.1975964148481810789, 0.2866406432198407850, 0.3691805015019810621, 0.4458109268063438213, 0.5168079239671786729, 0.5817679145359626602, 0.6410965417055310978, 0.6956090126035868737, 0.7460286505456369399, 0.7918000791068421362, 0.8350522164773732658, 0.8765118877176866219, 0.9166641456779083263, 0.9577534452155518352, 1.000000000000000000 ),
 .UNSPECIFIED. ) ;
#692 = ORIENTED_EDGE ( 'NONE', *, *, #8642, .F. ) ;
#693 = VECTOR ( 'NONE', #1340, 1000.000000000000000 ) ;
#694 = DIRECTION ( 'NONE',  ( -0.000000000000000000, -0.000000000000000000, 1.000000000000000000 ) ) ;
#695 = PLANE ( 'NONE',  #6494 ) ;
#696 = CARTESIAN_POINT ( 'NONE',  ( 10.20000000000000639, -9.200000000000002842, 0.000000000000000000 ) ) ;
#697 = DIRECTION ( 'NONE',  ( -1.000000000000000000, 3.469446951953611033E-15, 0.000000000000000000 ) ) ;
#698 = CARTESIAN_POINT ( 'NONE',  ( 0.7898256761640016776, 3.951800448417381428, -0.2000000000000000111 ) ) ;
#699 = PLANE ( 'NONE',  #6814 ) ;
#700 = ADVANCED_FACE ( 'NONE', ( #4179 ), #5398, .F. ) ;
#701 = ORIENTED_EDGE ( 'NONE', *, *, #6286, .T. ) ;
#702 = CARTESIAN_POINT ( 'NONE',  ( -4.821112295423596095, 1.050617030185013068, -0.2000000000000000111 ) ) ;
#703 = ORIENTED_EDGE ( 'NONE', *, *, #1022, .T. ) ;
#704 = CARTESIAN_POINT ( 'NONE',  ( -0.8240783704643577234, 2.189794896137515323, -0.2000000000000000111 ) ) ;
#705 = DIRECTION ( 'NONE',  ( -1.000000000000000000, 0.000000000000000000, 0.000000000000000000 ) ) ;
#706 = DIRECTION ( 'NONE',  ( -0.000000000000000000, 0.000000000000000000, 1.000000000000000000 ) ) ;
#707 = CARTESIAN_POINT ( 'NONE',  ( -0.8152558575379187378, 1.927224909886061432, -0.2000000000000000111 ) ) ;
#708 = COORDINATED_UNIVERSAL_TIME_OFFSET ( 8, 0, .AHEAD. ) ;
#709 = FACE_OUTER_BOUND ( 'NONE', #2953, .T. ) ;
#710 = ORIENTED_EDGE ( 'NONE', *, *, #7242, .T. ) ;
#711 = ORIENTED_EDGE ( 'NONE', *, *, #8758, .F. ) ;
#712 = ORIENTED_EDGE ( 'NONE', *, *, #886, .F. ) ;
#713 = LINE ( 'NONE', #2761, #8242 ) ;
#714 = B_SPLINE_CURVE_WITH_KNOTS ( 'NONE', 3,
 ( #7296, #2008, #7973, #3395, #8015, #6745, #6707, #1165, #623, #2593, #4644, #3344, #3884, #3305 ),
 .UNSPECIFIED., .F., .F.,
 ( 4, 2, 2, 2, 2, 2, 4 ),
 ( 0.000000000000000000, 0.0003494075785910062530, 0.0006988151571820125059, 0.0008735189464775156053, 0.001048222735773018813, 0.001222926525068521912, 0.001397630314364025012 ),
 .UNSPECIFIED. ) ;
#715 = CARTESIAN_POINT ( 'NONE',  ( -7.507317073170667321, 2.204034669253646328, -0.2000000000000000389 ) ) ;
#716 = CARTESIAN_POINT ( 'NONE',  ( -11.35627970741134618, 1.748162072404320089, -6.776263578034403945E-17 ) ) ;
#717 = CARTESIAN_POINT ( 'NONE',  ( -13.50000000000000533, -14.20000000000000639, -14.69999999999998863 ) ) ;
#718 = EDGE_CURVE ( 'NONE', #1217, #1315, #4226, .T. ) ;
#719 = CARTESIAN_POINT ( 'NONE',  ( -18.39999999999999147, 15.70133359925599414, -1.000000000000000000 ) ) ;
#720 = CARTESIAN_POINT ( 'NONE',  ( -8.922509113595447516, 1.891771161980506211, 0.000000000000000000 ) ) ;
#721 = VERTEX_POINT ( 'NONE', #5440 ) ;
#722 = ORIENTED_EDGE ( 'NONE', *, *, #8760, .T. ) ;
#723 = CARTESIAN_POINT ( 'NONE',  ( -9.819877855617791695, 0.2410755669587635874, -0.2000000000000000111 ) ) ;
#724 = CARTESIAN_POINT ( 'NONE',  ( -8.921951219512131104, 1.930406620473158474, -0.2000000000000000111 ) ) ;
#725 = DIRECTION ( 'NONE',  ( 0.000000000000000000, 0.000000000000000000, -1.000000000000000000 ) ) ;
#726 = CARTESIAN_POINT ( 'NONE',  ( 3.140548780487870673, 4.337418815595110111, -2.710505431213761085E-17 ) ) ;
#727 = ADVANCED_FACE ( 'NONE', ( #4095 ), #6150, .F. ) ;
#728 = LINE ( 'NONE', #2605, #5645 ) ;
#729 = CARTESIAN_POINT ( 'NONE',  ( -10.47569868283960481, 1.725678965605288218, -0.2000000000000000111 ) ) ;
#730 = DIRECTION ( 'NONE',  ( 1.000000000000000000, -9.745637505487680998E-17, 0.000000000000000000 ) ) ;
#731 = CARTESIAN_POINT ( 'NONE',  ( -0.2092987804877405322, 0.8740041814487681249, -2.710505431213761085E-17 ) ) ;
#732 = ORIENTED_EDGE ( 'NONE', *, *, #6811, .T. ) ;
#733 = EDGE_LOOP ( 'NONE', ( #8203, #6976, #2205, #1195 ) ) ;
#734 = DIRECTION ( 'NONE',  ( 0.000000000000000000, 0.000000000000000000, -1.000000000000000000 ) ) ;
#735 = CARTESIAN_POINT ( 'NONE',  ( -0.6973351948024725244, 0.2982603798567710629, -0.2000000000000000666 ) ) ;
#736 = EDGE_CURVE ( 'NONE', #8422, #1315, #6190, .T. ) ;
#737 = CARTESIAN_POINT ( 'NONE',  ( 0.000000000000000000, -11.69999999999999929, 0.000000000000000000 ) ) ;
#738 = CARTESIAN_POINT ( 'NONE',  ( 1.907317073170796240, 3.732998083887792529, -0.2000000000000000111 ) ) ;
#739 = CARTESIAN_POINT ( 'NONE',  ( -0.1605182926828624401, 4.337418815595110111, -0.2000000000000000111 ) ) ;
#740 = LINE ( 'NONE', #3421, #8533 ) ;
#741 = EDGE_LOOP ( 'NONE', ( #4323, #2578, #4398, #2450 ) ) ;
#742 = LINE ( 'NONE', #5601, #7801 ) ;
#743 = ORIENTED_EDGE ( 'NONE', *, *, #6649, .T. ) ;
#744 = ADVANCED_FACE ( 'NONE', ( #2670 ), #6958, .F. ) ;
#745 = CARTESIAN_POINT ( 'NONE',  ( -0.7879743790951386773, 1.648373868725017122, -0.2000000000000000111 ) ) ;
#746 = CARTESIAN_POINT ( 'NONE',  ( 3.450000000000005063, 11.20133359925599059, -8.799999999999998934 ) ) ;
#747 = DIRECTION ( 'NONE',  ( -1.132317015164961043E-15, 1.000000000000000000, 0.000000000000000000 ) ) ;
#748 = CARTESIAN_POINT ( 'NONE',  ( 0.5215035226706558058, 0.4479422813820100879, -0.2000000000000000111 ) ) ;
#749 = COORDINATED_UNIVERSAL_TIME_OFFSET ( 8, 0, .AHEAD. ) ;
#750 = CARTESIAN_POINT ( 'NONE',  ( 10.20000000000000639, -9.200000000000002842, -1.000000000000000000 ) ) ;
#751 = EDGE_LOOP ( 'NONE', ( #4078, #1865, #1380, #7753 ) ) ;
#752 = ORIENTED_EDGE ( 'NONE', *, *, #2738, .F. ) ;
#753 = ORIENTED_EDGE ( 'NONE', *, *, #227, .T. ) ;
#754 = DIRECTION ( 'NONE',  ( 0.000000000000000000, 1.000000000000000000, 0.000000000000000000 ) ) ;
#755 = CARTESIAN_POINT ( 'NONE',  ( -0.7643602845820210989, 3.011058600752143821, 0.000000000000000000 ) ) ;
#756 = CARTESIAN_POINT ( 'NONE',  ( -4.641877136151781436, 3.469839840442625611, 0.000000000000000000 ) ) ;
#757 = PLANE ( 'NONE',  #970 ) ;
#758 = CARTESIAN_POINT ( 'NONE',  ( 0.2846112161824669307, 3.252510906255187351, 0.000000000000000000 ) ) ;
#759 = ORIENTED_EDGE ( 'NONE', *, *, #7731, .F. ) ;
#760 = EDGE_CURVE ( 'NONE', #426, #5824, #2753, .T. ) ;
#761 = VERTEX_POINT ( 'NONE', #74 ) ;
#762 = CARTESIAN_POINT ( 'NONE',  ( -0.1932926829267649083, 3.703272474131694914, -2.710505431213761085E-17 ) ) ;
#763 = CARTESIAN_POINT ( 'NONE',  ( -8.922509113595447516, 1.891771161980506211, -5.421010862427522170E-17 ) ) ;
#764 = CARTESIAN_POINT ( 'NONE',  ( 0.3758616441350743909, 2.764519982414732624, -2.710505431213761085E-17 ) ) ;
#765 = DIRECTION ( 'NONE',  ( -6.484938541143236834E-16, -1.000000000000000000, 0.000000000000000000 ) ) ;
#766 = PLANE ( 'NONE',  #2076 ) ;
#767 = CARTESIAN_POINT ( 'NONE',  ( -0.6329039859141909474, 1.137367128810375938, 0.000000000000000000 ) ) ;
#768 = CARTESIAN_POINT ( 'NONE',  ( -3.751219512195057337, 2.093516376570719206, 0.000000000000000000 ) ) ;
#769 = ADVANCED_FACE ( 'NONE', ( #7549 ), #6108, .T. ) ;
#770 = ORIENTED_EDGE ( 'NONE', *, *, #8477, .T. ) ;
#771 = EDGE_CURVE ( 'NONE', #4686, #8831, #1415, .T. ) ;
#772 = VERTEX_POINT ( 'NONE', #6907 ) ;
#773 = DIRECTION ( 'NONE',  ( 0.000000000000000000, -0.000000000000000000, -1.000000000000000000 ) ) ;
#774 = CARTESIAN_POINT ( 'NONE',  ( -5.561432926829203538, 0.2398578399853534548, -0.2000000000000000666 ) ) ;
#775 = VECTOR ( 'NONE', #5539, 1000.000000000000000 ) ;
#776 = CARTESIAN_POINT ( 'NONE',  ( 2.806108295498490168, 3.370874559477469834, -0.000000000000000000 ) ) ;
#777 = CARTESIAN_POINT ( 'NONE',  ( -9.014908657183317686, 1.354093182780360616, -0.2000000000000000111 ) ) ;
#778 = CARTESIAN_POINT ( 'NONE',  ( -1.560998721433434877, 3.128014611589974070, -0.2000000000000000111 ) ) ;
#779 = CARTESIAN_POINT ( 'NONE',  ( -4.894537725921159321, 1.031135400469056274, 8.131516293641283255E-17 ) ) ;
#780 = AXIS2_PLACEMENT_3D ( 'NONE', #7936, #7891, #3946 ) ;
#781 = EDGE_LOOP ( 'NONE', ( #1172, #1805, #1104, #3198 ) ) ;
#782 = EDGE_CURVE ( 'NONE', #651, #5534, #786, .T. ) ;
#783 = CARTESIAN_POINT ( 'NONE',  ( -4.980369307077385344, 3.572921834517083894, -0.2000000000000000111 ) ) ;
#784 = CARTESIAN_POINT ( 'NONE',  ( 17.80000000000000426, 2.099999999999997424, -1.000000000000000000 ) ) ;
#785 = CARTESIAN_POINT ( 'NONE',  ( -5.348018292682861663, 3.605711498521939173, -0.2000000000000000111 ) ) ;
#786 = LINE ( 'NONE', #124, #7933 ) ;
#787 = CARTESIAN_POINT ( 'NONE',  ( -0.1605182926828624679, 4.337418815595110111, -5.421010862427522170E-17 ) ) ;
#788 = AXIS2_PLACEMENT_3D ( 'NONE', #8327, #6847, #53 ) ;
#789 = CARTESIAN_POINT ( 'NONE',  ( 0.7522077583110380328, 0.6536840088736454168, -0.2000000000000000111 ) ) ;
#790 = PERSON_AND_ORGANIZATION ( #6739, #6392 ) ;
#791 = CARTESIAN_POINT ( 'NONE',  ( -6.984465336444829475, 0.7732608721399231166, 0.000000000000000000 ) ) ;
#792 = VECTOR ( 'NONE', #5017, 1000.000000000000000 ) ;
#793 = ORIENTED_EDGE ( 'NONE', *, *, #504, .T. ) ;
#794 = EDGE_CURVE ( 'NONE', #2485, #6427, #2842, .T. ) ;
#795 = VERTEX_POINT ( 'NONE', #7456 ) ;
#796 = CARTESIAN_POINT ( 'NONE',  ( -9.800000000000009592, -7.375133543765119093, -24.49303474050138618 ) ) ;
#797 = VECTOR ( 'NONE', #7530, 1000.000000000000000 ) ;
#798 = ORIENTED_EDGE ( 'NONE', *, *, #1494, .F. ) ;
#799 = CARTESIAN_POINT ( 'NONE',  ( 0.000000000000000000, 0.000000000000000000, -16.50000000000000000 ) ) ;
#800 = PLANE ( 'NONE',  #1486 ) ;
#801 = CARTESIAN_POINT ( 'NONE',  ( -4.434146341463349295, 4.184979791204865407, 0.000000000000000000 ) ) ;
#802 = CARTESIAN_POINT ( 'NONE',  ( 6.879450486378557272, 1.942992058381624698, 5.332894443888950065 ) ) ;
#803 = VECTOR ( 'NONE', #5914, 1000.000000000000000 ) ;
#804 = DIRECTION ( 'NONE',  ( -1.000000000000000000, 0.000000000000000000, 0.000000000000000000 ) ) ;
#805 = VECTOR ( 'NONE', #8536, 1000.000000000000000 ) ;
#806 = EDGE_CURVE ( 'NONE', #2966, #943, #4048, .T. ) ;
#807 = ORIENTED_EDGE ( 'NONE', *, *, #806, .F. ) ;
#808 = ORIENTED_EDGE ( 'NONE', *, *, #7641, .T. ) ;
#809 = VECTOR ( 'NONE', #8017, 1000.000000000000000 ) ;
#810 = CARTESIAN_POINT ( 'NONE',  ( -10.96165466933390320, 0.6719268418493461459, -0.2000000000000000111 ) ) ;
#811 = CARTESIAN_POINT ( 'NONE',  ( 13.79999999999999716, -13.20000000000000284, -14.69999999999998863 ) ) ;
#812 = CARTESIAN_POINT ( 'NONE',  ( -6.627432579341619778, 2.181518067806611061, -2.710505431213766632E-17 ) ) ;
#813 = CARTESIAN_POINT ( 'NONE',  ( -1.208822093480986792, 0.6187041736519125479, -1.084202172485504434E-16 ) ) ;
#814 = CARTESIAN_POINT ( 'NONE',  ( -6.629268292682862551, 2.265772474131694914, -0.2000000000000000389 ) ) ;
#815 = CARTESIAN_POINT ( 'NONE',  ( 0.1190366581657901351, 3.564527628796186676, -0.2000000000000000111 ) ) ;
#816 = CARTESIAN_POINT ( 'NONE',  ( 0.3751584355530705461, 1.809679316610331767, 0.000000000000000000 ) ) ;
#817 = VECTOR ( 'NONE', #7693, 1000.000000000000000 ) ;
#818 = VERTEX_POINT ( 'NONE', #3382 ) ;
#819 = EDGE_LOOP ( 'NONE', ( #5029, #109, #343, #1829 ) ) ;
#820 = CARTESIAN_POINT ( 'NONE',  ( -0.1367322732691983178, 0.8767032650480659495, -2.710505431213761085E-17 ) ) ;
#821 = CARTESIAN_POINT ( 'NONE',  ( 0.1286942552267931750, 4.314437999696126624, -0.2000000000000000666 ) ) ;
#822 = AXIS2_PLACEMENT_3D ( 'NONE', #2513, #6583, #7263 ) ;
#823 = CARTESIAN_POINT ( 'NONE',  ( 6.227808503120347616, 1.942992058381624698, 0.000000000000000000 ) ) ;
#824 = CARTESIAN_POINT ( 'NONE',  ( -5.487948134091317876, 3.602004146082034008, 0.000000000000000000 ) ) ;
#825 = CARTESIAN_POINT ( 'NONE',  ( 0.5714933933504563468, 4.142785288942580024, -0.2000000000000000111 ) ) ;
#826 = EDGE_CURVE ( 'NONE', #4582, #8001, #4307, .T. ) ;
#827 = FACE_OUTER_BOUND ( 'NONE', #3892, .T. ) ;
#828 = AXIS2_PLACEMENT_3D ( 'NONE', #6112, #6655, #4765 ) ;
#829 = VERTEX_POINT ( 'NONE', #833 ) ;
#830 = CARTESIAN_POINT ( 'NONE',  ( -9.755030487804813077, 0.2398578399853534548, 2.710505431213761085E-17 ) ) ;
#831 = CARTESIAN_POINT ( 'NONE',  ( 1.077770678743708466, 3.463430959394327324, -2.710505431213760161E-17 ) ) ;
#832 = CARTESIAN_POINT ( 'NONE',  ( -4.985699872016160938, 0.2831530587954588229, -0.2000000000000000111 ) ) ;
#833 = CARTESIAN_POINT ( 'NONE',  ( 6.227808503120348504, -6.581476711740719132, 0.000000000000000000 ) ) ;
#834 = CARTESIAN_POINT ( 'NONE',  ( 17.80000000000000426, -8.800000000000002487, 0.000000000000000000 ) ) ;
#835 = CARTESIAN_POINT ( 'NONE',  ( -12.79999999999992966, -8.550000000000027356, -8.799999999999998934 ) ) ;
#836 = CARTESIAN_POINT ( 'NONE',  ( -7.507317073170667321, 2.204034669253646328, 0.000000000000000000 ) ) ;
#837 = ADVANCED_FACE ( 'NONE', ( #3727 ), #4352, .T. ) ;
#838 = EDGE_LOOP ( 'NONE', ( #8193, #759, #3038, #4090, #149, #7577, #8829, #8293 ) ) ;
#839 = B_SPLINE_CURVE_WITH_KNOTS ( 'NONE', 3,
 ( #610, #6821, #1951, #653, #702, #2750, #5475, #4806, #3964, #8214 ),
 .UNSPECIFIED., .F., .F.,
 ( 4, 2, 2, 2, 4 ),
 ( 0.000000000000000000, 0.0002526070386705680116, 0.0005052140773411360232, 0.0007578211160117040348, 0.001010428154682272046 ),
 .UNSPECIFIED. ) ;
#840 = DIRECTION ( 'NONE',  ( 0.000000000000000000, 0.000000000000000000, -1.000000000000000000 ) ) ;
#841 = ORIENTED_EDGE ( 'NONE', *, *, #3899, .T. ) ;
#842 = CARTESIAN_POINT ( 'NONE',  ( 10.20000000000000639, -8.800000000000006040, -1.000000000000000000 ) ) ;
#843 = CARTESIAN_POINT ( 'NONE',  ( 2.806108295498490168, 3.370874559477469834, -0.2000000000000000111 ) ) ;
#844 = CARTESIAN_POINT ( 'NONE',  ( -5.405945121951154952, 4.337418815595110111, 0.000000000000000000 ) ) ;
#845 = CARTESIAN_POINT ( 'NONE',  ( -5.523454782440768263, 3.599387836994531575, -2.710505431213761085E-17 ) ) ;
#846 = EDGE_CURVE ( 'NONE', #3963, #7649, #3434, .T. ) ;
#847 = FACE_BOUND ( 'NONE', #639, .T. ) ;
#848 = ORIENTED_EDGE ( 'NONE', *, *, #7102, .T. ) ;
#849 = EDGE_LOOP ( 'NONE', ( #6833, #6333, #7159, #4461 ) ) ;
#850 = PLANE ( 'NONE',  #4941 ) ;
#851 = CARTESIAN_POINT ( 'NONE',  ( -1.607303564547913677, 1.554264770030706400, 0.000000000000000000 ) ) ;
#852 = CARTESIAN_POINT ( 'NONE',  ( 0.3870073716134367903, 2.615008198261032035, -0.2000000000000000666 ) ) ;
#853 = CARTESIAN_POINT ( 'NONE',  ( -0.4067400763441527678, 0.2436514308584424304, -1.084202172485504434E-16 ) ) ;
#854 = EDGE_CURVE ( 'NONE', #6590, #2093, #5733, .T. ) ;
#855 = CARTESIAN_POINT ( 'NONE',  ( -8.484817092043106967, 0.7105250080946423630, -0.2000000000000000389 ) ) ;
#856 = FACE_OUTER_BOUND ( 'NONE', #470, .T. ) ;
#857 = CARTESIAN_POINT ( 'NONE',  ( -5.476153597760498037, 4.335917818332320373, -2.710505431213761701E-17 ) ) ;
#858 = ORIENTED_EDGE ( 'NONE', *, *, #5972, .T. ) ;
#859 = ORIENTED_EDGE ( 'NONE', *, *, #7877, .F. ) ;
#860 = LINE ( 'NONE', #2869, #1803 ) ;
#861 = CARTESIAN_POINT ( 'NONE',  ( -15.25000000000000178, 14.20133359925599414, -14.69999999999998863 ) ) ;
#862 = CARTESIAN_POINT ( 'NONE',  ( -0.2092987804877405322, 0.8740041814487681249, -0.2000000000000000666 ) ) ;
#863 = DIRECTION ( 'NONE',  ( 0.000000000000000000, 0.000000000000000000, 1.000000000000000000 ) ) ;
#864 = PLANE ( 'NONE',  #1096 ) ;
#865 = CARTESIAN_POINT ( 'NONE',  ( 0.000000000000000000, 0.000000000000000000, -0.2000000000000000111 ) ) ;
#866 = ORIENTED_EDGE ( 'NONE', *, *, #1368, .F. ) ;
#867 = CARTESIAN_POINT ( 'NONE',  ( -4.535410242896399602, 3.420543611025968822, -0.2000000000000000111 ) ) ;
#868 = EDGE_CURVE ( 'NONE', #2688, #4399, #8795, .T. ) ;
#869 = CARTESIAN_POINT ( 'NONE',  ( -5.241035167712008835, 4.335906813877492105, -2.710505431213760469E-17 ) ) ;
#870 = CARTESIAN_POINT ( 'NONE',  ( -4.434146341463349295, 4.184979791204865407, -0.2000000000000000111 ) ) ;
#871 = CARTESIAN_POINT ( 'NONE',  ( 0.1622096848955603687, 4.309544534380692404, -0.2000000000000000111 ) ) ;
#872 = LINE ( 'NONE', #3728, #2509 ) ;
#873 = DIRECTION ( 'NONE',  ( -1.000000000000000000, 0.000000000000000000, 0.000000000000000000 ) ) ;
#874 = CARTESIAN_POINT ( 'NONE',  ( 2.405872650846105465, 3.151792985107862766, -5.421010862427522170E-17 ) ) ;
#875 = ORIENTED_EDGE ( 'NONE', *, *, #3489, .F. ) ;
#876 = CARTESIAN_POINT ( 'NONE',  ( 3.140548780487870673, 4.337418815595110111, -0.2000000000000000111 ) ) ;
#877 = EDGE_CURVE ( 'NONE', #4993, #651, #4829, .T. ) ;
#878 = ORIENTED_EDGE ( 'NONE', *, *, #612, .F. ) ;
#879 = DIRECTION ( 'NONE',  ( -1.000000000000000000, 0.000000000000000000, 0.000000000000000000 ) ) ;
#880 = CARTESIAN_POINT ( 'NONE',  ( -1.652453287883816069, 2.307720116527240961, -5.421010862427522170E-17 ) ) ;
#881 = CARTESIAN_POINT ( 'NONE',  ( -5.567493911366273807, -7.375133543765119093, -8.800000000000002487 ) ) ;
#882 = CARTESIAN_POINT ( 'NONE',  ( -13.50000000000000533, -14.19999999999999929, -16.44999999999998863 ) ) ;
#883 = CARTESIAN_POINT ( 'NONE',  ( 0.000000000000000000, 0.000000000000000000, -1.000000000000000000 ) ) ;
#884 = CARTESIAN_POINT ( 'NONE',  ( -5.634169936869867890, 0.2413929164670151062, -0.2000000000000000111 ) ) ;
#885 = VERTEX_POINT ( 'NONE', #5121 ) ;
#886 = EDGE_CURVE ( 'NONE', #2757, #1393, #1583, .T. ) ;
#887 = ORIENTED_EDGE ( 'NONE', *, *, #1285, .F. ) ;
#888 = CARTESIAN_POINT ( 'NONE',  ( -10.47196491140550556, 1.735943860188783772, -0.2000000000000000389 ) ) ;
#889 = CARTESIAN_POINT ( 'NONE',  ( -10.48292682926822827, 4.288638327790232019, 0.000000000000000000 ) ) ;
#890 = CARTESIAN_POINT ( 'NONE',  ( -6.419908072079162586, 1.458520608632035032, -6.776263578034400247E-17 ) ) ;
#891 = CARTESIAN_POINT ( 'NONE',  ( 0.000000000000000000, 0.000000000000000000, 0.000000000000000000 ) ) ;
#892 = CYLINDRICAL_SURFACE ( 'NONE', #6352, 2.000000000000000000 ) ;
#893 = CARTESIAN_POINT ( 'NONE',  ( 0.3870073716134367903, 2.615008198261032035, 0.000000000000000000 ) ) ;
#894 = CARTESIAN_POINT ( 'NONE',  ( 3.450000000000005063, -11.69999999999999751, -2.999999999999999112 ) ) ;
#895 = EDGE_LOOP ( 'NONE', ( #5201, #7789, #5296, #8122 ) ) ;
#897 = ORIENTED_EDGE ( 'NONE', *, *, #4452, .T. ) ;
#896 = CARTESIAN_POINT ( 'NONE',  ( -10.28782674195250380, 1.220066423037985404, -1.626303258728256651E-16 ) ) ;
#898 = EDGE_CURVE ( 'NONE', #6104, #3040, #293, .T. ) ;
#899 = CARTESIAN_POINT ( 'NONE',  ( -0.8243902439023734763, 2.245193205839012052, -5.421010862427522170E-17 ) ) ;
#900 = CARTESIAN_POINT ( 'NONE',  ( -0.2092987804877405600, 0.8740041814487682359, -2.710505431213761085E-17 ) ) ;
#901 = CARTESIAN_POINT ( 'NONE',  ( 1.946294851336282106, 3.025856886792944511, -0.2000000000000000111 ) ) ;
#902 = CARTESIAN_POINT ( 'NONE',  ( 2.834146341463479768, 3.393059059497548713, -0.2000000000000000111 ) ) ;
#903 = CARTESIAN_POINT ( 'NONE',  ( -5.402134146341398768, 0.9715651570585241981, 0.000000000000000000 ) ) ;
#904 = CARTESIAN_POINT ( 'NONE',  ( -0.7181811756050868745, 0.3063799479609574106, -0.2000000000000000111 ) ) ;
#905 = CARTESIAN_POINT ( 'NONE',  ( -9.817148117579574063, 0.9755444172086783494, -2.710505431213760777E-17 ) ) ;
#906 = EDGE_LOOP ( 'NONE', ( #5172, #2820, #6407, #4769 ) ) ;
#907 = EDGE_CURVE ( 'NONE', #8537, #7778, #8479, .T. ) ;
#908 = LINE ( 'NONE', #2838, #1240 ) ;
#909 = DIRECTION ( 'NONE',  ( -0.000000000000000000, -0.000000000000000000, -1.000000000000000000 ) ) ;
#910 = CARTESIAN_POINT ( 'NONE',  ( 0.2274913922224223450, 1.184320297223331986, -6.776263578034406410E-17 ) ) ;
#911 = DIRECTION ( 'NONE',  ( 0.000000000000000000, 0.000000000000000000, -1.000000000000000000 ) ) ;
#912 = CARTESIAN_POINT ( 'NONE',  ( 1.093548437171509402, 3.379586696782075794, -5.421010862427522170E-17 ) ) ;
#913 = CARTESIAN_POINT ( 'NONE',  ( -0.6329039859141909474, 1.137367128810375938, -0.2000000000000000111 ) ) ;
#914 = CARTESIAN_POINT ( 'NONE',  ( 2.026603984165249450, 3.037212153332074394, -5.421010862427522170E-17 ) ) ;
#915 = VERTEX_POINT ( 'NONE', #4446 ) ;
#916 = CARTESIAN_POINT ( 'NONE',  ( 2.834146341463479768, 0.2886383277902315192, -0.2000000000000000111 ) ) ;
#917 = EDGE_LOOP ( 'NONE', ( #5700, #8050, #1293, #7607 ) ) ;
#918 = AXIS2_PLACEMENT_3D ( 'NONE', #6834, #4055, #1423 ) ;
#919 = PLANE ( 'NONE',  #6925 ) ;
#920 = VECTOR ( 'NONE', #4170, 1000.000000000000000 ) ;
#921 = LINE ( 'NONE', #5220, #3061 ) ;
#922 = CARTESIAN_POINT ( 'NONE',  ( -7.649873333299994194, -6.199999999999999289, 0.000000000000000000 ) ) ;
#923 = DIRECTION ( 'NONE',  ( 0.000000000000000000, -0.000000000000000000, -1.000000000000000000 ) ) ;
#924 = CARTESIAN_POINT ( 'NONE',  ( -6.629268292682862551, 2.265772474131694914, -2.710505431213761085E-17 ) ) ;
#925 = CARTESIAN_POINT ( 'NONE',  ( -5.368335235198252953, 0.2423952165410468151, -0.2000000000000001221 ) ) ;
#926 = ADVANCED_FACE ( 'NONE', ( #3557 ), #3376, .T. ) ;
#927 = VECTOR ( 'NONE', #7768, 1000.000000000000000 ) ;
#928 = VECTOR ( 'NONE', #7986, 1000.000000000000000 ) ;
#929 = VERTEX_POINT ( 'NONE', #1898 ) ;
#930 = EDGE_LOOP ( 'NONE', ( #4174, #1470, #7185, #1229 ) ) ;
#931 = VERTEX_POINT ( 'NONE', #6502 ) ;
#932 = CARTESIAN_POINT ( 'NONE',  ( 0.2471407160358200239, 0.3125756107902046277, -0.2000000000000000111 ) ) ;
#933 = CARTESIAN_POINT ( 'NONE',  ( -8.323500753678422015, 0.9360442124809076336, -2.710505431213761085E-17 ) ) ;
#934 = CARTESIAN_POINT ( 'NONE',  ( -5.567493911366273807, -5.198666400744006211, -1.000000000000000000 ) ) ;
#935 = VECTOR ( 'NONE', #1015, 1000.000000000000000 ) ;
#936 = VECTOR ( 'NONE', #8086, 1000.000000000000000 ) ;
#937 = CARTESIAN_POINT ( 'NONE',  ( -1.568327526479844192, 1.359983594459120981, -0.2000000000000000111 ) ) ;
#938 = CARTESIAN_POINT ( 'NONE',  ( 0.3947116578313550339, 2.343523804987352577, 0.000000000000000000 ) ) ;
#939 = EDGE_CURVE ( 'NONE', #7585, #1577, #5967, .T. ) ;
#940 = PLANE ( 'NONE',  #966 ) ;
#941 = VECTOR ( 'NONE', #8797, 1000.000000000000000 ) ;
#942 = AXIS2_PLACEMENT_3D ( 'NONE', #7599, #4187, #6158 ) ;
#943 = VERTEX_POINT ( 'NONE', #7177 ) ;
#945 = ORIENTED_EDGE ( 'NONE', *, *, #6738, .F. ) ;
#944 = CARTESIAN_POINT ( 'NONE',  ( -8.995677051894441334, 1.425958295336195558, 0.000000000000000000 ) ) ;
#946 = DIRECTION ( 'NONE',  ( -1.000000000000000000, 0.000000000000000000, 7.642038924290060313E-17 ) ) ;
#947 = CARTESIAN_POINT ( 'NONE',  ( 0.3386187379590953062, 1.544422781668753242, -0.2000000000000000111 ) ) ;
#948 = CARTESIAN_POINT ( 'NONE',  ( 0.6467581566204828603, 0.5433454953702384627, -0.2000000000000000389 ) ) ;
#949 = CARTESIAN_POINT ( 'NONE',  ( 12.00000000000000178, 13.20133359925599237, -14.69999999999998863 ) ) ;
#950 = LINE ( 'NONE', #1573, #2068 ) ;
#951 = VECTOR ( 'NONE', #1535, 1000.000000000000000 ) ;
#952 = CARTESIAN_POINT ( 'NONE',  ( -1.303628620032350804, 0.7358099564939301063, -0.2000000000000000111 ) ) ;
#953 = EDGE_CURVE ( 'NONE', #2430, #3273, #474, .T. ) ;
#954 = CARTESIAN_POINT ( 'NONE',  ( -10.48131038133707094, 1.846104601077716456, 1.355252715606880543E-16 ) ) ;
#955 = VERTEX_POINT ( 'NONE', #5208 ) ;
#956 = VERTEX_POINT ( 'NONE', #385 ) ;
#957 = VECTOR ( 'NONE', #6818, 1000.000000000000000 ) ;
#958 = CARTESIAN_POINT ( 'NONE',  ( 2.722755433379802970, 4.065551786606570239, 0.000000000000000000 ) ) ;
#959 = CARTESIAN_POINT ( 'NONE',  ( -4.511534385553848558, 4.213551653327927582, 2.031254238220912814E-32 ) ) ;
#960 = CARTESIAN_POINT ( 'NONE',  ( 2.834146341463480212, 3.393059059497549157, -0.1999999999999999278 ) ) ;
#961 = CARTESIAN_POINT ( 'NONE',  ( -5.079748011539847674, 0.2677589979987122781, -2.710505431213761085E-17 ) ) ;
#962 = CARTESIAN_POINT ( 'NONE',  ( -10.37446226449583264, 1.360757283638088122, -0.2000000000000000111 ) ) ;
#963 = CARTESIAN_POINT ( 'NONE',  ( -0.5867493737572553325, 1.067404579234859208, -8.131516293641283255E-17 ) ) ;
#964 = CARTESIAN_POINT ( 'NONE',  ( 0.3871863338305776003, 1.958934590523929931, -0.2000000000000001221 ) ) ;
#965 = ADVANCED_FACE ( 'NONE', ( #3194 ), #7947, .F. ) ;
#966 = AXIS2_PLACEMENT_3D ( 'NONE', #1605, #7786, #2370 ) ;
#967 = ORIENTED_EDGE ( 'NONE', *, *, #3006, .F. ) ;
#968 = DIRECTION ( 'NONE',  ( -1.000000000000000000, 9.745637505487682231E-17, 0.000000000000000000 ) ) ;
#969 = ORIENTED_EDGE ( 'NONE', *, *, #224, .F. ) ;
#970 = AXIS2_PLACEMENT_3D ( 'NONE', #6923, #8407, #214 ) ;
#971 = DIRECTION ( 'NONE',  ( -0.000000000000000000, 0.000000000000000000, 1.000000000000000000 ) ) ;
#972 = CARTESIAN_POINT ( 'NONE',  ( -1.602399416618244476, 2.923672202434309142, -5.421010862427522170E-17 ) ) ;
#973 = CARTESIAN_POINT ( 'NONE',  ( -0.1932926829267649083, 3.703272474131694914, -2.710505431213761085E-17 ) ) ;
#974 = CARTESIAN_POINT ( 'NONE',  ( -6.629268292682862551, 2.265772474131694914, 0.000000000000000000 ) ) ;
#975 = CARTESIAN_POINT ( 'NONE',  ( -7.363648761348017935, 3.057694525216088977, -2.710505431213761085E-17 ) ) ;
#976 = CARTESIAN_POINT ( 'NONE',  ( -5.175628197110361484, 0.2566167392936991032, -0.2000000000000000666 ) ) ;
#977 = EDGE_LOOP ( 'NONE', ( #1558, #5562, #5680, #4263 ) ) ;
#978 = ORIENTED_EDGE ( 'NONE', *, *, #6939, .F. ) ;
#979 = ORIENTED_EDGE ( 'NONE', *, *, #5635, .T. ) ;
#980 = CARTESIAN_POINT ( 'NONE',  ( -9.879595671967370762, 0.9850184561965571461, -0.2000000000000000389 ) ) ;
#981 = EDGE_CURVE ( 'NONE', #4126, #1991, #1099, .T. ) ;
#982 = CARTESIAN_POINT ( 'NONE',  ( -5.476153597760498037, 4.335917818332320373, -0.2000000000000000389 ) ) ;
#983 = CARTESIAN_POINT ( 'NONE',  ( -6.629268292682862551, 2.265772474131694914, -0.2000000000000000389 ) ) ;
#984 = FACE_OUTER_BOUND ( 'NONE', #6602, .T. ) ;
#985 = B_SPLINE_SURFACE_WITH_KNOTS ( 'NONE', 3, 1, ( 
 ( #6628, #512 ),
 ( #3760, #6002 ),
 ( #8706, #2566 ),
 ( #5294, #8070 ),
 ( #6492, #375 ),
 ( #5821, #8565 ),
 ( #2427, #5157 ),
 ( #7892, #1088 ),
 ( #2696, #599 ),
 ( #4074, #4162 ),
 ( #3319, #6217 ),
 ( #8160, #2735 ),
 ( #5378, #6086 ),
 ( #5423, #8839 ),
 ( #4790, #5462 ),
 ( #2827, #7531 ),
 ( #687, #7438 ),
 ( #1439, #6134 ),
 ( #8119, #6806 ) ),
 .UNSPECIFIED., .F., .F., .F.,
 ( 4, 1, 1, 1, 1, 1, 1, 1, 1, 1, 1, 1, 1, 1, 1, 1, 4 ),
 ( 2, 2 ),
 ( 0.000000000000000000, 0.08513432636281241528, 0.1655212252412776863, 0.2409412224589500828, 0.3121477852887429849, 0.3789666946501289990, 0.4424820662833265361, 0.5025439654913099741, 0.5603149126457820373, 0.6158803393158892581, 0.6696212549835646177, 0.7221967914224971530, 0.7746562384587474259, 0.8278721046299818420, 0.8826807856837920463, 0.9398090994201990789, 1.000000000000000000 ),
 ( 0.000000000000000000, 1.000000000000000000 ),
 .UNSPECIFIED. ) ;
#986 = CARTESIAN_POINT ( 'NONE',  ( 0.3598821531257542783, 2.902846426145851755, 0.000000000000000000 ) ) ;
#987 = CARTESIAN_POINT ( 'NONE',  ( 3.700000000000005507, -5.198666400744007099, -8.800000000000000711 ) ) ;
#988 = VERTEX_POINT ( 'NONE', #1810 ) ;
#990 = ORIENTED_EDGE ( 'NONE', *, *, #3965, .T. ) ;
#989 = CARTESIAN_POINT ( 'NONE',  ( -0.9860468358684802981, 0.4306310989612089912, 0.000000000000000000 ) ) ;
#991 = DIRECTION ( 'NONE',  ( -1.000000000000000000, 0.000000000000000000, -0.000000000000000000 ) ) ;
#992 = CARTESIAN_POINT ( 'NONE',  ( 0.1118883723536891750, 1.011930847321638405, -2.710505431213761085E-17 ) ) ;
#993 = ADVANCED_FACE ( 'NONE', ( #2435 ), #8035, .T. ) ;
#994 = CARTESIAN_POINT ( 'NONE',  ( -5.405945121951154952, 4.337418815595110111, -2.710505431213761085E-17 ) ) ;
#995 = CARTESIAN_POINT ( 'NONE',  ( -0.8100673814032123277, 1.689858977819889807, -0.2000000000000000389 ) ) ;
#996 = PLANE ( 'NONE',  #780 ) ;
#997 = CARTESIAN_POINT ( 'NONE',  ( -1.458524561661479257, 1.017208753837950619, -0.2000000000000000111 ) ) ;
#998 = CARTESIAN_POINT ( 'NONE',  ( -5.504761471134832718, 0.2403551385968781540, -0.2000000000000000111 ) ) ;
#999 = VERTEX_POINT ( 'NONE', #5829 ) ;
#1000 = ORIENTED_EDGE ( 'NONE', *, *, #8596, .F. ) ;
#1001 = LINE ( 'NONE', #3683, #8522 ) ;
#1002 = EDGE_CURVE ( 'NONE', #6621, #7534, #8714, .T. ) ;
#1003 = DIRECTION ( 'NONE',  ( -1.000000000000000000, 9.745637505487680998E-17, -0.000000000000000000 ) ) ;
#1004 = CARTESIAN_POINT ( 'NONE',  ( 0.3499472549732309812, 1.586706671524268586, -2.710505431213761701E-17 ) ) ;
#1005 = CARTESIAN_POINT ( 'NONE',  ( -4.611541731492499352, 0.3741467039951689166, -1.084202172485504311E-16 ) ) ;
#1006 = CARTESIAN_POINT ( 'NONE',  ( 1.140400384935355671, 3.197032784547516382, -0.2000000000000000666 ) ) ;
#1007 = CARTESIAN_POINT ( 'NONE',  ( -0.4804389058232120813, 0.9583422048654681724, -0.2000000000000000111 ) ) ;
#1008 = CARTESIAN_POINT ( 'NONE',  ( 2.646340597180960152, 3.263497242317961344, -5.421010862427522170E-17 ) ) ;
#1009 = VERTEX_POINT ( 'NONE', #5166 ) ;
#1010 = CARTESIAN_POINT ( 'NONE',  ( -2.239024390243838258, 2.093516376570719206, 0.000000000000000000 ) ) ;
#1011 = EDGE_CURVE ( 'NONE', #2966, #1819, #5870, .T. ) ;
#1012 = ORIENTED_EDGE ( 'NONE', *, *, #2107, .T. ) ;
#1013 = PLANE ( 'NONE',  #3778 ) ;
#1014 = CARTESIAN_POINT ( 'NONE',  ( -1.508050125035784506, 3.317728616610084558, -0.2000000000000000666 ) ) ;
#1015 = DIRECTION ( 'NONE',  ( 0.000000000000000000, -1.000000000000000000, 0.000000000000000000 ) ) ;
#1016 = LINE ( 'NONE', #1730, #8240 ) ;
#1017 = LINE ( 'NONE', #3875, #3401 ) ;
#1018 = CARTESIAN_POINT ( 'NONE',  ( -10.60168433958061662, 0.4056644166881634428, 0.000000000000000000 ) ) ;
#1019 = ORIENTED_EDGE ( 'NONE', *, *, #6276, .F. ) ;
#1020 = VERTEX_POINT ( 'NONE', #523 ) ;
#1021 = B_SPLINE_CURVE_WITH_KNOTS ( 'NONE', 3,
 ( #8138, #6018, #6652, #2584, #484, #7418, #8005, #8677, #615, #7374, #5312, #8809, #5399, #1249, #6698, #3255, #1153, #4588 ),
 .UNSPECIFIED., .F., .F.,
 ( 4, 2, 2, 2, 2, 2, 2, 2, 4 ),
 ( 0.000000000000000000, 0.0003445706745667002848, 0.0006891413491334005695, 0.001033712023700100692, 0.001378282698266801139, 0.001722853372833501370, 0.002067424047400201817, 0.002411994721966902264, 0.002756565396533602712 ),
 .UNSPECIFIED. ) ;
#1022 = EDGE_CURVE ( 'NONE', #2718, #6953, #6552, .T. ) ;
#1023 = ORIENTED_EDGE ( 'NONE', *, *, #3940, .F. ) ;
#1024 = CARTESIAN_POINT ( 'NONE',  ( 1.174929834635920267, 1.638294244810809985, -0.2000000000000000111 ) ) ;
#1025 = CARTESIAN_POINT ( 'NONE',  ( -8.878645238981889065, 0.4098949918497432621, -2.710505431213761085E-17 ) ) ;
#1026 = DIRECTION ( 'NONE',  ( 0.000000000000000000, 1.000000000000000000, 0.000000000000000000 ) ) ;
#1027 = CARTESIAN_POINT ( 'NONE',  ( -6.191426585693163176, 3.322818683960520936, -0.2000000000000000111 ) ) ;
#1028 = PLANE ( 'NONE',  #3089 ) ;
#1029 = LINE ( 'NONE', #1652, #8108 ) ;
#1030 = ORIENTED_EDGE ( 'NONE', *, *, #350, .F. ) ;
#1032 = ORIENTED_EDGE ( 'NONE', *, *, #2839, .T. ) ;
#1031 = CARTESIAN_POINT ( 'NONE',  ( -9.728132794451679999, 0.9722679662604762907, -1.626303258728256651E-16 ) ) ;
#1033 = CARTESIAN_POINT ( 'NONE',  ( -9.287414492709709535, 1.063552874774026602, 0.000000000000000000 ) ) ;
#1034 = CARTESIAN_POINT ( 'NONE',  ( -9.029367350710593598, 0.3476998528558994384, -0.2000000000000000111 ) ) ;
#1035 = CARTESIAN_POINT ( 'NONE',  ( 1.052873749079088928, 1.135728442271708660, -0.2000000000000000389 ) ) ;
#1036 = DIRECTION ( 'NONE',  ( 1.000000000000000000, 0.000000000000000000, 0.000000000000000000 ) ) ;
#1037 = CARTESIAN_POINT ( 'NONE',  ( -5.306071020507059366, 3.604996037120384411, -2.710505431213761085E-17 ) ) ;
#1038 = FACE_OUTER_BOUND ( 'NONE', #4294, .T. ) ;
#1039 = CARTESIAN_POINT ( 'NONE',  ( -7.474158419418107435, 2.650294637957060218, 0.000000000000000000 ) ) ;
#1040 = PLANE ( 'NONE',  #1961 ) ;
#1041 = EDGE_CURVE ( 'NONE', #3505, #1129, #7900, .T. ) ;
#1042 = EDGE_CURVE ( 'NONE', #1009, #3974, #7995, .T. ) ;
#1043 = ORIENTED_EDGE ( 'NONE', *, *, #3094, .F. ) ;
#1044 = EDGE_LOOP ( 'NONE', ( #4255, #233, #6882, #7205 ) ) ;
#1045 = CARTESIAN_POINT ( 'NONE',  ( -10.85473517312060743, 0.5688667969033580629, -0.2000000000000000111 ) ) ;
#1046 = CARTESIAN_POINT ( 'NONE',  ( -8.968082457676420205, 1.512377416868027291, -5.421010862427522170E-17 ) ) ;
#1047 = LINE ( 'NONE', #2121, #1802 ) ;
#1048 = CARTESIAN_POINT ( 'NONE',  ( -12.79999999999993499, 0.8500000000000351719, -8.799999999999998934 ) ) ;
#1049 = CARTESIAN_POINT ( 'NONE',  ( -5.634169936869867890, 0.2413929164670151062, 2.710505431213761085E-17 ) ) ;
#1050 = LINE ( 'NONE', #5027, #7243 ) ;
#1051 = CARTESIAN_POINT ( 'NONE',  ( 2.148702874086961589, 3.066317372066226454, -0.2000000000000000666 ) ) ;
#1052 = EDGE_CURVE ( 'NONE', #4714, #4153, #1857, .T. ) ;
#1053 = EDGE_LOOP ( 'NONE', ( #3480, #6043, #1871, #7999 ) ) ;
#1054 = PLANE ( 'NONE',  #6658 ) ;
#1055 = ORIENTED_EDGE ( 'NONE', *, *, #6429, .F. ) ;
#1056 = CARTESIAN_POINT ( 'NONE',  ( -1.653658536585301375, 2.224613937546329634, -5.421010862427522170E-17 ) ) ;
#1057 = CARTESIAN_POINT ( 'NONE',  ( 4.694324922952930912, -5.822408242112043553, 0.000000000000000000 ) ) ;
#1058 = CARTESIAN_POINT ( 'NONE',  ( -9.800000000000009592, -6.550000000000028244, -1.000000000000000000 ) ) ;
#1059 = CARTESIAN_POINT ( 'NONE',  ( -7.502366979223981325, 2.430671819188302329, -2.710505431213761085E-17 ) ) ;
#1060 = DIRECTION ( 'NONE',  ( -1.000000000000000000, 0.000000000000000000, -0.000000000000000000 ) ) ;
#1061 = CLOSED_SHELL ( 'NONE', ( #7485, #2902, #7414, #1727, #4857, #5726, #4544, #1995, #8793, #4150, #3331, #8365 ) ) ;
#1062 = CARTESIAN_POINT ( 'NONE',  ( -11.05711680535207542, 0.7877000211124108864, 0.000000000000000000 ) ) ;
#1063 = EDGE_CURVE ( 'NONE', #1181, #1129, #3546, .T. ) ;
#1064 = VERTEX_POINT ( 'NONE', #5515 ) ;
#1065 = EDGE_LOOP ( 'NONE', ( #3850, #2559, #5936, #5544 ) ) ;
#1066 = VECTOR ( 'NONE', #8436, 1000.000000000000000 ) ;
#1067 = ORIENTED_EDGE ( 'NONE', *, *, #8002, .F. ) ;
#1068 = B_SPLINE_CURVE_WITH_KNOTS ( 'NONE', 3,
 ( #1980, #1353, #5505, #2114, #4837, #4703, #16, #8290, #7573, #6891, #767, #2153, #104, #7401, #1273, #3993, #6719, #6040, #636 ),
 .UNSPECIFIED., .F., .F.,
 ( 4, 1, 1, 1, 1, 1, 1, 1, 1, 1, 1, 1, 1, 1, 1, 1, 4 ),
 ( 0.000000000000000000, 0.1002084962048787886, 0.1940852928236692643, 0.2812282346903770547, 0.3627523869429880032, 0.4383958411188416671, 0.5077449299920501202, 0.5721536253493331170, 0.6311313209699376259, 0.6856026289775694060, 0.7357021334326442341, 0.7823153508154973013, 0.8269372048975734968, 0.8696653523053670121, 0.9119161863737613727, 0.9548416479107482147, 1.000000000000000000 ),
 .UNSPECIFIED. ) ;
#1069 = FACE_OUTER_BOUND ( 'NONE', #1714, .T. ) ;
#1070 = CARTESIAN_POINT ( 'NONE',  ( -9.192482736855215109, 0.2986457336948106778, -2.710505431213761085E-17 ) ) ;
#1071 = CARTESIAN_POINT ( 'NONE',  ( -12.79999999999993499, 0.8500000000000351719, -8.799999999999998934 ) ) ;
#1072 = CARTESIAN_POINT ( 'NONE',  ( 2.127672177194269931, 3.799722507910384017, -0.2000000000000001221 ) ) ;
#1073 = VECTOR ( 'NONE', #5419, 1000.000000000000000 ) ;
#1074 = DIRECTION ( 'NONE',  ( 0.000000000000000000, 1.000000000000000000, 0.000000000000000000 ) ) ;
#1075 = AXIS2_PLACEMENT_3D ( 'NONE', #1826, #2624, #5352 ) ;
#1076 = EDGE_CURVE ( 'NONE', #4043, #3168, #7581, .T. ) ;
#1077 = CARTESIAN_POINT ( 'NONE',  ( -8.947950181779715351, 1.606400620084494468, -0.2000000000000000111 ) ) ;
#1078 = ORIENTED_EDGE ( 'NONE', *, *, #2995, .F. ) ;
#1079 = CARTESIAN_POINT ( 'NONE',  ( -10.48238978939407851, 1.926829018557159490, -0.2000000000000000111 ) ) ;
#1080 = CARTESIAN_POINT ( 'NONE',  ( -0.3731532160435696022, 3.670264591372187191, -6.776263578034402713E-17 ) ) ;
#1081 = VECTOR ( 'NONE', #6663, 1000.000000000000000 ) ;
#1082 = CARTESIAN_POINT ( 'NONE',  ( 0.3113681871429824777, 1.428637705890950516, -0.2000000000000000111 ) ) ;
#1083 = VECTOR ( 'NONE', #2579, 1000.000000000000000 ) ;
#1084 = CARTESIAN_POINT ( 'NONE',  ( -7.214331220220034702, 1.064524440280507189, -0.2000000000000000666 ) ) ;
#1085 = DIRECTION ( 'NONE',  ( 0.000000000000000000, 1.000000000000000000, 0.000000000000000000 ) ) ;
#1086 = CARTESIAN_POINT ( 'NONE',  ( -10.96165466933390320, 0.6719268418493461459, 8.131516293641283255E-17 ) ) ;
#1087 = DIRECTION ( 'NONE',  ( 1.000000000000000000, 0.000000000000000000, 0.000000000000000000 ) ) ;
#1088 = CARTESIAN_POINT ( 'NONE',  ( -1.441833833014983801, 3.491672032928323510, -2.710505431213761085E-17 ) ) ;
#1089 = LINE ( 'NONE', #3900, #3962 ) ;
#1090 = VECTOR ( 'NONE', #6898, 1000.000000000000000 ) ;
#1091 = AXIS2_PLACEMENT_3D ( 'NONE', #3841, #545, #1163 ) ;
#1092 = VERTEX_POINT ( 'NONE', #8258 ) ;
#1093 = EDGE_LOOP ( 'NONE', ( #2760, #2460 ) ) ;
#1094 = LINE ( 'NONE', #5867, #4217 ) ;
#1095 = CARTESIAN_POINT ( 'NONE',  ( -8.932731115420063261, 1.707689847526860483, -5.421010862427522170E-17 ) ) ;
#1096 = AXIS2_PLACEMENT_3D ( 'NONE', #5597, #4342, #4932 ) ;
#1097 = EDGE_CURVE ( 'NONE', #8854, #1422, #1447, .T. ) ;
#1098 = CARTESIAN_POINT ( 'NONE',  ( 1.133922300079146295, 1.438509011335515453, -0.2000000000000000389 ) ) ;
#1099 = LINE ( 'NONE', #8080, #3630 ) ;
#1100 = CARTESIAN_POINT ( 'NONE',  ( -6.984465336444829475, 0.7732608721399231166, 2.710505431213761085E-17 ) ) ;
#1101 = CARTESIAN_POINT ( 'NONE',  ( 1.223243178938615339, 2.236266007794919464, -0.000000000000000000 ) ) ;
#1102 = DIRECTION ( 'NONE',  ( 0.000000000000000000, -1.000000000000000000, 0.000000000000000000 ) ) ;
#1103 = VECTOR ( 'NONE', #2706, 1000.000000000000000 ) ;
#1104 = ORIENTED_EDGE ( 'NONE', *, *, #8151, .T. ) ;
#1105 = DIRECTION ( 'NONE',  ( 0.000000000000000000, -0.000000000000000000, -1.000000000000000000 ) ) ;
#1106 = ORIENTED_EDGE ( 'NONE', *, *, #3366, .F. ) ;
#1107 = EDGE_CURVE ( 'NONE', #7450, #5316, #7446, .T. ) ;
#1108 = CARTESIAN_POINT ( 'NONE',  ( -6.524462985634461809, 2.858379936812649458, -0.2000000000000000944 ) ) ;
#1109 = CARTESIAN_POINT ( 'NONE',  ( -0.7643602845820210989, 3.011058600752143821, -0.2000000000000000944 ) ) ;
#1110 = CARTESIAN_POINT ( 'NONE',  ( -6.629268292682862551, 2.265772474131694914, -0.1999999999999999833 ) ) ;
#1111 = AXIS2_PLACEMENT_3D ( 'NONE', #13, #2110, #8784 ) ;
#1112 = CARTESIAN_POINT ( 'NONE',  ( -0.5867493737572553325, 1.067404579234859208, -0.2000000000000000111 ) ) ;
#1113 = CARTESIAN_POINT ( 'NONE',  ( -7.429084229077001389, 2.859560875919307410, -0.2000000000000000666 ) ) ;
#1114 = CARTESIAN_POINT ( 'NONE',  ( -5.223034982273691007, 3.603579757176243348, 0.000000000000000000 ) ) ;
#1115 = CARTESIAN_POINT ( 'NONE',  ( -7.477994460765201801, 1.782567255088283176, -0.2000000000000000111 ) ) ;
#1116 = VERTEX_POINT ( 'NONE', #738 ) ;
#1117 = CC_DESIGN_SECURITY_CLASSIFICATION ( #6969, ( #5971 ) ) ;
#1118 = ORIENTED_EDGE ( 'NONE', *, *, #5813, .F. ) ;
#1119 = ORIENTED_EDGE ( 'NONE', *, *, #7143, .F. ) ;
#1120 = DIRECTION ( 'NONE',  ( 0.000000000000000000, 0.000000000000000000, -1.000000000000000000 ) ) ;
#1121 = ADVANCED_FACE ( 'NONE', ( #8798 ), #2122, .F. ) ;
#1122 = CARTESIAN_POINT ( 'NONE',  ( -2.239024390243838258, 2.093516376570719206, -0.2000000000000000111 ) ) ;
#1123 = FACE_OUTER_BOUND ( 'NONE', #6322, .T. ) ;
#1124 = DIRECTION ( 'NONE',  ( -1.000000000000000000, 0.000000000000000000, 0.000000000000000000 ) ) ;
#1125 = CARTESIAN_POINT ( 'NONE',  ( -4.950279387200705372, 3.567389204242767509, -0.2000000000000000944 ) ) ;
#1126 = CARTESIAN_POINT ( 'NONE',  ( -0.4031085372615904605, 4.322701421155245249, -0.2000000000000000666 ) ) ;
#1127 = ORIENTED_EDGE ( 'NONE', *, *, #2302, .F. ) ;
#1128 = DIRECTION ( 'NONE',  ( -1.000000000000000000, 6.484938541143236834E-16, 0.000000000000000000 ) ) ;
#1129 = VERTEX_POINT ( 'NONE', #4001 ) ;
#1130 = CARTESIAN_POINT ( 'NONE',  ( 0.3946939731005876251, 2.229434755835566939, -0.2000000000000000111 ) ) ;
#1131 = EDGE_CURVE ( 'NONE', #7942, #3880, #4845, .T. ) ;
#1132 = CARTESIAN_POINT ( 'NONE',  ( 0.2303810196112516528, 0.3046097766090025138, -0.2000000000000001221 ) ) ;
#1133 = CARTESIAN_POINT ( 'NONE',  ( 2.722755433379802970, 4.065551786606570239, -0.2000000000000000111 ) ) ;
#1134 = DIRECTION ( 'NONE',  ( 0.000000000000000000, 0.000000000000000000, 1.000000000000000000 ) ) ;
#1135 = CARTESIAN_POINT ( 'NONE',  ( -8.921951219512131104, 4.288638327790232019, 0.000000000000000000 ) ) ;
#1136 = CARTESIAN_POINT ( 'NONE',  ( -7.502366979223981325, 2.430671819188302329, 0.000000000000000000 ) ) ;
#1137 = CARTESIAN_POINT ( 'NONE',  ( 4.694324922952930912, -5.822408242112043553, -0.2000000000000000111 ) ) ;
#1138 = ORIENTED_EDGE ( 'NONE', *, *, #5524, .F. ) ;
#1139 = ORIENTED_EDGE ( 'NONE', *, *, #4188, .T. ) ;
#1140 = CARTESIAN_POINT ( 'NONE',  ( -11.36097560975603216, 1.973851742424377997, 2.710505431213761085E-17 ) ) ;
#1141 = CARTESIAN_POINT ( 'NONE',  ( 1.221542165398336488, 2.556415561823167426, 0.000000000000000000 ) ) ;
#1142 = PLANE ( 'NONE',  #8670 ) ;
#1143 = CARTESIAN_POINT ( 'NONE',  ( 4.694324922952930912, -5.822408242112043553, -0.2000000000000000111 ) ) ;
#1144 = CARTESIAN_POINT ( 'NONE',  ( -4.470729613323554119, 1.195893622612791640, -0.2000000000000000111 ) ) ;
#1145 = CARTESIAN_POINT ( 'NONE',  ( -6.495196441223255235, 2.924956708823938101, 0.000000000000000000 ) ) ;
#1146 = CARTESIAN_POINT ( 'NONE',  ( -5.129311544189858907, 4.329388372975644828, -0.2000000000000000389 ) ) ;
#1147 = ORIENTED_EDGE ( 'NONE', *, *, #5843, .F. ) ;
#1148 = EDGE_CURVE ( 'NONE', #4186, #5318, #607, .T. ) ;
#1149 = PLANE ( 'NONE',  #6941 ) ;
#1150 = VERTEX_POINT ( 'NONE', #3458 ) ;
#1151 = CARTESIAN_POINT ( 'NONE',  ( -7.157410510440904261, 0.9772750147704228896, -6.776263578034401480E-17 ) ) ;
#1152 = FACE_OUTER_BOUND ( 'NONE', #1411, .T. ) ;
#1153 = CARTESIAN_POINT ( 'NONE',  ( -8.094922144476045744, 1.903358245412708039, -0.2000000000000000666 ) ) ;
#1154 = CARTESIAN_POINT ( 'NONE',  ( -0.5360522519604586922, 1.007708864044948527, -0.2000000000000000111 ) ) ;
#1155 = CARTESIAN_POINT ( 'NONE',  ( -0.4031085372615900164, 4.322701421155245249, -6.776263578034400247E-17 ) ) ;
#1156 = CARTESIAN_POINT ( 'NONE',  ( -5.537528093392332096, 0.9742816644487641842, -8.131516293641283255E-17 ) ) ;
#1157 = CARTESIAN_POINT ( 'NONE',  ( -9.755030487804813077, 0.2398578399853534548, 0.000000000000000000 ) ) ;
#1158 = ADVANCED_FACE ( 'NONE', ( #65 ), #6767, .T. ) ;
#1159 = ORIENTED_EDGE ( 'NONE', *, *, #2416, .F. ) ;
#1160 = EDGE_CURVE ( 'NONE', #1020, #8239, #6743, .T. ) ;
#1161 = ORIENTED_EDGE ( 'NONE', *, *, #3598, .T. ) ;
#1162 = ORIENTED_EDGE ( 'NONE', *, *, #7663, .T. ) ;
#1163 = DIRECTION ( 'NONE',  ( 1.000000000000000000, 0.000000000000000000, 0.000000000000000000 ) ) ;
#1164 = LINE ( 'NONE', #4643, #7927 ) ;
#1165 = CARTESIAN_POINT ( 'NONE',  ( -9.244886892375269838, 1.088700932922075593, 5.421010862427523403E-17 ) ) ;
#1166 = CARTESIAN_POINT ( 'NONE',  ( 17.80000000000000426, 13.20133359925599059, -2.999999999999999112 ) ) ;
#1167 = CARTESIAN_POINT ( 'NONE',  ( -4.434146341463349295, 3.361809059497548713, -0.2000000000000000111 ) ) ;
#1168 = CARTESIAN_POINT ( 'NONE',  ( -0.7558173370619151177, 4.229361666071773662, -0.2000000000000000666 ) ) ;
#1169 = EDGE_CURVE ( 'NONE', #629, #772, #5388, .T. ) ;
#1170 = EDGE_LOOP ( 'NONE', ( #7547, #4606, #8171, #7673 ) ) ;
#1171 = CARTESIAN_POINT ( 'NONE',  ( -0.2188176068839543797, 3.702435335660405169, -0.2000000000000000111 ) ) ;
#1172 = ORIENTED_EDGE ( 'NONE', *, *, #8163, .F. ) ;
#1173 = PLANE ( 'NONE',  #1244 ) ;
#1174 = DIRECTION ( 'NONE',  ( -0.000000000000000000, -0.000000000000000000, 1.000000000000000000 ) ) ;
#1175 = CARTESIAN_POINT ( 'NONE',  ( -5.481497517560738331, 4.335803569890088305, 0.000000000000000000 ) ) ;
#1176 = CARTESIAN_POINT ( 'NONE',  ( -4.535410242896399602, 3.420543611025968822, -2.710505431213761085E-17 ) ) ;
#1177 = DIRECTION ( 'NONE',  ( -0.000000000000000000, -0.000000000000000000, 1.000000000000000000 ) ) ;
#1178 = CARTESIAN_POINT ( 'NONE',  ( -7.281498239866459166, 3.245501431644545853, 0.000000000000000000 ) ) ;
#1179 = LINE ( 'NONE', #5864, #3811 ) ;
#1180 = EDGE_CURVE ( 'NONE', #6621, #7576, #3123, .T. ) ;
#1181 = VERTEX_POINT ( 'NONE', #903 ) ;
#1182 = ORIENTED_EDGE ( 'NONE', *, *, #5354, .T. ) ;
#1183 = CARTESIAN_POINT ( 'NONE',  ( -0.2784780072866337997, 0.8771037563769134016, -2.710505431213761085E-17 ) ) ;
#1184 = B_SPLINE_SURFACE_WITH_KNOTS ( 'NONE', 3, 1, ( 
 ( #1330, #787 ),
 ( #5479, #8857 ),
 ( #8347, #2880 ),
 ( #2211, #7457 ),
 ( #4049, #1416 ),
 ( #2040, #6778 ),
 ( #5441, #4763 ),
 ( #1374, #1456 ),
 ( #4139, #6869 ),
 ( #3467, #5528 ),
 ( #2801, #2130 ),
 ( #4854, #6457 ),
 ( #4308, #912 ),
 ( #1006, #5070 ),
 ( #3636, #8530 ),
 ( #2921, #6368 ),
 ( #7858, #5650 ),
 ( #2973, #8393 ),
 ( #3688, #2340 ) ),
 .UNSPECIFIED., .F., .F., .F.,
 ( 4, 1, 1, 1, 1, 1, 1, 1, 1, 1, 1, 1, 1, 1, 1, 1, 4 ),
 ( 2, 2 ),
 ( 0.000000000000000000, 0.06034108550852539804, 0.1174195266180198399, 0.1716573403064713121, 0.2243705417318092032, 0.2757896563073491958, 0.3271934383480816222, 0.3793108132230596508, 0.4334044840500690388, 0.4896982384588869364, 0.5492711507178545949, 0.6125455515278684926, 0.6800022589254623995, 0.7522771727263297681, 0.8296272071942670800, 0.9120267737507785633, 0.9999999999999998890 ),
 ( 0.000000000000000000, 1.000000000000000000 ),
 .UNSPECIFIED. ) ;
#1185 = CARTESIAN_POINT ( 'NONE',  ( 2.834146341463479768, 0.2886383277902315192, -0.2000000000000000111 ) ) ;
#1186 = CARTESIAN_POINT ( 'NONE',  ( -9.287414492709709535, 1.063552874774026602, -5.421010862427522170E-17 ) ) ;
#1187 = CARTESIAN_POINT ( 'NONE',  ( 6.227808503120347616, 1.942992058381624698, -0.2000000000000000111 ) ) ;
#1188 = CARTESIAN_POINT ( 'NONE',  ( 6.227808503120348504, -8.113779781068901187, -0.2000000000000000111 ) ) ;
#1189 = CARTESIAN_POINT ( 'NONE',  ( -6.847533852934026832, 0.6477779038800169920, 2.710505431213761085E-17 ) ) ;
#1190 = CARTESIAN_POINT ( 'NONE',  ( -6.092475882770434836, 3.398694402938128079, -0.2000000000000000111 ) ) ;
#1191 = DIRECTION ( 'NONE',  ( -2.168404344971008868E-16, 1.000000000000000000, 0.000000000000000000 ) ) ;
#1192 = EDGE_CURVE ( 'NONE', #1344, #6185, #950, .T. ) ;
#1193 = ORIENTED_EDGE ( 'NONE', *, *, #7966, .T. ) ;
#1194 = DIRECTION ( 'NONE',  ( 0.000000000000000000, -1.000000000000000000, -0.000000000000000000 ) ) ;
#1195 = ORIENTED_EDGE ( 'NONE', *, *, #563, .F. ) ;
#1196 = FACE_OUTER_BOUND ( 'NONE', #6166, .T. ) ;
#1197 = CARTESIAN_POINT ( 'NONE',  ( 13.79999999999999716, -14.19999999999999929, -14.69999999999998863 ) ) ;
#1198 = CARTESIAN_POINT ( 'NONE',  ( -5.986255008525100507, 3.463146054101460258, 2.710505431213761085E-17 ) ) ;
#1199 = LINE ( 'NONE', #3336, #530 ) ;
#1200 = CARTESIAN_POINT ( 'NONE',  ( -4.874255894265350442, 4.300593333569241672, -0.2000000000000000111 ) ) ;
#1201 = CARTESIAN_POINT ( 'NONE',  ( -4.535410242896399602, 3.420543611025968822, -0.2000000000000000111 ) ) ;
#1202 = VERTEX_POINT ( 'NONE', #2161 ) ;
#1203 = B_SPLINE_SURFACE_WITH_KNOTS ( 'NONE', 3, 1, ( 
 ( #4337, #3139 ),
 ( #8513, #2287 ),
 ( #6442, #7121 ),
 ( #5857, #6399 ),
 ( #8560, #2327 ),
 ( #3755, #281 ),
 ( #5151, #8602 ),
 ( #5055, #3000 ),
 ( #321, #3042 ),
 ( #6581, #7843 ),
 ( #2377, #2463 ),
 ( #1705, #4432 ),
 ( #7164, #5194 ),
 ( #1034, #6486 ),
 ( #5815, #7931 ),
 ( #369, #6674 ),
 ( #1927, #8742 ),
 ( #2600, #3893 ),
 ( #503, #6754 ) ),
 .UNSPECIFIED., .F., .F., .F.,
 ( 4, 1, 1, 1, 1, 1, 1, 1, 1, 1, 1, 1, 1, 1, 1, 1, 4 ),
 ( 2, 2 ),
 ( 0.000000000000000000, 0.07724814204874209944, 0.1495958238634826631, 0.2179968127121625077, 0.2822495463593093779, 0.3432724701215131291, 0.4013506071082023063, 0.4575125444771767080, 0.5123555380460841358, 0.5667795932781992674, 0.6214587999768178550, 0.6775318703171349100, 0.7354964749904905341, 0.7961744540293839156, 0.8601136445423345211, 0.9279327006528396149, 0.9999999999999998890 ),
 ( 0.000000000000000000, 1.000000000000000000 ),
 .UNSPECIFIED. ) ;
#1204 = ORIENTED_EDGE ( 'NONE', *, *, #1419, .F. ) ;
#1205 = EDGE_LOOP ( 'NONE', ( #978, #5854, #268, #2580 ) ) ;
#1206 = LINE ( 'NONE', #5406, #1655 ) ;
#1207 = CARTESIAN_POINT ( 'NONE',  ( -0.2689834511782322468, 3.700790051299367445, 0.000000000000000000 ) ) ;
#1208 = CARTESIAN_POINT ( 'NONE',  ( -5.504761471134832718, 0.2403551385968781540, -0.2000000000000000111 ) ) ;
#1209 = CC_DESIGN_DATE_AND_TIME_ASSIGNMENT ( #6282, #78, ( #6969 ) ) ;
#1210 = LINE ( 'NONE', #3268, #2960 ) ;
#1211 = EDGE_CURVE ( 'NONE', #5664, #7277, #4299, .T. ) ;
#1212 = DIRECTION ( 'NONE',  ( 2.040851148207997891E-16, -1.000000000000000000, 0.000000000000000000 ) ) ;
#1213 = CARTESIAN_POINT ( 'NONE',  ( -0.4626100998283216859, 4.313028175248688534, -0.2000000000000000666 ) ) ;
#1214 = VECTOR ( 'NONE', #1003, 1000.000000000000000 ) ;
#1215 = ORIENTED_EDGE ( 'NONE', *, *, #1233, .T. ) ;
#1216 = CARTESIAN_POINT ( 'NONE',  ( -0.8038219242361133166, 2.737136786722114579, -1.897353801849632760E-16 ) ) ;
#1217 = VERTEX_POINT ( 'NONE', #3625 ) ;
#1218 = DIRECTION ( 'NONE',  ( 0.000000000000000000, 0.000000000000000000, 1.000000000000000000 ) ) ;
#1219 = CARTESIAN_POINT ( 'NONE',  ( 6.879450486378559049, -8.113779781068901187, -0.2000000000000000111 ) ) ;
#1220 = VECTOR ( 'NONE', #1232, 1000.000000000000000 ) ;
#1221 = VECTOR ( 'NONE', #697, 1000.000000000000000 ) ;
#1222 = CARTESIAN_POINT ( 'NONE',  ( -7.474158419418107435, 2.650294637957060218, -0.2000000000000000111 ) ) ;
#1223 = EDGE_CURVE ( 'NONE', #1587, #7534, #5130, .T. ) ;
#1224 = CARTESIAN_POINT ( 'NONE',  ( -11.35797679789408399, 1.768141955855556224, 8.131516293641283255E-17 ) ) ;
#1225 = DIRECTION ( 'NONE',  ( -0.000000000000000000, 1.000000000000000000, -0.000000000000000000 ) ) ;
#1226 = CARTESIAN_POINT ( 'NONE',  ( 6.879450486378557272, -1.849989268083281901, -0.2000000000000000111 ) ) ;
#1227 = LINE ( 'NONE', #7893, #2818 ) ;
#1228 = VECTOR ( 'NONE', #946, 1000.000000000000000 ) ;
#1229 = ORIENTED_EDGE ( 'NONE', *, *, #2738, .T. ) ;
#1230 = ORIENTED_EDGE ( 'NONE', *, *, #868, .F. ) ;
#1231 = CARTESIAN_POINT ( 'NONE',  ( -0.2092987804877405600, 0.8740041814487682359, -2.710505431213761085E-17 ) ) ;
#1232 = DIRECTION ( 'NONE',  ( -0.000000000000000000, -0.000000000000000000, 1.000000000000000000 ) ) ;
#1233 = EDGE_CURVE ( 'NONE', #3029, #915, #325, .T. ) ;
#1234 = CARTESIAN_POINT ( 'NONE',  ( -0.1807527877529121474, 0.2414093293324949818, -2.710505431213761085E-17 ) ) ;
#1235 = CARTESIAN_POINT ( 'NONE',  ( -5.358410621779736260, 0.9722926101435054314, -0.000000000000000000 ) ) ;
#1236 = CARTESIAN_POINT ( 'NONE',  ( -7.477994460765201801, 1.782567255088283176, 2.710505431213761085E-17 ) ) ;
#1237 = AXIS2_PLACEMENT_3D ( 'NONE', #8406, #5795, #7912 ) ;
#1238 = CARTESIAN_POINT ( 'NONE',  ( -6.543529618315411689, 2.806547661223617318, -0.2000000000000000111 ) ) ;
#1239 = CARTESIAN_POINT ( 'NONE',  ( -4.874255894265350442, 4.300593333569241672, -2.710505431213761085E-17 ) ) ;
#1240 = VECTOR ( 'NONE', #1578, 1000.000000000000000 ) ;
#1241 = ORIENTED_EDGE ( 'NONE', *, *, #7525, .T. ) ;
#1242 = VECTOR ( 'NONE', #1212, 1000.000000000000000 ) ;
#1243 = LINE ( 'NONE', #2036, #8097 ) ;
#1244 = AXIS2_PLACEMENT_3D ( 'NONE', #5951, #8781, #8832 ) ;
#1245 = EDGE_LOOP ( 'NONE', ( #2536, #4014, #2629, #5213 ) ) ;
#1246 = EDGE_CURVE ( 'NONE', #8001, #7554, #4259, .T. ) ;
#1247 = DIRECTION ( 'NONE',  ( 0.000000000000000000, -1.000000000000000000, 0.000000000000000000 ) ) ;
#1248 = CARTESIAN_POINT ( 'NONE',  ( -0.6273221111811182471, 3.422787475092496035, -0.2000000000000000944 ) ) ;
#1249 = CARTESIAN_POINT ( 'NONE',  ( -8.143374535115405877, 1.438117463436384691, -0.1999999999999999556 ) ) ;
#1250 = CARTESIAN_POINT ( 'NONE',  ( -0.8152558575379187378, 1.927224909886061432, -0.2000000000000000111 ) ) ;
#1251 =( LENGTH_UNIT ( ) NAMED_UNIT ( * ) SI_UNIT ( .MILLI., .METRE. ) );
#1252 = CARTESIAN_POINT ( 'NONE',  ( -5.668455463024437258, 0.9914638732598725079, -8.131516293641283255E-17 ) ) ;
#1253 = AXIS2_PLACEMENT_3D ( 'NONE', #7353, #468, #7216 ) ;
#1254 = ORIENTED_EDGE ( 'NONE', *, *, #1440, .T. ) ;
#1255 = ORIENTED_EDGE ( 'NONE', *, *, #7461, .T. ) ;
#1256 = VECTOR ( 'NONE', #6049, 1000.000000000000000 ) ;
#1257 = DIRECTION ( 'NONE',  ( -0.000000000000000000, -0.000000000000000000, 1.000000000000000000 ) ) ;
#1258 = CARTESIAN_POINT ( 'NONE',  ( -4.434146341463349295, 4.184979791204865407, -0.2000000000000000111 ) ) ;
#1259 = CARTESIAN_POINT ( 'NONE',  ( -5.504761471134832718, 0.2403551385968781540, 0.000000000000000000 ) ) ;
#1260 = CARTESIAN_POINT ( 'NONE',  ( -14.40000000000000213, 14.20133359925599414, -14.69999999999998863 ) ) ;
#1261 = CARTESIAN_POINT ( 'NONE',  ( 10.20000000000000639, -8.800000000000006040, 0.000000000000000000 ) ) ;
#1262 = CARTESIAN_POINT ( 'NONE',  ( -9.665048511964871025, 0.9722247071336324042, -0.2000000000000000111 ) ) ;
#1263 = VECTOR ( 'NONE', #3277, 1000.000000000000000 ) ;
#1264 = ORIENTED_EDGE ( 'NONE', *, *, #981, .F. ) ;
#1265 = ADVANCED_FACE ( 'NONE', ( #2872 ), #7797, .T. ) ;
#1266 = PLANE ( 'NONE',  #1947 ) ;
#1267 = ORIENTED_EDGE ( 'NONE', *, *, #2024, .F. ) ;
#1268 = CARTESIAN_POINT ( 'NONE',  ( -9.557563545111674941, 0.2431840326327392721, -0.2000000000000000111 ) ) ;
#1269 = CARTESIAN_POINT ( 'NONE',  ( 0.3137657622480861108, 3.146854898740370832, -2.710505431213761085E-17 ) ) ;
#1270 = CARTESIAN_POINT ( 'NONE',  ( 1.965931225664943494, 3.750746688269235296, -0.000000000000000000 ) ) ;
#1271 = DIRECTION ( 'NONE',  ( 0.000000000000000000, -0.000000000000000000, 1.000000000000000000 ) ) ;
#1272 = CARTESIAN_POINT ( 'NONE',  ( 9.700000000000004619, -8.800000000000004263, -1.000000000000000000 ) ) ;
#1273 = CARTESIAN_POINT ( 'NONE',  ( -0.4192504286391782742, 0.9203946217287056752, 0.000000000000000000 ) ) ;
#1274 = DIRECTION ( 'NONE',  ( 0.000000000000000000, -1.000000000000000000, 0.000000000000000000 ) ) ;
#1275 = VERTEX_POINT ( 'NONE', #1614 ) ;
#1276 = EDGE_CURVE ( 'NONE', #2819, #4033, #4341, .T. ) ;
#1277 = EDGE_LOOP ( 'NONE', ( #8580, #945, #793, #5241 ) ) ;
#1278 = CARTESIAN_POINT ( 'NONE',  ( -8.921951219512131104, 4.288638327790232019, -0.2000000000000000111 ) ) ;
#1279 = FACE_OUTER_BOUND ( 'NONE', #1345, .T. ) ;
#1280 = CARTESIAN_POINT ( 'NONE',  ( 1.907317073170796240, 3.732998083887792529, 0.000000000000000000 ) ) ;
#1281 = CARTESIAN_POINT ( 'NONE',  ( -9.637200580031899833, 0.9728116477942960749, -0.2000000000000000944 ) ) ;
#1282 = CARTESIAN_POINT ( 'NONE',  ( 1.016144153040730025, 1.081422035617684685, 0.000000000000000000 ) ) ;
#1283 = B_SPLINE_SURFACE_WITH_KNOTS ( 'NONE', 3, 1, ( 
 ( #6802, #8834 ),
 ( #6623, #2562 ),
 ( #3406, #5330 ),
 ( #6715, #8701 ),
 ( #5289, #2691 ),
 ( #7396, #506 ),
 ( #8066, #556 ),
 ( #2017, #8024 ),
 ( #1886, #682 ),
 ( #4658, #4608 ),
 ( #5998, #7475 ),
 ( #6675, #1269 ),
 ( #3988, #3314 ),
 ( #101, #4157 ),
 ( #6887, #764 ),
 ( #852, #4916 ),
 ( #3483, #8367 ),
 ( #2773, #6212 ),
 ( #7699, #5500 ) ),
 .UNSPECIFIED., .F., .F., .F.,
 ( 4, 1, 1, 1, 1, 1, 1, 1, 1, 1, 1, 1, 1, 1, 1, 1, 4 ),
 ( 2, 2 ),
 ( 0.000000000000000000, 0.04224655478444816481, 0.08333585432209167365, 0.1234881122823133781, 0.1649477835226267342, 0.2081999208931578638, 0.2539713494543630601, 0.3043909873964131263, 0.3589034582944689022, 0.4182320854640373398, 0.4831920760328213271, 0.5541890731936561787, 0.6308194984980188824, 0.7133593567801592705, 0.8024035851518189766, 0.8980698378956111227, 1.000000000000000000 ),
 ( 0.000000000000000000, 1.000000000000000000 ),
 .UNSPECIFIED. ) ;
#1284 = ORIENTED_EDGE ( 'NONE', *, *, #6196, .T. ) ;
#1285 = EDGE_CURVE ( 'NONE', #7554, #2840, #6403, .T. ) ;
#1286 = CARTESIAN_POINT ( 'NONE',  ( 0.1613443003682749344, 1.073650162702202593, -0.2000000000000000111 ) ) ;
#1287 = EDGE_LOOP ( 'NONE', ( #841, #5909, #5775, #5336 ) ) ;
#1288 = CARTESIAN_POINT ( 'NONE',  ( -6.082304552901853789, 0.2879994664791565850, -1.084202172485504434E-16 ) ) ;
#1289 = CARTESIAN_POINT ( 'NONE',  ( -0.7380934241277767871, 3.131094896273260098, 2.710505431213761085E-17 ) ) ;
#1290 = CARTESIAN_POINT ( 'NONE',  ( -6.191426585693163176, 3.322818683960520936, -0.1999999999999999833 ) ) ;
#1291 = CARTESIAN_POINT ( 'NONE',  ( 1.224390243902504727, 2.316839547302426805, 0.000000000000000000 ) ) ;
#1292 = DIRECTION ( 'NONE',  ( 0.000000000000000000, -0.000000000000000000, -1.000000000000000000 ) ) ;
#1293 = ORIENTED_EDGE ( 'NONE', *, *, #3607, .T. ) ;
#1294 = EDGE_CURVE ( 'NONE', #4924, #8175, #3586, .T. ) ;
#1295 = EDGE_LOOP ( 'NONE', ( #619, #3829, #1539, #2273 ) ) ;
#1296 = CARTESIAN_POINT ( 'NONE',  ( -7.179945397077235114, 3.422273462091831142, -0.2000000000000000111 ) ) ;
#1297 = CARTESIAN_POINT ( 'NONE',  ( -11.25765588368931347, 1.196096021252303743, -0.2000000000000000111 ) ) ;
#1298 = PLANE ( 'NONE',  #5640 ) ;
#1299 = LINE ( 'NONE', #3930, #5255 ) ;
#1300 = CARTESIAN_POINT ( 'NONE',  ( -18.39999999999999503, 8.850000000000040501, -1.000000000000000000 ) ) ;
#1301 = CARTESIAN_POINT ( 'NONE',  ( -8.968082457676420205, 1.512377416868027291, -0.2000000000000000111 ) ) ;
#1302 = EDGE_CURVE ( 'NONE', #4815, #1735, #6310, .T. ) ;
#1303 = ORIENTED_EDGE ( 'NONE', *, *, #8745, .F. ) ;
#1304 = DIRECTION ( 'NONE',  ( 0.000000000000000000, -0.000000000000000000, 1.000000000000000000 ) ) ;
#1305 = ORIENTED_EDGE ( 'NONE', *, *, #8500, .T. ) ;
#1306 = CARTESIAN_POINT ( 'NONE',  ( 0.000000000000000000, 0.000000000000000000, -8.799999999999998934 ) ) ;
#1307 = LINE ( 'NONE', #2642, #1073 ) ;
#1308 = CARTESIAN_POINT ( 'NONE',  ( -9.962908525449838848, 1.004703383055651988, 0.000000000000000000 ) ) ;
#1309 = CARTESIAN_POINT ( 'NONE',  ( -5.567493911366273807, -7.375133543765119093, -1.000000000000000000 ) ) ;
#1310 = CARTESIAN_POINT ( 'NONE',  ( -9.935439192253403107, 0.9964573704486985317, -0.2000000000000000666 ) ) ;
#1311 = CARTESIAN_POINT ( 'NONE',  ( 6.227808503120347616, 1.942992058381624698, -0.2000000000000000111 ) ) ;
#1312 = B_SPLINE_SURFACE_WITH_KNOTS ( 'NONE', 3, 1, ( 
 ( #2364, #5096 ),
 ( #1782, #4378 ),
 ( #5005, #7109 ),
 ( #2317, #3746 ),
 ( #6527, #5141 ),
 ( #6475, #3793 ),
 ( #5185, #7153 ),
 ( #6432, #933 ),
 ( #3660, #357 ),
 ( #6389, #5712 ),
 ( #3130, #1601 ),
 ( #4465, #2990 ),
 ( #409, #1025 ),
 ( #8413, #5805 ),
 ( #1693, #1070 ),
 ( #3082, #270 ),
 ( #5045, #7878 ),
 ( #7199, #7780 ),
 ( #3611, #5848 ) ),
 .UNSPECIFIED., .F., .F., .F.,
 ( 4, 1, 1, 1, 1, 1, 1, 1, 1, 1, 1, 1, 1, 1, 1, 1, 4 ),
 ( 2, 2 ),
 ( 0.000000000000000000, 0.07724814204874209944, 0.1495958238634826631, 0.2179968127121625077, 0.2822495463593093779, 0.3432724701215131291, 0.4013506071082023063, 0.4575125444771767080, 0.5123555380460841358, 0.5667795932781992674, 0.6214587999768178550, 0.6775318703171349100, 0.7354964749904905341, 0.7961744540293839156, 0.8601136445423345211, 0.9279327006528396149, 0.9999999999999998890 ),
 ( 0.000000000000000000, 1.000000000000000000 ),
 .UNSPECIFIED. ) ;
#1313 = CARTESIAN_POINT ( 'NONE',  ( -9.755030487804813077, 0.2398578399853534548, -2.710505431213761085E-17 ) ) ;
#1314 = EDGE_LOOP ( 'NONE', ( #8131, #1147, #7106, #3200 ) ) ;
#1315 = VERTEX_POINT ( 'NONE', #5637 ) ;
#1316 = CARTESIAN_POINT ( 'NONE',  ( -9.800000000000009592, -8.550000000000027356, -8.799999999999998934 ) ) ;
#1317 = CARTESIAN_POINT ( 'NONE',  ( 10.20000000000000639, -8.800000000000006040, 0.000000000000000000 ) ) ;
#1318 = PLANE ( 'NONE',  #8374 ) ;
#1319 = CARTESIAN_POINT ( 'NONE',  ( -6.585255114229059181, 1.861306878864939618, -0.2000000000000000111 ) ) ;
#1320 = ADVANCED_FACE ( 'NONE', ( #8382 ), #996, .T. ) ;
#1321 = CARTESIAN_POINT ( 'NONE',  ( 0.5714933933504563468, 4.142785288942580024, -8.131516293641283255E-17 ) ) ;
#1322 = EDGE_CURVE ( 'NONE', #6927, #2385, #6678, .T. ) ;
#1323 = CARTESIAN_POINT ( 'NONE',  ( -7.649873333299994194, -8.198666400744007987, -10.00000000000000000 ) ) ;
#1324 = ORIENTED_EDGE ( 'NONE', *, *, #5923, .T. ) ;
#1325 = ORIENTED_EDGE ( 'NONE', *, *, #3411, .F. ) ;
#1326 = DIRECTION ( 'NONE',  ( -1.000000000000000000, 0.000000000000000000, 0.000000000000000000 ) ) ;
#1327 = ORIENTED_EDGE ( 'NONE', *, *, #4372, .F. ) ;
#1328 = CARTESIAN_POINT ( 'NONE',  ( 6.879450486378559049, -5.822408242112043553, -0.2000000000000000111 ) ) ;
#1329 = CARTESIAN_POINT ( 'NONE',  ( 6.227808503120348504, -8.113779781068901187, 0.000000000000000000 ) ) ;
#1330 = CARTESIAN_POINT ( 'NONE',  ( -0.1605182926828624679, 4.337418815595110111, -0.2000000000000000666 ) ) ;
#1331 = CARTESIAN_POINT ( 'NONE',  ( -0.8243902439023734763, 2.245193205839012052, -8.131516293641283255E-17 ) ) ;
#1332 = CARTESIAN_POINT ( 'NONE',  ( -4.998905992912844098, 4.317040192604685522, -0.2000000000000000111 ) ) ;
#1333 = CARTESIAN_POINT ( 'NONE',  ( -5.634169936869867890, 0.2413929164670151062, -0.000000000000000000 ) ) ;
#1334 = EDGE_CURVE ( 'NONE', #4697, #6012, #3897, .T. ) ;
#1335 = ORIENTED_EDGE ( 'NONE', *, *, #6599, .T. ) ;
#1336 = ORIENTED_EDGE ( 'NONE', *, *, #5546, .F. ) ;
#1337 = DIRECTION ( 'NONE',  ( -0.000000000000000000, -0.000000000000000000, 1.000000000000000000 ) ) ;
#1338 = CARTESIAN_POINT ( 'NONE',  ( 1.201549054791527960, 1.838705747775955857, 5.421010862427523403E-17 ) ) ;
#1339 = CARTESIAN_POINT ( 'NONE',  ( -4.796811348701718991, 0.3192985148002455142, -0.2000000000000000111 ) ) ;
#1340 = DIRECTION ( 'NONE',  ( -1.711898167082374773E-16, 1.000000000000000000, -0.000000000000000000 ) ) ;
#1341 = EDGE_CURVE ( 'NONE', #4705, #2883, #8564, .T. ) ;
#1342 = LINE ( 'NONE', #1300, #5101 ) ;
#1343 = CARTESIAN_POINT ( 'NONE',  ( -9.604274437222224847, 0.9735056200454613728, -0.2000000000000000111 ) ) ;
#1344 = VERTEX_POINT ( 'NONE', #374 ) ;
#1345 = EDGE_LOOP ( 'NONE', ( #8620, #8353, #3312, #6076, #1453, #330, #5355, #4015, #6416, #6395, #3221, #3179 ) ) ;
#1346 = CARTESIAN_POINT ( 'NONE',  ( -8.406941205763459379, 0.8020652634605823783, -0.2000000000000000111 ) ) ;
#1347 = CARTESIAN_POINT ( 'NONE',  ( -9.028991890894692673, 1.346828451703560248, -5.421010862427522170E-17 ) ) ;
#1348 = CARTESIAN_POINT ( 'NONE',  ( -4.467549704822378231, 4.197312397663100825, -0.000000000000000000 ) ) ;
#1349 = CARTESIAN_POINT ( 'NONE',  ( -5.188031907773310358, 3.601311306514596300, -2.710505431213761701E-17 ) ) ;
#1350 = ADVANCED_FACE ( 'NONE', ( #1798 ), #8705, .F. ) ;
#1351 = CARTESIAN_POINT ( 'NONE',  ( -6.610771520554814096, 1.989736775340948283, -0.2000000000000000111 ) ) ;
#1352 = CARTESIAN_POINT ( 'NONE',  ( -9.994431197139522993, 1.013776827665480829, -0.2000000000000000666 ) ) ;
#1353 = CARTESIAN_POINT ( 'NONE',  ( -0.8240783704643577234, 2.189794896137515323, -0.000000000000000000 ) ) ;
#1354 = CARTESIAN_POINT ( 'NONE',  ( -0.002699214521011197420, 0.9220648124312296190, 0.000000000000000000 ) ) ;
#1355 = ORIENTED_EDGE ( 'NONE', *, *, #3094, .T. ) ;
#1356 = VERTEX_POINT ( 'NONE', #559 ) ;
#1357 = LINE ( 'NONE', #4080, #3209 ) ;
#1358 = VECTOR ( 'NONE', #3820, 1000.000000000000000 ) ;
#1359 = CARTESIAN_POINT ( 'NONE',  ( -11.36097560975603216, 4.288638327790232019, 0.000000000000000000 ) ) ;
#1360 = FACE_OUTER_BOUND ( 'NONE', #627, .T. ) ;
#1361 = CARTESIAN_POINT ( 'NONE',  ( -6.628232238980919178, 2.218220338611985643, -0.2000000000000000111 ) ) ;
#1362 = DIRECTION ( 'NONE',  ( -0.000000000000000000, -1.000000000000000000, -0.000000000000000000 ) ) ;
#1363 = CARTESIAN_POINT ( 'NONE',  ( -5.402134146341399656, 0.9715651570585243091, 8.131516293641283255E-17 ) ) ;
#1364 = VECTOR ( 'NONE', #271, 1000.000000000000000 ) ;
#1365 = VECTOR ( 'NONE', #8248, 1000.000000000000000 ) ;
#1366 = ORIENTED_EDGE ( 'NONE', *, *, #1076, .T. ) ;
#1367 = CARTESIAN_POINT ( 'NONE',  ( -13.50000000000000533, -13.19999999999999929, -14.69999999999998863 ) ) ;
#1368 = EDGE_CURVE ( 'NONE', #885, #267, #1710, .T. ) ;
#1369 = VERTEX_POINT ( 'NONE', #5198 ) ;
#1370 = VECTOR ( 'NONE', #5221, 1000.000000000000000 ) ;
#1371 = VECTOR ( 'NONE', #8853, 1000.000000000000000 ) ;
#1372 = CARTESIAN_POINT ( 'NONE',  ( -0.3535950707918947833, 0.8934671422819039366, 0.000000000000000000 ) ) ;
#1373 = LINE ( 'NONE', #6238, #5063 ) ;
#1374 = CARTESIAN_POINT ( 'NONE',  ( 0.6857142043570166878, 4.054950014612479059, -0.2000000000000000666 ) ) ;
#1375 = PLANE ( 'NONE',  #672 ) ;
#1376 = APPLICATION_PROTOCOL_DEFINITION ( 'international standard', 'config_control_design', 1994, #6653 ) ;
#1377 = CARTESIAN_POINT ( 'NONE',  ( -5.561432926829203538, 0.2398578399853534548, 0.000000000000000000 ) ) ;
#1378 = AXIS2_PLACEMENT_3D ( 'NONE', #5430, #3457, #4084 ) ;
#1379 = AXIS2_PLACEMENT_3D ( 'NONE', #7424, #3303, #2590 ) ;
#1380 = ORIENTED_EDGE ( 'NONE', *, *, #8669, .T. ) ;
#1381 = VERTEX_POINT ( 'NONE', #3098 ) ;
#1382 = EDGE_CURVE ( 'NONE', #1381, #2916, #7265, .T. ) ;
#1383 = ORIENTED_EDGE ( 'NONE', *, *, #5023, .T. ) ;
#1384 = DIRECTION ( 'NONE',  ( -1.000000000000000000, 0.000000000000000000, -0.000000000000000000 ) ) ;
#1385 = CARTESIAN_POINT ( 'NONE',  ( 1.187455922065571601, 1.719984973307354448, 5.421010862427523403E-17 ) ) ;
#1386 = CARTESIAN_POINT ( 'NONE',  ( -11.25765588368931347, 1.196096021252303743, -2.710505431213761701E-17 ) ) ;
#1387 = FACE_OUTER_BOUND ( 'NONE', #6751, .T. ) ;
#1388 = CARTESIAN_POINT ( 'NONE',  ( 0.007983465163030186926, 3.655131734216722883, -0.2000000000000000111 ) ) ;
#1389 = CARTESIAN_POINT ( 'NONE',  ( -9.114204594632152379, 1.211424157955395930, 0.000000000000000000 ) ) ;
#1390 = AXIS2_PLACEMENT_3D ( 'NONE', #195, #2913, #8385 ) ;
#1391 = ORIENTED_EDGE ( 'NONE', *, *, #2361, .F. ) ;
#1392 = EDGE_CURVE ( 'NONE', #5877, #7014, #5112, .T. ) ;
#1393 = VERTEX_POINT ( 'NONE', #5904 ) ;
#1394 = CARTESIAN_POINT ( 'NONE',  ( 0.3027056729636137256, 3.190010039100040551, 1.355252715606881467E-17 ) ) ;
#1395 = CARTESIAN_POINT ( 'NONE',  ( -0.5679289771500417583, 0.2680391185987531233, 0.000000000000000000 ) ) ;
#1396 = CYLINDRICAL_SURFACE ( 'NONE', #5925, 1.749999999999999778 ) ;
#1397 = CARTESIAN_POINT ( 'NONE',  ( -10.33398380117879611, 1.286833814075234006, 0.000000000000000000 ) ) ;
#1398 = DIRECTION ( 'NONE',  ( 0.000000000000000000, 1.000000000000000000, 0.000000000000000000 ) ) ;
#1399 = DIRECTION ( 'NONE',  ( 4.336808689942017736E-16, -1.000000000000000000, 0.000000000000000000 ) ) ;
#1400 = LINE ( 'NONE', #2021, #8383 ) ;
#1401 = CARTESIAN_POINT ( 'NONE',  ( 0.3951219512195770500, 2.286351742424377775, 0.000000000000000000 ) ) ;
#1402 = ORIENTED_EDGE ( 'NONE', *, *, #5992, .F. ) ;
#1403 = VERTEX_POINT ( 'NONE', #3231 ) ;
#1404 = EDGE_CURVE ( 'NONE', #8301, #5844, #7168, .T. ) ;
#1405 = DIRECTION ( 'NONE',  ( 0.000000000000000000, -0.000000000000000000, -1.000000000000000000 ) ) ;
#1406 = DIRECTION ( 'NONE',  ( -1.000000000000000000, 0.000000000000000000, -0.000000000000000000 ) ) ;
#1407 = DIRECTION ( 'NONE',  ( 0.000000000000000000, 0.000000000000000000, -1.000000000000000000 ) ) ;
#1408 = CARTESIAN_POINT ( 'NONE',  ( -4.774593472254852422, 1.065457540922401192, 0.000000000000000000 ) ) ;
#1409 = CARTESIAN_POINT ( 'NONE',  ( -1.633042949371470653, 2.704055222557131710, -0.2000000000000000111 ) ) ;
#1410 = DIRECTION ( 'NONE',  ( 1.000000000000000000, -0.000000000000000000, 0.000000000000000000 ) ) ;
#1411 = EDGE_LOOP ( 'NONE', ( #60, #6854, #4440, #6473, #1641, #1668, #1000, #5139, #1106, #5835 ) ) ;
#1412 = CARTESIAN_POINT ( 'NONE',  ( 3.700000000000005507, 0.0006667996279938886994, -7.800000000000000711 ) ) ;
#1413 = ORIENTED_EDGE ( 'NONE', *, *, #877, .F. ) ;
#1414 = CARTESIAN_POINT ( 'NONE',  ( -0.6329039859141909474, 1.137367128810375938, -0.2000000000000000111 ) ) ;
#1415 = LINE ( 'NONE', #1455, #6343 ) ;
#1416 = CARTESIAN_POINT ( 'NONE',  ( 0.3093970491810222323, 4.269939733261096215, -5.421010862427522170E-17 ) ) ;
#1417 = DIRECTION ( 'NONE',  ( -0.000000000000000000, -0.000000000000000000, 1.000000000000000000 ) ) ;
#1418 = CARTESIAN_POINT ( 'NONE',  ( 17.80000000000000426, 11.20133359925599059, -1.000000000000000000 ) ) ;
#1419 = EDGE_CURVE ( 'NONE', #5404, #2093, #8651, .T. ) ;
#1420 = ORIENTED_EDGE ( 'NONE', *, *, #7008, .T. ) ;
#1421 = ORIENTED_EDGE ( 'NONE', *, *, #6952, .F. ) ;
#1422 = VERTEX_POINT ( 'NONE', #5955 ) ;
#1423 = DIRECTION ( 'NONE',  ( 0.000000000000000000, 0.000000000000000000, -1.000000000000000000 ) ) ;
#1424 = LINE ( 'NONE', #4147, #6912 ) ;
#1425 = CARTESIAN_POINT ( 'NONE',  ( -10.53214928944361617, 0.3724503171666574963, -2.710505431213761085E-17 ) ) ;
#1426 = CARTESIAN_POINT ( 'NONE',  ( -6.623738906568954476, 2.439635558874940990, 9.486769009248165030E-17 ) ) ;
#1427 = EDGE_CURVE ( 'NONE', #6156, #6619, #3855, .T. ) ;
#1428 = CARTESIAN_POINT ( 'NONE',  ( -11.36097560975603216, 1.973851742424377997, 0.000000000000000000 ) ) ;
#1429 = ADVANCED_FACE ( 'NONE', ( #4477, #2515, #1038 ), #6542, .F. ) ;
#1430 = LINE ( 'NONE', #6710, #4819 ) ;
#1431 = ORIENTED_EDGE ( 'NONE', *, *, #5538, .T. ) ;
#1432 = VERTEX_POINT ( 'NONE', #2565 ) ;
#1433 = CARTESIAN_POINT ( 'NONE',  ( -2.239024390243838258, 2.093516376570719206, -0.2000000000000000111 ) ) ;
#1434 = CARTESIAN_POINT ( 'NONE',  ( -1.568327526479844192, 1.359983594459120981, 0.000000000000000000 ) ) ;
#1435 = LINE ( 'NONE', #2188, #7508 ) ;
#1436 = CARTESIAN_POINT ( 'NONE',  ( -1.607303564547913677, 1.554264770030706400, -1.084202172485504434E-16 ) ) ;
#1437 = CARTESIAN_POINT ( 'NONE',  ( -6.626209985751732923, 2.125404242854509018, -0.2000000000000000111 ) ) ;
#1438 = CARTESIAN_POINT ( 'NONE',  ( -10.38875173186319145, 1.372797052954591646, -0.2000000000000001221 ) ) ;
#1439 = CARTESIAN_POINT ( 'NONE',  ( -0.2192978062811534179, 4.335882492640855901, -0.2000000000000000111 ) ) ;
#1440 = EDGE_CURVE ( 'NONE', #8314, #3743, #422, .T. ) ;
#1441 = CARTESIAN_POINT ( 'NONE',  ( 0.05701824514861467824, 0.9613594606275667198, 0.000000000000000000 ) ) ;
#1442 = EDGE_LOOP ( 'NONE', ( #582, #2829, #4145, #7566 ) ) ;
#1443 = ORIENTED_EDGE ( 'NONE', *, *, #1474, .T. ) ;
#1444 = DIRECTION ( 'NONE',  ( -0.000000000000000000, -0.000000000000000000, 1.000000000000000000 ) ) ;
#1445 = CARTESIAN_POINT ( 'NONE',  ( -8.192629255786231468, 1.243412422721812183, 0.000000000000000000 ) ) ;
#1446 = CARTESIAN_POINT ( 'NONE',  ( -9.800000000000009592, -7.375133543765119093, -8.799999999999998934 ) ) ;
#1447 = LINE ( 'NONE', #8298, #1779 ) ;
#1448 = CARTESIAN_POINT ( 'NONE',  ( 1.205582179028375611, 2.785703454749715924, -0.2000000000000000111 ) ) ;
#1449 = EDGE_CURVE ( 'NONE', #3470, #7535, #5861, .T. ) ;
#1450 = CARTESIAN_POINT ( 'NONE',  ( -5.143014514160813455, 0.9854253135744807102, -0.1999999999999999556 ) ) ;
#1451 = ORIENTED_EDGE ( 'NONE', *, *, #1294, .F. ) ;
#1452 = FACE_OUTER_BOUND ( 'NONE', #6682, .T. ) ;
#1453 = ORIENTED_EDGE ( 'NONE', *, *, #4492, .F. ) ;
#1454 = CARTESIAN_POINT ( 'NONE',  ( -0.5867493737572553325, 1.067404579234859208, -0.2000000000000000111 ) ) ;
#1455 = CARTESIAN_POINT ( 'NONE',  ( -18.39999999999999503, -13.19999999999999929, -1.000000000000000000 ) ) ;
#1456 = CARTESIAN_POINT ( 'NONE',  ( 0.6857142043570166878, 4.054950014612479059, -5.421010862427522170E-17 ) ) ;
#1457 = CARTESIAN_POINT ( 'NONE',  ( 3.450000000000005063, -11.69999999999999751, -6.200000000000001066 ) ) ;
#1458 = DATE_TIME_ROLE ( 'creation_date' ) ;
#1459 = CARTESIAN_POINT ( 'NONE',  ( 6.700000000000003730, 0.0006667996279938886994, -7.799999999999998934 ) ) ;
#1460 = EDGE_CURVE ( 'NONE', #7450, #3693, #7308, .T. ) ;
#1461 = VERTEX_POINT ( 'NONE', #6627 ) ;
#1462 = ORIENTED_EDGE ( 'NONE', *, *, #5624, .T. ) ;
#1463 = CARTESIAN_POINT ( 'NONE',  ( 6.227808503120348504, -4.290105172783861498, -0.2000000000000000111 ) ) ;
#1464 = EDGE_LOOP ( 'NONE', ( #5444, #4183, #5358, #1764, #8228, #139, #7493, #6198, #5924, #1462 ) ) ;
#1465 = LINE ( 'NONE', #6919, #6365 ) ;
#1466 = CARTESIAN_POINT ( 'NONE',  ( -0.2092987804877405322, 0.8740041814487681249, -0.2000000000000000666 ) ) ;
#1467 = CARTESIAN_POINT ( 'NONE',  ( -4.467549704822378231, 4.197312397663100825, 0.000000000000000000 ) ) ;
#1468 = CARTESIAN_POINT ( 'NONE',  ( -7.649873333299991529, -15.69999999999999929, -2.000000000000000000 ) ) ;
#1469 = DIRECTION ( 'NONE',  ( -1.000000000000000000, 1.562831776442509002E-16, 0.000000000000000000 ) ) ;
#1470 = ORIENTED_EDGE ( 'NONE', *, *, #2521, .F. ) ;
#1471 = ORIENTED_EDGE ( 'NONE', *, *, #4100, .F. ) ;
#1472 = FACE_OUTER_BOUND ( 'NONE', #611, .T. ) ;
#1473 = PRODUCT_DEFINITION ( '未知', '', #5971, #6946 ) ;
#1474 = EDGE_CURVE ( 'NONE', #5759, #72, #8027, .T. ) ;
#1475 = DIRECTION ( 'NONE',  ( 8.260587980841842144E-16, -1.000000000000000000, 0.000000000000000000 ) ) ;
#1476 = CARTESIAN_POINT ( 'NONE',  ( -6.582277454154922047, 1.847998813832687715, -1.084202172485503694E-16 ) ) ;
#1477 = LINE ( 'NONE', #359, #7256 ) ;
#1478 = DIRECTION ( 'NONE',  ( 0.000000000000000000, 0.000000000000000000, -1.000000000000000000 ) ) ;
#1479 = DIRECTION ( 'NONE',  ( -0.000000000000000000, 1.000000000000000000, -0.000000000000000000 ) ) ;
#1480 = CARTESIAN_POINT ( 'NONE',  ( -4.434146341463349295, 4.184979791204865407, -0.2000000000000000111 ) ) ;
#1481 = ORIENTED_EDGE ( 'NONE', *, *, #3340, .T. ) ;
#1482 = ORIENTED_EDGE ( 'NONE', *, *, #8546, .T. ) ;
#1483 = CARTESIAN_POINT ( 'NONE',  ( 8.411753555706741992, -6.581476711740719132, 0.000000000000000000 ) ) ;
#1484 = EDGE_CURVE ( 'NONE', #6796, #279, #7350, .T. ) ;
#1485 = CARTESIAN_POINT ( 'NONE',  ( 2.026603984165249450, 3.037212153332074394, 0.000000000000000000 ) ) ;
#1486 = AXIS2_PLACEMENT_3D ( 'NONE', #8230, #6876, #5576 ) ;
#1487 = CARTESIAN_POINT ( 'NONE',  ( -10.96165466933390320, 0.6719268418493461459, -0.1999999999999999278 ) ) ;
#1488 = CARTESIAN_POINT ( 'NONE',  ( -6.191426585693163176, 3.322818683960520936, 0.000000000000000000 ) ) ;
#1489 = CARTESIAN_POINT ( 'NONE',  ( -0.8015650730135356339, 4.205074799983030687, -0.2000000000000000111 ) ) ;
#1490 = CARTESIAN_POINT ( 'NONE',  ( -4.774593472254852422, 1.065457540922401192, 8.131516293641283255E-17 ) ) ;
#1491 = AXIS2_PLACEMENT_3D ( 'NONE', #483, #8676, #3916 ) ;
#1492 = EDGE_LOOP ( 'NONE', ( #3062, #1725, #7930, #3329 ) ) ;
#1493 = CARTESIAN_POINT ( 'NONE',  ( -5.348018292682861663, 3.605711498521939173, -0.2000000000000000111 ) ) ;
#1494 = EDGE_CURVE ( 'NONE', #8239, #2472, #7594, .T. ) ;
#1495 = DIRECTION ( 'NONE',  ( 0.000000000000000000, 0.000000000000000000, -1.000000000000000000 ) ) ;
#1496 = CARTESIAN_POINT ( 'NONE',  ( -0.5360522519604586922, 1.007708864044948527, 0.000000000000000000 ) ) ;
#1497 = DIRECTION ( 'NONE',  ( 1.000000000000000000, 0.000000000000000000, 0.000000000000000000 ) ) ;
#1498 = CARTESIAN_POINT ( 'NONE',  ( -12.79999999999993499, 0.8500000000000351719, -8.799999999999998934 ) ) ;
#1499 = VECTOR ( 'NONE', #7484, 1000.000000000000000 ) ;
#1500 = CARTESIAN_POINT ( 'NONE',  ( -8.092682926829203538, 4.288638327790232019, -0.2000000000000000111 ) ) ;
#1501 = PERSON_AND_ORGANIZATION ( #6739, #6392 ) ;
#1502 = CARTESIAN_POINT ( 'NONE',  ( -7.505702232323613998, 2.131559345558788010, -0.000000000000000000 ) ) ;
#1503 = VECTOR ( 'NONE', #662, 1000.000000000000000 ) ;
#1504 = VERTEX_POINT ( 'NONE', #4789 ) ;
#1505 = VECTOR ( 'NONE', #2308, 1000.000000000000000 ) ;
#1506 = CARTESIAN_POINT ( 'NONE',  ( 12.90000000000000213, 13.20133359925599237, -14.69999999999998863 ) ) ;
#1507 = VECTOR ( 'NONE', #4950, 1000.000000000000000 ) ;
#1508 = ADVANCED_FACE ( 'NONE', ( #6890 ), #766, .F. ) ;
#1509 = ORIENTED_EDGE ( 'NONE', *, *, #227, .F. ) ;
#1510 = CARTESIAN_POINT ( 'NONE',  ( 6.227808503120348504, -8.113779781068901187, 5.332894443888950065 ) ) ;
#1511 = CARTESIAN_POINT ( 'NONE',  ( -0.1784381259601811043, 0.2414717743006828399, -2.710505431213760777E-17 ) ) ;
#1512 = DIRECTION ( 'NONE',  ( 0.000000000000000000, -0.000000000000000000, -1.000000000000000000 ) ) ;
#1513 = PLANE ( 'NONE',  #4826 ) ;
#1514 = LINE ( 'NONE', #2144, #4384 ) ;
#1515 = AXIS2_PLACEMENT_3D ( 'NONE', #5232, #5278, #3882 ) ;
#1516 = VERTEX_POINT ( 'NONE', #6039 ) ;
#1517 = ORIENTED_EDGE ( 'NONE', *, *, #7603, .F. ) ;
#1518 = VECTOR ( 'NONE', #2777, 1000.000000000000000 ) ;
#1519 = CARTESIAN_POINT ( 'NONE',  ( -9.945852286109071017, 0.2434411596904782205, -0.2000000000000000111 ) ) ;
#1520 = CARTESIAN_POINT ( 'NONE',  ( -1.519381339962306843, 1.180791088543580614, 0.000000000000000000 ) ) ;
#1521 = CARTESIAN_POINT ( 'NONE',  ( 12.89999999999999858, -13.20000000000000284, -14.69999999999998863 ) ) ;
#1522 = CARTESIAN_POINT ( 'NONE',  ( -1.633805830134214654, 1.764164239121326361, -1.084202172485504434E-16 ) ) ;
#1523 = CARTESIAN_POINT ( 'NONE',  ( -5.405945121951154952, 4.337418815595110111, 0.000000000000000000 ) ) ;
#1524 = CARTESIAN_POINT ( 'NONE',  ( 0.2116965472800875214, 3.430661789084228364, 0.000000000000000000 ) ) ;
#1525 = CARTESIAN_POINT ( 'NONE',  ( -6.826973946564741880, 3.836031287063933704, -2.710505431213761085E-17 ) ) ;
#1526 = VECTOR ( 'NONE', #244, 1000.000000000000000 ) ;
#1527 = EDGE_CURVE ( 'NONE', #4399, #1804, #8117, .T. ) ;
#1528 = ORIENTED_EDGE ( 'NONE', *, *, #3607, .F. ) ;
#1529 = ORIENTED_EDGE ( 'NONE', *, *, #6060, .T. ) ;
#1530 = LINE ( 'NONE', #2245, #378 ) ;
#1531 = CARTESIAN_POINT ( 'NONE',  ( -9.368796295572385802, 0.2654152763807768323, 0.000000000000000000 ) ) ;
#1532 = VECTOR ( 'NONE', #3088, 1000.000000000000000 ) ;
#1533 = CARTESIAN_POINT ( 'NONE',  ( -9.945852286109071017, 0.2434411596904782205, 8.131516293641283255E-17 ) ) ;
#1534 = CARTESIAN_POINT ( 'NONE',  ( -5.872366918150901505, 3.514778257636546943, 0.000000000000000000 ) ) ;
#1535 = DIRECTION ( 'NONE',  ( -0.000000000000000000, -0.000000000000000000, 1.000000000000000000 ) ) ;
#1536 = CARTESIAN_POINT ( 'NONE',  ( -4.471263784704892608, 0.4326366282556349807, -2.710505431213761085E-17 ) ) ;
#1537 = EDGE_CURVE ( 'NONE', #5297, #4768, #7071, .T. ) ;
#1538 = AXIS2_PLACEMENT_3D ( 'NONE', #539, #8007, #2673 ) ;
#1539 = ORIENTED_EDGE ( 'NONE', *, *, #1580, .T. ) ;
#1540 = CARTESIAN_POINT ( 'NONE',  ( -10.45637994903715295, 0.3445052710755269199, 2.710505431213761085E-17 ) ) ;
#1541 = CARTESIAN_POINT ( 'NONE',  ( 0.8561267786928447032, 3.873446622912081860, 1.355252715606881775E-17 ) ) ;
#1542 = CARTESIAN_POINT ( 'NONE',  ( 0.3951219512195770500, 2.286351742424377775, -2.710505431213761085E-17 ) ) ;
#1543 = DIRECTION ( 'NONE',  ( -1.000000000000000000, -7.885106708985496922E-16, 0.000000000000000000 ) ) ;
#1544 = CARTESIAN_POINT ( 'NONE',  ( -5.776286897450116697, 0.2443922204487160021, 2.710505431213761085E-17 ) ) ;
#1545 = DIRECTION ( 'NONE',  ( -1.000000000000000000, 0.000000000000000000, 0.000000000000000000 ) ) ;
#1546 = CARTESIAN_POINT ( 'NONE',  ( 0.3581669216819708956, 1.671694768898266847, -1.084202172485504434E-16 ) ) ;
#1547 = EDGE_CURVE ( 'NONE', #5254, #3168, #6759, .T. ) ;
#1548 = ORIENTED_EDGE ( 'NONE', *, *, #5899, .T. ) ;
#1549 = DIRECTION ( 'NONE',  ( -0.000000000000000000, -0.000000000000000000, -1.000000000000000000 ) ) ;
#1550 = ORIENTED_EDGE ( 'NONE', *, *, #2555, .T. ) ;
#1551 = DIRECTION ( 'NONE',  ( 1.000000000000000000, 0.000000000000000000, 0.000000000000000000 ) ) ;
#1552 = CARTESIAN_POINT ( 'NONE',  ( 1.907317073170796240, 3.020345644863402512, 0.000000000000000000 ) ) ;
#1553 = CARTESIAN_POINT ( 'NONE',  ( -8.921951219512131104, 4.288638327790232019, 0.000000000000000000 ) ) ;
#1554 = DIRECTION ( 'NONE',  ( -1.000000000000000000, 6.484938541143236834E-16, 0.000000000000000000 ) ) ;
#1555 = DIRECTION ( 'NONE',  ( 6.484938541143236834E-16, 1.000000000000000000, 0.000000000000000000 ) ) ;
#1556 = EDGE_CURVE ( 'NONE', #1735, #8641, #2215, .T. ) ;
#1557 = EDGE_LOOP ( 'NONE', ( #5091, #2147, #618, #5438 ) ) ;
#1558 = ORIENTED_EDGE ( 'NONE', *, *, #8051, .F. ) ;
#1559 = CARTESIAN_POINT ( 'NONE',  ( -10.85473517312060743, 0.5688667969033580629, -0.2000000000000000111 ) ) ;
#1560 = CARTESIAN_POINT ( 'NONE',  ( -0.4067400763441527678, 0.2436514308584424304, 0.000000000000000000 ) ) ;
#1561 = CARTESIAN_POINT ( 'NONE',  ( -5.733663372804707059, 1.004128820832469904, -1.490777987167568843E-16 ) ) ;
#1562 = CARTESIAN_POINT ( 'NONE',  ( -1.651086957030188929, 1.989313122368417952, -0.2000000000000000111 ) ) ;
#1563 = CARTESIAN_POINT ( 'NONE',  ( -6.610771520554814096, 1.989736775340948283, -0.2000000000000000389 ) ) ;
#1564 = CARTESIAN_POINT ( 'NONE',  ( 0.3947116578313550339, 2.343523804987352577, -0.2000000000000000111 ) ) ;
#1565 = CARTESIAN_POINT ( 'NONE',  ( -7.504241902458131719, 2.344829557867388559, -2.710505431213761701E-17 ) ) ;
#1566 = ORIENTED_EDGE ( 'NONE', *, *, #1148, .F. ) ;
#1568 = ORIENTED_EDGE ( 'NONE', *, *, #4272, .T. ) ;
#1567 = CARTESIAN_POINT ( 'NONE',  ( -1.519381339962306843, 1.180791088543580614, 0.000000000000000000 ) ) ;
#1569 = CARTESIAN_POINT ( 'NONE',  ( -1.653658536585301375, 2.224613937546329634, -0.2000000000000000389 ) ) ;
#1570 = DIRECTION ( 'NONE',  ( 2.168404344971007389E-16, 1.000000000000000000, -0.000000000000000000 ) ) ;
#1571 = CARTESIAN_POINT ( 'NONE',  ( 1.907317073170796240, 3.020345644863402512, -0.2000000000000000111 ) ) ;
#1572 = CARTESIAN_POINT ( 'NONE',  ( -0.6467120263200614172, 1.162928729724766574, -0.2000000000000001221 ) ) ;
#1573 = CARTESIAN_POINT ( 'NONE',  ( 12.40000000000000391, -9.200000000000001066, 0.000000000000000000 ) ) ;
#1574 = DIRECTION ( 'NONE',  ( -0.000000000000000000, -0.000000000000000000, 1.000000000000000000 ) ) ;
#1575 = B_SPLINE_CURVE_WITH_KNOTS ( 'NONE', 3,
 ( #6723, #7356, #2700, #3953, #4575, #1854, #8124, #4749, #3903, #6632, #2027, #1183, #5467, #1231 ),
 .UNSPECIFIED., .F., .F.,
 ( 4, 2, 2, 2, 2, 2, 4 ),
 ( 0.000000000000000000, 0.0008304106152679685852, 0.001038013269084961084, 0.001245615922901953474, 0.001453218576718946081, 0.001557019903627442168, 0.001660821230535938255 ),
 .UNSPECIFIED. ) ;
#1576 = CARTESIAN_POINT ( 'NONE',  ( -10.24934534181669754, 1.173741403897040403, 5.421010862427515391E-17 ) ) ;
#1577 = VERTEX_POINT ( 'NONE', #7478 ) ;
#1578 = DIRECTION ( 'NONE',  ( -1.000000000000000000, 0.000000000000000000, 0.000000000000000000 ) ) ;
#1579 = LINE ( 'NONE', #7084, #4194 ) ;
#1580 = EDGE_CURVE ( 'NONE', #1403, #2966, #4121, .T. ) ;
#1581 = ADVANCED_FACE ( 'NONE', ( #4836 ), #2022, .F. ) ;
#1582 = FACE_OUTER_BOUND ( 'NONE', #7596, .T. ) ;
#1583 = LINE ( 'NONE', #1719, #5212 ) ;
#1584 = CARTESIAN_POINT ( 'NONE',  ( -6.363561201046620930, 0.3700928086928896299, 2.710505431213761085E-17 ) ) ;
#1585 = CARTESIAN_POINT ( 'NONE',  ( -0.6723479479728662334, 1.218879291969328316, -0.2000000000000000111 ) ) ;
#1586 = CARTESIAN_POINT ( 'NONE',  ( 1.907317073170796240, 3.020345644863402512, -0.2000000000000000666 ) ) ;
#1587 = VERTEX_POINT ( 'NONE', #5422 ) ;
#1588 = FACE_OUTER_BOUND ( 'NONE', #6797, .T. ) ;
#1589 = VERTEX_POINT ( 'NONE', #2020 ) ;
#1590 = CARTESIAN_POINT ( 'NONE',  ( -11.36097560975603216, 4.288638327790232019, 0.000000000000000000 ) ) ;
#1591 = ADVANCED_FACE ( 'NONE', ( #8416 ), #892, .F. ) ;
#1592 = DIRECTION ( 'NONE',  ( -1.000000000000000000, 0.000000000000000000, 0.000000000000000000 ) ) ;
#1593 = DIRECTION ( 'NONE',  ( 0.000000000000000000, 0.000000000000000000, 1.000000000000000000 ) ) ;
#1594 = PLANE ( 'NONE',  #2937 ) ;
#1595 = FACE_BOUND ( 'NONE', #6115, .T. ) ;
#1596 = DIRECTION ( 'NONE',  ( -0.000000000000000000, 0.000000000000000000, 1.000000000000000000 ) ) ;
#1597 = ORIENTED_EDGE ( 'NONE', *, *, #8379, .F. ) ;
#1598 = ORIENTED_EDGE ( 'NONE', *, *, #4695, .T. ) ;
#1599 = ORIENTED_EDGE ( 'NONE', *, *, #8183, .F. ) ;
#1600 = PLANE ( 'NONE',  #5236 ) ;
#1601 = CARTESIAN_POINT ( 'NONE',  ( -8.616594354346842621, 0.5777645614044693012, -2.710505431213761085E-17 ) ) ;
#1602 = CARTESIAN_POINT ( 'NONE',  ( -6.047401916339021355, 1.122940352830028132, -0.2000000000000001221 ) ) ;
#1603 = CARTESIAN_POINT ( 'NONE',  ( -1.568327526479844192, 1.359983594459120981, -1.084202172485504434E-16 ) ) ;
#1604 = DIRECTION ( 'NONE',  ( 9.745637505487682231E-17, 1.000000000000000000, 0.000000000000000000 ) ) ;
#1605 = CARTESIAN_POINT ( 'NONE',  ( -1.363822161669368205, 3.644922148219737590, -2.710505431213761085E-17 ) ) ;
#1606 = ORIENTED_EDGE ( 'NONE', *, *, #1042, .T. ) ;
#1608 = EDGE_LOOP ( 'NONE', ( #3301, #2597, #4164, #8333 ) ) ;
#1607 = CARTESIAN_POINT ( 'NONE',  ( -10.48292682926822827, 1.966991986326817043, -0.2000000000000000111 ) ) ;
#1609 = FACE_OUTER_BOUND ( 'NONE', #751, .T. ) ;
#1610 = CARTESIAN_POINT ( 'NONE',  ( 0.1613443003682749344, 1.073650162702202593, -0.2000000000000000111 ) ) ;
#1611 = ADVANCED_FACE ( 'NONE', ( #5135 ), #2826, .T. ) ;
#1612 = CARTESIAN_POINT ( 'NONE',  ( 1.224390243902504727, 2.316839547302426805, -0.2000000000000000389 ) ) ;
#1613 = CARTESIAN_POINT ( 'NONE',  ( 6.227808503120348504, -8.113779781068901187, -0.2000000000000000111 ) ) ;
#1614 = CARTESIAN_POINT ( 'NONE',  ( 4.694324922952930912, -5.822408242112043553, 1.734723475976807094E-15 ) ) ;
#1615 = CARTESIAN_POINT ( 'NONE',  ( -1.012535096909495058, 0.4446337652515876537, 1.355252715606872068E-17 ) ) ;
#1616 = CARTESIAN_POINT ( 'NONE',  ( -5.079516933460583417, 0.2681396711987058534, -2.710505431213761085E-17 ) ) ;
#1617 = ORIENTED_EDGE ( 'NONE', *, *, #2004, .T. ) ;
#1618 = ORIENTED_EDGE ( 'NONE', *, *, #1131, .T. ) ;
#1619 = CARTESIAN_POINT ( 'NONE',  ( -5.100064959524909014, 3.591778257614862024, -0.2000000000000000111 ) ) ;
#1620 = CARTESIAN_POINT ( 'NONE',  ( 17.80000000000000071, 15.70133359925599059, -2.000000000000000000 ) ) ;
#1621 = CARTESIAN_POINT ( 'NONE',  ( 8.411753555706741992, -5.822408242112043553, -0.2000000000000000111 ) ) ;
#1622 = CARTESIAN_POINT ( 'NONE',  ( 0.8819663380316988821, 3.832056180932402523, -0.2000000000000000111 ) ) ;
#1623 = DIRECTION ( 'NONE',  ( -1.000000000000000000, 0.000000000000000000, 0.000000000000000000 ) ) ;
#1624 = CARTESIAN_POINT ( 'NONE',  ( -13.50000000000000178, 14.20133359925599414, -14.69999999999998863 ) ) ;
#1625 = LINE ( 'NONE', #388, #8655 ) ;
#1626 = VECTOR ( 'NONE', #2401, 1000.000000000000000 ) ;
#1627 = ORIENTED_EDGE ( 'NONE', *, *, #8073, .F. ) ;
#1628 = EDGE_CURVE ( 'NONE', #2780, #5190, #5550, .T. ) ;
#1629 = CARTESIAN_POINT ( 'NONE',  ( -5.348018292682861663, 3.605711498521939173, -2.710505431213761085E-17 ) ) ;
#1630 = VERTEX_POINT ( 'NONE', #3122 ) ;
#1631 = AXIS2_PLACEMENT_3D ( 'NONE', #4709, #8845, #1406 ) ;
#1632 = PLANE ( 'NONE',  #76 ) ;
#1633 = VECTOR ( 'NONE', #7410, 1000.000000000000000 ) ;
#1634 = CARTESIAN_POINT ( 'NONE',  ( -1.363901719097407428, 3.650915045838791784, -0.2000000000000000666 ) ) ;
#1635 = DIRECTION ( 'NONE',  ( 1.000000000000000000, 0.000000000000000000, 0.000000000000000000 ) ) ;
#1636 = CARTESIAN_POINT ( 'NONE',  ( 3.450126666700005007, -8.198666400744007987, -10.00000000000000000 ) ) ;
#1637 = CARTESIAN_POINT ( 'NONE',  ( -0.7558173370619141185, 4.229361666071774550, -2.710505431213763550E-17 ) ) ;
#1638 = LINE ( 'NONE', #3653, #6379 ) ;
#1639 = VECTOR ( 'NONE', #5575, 1000.000000000000000 ) ;
#1640 = CIRCLE ( 'NONE', #7371, 2.000000000000000000 ) ;
#1641 = ORIENTED_EDGE ( 'NONE', *, *, #5076, .F. ) ;
#1642 = EDGE_CURVE ( 'NONE', #7367, #1432, #8289, .T. ) ;
#1643 = ORIENTED_EDGE ( 'NONE', *, *, #7113, .F. ) ;
#1644 = ORIENTED_EDGE ( 'NONE', *, *, #3192, .T. ) ;
#1645 = CARTESIAN_POINT ( 'NONE',  ( -10.11132458489994690, 1.067483291299030412, -2.710505431213761085E-17 ) ) ;
#1646 = CARTESIAN_POINT ( 'NONE',  ( -3.751219512195057337, 2.093516376570719206, 0.000000000000000000 ) ) ;
#1647 = CARTESIAN_POINT ( 'NONE',  ( -6.600878632221034437, 1.931025144108394320, -0.2000000000000000389 ) ) ;
#1648 = VECTOR ( 'NONE', #5565, 1000.000000000000000 ) ;
#1649 = AXIS2_PLACEMENT_3D ( 'NONE', #7637, #3562, #8152 ) ;
#1650 = CARTESIAN_POINT ( 'NONE',  ( -6.281788073529346761, 3.235853694939779590, -0.2000000000000000111 ) ) ;
#1651 = CARTESIAN_POINT ( 'NONE',  ( 0.1678554767429611683, 3.503199542742950090, 0.000000000000000000 ) ) ;
#1652 = CARTESIAN_POINT ( 'NONE',  ( -8.092682926829203538, 4.288638327790232019, -0.2000000000000000111 ) ) ;
#1653 = EDGE_CURVE ( 'NONE', #1516, #8376, #2236, .T. ) ;
#1654 = AXIS2_PLACEMENT_3D ( 'NONE', #213, #4457, #923 ) ;
#1655 = VECTOR ( 'NONE', #584, 1000.000000000000000 ) ;
#1656 = ORIENTED_EDGE ( 'NONE', *, *, #7302, .F. ) ;
#1658 = VERTEX_POINT ( 'NONE', #5587 ) ;
#1657 = CARTESIAN_POINT ( 'NONE',  ( -0.2955185702888994959, 0.2411470730922987971, -0.000000000000000000 ) ) ;
#1659 = CARTESIAN_POINT ( 'NONE',  ( 3.450000000000004174, 0.000000000000000000, 0.000000000000000000 ) ) ;
#1660 = CARTESIAN_POINT ( 'NONE',  ( -0.002699214521011197420, 0.9220648124312296190, -2.710505431213761085E-17 ) ) ;
#1661 = CARTESIAN_POINT ( 'NONE',  ( 1.222683011185237811, 2.196918019643889775, -0.2000000000000000111 ) ) ;
#1662 = CARTESIAN_POINT ( 'NONE',  ( -10.29863990287660513, 0.2974561598605633961, -0.1999999999999999278 ) ) ;
#1663 = CARTESIAN_POINT ( 'NONE',  ( -7.649873333299992417, 4.428288893387669845, -6.200000000000001066 ) ) ;
#1664 = AXIS2_PLACEMENT_3D ( 'NONE', #4087, #8848, #3500 ) ;
#1665 = CARTESIAN_POINT ( 'NONE',  ( -1.208822093480986792, 0.6187041736519125479, -0.2000000000000000111 ) ) ;
#1666 = CARTESIAN_POINT ( 'NONE',  ( -5.394375108453368206, 0.2413237917613354488, -0.2000000000000000111 ) ) ;
#1667 = EDGE_CURVE ( 'NONE', #6117, #6472, #8329, .T. ) ;
#1668 = ORIENTED_EDGE ( 'NONE', *, *, #1107, .F. ) ;
#1669 = ORIENTED_EDGE ( 'NONE', *, *, #3397, .T. ) ;
#1670 = AXIS2_PLACEMENT_3D ( 'NONE', #865, #3588, #6312 ) ;
#1671 = CARTESIAN_POINT ( 'NONE',  ( -11.33840397423987767, 1.571290755688086849, 2.710505431213761085E-17 ) ) ;
#1672 = CARTESIAN_POINT ( 'NONE',  ( -6.210301764194109175, 0.3187356498828793350, -0.2000000000000000944 ) ) ;
#1673 = LINE ( 'NONE', #1621, #655 ) ;
#1674 = CARTESIAN_POINT ( 'NONE',  ( 0.3093970491810222323, 4.269939733261096215, -0.2000000000000000111 ) ) ;
#1675 = DIRECTION ( 'NONE',  ( 0.000000000000000000, 1.000000000000000000, 0.000000000000000000 ) ) ;
#1676 = DIRECTION ( 'NONE',  ( 0.000000000000000000, 1.000000000000000000, -0.000000000000000000 ) ) ;
#1677 = CARTESIAN_POINT ( 'NONE',  ( 0.3113681871429824777, 1.428637705890950516, -0.2000000000000001221 ) ) ;
#1678 = CIRCLE ( 'NONE', #2388, 2.000000000000000000 ) ;
#1679 = ADVANCED_FACE ( 'NONE', ( #2191 ), #7871, .F. ) ;
#1680 = ORIENTED_EDGE ( 'NONE', *, *, #1334, .T. ) ;
#1681 = FACE_OUTER_BOUND ( 'NONE', #4595, .T. ) ;
#1682 = ORIENTED_EDGE ( 'NONE', *, *, #7764, .F. ) ;
#1683 = CARTESIAN_POINT ( 'NONE',  ( -4.434146341463349295, 4.184979791204865407, -0.2000000000000000111 ) ) ;
#1684 = CARTESIAN_POINT ( 'NONE',  ( -1.633042949371470653, 2.704055222557131710, -0.2000000000000000666 ) ) ;
#1685 = CARTESIAN_POINT ( 'NONE',  ( -5.394375108453368206, 0.2413237917613354488, 0.000000000000000000 ) ) ;
#1686 = CARTESIAN_POINT ( 'NONE',  ( -5.792071978022358181, 1.019293011481714251, 0.000000000000000000 ) ) ;
#1687 = CARTESIAN_POINT ( 'NONE',  ( -7.474158419418107435, 2.650294637957060218, -2.710505431213761085E-17 ) ) ;
#1688 = CARTESIAN_POINT ( 'NONE',  ( -10.96165466933390320, 0.6719268418493461459, 0.000000000000000000 ) ) ;
#1689 = EDGE_LOOP ( 'NONE', ( #2125, #3764, #3147, #3339 ) ) ;
#1690 = ORIENTED_EDGE ( 'NONE', *, *, #7628, .T. ) ;
#1691 = ORIENTED_EDGE ( 'NONE', *, *, #6131, .F. ) ;
#1692 = CARTESIAN_POINT ( 'NONE',  ( -9.789900391901436905, 0.9736334591308278830, -2.710505431213761085E-17 ) ) ;
#1693 = CARTESIAN_POINT ( 'NONE',  ( -9.192482736855215109, 0.2986457336948106778, -0.2000000000000000111 ) ) ;
#1694 = DIRECTION ( 'NONE',  ( -1.000000000000000000, 0.000000000000000000, 0.000000000000000000 ) ) ;
#1695 = ADVANCED_FACE ( 'NONE', ( #4874 ), #146, .T. ) ;
#1696 = CARTESIAN_POINT ( 'NONE',  ( -5.986255008525100507, 3.463146054101460258, -0.2000000000000000111 ) ) ;
#1697 = EDGE_CURVE ( 'NONE', #8453, #7281, #4289, .T. ) ;
#1698 = B_SPLINE_SURFACE_WITH_KNOTS ( 'NONE', 3, 1, ( 
 ( #8300, #1363 ),
 ( #5433, #158 ),
 ( #6144, #8850 ),
 ( #1450, #27 ),
 ( #4173, #5561 ),
 ( #2747, #779 ),
 ( #5472, #1490 ),
 ( #2163, #4888 ),
 ( #8211, #7624 ),
 ( #6273, #2874 ),
 ( #2074, #4803 ) ),
 .UNSPECIFIED., .F., .F., .F.,
 ( 4, 1, 1, 1, 1, 1, 1, 1, 4 ),
 ( 2, 2 ),
 ( 0.000000000000000000, 0.1299536262759420913, 0.2580884551606643651, 0.3833762132197128802, 0.5078074606898578258, 0.6311521928200690690, 0.7539407724269783229, 0.8767107702269396619, 1.000000000000000000 ),
 ( 0.000000000000000000, 1.000000000000000000 ),
 .UNSPECIFIED. ) ;
#1699 = DIRECTION ( 'NONE',  ( 1.000000000000000000, 0.000000000000000000, -0.000000000000000000 ) ) ;
#1700 = PLANE ( 'NONE',  #2396 ) ;
#1701 = ORIENTED_EDGE ( 'NONE', *, *, #7394, .T. ) ;
#1703 = VERTEX_POINT ( 'NONE', #1523 ) ;
#1702 = LINE ( 'NONE', #5718, #6360 ) ;
#1704 = CARTESIAN_POINT ( 'NONE',  ( -0.3378584398587197724, 3.683111114092638250, -6.776263578034405178E-17 ) ) ;
#1705 = CARTESIAN_POINT ( 'NONE',  ( -8.741645480615513719, 0.4875346560185919720, -0.2000000000000000111 ) ) ;
#1706 = CARTESIAN_POINT ( 'NONE',  ( -7.505702232323613998, 2.131559345558788010, -0.2000000000000000666 ) ) ;
#1707 = CARTESIAN_POINT ( 'NONE',  ( -6.772072668899538961, 3.882350988807163450, 0.000000000000000000 ) ) ;
#1708 = ADVANCED_FACE ( 'NONE', ( #6340 ), #6982, .T. ) ;
#1709 = DIRECTION ( 'NONE',  ( -1.000000000000000000, 6.484938541143236834E-16, 0.000000000000000000 ) ) ;
#1710 = LINE ( 'NONE', #1135, #8361 ) ;
#1711 = CARTESIAN_POINT ( 'NONE',  ( 1.224390243902504727, 2.316839547302426805, -0.2000000000000000111 ) ) ;
#1712 = CARTESIAN_POINT ( 'NONE',  ( -2.239024390243838258, 2.093516376570719206, 0.000000000000000000 ) ) ;
#1713 = ORIENTED_EDGE ( 'NONE', *, *, #3192, .F. ) ;
#1714 = EDGE_LOOP ( 'NONE', ( #4758, #1161, #722, #7390 ) ) ;
#1715 = CARTESIAN_POINT ( 'NONE',  ( 2.722755433379802970, 4.065551786606570239, -0.2000000000000000111 ) ) ;
#1716 = CARTESIAN_POINT ( 'NONE',  ( -9.028991890894692673, 1.346828451703560248, -0.2000000000000000111 ) ) ;
#1717 = EDGE_CURVE ( 'NONE', #4697, #8696, #400, .T. ) ;
#1718 = CARTESIAN_POINT ( 'NONE',  ( 0.1941025057986539293, 1.120639510650208281, 1.355252715606884086E-17 ) ) ;
#1719 = CARTESIAN_POINT ( 'NONE',  ( -8.921951219512131104, 1.930406620473158474, -0.2000000000000000111 ) ) ;
#1720 = DIRECTION ( 'NONE',  ( -0.000000000000000000, -0.000000000000000000, 1.000000000000000000 ) ) ;
#1721 = CARTESIAN_POINT ( 'NONE',  ( -0.6329039859141909474, 1.137367128810375938, -8.131516293641283255E-17 ) ) ;
#1722 = CARTESIAN_POINT ( 'NONE',  ( -0.002699214521011197420, 0.9220648124312296190, -0.2000000000000001221 ) ) ;
#1723 = ORIENTED_EDGE ( 'NONE', *, *, #2024, .T. ) ;
#1724 = DIRECTION ( 'NONE',  ( -9.745637505487682231E-17, -1.000000000000000000, -0.000000000000000000 ) ) ;
#1725 = ORIENTED_EDGE ( 'NONE', *, *, #6437, .F. ) ;
#1726 = CARTESIAN_POINT ( 'NONE',  ( 12.90000000000000213, 15.70133359925599414, -14.69999999999998863 ) ) ;
#1727 = ADVANCED_FACE ( 'NONE', ( #6300 ), #7451, .F. ) ;
#1728 = CARTESIAN_POINT ( 'NONE',  ( -0.1605182926828624401, 4.337418815595110111, -5.421010862427522170E-17 ) ) ;
#1729 = LINE ( 'NONE', #1057, #7077 ) ;
#1730 = CARTESIAN_POINT ( 'NONE',  ( -4.434146341463349295, 1.215467596082914437, -0.2000000000000000111 ) ) ;
#1731 = CARTESIAN_POINT ( 'NONE',  ( -7.281498239866459166, 3.245501431644545853, -0.2000000000000000666 ) ) ;
#1732 = DIRECTION ( 'NONE',  ( 9.745637505487684696E-17, 1.000000000000000000, -0.000000000000000000 ) ) ;
#1733 = CARTESIAN_POINT ( 'NONE',  ( -8.921951219512131104, 1.930406620473158474, -0.2000000000000000111 ) ) ;
#1734 = EDGE_LOOP ( 'NONE', ( #4694, #7507, #6771, #8443 ) ) ;
#1735 = VERTEX_POINT ( 'NONE', #6737 ) ;
#1736 = ORIENTED_EDGE ( 'NONE', *, *, #3300, .T. ) ;
#1737 = CARTESIAN_POINT ( 'NONE',  ( 0.9398192795238327069, 0.9239421215141241372, -0.2000000000000000111 ) ) ;
#1738 = LINE ( 'NONE', #7017, #8071 ) ;
#1739 = DIRECTION ( 'NONE',  ( -1.000000000000000000, 0.000000000000000000, 0.000000000000000000 ) ) ;
#1740 = DIRECTION ( 'NONE',  ( -0.000000000000000000, -0.000000000000000000, 1.000000000000000000 ) ) ;
#1741 = LINE ( 'NONE', #3175, #97 ) ;
#1742 = CARTESIAN_POINT ( 'NONE',  ( -8.995677051894441334, 1.425958295336195558, -0.2000000000000000111 ) ) ;
#1743 = ORIENTED_EDGE ( 'NONE', *, *, #3954, .F. ) ;
#1744 = ADVANCED_FACE ( 'NONE', ( #4685 ), #3835, .T. ) ;
#1745 = CARTESIAN_POINT ( 'NONE',  ( -10.28782674195250380, 1.220066423037985404, -0.2000000000000000111 ) ) ;
#1746 = PLANE ( 'NONE',  #5074 ) ;
#1747 = CARTESIAN_POINT ( 'NONE',  ( 0.3113681871429824777, 1.428637705890950516, -2.710505431213761085E-17 ) ) ;
#1748 = CARTESIAN_POINT ( 'NONE',  ( -7.107278757586455775, 0.9128737043189800726, -2.710505431213761085E-17 ) ) ;
#1749 = CARTESIAN_POINT ( 'NONE',  ( -5.846685724451629262, 4.303544846453346118, 0.000000000000000000 ) ) ;
#1750 = LINE ( 'NONE', #8606, #663 ) ;
#1751 = DIRECTION ( 'NONE',  ( 0.000000000000000000, 0.000000000000000000, -1.000000000000000000 ) ) ;
#1752 = FACE_OUTER_BOUND ( 'NONE', #4346, .T. ) ;
#1753 = FACE_OUTER_BOUND ( 'NONE', #3249, .T. ) ;
#1754 = EDGE_LOOP ( 'NONE', ( #266, #5710, #4903, #5394, #710, #3868, #5277 ) ) ;
#1755 = ADVANCED_FACE ( 'NONE', ( #617 ), #8720, .T. ) ;
#1756 = VERTEX_POINT ( 'NONE', #7287 ) ;
#1757 = CARTESIAN_POINT ( 'NONE',  ( -11.13872808547585613, 0.9175260763250643326, 2.710505431213761085E-17 ) ) ;
#1758 = CARTESIAN_POINT ( 'NONE',  ( -8.947950181779715351, 1.606400620084494468, -0.2000000000000000111 ) ) ;
#1759 = CARTESIAN_POINT ( 'NONE',  ( -0.2382621951218868994, 0.2398578399853534548, -0.2000000000000000389 ) ) ;
#1760 = DIRECTION ( 'NONE',  ( -0.000000000000000000, -0.000000000000000000, 1.000000000000000000 ) ) ;
#1761 = CARTESIAN_POINT ( 'NONE',  ( 6.227808503120348504, -6.581476711740719132, -0.2000000000000000111 ) ) ;
#1762 = CARTESIAN_POINT ( 'NONE',  ( -6.626716502921237151, 2.410060594501330034, -0.2000000000000000111 ) ) ;
#1763 = DIRECTION ( 'NONE',  ( 0.000000000000000000, -1.000000000000000000, 0.000000000000000000 ) ) ;
#1764 = ORIENTED_EDGE ( 'NONE', *, *, #7302, .T. ) ;
#1765 = EDGE_CURVE ( 'NONE', #5617, #8262, #443, .T. ) ;
#1766 = CARTESIAN_POINT ( 'NONE',  ( -9.799999999999995381, 13.20133359925598882, -8.800000000000000711 ) ) ;
#1767 = ORIENTED_EDGE ( 'NONE', *, *, #4695, .F. ) ;
#1768 = CARTESIAN_POINT ( 'NONE',  ( -6.627726846906636382, 2.352931815017677231, -0.2000000000000000111 ) ) ;
#1769 = PLANE ( 'NONE',  #2204 ) ;
#1770 = CARTESIAN_POINT ( 'NONE',  ( -2.239024390243838258, 2.093516376570719206, -0.2000000000000000111 ) ) ;
#1771 = FACE_OUTER_BOUND ( 'NONE', #1205, .T. ) ;
#1772 = CARTESIAN_POINT ( 'NONE',  ( -6.053167857827459919, 4.257654577362909087, -0.2000000000000000666 ) ) ;
#1773 = CARTESIAN_POINT ( 'NONE',  ( -6.585255114229059181, 1.861306878864939618, -8.131516293641283255E-17 ) ) ;
#1774 = VECTOR ( 'NONE', #7132, 1000.000000000000000 ) ;
#1775 = CARTESIAN_POINT ( 'NONE',  ( -4.434146341463349295, 4.184979791204865407, -0.2000000000000000111 ) ) ;
#1776 = ORIENTED_EDGE ( 'NONE', *, *, #6062, .F. ) ;
#1777 = ADVANCED_FACE ( 'NONE', ( #3299 ), #8767, .T. ) ;
#1778 = ORIENTED_EDGE ( 'NONE', *, *, #826, .T. ) ;
#1779 = VECTOR ( 'NONE', #3418, 1000.000000000000000 ) ;
#1780 = ORIENTED_EDGE ( 'NONE', *, *, #7674, .T. ) ;
#1781 = CARTESIAN_POINT ( 'NONE',  ( 0.3890364478340873622, 0.3725950251995903129, -0.2000000000000000111 ) ) ;
#1782 = CARTESIAN_POINT ( 'NONE',  ( -8.094059896694194123, 1.948406178034761238, -0.2000000000000000111 ) ) ;
#1783 = CARTESIAN_POINT ( 'NONE',  ( 12.89999999999999858, -14.20000000000000995, -14.69999999999998863 ) ) ;
#1784 = CARTESIAN_POINT ( 'NONE',  ( 3.140548780487870673, 4.337418815595110111, -0.2000000000000000111 ) ) ;
#1785 = VECTOR ( 'NONE', #5594, 1000.000000000000000 ) ;
#1786 = CARTESIAN_POINT ( 'NONE',  ( -5.567493911366273807, -6.199999999999999289, -24.49303474050138618 ) ) ;
#1787 = VECTOR ( 'NONE', #2863, 1000.000000000000000 ) ;
#1788 = CARTESIAN_POINT ( 'NONE',  ( -8.923593531046487115, 1.816672739768748768, -0.2000000000000000111 ) ) ;
#1789 = ORIENTED_EDGE ( 'NONE', *, *, #1827, .T. ) ;
#1790 = CARTESIAN_POINT ( 'NONE',  ( -0.7862345846839622343, 2.879776771773709942, -0.2000000000000000111 ) ) ;
#1791 = ORIENTED_EDGE ( 'NONE', *, *, #3007, .F. ) ;
#1792 = VECTOR ( 'NONE', #212, 1000.000000000000000 ) ;
#1793 = CARTESIAN_POINT ( 'NONE',  ( -0.06742146760268061256, 0.8941700604263919105, -0.2000000000000000111 ) ) ;
#1794 = VECTOR ( 'NONE', #1863, 1000.000000000000000 ) ;
#1795 = CARTESIAN_POINT ( 'NONE',  ( -7.502542358611248297, 1.989741735138328416, -0.2000000000000000666 ) ) ;
#1796 = CARTESIAN_POINT ( 'NONE',  ( -7.363648761348017935, 3.057694525216088977, -0.2000000000000000111 ) ) ;
#1797 = CARTESIAN_POINT ( 'NONE',  ( -11.35995636060658676, 1.903934210199818455, 8.131516293641283255E-17 ) ) ;
#1798 = FACE_OUTER_BOUND ( 'NONE', #28, .T. ) ;
#1799 = CARTESIAN_POINT ( 'NONE',  ( -4.434146341463349295, 3.361809059497548713, -0.2000000000000000111 ) ) ;
#1800 = EDGE_CURVE ( 'NONE', #543, #4654, #449, .T. ) ;
#1801 = CARTESIAN_POINT ( 'NONE',  ( -11.36097560975603216, 4.288638327790232019, 0.000000000000000000 ) ) ;
#1802 = VECTOR ( 'NONE', #3369, 1000.000000000000000 ) ;
#1803 = VECTOR ( 'NONE', #4296, 1000.000000000000000 ) ;
#1804 = VERTEX_POINT ( 'NONE', #1418 ) ;
#1805 = ORIENTED_EDGE ( 'NONE', *, *, #3942, .F. ) ;
#1806 = CARTESIAN_POINT ( 'NONE',  ( -10.85473517312060743, 0.5688667969033580629, 2.710505431213761085E-17 ) ) ;
#1807 = CARTESIAN_POINT ( 'NONE',  ( -9.067754980697172229, 1.274704614987975493, -0.2000000000000000111 ) ) ;
#1808 = VECTOR ( 'NONE', #5008, 1000.000000000000000 ) ;
#1809 = CARTESIAN_POINT ( 'NONE',  ( -0.1605182926828624401, 4.337418815595110111, -2.710505431213761085E-17 ) ) ;
#1810 = CARTESIAN_POINT ( 'NONE',  ( -0.8243902439023734763, 2.245193205839012052, -5.421010862427522170E-17 ) ) ;
#1811 = CARTESIAN_POINT ( 'NONE',  ( -7.505702232323613998, 2.131559345558788010, -0.2000000000000000111 ) ) ;
#1812 = EDGE_CURVE ( 'NONE', #4654, #5287, #5531, .T. ) ;
#1813 = CARTESIAN_POINT ( 'NONE',  ( -6.626716502921237151, 2.410060594501330034, 0.000000000000000000 ) ) ;
#1814 = CARTESIAN_POINT ( 'NONE',  ( -5.405945121951154952, 4.337418815595110111, -2.710505431213761085E-17 ) ) ;
#1815 = EDGE_CURVE ( 'NONE', #7381, #2003, #4230, .T. ) ;
#1816 = VECTOR ( 'NONE', #7965, 1000.000000000000000 ) ;
#1817 = ORIENTED_EDGE ( 'NONE', *, *, #7764, .T. ) ;
#1818 = DIRECTION ( 'NONE',  ( 1.000000000000000000, 0.000000000000000000, 0.000000000000000000 ) ) ;
#1819 = VERTEX_POINT ( 'NONE', #7460 ) ;
#1820 = CARTESIAN_POINT ( 'NONE',  ( -6.574947020467767800, 0.4638703353607895319, -2.710505431213761701E-17 ) ) ;
#1821 = CARTESIAN_POINT ( 'NONE',  ( -0.6690761301427395891, 3.336861683487781338, 2.710505431213761085E-17 ) ) ;
#1822 = CARTESIAN_POINT ( 'NONE',  ( -6.281788073529346761, 3.235853694939779590, -0.1999999999999999833 ) ) ;
#1823 = CIRCLE ( 'NONE', #822, 1.749999999999999778 ) ;
#1824 = CARTESIAN_POINT ( 'NONE',  ( -0.7879743790951386773, 1.648373868725017122, -0.2000000000000000111 ) ) ;
#1825 = CARTESIAN_POINT ( 'NONE',  ( -5.629846448288924776, 4.332631996424152199, -0.2000000000000000666 ) ) ;
#1826 = CARTESIAN_POINT ( 'NONE',  ( -4.434146341463349295, 1.215467596082914437, -0.2000000000000000111 ) ) ;
#1827 = EDGE_CURVE ( 'NONE', #2534, #679, #3516, .T. ) ;
#1828 = CARTESIAN_POINT ( 'NONE',  ( -10.12834209370794980, 0.2645129558605973652, 0.000000000000000000 ) ) ;
#1829 = ORIENTED_EDGE ( 'NONE', *, *, #1097, .T. ) ;
#1830 = LOCAL_TIME ( 15, 27, 1.000000000000000000, #4590 ) ;
#1831 = VERTEX_POINT ( 'NONE', #6194 ) ;
#1832 = ORIENTED_EDGE ( 'NONE', *, *, #288, .F. ) ;
#1833 = CARTESIAN_POINT ( 'NONE',  ( -6.922848869674990802, 3.742100163286586234, -0.2000000000000000111 ) ) ;
#1834 = CARTESIAN_POINT ( 'NONE',  ( -10.63465108180216490, 0.4200769223982394607, -0.1999999999999999556 ) ) ;
#1835 = CARTESIAN_POINT ( 'NONE',  ( -4.547189330470621904, 0.3982205331303919627, -0.2000000000000000111 ) ) ;
#1836 = CARTESIAN_POINT ( 'NONE',  ( -5.751916760596876621, 3.556736974604682633, -0.2000000000000000111 ) ) ;
#1837 = EDGE_CURVE ( 'NONE', #2840, #915, #79, .T. ) ;
#1838 = CARTESIAN_POINT ( 'NONE',  ( -5.348018292682861663, 3.605711498521939173, -0.2000000000000000389 ) ) ;
#1839 = CARTESIAN_POINT ( 'NONE',  ( -1.616525600533680773, 2.833547413169998030, -0.2000000000000000944 ) ) ;
#1840 = EDGE_LOOP ( 'NONE', ( #2333, #3966, #3271, #7556 ) ) ;
#1841 = DIRECTION ( 'NONE',  ( 1.000000000000000000, 0.000000000000000000, 0.000000000000000000 ) ) ;
#1842 = ORIENTED_EDGE ( 'NONE', *, *, #643, .T. ) ;
#1843 = CARTESIAN_POINT ( 'NONE',  ( -4.434146341463350183, 1.215467596082914659, -8.131516293641283255E-17 ) ) ;
#1844 = DIRECTION ( 'NONE',  ( 9.745637505487684696E-17, 1.000000000000000000, -0.000000000000000000 ) ) ;
#1845 = CARTESIAN_POINT ( 'NONE',  ( -5.846685724451629262, 4.303544846453346118, -0.2000000000000000111 ) ) ;
#1846 = EDGE_CURVE ( 'NONE', #220, #2867, #8272, .T. ) ;
#1847 = CARTESIAN_POINT ( 'NONE',  ( -11.13872808547585613, 0.9175260763250643326, 8.131516293641283255E-17 ) ) ;
#1848 = CARTESIAN_POINT ( 'NONE',  ( -10.48292682926822827, 4.288638327790232019, -0.2000000000000000111 ) ) ;
#1849 = CARTESIAN_POINT ( 'NONE',  ( -7.059680339515930214, 3.587931525738397021, 0.000000000000000000 ) ) ;
#1850 = CARTESIAN_POINT ( 'NONE',  ( -0.8240670752858110237, 2.304147015176464475, -0.2000000000000000111 ) ) ;
#1851 = B_SPLINE_CURVE_WITH_KNOTS ( 'NONE', 3,
 ( #102, #6339, #3613, #226, #2824, #5671, #7060, #8288 ),
 .UNSPECIFIED., .F., .F.,
 ( 4, 2, 2, 4 ),
 ( 0.000000000000000000, 0.0003454810817554825053, 0.0006909621635109650106, 0.001381924327021928287 ),
 .UNSPECIFIED. ) ;
#1852 = ORIENTED_EDGE ( 'NONE', *, *, #5590, .F. ) ;
#1853 = ORIENTED_EDGE ( 'NONE', *, *, #7291, .F. ) ;
#1854 = CARTESIAN_POINT ( 'NONE',  ( -0.6467120263200614172, 1.162928729724766574, -6.776263578034403945E-17 ) ) ;
#1855 = CARTESIAN_POINT ( 'NONE',  ( 1.205582179028375611, 2.785703454749715924, 0.000000000000000000 ) ) ;
#1856 = CARTESIAN_POINT ( 'NONE',  ( 1.223243178938615339, 2.236266007794919464, -2.710505431213761085E-17 ) ) ;
#1857 = LINE ( 'NONE', #2574, #6920 ) ;
#1858 = CARTESIAN_POINT ( 'NONE',  ( -7.107278757586455775, 0.9128737043189800726, 2.710505431213761085E-17 ) ) ;
#1859 = LINE ( 'NONE', #4580, #7533 ) ;
#1860 = LINE ( 'NONE', #5054, #1228 ) ;
#1861 = ORIENTED_EDGE ( 'NONE', *, *, #4021, .T. ) ;
#1862 = ADVANCED_FACE ( 'NONE', ( #709 ), #2042, .F. ) ;
#1863 = DIRECTION ( 'NONE',  ( -1.000000000000000000, 6.484938541143236834E-16, 0.000000000000000000 ) ) ;
#1864 = EDGE_CURVE ( 'NONE', #3403, #4104, #3429, .T. ) ;
#1865 = ORIENTED_EDGE ( 'NONE', *, *, #8389, .F. ) ;
#1866 = CARTESIAN_POINT ( 'NONE',  ( -5.781328235022994200, 3.548413771935255756, -0.2000000000000000111 ) ) ;
#1867 = CARTESIAN_POINT ( 'NONE',  ( -0.8038219242361133166, 2.737136786722114579, 2.710505431213761085E-17 ) ) ;
#1868 = CARTESIAN_POINT ( 'NONE',  ( -5.623514761011790597, 3.585193404641508597, 2.710505431213761085E-17 ) ) ;
#1869 = FACE_OUTER_BOUND ( 'NONE', #3422, .T. ) ;
#1870 = CARTESIAN_POINT ( 'NONE',  ( -4.751456457513386411, 3.511628895562767916, -0.2000000000000000111 ) ) ;
#1871 = ORIENTED_EDGE ( 'NONE', *, *, #8440, .T. ) ;
#1872 = ORIENTED_EDGE ( 'NONE', *, *, #8716, .T. ) ;
#1873 = EDGE_CURVE ( 'NONE', #6427, #3581, #2845, .T. ) ;
#1874 = ORIENTED_EDGE ( 'NONE', *, *, #3455, .F. ) ;
#1875 = CARTESIAN_POINT ( 'NONE',  ( -18.39999999999999503, -15.69999999999999929, -2.000000000000000000 ) ) ;
#1876 = CARTESIAN_POINT ( 'NONE',  ( -0.2188176068839543797, 3.702435335660405169, -0.000000000000000000 ) ) ;
#1877 = DIRECTION ( 'NONE',  ( 0.000000000000000000, 1.000000000000000000, 0.000000000000000000 ) ) ;
#1878 = CARTESIAN_POINT ( 'NONE',  ( -11.36097560975603216, 4.288638327790232019, -0.2000000000000000111 ) ) ;
#1879 = CARTESIAN_POINT ( 'NONE',  ( 6.227808503120347616, 1.942992058381624698, 5.332894443888950065 ) ) ;
#1880 = CARTESIAN_POINT ( 'NONE',  ( -9.696341463414569262, 0.9715651570585241981, -0.2000000000000000111 ) ) ;
#1881 = ORIENTED_EDGE ( 'NONE', *, *, #5023, .F. ) ;
#1882 = CARTESIAN_POINT ( 'NONE',  ( -0.8240670752858110237, 2.304147015176464475, -1.897353801849632760E-16 ) ) ;
#1883 = ADVANCED_FACE ( 'NONE', ( #4141 ), #5569, .F. ) ;
#1884 = VERTEX_POINT ( 'NONE', #750 ) ;
#1885 = CARTESIAN_POINT ( 'NONE',  ( 17.80000000000000782, -13.20000000000000284, -2.999999999999999112 ) ) ;
#1886 = CARTESIAN_POINT ( 'NONE',  ( 0.2116965472800875214, 3.430661789084228364, -0.2000000000000000666 ) ) ;
#1887 = CARTESIAN_POINT ( 'NONE',  ( -6.434059622845379245, 4.107881649833385218, -0.2000000000000000111 ) ) ;
#1888 = DIRECTION ( 'NONE',  ( -0.000000000000000000, -0.000000000000000000, -1.000000000000000000 ) ) ;
#1889 = CARTESIAN_POINT ( 'NONE',  ( -8.092682926829203538, 4.288638327790232019, 0.000000000000000000 ) ) ;
#1890 = CARTESIAN_POINT ( 'NONE',  ( 3.663414634146407334, 4.337418815595110111, 0.000000000000000000 ) ) ;
#1891 = DIRECTION ( 'NONE',  ( 0.000000000000000000, 0.000000000000000000, -1.000000000000000000 ) ) ;
#1892 = ORIENTED_EDGE ( 'NONE', *, *, #6702, .F. ) ;
#1893 = VERTEX_POINT ( 'NONE', #4766 ) ;
#1894 = EDGE_CURVE ( 'NONE', #999, #4104, #6842, .T. ) ;
#1895 = DIRECTION ( 'NONE',  ( 1.000000000000000000, 0.000000000000000000, 0.000000000000000000 ) ) ;
#1896 = DIRECTION ( 'NONE',  ( -3.469446951953611033E-15, -1.000000000000000000, -0.000000000000000000 ) ) ;
#1897 = CARTESIAN_POINT ( 'NONE',  ( 1.016144153040730025, 1.081422035617684685, -0.2000000000000000389 ) ) ;
#1898 = CARTESIAN_POINT ( 'NONE',  ( -5.561432926829203538, 0.2398578399853534548, -0.2000000000000000111 ) ) ;
#1899 = CARTESIAN_POINT ( 'NONE',  ( -7.305782017746914825, 1.226995595527003768, 2.710505431213761085E-17 ) ) ;
#1900 = CARTESIAN_POINT ( 'NONE',  ( -0.06846024424707573830, 0.2444387586551611258, 0.000000000000000000 ) ) ;
#1901 = CARTESIAN_POINT ( 'NONE',  ( -5.405945121951154952, 4.337418815595110111, -0.2000000000000000389 ) ) ;
#1902 = EDGE_LOOP ( 'NONE', ( #4718, #4332, #1413, #2397 ) ) ;
#1903 = CARTESIAN_POINT ( 'NONE',  ( 0.3938644332002065873, 2.119113902292020679, -0.2000000000000000111 ) ) ;
#1904 = ORIENTED_EDGE ( 'NONE', *, *, #4272, .F. ) ;
#1905 = CARTESIAN_POINT ( 'NONE',  ( 13.80000000000000071, 14.20133359925599414, -14.69999999999998863 ) ) ;
#1906 = CARTESIAN_POINT ( 'NONE',  ( 6.227808503120348504, -8.113779781068901187, -0.2000000000000000111 ) ) ;
#1907 = CARTESIAN_POINT ( 'NONE',  ( -6.191426585693163176, 3.322818683960520936, 2.710505431213761085E-17 ) ) ;
#1908 = FACE_OUTER_BOUND ( 'NONE', #930, .T. ) ;
#1909 = CARTESIAN_POINT ( 'NONE',  ( -5.481497517560738331, 4.335803569890088305, -0.2000000000000000666 ) ) ;
#1910 = CARTESIAN_POINT ( 'NONE',  ( -4.980369307077385344, 3.572921834517083894, -0.2000000000000000111 ) ) ;
#1911 = ADVANCED_FACE ( 'NONE', ( #2882 ), #571, .F. ) ;
#1912 = ORIENTED_EDGE ( 'NONE', *, *, #6884, .T. ) ;
#1913 = B_SPLINE_SURFACE_WITH_KNOTS ( 'NONE', 3, 1, ( 
 ( #5891, #4424 ),
 ( #1966, #6790 ),
 ( #1835, #2681 ),
 ( #5989, #7426 ),
 ( #1339, #8146 ),
 ( #8102, #7466 ),
 ( #5280, #4058 ),
 ( #3979, #7337 ),
 ( #4690, #4018 ),
 ( #1208, #1259 ),
 ( #8636, #8822 ) ),
 .UNSPECIFIED., .F., .F., .F.,
 ( 4, 1, 1, 1, 1, 1, 1, 1, 4 ),
 ( 2, 2 ),
 ( 0.000000000000000000, 0.1057145932496834639, 0.2162443715654720211, 0.3320845664999239055, 0.4527412241643050117, 0.5802240250487439299, 0.7135479652290485086, 0.8529378683857120613, 1.000000000000000000 ),
 ( 0.000000000000000000, 1.000000000000000000 ),
 .UNSPECIFIED. ) ;
#1914 = ORIENTED_EDGE ( 'NONE', *, *, #7512, .F. ) ;
#1915 = CARTESIAN_POINT ( 'NONE',  ( 1.224390243902504727, 2.316839547302426805, -2.710505431213761085E-17 ) ) ;
#1916 = AXIS2_PLACEMENT_3D ( 'NONE', #7295, #5279, #3214 ) ;
#1917 = CARTESIAN_POINT ( 'NONE',  ( 4.694324922952930912, -6.581476711740719132, 0.000000000000000000 ) ) ;
#1918 = DIRECTION ( 'NONE',  ( 0.000000000000000000, 0.000000000000000000, 1.000000000000000000 ) ) ;
#1919 = DIRECTION ( 'NONE',  ( -1.000000000000000000, 0.000000000000000000, 0.000000000000000000 ) ) ;
#1920 = LINE ( 'NONE', #719, #3099 ) ;
#1921 = EDGE_CURVE ( 'NONE', #3581, #5297, #1625, .T. ) ;
#1922 = CARTESIAN_POINT ( 'NONE',  ( 8.411753555706741992, -6.581476711740719132, 5.332894443888950065 ) ) ;
#1923 = VECTOR ( 'NONE', #7857, 1000.000000000000000 ) ;
#1924 = ORIENTED_EDGE ( 'NONE', *, *, #6437, .T. ) ;
#1925 = CARTESIAN_POINT ( 'NONE',  ( -1.633805830134214654, 1.764164239121326361, 0.000000000000000000 ) ) ;
#1926 = EDGE_LOOP ( 'NONE', ( #3744, #7775, #6787, #2699, #108, #8792, #2988 ) ) ;
#1927 = CARTESIAN_POINT ( 'NONE',  ( -9.557563545111674941, 0.2431840326327392721, -0.2000000000000000111 ) ) ;
#1928 = CARTESIAN_POINT ( 'NONE',  ( -4.535730129441681413, 4.222484783328210867, 0.000000000000000000 ) ) ;
#1929 = AXIS2_PLACEMENT_3D ( 'NONE', #842, #172, #87 ) ;
#1930 = AXIS2_PLACEMENT_3D ( 'NONE', #7847, #8518, #5156 ) ;
#1931 = CARTESIAN_POINT ( 'NONE',  ( -10.04008541212803252, 1.032432141877494436, 0.000000000000000000 ) ) ;
#1932 = LINE ( 'NONE', #6171, #4940 ) ;
#1933 = CARTESIAN_POINT ( 'NONE',  ( 2.414717516674715014, 3.913276413418994792, -8.131516293641283255E-17 ) ) ;
#1934 = DIRECTION ( 'NONE',  ( 0.000000000000000000, 0.000000000000000000, -1.000000000000000000 ) ) ;
#1935 = ADVANCED_FACE ( 'NONE', ( #3596 ), #8782, .F. ) ;
#1936 = DIRECTION ( 'NONE',  ( 1.000000000000000000, 0.000000000000000000, 0.000000000000000000 ) ) ;
#1937 = VECTOR ( 'NONE', #4108, 1000.000000000000000 ) ;
#1938 = AXIS2_PLACEMENT_3D ( 'NONE', #855, #1478, #1060 ) ;
#1939 = ORIENTED_EDGE ( 'NONE', *, *, #2264, .F. ) ;
#1940 = ORIENTED_EDGE ( 'NONE', *, *, #10, .T. ) ;
#1941 = CARTESIAN_POINT ( 'NONE',  ( -0.3338660597349740744, 4.332888016728503544, 0.000000000000000000 ) ) ;
#1942 = DIRECTION ( 'NONE',  ( 0.000000000000000000, 0.000000000000000000, -1.000000000000000000 ) ) ;
#1943 = CARTESIAN_POINT ( 'NONE',  ( -0.2092987804877405322, 0.8740041814487681249, -0.2000000000000000666 ) ) ;
#1944 = DIRECTION ( 'NONE',  ( 9.745637505487680998E-17, 1.000000000000000000, -0.000000000000000000 ) ) ;
#1945 = VECTOR ( 'NONE', #6240, 1000.000000000000000 ) ;
#1946 = CARTESIAN_POINT ( 'NONE',  ( -6.608829827883858421, 2.549341665430480575, 0.000000000000000000 ) ) ;
#1947 = AXIS2_PLACEMENT_3D ( 'NONE', #553, #1128, #3984 ) ;
#1948 = ADVANCED_FACE ( 'NONE', ( #5832 ), #7998, .F. ) ;
#1949 = VERTEX_POINT ( 'NONE', #5873 ) ;
#1950 = VECTOR ( 'NONE', #5735, 1000.000000000000000 ) ;
#1951 = CARTESIAN_POINT ( 'NONE',  ( -4.583800510550280372, 1.138025172097698379, -0.2000000000000002054 ) ) ;
#1952 = B_SPLINE_CURVE_WITH_KNOTS ( 'NONE', 3,
 ( #5375, #3447, #1349, #4071, #2774, #8245, #6803, #683, #6083, #596 ),
 .UNSPECIFIED., .F., .F.,
 ( 4, 2, 2, 2, 4 ),
 ( 0.000000000000000000, 0.0002399517319016240987, 0.0004799034638032481973, 0.0007198551957048722688, 0.0009598069276064963946 ),
 .UNSPECIFIED. ) ;
#1953 = CARTESIAN_POINT ( 'NONE',  ( -7.432402224405060487, 1.564532312067364872, -0.2000000000000000111 ) ) ;
#1954 = CARTESIAN_POINT ( 'NONE',  ( -7.461458689597540328, 1.689873301469792644, -2.710505431213760777E-17 ) ) ;
#1955 = CARTESIAN_POINT ( 'NONE',  ( -0.3411911683238025850, 3.682212967298378548, -0.2000000000000000944 ) ) ;
#1956 = CARTESIAN_POINT ( 'NONE',  ( 3.700000000000005507, -5.198666400744007099, -1.000000000000000000 ) ) ;
#1957 = CARTESIAN_POINT ( 'NONE',  ( -0.8044698233079311533, 1.782482479452609514, -0.2000000000000000111 ) ) ;
#1958 = CARTESIAN_POINT ( 'NONE',  ( -4.434146341463349295, 4.184979791204865407, -0.2000000000000000111 ) ) ;
#1959 = CARTESIAN_POINT ( 'NONE',  ( -5.908368125715575125, 1.058769302415399682, -0.2000000000000000389 ) ) ;
#1960 = EDGE_CURVE ( 'NONE', #2003, #2506, #8718, .T. ) ;
#1961 = AXIS2_PLACEMENT_3D ( 'NONE', #3762, #6493, #5822 ) ;
#1962 = EDGE_LOOP ( 'NONE', ( #8863, #3777, #3473, #8410 ) ) ;
#1963 = VERTEX_POINT ( 'NONE', #2577 ) ;
#1964 = CARTESIAN_POINT ( 'NONE',  ( 3.663414634146407334, 4.337418815595110111, 0.000000000000000000 ) ) ;
#1965 = CARTESIAN_POINT ( 'NONE',  ( -7.453135263217250284, 2.762701145828437621, -0.2000000000000000389 ) ) ;
#1966 = CARTESIAN_POINT ( 'NONE',  ( -4.471263784704892608, 0.4326366282556349807, -0.2000000000000000111 ) ) ;
#1967 = CARTESIAN_POINT ( 'NONE',  ( 6.879450486378557272, -1.849989268083281901, 5.332894443888950065 ) ) ;
#1968 = DIRECTION ( 'NONE',  ( -0.000000000000000000, -0.000000000000000000, -1.000000000000000000 ) ) ;
#1969 = CARTESIAN_POINT ( 'NONE',  ( -9.067754980697172229, 1.274704614987975493, -0.2000000000000000111 ) ) ;
#1970 = ORIENTED_EDGE ( 'NONE', *, *, #1717, .F. ) ;
#1971 = CARTESIAN_POINT ( 'NONE',  ( -0.8240670752858110237, 2.304147015176464475, -0.2000000000000000111 ) ) ;
#1972 = ORIENTED_EDGE ( 'NONE', *, *, #7877, .T. ) ;
#1973 = CARTESIAN_POINT ( 'NONE',  ( -4.740890496520036912, 1.076249375152845689, 1.355252715606880080E-17 ) ) ;
#1974 = EDGE_CURVE ( 'NONE', #3029, #2599, #1640, .T. ) ;
#1975 = EDGE_CURVE ( 'NONE', #4868, #3710, #5211, .T. ) ;
#1976 = CARTESIAN_POINT ( 'NONE',  ( -10.48292682926822827, 1.966991986326817043, -0.1000000000000000056 ) ) ;
#1977 = CARTESIAN_POINT ( 'NONE',  ( -9.696341463414569262, 0.9715651570585241981, -0.2000000000000000389 ) ) ;
#1978 = CARTESIAN_POINT ( 'NONE',  ( -5.668455463024437258, 0.9914638732598725079, 0.000000000000000000 ) ) ;
#1979 = CARTESIAN_POINT ( 'NONE',  ( -8.484817092043106967, 0.7105250080946423630, -2.710505431213761085E-17 ) ) ;
#1980 = CARTESIAN_POINT ( 'NONE',  ( -0.8243902439023734763, 2.245193205839012052, -2.710505431213761085E-17 ) ) ;
#1981 = CARTESIAN_POINT ( 'NONE',  ( -0.1848041491870962283, 0.8749152499313025411, -0.000000000000000000 ) ) ;
#1982 = ORIENTED_EDGE ( 'NONE', *, *, #416, .T. ) ;
#1983 = ORIENTED_EDGE ( 'NONE', *, *, #3598, .F. ) ;
#1984 = CARTESIAN_POINT ( 'NONE',  ( -9.755030487804813077, 0.2398578399853534548, -2.710505431213761085E-17 ) ) ;
#1985 = EDGE_CURVE ( 'NONE', #6136, #4924, #3867, .T. ) ;
#1986 = CARTESIAN_POINT ( 'NONE',  ( -1.653658536585301375, 2.224613937546329634, -0.2000000000000000389 ) ) ;
#1987 = CARTESIAN_POINT ( 'NONE',  ( -7.649873333299992417, 4.428288893387669845, -6.200000000000001066 ) ) ;
#1988 = CARTESIAN_POINT ( 'NONE',  ( -6.629268292682862551, 2.265772474131694914, -0.2000000000000000111 ) ) ;
#1989 = CARTESIAN_POINT ( 'NONE',  ( -0.1045370830242268456, 4.336095015182955592, -8.131516293641283255E-17 ) ) ;
#1990 = LINE ( 'NONE', #2406, #1256 ) ;
#1991 = VERTEX_POINT ( 'NONE', #3961 ) ;
#1992 = B_SPLINE_CURVE_WITH_KNOTS ( 'NONE', 3,
 ( #6298, #5670, #8287, #1561, #6980, #2150, #3612, #8244, #4872, #890, #7610, #1476, #6931, #6169, #812, #2109 ),
 .UNSPECIFIED., .F., .F.,
 ( 4, 2, 2, 2, 2, 2, 2, 4 ),
 ( 0.000000000000000000, 0.0002490820009604979824, 0.0004981640019209959648, 0.0007472460028814940014, 0.0009963280038419919295, 0.001494492005762988003, 0.001743574006723485389, 0.001992656007683982992 ),
 .UNSPECIFIED. ) ;
#1993 = ORIENTED_EDGE ( 'NONE', *, *, #5825, .F. ) ;
#1994 = CARTESIAN_POINT ( 'NONE',  ( 12.89999999999999858, -15.69999999999999929, -16.44999999999998863 ) ) ;
#1995 = ADVANCED_FACE ( 'NONE', ( #7320 ), #2561, .F. ) ;
#1996 = EDGE_LOOP ( 'NONE', ( #7104, #887, #5656, #5325 ) ) ;
#1997 = CARTESIAN_POINT ( 'NONE',  ( -0.8152558575379187378, 1.927224909886061432, -0.2000000000000000111 ) ) ;
#1998 = DIRECTION ( 'NONE',  ( 0.000000000000000000, 0.000000000000000000, -1.000000000000000000 ) ) ;
#1999 = CARTESIAN_POINT ( 'NONE',  ( -5.348018292682861663, 3.605711498521939173, 2.710505431213761085E-17 ) ) ;
#2000 = DIRECTION ( 'NONE',  ( 0.000000000000000000, -1.000000000000000000, 0.000000000000000000 ) ) ;
#2001 = PERSON_AND_ORGANIZATION ( #6739, #6392 ) ;
#2002 = CARTESIAN_POINT ( 'NONE',  ( -5.100064959524909014, 3.591778257614862024, 0.000000000000000000 ) ) ;
#2003 = VERTEX_POINT ( 'NONE', #5918 ) ;
#2004 = EDGE_CURVE ( 'NONE', #3464, #5484, #3155, .T. ) ;
#2005 = ORIENTED_EDGE ( 'NONE', *, *, #4177, .F. ) ;
#2006 = CARTESIAN_POINT ( 'NONE',  ( -4.434146341463349295, 3.361809059497548713, -0.2000000000000000111 ) ) ;
#2007 = CARTESIAN_POINT ( 'NONE',  ( 0.3674958274401786129, 1.726615274095043118, -0.2000000000000000389 ) ) ;
#2008 = CARTESIAN_POINT ( 'NONE',  ( -8.923643817626878416, 1.813190277510170478, -2.031254238220912266E-32 ) ) ;
#2009 = FACE_OUTER_BOUND ( 'NONE', #4023, .T. ) ;
#2010 = CARTESIAN_POINT ( 'NONE',  ( 11.15000000000000213, 15.70133359925599414, -14.69999999999998863 ) ) ;
#2011 = DIRECTION ( 'NONE',  ( 1.000000000000000000, 0.000000000000000000, 0.000000000000000000 ) ) ;
#2012 = ORIENTED_EDGE ( 'NONE', *, *, #589, .T. ) ;
#2013 = DIRECTION ( 'NONE',  ( 1.000000000000000000, 0.000000000000000000, 0.000000000000000000 ) ) ;
#2014 = ORIENTED_EDGE ( 'NONE', *, *, #6357, .T. ) ;
#2015 = FACE_OUTER_BOUND ( 'NONE', #7989, .T. ) ;
#2016 = CARTESIAN_POINT ( 'NONE',  ( -9.696341463414569262, 0.9715651570585241981, -5.421010862427522170E-17 ) ) ;
#2017 = CARTESIAN_POINT ( 'NONE',  ( 0.1678554767429611683, 3.503199542742950090, -0.2000000000000000666 ) ) ;
#2018 = CARTESIAN_POINT ( 'NONE',  ( -7.649873333299992417, -15.69999999999999929, -6.200000000000001066 ) ) ;
#2019 = CARTESIAN_POINT ( 'NONE',  ( -6.629268292682862551, 2.265772474131694914, 0.000000000000000000 ) ) ;
#2020 = CARTESIAN_POINT ( 'NONE',  ( -11.75000000000000178, 15.70133359925599414, -14.69999999999998863 ) ) ;
#2021 = CARTESIAN_POINT ( 'NONE',  ( 2.834146341463479768, 3.393059059497548713, -0.2000000000000000111 ) ) ;
#2022 = B_SPLINE_SURFACE_WITH_KNOTS ( 'NONE', 3, 1, ( 
 ( #7437, #7399 ),
 ( #2606, #4073 ),
 ( #5333, #635 ),
 ( #6133, #3359 ),
 ( #8069, #1933 ),
 ( #4662, #3992 ),
 ( #6718, #3318 ),
 ( #685, #2734 ),
 ( #8786, #2647 ),
 ( #5461, #6085 ),
 ( #5377, #8837 ) ),
 .UNSPECIFIED., .F., .F., .F.,
 ( 4, 1, 1, 1, 1, 1, 1, 1, 4 ),
 ( 2, 2 ),
 ( 0.000000000000000000, 0.1330092017221976008, 0.2632414808529634498, 0.3907331143173737864, 0.5161618370489994279, 0.6393374629047401392, 0.7609803316414359697, 0.8809896931858357538, 1.000000000000000000 ),
 ( 0.000000000000000000, 1.000000000000000000 ),
 .UNSPECIFIED. ) ;
#2023 = CARTESIAN_POINT ( 'NONE',  ( 6.879450486378559049, -4.290105172783861498, -0.2000000000000000111 ) ) ;
#2024 = EDGE_CURVE ( 'NONE', #4176, #2242, #1860, .T. ) ;
#2025 = ORIENTED_EDGE ( 'NONE', *, *, #6589, .F. ) ;
#2026 = ORIENTED_EDGE ( 'NONE', *, *, #8567, .F. ) ;
#2027 = CARTESIAN_POINT ( 'NONE',  ( -0.3457742274989829556, 0.8915024115418234141, -2.710505431213755230E-17 ) ) ;
#2028 = CARTESIAN_POINT ( 'NONE',  ( -0.2382621951218869272, 0.2398578399853534826, -0.2000000000000000389 ) ) ;
#2029 = CARTESIAN_POINT ( 'NONE',  ( 2.747356626934982060, 3.324388567049385124, 0.000000000000000000 ) ) ;
#2030 = CARTESIAN_POINT ( 'NONE',  ( -9.154188465625628268, 1.163199599783603322, -0.1999999999999999833 ) ) ;
#2031 = CARTESIAN_POINT ( 'NONE',  ( 0.1622096848955603687, 4.309544534380692404, -0.2000000000000000111 ) ) ;
#2032 = LINE ( 'NONE', #6901, #957 ) ;
#2033 = EDGE_CURVE ( 'NONE', #7664, #3815, #5106, .T. ) ;
#2034 = ORIENTED_EDGE ( 'NONE', *, *, #4887, .F. ) ;
#2035 = ORIENTED_EDGE ( 'NONE', *, *, #4951, .T. ) ;
#2036 = CARTESIAN_POINT ( 'NONE',  ( 6.227808503120348504, -5.822408242112043553, 0.000000000000000000 ) ) ;
#2037 = VERTEX_POINT ( 'NONE', #3621 ) ;
#2038 = DIRECTION ( 'NONE',  ( 1.000000000000000000, 0.000000000000000000, 0.000000000000000000 ) ) ;
#2039 = CARTESIAN_POINT ( 'NONE',  ( 0.2334727889469547790, 3.387521747200898936, -0.2000000000000000111 ) ) ;
#2040 = CARTESIAN_POINT ( 'NONE',  ( 0.4456964670883151181, 4.214215347304801185, -0.2000000000000000666 ) ) ;
#2041 = FACE_OUTER_BOUND ( 'NONE', #819, .T. ) ;
#2042 = PLANE ( 'NONE',  #2644 ) ;
#2043 = ADVANCED_FACE ( 'NONE', ( #6398 ), #320, .F. ) ;
#2044 = ORIENTED_EDGE ( 'NONE', *, *, #2454, .F. ) ;
#2045 = ORIENTED_EDGE ( 'NONE', *, *, #6830, .T. ) ;
#2046 = ORIENTED_EDGE ( 'NONE', *, *, #3529, .F. ) ;
#2047 = CARTESIAN_POINT ( 'NONE',  ( 6.879450486378557272, 1.942992058381624698, -0.2000000000000000111 ) ) ;
#2048 = CARTESIAN_POINT ( 'NONE',  ( 1.123280807350070187, 1.365945333877687462, 5.421010862427516623E-17 ) ) ;
#2049 = CARTESIAN_POINT ( 'NONE',  ( -4.755504394257282108, 4.279096580841416753, -0.2000000000000000111 ) ) ;
#2050 = LINE ( 'NONE', #6070, #397 ) ;
#2051 = CARTESIAN_POINT ( 'NONE',  ( 0.2846112161824669307, 3.252510906255187351, -0.2000000000000000111 ) ) ;
#2052 = EDGE_CURVE ( 'NONE', #5297, #4582, #4472, .T. ) ;
#2053 = CARTESIAN_POINT ( 'NONE',  ( -9.516333612878847603, 0.9854551004417508864, -0.2000000000000000111 ) ) ;
#2054 = ORIENTED_EDGE ( 'NONE', *, *, #5033, .F. ) ;
#2055 = EDGE_LOOP ( 'NONE', ( #7605, #8311, #2323, #2904 ) ) ;
#2056 = DIRECTION ( 'NONE',  ( 1.000000000000000000, 0.000000000000000000, 0.000000000000000000 ) ) ;
#2057 = PLANE ( 'NONE',  #8212 ) ;
#2058 = LINE ( 'NONE', #1976, #3355 ) ;
#2059 = CARTESIAN_POINT ( 'NONE',  ( -10.37446226449583264, 1.360757283638088122, 0.000000000000000000 ) ) ;
#2060 = CARTESIAN_POINT ( 'NONE',  ( -6.629268292682862551, 2.265772474131694914, -0.2000000000000000111 ) ) ;
#2061 = CARTESIAN_POINT ( 'NONE',  ( -10.24934534181669754, 1.173741403897040403, -0.1999999999999999833 ) ) ;
#2062 = DIRECTION ( 'NONE',  ( -0.000000000000000000, -0.000000000000000000, 1.000000000000000000 ) ) ;
#2063 = CARTESIAN_POINT ( 'NONE',  ( 6.700000000000003730, -13.19999999999999929, -7.799999999999998934 ) ) ;
#2064 = ORIENTED_EDGE ( 'NONE', *, *, #2387, .F. ) ;
#2065 = ORIENTED_EDGE ( 'NONE', *, *, #2292, .T. ) ;
#2066 = AXIS2_PLACEMENT_3D ( 'NONE', #3353, #2641, #4739 ) ;
#2067 = LINE ( 'NONE', #7665, #5373 ) ;
#2068 = VECTOR ( 'NONE', #3718, 1000.000000000000000 ) ;
#2069 = CARTESIAN_POINT ( 'NONE',  ( 6.227808503120348504, -4.290105172783861498, 0.000000000000000000 ) ) ;
#2070 = ADVANCED_FACE ( 'NONE', ( #1609 ), #4336, .T. ) ;
#2071 = CARTESIAN_POINT ( 'NONE',  ( 2.276174441269497528, 3.104551862881821389, 0.000000000000000000 ) ) ;
#2072 = CARTESIAN_POINT ( 'NONE',  ( 1.907317073170796240, 3.732998083887792529, 0.000000000000000000 ) ) ;
#2073 = CARTESIAN_POINT ( 'NONE',  ( 0.9631691513697511198, 3.696598559463699196, -0.2000000000000000111 ) ) ;
#2074 = CARTESIAN_POINT ( 'NONE',  ( -4.434146341463350183, 1.215467596082914659, -0.1999999999999999556 ) ) ;
#2075 = VECTOR ( 'NONE', #5006, 1000.000000000000000 ) ;
#2076 = AXIS2_PLACEMENT_3D ( 'NONE', #1979, #2776, #8200 ) ;
#2077 = ORIENTED_EDGE ( 'NONE', *, *, #1873, .T. ) ;
#2078 = DIRECTION ( 'NONE',  ( 0.000000000000000000, -1.000000000000000000, 0.000000000000000000 ) ) ;
#2079 = ORIENTED_EDGE ( 'NONE', *, *, #5689, .F. ) ;
#2080 = VECTOR ( 'NONE', #1635, 1000.000000000000000 ) ;
#2081 = ADVANCED_FACE ( 'NONE', ( #8601 ), #1746, .T. ) ;
#2082 = CIRCLE ( 'NONE', #3085, 0.8999999999999998002 ) ;
#2083 = EDGE_CURVE ( 'NONE', #4714, #988, #2766, .T. ) ;
#2084 = CARTESIAN_POINT ( 'NONE',  ( -0.4192504286391782742, 0.9203946217287056752, -0.2000000000000000111 ) ) ;
#2085 = DIRECTION ( 'NONE',  ( 0.000000000000000000, 0.000000000000000000, -1.000000000000000000 ) ) ;
#2086 = LINE ( 'NONE', #4895, #8088 ) ;
#2087 = CARTESIAN_POINT ( 'NONE',  ( -0.7879743790951386773, 1.648373868725017122, -8.131516293641283255E-17 ) ) ;
#2088 = CARTESIAN_POINT ( 'NONE',  ( -7.107278757586455775, 0.9128737043189800726, 0.000000000000000000 ) ) ;
#2089 = MANIFOLD_SOLID_BREP ( '凸台-拉伸11[2]', #2198 ) ;
#2090 = VECTOR ( 'NONE', #6758, 1000.000000000000000 ) ;
#2091 = AXIS2_PLACEMENT_3D ( 'NONE', #799, #133, #1384 ) ;
#2092 = VERTEX_POINT ( 'NONE', #5720 ) ;
#2093 = VERTEX_POINT ( 'NONE', #417 ) ;
#2094 = VERTEX_POINT ( 'NONE', #236 ) ;
#2095 = PLANE ( 'NONE',  #6350 ) ;
#2096 = EDGE_CURVE ( 'NONE', #4125, #2094, #6485, .T. ) ;
#2097 = CARTESIAN_POINT ( 'NONE',  ( -0.1737763425160564201, 0.8753254250005306769, -0.2000000000000000111 ) ) ;
#2098 = DIRECTION ( 'NONE',  ( 0.000000000000000000, -1.000000000000000000, 0.000000000000000000 ) ) ;
#2099 = AXIS2_PLACEMENT_3D ( 'NONE', #3947, #8652, #6586 ) ;
#2100 = CARTESIAN_POINT ( 'NONE',  ( -6.580470881658826876, 2.693917183258258685, -6.776263578034402713E-17 ) ) ;
#2101 = CARTESIAN_POINT ( 'NONE',  ( 0.3870073716134367903, 2.615008198261032035, -0.2000000000000000111 ) ) ;
#2102 = DIRECTION ( 'NONE',  ( 0.000000000000000000, 1.000000000000000000, 0.000000000000000000 ) ) ;
#2103 = CIRCLE ( 'NONE', #8387, 2.000000000000000000 ) ;
#2104 = ORIENTED_EDGE ( 'NONE', *, *, #4556, .T. ) ;
#2105 = VERTEX_POINT ( 'NONE', #1569 ) ;
#2106 = CARTESIAN_POINT ( 'NONE',  ( -0.1221210158950321589, 3.699628889887331074, -6.776263578034407643E-17 ) ) ;
#2107 = EDGE_CURVE ( 'NONE', #5253, #6590, #2358, .T. ) ;
#2108 = CARTESIAN_POINT ( 'NONE',  ( -9.790282824204604495, 12.60052523055713181, -1.570922402772731985 ) ) ;
#2109 = CARTESIAN_POINT ( 'NONE',  ( -6.629268292682862551, 2.265772474131694914, -2.710505431213761085E-17 ) ) ;
#2110 = DIRECTION ( 'NONE',  ( 9.745637505487682231E-17, 1.000000000000000000, 0.000000000000000000 ) ) ;
#2111 = CARTESIAN_POINT ( 'NONE',  ( -11.36097560975603216, 4.288638327790232019, -0.2000000000000000111 ) ) ;
#2112 = CARTESIAN_POINT ( 'NONE',  ( 3.663414634146407334, 4.337418815595110111, -0.2000000000000000111 ) ) ;
#2113 = VECTOR ( 'NONE', #1036, 1000.000000000000000 ) ;
#2114 = CARTESIAN_POINT ( 'NONE',  ( -0.8152558575379187378, 1.927224909886061432, 0.000000000000000000 ) ) ;
#2115 = CARTESIAN_POINT ( 'NONE',  ( -8.098071580893986265, 1.786450298518945878, -6.776263578034403945E-17 ) ) ;
#2116 = ORIENTED_EDGE ( 'NONE', *, *, #7449, .T. ) ;
#2117 = VERTEX_POINT ( 'NONE', #2326 ) ;
#2118 = LOCAL_TIME ( 15, 27, 1.000000000000000000, #8395 ) ;
#2119 = DIRECTION ( 'NONE',  ( 9.745637505487684696E-17, 1.000000000000000000, -0.000000000000000000 ) ) ;
#2120 = CARTESIAN_POINT ( 'NONE',  ( 0.2989774872771820968, 4.275612237796089232, -0.2000000000000000111 ) ) ;
#2121 = CARTESIAN_POINT ( 'NONE',  ( -3.751219512195057337, 1.508150522912182767, 0.000000000000000000 ) ) ;
#2122 = PLANE ( 'NONE',  #7505 ) ;
#2123 = CARTESIAN_POINT ( 'NONE',  ( -1.363901719097407428, 3.650915045838791784, -0.2000000000000000111 ) ) ;
#2124 = CARTESIAN_POINT ( 'NONE',  ( -11.36097560975603216, 1.973851742424377997, 0.000000000000000000 ) ) ;
#2125 = ORIENTED_EDGE ( 'NONE', *, *, #5825, .T. ) ;
#2126 = LINE ( 'NONE', #2206, #3509 ) ;
#2127 = CARTESIAN_POINT ( 'NONE',  ( -7.504418323179217865, 2.073936496220651460, -0.2000000000000000111 ) ) ;
#2128 = CARTESIAN_POINT ( 'NONE',  ( 4.694324922952930912, -6.581476711740719132, 1.734723475976807094E-15 ) ) ;
#2129 = DIRECTION ( 'NONE',  ( 0.000000000000000000, 1.000000000000000000, 0.000000000000000000 ) ) ;
#2130 = CARTESIAN_POINT ( 'NONE',  ( 0.9631691513697511198, 3.696598559463699196, -5.421010862427522170E-17 ) ) ;
#2131 = CARTESIAN_POINT ( 'NONE',  ( -0.2382621951218868994, 0.2398578399853534548, 0.000000000000000000 ) ) ;
#2132 = DATE_AND_TIME ( #4229, #6826 ) ;
#2133 = CARTESIAN_POINT ( 'NONE',  ( -9.800000000000011369, 0.8500000000000347278, -8.799999999999998934 ) ) ;
#2134 = PRODUCT_RELATED_PRODUCT_CATEGORY ( 'detail', '', ( #4171 ) ) ;
#2135 = ORIENTED_EDGE ( 'NONE', *, *, #5746, .T. ) ;
#2136 = EDGE_CURVE ( 'NONE', #4678, #1703, #6535, .T. ) ;
#2137 = ORIENTED_EDGE ( 'NONE', *, *, #5790, .F. ) ;
#2138 = B_SPLINE_CURVE_WITH_KNOTS ( 'NONE', 3,
 ( #6534, #1657, #4386, #2954, #3137, #7025, #989, #7744, #6439, #5192, #318, #8509, #1567, #4293, #5896, #1925, #6672, #5326, #4605 ),
 .UNSPECIFIED., .F., .F.,
 ( 4, 1, 1, 1, 1, 1, 1, 1, 1, 1, 1, 1, 1, 1, 1, 1, 4 ),
 ( 0.000000000000000000, 0.06188749002223437046, 0.1202175273264249888, 0.1758686317863520920, 0.2292942099036233417, 0.2815538116576481453, 0.3336564132219083656, 0.3859326279123713177, 0.4400483850856385937, 0.4962348780494578726, 0.5552239600138239028, 0.6180023903447018352, 0.6847365056281823348, 0.7559247216318568663, 0.8321351323673203959, 0.9134215907576416216, 1.000000000000000000 ),
 .UNSPECIFIED. ) ;
#2139 = VERTEX_POINT ( 'NONE', #4295 ) ;
#2140 = LINE ( 'NONE', #2886, #7069 ) ;
#2141 = CARTESIAN_POINT ( 'NONE',  ( 1.220247859616935715, 2.077067060202582471, 5.421010862427517240E-17 ) ) ;
#2142 = CARTESIAN_POINT ( 'NONE',  ( -5.129311544189858907, 4.329388372975644828, -0.2000000000000000111 ) ) ;
#2143 = LINE ( 'NONE', #2816, #6110 ) ;
#2144 = CARTESIAN_POINT ( 'NONE',  ( -12.79999999999993499, 0.8500000000000351719, -8.799999999999998934 ) ) ;
#2145 = EDGE_CURVE ( 'NONE', #7778, #1393, #6935, .T. ) ;
#2146 = ORIENTED_EDGE ( 'NONE', *, *, #1642, .F. ) ;
#2147 = ORIENTED_EDGE ( 'NONE', *, *, #5960, .T. ) ;
#2148 = CARTESIAN_POINT ( 'NONE',  ( 0.3838787709630241407, 2.848462609516010158, 1.355252715606880543E-17 ) ) ;
#2149 = DIRECTION ( 'NONE',  ( -1.000000000000000000, 0.000000000000000000, 0.000000000000000000 ) ) ;
#2150 = CARTESIAN_POINT ( 'NONE',  ( -5.972291474716014292, 1.084886798990827961, 1.355252715606879772E-17 ) ) ;
#2151 = LINE ( 'NONE', #4873, #3674 ) ;
#2152 = DIRECTION ( 'NONE',  ( 0.000000000000000000, -1.000000000000000000, 0.000000000000000000 ) ) ;
#2153 = CARTESIAN_POINT ( 'NONE',  ( -0.5867493737572553325, 1.067404579234859208, 0.000000000000000000 ) ) ;
#2154 = CARTESIAN_POINT ( 'NONE',  ( 0.3386187379590953062, 1.544422781668753242, 0.000000000000000000 ) ) ;
#2155 = EDGE_CURVE ( 'NONE', #5886, #4495, #1702, .T. ) ;
#2156 = ORIENTED_EDGE ( 'NONE', *, *, #467, .F. ) ;
#2157 = ORIENTED_EDGE ( 'NONE', *, *, #8779, .F. ) ;
#2158 = CARTESIAN_POINT ( 'NONE',  ( -0.1848041491870962283, 0.8749152499313025411, -2.710505431213761085E-17 ) ) ;
#2159 = CARTESIAN_POINT ( 'NONE',  ( 2.276174441269497528, 3.104551862881821389, 0.000000000000000000 ) ) ;
#2160 = CARTESIAN_POINT ( 'NONE',  ( -10.60168433958061662, 0.4056644166881634428, -0.1999999999999999278 ) ) ;
#2161 = CARTESIAN_POINT ( 'NONE',  ( 3.140548780487870673, 4.337418815595110111, -0.2000000000000000111 ) ) ;
#2162 = LINE ( 'NONE', #2705, #242 ) ;
#2163 = CARTESIAN_POINT ( 'NONE',  ( -4.657777741524378179, 1.107566443935680489, -0.1999999999999999556 ) ) ;
#2164 = ADVANCED_FACE ( 'NONE', ( #6396 ), #6703, .T. ) ;
#2165 = ORIENTED_EDGE ( 'NONE', *, *, #134, .T. ) ;
#2166 = CARTESIAN_POINT ( 'NONE',  ( 2.834146341463479768, 0.2886383277902315192, 0.000000000000000000 ) ) ;
#2167 = CARTESIAN_POINT ( 'NONE',  ( -5.405945121951154952, 4.337418815595110111, -2.710505431213761085E-17 ) ) ;
#2168 = CARTESIAN_POINT ( 'NONE',  ( 3.450126666700005895, -11.70000000000000107, -10.00000000000000000 ) ) ;
#2169 = DIRECTION ( 'NONE',  ( -0.000000000000000000, -1.000000000000000000, -0.000000000000000000 ) ) ;
#2170 = CARTESIAN_POINT ( 'NONE',  ( -9.790282824204604495, 8.800525230557134648, -1.000000000000000000 ) ) ;
#2171 = CARTESIAN_POINT ( 'NONE',  ( 0.000000000000000000, 0.000000000000000000, -16.50000000000000000 ) ) ;
#2172 = COORDINATED_UNIVERSAL_TIME_OFFSET ( 8, 0, .AHEAD. ) ;
#2173 = CARTESIAN_POINT ( 'NONE',  ( -7.305782017746914825, 1.226995595527003768, 0.000000000000000000 ) ) ;
#2174 = ORIENTED_EDGE ( 'NONE', *, *, #1765, .T. ) ;
#2175 = ORIENTED_EDGE ( 'NONE', *, *, #8400, .T. ) ;
#2176 = FACE_OUTER_BOUND ( 'NONE', #6741, .T. ) ;
#2177 = EDGE_LOOP ( 'NONE', ( #5137, #4961, #4667, #1568 ) ) ;
#2178 = CARTESIAN_POINT ( 'NONE',  ( -0.2382621951218868994, 0.2398578399853534548, -0.2000000000000000111 ) ) ;
#2179 = CARTESIAN_POINT ( 'NONE',  ( 0.2989581311003979280, 1.381904348125333915, -0.2000000000000000666 ) ) ;
#2180 = CARTESIAN_POINT ( 'NONE',  ( -9.755030487804813077, 0.2398578399853534548, -2.710505431213761085E-17 ) ) ;
#2181 = CARTESIAN_POINT ( 'NONE',  ( 6.227808503120348504, -5.822408242112043553, -0.2000000000000000111 ) ) ;
#2182 = EDGE_CURVE ( 'NONE', #8610, #49, #2138, .T. ) ;
#2183 = CARTESIAN_POINT ( 'NONE',  ( -5.079748011539847674, 0.2677589979987122781, -0.2000000000000000389 ) ) ;
#2184 = ORIENTED_EDGE ( 'NONE', *, *, #8350, .F. ) ;
#2185 = ORIENTED_EDGE ( 'NONE', *, *, #3397, .F. ) ;
#2186 = CARTESIAN_POINT ( 'NONE',  ( 0.2836464949398992408, 3.257383468974369922, -2.710505431213760777E-17 ) ) ;
#2187 = CARTESIAN_POINT ( 'NONE',  ( -1.386912046047531266, 0.8687723259033082179, -0.2000000000000000111 ) ) ;
#2188 = CARTESIAN_POINT ( 'NONE',  ( -4.434146341463350183, 1.215467596082914659, -0.1000000000000000472 ) ) ;
#2189 = CARTESIAN_POINT ( 'NONE',  ( -1.208822093480986792, 0.6187041736519125479, -0.2000000000000000111 ) ) ;
#2190 = ADVANCED_FACE ( 'NONE', ( #2639 ), #1266, .F. ) ;
#2191 = FACE_OUTER_BOUND ( 'NONE', #5003, .T. ) ;
#2192 = LINE ( 'NONE', #4919, #106 ) ;
#2193 = DIRECTION ( 'NONE',  ( 0.000000000000000000, 1.000000000000000000, 0.000000000000000000 ) ) ;
#2194 = ORIENTED_EDGE ( 'NONE', *, *, #5044, .F. ) ;
#2195 = EDGE_LOOP ( 'NONE', ( #5667, #3414, #534, #481 ) ) ;
#2196 = CARTESIAN_POINT ( 'NONE',  ( 1.907317073170796240, 3.732998083887792529, -0.1000000000000000056 ) ) ;
#2197 = CARTESIAN_POINT ( 'NONE',  ( -8.092682926829203538, 2.020345644863402068, 0.000000000000000000 ) ) ;
#2198 = CLOSED_SHELL ( 'NONE', ( #5571, #3732, #5708, #8135, #7887, #4280, #700, #7804, #3444, #6305, #7790, #5787, #7497, #3504 ) ) ;
#2199 = ADVANCED_FACE ( 'NONE', ( #3178 ), #8065, .T. ) ;
#2200 = CARTESIAN_POINT ( 'NONE',  ( -9.819877855617791695, 0.2410755669587635874, -0.1999999999999999278 ) ) ;
#2201 = CARTESIAN_POINT ( 'NONE',  ( 1.209717175795395283, 8.800525230557134648, -1.000000000000000000 ) ) ;
#2202 = CARTESIAN_POINT ( 'NONE',  ( -0.2964314868404960279, 0.2411676290956917823, -2.710505431213766632E-17 ) ) ;
#2203 = CARTESIAN_POINT ( 'NONE',  ( -3.751219512195057337, 1.508150522912182767, -0.2000000000000000111 ) ) ;
#2204 = AXIS2_PLACEMENT_3D ( 'NONE', #4498, #7237, #5879 ) ;
#2205 = ORIENTED_EDGE ( 'NONE', *, *, #1211, .T. ) ;
#2206 = CARTESIAN_POINT ( 'NONE',  ( 0.3951219512195770500, 2.286351742424377775, -2.710505431213761085E-17 ) ) ;
#2207 = CARTESIAN_POINT ( 'NONE',  ( 1.138092609803544208, 3.235214321374918711, 1.355252715606881775E-17 ) ) ;
#2208 = ADVANCED_FACE ( 'NONE', ( #8740 ), #2598, .F. ) ;
#2209 = FACE_OUTER_BOUND ( 'NONE', #188, .T. ) ;
#2210 = CARTESIAN_POINT ( 'NONE',  ( -4.889042845613229105, 0.2989735551320684137, -2.710505431213760777E-17 ) ) ;
#2211 = CARTESIAN_POINT ( 'NONE',  ( 0.1622096848955603687, 4.309544534380692404, -0.2000000000000000666 ) ) ;
#2212 = CIRCLE ( 'NONE', #4354, 1.749999999999999778 ) ;
#2213 = CARTESIAN_POINT ( 'NONE',  ( -0.2830373929064693983, 0.8768268608252626217, -8.131516293641283255E-17 ) ) ;
#2214 = CARTESIAN_POINT ( 'NONE',  ( 1.209717175795394617, 12.60052523055713536, 0.000000000000000000 ) ) ;
#2215 = CIRCLE ( 'NONE', #7218, 2.000000000000000000 ) ;
#2216 = ORIENTED_EDGE ( 'NONE', *, *, #1628, .F. ) ;
#2217 = VECTOR ( 'NONE', #2098, 1000.000000000000000 ) ;
#2218 = LINE ( 'NONE', #6285, #6507 ) ;
#2219 = AXIS2_PLACEMENT_3D ( 'NONE', #5922, #7140, #7279 ) ;
#2220 = VERTEX_POINT ( 'NONE', #7258 ) ;
#2221 = CARTESIAN_POINT ( 'NONE',  ( -18.39999999999999147, 13.20133359925599414, -8.800000000000000711 ) ) ;
#2222 = ADVANCED_FACE ( 'NONE', ( #2687 ), #4563, .T. ) ;
#2223 = CARTESIAN_POINT ( 'NONE',  ( -1.560998721433434877, 3.128014611589974070, -0.2000000000000000666 ) ) ;
#2224 = LINE ( 'NONE', #4148, #7516 ) ;
#2225 = LINE ( 'NONE', #8232, #8269 ) ;
#2226 = AXIS2_PLACEMENT_3D ( 'NONE', #4798, #2657, #5636 ) ;
#2227 = FACE_BOUND ( 'NONE', #1557, .T. ) ;
#2228 = VECTOR ( 'NONE', #5555, 1000.000000000000000 ) ;
#2229 = ORIENTED_EDGE ( 'NONE', *, *, #3555, .F. ) ;
#2230 = ORIENTED_EDGE ( 'NONE', *, *, #215, .T. ) ;
#2231 = VECTOR ( 'NONE', #1968, 1000.000000000000000 ) ;
#2232 = DIRECTION ( 'NONE',  ( 0.000000000000000000, 0.000000000000000000, -1.000000000000000000 ) ) ;
#2233 = CARTESIAN_POINT ( 'NONE',  ( -1.651086957030188929, 1.989313122368417952, 0.000000000000000000 ) ) ;
#2234 = FACE_OUTER_BOUND ( 'NONE', #3731, .T. ) ;
#2235 = CARTESIAN_POINT ( 'NONE',  ( -1.386912046047531266, 0.8687723259033082179, -1.084202172485504434E-16 ) ) ;
#2236 = LINE ( 'NONE', #2405, #7509 ) ;
#2237 = CARTESIAN_POINT ( 'NONE',  ( 8.411753555706741992, -6.581476711740719132, -0.2000000000000000111 ) ) ;
#2238 = FACE_OUTER_BOUND ( 'NONE', #8685, .T. ) ;
#2239 = VECTOR ( 'NONE', #2282, 1000.000000000000000 ) ;
#2240 = B_SPLINE_CURVE_WITH_KNOTS ( 'NONE', 3,
 ( #1838, #3133, #362, #5238, #1125, #8638, #7925, #5945, #7156, #1167 ),
 .UNSPECIFIED., .F., .F.,
 ( 4, 2, 2, 2, 4 ),
 ( 0.000000000000000000, 0.0002399517319016240987, 0.0004799034638032481973, 0.0007198551957048722688, 0.0009598069276064963946 ),
 .UNSPECIFIED. ) ;
#2241 = EDGE_CURVE ( 'NONE', #5445, #1369, #628, .T. ) ;
#2242 = VERTEX_POINT ( 'NONE', #4521 ) ;
#2243 = ADVANCED_FACE ( 'NONE', ( #1588, #3692 ), #4185, .T. ) ;
#2244 = ORIENTED_EDGE ( 'NONE', *, *, #953, .F. ) ;
#2245 = CARTESIAN_POINT ( 'NONE',  ( 6.227808503120348504, -4.290105172783861498, -0.2000000000000000111 ) ) ;
#2246 = CARTESIAN_POINT ( 'NONE',  ( 2.276174441269497528, 3.104551862881821389, -0.2000000000000000111 ) ) ;
#2247 = VECTOR ( 'NONE', #3407, 1000.000000000000000 ) ;
#2248 = CARTESIAN_POINT ( 'NONE',  ( -10.73419614281261758, 0.4805935625842224779, 8.131516293641283255E-17 ) ) ;
#2249 = CARTESIAN_POINT ( 'NONE',  ( -6.213367085078353114, 1.242498310938399353, -0.2000000000000000111 ) ) ;
#2250 = CARTESIAN_POINT ( 'NONE',  ( -1.621096811018417405, 1.650127973074635879, 5.421010862427521554E-17 ) ) ;
#2251 = FACE_OUTER_BOUND ( 'NONE', #1902, .T. ) ;
#2252 = VECTOR ( 'NONE', #7051, 1000.000000000000000 ) ;
#2253 = ORIENTED_EDGE ( 'NONE', *, *, #939, .F. ) ;
#2254 = EDGE_CURVE ( 'NONE', #4218, #5664, #3643, .T. ) ;
#2255 = FACE_OUTER_BOUND ( 'NONE', #7423, .T. ) ;
#2256 = CARTESIAN_POINT ( 'NONE',  ( 6.879450486378557272, -1.849989268083281901, -0.2000000000000000111 ) ) ;
#2257 = DIRECTION ( 'NONE',  ( 0.000000000000000000, 0.000000000000000000, -1.000000000000000000 ) ) ;
#2258 = CARTESIAN_POINT ( 'NONE',  ( -5.143014514160813455, 0.9854253135744807102, -0.2000000000000000111 ) ) ;
#2259 = CARTESIAN_POINT ( 'NONE',  ( -5.634169936869867890, 0.2413929164670151062, -0.2000000000000000111 ) ) ;
#2260 = CARTESIAN_POINT ( 'NONE',  ( -5.348018292682861663, 3.605711498521939173, 0.000000000000000000 ) ) ;
#2261 = PERSON_AND_ORGANIZATION_ROLE ( 'design_supplier' ) ;
#2262 = CARTESIAN_POINT ( 'NONE',  ( -0.06742146760268061256, 0.8941700604263919105, -1.084202172485504434E-16 ) ) ;
#2263 = VERTEX_POINT ( 'NONE', #8399 ) ;
#2264 = EDGE_CURVE ( 'NONE', #5474, #8301, #6418, .T. ) ;
#2265 = DIRECTION ( 'NONE',  ( 0.000000000000000000, -1.000000000000000000, -0.000000000000000000 ) ) ;
#2266 = ORIENTED_EDGE ( 'NONE', *, *, #81, .T. ) ;
#2267 = LINE ( 'NONE', #209, #8360 ) ;
#2268 = CARTESIAN_POINT ( 'NONE',  ( -1.172452808561761151, 3.922788550135658525, -5.421010862427522170E-17 ) ) ;
#2269 = DIRECTION ( 'NONE',  ( 1.000000000000000000, 1.711898167082374773E-16, -0.000000000000000000 ) ) ;
#2270 = CARTESIAN_POINT ( 'NONE',  ( -5.668455463024437258, 0.9914638732598725079, 0.000000000000000000 ) ) ;
#2271 = DIRECTION ( 'NONE',  ( 9.745637505487682231E-17, 1.000000000000000000, 0.000000000000000000 ) ) ;
#2272 = DIRECTION ( 'NONE',  ( 0.000000000000000000, 0.000000000000000000, -1.000000000000000000 ) ) ;
#2273 = ORIENTED_EDGE ( 'NONE', *, *, #1011, .T. ) ;
#2274 = EDGE_CURVE ( 'NONE', #4453, #1516, #4234, .T. ) ;
#2275 = ORIENTED_EDGE ( 'NONE', *, *, #5874, .T. ) ;
#2276 = ORIENTED_EDGE ( 'NONE', *, *, #4535, .F. ) ;
#2277 = DIRECTION ( 'NONE',  ( -0.000000000000000000, 0.000000000000000000, -1.000000000000000000 ) ) ;
#2278 = CARTESIAN_POINT ( 'NONE',  ( -7.261328231467105709, 3.287726571742556114, -0.2000000000000000111 ) ) ;
#2279 = LINE ( 'NONE', #1071, #2075 ) ;
#2280 = FACE_OUTER_BOUND ( 'NONE', #490, .T. ) ;
#2281 = CARTESIAN_POINT ( 'NONE',  ( -0.1695609283115004640, 3.702342530996273862, 0.000000000000000000 ) ) ;
#2282 = DIRECTION ( 'NONE',  ( 1.000000000000000000, 0.000000000000000000, 0.000000000000000000 ) ) ;
#2283 = ORIENTED_EDGE ( 'NONE', *, *, #6035, .T. ) ;
#2285 = ORIENTED_EDGE ( 'NONE', *, *, #6840, .F. ) ;
#2284 = CARTESIAN_POINT ( 'NONE',  ( -10.40799172856306676, 1.443209151854097927, -0.2000000000000000111 ) ) ;
#2286 = DIRECTION ( 'NONE',  ( 0.000000000000000000, 1.000000000000000000, 0.000000000000000000 ) ) ;
#2287 = CARTESIAN_POINT ( 'NONE',  ( -8.094059896694194123, 1.948406178034761238, -2.710505431213761085E-17 ) ) ;
#2288 = CARTESIAN_POINT ( 'NONE',  ( 2.148702874086961589, 3.066317372066226454, -0.2000000000000000111 ) ) ;
#2289 = LINE ( 'NONE', #192, #7659 ) ;
#2290 = CARTESIAN_POINT ( 'NONE',  ( -5.792071978022358181, 1.019293011481714251, -0.2000000000000000111 ) ) ;
#2291 = CARTESIAN_POINT ( 'NONE',  ( -17.79999999999999361, -11.19999999999999929, -2.999999999999999112 ) ) ;
#2292 = EDGE_CURVE ( 'NONE', #6164, #2850, #2929, .T. ) ;
#2293 = CARTESIAN_POINT ( 'NONE',  ( -4.471263784704892608, 0.4326366282556349807, -0.2000000000000000111 ) ) ;
#2294 = ORIENTED_EDGE ( 'NONE', *, *, #1322, .F. ) ;
#2295 = CARTESIAN_POINT ( 'NONE',  ( -9.945852286109071017, 0.2434411596904782205, 2.710505431213761085E-17 ) ) ;
#2296 = DIRECTION ( 'NONE',  ( 0.000000000000000000, 0.000000000000000000, -1.000000000000000000 ) ) ;
#2297 = LINE ( 'NONE', #6957, #6657 ) ;
#2298 = CARTESIAN_POINT ( 'NONE',  ( 1.223420402541916641, 2.398421121527638977, -0.2000000000000000111 ) ) ;
#2299 = CARTESIAN_POINT ( 'NONE',  ( -10.04008541212803252, 1.032432141877494436, -0.2000000000000000111 ) ) ;
#2300 = DIRECTION ( 'NONE',  ( 0.000000000000000000, 0.000000000000000000, -1.000000000000000000 ) ) ;
#2301 = CARTESIAN_POINT ( 'NONE',  ( 0.3581669216819708956, 1.671694768898266847, -0.2000000000000001221 ) ) ;
#2302 = EDGE_CURVE ( 'NONE', #7865, #516, #7045, .T. ) ;
#2303 = ORIENTED_EDGE ( 'NONE', *, *, #3911, .F. ) ;
#2304 = CARTESIAN_POINT ( 'NONE',  ( 12.89999999999999858, -14.19999999999999929, -14.69999999999998863 ) ) ;
#2305 = EDGE_LOOP ( 'NONE', ( #967, #8709 ) ) ;
#2306 = CARTESIAN_POINT ( 'NONE',  ( -7.649873333299994194, -11.69999999999999929, -8.800000000000002487 ) ) ;
#2307 = CARTESIAN_POINT ( 'NONE',  ( 9.700000000000004619, 13.20133359925599059, -7.800000000000000711 ) ) ;
#2308 = DIRECTION ( 'NONE',  ( 0.000000000000000000, 1.000000000000000000, 0.000000000000000000 ) ) ;
#2309 = CARTESIAN_POINT ( 'NONE',  ( 0.000000000000000000, -13.69999999999999929, -2.000000000000000000 ) ) ;
#2310 = CARTESIAN_POINT ( 'NONE',  ( 6.227808503120348504, -4.290105172783861498, -0.2000000000000000111 ) ) ;
#2311 = EDGE_CURVE ( 'NONE', #8282, #8611, #8369, .T. ) ;
#2312 = CARTESIAN_POINT ( 'NONE',  ( -6.363561201046620930, 0.3700928086928896299, -0.2000000000000000111 ) ) ;
#2313 = ORIENTED_EDGE ( 'NONE', *, *, #8389, .T. ) ;
#2314 = ORIENTED_EDGE ( 'NONE', *, *, #4979, .F. ) ;
#2315 = ORIENTED_EDGE ( 'NONE', *, *, #6294, .T. ) ;
#2316 = CARTESIAN_POINT ( 'NONE',  ( -10.28782674195250380, 1.220066423037985404, -2.710505431213761085E-17 ) ) ;
#2317 = CARTESIAN_POINT ( 'NONE',  ( -8.115525600448091126, 1.606715776763676606, -0.2000000000000000111 ) ) ;
#2318 = DIRECTION ( 'NONE',  ( -0.000000000000000000, -0.000000000000000000, -1.000000000000000000 ) ) ;
#2319 = CARTESIAN_POINT ( 'NONE',  ( -0.5679289771500417583, 0.2680391185987531233, -0.2000000000000000111 ) ) ;
#2320 = EDGE_CURVE ( 'NONE', #943, #5608, #8313, .T. ) ;
#2321 = CARTESIAN_POINT ( 'NONE',  ( -0.05517267965801979368, 3.683112306505819777, -0.2000000000000000111 ) ) ;
#2322 = LINE ( 'NONE', #894, #4239 ) ;
#2323 = ORIENTED_EDGE ( 'NONE', *, *, #1180, .T. ) ;
#2325 = ORIENTED_EDGE ( 'NONE', *, *, #5143, .T. ) ;
#2324 = CARTESIAN_POINT ( 'NONE',  ( -10.04008541212803252, 1.032432141877494436, -1.626303258728256651E-16 ) ) ;
#2326 = CARTESIAN_POINT ( 'NONE',  ( 6.227808503120348504, -8.113779781068901187, -0.2000000000000000111 ) ) ;
#2327 = CARTESIAN_POINT ( 'NONE',  ( -8.148262187362911746, 1.418461006457699014, -2.710505431213761085E-17 ) ) ;
#2328 = FACE_OUTER_BOUND ( 'NONE', #6547, .T. ) ;
#2329 = CARTESIAN_POINT ( 'NONE',  ( -0.7020583063888603537, 1.288913439948649042, -0.2000000000000000389 ) ) ;
#2330 = CARTESIAN_POINT ( 'NONE',  ( -5.668455463024437258, 0.9914638732598725079, -0.2000000000000000111 ) ) ;
#2331 = CARTESIAN_POINT ( 'NONE',  ( -1.653658536585301375, 2.224613937546329634, -2.710505431213761085E-17 ) ) ;
#2332 = CARTESIAN_POINT ( 'NONE',  ( -4.934248024395316179, 0.2908095901037795472, -2.710505431213761085E-17 ) ) ;
#2333 = ORIENTED_EDGE ( 'NONE', *, *, #6480, .T. ) ;
#2334 = ORIENTED_EDGE ( 'NONE', *, *, #5937, .F. ) ;
#2335 = CARTESIAN_POINT ( 'NONE',  ( -11.05711680535207542, 0.7877000211124108864, 2.710505431213761085E-17 ) ) ;
#2336 = ADVANCED_FACE ( 'NONE', ( #2884 ), #299, .F. ) ;
#2337 = PLANE ( 'NONE',  #7491 ) ;
#2338 = LINE ( 'NONE', #5068, #6940 ) ;
#2339 = CARTESIAN_POINT ( 'NONE',  ( -9.696341463414569262, 0.9715651570585241981, -0.2000000000000000111 ) ) ;
#2340 = CARTESIAN_POINT ( 'NONE',  ( 1.224390243902504727, 2.316839547302426805, -5.421010862427522170E-17 ) ) ;
#2341 = CARTESIAN_POINT ( 'NONE',  ( -0.7401918136406229198, 1.412166488874921910, -0.2000000000000000111 ) ) ;
#2342 = CARTESIAN_POINT ( 'NONE',  ( 2.806108295498490168, 3.370874559477469834, -0.2000000000000000666 ) ) ;
#2343 = VECTOR ( 'NONE', #2796, 1000.000000000000000 ) ;
#2344 = ORIENTED_EDGE ( 'NONE', *, *, #3055, .F. ) ;
#2345 = EDGE_CURVE ( 'NONE', #4283, #3922, #4361, .T. ) ;
#2346 = FACE_OUTER_BOUND ( 'NONE', #4858, .T. ) ;
#2347 = ADVANCED_FACE ( 'NONE', ( #2176 ), #5413, .T. ) ;
#2348 = VERTEX_POINT ( 'NONE', #3642 ) ;
#2349 = VECTOR ( 'NONE', #1026, 1000.000000000000000 ) ;
#2350 = LINE ( 'NONE', #3694, #3066 ) ;
#2351 = AXIS2_PLACEMENT_3D ( 'NONE', #8306, #2129, #7630 ) ;
#2352 = LINE ( 'NONE', #7820, #6642 ) ;
#2353 = CARTESIAN_POINT ( 'NONE',  ( -5.100064959524909014, 3.591778257614862024, 0.000000000000000000 ) ) ;
#2354 = DIRECTION ( 'NONE',  ( -1.000000000000000000, 0.000000000000000000, 0.000000000000000000 ) ) ;
#2355 = CARTESIAN_POINT ( 'NONE',  ( -1.616525600533680773, 2.833547413169998475, -2.710505431213758620E-17 ) ) ;
#2356 = CARTESIAN_POINT ( 'NONE',  ( -10.29863990287660513, 0.2974561598605633961, 0.000000000000000000 ) ) ;
#2357 = VECTOR ( 'NONE', #2391, 1000.000000000000000 ) ;
#2358 = CIRCLE ( 'NONE', #3503, 2.000000000000000000 ) ;
#2359 = ORIENTED_EDGE ( 'NONE', *, *, #7641, .F. ) ;
#2360 = EDGE_LOOP ( 'NONE', ( #3879, #8312, #6145, #1924 ) ) ;
#2361 = EDGE_CURVE ( 'NONE', #7482, #7916, #2848, .T. ) ;
#2362 = ORIENTED_EDGE ( 'NONE', *, *, #3351, .T. ) ;
#2363 = DIRECTION ( 'NONE',  ( 1.000000000000000000, 0.000000000000000000, -0.000000000000000000 ) ) ;
#2364 = CARTESIAN_POINT ( 'NONE',  ( -8.092682926829203538, 2.020345644863402068, -0.2000000000000000111 ) ) ;
#2365 = CARTESIAN_POINT ( 'NONE',  ( 1.907317073170796240, 3.732998083887792529, -0.2000000000000000111 ) ) ;
#2366 = VECTOR ( 'NONE', #8765, 1000.000000000000000 ) ;
#2367 = AXIS2_PLACEMENT_3D ( 'NONE', #4902, #4313, #968 ) ;
#2368 = DIRECTION ( 'NONE',  ( -0.000000000000000000, -0.000000000000000000, 1.000000000000000000 ) ) ;
#2369 = FACE_OUTER_BOUND ( 'NONE', #2177, .T. ) ;
#2370 = DIRECTION ( 'NONE',  ( -1.000000000000000000, 0.000000000000000000, -0.000000000000000000 ) ) ;
#2371 = VECTOR ( 'NONE', #6617, 1000.000000000000000 ) ;
#2372 = EDGE_LOOP ( 'NONE', ( #1325, #5510, #3881, #3338 ) ) ;
#2374 = ORIENTED_EDGE ( 'NONE', *, *, #8769, .T. ) ;
#2373 = DIRECTION ( 'NONE',  ( -0.000000000000000000, -1.000000000000000000, -0.000000000000000000 ) ) ;
#2375 = EDGE_CURVE ( 'NONE', #6796, #2819, #7094, .T. ) ;
#2376 = CARTESIAN_POINT ( 'NONE',  ( 8.411753555706741992, -5.822408242112043553, -0.2000000000000000111 ) ) ;
#2377 = CARTESIAN_POINT ( 'NONE',  ( -8.616594354346842621, 0.5777645614044693012, -0.2000000000000000111 ) ) ;
#2378 = CARTESIAN_POINT ( 'NONE',  ( -7.379927826264498059, 1.401099888208406918, -0.2000000000000000666 ) ) ;
#2379 = CARTESIAN_POINT ( 'NONE',  ( -7.507317073170667321, 2.204034669253646328, -0.2000000000000000111 ) ) ;
#2380 = CARTESIAN_POINT ( 'NONE',  ( -5.223034982273691007, 3.603579757176243348, -0.2000000000000000389 ) ) ;
#2381 = CARTESIAN_POINT ( 'NONE',  ( -17.79999999999999361, -11.69999999999999751, -1.063508326896289935 ) ) ;
#2382 = VECTOR ( 'NONE', #1936, 1000.000000000000000 ) ;
#2383 = CARTESIAN_POINT ( 'NONE',  ( -1.607303564547913677, 1.554264770030706400, -0.2000000000000000111 ) ) ;
#2384 = CARTESIAN_POINT ( 'NONE',  ( 17.80000000000000782, -13.20000000000000284, -16.50000000000000000 ) ) ;
#2385 = VERTEX_POINT ( 'NONE', #6374 ) ;
#2386 = ORIENTED_EDGE ( 'NONE', *, *, #2320, .T. ) ;
#2387 = EDGE_CURVE ( 'NONE', #1831, #4676, #2218, .T. ) ;
#2388 = AXIS2_PLACEMENT_3D ( 'NONE', #5976, #8581, #1247 ) ;
#2389 = CARTESIAN_POINT ( 'NONE',  ( -11.05711680535207542, 0.7877000211124108864, -0.2000000000000000111 ) ) ;
#2390 = CARTESIAN_POINT ( 'NONE',  ( 0.5714933933504563468, 4.142785288942580024, 0.000000000000000000 ) ) ;
#2391 = DIRECTION ( 'NONE',  ( 1.000000000000000000, -2.891205793294756226E-16, 0.000000000000000000 ) ) ;
#2392 = DIRECTION ( 'NONE',  ( 1.000000000000000000, 0.000000000000000000, 0.000000000000000000 ) ) ;
#2393 = LINE ( 'NONE', #335, #7653 ) ;
#2394 = CARTESIAN_POINT ( 'NONE',  ( -0.2092987804877405322, 0.8740041814487681249, -8.131516293641283255E-17 ) ) ;
#2395 = DIRECTION ( 'NONE',  ( -0.000000000000000000, 1.000000000000000000, -0.000000000000000000 ) ) ;
#2396 = AXIS2_PLACEMENT_3D ( 'NONE', #2994, #2193, #7064 ) ;
#2397 = ORIENTED_EDGE ( 'NONE', *, *, #5843, .T. ) ;
#2398 = CARTESIAN_POINT ( 'NONE',  ( 0.3951219512195770500, 2.286351742424377775, -0.2000000000000000111 ) ) ;
#2399 = EDGE_LOOP ( 'NONE', ( #8204, #6874, #2481, #3520, #3116, #2174, #7830, #4936, #552, #6994, #4373, #414 ) ) ;
#2400 = DIRECTION ( 'NONE',  ( 0.000000000000000000, -0.000000000000000000, -1.000000000000000000 ) ) ;
#2401 = DIRECTION ( 'NONE',  ( -1.000000000000000000, 0.000000000000000000, 0.000000000000000000 ) ) ;
#2402 = DIRECTION ( 'NONE',  ( -1.711898167082374773E-16, 1.000000000000000000, 0.000000000000000000 ) ) ;
#2403 = CARTESIAN_POINT ( 'NONE',  ( -6.017764309500823749, 1.107745569834587052, 0.000000000000000000 ) ) ;
#2404 = CARTESIAN_POINT ( 'NONE',  ( -6.922848869674990802, 3.742100163286586234, -2.710505431213761085E-17 ) ) ;
#2405 = CARTESIAN_POINT ( 'NONE',  ( 6.879450486378559049, -4.290105172783861498, -0.2000000000000000111 ) ) ;
#2406 = CARTESIAN_POINT ( 'NONE',  ( 3.450126666700006783, 4.428288893387669845, -6.200000000000001066 ) ) ;
#2407 = ADVANCED_FACE ( 'NONE', ( #170 ), #8352, .T. ) ;
#2408 = ORIENTED_EDGE ( 'NONE', *, *, #6852, .F. ) ;
#2409 = EDGE_LOOP ( 'NONE', ( #3260, #8730 ) ) ;
#2410 = VERTEX_POINT ( 'NONE', #876 ) ;
#2411 = CARTESIAN_POINT ( 'NONE',  ( -10.04008541212803252, 1.032432141877494436, -2.710505431213761085E-17 ) ) ;
#2412 = CARTESIAN_POINT ( 'NONE',  ( -5.405945121951154952, 4.337418815595110111, -0.2000000000000000389 ) ) ;
#2413 = DIRECTION ( 'NONE',  ( 9.745637505487682231E-17, 1.000000000000000000, 0.000000000000000000 ) ) ;
#2414 = CARTESIAN_POINT ( 'NONE',  ( 6.879450486378559049, -6.581476711740719132, 0.000000000000000000 ) ) ;
#2415 = CARTESIAN_POINT ( 'NONE',  ( 3.663414634146407334, 4.337418815595110111, 0.000000000000000000 ) ) ;
#2416 = EDGE_CURVE ( 'NONE', #955, #8441, #6323, .T. ) ;
#2417 = DIRECTION ( 'NONE',  ( -1.000000000000000000, 0.000000000000000000, 0.000000000000000000 ) ) ;
#2418 = B_SPLINE_CURVE_WITH_KNOTS ( 'NONE', 3,
 ( #3747, #4328, #7200, #8502, #7154, #5849, #1602, #5806, #7059, #6390, #2991, #3033, #1647, #2456, #3131, #983 ),
 .UNSPECIFIED., .F., .F.,
 ( 4, 2, 2, 2, 2, 2, 2, 4 ),
 ( 0.000000000000000000, 0.0002490820009604967356, 0.0004981640019209934711, 0.0007472460028814902067, 0.0009963280038419869422, 0.001494492005762980847, 0.001743574006723477366, 0.001992656007683973884 ),
 .UNSPECIFIED. ) ;
#2419 = ORIENTED_EDGE ( 'NONE', *, *, #8105, .F. ) ;
#2420 = CARTESIAN_POINT ( 'NONE',  ( -10.48292682926822827, 1.966991986326817043, -1.626303258728256651E-16 ) ) ;
#2421 = CARTESIAN_POINT ( 'NONE',  ( 9.700000000000004619, -11.20000000000000462, -2.999999999999999112 ) ) ;
#2422 = FACE_OUTER_BOUND ( 'NONE', #895, .T. ) ;
#2423 = CARTESIAN_POINT ( 'NONE',  ( -6.847533852934026832, 0.6477779038800169920, -0.2000000000000000666 ) ) ;
#2424 = CARTESIAN_POINT ( 'NONE',  ( -7.502366979223981325, 2.430671819188302329, -0.2000000000000000111 ) ) ;
#2425 = CARTESIAN_POINT ( 'NONE',  ( -4.467909330471531604, 3.381392089477542218, -0.2000000000000000389 ) ) ;
#2426 = DIRECTION ( 'NONE',  ( 1.000000000000000000, -9.745637505487682231E-17, 0.000000000000000000 ) ) ;
#2427 = CARTESIAN_POINT ( 'NONE',  ( -1.508050125035784506, 3.317728616610084558, -0.2000000000000000111 ) ) ;
#2428 = CARTESIAN_POINT ( 'NONE',  ( -10.42696627045920366, 1.489162786838018393, -2.710505431213760777E-17 ) ) ;
#2429 = ORIENTED_EDGE ( 'NONE', *, *, #153, .F. ) ;
#2430 = VERTEX_POINT ( 'NONE', #5699 ) ;
#2431 = CARTESIAN_POINT ( 'NONE',  ( 3.007615411777831760, 4.239954809950520875, -0.2000000000000000111 ) ) ;
#2432 = CARTESIAN_POINT ( 'NONE',  ( 1.178579414659847613, 2.999290309598837467, 0.000000000000000000 ) ) ;
#2433 = B_SPLINE_CURVE_WITH_KNOTS ( 'NONE', 3,
 ( #2967, #8388, #867, #6865, #7714, #3590, #783, #1619, #4937, #71, #1493 ),
 .UNSPECIFIED., .F., .F.,
 ( 4, 1, 1, 1, 1, 1, 1, 1, 4 ),
 ( 0.000000000000000000, 0.1222020368948565500, 0.2443133511840884509, 0.3669809016294530157, 0.4893201903970504918, 0.6134452485454970905, 0.7399580073612760378, 0.8686347220504687661, 0.9999999999999998890 ),
 .UNSPECIFIED. ) ;
#2434 = CARTESIAN_POINT ( 'NONE',  ( 1.224390243902504727, 2.316839547302426805, -2.710505431213761085E-17 ) ) ;
#2435 = FACE_OUTER_BOUND ( 'NONE', #6125, .T. ) ;
#2436 = CARTESIAN_POINT ( 'NONE',  ( -7.502542358611248297, 1.989741735138328416, 2.710505431213761085E-17 ) ) ;
#2437 = CARTESIAN_POINT ( 'NONE',  ( 4.694324922952930912, -5.822408242112043553, 5.332894443888950065 ) ) ;
#2438 = CARTESIAN_POINT ( 'NONE',  ( -4.535730129441681413, 4.222484783328210867, -2.710505431213761085E-17 ) ) ;
#2439 = ADVANCED_FACE ( 'NONE', ( #5030 ), #7765, .T. ) ;
#2440 = ORIENTED_EDGE ( 'NONE', *, *, #6984, .F. ) ;
#2441 = LINE ( 'NONE', #5215, #5641 ) ;
#2442 = ORIENTED_EDGE ( 'NONE', *, *, #7407, .F. ) ;
#2443 = CARTESIAN_POINT ( 'NONE',  ( -6.623738906568954476, 2.439635558874940990, -0.1999999999999999001 ) ) ;
#2444 = LINE ( 'NONE', #8725, #6782 ) ;
#2445 = LINE ( 'NONE', #7145, #1505 ) ;
#2446 = CARTESIAN_POINT ( 'NONE',  ( -2.239024390243838258, 2.093516376570719206, 0.000000000000000000 ) ) ;
#2447 = CARTESIAN_POINT ( 'NONE',  ( -7.363648761348017935, 3.057694525216088977, -0.2000000000000000666 ) ) ;
#2448 = CARTESIAN_POINT ( 'NONE',  ( -6.445179701449497145, 1.517856997204015901, -0.2000000000000000389 ) ) ;
#2449 = CARTESIAN_POINT ( 'NONE',  ( -7.379927826264498059, 1.401099888208406918, -0.2000000000000000111 ) ) ;
#2450 = ORIENTED_EDGE ( 'NONE', *, *, #7469, .F. ) ;
#2451 = VERTEX_POINT ( 'NONE', #2398 ) ;
#2452 = VERTEX_POINT ( 'NONE', #7956 ) ;
#2453 = FACE_OUTER_BOUND ( 'NONE', #7957, .T. ) ;
#2454 = EDGE_CURVE ( 'NONE', #1432, #8599, #3363, .T. ) ;
#2455 = CARTESIAN_POINT ( 'NONE',  ( -6.096420665660174265, 4.246155860348594935, -0.2000000000000001221 ) ) ;
#2456 = CARTESIAN_POINT ( 'NONE',  ( -6.624184054339679051, 2.097416059877436734, -0.2000000000000000111 ) ) ;
#2457 = LINE ( 'NONE', #5807, #7544 ) ;
#2458 = CARTESIAN_POINT ( 'NONE',  ( 6.879450486378557272, -1.849989268083281901, 0.000000000000000000 ) ) ;
#2459 = CARTESIAN_POINT ( 'NONE',  ( -9.433819884913322795, 1.003144443255713725, -0.2000000000000000111 ) ) ;
#2460 = ORIENTED_EDGE ( 'NONE', *, *, #94, .F. ) ;
#2461 = CARTESIAN_POINT ( 'NONE',  ( -8.922509113595447516, 1.891771161980506211, -0.000000000000000000 ) ) ;
#2462 = DIRECTION ( 'NONE',  ( 3.469446951953611033E-15, 1.000000000000000000, -0.000000000000000000 ) ) ;
#2463 = CARTESIAN_POINT ( 'NONE',  ( -8.616594354346842621, 0.5777645614044693012, -2.710505431213761085E-17 ) ) ;
#2464 = ADVANCED_FACE ( 'NONE', ( #2346 ), #7233, .F. ) ;
#2465 = CARTESIAN_POINT ( 'NONE',  ( -7.507317073170667321, 2.204034669253646328, -2.710505431213761085E-17 ) ) ;
#2466 = CARTESIAN_POINT ( 'NONE',  ( 1.965931225664943494, 3.750746688269235296, -0.2000000000000000111 ) ) ;
#2467 = CARTESIAN_POINT ( 'NONE',  ( -11.05711680535207542, 0.7877000211124108864, 8.131516293641283255E-17 ) ) ;
#2468 = CARTESIAN_POINT ( 'NONE',  ( -9.790282824204604495, 12.60052523055713181, -1.000000000000000000 ) ) ;
#2469 = DIRECTION ( 'NONE',  ( 0.000000000000000000, 1.000000000000000000, 0.000000000000000000 ) ) ;
#2470 = PLANE ( 'NONE',  #6525 ) ;
#2471 = ORIENTED_EDGE ( 'NONE', *, *, #4928, .T. ) ;
#2472 = VERTEX_POINT ( 'NONE', #6601 ) ;
#2473 = LINE ( 'NONE', #1278, #4514 ) ;
#2474 = ADVANCED_FACE ( 'NONE', ( #5078 ), #1149, .F. ) ;
#2475 = CARTESIAN_POINT ( 'NONE',  ( 0.8819663380316988821, 3.832056180932402523, 0.000000000000000000 ) ) ;
#2476 = DIRECTION ( 'NONE',  ( 0.000000000000000000, -1.000000000000000000, 0.000000000000000000 ) ) ;
#2477 = CARTESIAN_POINT ( 'NONE',  ( -4.543742086777925238, 1.156828111363683798, -0.2000000000000000111 ) ) ;
#2478 = CARTESIAN_POINT ( 'NONE',  ( -7.507317073170667321, 2.204034669253646328, 2.710505431213761085E-17 ) ) ;
#2479 = CARTESIAN_POINT ( 'NONE',  ( -5.872366918150901505, 3.514778257636546943, 0.000000000000000000 ) ) ;
#2480 = CARTESIAN_POINT ( 'NONE',  ( -5.358427937932918717, 4.336983147146935558, -2.710505431213761085E-17 ) ) ;
#2481 = ORIENTED_EDGE ( 'NONE', *, *, #1169, .T. ) ;
#2482 = FACE_OUTER_BOUND ( 'NONE', #435, .T. ) ;
#2483 = B_SPLINE_CURVE_WITH_KNOTS ( 'NONE', 3,
 ( #1313, #4791, #3361, #4075, #8841, #2828, #2697, #4123, #5552, #8120, #6807, #8250, #2649, #8291, #6892, #2115, #6265, #4838 ),
 .UNSPECIFIED., .F., .F.,
 ( 4, 2, 2, 2, 2, 2, 2, 2, 4 ),
 ( 0.000000000000000000, 0.0003445706745667002848, 0.0006891413491334005695, 0.001033712023700100692, 0.001378282698266801139, 0.001722853372833501370, 0.002067424047400201817, 0.002411994721966902264, 0.002756565396533602712 ),
 .UNSPECIFIED. ) ;
#2484 = EDGE_CURVE ( 'NONE', #6156, #5759, #2441, .T. ) ;
#2485 = VERTEX_POINT ( 'NONE', #1766 ) ;
#2486 = DIRECTION ( 'NONE',  ( -1.000000000000000000, 0.000000000000000000, 0.000000000000000000 ) ) ;
#2487 = CARTESIAN_POINT ( 'NONE',  ( -0.8234427284489419518, 2.418043051161473223, 2.710505431213761085E-17 ) ) ;
#2488 = CARTESIAN_POINT ( 'NONE',  ( -0.1932926829267649360, 3.703272474131695358, 0.000000000000000000 ) ) ;
#2489 = CARTESIAN_POINT ( 'NONE',  ( -3.751219512195057337, 1.508150522912182767, -0.2000000000000000111 ) ) ;
#2490 = CARTESIAN_POINT ( 'NONE',  ( -1.304201789678303802, 3.753120995236366220, 1.355252715606880543E-17 ) ) ;
#2491 = CARTESIAN_POINT ( 'NONE',  ( -4.467909330471531604, 3.381392089477542218, -0.2000000000000000111 ) ) ;
#2492 = DIRECTION ( 'NONE',  ( 0.000000000000000000, 0.000000000000000000, -1.000000000000000000 ) ) ;
#2493 = EDGE_LOOP ( 'NONE', ( #307, #1881, #2698, #770 ) ) ;
#2494 = CIRCLE ( 'NONE', #4088, 0.8999999999999998002 ) ;
#2495 = ORIENTED_EDGE ( 'NONE', *, *, #8826, .F. ) ;
#2496 = VECTOR ( 'NONE', #7224, 1000.000000000000000 ) ;
#2497 = ORIENTED_EDGE ( 'NONE', *, *, #1180, .F. ) ;
#2498 = FACE_OUTER_BOUND ( 'NONE', #5799, .T. ) ;
#2499 = CARTESIAN_POINT ( 'NONE',  ( -11.12192405918352911, 0.8848543826083106190, -0.2000000000000000111 ) ) ;
#2500 = DIRECTION ( 'NONE',  ( 0.000000000000000000, 0.000000000000000000, 1.000000000000000000 ) ) ;
#2501 = DIRECTION ( 'NONE',  ( -1.000000000000000000, 0.000000000000000000, 0.000000000000000000 ) ) ;
#2502 = VECTOR ( 'NONE', #4128, 1000.000000000000000 ) ;
#2503 = CARTESIAN_POINT ( 'NONE',  ( -11.36097560975603216, 4.288638327790232019, 0.000000000000000000 ) ) ;
#2504 = VECTOR ( 'NONE', #8747, 1000.000000000000000 ) ;
#2505 = CARTESIAN_POINT ( 'NONE',  ( -9.516333612878847603, 0.9854551004417508864, -0.2000000000000000111 ) ) ;
#2506 = VERTEX_POINT ( 'NONE', #480 ) ;
#2507 = CARTESIAN_POINT ( 'NONE',  ( -0.8234427284489419518, 2.418043051161473223, -1.897353801849632760E-16 ) ) ;
#2508 = ORIENTED_EDGE ( 'NONE', *, *, #3565, .T. ) ;
#2509 = VECTOR ( 'NONE', #7089, 1000.000000000000000 ) ;
#2510 = CARTESIAN_POINT ( 'NONE',  ( -9.192482736855215109, 0.2986457336948106778, -0.2000000000000000111 ) ) ;
#2511 = VECTOR ( 'NONE', #8830, 1000.000000000000000 ) ;
#2512 = CARTESIAN_POINT ( 'NONE',  ( 1.123280807350070187, 1.365945333877687462, -0.1999999999999999556 ) ) ;
#2513 = CARTESIAN_POINT ( 'NONE',  ( -13.50000000000000533, -14.19999999999999929, -14.69999999999998863 ) ) ;
#2514 = CARTESIAN_POINT ( 'NONE',  ( -11.35995636060658676, 1.903934210199818455, -0.1999999999999999278 ) ) ;
#2515 = FACE_BOUND ( 'NONE', #2305, .T. ) ;
#2516 = CARTESIAN_POINT ( 'NONE',  ( -5.846685724451629262, 4.303544846453346118, 0.000000000000000000 ) ) ;
#2517 = CARTESIAN_POINT ( 'NONE',  ( -0.2689834511782322468, 3.700790051299367445, -0.2000000000000000111 ) ) ;
#2518 = VECTOR ( 'NONE', #2909, 1000.000000000000000 ) ;
#2519 = APPROVAL ( #4723, '未指定' ) ;
#2520 = CIRCLE ( 'NONE', #6080, 1.749999999999999778 ) ;
#2521 = EDGE_CURVE ( 'NONE', #447, #2883, #3199, .T. ) ;
#2522 = ORIENTED_EDGE ( 'NONE', *, *, #391, .T. ) ;
#2523 = ORIENTED_EDGE ( 'NONE', *, *, #4865, .T. ) ;
#2524 = CARTESIAN_POINT ( 'NONE',  ( -10.73419614281261758, 0.4805935625842224779, 2.710505431213761085E-17 ) ) ;
#2525 = CARTESIAN_POINT ( 'NONE',  ( -9.665048511964871025, 0.9722247071336324042, -5.421010862427522170E-17 ) ) ;
#2526 = VECTOR ( 'NONE', #8037, 1000.000000000000000 ) ;
#2527 = CARTESIAN_POINT ( 'NONE',  ( 1.080770785618960561, 1.252941279892964666, -2.710505431213761085E-17 ) ) ;
#2528 = CARTESIAN_POINT ( 'NONE',  ( -4.434146341463350183, 1.215467596082914659, -0.2000000000000000111 ) ) ;
#2529 = CARTESIAN_POINT ( 'NONE',  ( -4.894537725921159321, 1.031135400469056274, -0.2000000000000000111 ) ) ;
#2530 = CARTESIAN_POINT ( 'NONE',  ( -0.1807527877529121474, 0.2414093293324949818, -0.000000000000000000 ) ) ;
#2531 = DIRECTION ( 'NONE',  ( 0.000000000000000000, 0.000000000000000000, -1.000000000000000000 ) ) ;
#2532 = ADVANCED_FACE ( 'NONE', ( #1681 ), #4451, .T. ) ;
#2533 = VECTOR ( 'NONE', #6162, 1000.000000000000000 ) ;
#2534 = VERTEX_POINT ( 'NONE', #4409 ) ;
#2535 = DIRECTION ( 'NONE',  ( -1.000000000000000000, 0.000000000000000000, 0.000000000000000000 ) ) ;
#2536 = ORIENTED_EDGE ( 'NONE', *, *, #1960, .T. ) ;
#2537 = CARTESIAN_POINT ( 'NONE',  ( -6.894717626300978175, 0.6858667229402700682, -6.776263578034401480E-17 ) ) ;
#2538 = DIRECTION ( 'NONE',  ( 1.000000000000000000, -2.891205793294756226E-16, 0.000000000000000000 ) ) ;
#2539 = CARTESIAN_POINT ( 'NONE',  ( -5.348018292682861663, 3.605711498521939173, -0.1999999999999999833 ) ) ;
#2540 = AXIS2_PLACEMENT_3D ( 'NONE', #3895, #1085, #7889 ) ;
#2541 = CARTESIAN_POINT ( 'NONE',  ( -0.4804389058232120813, 0.9583422048654681724, -0.2000000000000000111 ) ) ;
#2542 = CARTESIAN_POINT ( 'NONE',  ( -5.481497517560738331, 4.335803569890088305, -2.710505431213761085E-17 ) ) ;
#2543 = DIRECTION ( 'NONE',  ( 0.000000000000000000, -1.000000000000000000, 0.000000000000000000 ) ) ;
#2544 = B_SPLINE_SURFACE_WITH_KNOTS ( 'NONE', 3, 1, ( 
 ( #5120, #2434 ),
 ( #3193, #1856 ),
 ( #8034, #384 ),
 ( #2573, #3819 ),
 ( #7223, #3768 ),
 ( #1098, #5300 ),
 ( #8079, #2527 ),
 ( #1897, #6501 ),
 ( #4620, #3107 ),
 ( #6551, #6636 ),
 ( #5828, #522 ),
 ( #8661, #8572 ),
 ( #7899, #3151 ),
 ( #5207, #430 ),
 ( #7359, #5869 ),
 ( #8754, #8615 ),
 ( #5341, #8713 ),
 ( #5165, #1234 ),
 ( #1759, #4486 ) ),
 .UNSPECIFIED., .F., .F., .F.,
 ( 4, 1, 1, 1, 1, 1, 1, 1, 1, 1, 1, 1, 1, 1, 1, 1, 4 ),
 ( 2, 2 ),
 ( 0.000000000000000000, 0.08418918613815358498, 0.1635424427109549717, 0.2385629398941200852, 0.3093251031480367952, 0.3764642276676261057, 0.4400732212506736629, 0.5006302892190007681, 0.5590546016029009913, 0.6150334534872970993, 0.6692890121675146853, 0.7220774343371597626, 0.7747669516386664901, 0.8280709524797756904, 0.8827013325389907461, 0.9399267605822599903, 1.000000000000000000 ),
 ( 0.000000000000000000, 1.000000000000000000 ),
 .UNSPECIFIED. ) ;
#2545 = ADVANCED_FACE ( 'NONE', ( #5171 ), #1054, .F. ) ;
#2546 = VERTEX_POINT ( 'NONE', #5267 ) ;
#2547 = APPROVAL_PERSON_ORGANIZATION ( #5931, #2519, #8679 ) ;
#2548 = EDGE_LOOP ( 'NONE', ( #7, #5002, #8225, #5447 ) ) ;
#2549 = EDGE_LOOP ( 'NONE', ( #6775, #3691, #6902, #1023 ) ) ;
#2550 = DIRECTION ( 'NONE',  ( 1.000000000000000000, 0.000000000000000000, 0.000000000000000000 ) ) ;
#2551 = CARTESIAN_POINT ( 'NONE',  ( -11.31402685028361610, 1.414554540049095532, -0.2000000000000000389 ) ) ;
#2552 = CARTESIAN_POINT ( 'NONE',  ( -11.36097560975603216, 1.973851742424377997, 0.000000000000000000 ) ) ;
#2553 = CARTESIAN_POINT ( 'NONE',  ( -6.626716502921237151, 2.410060594501330034, -0.2000000000000000111 ) ) ;
#2554 = LINE ( 'NONE', #1786, #4948 ) ;
#2555 = EDGE_CURVE ( 'NONE', #4186, #5865, #3776, .T. ) ;
#2556 = DIRECTION ( 'NONE',  ( -0.000000000000000000, -0.000000000000000000, -1.000000000000000000 ) ) ;
#2557 = ORIENTED_EDGE ( 'NONE', *, *, #8224, .F. ) ;
#2558 = DIRECTION ( 'NONE',  ( -0.000000000000000000, 0.000000000000000000, 1.000000000000000000 ) ) ;
#2559 = ORIENTED_EDGE ( 'NONE', *, *, #6175, .F. ) ;
#2560 = CARTESIAN_POINT ( 'NONE',  ( -9.029367350710593598, 0.3476998528558994384, -0.2000000000000000111 ) ) ;
#2561 = B_SPLINE_SURFACE_WITH_KNOTS ( 'NONE', 3, 1, ( 
 ( #1901, #1814 ),
 ( #6598, #2480 ),
 ( #8038, #4624 ),
 ( #1146, #5169 ),
 ( #4540, #7951 ),
 ( #3910, #1239 ),
 ( #6640, #7903 ),
 ( #7276, #527 ),
 ( #5264, #2438 ),
 ( #7228, #3823 ),
 ( #6555, #3197 ) ),
 .UNSPECIFIED., .F., .F., .F.,
 ( 4, 1, 1, 1, 1, 1, 1, 1, 4 ),
 ( 2, 2 ),
 ( 0.000000000000000000, 0.1441052970052210114, 0.2814325990691562418, 0.4137665814935421738, 0.5412633507710824521, 0.6626265699592561731, 0.7796336414154723116, 0.8920367893129650394, 1.000000000000000000 ),
 ( 0.000000000000000000, 1.000000000000000000 ),
 .UNSPECIFIED. ) ;
#2562 = CARTESIAN_POINT ( 'NONE',  ( -0.1695609283115004640, 3.702342530996273862, -2.710505431213761085E-17 ) ) ;
#2563 = CARTESIAN_POINT ( 'NONE',  ( 2.868703234703881222, 4.148806800501021463, -0.2000000000000000111 ) ) ;
#2564 = CARTESIAN_POINT ( 'NONE',  ( -4.864204888895770296, 3.546259522758583138, -0.2000000000000000389 ) ) ;
#2565 = CARTESIAN_POINT ( 'NONE',  ( -12.60000000000000142, 14.20133359925599414, -14.69999999999998863 ) ) ;
#2566 = CARTESIAN_POINT ( 'NONE',  ( -1.650109999925676307, 2.469298144541687279, -2.710505431213761085E-17 ) ) ;
#2567 = CARTESIAN_POINT ( 'NONE',  ( 0.000000000000000000, -13.69999999999999929, 0.000000000000000000 ) ) ;
#2568 = VERTEX_POINT ( 'NONE', #6558 ) ;
#2569 = ORIENTED_EDGE ( 'NONE', *, *, #3351, .F. ) ;
#2570 = CARTESIAN_POINT ( 'NONE',  ( 3.663414634146407334, 0.2886383277902315192, -0.2000000000000000111 ) ) ;
#2571 = LINE ( 'NONE', #4082, #2643 ) ;
#2572 = EDGE_CURVE ( 'NONE', #5051, #2739, #8806, .T. ) ;
#2573 = CARTESIAN_POINT ( 'NONE',  ( 1.203142486982355930, 1.852006401344536313, -0.2000000000000000389 ) ) ;
#2574 = CARTESIAN_POINT ( 'NONE',  ( -0.1932926829267649083, 3.703272474131694914, -2.710505431213761085E-17 ) ) ;
#2575 = CARTESIAN_POINT ( 'NONE',  ( -17.79999999999999716, -15.69999999999999929, -2.000000000000000000 ) ) ;
#2576 = CARTESIAN_POINT ( 'NONE',  ( -5.487948134091317876, 3.602004146082034008, -0.2000000000000000111 ) ) ;
#2577 = CARTESIAN_POINT ( 'NONE',  ( 1.907317073170796240, 3.020345644863402512, -0.2000000000000000111 ) ) ;
#2578 = ORIENTED_EDGE ( 'NONE', *, *, #1440, .F. ) ;
#2579 = DIRECTION ( 'NONE',  ( 0.000000000000000000, -1.000000000000000000, 0.000000000000000000 ) ) ;
#2580 = ORIENTED_EDGE ( 'NONE', *, *, #7525, .F. ) ;
#2581 = EDGE_CURVE ( 'NONE', #4218, #8021, #6644, .T. ) ;
#2582 = LINE ( 'NONE', #3141, #2113 ) ;
#2583 = CARTESIAN_POINT ( 'NONE',  ( -0.5289119179684225180, 3.561096858465949921, -0.2000000000000000944 ) ) ;
#2584 = CARTESIAN_POINT ( 'NONE',  ( -9.295076929326228310, 0.2772907242490265656, -0.2000000000000000944 ) ) ;
#2585 = CARTESIAN_POINT ( 'NONE',  ( -0.8240783704643577234, 2.189794896137515323, -0.2000000000000000111 ) ) ;
#2586 = PERSON_AND_ORGANIZATION_ROLE ( 'design_owner' ) ;
#2587 = CARTESIAN_POINT ( 'NONE',  ( -4.535410242896399602, 3.420543611025968822, 0.000000000000000000 ) ) ;
#2588 = ORIENTED_EDGE ( 'NONE', *, *, #478, .T. ) ;
#2589 = ORIENTED_EDGE ( 'NONE', *, *, #4003, .F. ) ;
#2590 = DIRECTION ( 'NONE',  ( -1.000000000000000000, 0.000000000000000000, 0.000000000000000000 ) ) ;
#2591 = EDGE_CURVE ( 'NONE', #2718, #761, #7322, .T. ) ;
#2592 = DIRECTION ( 'NONE',  ( -1.000000000000000000, 0.000000000000000000, 0.000000000000000000 ) ) ;
#2593 = CARTESIAN_POINT ( 'NONE',  ( -9.404408884075014186, 1.011577695990217185, -2.710505431213761701E-17 ) ) ;
#2594 = DIRECTION ( 'NONE',  ( 0.000000000000000000, 0.000000000000000000, 1.000000000000000000 ) ) ;
#2595 = CARTESIAN_POINT ( 'NONE',  ( 0.2502634244804008978, 3.346847211050594684, 0.000000000000000000 ) ) ;
#2596 = CARTESIAN_POINT ( 'NONE',  ( -9.696341463414569262, 0.9715651570585241981, -0.2000000000000000111 ) ) ;
#2597 = ORIENTED_EDGE ( 'NONE', *, *, #3617, .T. ) ;
#2598 = PLANE ( 'NONE',  #7518 ) ;
#2599 = VERTEX_POINT ( 'NONE', #3157 ) ;
#2600 = CARTESIAN_POINT ( 'NONE',  ( -9.687888879497377204, 0.2409887934545267563, -0.2000000000000000111 ) ) ;
#2601 = B_SPLINE_CURVE_WITH_KNOTS ( 'NONE', 3,
 ( #731, #1981, #6218, #6088, #1354, #1441, #105, #6174, #638, #8202, #6938, #5506, #2154, #4163, #816, #58, #2779, #688, #1401 ),
 .UNSPECIFIED., .F., .F.,
 ( 4, 1, 1, 1, 1, 1, 1, 1, 1, 1, 1, 1, 1, 1, 1, 1, 4 ),
 ( 0.000000000000000000, 0.04344515642833117475, 0.08526318046687483831, 0.1260977512779025145, 0.1681610729122437753, 0.2116085738621183154, 0.2581332247351307285, 0.3082255421841678111, 0.3625253052417450883, 0.4217973968231106818, 0.4866482327711261768, 0.5570495496205882802, 0.6329591569688537422, 0.7152557435044595291, 0.8040156773728056594, 0.8988873208981662533, 1.000000000000000000 ),
 .UNSPECIFIED. ) ;
#2602 = ADVANCED_FACE ( 'NONE', ( #6462 ), #341, .F. ) ;
#2603 = CARTESIAN_POINT ( 'NONE',  ( -4.796811348701718991, 0.3192985148002455142, -0.2000000000000000111 ) ) ;
#2604 = CARTESIAN_POINT ( 'NONE',  ( -10.40799172856306676, 1.443209151854097927, 0.000000000000000000 ) ) ;
#2605 = CARTESIAN_POINT ( 'NONE',  ( 6.879450486378559049, -5.822408242112043553, 0.000000000000000000 ) ) ;
#2606 = CARTESIAN_POINT ( 'NONE',  ( 1.965931225664943494, 3.750746688269235296, -0.2000000000000000666 ) ) ;
#2607 = CARTESIAN_POINT ( 'NONE',  ( 6.879450486378559049, -5.822408242112043553, 0.000000000000000000 ) ) ;
#2608 = CARTESIAN_POINT ( 'NONE',  ( 3.663414634146407334, 0.2886383277902315192, -0.2000000000000000111 ) ) ;
#2609 = ORIENTED_EDGE ( 'NONE', *, *, #2361, .T. ) ;
#2610 = ORIENTED_EDGE ( 'NONE', *, *, #2052, .F. ) ;
#2611 = CARTESIAN_POINT ( 'NONE',  ( -18.39999999999999503, -13.69999999999999929, 0.000000000000000000 ) ) ;
#2612 = CARTESIAN_POINT ( 'NONE',  ( -1.652395695865296776, 2.109063380198658244, -0.2000000000000000944 ) ) ;
#2613 = FACE_OUTER_BOUND ( 'NONE', #8721, .T. ) ;
#2614 = CARTESIAN_POINT ( 'NONE',  ( -4.470729613323554119, 1.195893622612791640, -0.2000000000000000111 ) ) ;
#2615 = CARTESIAN_POINT ( 'NONE',  ( -5.986255008525100507, 3.463146054101460258, 0.000000000000000000 ) ) ;
#2616 = ORIENTED_EDGE ( 'NONE', *, *, #4481, .T. ) ;
#2617 = CARTESIAN_POINT ( 'NONE',  ( 0.3751584355530705461, 1.809679316610331767, -0.2000000000000000111 ) ) ;
#2618 = ORIENTED_EDGE ( 'NONE', *, *, #3975, .F. ) ;
#2619 = CARTESIAN_POINT ( 'NONE',  ( -9.790282824204604495, 8.800525230557134648, -1.000000000000000000 ) ) ;
#2620 = CARTESIAN_POINT ( 'NONE',  ( -0.4710400642505034874, 3.612564878865762275, -0.2000000000000000944 ) ) ;
#2621 = CARTESIAN_POINT ( 'NONE',  ( -6.583429820965608137, 2.681937144265460038, 2.710505431213761085E-17 ) ) ;
#2622 = CARTESIAN_POINT ( 'NONE',  ( 1.221014937821819135, 2.079747171191584254, -0.2000000000000000111 ) ) ;
#2623 = CARTESIAN_POINT ( 'NONE',  ( -5.405945121951154952, 4.337418815595110111, -0.2000000000000000111 ) ) ;
#2624 = DIRECTION ( 'NONE',  ( -1.000000000000000000, 0.000000000000000000, -0.000000000000000000 ) ) ;
#2625 = ADVANCED_FACE ( 'NONE', ( #392 ), #3115, .T. ) ;
#2626 = ORIENTED_EDGE ( 'NONE', *, *, #1427, .T. ) ;
#2627 = ADVANCED_FACE ( 'NONE', ( #2482 ), #5436, .F. ) ;
#2628 = B_SPLINE_SURFACE_WITH_KNOTS ( 'NONE', 3, 1, ( 
 ( #4464, #269 ),
 ( #2989, #221 ),
 ( #5711, #7198 ),
 ( #888, #7015 ),
 ( #3792, #5668 ),
 ( #6526, #8412 ),
 ( #8499, #7921 ),
 ( #408, #4326 ),
 ( #5094, #7057 ),
 ( #8454, #2316 ),
 ( #7152, #7832 ),
 ( #3129, #7779 ),
 ( #3610, #1645 ),
 ( #4377, #2411 ),
 ( #7108, #5847 ),
 ( #980, #6431 ),
 ( #311, #1692 ),
 ( #356, #6474 ),
 ( #3080, #8550 ) ),
 .UNSPECIFIED., .F., .F., .F.,
 ( 4, 1, 1, 1, 1, 1, 1, 1, 1, 1, 1, 1, 1, 1, 1, 1, 4 ),
 ( 2, 2 ),
 ( 0.000000000000000000, 0.08311022735821120555, 0.1611907754937038639, 0.2345156046151663232, 0.3030169615586273402, 0.3678902001986006365, 0.4287271513354382613, 0.4868515287066076391, 0.5419926532651998530, 0.5963611225648126624, 0.6492916039675915574, 0.7028169015139772435, 0.7573757594059266074, 0.8132640202444082478, 0.8721892385927978442, 0.9342167350882158994, 1.000000000000000000 ),
 ( 0.000000000000000000, 1.000000000000000000 ),
 .UNSPECIFIED. ) ;
#2629 = ORIENTED_EDGE ( 'NONE', *, *, #3017, .T. ) ;
#2630 = CARTESIAN_POINT ( 'NONE',  ( -6.607982830583155831, 4.003651371574882489, -0.2000000000000000111 ) ) ;
#2631 = CARTESIAN_POINT ( 'NONE',  ( -0.5289119179684225180, 3.561096858465949921, 0.000000000000000000 ) ) ;
#2632 = LINE ( 'NONE', #7384, #2217 ) ;
#2633 = LINE ( 'NONE', #3437, #255 ) ;
#2634 = LINE ( 'NONE', #4649, #7675 ) ;
#2635 = CARTESIAN_POINT ( 'NONE',  ( -7.504418323179217865, 2.073936496220651460, -2.710505431213761701E-17 ) ) ;
#2636 = AXIS2_PLACEMENT_3D ( 'NONE', #8346, #2392, #911 ) ;
#2637 = EDGE_CURVE ( 'NONE', #8611, #8282, #2082, .T. ) ;
#2638 = EDGE_LOOP ( 'NONE', ( #6497, #6346, #7763, #2359 ) ) ;
#2639 = FACE_OUTER_BOUND ( 'NONE', #6684, .T. ) ;
#2640 = ORIENTED_EDGE ( 'NONE', *, *, #1285, .T. ) ;
#2641 = DIRECTION ( 'NONE',  ( 0.000000000000000000, -1.000000000000000000, 0.000000000000000000 ) ) ;
#2642 = CARTESIAN_POINT ( 'NONE',  ( -9.790282824204604495, 12.60052523055713181, 0.000000000000000000 ) ) ;
#2643 = VECTOR ( 'NONE', #3955, 1000.000000000000000 ) ;
#2644 = AXIS2_PLACEMENT_3D ( 'NONE', #6113, #128, #8349 ) ;
#2645 = CARTESIAN_POINT ( 'NONE',  ( 1.907317073170796240, 3.732998083887792529, 0.000000000000000000 ) ) ;
#2646 = CARTESIAN_POINT ( 'NONE',  ( -6.445179701449497145, 1.517856997204015901, -0.2000000000000000111 ) ) ;
#2647 = CARTESIAN_POINT ( 'NONE',  ( 3.007615411777831760, 4.239954809950520875, -8.131516293641283255E-17 ) ) ;
#2648 = DIRECTION ( 'NONE',  ( 0.000000000000000000, 1.000000000000000000, 0.000000000000000000 ) ) ;
#2649 = CARTESIAN_POINT ( 'NONE',  ( -8.201762176147507688, 1.212493789268463296, 5.421010862427522170E-17 ) ) ;
#2650 = EDGE_CURVE ( 'NONE', #1064, #8842, #29, .T. ) ;
#2651 = VECTOR ( 'NONE', #2038, 1000.000000000000000 ) ;
#2652 = AXIS2_PLACEMENT_3D ( 'NONE', #4494, #7184, #5739 ) ;
#2653 = ORIENTED_EDGE ( 'NONE', *, *, #5698, .F. ) ;
#2654 = ORIENTED_EDGE ( 'NONE', *, *, #7160, .F. ) ;
#2655 = DIRECTION ( 'NONE',  ( -1.000000000000000000, 0.000000000000000000, 0.000000000000000000 ) ) ;
#2656 = LINE ( 'NONE', #5385, #5356 ) ;
#2657 = DIRECTION ( 'NONE',  ( -1.000000000000000000, 0.000000000000000000, -0.000000000000000000 ) ) ;
#2658 = CARTESIAN_POINT ( 'NONE',  ( -8.930818377297898181, 1.696681278459427622, -0.2000000000000001221 ) ) ;
#2659 = AXIS2_PLACEMENT_3D ( 'NONE', #155, #7708, #2871 ) ;
#2660 = CARTESIAN_POINT ( 'NONE',  ( 1.178579414659847613, 2.999290309598837467, -0.2000000000000000111 ) ) ;
#2661 = VECTOR ( 'NONE', #4209, 1000.000000000000000 ) ;
#2662 = CARTESIAN_POINT ( 'NONE',  ( -7.505702232323613998, 2.131559345558788010, -0.2000000000000000111 ) ) ;
#2663 = EDGE_CURVE ( 'NONE', #2430, #2451, #3510, .T. ) ;
#2664 = ORIENTED_EDGE ( 'NONE', *, *, #5590, .T. ) ;
#2665 = B_SPLINE_SURFACE_WITH_KNOTS ( 'NONE', 3, 1, ( 
 ( #5131, #1056 ),
 ( #4455, #880 ),
 ( #8404, #5742 ),
 ( #1684, #3736 ),
 ( #7048, #972 ),
 ( #2223, #8539 ),
 ( #1014, #5034 ),
 ( #3646, #4277 ),
 ( #1634, #7769 ),
 ( #7144, #7097 ),
 ( #6377, #2268 ),
 ( #5082, #261 ),
 ( #3780, #2981 ),
 ( #3602, #5793 ),
 ( #6465, #7867 ),
 ( #3118, #4995 ),
 ( #395, #8445 ),
 ( #5702, #4954 ),
 ( #8489, #1728 ) ),
 .UNSPECIFIED., .F., .F., .F.,
 ( 4, 1, 1, 1, 1, 1, 1, 1, 1, 1, 1, 1, 1, 1, 1, 1, 4 ),
 ( 2, 2 ),
 ( 0.000000000000000000, 0.08513432636281241528, 0.1655212252412776863, 0.2409412224589500828, 0.3121477852887429849, 0.3789666946501289990, 0.4424820662833265361, 0.5025439654913099741, 0.5603149126457820373, 0.6158803393158892581, 0.6696212549835646177, 0.7221967914224971530, 0.7746562384587474259, 0.8278721046299818420, 0.8826807856837920463, 0.9398090994201990789, 1.000000000000000000 ),
 ( 0.000000000000000000, 1.000000000000000000 ),
 .UNSPECIFIED. ) ;
#2666 = VECTOR ( 'NONE', #5695, 1000.000000000000000 ) ;
#2667 = CARTESIAN_POINT ( 'NONE',  ( -3.751219512195057337, 1.508150522912182989, 0.000000000000000000 ) ) ;
#2668 = ORIENTED_EDGE ( 'NONE', *, *, #6838, .T. ) ;
#2669 = CARTESIAN_POINT ( 'NONE',  ( -0.8044698233079311533, 1.782482479452609514, 0.000000000000000000 ) ) ;
#2670 = FACE_OUTER_BOUND ( 'NONE', #3571, .T. ) ;
#2671 = CARTESIAN_POINT ( 'NONE',  ( -6.628404504019760779, 2.314614445547098498, 2.710505431213761085E-17 ) ) ;
#2672 = CARTESIAN_POINT ( 'NONE',  ( 17.80000000000000426, 2.099999999999997424, 0.000000000000000000 ) ) ;
#2673 = DIRECTION ( 'NONE',  ( -1.000000000000000000, 0.000000000000000000, 0.000000000000000000 ) ) ;
#2674 = CARTESIAN_POINT ( 'NONE',  ( -4.434146341463349295, 3.361809059497548713, -0.2000000000000000111 ) ) ;
#2675 = VECTOR ( 'NONE', #3569, 1000.000000000000000 ) ;
#2676 = ORIENTED_EDGE ( 'NONE', *, *, #2033, .F. ) ;
#2677 = EDGE_LOOP ( 'NONE', ( #8633, #5895, #7095, #3352 ) ) ;
#2678 = VECTOR ( 'NONE', #765, 1000.000000000000000 ) ;
#2679 = CARTESIAN_POINT ( 'NONE',  ( -9.790282824204604495, 12.60052523055713181, -1.570922402772731985 ) ) ;
#2680 = CARTESIAN_POINT ( 'NONE',  ( 3.663414634146407334, 4.337418815595110111, -0.2000000000000000111 ) ) ;
#2681 = CARTESIAN_POINT ( 'NONE',  ( -4.547189330470621904, 0.3982205331303919627, 0.000000000000000000 ) ) ;
#2682 = DIRECTION ( 'NONE',  ( 0.000000000000000000, -1.000000000000000000, 0.000000000000000000 ) ) ;
#2683 = EDGE_CURVE ( 'NONE', #1963, #2092, #4629, .T. ) ;
#2684 = CARTESIAN_POINT ( 'NONE',  ( 0.3947116578313550339, 2.343523804987352577, -0.000000000000000000 ) ) ;
#2685 = CARTESIAN_POINT ( 'NONE',  ( -8.922509113595447516, 1.891771161980506211, -0.2000000000000000111 ) ) ;
#2686 = EDGE_LOOP ( 'NONE', ( #3493, #6293, #2668, #2979 ) ) ;
#2687 = FACE_OUTER_BOUND ( 'NONE', #4616, .T. ) ;
#2688 = VERTEX_POINT ( 'NONE', #6013 ) ;
#2689 = PLANE ( 'NONE',  #2066 ) ;
#2690 = CARTESIAN_POINT ( 'NONE',  ( 0.7898256761640016776, 3.951800448417381428, 0.000000000000000000 ) ) ;
#2691 = CARTESIAN_POINT ( 'NONE',  ( 0.007983465163030186926, 3.655131734216722883, -2.710505431213761085E-17 ) ) ;
#2692 = CARTESIAN_POINT ( 'NONE',  ( 8.411753555706741992, -5.822408242112043553, 1.734723475976807094E-15 ) ) ;
#2693 = EDGE_CURVE ( 'NONE', #7245, #7269, #1243, .T. ) ;
#2694 = CARTESIAN_POINT ( 'NONE',  ( -6.300141379158974431, 1.325361508627000529, -0.2000000000000000111 ) ) ;
#2695 = DIRECTION ( 'NONE',  ( -8.673617379884035472E-16, -1.000000000000000000, 0.000000000000000000 ) ) ;
#2696 = CARTESIAN_POINT ( 'NONE',  ( -1.363901719097407428, 3.650915045838791784, -0.2000000000000000111 ) ) ;
#2697 = CARTESIAN_POINT ( 'NONE',  ( -8.853376574066764704, 0.4207008327165370209, 5.421010862427523403E-17 ) ) ;
#2698 = ORIENTED_EDGE ( 'NONE', *, *, #846, .T. ) ;
#2699 = ORIENTED_EDGE ( 'NONE', *, *, #7080, .F. ) ;
#2700 = CARTESIAN_POINT ( 'NONE',  ( -0.8100673814032123277, 1.689858977819889807, -2.710505431213761085E-17 ) ) ;
#2701 = CARTESIAN_POINT ( 'NONE',  ( 6.227808503120347616, -1.849989268083281901, 0.000000000000000000 ) ) ;
#2702 = EDGE_CURVE ( 'NONE', #6533, #3937, #4759, .T. ) ;
#2703 = LINE ( 'NONE', #3417, #3084 ) ;
#2704 = CARTESIAN_POINT ( 'NONE',  ( 6.879450486378557272, -1.849989268083281901, -0.2000000000000000111 ) ) ;
#2705 = CARTESIAN_POINT ( 'NONE',  ( 12.89999999999999858, -14.19999999999999929, -16.44999999999998863 ) ) ;
#2706 = DIRECTION ( 'NONE',  ( 0.000000000000000000, 0.000000000000000000, -1.000000000000000000 ) ) ;
#2707 = ORIENTED_EDGE ( 'NONE', *, *, #3965, .F. ) ;
#2708 = ORIENTED_EDGE ( 'NONE', *, *, #4102, .F. ) ;
#2709 = CARTESIAN_POINT ( 'NONE',  ( 0.2468294835563919210, 1.228829681267505247, -0.2000000000000000111 ) ) ;
#2710 = EDGE_LOOP ( 'NONE', ( #491, #6977, #3210, #5476 ) ) ;
#2711 = EDGE_CURVE ( 'NONE', #1092, #3040, #839, .T. ) ;
#2712 = CARTESIAN_POINT ( 'NONE',  ( -0.8152558575379187378, 1.927224909886061432, 0.000000000000000000 ) ) ;
#2713 = CARTESIAN_POINT ( 'NONE',  ( -0.1932926829267649360, 3.703272474131695358, -0.2000000000000000389 ) ) ;
#2714 = DIRECTION ( 'NONE',  ( 0.000000000000000000, -1.000000000000000000, 0.000000000000000000 ) ) ;
#2715 = CARTESIAN_POINT ( 'NONE',  ( -0.8044698233079311533, 1.782482479452609514, -0.2000000000000000111 ) ) ;
#2716 = CARTESIAN_POINT ( 'NONE',  ( -5.983449432093749465, 0.2699462609432312643, 0.000000000000000000 ) ) ;
#2717 = ORIENTED_EDGE ( 'NONE', *, *, #1985, .F. ) ;
#2718 = VERTEX_POINT ( 'NONE', #1412 ) ;
#2719 = ORIENTED_EDGE ( 'NONE', *, *, #2387, .T. ) ;
#2720 = CARTESIAN_POINT ( 'NONE',  ( 6.227808503120348504, -5.822408242112043553, 1.734723475976807094E-15 ) ) ;
#2721 = CARTESIAN_POINT ( 'NONE',  ( 2.834146341463479768, 3.393059059497548713, -0.2000000000000000111 ) ) ;
#2722 = CARTESIAN_POINT ( 'NONE',  ( -4.642661237614196246, 4.253530597715828421, -0.2000000000000000111 ) ) ;
#2723 = DIRECTION ( 'NONE',  ( 0.000000000000000000, -0.000000000000000000, 1.000000000000000000 ) ) ;
#2724 = CARTESIAN_POINT ( 'NONE',  ( 3.663414634146407334, 4.337418815595110111, -0.2000000000000000111 ) ) ;
#2725 = CARTESIAN_POINT ( 'NONE',  ( -9.028991890894692673, 1.346828451703560248, -0.2000000000000000111 ) ) ;
#2726 = ORIENTED_EDGE ( 'NONE', *, *, #1921, .T. ) ;
#2727 = EDGE_CURVE ( 'NONE', #1658, #6953, #4005, .T. ) ;
#2728 = VERTEX_POINT ( 'NONE', #6694 ) ;
#2729 = LINE ( 'NONE', #4284, #5919 ) ;
#2730 = DIRECTION ( 'NONE',  ( 0.000000000000000000, -0.000000000000000000, 1.000000000000000000 ) ) ;
#2731 = CARTESIAN_POINT ( 'NONE',  ( -5.129311544189858907, 4.329388372975644828, 0.000000000000000000 ) ) ;
#2732 = DIRECTION ( 'NONE',  ( -1.000000000000000000, 0.000000000000000000, 0.000000000000000000 ) ) ;
#2733 = CARTESIAN_POINT ( 'NONE',  ( -5.402134146341398768, 0.9715651570585241981, 0.000000000000000000 ) ) ;
#2734 = CARTESIAN_POINT ( 'NONE',  ( 2.868703234703881222, 4.148806800501021463, -8.131516293641283255E-17 ) ) ;
#2735 = CARTESIAN_POINT ( 'NONE',  ( -1.060005893120057774, 4.034419757517220262, -2.710505431213761085E-17 ) ) ;
#2736 = B_SPLINE_CURVE_WITH_KNOTS ( 'NONE', 3,
 ( #4955, #7691, #6877, #756, #6201, #89, #8279, #2353, #6466, #4499, #3023 ),
 .UNSPECIFIED., .F., .F.,
 ( 4, 1, 1, 1, 1, 1, 1, 1, 4 ),
 ( 0.000000000000000000, 0.1222020368948565500, 0.2443133511840884509, 0.3669809016294530157, 0.4893201903970504918, 0.6134452485454970905, 0.7399580073612760378, 0.8686347220504687661, 0.9999999999999998890 ),
 .UNSPECIFIED. ) ;
#2737 = CARTESIAN_POINT ( 'NONE',  ( -5.241035167712008835, 4.335906813877492105, -0.1999999999999999833 ) ) ;
#2738 = EDGE_CURVE ( 'NONE', #7197, #4705, #8722, .T. ) ;
#2739 = VERTEX_POINT ( 'NONE', #1994 ) ;
#2740 = EDGE_CURVE ( 'NONE', #8441, #5445, #4717, .T. ) ;
#2741 = ORIENTED_EDGE ( 'NONE', *, *, #4304, .T. ) ;
#2742 = CARTESIAN_POINT ( 'NONE',  ( 12.90000000000000213, 14.20133359925599414, -14.69999999999998863 ) ) ;
#2743 = CARTESIAN_POINT ( 'NONE',  ( 6.879450486378557272, 1.942992058381624698, -0.2000000000000000111 ) ) ;
#2744 = DIRECTION ( 'NONE',  ( -1.000000000000000000, -7.885106708985496922E-16, -0.000000000000000000 ) ) ;
#2745 = CARTESIAN_POINT ( 'NONE',  ( -6.501970990207547096, 1.625484009847741218, -0.2000000000000000111 ) ) ;
#2746 = DIRECTION ( 'NONE',  ( 0.000000000000000000, 1.000000000000000000, 0.000000000000000000 ) ) ;
#2747 = CARTESIAN_POINT ( 'NONE',  ( -4.894537725921159321, 1.031135400469056274, -0.1999999999999999556 ) ) ;
#2748 = ORIENTED_EDGE ( 'NONE', *, *, #5599, .T. ) ;
#2749 = EDGE_CURVE ( 'NONE', #8523, #629, #574, .T. ) ;
#2750 = CARTESIAN_POINT ( 'NONE',  ( -4.985009339016441388, 1.010207585686209830, -0.1999999999999999833 ) ) ;
#2751 = ORIENTED_EDGE ( 'NONE', *, *, #6231, .F. ) ;
#2752 = CARTESIAN_POINT ( 'NONE',  ( 2.551123407919006603, 3.213500669199077286, -0.2000000000000001499 ) ) ;
#2753 = LINE ( 'NONE', #3426, #3348 ) ;
#2754 = DIRECTION ( 'NONE',  ( -0.000000000000000000, -0.000000000000000000, 1.000000000000000000 ) ) ;
#2755 = CARTESIAN_POINT ( 'NONE',  ( -0.8240783704643577234, 2.189794896137515323, -8.131516293641283255E-17 ) ) ;
#2756 = DIRECTION ( 'NONE',  ( 0.000000000000000000, -0.000000000000000000, -1.000000000000000000 ) ) ;
#2757 = VERTEX_POINT ( 'NONE', #2795 ) ;
#2758 = EDGE_CURVE ( 'NONE', #4322, #4860, #742, .T. ) ;
#2759 = ORIENTED_EDGE ( 'NONE', *, *, #3995, .T. ) ;
#2760 = ORIENTED_EDGE ( 'NONE', *, *, #7766, .F. ) ;
#2761 = CARTESIAN_POINT ( 'NONE',  ( -2.239024390243838258, 2.093516376570719206, 0.000000000000000000 ) ) ;
#2762 = CARTESIAN_POINT ( 'NONE',  ( 2.148702874086961589, 3.066317372066226454, -0.2000000000000000111 ) ) ;
#2763 = CARTESIAN_POINT ( 'NONE',  ( -5.129311544189858907, 4.329388372975644828, 0.000000000000000000 ) ) ;
#2764 = CARTESIAN_POINT ( 'NONE',  ( 10.20000000000000639, -8.800000000000006040, -1.000000000000000000 ) ) ;
#2765 = CARTESIAN_POINT ( 'NONE',  ( 2.834146341463479768, 3.393059059497548713, 0.000000000000000000 ) ) ;
#2766 = B_SPLINE_CURVE_WITH_KNOTS ( 'NONE', 3,
 ( #3714, #7207, #5193, #1704, #1080, #5681, #8559, #7068, #2999, #6441, #7791, #4388, #8423, #899 ),
 .UNSPECIFIED., .F., .F.,
 ( 4, 2, 2, 2, 2, 2, 4 ),
 ( 0.000000000000000000, 0.0001094237473246040276, 0.0002188474946492080552, 0.0004376949892984161104, 0.0006565424839476241385, 0.0008753899785968322208, 0.001750779957193665526 ),
 .UNSPECIFIED. ) ;
#2767 = CARTESIAN_POINT ( 'NONE',  ( -8.921951219512131104, 1.930406620473158474, -0.2000000000000000111 ) ) ;
#2768 = ADVANCED_FACE ( 'NONE', ( #2917 ), #6995, .T. ) ;
#2769 = VERTEX_POINT ( 'NONE', #198 ) ;
#2770 = ORIENTED_EDGE ( 'NONE', *, *, #4787, .T. ) ;
#2771 = DIRECTION ( 'NONE',  ( -1.000000000000000000, 0.000000000000000000, -0.000000000000000000 ) ) ;
#2772 = CARTESIAN_POINT ( 'NONE',  ( -0.8574656964166389450, 0.3608892397684140829, -0.2000000000000000111 ) ) ;
#2773 = CARTESIAN_POINT ( 'NONE',  ( 0.3947116578313550339, 2.343523804987352577, -0.2000000000000000666 ) ) ;
#2774 = CARTESIAN_POINT ( 'NONE',  ( -4.950279387200705372, 3.567389204242767509, -6.776263578034401480E-17 ) ) ;
#2775 = CARTESIAN_POINT ( 'NONE',  ( 8.411753555706741992, -5.822408242112043553, 0.000000000000000000 ) ) ;
#2776 = DIRECTION ( 'NONE',  ( 0.000000000000000000, 0.000000000000000000, -1.000000000000000000 ) ) ;
#2777 = DIRECTION ( 'NONE',  ( 0.000000000000000000, 0.000000000000000000, -1.000000000000000000 ) ) ;
#2778 = VECTOR ( 'NONE', #7715, 1000.000000000000000 ) ;
#2779 = CARTESIAN_POINT ( 'NONE',  ( 0.3938644332002065873, 2.119113902292020679, 0.000000000000000000 ) ) ;
#2780 = VERTEX_POINT ( 'NONE', #8343 ) ;
#2781 = ORIENTED_EDGE ( 'NONE', *, *, #1580, .F. ) ;
#2782 = AXIS2_PLACEMENT_3D ( 'NONE', #8186, #5487, #4106 ) ;
#2783 = CARTESIAN_POINT ( 'NONE',  ( -0.7244228204496969692, 3.182205001511613673, -0.2000000000000000389 ) ) ;
#2784 = AXIS2_PLACEMENT_3D ( 'NONE', #8267, #705, #8217 ) ;
#2785 = CARTESIAN_POINT ( 'NONE',  ( -9.029367350710593598, 0.3476998528558994384, 0.000000000000000000 ) ) ;
#2786 = CARTESIAN_POINT ( 'NONE',  ( 2.646340597180960152, 3.263497242317961344, 0.000000000000000000 ) ) ;
#2787 = CARTESIAN_POINT ( 'NONE',  ( -6.300141379158974431, 1.325361508627000529, -0.2000000000000000111 ) ) ;
#2788 = APPROVAL ( #7720, '未指定' ) ;
#2789 = FACE_OUTER_BOUND ( 'NONE', #8631, .T. ) ;
#2790 = EDGE_CURVE ( 'NONE', #4430, #5497, #4981, .T. ) ;
#2791 = FACE_BOUND ( 'NONE', #8768, .T. ) ;
#2792 = VECTOR ( 'NONE', #4414, 1000.000000000000000 ) ;
#2793 = VECTOR ( 'NONE', #3754, 1000.000000000000000 ) ;
#2794 = ORIENTED_EDGE ( 'NONE', *, *, #8040, .T. ) ;
#2795 = CARTESIAN_POINT ( 'NONE',  ( -8.921951219512131104, 1.930406620473158474, -0.2000000000000000111 ) ) ;
#2796 = DIRECTION ( 'NONE',  ( 0.000000000000000000, -1.000000000000000000, 0.000000000000000000 ) ) ;
#2797 = VECTOR ( 'NONE', #1623, 1000.000000000000000 ) ;
#2798 = VECTOR ( 'NONE', #6051, 1000.000000000000000 ) ;
#2799 = CARTESIAN_POINT ( 'NONE',  ( 2.697775155109327638, 3.294049677730220171, -0.2000000000000001221 ) ) ;
#2800 = DIRECTION ( 'NONE',  ( 0.000000000000000000, 0.000000000000000000, 1.000000000000000000 ) ) ;
#2801 = CARTESIAN_POINT ( 'NONE',  ( 0.9631691513697511198, 3.696598559463699196, -0.2000000000000000666 ) ) ;
#2802 = CARTESIAN_POINT ( 'NONE',  ( 0.3890364478340873622, 0.3725950251995903129, -0.2000000000000000111 ) ) ;
#2803 = DATE_AND_TIME ( #4897, #4251 ) ;
#2804 = CARTESIAN_POINT ( 'NONE',  ( 2.800912819326998537, 3.366763750850696457, -2.710505431213759852E-17 ) ) ;
#2805 = ADVANCED_FACE ( 'NONE', ( #2255 ), #119, .F. ) ;
#2806 = CIRCLE ( 'NONE', #6364, 1.749999999999999778 ) ;
#2807 = VECTOR ( 'NONE', #5427, 1000.000000000000000 ) ;
#2809 = ORIENTED_EDGE ( 'NONE', *, *, #1063, .F. ) ;
#2808 = B_SPLINE_CURVE_WITH_KNOTS ( 'NONE', 3,
 ( #1157, #7148, #8494, #1828, #2356, #5087, #1018, #5136, #7826, #1688, #1062, #3786, #3124, #6521, #5842, #8587, #6232, #8341, #2124 ),
 .UNSPECIFIED., .F., .F.,
 ( 4, 1, 1, 1, 1, 1, 1, 1, 1, 1, 1, 1, 1, 1, 1, 1, 4 ),
 ( 0.000000000000000000, 0.07175375926813115646, 0.1393909924837705983, 0.2030344755155327752, 0.2635310560276033498, 0.3212453635144004727, 0.3771585236287912091, 0.4316593045743027379, 0.4861564579143984322, 0.5411023275322932591, 0.5973517966565862203, 0.6554587021051085927, 0.7167481245134883494, 0.7812726903770246256, 0.8497413636913838664, 0.9226339300657615539, 1.000000000000000000 ),
 .UNSPECIFIED. ) ;
#2810 = ORIENTED_EDGE ( 'NONE', *, *, #4817, .T. ) ;
#2811 = VERTEX_POINT ( 'NONE', #4850 ) ;
#2812 = CARTESIAN_POINT ( 'NONE',  ( -9.790282824204604495, 8.800525230557134648, 0.000000000000000000 ) ) ;
#2813 = CARTESIAN_POINT ( 'NONE',  ( 1.222683011185237811, 2.196918019643889775, -2.710505431213755538E-17 ) ) ;
#2814 = CARTESIAN_POINT ( 'NONE',  ( -5.405945121951154952, 4.337418815595110111, -0.2000000000000000111 ) ) ;
#2815 = AXIS2_PLACEMENT_3D ( 'NONE', #7741, #1479, #6983 ) ;
#2816 = CARTESIAN_POINT ( 'NONE',  ( 12.89999999999999858, -14.19999999999999929, -12.94999999999998863 ) ) ;
#2817 = FACE_BOUND ( 'NONE', #5435, .T. ) ;
#2818 = VECTOR ( 'NONE', #8789, 1000.000000000000000 ) ;
#2819 = VERTEX_POINT ( 'NONE', #6362 ) ;
#2820 = ORIENTED_EDGE ( 'NONE', *, *, #6008, .F. ) ;
#2821 = DIRECTION ( 'NONE',  ( 0.000000000000000000, 0.000000000000000000, -1.000000000000000000 ) ) ;
#2822 = CARTESIAN_POINT ( 'NONE',  ( -1.633805830134214654, 1.764164239121326361, 0.000000000000000000 ) ) ;
#2823 = LINE ( 'NONE', #3535, #2922 ) ;
#2824 = CARTESIAN_POINT ( 'NONE',  ( 2.654891400808621071, 4.028706239839205949, -2.710505431213761701E-17 ) ) ;
#2825 = EDGE_CURVE ( 'NONE', #3618, #6611, #2433, .T. ) ;
#2826 = PLANE ( 'NONE',  #4210 ) ;
#2827 = CARTESIAN_POINT ( 'NONE',  ( -0.5004446804749497213, 4.307452154668538036, -0.2000000000000000111 ) ) ;
#2828 = CARTESIAN_POINT ( 'NONE',  ( -8.961910824399838660, 0.3719350619595683805, -2.710505431213764167E-17 ) ) ;
#2829 = ORIENTED_EDGE ( 'NONE', *, *, #5483, .F. ) ;
#2830 = ORIENTED_EDGE ( 'NONE', *, *, #427, .F. ) ;
#2831 = CARTESIAN_POINT ( 'NONE',  ( -0.2382621951218868994, 0.2398578399853534548, -2.710505431213761085E-17 ) ) ;
#2832 = CARTESIAN_POINT ( 'NONE',  ( -8.505614675370360089, 0.6832072066844232516, 0.000000000000000000 ) ) ;
#2833 = DIRECTION ( 'NONE',  ( 0.000000000000000000, 0.000000000000000000, -1.000000000000000000 ) ) ;
#2834 = CARTESIAN_POINT ( 'NONE',  ( -10.48292682926822827, 4.288638327790232019, -0.2000000000000000111 ) ) ;
#2835 = CARTESIAN_POINT ( 'NONE',  ( 0.3093970491810222323, 4.269939733261096215, -8.131516293641283255E-17 ) ) ;
#2836 = DIRECTION ( 'NONE',  ( 0.000000000000000000, -1.000000000000000000, 0.000000000000000000 ) ) ;
#2837 = ORIENTED_EDGE ( 'NONE', *, *, #3540, .F. ) ;
#2838 = CARTESIAN_POINT ( 'NONE',  ( -10.48292682926822827, 4.288638327790232019, -0.2000000000000000111 ) ) ;
#2839 = EDGE_CURVE ( 'NONE', #4768, #2485, #6314, .T. ) ;
#2840 = VERTEX_POINT ( 'NONE', #6187 ) ;
#2841 = CARTESIAN_POINT ( 'NONE',  ( 6.227808503120348504, -8.113779781068901187, -0.2000000000000000111 ) ) ;
#2842 = LINE ( 'NONE', #5566, #7785 ) ;
#2843 = FACE_OUTER_BOUND ( 'NONE', #5885, .T. ) ;
#2844 = LINE ( 'NONE', #8348, #4091 ) ;
#2845 = LINE ( 'NONE', #2133, #7647 ) ;
#2846 = VERTEX_POINT ( 'NONE', #5563 ) ;
#2847 = ORIENTED_EDGE ( 'NONE', *, *, #1223, .T. ) ;
#2848 = LINE ( 'NONE', #4737, #4657 ) ;
#2849 = EDGE_CURVE ( 'NONE', #3937, #1217, #4891, .T. ) ;
#2850 = VERTEX_POINT ( 'NONE', #6903 ) ;
#2851 = LINE ( 'NONE', #7639, #4344 ) ;
#2852 = CARTESIAN_POINT ( 'NONE',  ( 0.3444709571893614375, 0.3485594354431831299, -2.710505431213761085E-17 ) ) ;
#2853 = CARTESIAN_POINT ( 'NONE',  ( -9.981585871856548664, 0.2462436325573443274, -6.776263578034402713E-17 ) ) ;
#2854 = LINE ( 'NONE', #5578, #5673 ) ;
#2855 = CARTESIAN_POINT ( 'NONE',  ( 0.06651306725887237703, 3.615912087738197389, 0.000000000000000000 ) ) ;
#2856 = ORIENTED_EDGE ( 'NONE', *, *, #8331, .F. ) ;
#2857 = EDGE_CURVE ( 'NONE', #1949, #7482, #908, .T. ) ;
#2858 = EDGE_LOOP ( 'NONE', ( #8698, #6209, #2253, #711, #42, #5268, #6245, #2216, #6266, #8668, #4042, #7013 ) ) ;
#2859 = PLANE ( 'NONE',  #532 ) ;
#2860 = CARTESIAN_POINT ( 'NONE',  ( -0.7181811756050868745, 0.3063799479609574106, -0.2000000000000000111 ) ) ;
#2861 = CARTESIAN_POINT ( 'NONE',  ( -0.1932926829267649360, 3.703272474131695358, -0.2000000000000000111 ) ) ;
#2862 = CARTESIAN_POINT ( 'NONE',  ( -0.2382621951218869272, 0.2398578399853534826, -0.2000000000000000111 ) ) ;
#2863 = DIRECTION ( 'NONE',  ( -1.000000000000000000, 0.000000000000000000, 0.000000000000000000 ) ) ;
#2864 = CARTESIAN_POINT ( 'NONE',  ( -0.1227475004351675919, 3.700508118555857706, 0.000000000000000000 ) ) ;
#2865 = CARTESIAN_POINT ( 'NONE',  ( -7.109465794777176662, 3.526465457044302809, -2.710505431213761085E-17 ) ) ;
#2866 = ORIENTED_EDGE ( 'NONE', *, *, #169, .F. ) ;
#2867 = VERTEX_POINT ( 'NONE', #6275 ) ;
#2868 = EDGE_CURVE ( 'NONE', #4483, #7219, #2126, .T. ) ;
#2869 = CARTESIAN_POINT ( 'NONE',  ( 17.80000000000000426, 13.20133359925599059, -16.50000000000000000 ) ) ;
#2870 = CARTESIAN_POINT ( 'NONE',  ( 2.026603984165249450, 3.037212153332074394, -0.2000000000000000111 ) ) ;
#2871 = DIRECTION ( 'NONE',  ( -0.000000000000000000, 0.000000000000000000, -1.000000000000000000 ) ) ;
#2872 = FACE_OUTER_BOUND ( 'NONE', #3332, .T. ) ;
#2873 = FACE_OUTER_BOUND ( 'NONE', #5103, .T. ) ;
#2874 = CARTESIAN_POINT ( 'NONE',  ( -4.470729613323554119, 1.195893622612791640, 8.131516293641283255E-17 ) ) ;
#2875 = EDGE_LOOP ( 'NONE', ( #2283, #752, #1832, #3902 ) ) ;
#2876 = DIRECTION ( 'NONE',  ( 0.000000000000000000, 0.000000000000000000, -1.000000000000000000 ) ) ;
#2877 = CARTESIAN_POINT ( 'NONE',  ( -4.434146341463349295, 4.184979791204865407, -0.1000000000000000056 ) ) ;
#2878 = LINE ( 'NONE', #870, #6213 ) ;
#2879 = CARTESIAN_POINT ( 'NONE',  ( 1.093548437171509402, 3.379586696782075794, -0.2000000000000000111 ) ) ;
#2880 = CARTESIAN_POINT ( 'NONE',  ( 0.004398430518902840883, 4.333518992288737159, -5.421010862427522170E-17 ) ) ;
#2881 = CARTESIAN_POINT ( 'NONE',  ( -0.06846024424707573830, 0.2444387586551611258, 0.000000000000000000 ) ) ;
#2882 = FACE_OUTER_BOUND ( 'NONE', #4463, .T. ) ;
#2883 = VERTEX_POINT ( 'NONE', #3552 ) ;
#2884 = FACE_OUTER_BOUND ( 'NONE', #2195, .T. ) ;
#2885 = VERTEX_POINT ( 'NONE', #3632 ) ;
#2886 = CARTESIAN_POINT ( 'NONE',  ( -18.39999999999999503, 0.000000000000000000, -16.50000000000000000 ) ) ;
#2887 = CARTESIAN_POINT ( 'NONE',  ( 0.6467581566204828603, 0.5433454953702384627, -6.776263578034401480E-17 ) ) ;
#2888 = CARTESIAN_POINT ( 'NONE',  ( -4.755504394257282108, 4.279096580841416753, 0.000000000000000000 ) ) ;
#2889 = DIRECTION ( 'NONE',  ( 0.000000000000000000, 0.000000000000000000, 1.000000000000000000 ) ) ;
#2890 = ADVANCED_FACE ( 'NONE', ( #1452 ), #7346, .T. ) ;
#2891 = CARTESIAN_POINT ( 'NONE',  ( -5.561432926829203538, 0.2398578399853534548, -0.2000000000000000111 ) ) ;
#2892 = B_SPLINE_CURVE_WITH_KNOTS ( 'NONE', 3,
 ( #324, #3676, #995, #3547, #2329, #1572, #5595, #4212, #4340, #6445, #4258, #5058, #7073, #862 ),
 .UNSPECIFIED., .F., .F.,
 ( 4, 2, 2, 2, 2, 2, 4 ),
 ( 0.000000000000000000, 0.0008304106152679685852, 0.001038013269084961084, 0.001245615922901953474, 0.001453218576718946081, 0.001557019903627442168, 0.001660821230535938255 ),
 .UNSPECIFIED. ) ;
#2893 = EDGE_CURVE ( 'NONE', #2568, #2728, #1001, .T. ) ;
#2894 = EDGE_LOOP ( 'NONE', ( #4195, #6569, #2676, #6452, #5866, #1254, #3212, #2471, #7006, #5455, #6942, #1366, #743, #1255, #7831, #7754, #5065, #1481, #753, #1669, #8622, #1241 ) ) ;
#2895 = ORIENTED_EDGE ( 'NONE', *, *, #134, .F. ) ;
#2896 = DIRECTION ( 'NONE',  ( 1.000000000000000000, -0.000000000000000000, 0.000000000000000000 ) ) ;
#2897 = CARTESIAN_POINT ( 'NONE',  ( -8.921951219512131104, 1.930406620473158474, -5.421010862427522170E-17 ) ) ;
#2898 = LINE ( 'NONE', #182, #7941 ) ;
#2899 = CARTESIAN_POINT ( 'NONE',  ( 3.450126666700006339, -13.69999999999999929, 0.000000000000000000 ) ) ;
#2900 = CARTESIAN_POINT ( 'NONE',  ( -6.629268292682862551, 2.265772474131694914, -8.131516293641283255E-17 ) ) ;
#2901 = FACE_OUTER_BOUND ( 'NONE', #6844, .T. ) ;
#2902 = ADVANCED_FACE ( 'NONE', ( #5162 ), #3861, .F. ) ;
#2903 = FACE_OUTER_BOUND ( 'NONE', #6126, .T. ) ;
#2904 = ORIENTED_EDGE ( 'NONE', *, *, #7029, .T. ) ;
#2905 = ORIENTED_EDGE ( 'NONE', *, *, #4970, .F. ) ;
#2906 = DIRECTION ( 'NONE',  ( 0.000000000000000000, 0.000000000000000000, -1.000000000000000000 ) ) ;
#2907 = CARTESIAN_POINT ( 'NONE',  ( 2.531869429840653662, 3.204651138334718041, 0.000000000000000000 ) ) ;
#2908 = VECTOR ( 'NONE', #6979, 1000.000000000000000 ) ;
#2909 = DIRECTION ( 'NONE',  ( 0.000000000000000000, -1.000000000000000000, 0.000000000000000000 ) ) ;
#2910 = CARTESIAN_POINT ( 'NONE',  ( -7.649873333299994194, -8.198666400744007987, 0.000000000000000000 ) ) ;
#2911 = CARTESIAN_POINT ( 'NONE',  ( -1.266006803609373010, 0.6820948954514469698, -1.084202172485504187E-16 ) ) ;
#2912 = EDGE_CURVE ( 'NONE', #3751, #2139, #5826, .T. ) ;
#2913 = DIRECTION ( 'NONE',  ( 9.745637505487682231E-17, 1.000000000000000000, 0.000000000000000000 ) ) ;
#2914 = B_SPLINE_CURVE_WITH_KNOTS ( 'NONE', 3,
 ( #3381, #7588, #6189, #8855, #6149, #73, #2752, #5477, #2799, #8266, #4852, #6906 ),
 .UNSPECIFIED., .F., .F.,
 ( 4, 2, 2, 2, 2, 4 ),
 ( 0.000000000000000000, 0.0002528003418134084886, 0.0005056006836268169772, 0.0007584010254402255742, 0.0008848011963469292222, 0.001011201367253632870 ),
 .UNSPECIFIED. ) ;
#2915 = AXIS2_PLACEMENT_3D ( 'NONE', #1188, #5915, #6637 ) ;
#2916 = VERTEX_POINT ( 'NONE', #7174 ) ;
#2917 = FACE_OUTER_BOUND ( 'NONE', #2360, .T. ) ;
#2918 = CARTESIAN_POINT ( 'NONE',  ( -3.751219512195057337, 2.093516376570719206, 0.000000000000000000 ) ) ;
#2919 = CARTESIAN_POINT ( 'NONE',  ( -0.03577016574826566431, 0.9066614848129102011, 5.421010862427520321E-17 ) ) ;
#2920 = CARTESIAN_POINT ( 'NONE',  ( -5.271575515814032720, 0.9737373350679641160, -0.2000000000000000111 ) ) ;
#2921 = CARTESIAN_POINT ( 'NONE',  ( 1.205582179028375611, 2.785703454749715924, -0.2000000000000000666 ) ) ;
#2922 = VECTOR ( 'NONE', #7569, 1000.000000000000000 ) ;
#2923 = DIRECTION ( 'NONE',  ( 9.745637505487680998E-17, 1.000000000000000000, -0.000000000000000000 ) ) ;
#2924 = CARTESIAN_POINT ( 'NONE',  ( 0.3386187379590953062, 1.544422781668753242, -1.084202172485504434E-16 ) ) ;
#2925 = AXIS2_PLACEMENT_3D ( 'NONE', #3973, #2543, #1292 ) ;
#2926 = ADVANCED_FACE ( 'NONE', ( #7805 ), #5344, .T. ) ;
#2927 = ORIENTED_EDGE ( 'NONE', *, *, #4849, .F. ) ;
#2928 = VECTOR ( 'NONE', #747, 1000.000000000000000 ) ;
#2929 = LINE ( 'NONE', #3521, #8236 ) ;
#2930 = VECTOR ( 'NONE', #6967, 1000.000000000000000 ) ;
#2931 = ORIENTED_EDGE ( 'NONE', *, *, #8115, .F. ) ;
#2932 = DIRECTION ( 'NONE',  ( -1.000000000000000000, 0.000000000000000000, 0.000000000000000000 ) ) ;
#2933 = DIRECTION ( 'NONE',  ( 1.000000000000000000, -0.000000000000000000, -0.000000000000000000 ) ) ;
#2934 = CARTESIAN_POINT ( 'NONE',  ( -4.796811348701718991, 0.3192985148002455142, 0.000000000000000000 ) ) ;
#2935 = CARTESIAN_POINT ( 'NONE',  ( -12.79999999999992966, -13.20000000000002771, -1.000000000000000000 ) ) ;
#2936 = DIRECTION ( 'NONE',  ( -1.000000000000000000, 9.745637505487682231E-17, 0.000000000000000000 ) ) ;
#2937 = AXIS2_PLACEMENT_3D ( 'NONE', #1636, #263, #3782 ) ;
#2938 = LINE ( 'NONE', #4370, #112 ) ;
#2939 = CIRCLE ( 'NONE', #5088, 2.000000000000000000 ) ;
#2940 = ORIENTED_EDGE ( 'NONE', *, *, #4314, .F. ) ;
#2941 = ORIENTED_EDGE ( 'NONE', *, *, #667, .T. ) ;
#2942 = ORIENTED_EDGE ( 'NONE', *, *, #4706, .F. ) ;
#2943 = AXIS2_PLACEMENT_3D ( 'NONE', #4977, #3587, #285 ) ;
#2944 = CARTESIAN_POINT ( 'NONE',  ( 0.8516563563381877033, 0.7812411473737569390, -0.2000000000000000111 ) ) ;
#2945 = EDGE_CURVE ( 'NONE', #8588, #8098, #1094, .T. ) ;
#2946 = CARTESIAN_POINT ( 'NONE',  ( -7.021860094213312919, 3.635494341631932969, -0.2000000000000000111 ) ) ;
#2947 = FACE_OUTER_BOUND ( 'NONE', #4045, .T. ) ;
#2948 = LINE ( 'NONE', #6299, #2678 ) ;
#2949 = CARTESIAN_POINT ( 'NONE',  ( -6.548154050610231813, 1.740024081501859055, -8.131516293641283255E-17 ) ) ;
#2950 = CARTESIAN_POINT ( 'NONE',  ( 3.700000000000005507, -5.198666400744006211, -8.800000000000002487 ) ) ;
#2951 = CARTESIAN_POINT ( 'NONE',  ( -7.507317073170667321, 2.204034669253646328, -2.710505431213761085E-17 ) ) ;
#2952 = AXIS2_PLACEMENT_3D ( 'NONE', #1733, #5884, #2492 ) ;
#2953 = EDGE_LOOP ( 'NONE', ( #859, #1912, #4245, #4830 ) ) ;
#2955 = ORIENTED_EDGE ( 'NONE', *, *, #7512, .T. ) ;
#2954 = CARTESIAN_POINT ( 'NONE',  ( -0.5679289771500417583, 0.2680391185987531233, 0.000000000000000000 ) ) ;
#2956 = DIRECTION ( 'NONE',  ( -0.000000000000000000, -0.000000000000000000, 1.000000000000000000 ) ) ;
#2957 = CARTESIAN_POINT ( 'NONE',  ( 11.99999999999999822, -14.19999999999999929, -14.69999999999998863 ) ) ;
#2958 = EDGE_CURVE ( 'NONE', #2220, #6164, #2473, .T. ) ;
#2959 = CARTESIAN_POINT ( 'NONE',  ( -9.755030487804813077, 0.2398578399853534548, 0.000000000000000000 ) ) ;
#2960 = VECTOR ( 'NONE', #5990, 1000.000000000000000 ) ;
#2961 = DIRECTION ( 'NONE',  ( 0.000000000000000000, 0.000000000000000000, 1.000000000000000000 ) ) ;
#2962 = CARTESIAN_POINT ( 'NONE',  ( -5.537528093392332096, 0.9742816644487641842, -0.2000000000000000111 ) ) ;
#2963 = CYLINDRICAL_SURFACE ( 'NONE', #4665, 2.000000000000000000 ) ;
#2964 = CARTESIAN_POINT ( 'NONE',  ( -4.434146341463349295, 0.4494614985219388403, -0.2000000000000000111 ) ) ;
#2965 = CC_DESIGN_APPROVAL ( #2788, ( #6969 ) ) ;
#2966 = VERTEX_POINT ( 'NONE', #2570 ) ;
#2967 = CARTESIAN_POINT ( 'NONE',  ( -4.434146341463349295, 3.361809059497548713, -0.2000000000000000111 ) ) ;
#2968 = EDGE_CURVE ( 'NONE', #2220, #885, #4035, .T. ) ;
#2969 = CARTESIAN_POINT ( 'NONE',  ( -5.823321667437157956, 0.2480641370445155758, -0.2000000000000001221 ) ) ;
#2970 = B_SPLINE_CURVE_WITH_KNOTS ( 'NONE', 3,
 ( #4831, #723, #1519, #8241, #180, #6929, #4870, #8364, #1559, #810, #6258, #5545, #3442, #4155, #3572, #8285, #6210, #7523, #98 ),
 .UNSPECIFIED., .F., .F.,
 ( 4, 1, 1, 1, 1, 1, 1, 1, 1, 1, 1, 1, 1, 1, 1, 1, 4 ),
 ( 0.000000000000000000, 0.07175375926813115646, 0.1393909924837705983, 0.2030344755155327752, 0.2635310560276033498, 0.3212453635144004727, 0.3771585236287912091, 0.4316593045743027379, 0.4861564579143984322, 0.5411023275322932591, 0.5973517966565862203, 0.6554587021051085927, 0.7167481245134883494, 0.7812726903770246256, 0.8497413636913838664, 0.9226339300657615539, 1.000000000000000000 ),
 .UNSPECIFIED. ) ;
#2971 = CARTESIAN_POINT ( 'NONE',  ( 1.335282306001077362E-15, 13.70133359925599237, -2.000000000000000000 ) ) ;
#2972 = CARTESIAN_POINT ( 'NONE',  ( 1.140400384935355671, 3.197032784547516382, -0.2000000000000000111 ) ) ;
#2973 = CARTESIAN_POINT ( 'NONE',  ( 1.223420402541916641, 2.398421121527638977, -0.2000000000000000666 ) ) ;
#2974 = CARTESIAN_POINT ( 'NONE',  ( 12.40000000000000391, -9.200000000000001066, 0.000000000000000000 ) ) ;
#2975 = CARTESIAN_POINT ( 'NONE',  ( 0.3113681871429824777, 1.428637705890950516, -1.084202172485504434E-16 ) ) ;
#2976 = EDGE_LOOP ( 'NONE', ( #6711, #2905, #7257, #6256 ) ) ;
#2977 = DIRECTION ( 'NONE',  ( 0.000000000000000000, 1.000000000000000000, 0.000000000000000000 ) ) ;
#2978 = EDGE_CURVE ( 'NONE', #988, #3464, #1575, .T. ) ;
#2979 = ORIENTED_EDGE ( 'NONE', *, *, #8246, .F. ) ;
#2980 = DIRECTION ( 'NONE',  ( 0.000000000000000000, -1.000000000000000000, 0.000000000000000000 ) ) ;
#2981 = CARTESIAN_POINT ( 'NONE',  ( -0.9360591183575263097, 4.128229574016330616, -5.421010862427522170E-17 ) ) ;
#2982 = LINE ( 'NONE', #3737, #2080 ) ;
#2983 = CARTESIAN_POINT ( 'NONE',  ( 6.227808503120348504, -6.581476711740719132, -0.2000000000000000111 ) ) ;
#2984 = CARTESIAN_POINT ( 'NONE',  ( -0.4626100998283211863, 4.313028175248690310, -1.084202172485504187E-16 ) ) ;
#2985 = CARTESIAN_POINT ( 'NONE',  ( 8.411753555706741992, -6.581476711740719132, -0.2000000000000000111 ) ) ;
#2986 = VERTEX_POINT ( 'NONE', #2611 ) ;
#2987 = ORIENTED_EDGE ( 'NONE', *, *, #1233, .F. ) ;
#2988 = ORIENTED_EDGE ( 'NONE', *, *, #7016, .T. ) ;
#2989 = CARTESIAN_POINT ( 'NONE',  ( -10.48238978939407851, 1.926829018557159490, -0.2000000000000000389 ) ) ;
#2990 = CARTESIAN_POINT ( 'NONE',  ( -8.741645480615513719, 0.4875346560185919720, -2.710505431213761085E-17 ) ) ;
#2991 = CARTESIAN_POINT ( 'NONE',  ( -6.503293746776239281, 1.609080929744614252, -0.2000000000000000666 ) ) ;
#2992 = CARTESIAN_POINT ( 'NONE',  ( -1.103374805958261096, 0.5163547833102929419, -1.084202172485504434E-16 ) ) ;
#2993 = LINE ( 'NONE', #2237, #6669 ) ;
#2994 = CARTESIAN_POINT ( 'NONE',  ( 6.227808503120348504, -6.581476711740719132, -0.2000000000000000111 ) ) ;
#2995 = EDGE_CURVE ( 'NONE', #49, #7818, #6914, .T. ) ;
#2996 = ORIENTED_EDGE ( 'NONE', *, *, #7044, .T. ) ;
#2998 = VERTEX_POINT ( 'NONE', #1984 ) ;
#2997 = CARTESIAN_POINT ( 'NONE',  ( -10.37446226449583264, 1.360757283638088122, -1.626303258728256651E-16 ) ) ;
#2999 = CARTESIAN_POINT ( 'NONE',  ( -0.6473400542181293460, 3.386013707196636080, -6.776263578034405178E-17 ) ) ;
#3000 = CARTESIAN_POINT ( 'NONE',  ( -8.323500753678422015, 0.9360442124809076336, -2.710505431213761085E-17 ) ) ;
#3001 = CARTESIAN_POINT ( 'NONE',  ( -5.776286897450116697, 0.2443922204487160021, -2.710505431213761085E-17 ) ) ;
#3002 = CARTESIAN_POINT ( 'NONE',  ( -9.755030487804813077, 0.2398578399853534548, -0.1999999999999999278 ) ) ;
#3003 = DIRECTION ( 'NONE',  ( 0.000000000000000000, 0.000000000000000000, 1.000000000000000000 ) ) ;
#3004 = CARTESIAN_POINT ( 'NONE',  ( -0.8574656964166389450, 0.3608892397684140829, -0.2000000000000000111 ) ) ;
#3005 = LINE ( 'NONE', #5687, #5249 ) ;
#3006 = EDGE_CURVE ( 'NONE', #7014, #6335, #6665, .T. ) ;
#3007 = EDGE_CURVE ( 'NONE', #931, #8496, #3367, .T. ) ;
#3008 = ORIENTED_EDGE ( 'NONE', *, *, #6175, .T. ) ;
#3009 = ORIENTED_EDGE ( 'NONE', *, *, #8476, .F. ) ;
#3010 = CARTESIAN_POINT ( 'NONE',  ( 2.868703234703881222, 4.148806800501021463, 0.000000000000000000 ) ) ;
#3011 = FACE_OUTER_BOUND ( 'NONE', #5128, .T. ) ;
#3012 = PLANE ( 'NONE',  #7370 ) ;
#3013 = CARTESIAN_POINT ( 'NONE',  ( -5.402134146341398768, 0.9715651570585241981, -2.710505431213761085E-17 ) ) ;
#3014 = CARTESIAN_POINT ( 'NONE',  ( -10.17661312753618574, 1.110215362912155390, -0.2000000000000000111 ) ) ;
#3015 = CARTESIAN_POINT ( 'NONE',  ( -0.7401918136406229198, 1.412166488874921910, -8.131516293641283255E-17 ) ) ;
#3016 = CARTESIAN_POINT ( 'NONE',  ( 0.2468294835563919210, 1.228829681267505247, -1.084202172485504434E-16 ) ) ;
#3017 = EDGE_CURVE ( 'NONE', #3974, #7381, #7483, .T. ) ;
#3018 = ORIENTED_EDGE ( 'NONE', *, *, #6904, .F. ) ;
#3019 = CARTESIAN_POINT ( 'NONE',  ( 0.000000000000000000, 0.000000000000000000, -1.000000000000000000 ) ) ;
#3020 = EDGE_LOOP ( 'NONE', ( #8009, #6022, #5833, #2077 ) ) ;
#3021 = DIRECTION ( 'NONE',  ( 0.000000000000000000, 0.000000000000000000, 1.000000000000000000 ) ) ;
#3022 = DIRECTION ( 'NONE',  ( 0.000000000000000000, 0.000000000000000000, 1.000000000000000000 ) ) ;
#3023 = CARTESIAN_POINT ( 'NONE',  ( -5.348018292682861663, 3.605711498521939173, 0.000000000000000000 ) ) ;
#3024 = CARTESIAN_POINT ( 'NONE',  ( -6.300141379158974431, 1.325361508627000529, 0.000000000000000000 ) ) ;
#3025 = CARTESIAN_POINT ( 'NONE',  ( -0.6389546625592439355, 4.272710371838495114, -1.084202172485504434E-16 ) ) ;
#3026 = DIRECTION ( 'NONE',  ( -0.000000000000000000, -1.000000000000000000, -0.000000000000000000 ) ) ;
#3027 = ADVANCED_FACE ( 'NONE', ( #4618 ), #6044, .F. ) ;
#3028 = EDGE_LOOP ( 'NONE', ( #6732, #8791, #7688, #2362 ) ) ;
#3029 = VERTEX_POINT ( 'NONE', #5384 ) ;
#3030 = EDGE_LOOP ( 'NONE', ( #1643, #6106, #5554, #5748, #542, #7430, #1627, #5785, #8656, #3825 ) ) ;
#3031 = CARTESIAN_POINT ( 'NONE',  ( -0.06846024424707573830, 0.2444387586551611258, -0.2000000000000000111 ) ) ;
#3032 = CARTESIAN_POINT ( 'NONE',  ( -2.239024390243838258, 2.093516376570719206, -0.2000000000000000111 ) ) ;
#3033 = CARTESIAN_POINT ( 'NONE',  ( -6.582277454154921159, 1.847998813832683718, -0.2000000000000001776 ) ) ;
#3034 = CARTESIAN_POINT ( 'NONE',  ( 0.3951219512195770500, 2.286351742424377775, -0.2000000000000000111 ) ) ;
#3035 = CARTESIAN_POINT ( 'NONE',  ( 0.1190366581657901351, 3.564527628796186676, 0.000000000000000000 ) ) ;
#3036 = EDGE_CURVE ( 'NONE', #5160, #5474, #6093, .T. ) ;
#3037 = FACE_OUTER_BOUND ( 'NONE', #4292, .T. ) ;
#3038 = ORIENTED_EDGE ( 'NONE', *, *, #7628, .F. ) ;
#3040 = VERTEX_POINT ( 'NONE', #8165 ) ;
#3039 = CARTESIAN_POINT ( 'NONE',  ( -9.962908525449838848, 1.004703383055651988, -1.626303258728256651E-16 ) ) ;
#3041 = CARTESIAN_POINT ( 'NONE',  ( -9.516333612878847603, 0.9854551004417508864, 0.000000000000000000 ) ) ;
#3042 = CARTESIAN_POINT ( 'NONE',  ( -8.406941205763459379, 0.8020652634605823783, -2.710505431213761085E-17 ) ) ;
#3043 = CARTESIAN_POINT ( 'NONE',  ( -6.363561201046620930, 0.3700928086928896299, -0.2000000000000000666 ) ) ;
#3044 = CARTESIAN_POINT ( 'NONE',  ( -7.505644855690353445, 2.280596166447613093, 0.000000000000000000 ) ) ;
#3045 = DIRECTION ( 'NONE',  ( 0.000000000000000000, 1.000000000000000000, -0.000000000000000000 ) ) ;
#3046 = CARTESIAN_POINT ( 'NONE',  ( -9.790282824204604495, 8.800525230557134648, -1.000000000000000000 ) ) ;
#3047 = CARTESIAN_POINT ( 'NONE',  ( -1.652395695865296776, 2.109063380198658244, -2.710505431213762934E-17 ) ) ;
#3048 = CARTESIAN_POINT ( 'NONE',  ( -5.504761471134832718, 0.2403551385968781540, -2.710505431213761085E-17 ) ) ;
#3049 = B_SPLINE_SURFACE_WITH_KNOTS ( 'NONE', 3, 1, ( 
 ( #4801, #3459 ),
 ( #115, #1989 ),
 ( #4172, #5432 ),
 ( #2031, #4712 ),
 ( #7489, #2835 ),
 ( #6183, #8299 ),
 ( #825, #1321 ),
 ( #4886, #6768 ),
 ( #698, #8259 ),
 ( #6098, #7582 ),
 ( #2073, #7623 ),
 ( #3419, #6143 ),
 ( #6048, #5517 ),
 ( #7542, #8799 ),
 ( #2660, #26 ),
 ( #1448, #7751 ),
 ( #5113, #7848 ),
 ( #4260, #8339 ),
 ( #1711, #8384 ) ),
 .UNSPECIFIED., .F., .F., .F.,
 ( 4, 1, 1, 1, 1, 1, 1, 1, 1, 1, 1, 1, 1, 1, 1, 1, 4 ),
 ( 2, 2 ),
 ( 0.000000000000000000, 0.06034108550852539804, 0.1174195266180198399, 0.1716573403064713121, 0.2243705417318092032, 0.2757896563073491958, 0.3271934383480816222, 0.3793108132230596508, 0.4334044840500690388, 0.4896982384588869364, 0.5492711507178545949, 0.6125455515278684926, 0.6800022589254623995, 0.7522771727263297681, 0.8296272071942670800, 0.9120267737507785633, 0.9999999999999998890 ),
 ( 0.000000000000000000, 1.000000000000000000 ),
 .UNSPECIFIED. ) ;
#3050 = ORIENTED_EDGE ( 'NONE', *, *, #5790, .T. ) ;
#3051 = ORIENTED_EDGE ( 'NONE', *, *, #6649, .F. ) ;
#3052 = CARTESIAN_POINT ( 'NONE',  ( -11.33840397423987767, 1.571290755688086849, -0.2000000000000000111 ) ) ;
#3053 = CARTESIAN_POINT ( 'NONE',  ( 0.1286942552267931750, 4.314437999696126624, -2.710505431213761085E-17 ) ) ;
#3054 = EDGE_CURVE ( 'NONE', #4686, #7776, #1357, .T. ) ;
#3055 = EDGE_CURVE ( 'NONE', #5877, #4079, #8219, .T. ) ;
#3056 = CARTESIAN_POINT ( 'NONE',  ( -0.2092987804877405600, 0.8740041814487682359, -2.710505431213761085E-17 ) ) ;
#3057 = CARTESIAN_POINT ( 'NONE',  ( 1.032671066569559093, 3.545473332629561103, -0.2000000000000000111 ) ) ;
#3058 = CARTESIAN_POINT ( 'NONE',  ( -10.23529808402058272, 1.161477309912591238, -0.2000000000000000111 ) ) ;
#3059 = CARTESIAN_POINT ( 'NONE',  ( -0.2342902252327031254, 0.8749608421907660860, -8.131516293641283255E-17 ) ) ;
#3060 = CARTESIAN_POINT ( 'NONE',  ( 0.2468294835563919210, 1.228829681267505247, -0.2000000000000001221 ) ) ;
#3061 = VECTOR ( 'NONE', #2538, 1000.000000000000000 ) ;
#3062 = ORIENTED_EDGE ( 'NONE', *, *, #3826, .F. ) ;
#3063 = B_SPLINE_CURVE_WITH_KNOTS ( 'NONE', 3,
 ( #8819, #7293, #8688, #3169, #8771, #6067, #7971, #1296, #6024, #1833, #5888, #2630, #4555, #4597, #4016, #8100, #7334, #6742, #6118 ),
 .UNSPECIFIED., .F., .F.,
 ( 4, 1, 1, 1, 1, 1, 1, 1, 1, 1, 1, 1, 1, 1, 1, 1, 4 ),
 ( 0.000000000000000000, 0.06829530759195533152, 0.1338722888349734574, 0.1972425717034613224, 0.2590429956733958372, 0.3197453833583545069, 0.3798670893547900773, 0.4405902187777475110, 0.5021001118074178704, 0.5635464641333052249, 0.6239891921254723250, 0.6838667489231174956, 0.7441336168292124187, 0.8051451265305925586, 0.8676797404855067786, 0.9326108213592779750, 1.000000000000000000 ),
 .UNSPECIFIED. ) ;
#3064 = DIRECTION ( 'NONE',  ( -0.000000000000000000, 0.000000000000000000, -1.000000000000000000 ) ) ;
#3065 = ORIENTED_EDGE ( 'NONE', *, *, #4556, .F. ) ;
#3066 = VECTOR ( 'NONE', #344, 1000.000000000000000 ) ;
#3067 = DIRECTION ( 'NONE',  ( 0.000000000000000000, 0.000000000000000000, -1.000000000000000000 ) ) ;
#3068 = VECTOR ( 'NONE', #5293, 1000.000000000000000 ) ;
#3069 = EDGE_CURVE ( 'NONE', #1963, #4462, #8378, .T. ) ;
#3070 = PLANE ( 'NONE',  #8506 ) ;
#3071 = DIRECTION ( 'NONE',  ( -1.000000000000000000, 9.745637505487682231E-17, -0.000000000000000000 ) ) ;
#3072 = CYLINDRICAL_SURFACE ( 'NONE', #7955, 2.000000000000000000 ) ;
#3073 = CARTESIAN_POINT ( 'NONE',  ( -7.505644855690353445, 2.280596166447613093, -0.2000000000000000666 ) ) ;
#3074 = FACE_BOUND ( 'NONE', #2638, .T. ) ;
#3075 = AXIS2_PLACEMENT_3D ( 'NONE', #7514, #6836, #1512 ) ;
#3076 = AXIS2_PLACEMENT_3D ( 'NONE', #6549, #5118, #5910 ) ;
#3077 = ORIENTED_EDGE ( 'NONE', *, *, #2683, .T. ) ;
#3078 = ORIENTED_EDGE ( 'NONE', *, *, #3455, .T. ) ;
#3079 = EDGE_LOOP ( 'NONE', ( #3912, #6157, #8362, #2770, #1032, #86, #6496, #8462, #1644, #2941 ) ) ;
#3080 = CARTESIAN_POINT ( 'NONE',  ( -9.696341463414569262, 0.9715651570585241981, -0.2000000000000000389 ) ) ;
#3081 = EDGE_CURVE ( 'NONE', #3600, #8696, #5593, .T. ) ;
#3082 = CARTESIAN_POINT ( 'NONE',  ( -9.368796295572385802, 0.2654152763807768323, -0.2000000000000000111 ) ) ;
#3083 = CARTESIAN_POINT ( 'NONE',  ( 10.20000000000000639, -9.200000000000002842, -1.000000000000000000 ) ) ;
#3084 = VECTOR ( 'NONE', #4844, 1000.000000000000000 ) ;
#3085 = AXIS2_PLACEMENT_3D ( 'NONE', #1367, #6773, #8133 ) ;
#3086 = CARTESIAN_POINT ( 'NONE',  ( 2.654891400808621071, 4.028706239839205949, -0.2000000000000000666 ) ) ;
#3087 = FACE_OUTER_BOUND ( 'NONE', #1962, .T. ) ;
#3088 = DIRECTION ( 'NONE',  ( 1.000000000000000000, 0.000000000000000000, 0.000000000000000000 ) ) ;
#3089 = AXIS2_PLACEMENT_3D ( 'NONE', #1879, #1699, #4426 ) ;
#3090 = ORIENTED_EDGE ( 'NONE', *, *, #5737, .F. ) ;
#3091 = CARTESIAN_POINT ( 'NONE',  ( -9.696341463414569262, 0.9715651570585241981, -0.2000000000000000111 ) ) ;
#3092 = CARTESIAN_POINT ( 'NONE',  ( -9.165190260387808152, 1.153964883111322504, 0.000000000000000000 ) ) ;
#3093 = CARTESIAN_POINT ( 'NONE',  ( -0.06742146760268061256, 0.8941700604263919105, -2.710505431213761085E-17 ) ) ;
#3094 = EDGE_CURVE ( 'NONE', #4453, #7269, #1530, .T. ) ;
#3095 = CARTESIAN_POINT ( 'NONE',  ( -6.536142879292138552, 0.4464403647917239426, -2.710505431213761085E-17 ) ) ;
#3096 = CARTESIAN_POINT ( 'NONE',  ( -6.248585042796056754, 4.191376369876468999, 0.000000000000000000 ) ) ;
#3097 = CARTESIAN_POINT ( 'NONE',  ( -18.39999999999999503, -15.69999999999999929, -1.000000000000000000 ) ) ;
#3098 = CARTESIAN_POINT ( 'NONE',  ( 3.450126666700005451, -11.69999999999999929, -1.063508326896289935 ) ) ;
#3099 = VECTOR ( 'NONE', #6072, 1000.000000000000000 ) ;
#3100 = CARTESIAN_POINT ( 'NONE',  ( -7.505644855690353445, 2.280596166447613093, -0.000000000000000000 ) ) ;
#3101 = DIRECTION ( 'NONE',  ( 9.745637505487684696E-17, 1.000000000000000000, -0.000000000000000000 ) ) ;
#3102 = ORIENTED_EDGE ( 'NONE', *, *, #3860, .T. ) ;
#3103 = ORIENTED_EDGE ( 'NONE', *, *, #6140, .F. ) ;
#3104 = AXIS2_PLACEMENT_3D ( 'NONE', #4586, #2486, #6016 ) ;
#3105 = CARTESIAN_POINT ( 'NONE',  ( -11.26358787540228157, 1.217540110525502151, 2.710505431213761085E-17 ) ) ;
#3106 = CARTESIAN_POINT ( 'NONE',  ( -0.1045370830242268456, 4.336095015182955592, -0.000000000000000000 ) ) ;
#3107 = CARTESIAN_POINT ( 'NONE',  ( 0.9398192795238327069, 0.9239421215141241372, -2.710505431213761085E-17 ) ) ;
#3108 = CARTESIAN_POINT ( 'NONE',  ( -0.2092987804877405322, 0.8740041814487681249, -0.2000000000000000111 ) ) ;
#3109 = DIRECTION ( 'NONE',  ( 0.000000000000000000, 0.000000000000000000, -1.000000000000000000 ) ) ;
#3110 = FACE_OUTER_BOUND ( 'NONE', #7873, .T. ) ;
#3111 = CARTESIAN_POINT ( 'NONE',  ( -0.2092987804877405600, 0.8740041814487682359, -1.084202172485504434E-16 ) ) ;
#3112 = APPLICATION_CONTEXT ( 'configuration controlled 3d designs of mechanical parts and assemblies' ) ;
#3113 = ORIENTED_EDGE ( 'NONE', *, *, #2375, .F. ) ;
#3114 = EDGE_CURVE ( 'NONE', #6116, #1116, #8335, .T. ) ;
#3115 = PLANE ( 'NONE',  #4935 ) ;
#3116 = ORIENTED_EDGE ( 'NONE', *, *, #8419, .T. ) ;
#3117 = CARTESIAN_POINT ( 'NONE',  ( -6.210301764194109175, 0.3187356498828793350, -6.776263578034402713E-17 ) ) ;
#3118 = CARTESIAN_POINT ( 'NONE',  ( -0.5004446804749497213, 4.307452154668538036, -0.2000000000000000666 ) ) ;
#3119 = CARTESIAN_POINT ( 'NONE',  ( 17.80000000000000426, 15.70133359925599059, -16.50000000000000000 ) ) ;
#3120 = DIRECTION ( 'NONE',  ( 0.000000000000000000, -1.000000000000000000, 0.000000000000000000 ) ) ;
#3121 = CARTESIAN_POINT ( 'NONE',  ( -0.2215642619159186033, 4.335823254181682351, -2.710505431213761701E-17 ) ) ;
#3122 = CARTESIAN_POINT ( 'NONE',  ( 6.227808503120347616, 1.942992058381624698, -0.2000000000000000111 ) ) ;
#3123 = B_SPLINE_CURVE_WITH_KNOTS ( 'NONE', 3,
 ( #1988, #1361, #4799, #25, #1319, #6182, #2745, #5470, #8208, #2787, #2249, #5769, #4976, #7669, #2290, #2330, #2962, #7709, #6991 ),
 .UNSPECIFIED., .F., .F.,
 ( 4, 1, 1, 1, 1, 1, 1, 1, 1, 1, 1, 1, 1, 1, 1, 1, 4 ),
 ( 0.000000000000000000, 0.07086112574917732831, 0.1383124640173554742, 0.2032189764373685537, 0.2657490617238897901, 0.3270669237149356756, 0.3870310498381561715, 0.4467903704422743760, 0.5067174200227059222, 0.5664431383071758530, 0.6252945533122903354, 0.6837425618851836751, 0.7432240956556641631, 0.8035767442794587989, 0.8665011575630729990, 0.9317876460249041592, 1.000000000000000000 ),
 .UNSPECIFIED. ) ;
#3124 = CARTESIAN_POINT ( 'NONE',  ( -11.20773671052623044, 1.060771382164628740, 0.000000000000000000 ) ) ;
#3125 = EDGE_LOOP ( 'NONE', ( #1892, #1970, #1680, #4552 ) ) ;
#3126 = ADVANCED_FACE ( 'NONE', ( #4973 ), #4127, .F. ) ;
#3127 = ORIENTED_EDGE ( 'NONE', *, *, #2740, .F. ) ;
#3128 = ORIENTED_EDGE ( 'NONE', *, *, #7158, .T. ) ;
#3129 = CARTESIAN_POINT ( 'NONE',  ( -10.17661312753618574, 1.110215362912155390, -0.2000000000000000389 ) ) ;
#3130 = CARTESIAN_POINT ( 'NONE',  ( -8.616594354346842621, 0.5777645614044693012, -0.2000000000000000111 ) ) ;
#3131 = CARTESIAN_POINT ( 'NONE',  ( -6.627432579341621555, 2.181518067806610617, -0.2000000000000001221 ) ) ;
#3132 = FACE_OUTER_BOUND ( 'NONE', #3030, .T. ) ;
#3133 = CARTESIAN_POINT ( 'NONE',  ( -5.267975843770867250, 3.604346277860093650, -0.2000000000000000111 ) ) ;
#3134 = CARTESIAN_POINT ( 'NONE',  ( -0.1605182926828624679, 4.337418815595110111, -0.2000000000000000389 ) ) ;
#3135 = EDGE_CURVE ( 'NONE', #6023, #1020, #152, .T. ) ;
#3136 = EDGE_LOOP ( 'NONE', ( #7149, #8710 ) ) ;
#3137 = CARTESIAN_POINT ( 'NONE',  ( -0.7181811756050868745, 0.3063799479609574106, 0.000000000000000000 ) ) ;
#3138 = CARTESIAN_POINT ( 'NONE',  ( -9.114204594632152379, 1.211424157955395930, 0.000000000000000000 ) ) ;
#3139 = CARTESIAN_POINT ( 'NONE',  ( -8.092682926829203538, 2.020345644863402068, -2.710505431213761085E-17 ) ) ;
#3140 = CARTESIAN_POINT ( 'NONE',  ( -5.983449432093749465, 0.2699462609432312643, -2.710505431213761085E-17 ) ) ;
#3141 = CARTESIAN_POINT ( 'NONE',  ( -3.751219512195057337, 1.508150522912182989, 0.000000000000000000 ) ) ;
#3142 = PLANE ( 'NONE',  #231 ) ;
#3143 = DIRECTION ( 'NONE',  ( 1.000000000000000000, -0.000000000000000000, 0.000000000000000000 ) ) ;
#3144 = DIRECTION ( 'NONE',  ( -1.000000000000000000, -0.000000000000000000, -0.000000000000000000 ) ) ;
#3145 = CARTESIAN_POINT ( 'NONE',  ( -0.4090999778195409387, 3.654060772601384066, -0.2000000000000000111 ) ) ;
#3146 = EDGE_CURVE ( 'NONE', #4153, #5486, #7024, .T. ) ;
#3147 = ORIENTED_EDGE ( 'NONE', *, *, #4348, .F. ) ;
#3148 = ORIENTED_EDGE ( 'NONE', *, *, #7756, .F. ) ;
#3149 = CARTESIAN_POINT ( 'NONE',  ( 2.414717516674715014, 3.913276413418994792, 0.000000000000000000 ) ) ;
#3150 = CARTESIAN_POINT ( 'NONE',  ( -9.604274437222224847, 0.9735056200454613728, -5.421010862427522170E-17 ) ) ;
#3151 = CARTESIAN_POINT ( 'NONE',  ( 0.5215035226706558058, 0.4479422813820100879, -2.710505431213761085E-17 ) ) ;
#3152 = CARTESIAN_POINT ( 'NONE',  ( -4.894537725921159321, 1.031135400469056274, -0.2000000000000000111 ) ) ;
#3153 = DIRECTION ( 'NONE',  ( -1.000000000000000000, 0.000000000000000000, 0.000000000000000000 ) ) ;
#3154 = CARTESIAN_POINT ( 'NONE',  ( -6.191426585693163176, 3.322818683960520936, 0.000000000000000000 ) ) ;
#3155 = LINE ( 'NONE', #8666, #6648 ) ;
#3156 = ORIENTED_EDGE ( 'NONE', *, *, #2968, .F. ) ;
#3157 = CARTESIAN_POINT ( 'NONE',  ( 1.209717175795394839, 11.20133359925599237, -1.000000000000000000 ) ) ;
#3158 = VERTEX_POINT ( 'NONE', #2957 ) ;
#3159 = CARTESIAN_POINT ( 'NONE',  ( -6.230570474569564254, 3.288579073259072061, -0.2000000000000000111 ) ) ;
#3160 = CARTESIAN_POINT ( 'NONE',  ( -0.7643602845820210989, 3.011058600752143821, 2.710505431213761085E-17 ) ) ;
#3161 = CARTESIAN_POINT ( 'NONE',  ( -5.986255008525100507, 3.463146054101460258, -0.1999999999999999833 ) ) ;
#3162 = CARTESIAN_POINT ( 'NONE',  ( -0.2342902252327031254, 0.8749608421907660860, -0.2000000000000000111 ) ) ;
#3163 = CARTESIAN_POINT ( 'NONE',  ( 1.224390243902504727, 2.316839547302426805, -2.710505431213761085E-17 ) ) ;
#3164 = CARTESIAN_POINT ( 'NONE',  ( -4.434146341463349295, 3.361809059497548713, 0.000000000000000000 ) ) ;
#3165 = PLANE ( 'NONE',  #2952 ) ;
#3166 = ORIENTED_EDGE ( 'NONE', *, *, #3554, .T. ) ;
#3167 = ORIENTED_EDGE ( 'NONE', *, *, #1547, .F. ) ;
#3168 = VERTEX_POINT ( 'NONE', #6179 ) ;
#3169 = CARTESIAN_POINT ( 'NONE',  ( -7.474158419418107435, 2.650294637957060218, -0.2000000000000000111 ) ) ;
#3170 = DIRECTION ( 'NONE',  ( 0.000000000000000000, 1.000000000000000000, 0.000000000000000000 ) ) ;
#3171 = LINE ( 'NONE', #3083, #7365 ) ;
#3172 = APPROVAL ( #7682, '未指定' ) ;
#3173 = CARTESIAN_POINT ( 'NONE',  ( -5.623514761011790597, 3.585193404641508597, -0.2000000000000000111 ) ) ;
#3174 = EDGE_CURVE ( 'NONE', #4923, #3751, #2067, .T. ) ;
#3175 = CARTESIAN_POINT ( 'NONE',  ( 6.879450486378559049, -8.113779781068901187, -0.2000000000000000111 ) ) ;
#3176 = CARTESIAN_POINT ( 'NONE',  ( -1.304201789678303358, 3.753120995236364443, -0.2000000000000000666 ) ) ;
#3177 = ORIENTED_EDGE ( 'NONE', *, *, #7054, .T. ) ;
#3178 = FACE_OUTER_BOUND ( 'NONE', #5231, .T. ) ;
#3179 = ORIENTED_EDGE ( 'NONE', *, *, #5580, .F. ) ;
#3180 = CARTESIAN_POINT ( 'NONE',  ( -8.092682926829203538, 2.020345644863402068, -0.2000000000000000111 ) ) ;
#3181 = CARTESIAN_POINT ( 'NONE',  ( 0.8097587253808854468, 0.7200888841399814000, -0.2000000000000000944 ) ) ;
#3182 = CARTESIAN_POINT ( 'NONE',  ( -6.922848869674990802, 3.742100163286586234, 0.000000000000000000 ) ) ;
#3183 = ADVANCED_FACE ( 'NONE', ( #62 ), #8254, .F. ) ;
#3184 = CARTESIAN_POINT ( 'NONE',  ( -11.33840397423987767, 1.571290755688086849, 8.131516293641283255E-17 ) ) ;
#3185 = DIRECTION ( 'NONE',  ( -1.314118068661268379E-16, -1.000000000000000000, 0.000000000000000000 ) ) ;
#3186 = CARTESIAN_POINT ( 'NONE',  ( -6.434059622845379245, 4.107881649833385218, 0.000000000000000000 ) ) ;
#3187 = CARTESIAN_POINT ( 'NONE',  ( -0.7643602845820210989, 3.011058600752143821, -0.2000000000000000111 ) ) ;
#3188 = EDGE_LOOP ( 'NONE', ( #4960, #6913, #7053, #7638 ) ) ;
#3189 = EDGE_LOOP ( 'NONE', ( #5553, #3431, #4879, #3430 ) ) ;
#3190 = CARTESIAN_POINT ( 'NONE',  ( -10.60168433958061662, 0.4056644166881634428, 2.710505431213761085E-17 ) ) ;
#3191 = CARTESIAN_POINT ( 'NONE',  ( 0.6857142043570166878, 4.054950014612479059, 0.000000000000000000 ) ) ;
#3192 = EDGE_CURVE ( 'NONE', #7292, #8420, #860, .T. ) ;
#3193 = CARTESIAN_POINT ( 'NONE',  ( 1.223243178938615339, 2.236266007794919464, -0.2000000000000000389 ) ) ;
#3194 = FACE_OUTER_BOUND ( 'NONE', #3020, .T. ) ;
#3195 = CARTESIAN_POINT ( 'NONE',  ( -5.017272537761087392, 1.004509028991982023, -0.2000000000000000111 ) ) ;
#3196 = CARTESIAN_POINT ( 'NONE',  ( 1.203142486982355930, 1.852006401344536313, 0.000000000000000000 ) ) ;
#3197 = CARTESIAN_POINT ( 'NONE',  ( -4.434146341463349295, 4.184979791204865407, -2.710505431213761085E-17 ) ) ;
#3198 = ORIENTED_EDGE ( 'NONE', *, *, #8264, .T. ) ;
#3199 = LINE ( 'NONE', #5788, #656 ) ;
#3200 = ORIENTED_EDGE ( 'NONE', *, *, #5483, .T. ) ;
#3201 = ADVANCED_FACE ( 'NONE', ( #6895 ), #6224, .T. ) ;
#3202 = CARTESIAN_POINT ( 'NONE',  ( -5.823321667437157956, 0.2480641370445155758, -1.084202172485504311E-16 ) ) ;
#3203 = CARTESIAN_POINT ( 'NONE',  ( -0.8038219242361133166, 2.737136786722114579, -0.2000000000000000944 ) ) ;
#3204 = CARTESIAN_POINT ( 'NONE',  ( -5.395323056358876102, 3.604458188797093676, 2.710505431213761085E-17 ) ) ;
#3205 = DIRECTION ( 'NONE',  ( 0.000000000000000000, 1.000000000000000000, 0.000000000000000000 ) ) ;
#3206 = CARTESIAN_POINT ( 'NONE',  ( -4.535730129441681413, 4.222484783328210867, -0.2000000000000000111 ) ) ;
#3207 = CARTESIAN_POINT ( 'NONE',  ( -6.300141379158974431, 1.325361508627000529, -8.131516293641283255E-17 ) ) ;
#3208 = ORIENTED_EDGE ( 'NONE', *, *, #589, .F. ) ;
#3209 = VECTOR ( 'NONE', #6138, 1000.000000000000000 ) ;
#3210 = ORIENTED_EDGE ( 'NONE', *, *, #1628, .T. ) ;
#3211 = AXIS2_PLACEMENT_3D ( 'NONE', #6326, #7727, #1592 ) ;
#3212 = ORIENTED_EDGE ( 'NONE', *, *, #6332, .T. ) ;
#3213 = CARTESIAN_POINT ( 'NONE',  ( 6.227808503120348504, -4.290105172783861498, 5.332894443888950065 ) ) ;
#3214 = DIRECTION ( 'NONE',  ( 0.000000000000000000, 0.000000000000000000, -1.000000000000000000 ) ) ;
#3215 = FACE_OUTER_BOUND ( 'NONE', #6222, .T. ) ;
#3216 = CARTESIAN_POINT ( 'NONE',  ( -6.543529618315411689, 2.806547661223617318, -0.2000000000000000111 ) ) ;
#3217 = VECTOR ( 'NONE', #63, 1000.000000000000000 ) ;
#3218 = CARTESIAN_POINT ( 'NONE',  ( 6.700000000000003730, 0.0006667996279938886994, -7.799999999999998934 ) ) ;
#3219 = AXIS2_PLACEMENT_3D ( 'NONE', #4250, #7914, #3577 ) ;
#3220 = CARTESIAN_POINT ( 'NONE',  ( -1.653658536585301375, 2.224613937546329634, -0.2000000000000000389 ) ) ;
#3221 = ORIENTED_EDGE ( 'NONE', *, *, #5874, .F. ) ;
#3222 = EDGE_CURVE ( 'NONE', #529, #7303, #110, .T. ) ;
#3223 = CARTESIAN_POINT ( 'NONE',  ( -0.1932926829267649083, 3.703272474131694914, -0.2000000000000000111 ) ) ;
#3224 = ORIENTED_EDGE ( 'NONE', *, *, #8736, .T. ) ;
#3225 = VECTOR ( 'NONE', #1675, 1000.000000000000000 ) ;
#3226 = CARTESIAN_POINT ( 'NONE',  ( -8.878645238981889065, 0.4098949918497432621, -0.2000000000000000111 ) ) ;
#3227 = AXIS2_PLACEMENT_3D ( 'NONE', #5655, #2265, #7687 ) ;
#3228 = CARTESIAN_POINT ( 'NONE',  ( 3.450126666700005895, -13.20000000000002771, -0.9999999999999978906 ) ) ;
#3229 = CARTESIAN_POINT ( 'NONE',  ( -6.607982830583155831, 4.003651371574882489, -0.2000000000000000111 ) ) ;
#3230 = CARTESIAN_POINT ( 'NONE',  ( -11.30801209514899419, 1.387598482277768941, -0.1999999999999999278 ) ) ;
#3231 = CARTESIAN_POINT ( 'NONE',  ( 3.663414634146407334, 4.337418815595110111, -0.2000000000000000111 ) ) ;
#3232 = CARTESIAN_POINT ( 'NONE',  ( -18.39999999999999147, 13.20133359925599414, -16.50000000000000000 ) ) ;
#3233 = DIRECTION ( 'NONE',  ( -0.000000000000000000, 1.000000000000000000, -0.000000000000000000 ) ) ;
#3234 = VECTOR ( 'NONE', #398, 1000.000000000000000 ) ;
#3235 = VECTOR ( 'NONE', #3393, 1000.000000000000000 ) ;
#3236 = ORIENTED_EDGE ( 'NONE', *, *, #1404, .T. ) ;
#3237 = ADVANCED_FACE ( 'NONE', ( #8295 ), #3987, .T. ) ;
#3238 = ORIENTED_EDGE ( 'NONE', *, *, #6748, .F. ) ;
#3239 = CARTESIAN_POINT ( 'NONE',  ( -1.060005893120057774, 4.034419757517220262, 0.000000000000000000 ) ) ;
#3240 = CARTESIAN_POINT ( 'NONE',  ( -18.39999999999999503, -8.550000000000027356, -1.000000000000000000 ) ) ;
#3241 = CARTESIAN_POINT ( 'NONE',  ( 0.9631691513697511198, 3.696598559463699196, 0.000000000000000000 ) ) ;
#3242 = AXIS2_PLACEMENT_3D ( 'NONE', #7681, #1545, #3595 ) ;
#3243 = CARTESIAN_POINT ( 'NONE',  ( -8.921951219512131104, 4.288638327790232019, 0.000000000000000000 ) ) ;
#3244 = DIRECTION ( 'NONE',  ( -0.000000000000000000, -0.000000000000000000, 1.000000000000000000 ) ) ;
#3245 = LINE ( 'NONE', #7901, #3362 ) ;
#3246 = CARTESIAN_POINT ( 'NONE',  ( -6.608829827883858421, 2.549341665430480575, -0.2000000000000000111 ) ) ;
#3247 = DIRECTION ( 'NONE',  ( 1.000000000000000000, 1.711898167082374773E-16, -0.000000000000000000 ) ) ;
#3248 = AXIS2_PLACEMENT_3D ( 'NONE', #3528, #6382, #804 ) ;
#3249 = EDGE_LOOP ( 'NONE', ( #2508, #7056, #5533, #1940, #5347, #8757, #1598 ) ) ;
#3250 = ADVANCED_FACE ( 'NONE', ( #2422 ), #1203, .T. ) ;
#3251 = CARTESIAN_POINT ( 'NONE',  ( 9.700000000000002842, 0.0006667996279938886994, -8.800000000000000711 ) ) ;
#3252 = ORIENTED_EDGE ( 'NONE', *, *, #4188, .F. ) ;
#3253 = CARTESIAN_POINT ( 'NONE',  ( 4.694324922952930912, -6.581476711740719132, 0.000000000000000000 ) ) ;
#3254 = CARTESIAN_POINT ( 'NONE',  ( -0.8243902439023734763, 2.245193205839012052, -0.2000000000000000944 ) ) ;
#3255 = CARTESIAN_POINT ( 'NONE',  ( -8.098071580893986265, 1.786450298518945878, -0.2000000000000000944 ) ) ;
#3256 = VECTOR ( 'NONE', #509, 1000.000000000000000 ) ;
#3257 = CARTESIAN_POINT ( 'NONE',  ( 1.133922300079146295, 1.438509011335515453, 0.000000000000000000 ) ) ;
#3258 = CARTESIAN_POINT ( 'NONE',  ( 17.80000000000000071, -15.69999999999999929, -16.50000000000000000 ) ) ;
#3259 = CARTESIAN_POINT ( 'NONE',  ( -5.537528093392332096, 0.9742816644487641842, -0.2000000000000000389 ) ) ;
#3260 = ORIENTED_EDGE ( 'NONE', *, *, #6738, .T. ) ;
#3261 = EDGE_CURVE ( 'NONE', #2850, #4375, #6483, .T. ) ;
#3262 = EDGE_LOOP ( 'NONE', ( #2157, #3734, #3858, #3375 ) ) ;
#3263 = VECTOR ( 'NONE', #3527, 1000.000000000000000 ) ;
#3264 = ORIENTED_EDGE ( 'NONE', *, *, #4314, .T. ) ;
#3265 = DIRECTION ( 'NONE',  ( 0.000000000000000000, 0.000000000000000000, -1.000000000000000000 ) ) ;
#3266 = DIRECTION ( 'NONE',  ( -0.000000000000000000, 0.000000000000000000, 1.000000000000000000 ) ) ;
#3267 = PLANE ( 'NONE',  #5781 ) ;
#3268 = CARTESIAN_POINT ( 'NONE',  ( -5.567493911366273807, -7.375133543765119093, -1.000000000000000000 ) ) ;
#3269 = DIRECTION ( 'NONE',  ( 0.000000000000000000, -1.000000000000000000, 0.000000000000000000 ) ) ;
#3270 = CARTESIAN_POINT ( 'NONE',  ( -0.9684580980307829767, 4.109621130251745136, -0.2000000000000000666 ) ) ;
#3271 = ORIENTED_EDGE ( 'NONE', *, *, #2096, .F. ) ;
#3272 = CARTESIAN_POINT ( 'NONE',  ( -0.7063424028929420340, 3.239737299423691930, -1.897353801849632760E-16 ) ) ;
#3273 = VERTEX_POINT ( 'NONE', #8022 ) ;
#3274 = CARTESIAN_POINT ( 'NONE',  ( -4.985009339016437835, 1.010207585686210274, 1.355252715606880543E-17 ) ) ;
#3275 = B_SPLINE_SURFACE_WITH_KNOTS ( 'NONE', 3, 1, ( 
 ( #2814, #844 ),
 ( #4906, #4238 ),
 ( #6120, #45 ),
 ( #2142, #2763 ),
 ( #8231, #2 ),
 ( #3525, #174 ),
 ( #2049, #2888 ),
 ( #2722, #5489 ),
 ( #7601, #8188 ),
 ( #3476, #1467 ),
 ( #5450, #801 ) ),
 .UNSPECIFIED., .F., .F., .F.,
 ( 4, 1, 1, 1, 1, 1, 1, 1, 4 ),
 ( 2, 2 ),
 ( 0.000000000000000000, 0.1441052970052210114, 0.2814325990691562418, 0.4137665814935421738, 0.5412633507710824521, 0.6626265699592561731, 0.7796336414154723116, 0.8920367893129650394, 1.000000000000000000 ),
 ( 0.000000000000000000, 1.000000000000000000 ),
 .UNSPECIFIED. ) ;
#3276 = CARTESIAN_POINT ( 'NONE',  ( -12.79999999999993499, -8.550000000000027356, -8.799999999999998934 ) ) ;
#3277 = DIRECTION ( 'NONE',  ( -0.000000000000000000, -0.000000000000000000, 1.000000000000000000 ) ) ;
#3278 = CARTESIAN_POINT ( 'NONE',  ( -6.213367085078353114, 1.242498310938399353, 0.000000000000000000 ) ) ;
#3279 = CARTESIAN_POINT ( 'NONE',  ( 6.879450486378559049, -6.581476711740719132, -0.2000000000000000111 ) ) ;
#3280 = DIRECTION ( 'NONE',  ( 0.000000000000000000, 1.000000000000000000, 0.000000000000000000 ) ) ;
#3281 = CARTESIAN_POINT ( 'NONE',  ( -0.4710400642505034874, 3.612564878865762275, -0.2000000000000000111 ) ) ;
#3282 = VERTEX_POINT ( 'NONE', #1885 ) ;
#3283 = ORIENTED_EDGE ( 'NONE', *, *, #3664, .F. ) ;
#3284 = CARTESIAN_POINT ( 'NONE',  ( -1.508050125035784506, 3.317728616610084558, 0.000000000000000000 ) ) ;
#3285 = CARTESIAN_POINT ( 'NONE',  ( 2.806108295498490168, 3.370874559477469834, -0.2000000000000000111 ) ) ;
#3286 = CARTESIAN_POINT ( 'NONE',  ( -17.79999999999999716, 8.850000000000040501, -1.000000000000000000 ) ) ;
#3287 = CARTESIAN_POINT ( 'NONE',  ( -4.657777741524378179, 1.107566443935680489, 0.000000000000000000 ) ) ;
#3288 = ADVANCED_FACE ( 'NONE', ( #5372 ), #7982, .T. ) ;
#3289 = CARTESIAN_POINT ( 'NONE',  ( -5.623514761011790597, 3.585193404641508597, 0.000000000000000000 ) ) ;
#3290 = ADVANCED_FACE ( 'NONE', ( #3986 ), #2689, .F. ) ;
#3291 = VERTEX_POINT ( 'NONE', #8064 ) ;
#3292 = CARTESIAN_POINT ( 'NONE',  ( -0.06742146760268061256, 0.8941700604263919105, -0.2000000000000000111 ) ) ;
#3293 = EDGE_LOOP ( 'NONE', ( #6303, #517, #3609, #2626 ) ) ;
#3294 = DIRECTION ( 'NONE',  ( 0.000000000000000000, 0.000000000000000000, -1.000000000000000000 ) ) ;
#3295 = CARTESIAN_POINT ( 'NONE',  ( -0.8240670752858110237, 2.304147015176464475, -0.2000000000000000944 ) ) ;
#3296 = CARTESIAN_POINT ( 'NONE',  ( -5.487948134091317876, 3.602004146082034008, 2.710505431213761085E-17 ) ) ;
#3297 = CARTESIAN_POINT ( 'NONE',  ( 9.700000000000004619, 13.20133359925599059, -8.800000000000000711 ) ) ;
#3298 = MECHANICAL_CONTEXT ( 'NONE', #6653, 'mechanical' ) ;
#3299 = FACE_OUTER_BOUND ( 'NONE', #3262, .T. ) ;
#3300 = EDGE_CURVE ( 'NONE', #8483, #6104, #99, .T. ) ;
#3301 = ORIENTED_EDGE ( 'NONE', *, *, #1169, .F. ) ;
#3302 = ORIENTED_EDGE ( 'NONE', *, *, #6008, .T. ) ;
#3303 = DIRECTION ( 'NONE',  ( 9.745637505487684696E-17, 1.000000000000000000, -0.000000000000000000 ) ) ;
#3304 = CARTESIAN_POINT ( 'NONE',  ( -0.3411911683238025850, 3.682212967298378548, 0.000000000000000000 ) ) ;
#3305 = CARTESIAN_POINT ( 'NONE',  ( -9.696341463414569262, 0.9715651570585241981, -2.710505431213761085E-17 ) ) ;
#3306 = DIRECTION ( 'NONE',  ( 9.745637505487684696E-17, 1.000000000000000000, -0.000000000000000000 ) ) ;
#3307 = ADVANCED_FACE ( 'NONE', ( #2015 ), #7433, .F. ) ;
#3308 = CARTESIAN_POINT ( 'NONE',  ( 0.3137657622480861108, 3.146854898740370832, -0.2000000000000000111 ) ) ;
#3309 = CARTESIAN_POINT ( 'NONE',  ( -9.433819884913322795, 1.003144443255713725, -0.2000000000000000111 ) ) ;
#3310 = VERTEX_POINT ( 'NONE', #6034 ) ;
#3311 = CARTESIAN_POINT ( 'NONE',  ( -0.6273221111811182471, 3.422787475092496035, -0.2000000000000000111 ) ) ;
#3312 = ORIENTED_EDGE ( 'NONE', *, *, #7158, .F. ) ;
#3313 = CARTESIAN_POINT ( 'NONE',  ( -9.368796295572385802, 0.2654152763807768323, -0.2000000000000000111 ) ) ;
#3314 = CARTESIAN_POINT ( 'NONE',  ( 0.3398745332983227896, 3.030452397208966087, -2.710505431213761085E-17 ) ) ;
#3315 = DIRECTION ( 'NONE',  ( -0.000000000000000000, -0.000000000000000000, 1.000000000000000000 ) ) ;
#3316 = ADVANCED_FACE ( 'NONE', ( #5997 ), #1173, .T. ) ;
#3317 = DIRECTION ( 'NONE',  ( 0.000000000000000000, 1.000000000000000000, 0.000000000000000000 ) ) ;
#3318 = CARTESIAN_POINT ( 'NONE',  ( 2.722755433379802970, 4.065551786606570239, -8.131516293641283255E-17 ) ) ;
#3319 = CARTESIAN_POINT ( 'NONE',  ( -1.172452808561761151, 3.922788550135658525, -0.2000000000000000111 ) ) ;
#3320 = DIRECTION ( 'NONE',  ( 0.000000000000000000, -0.000000000000000000, -1.000000000000000000 ) ) ;
#3321 = ORIENTED_EDGE ( 'NONE', *, *, #505, .F. ) ;
#3322 = ORIENTED_EDGE ( 'NONE', *, *, #8769, .F. ) ;
#3323 = DIRECTION ( 'NONE',  ( -0.000000000000000000, 0.000000000000000000, -1.000000000000000000 ) ) ;
#3324 = CARTESIAN_POINT ( 'NONE',  ( 2.646340597180960152, 3.263497242317961344, -0.2000000000000000111 ) ) ;
#3325 = CARTESIAN_POINT ( 'NONE',  ( 2.026603984165249450, 3.037212153332074394, 0.000000000000000000 ) ) ;
#3326 = DIRECTION ( 'NONE',  ( 0.000000000000000000, 1.000000000000000000, 0.000000000000000000 ) ) ;
#3327 = CARTESIAN_POINT ( 'NONE',  ( -5.872366918150901505, 3.514778257636546943, -0.2000000000000000111 ) ) ;
#3328 = DIRECTION ( 'NONE',  ( 0.000000000000000000, -0.000000000000000000, 1.000000000000000000 ) ) ;
#3329 = ORIENTED_EDGE ( 'NONE', *, *, #1460, .T. ) ;
#3330 = CARTESIAN_POINT ( 'NONE',  ( -7.649873333299994194, -13.20000000000000462, -8.800000000000002487 ) ) ;
#3331 = ADVANCED_FACE ( 'NONE', ( #5415 ), #8154, .F. ) ;
#3332 = EDGE_LOOP ( 'NONE', ( #1780, #3380, #4165, #5823, #7043, #6548, #5031, #7139, #8030, #5434, #8804, #7787, #405, #7520, #5454, #6986 ) ) ;
#3333 = CARTESIAN_POINT ( 'NONE',  ( -0.8243902439023734763, 2.245193205839012052, -0.2000000000000000111 ) ) ;
#3334 = CARTESIAN_POINT ( 'NONE',  ( 0.07076269335136586847, 3.617647178686454801, -0.2000000000000000389 ) ) ;
#3335 = CARTESIAN_POINT ( 'NONE',  ( -6.626716502921237151, 2.410060594501330034, -0.1999999999999999833 ) ) ;
#3336 = CARTESIAN_POINT ( 'NONE',  ( -9.689557013943554874E-16, -6.200000000000000178, 0.000000000000000000 ) ) ;
#3337 = CARTESIAN_POINT ( 'NONE',  ( -5.306071020507059366, 3.604996037120384411, 0.000000000000000000 ) ) ;
#3338 = ORIENTED_EDGE ( 'NONE', *, *, #2083, .F. ) ;
#3339 = ORIENTED_EDGE ( 'NONE', *, *, #2521, .T. ) ;
#3340 = EDGE_CURVE ( 'NONE', #1504, #2139, #2729, .T. ) ;
#3341 = ORIENTED_EDGE ( 'NONE', *, *, #1294, .T. ) ;
#3342 = CARTESIAN_POINT ( 'NONE',  ( 17.80000000000000426, -13.69999999999999929, -2.000000000000000000 ) ) ;
#3343 = CARTESIAN_POINT ( 'NONE',  ( 4.694324922952930912, -6.581476711740719132, -0.2000000000000000111 ) ) ;
#3344 = CARTESIAN_POINT ( 'NONE',  ( -9.578293292170247497, 0.9759608183119626856, -6.776263578034402713E-17 ) ) ;
#3345 = DIRECTION ( 'NONE',  ( 0.000000000000000000, 0.000000000000000000, 1.000000000000000000 ) ) ;
#3346 = CARTESIAN_POINT ( 'NONE',  ( -0.1932926829267649360, 3.703272474131695358, -0.2000000000000000111 ) ) ;
#3347 = CARTESIAN_POINT ( 'NONE',  ( -9.433819884913322795, 1.003144443255713725, 0.000000000000000000 ) ) ;
#3348 = VECTOR ( 'NONE', #5478, 1000.000000000000000 ) ;
#3349 = ORIENTED_EDGE ( 'NONE', *, *, #8477, .F. ) ;
#3350 = CARTESIAN_POINT ( 'NONE',  ( 12.40000000000000391, -9.200000000000001066, -1.000000000000000000 ) ) ;
#3351 = EDGE_CURVE ( 'NONE', #6522, #7916, #5456, .T. ) ;
#3352 = ORIENTED_EDGE ( 'NONE', *, *, #7364, .T. ) ;
#3353 = CARTESIAN_POINT ( 'NONE',  ( 6.879450486378557272, 1.942992058381624698, 5.332894443888950065 ) ) ;
#3354 = CARTESIAN_POINT ( 'NONE',  ( -5.394375108453368206, 0.2413237917613354488, -0.2000000000000000111 ) ) ;
#3355 = VECTOR ( 'NONE', #12, 1000.000000000000000 ) ;
#3356 = VECTOR ( 'NONE', #1225, 1000.000000000000000 ) ;
#3357 = CARTESIAN_POINT ( 'NONE',  ( -9.728132794451679999, 0.9722679662604762907, -0.000000000000000000 ) ) ;
#3358 = CARTESIAN_POINT ( 'NONE',  ( -6.017764309500823749, 1.107745569834587052, -0.2000000000000000111 ) ) ;
#3359 = CARTESIAN_POINT ( 'NONE',  ( 2.250997607103429665, 3.847502086415049316, -8.131516293641283255E-17 ) ) ;
#3360 = LINE ( 'NONE', #8787, #5797 ) ;
#3361 = CARTESIAN_POINT ( 'NONE',  ( -9.522861742398561091, 0.2462073286781404913, -6.776263578034403945E-17 ) ) ;
#3362 = VECTOR ( 'NONE', #3153, 1000.000000000000000 ) ;
#3363 = CIRCLE ( 'NONE', #3788, 0.8999999999999998002 ) ;
#3364 = ORIENTED_EDGE ( 'NONE', *, *, #8210, .T. ) ;
#3365 = VERTEX_POINT ( 'NONE', #4962 ) ;
#3366 = EDGE_CURVE ( 'NONE', #4375, #426, #2970, .T. ) ;
#3367 = LINE ( 'NONE', #3415, #3654 ) ;
#3368 = CARTESIAN_POINT ( 'NONE',  ( -1.499939897162255953, 1.083238533804681714, -0.2000000000000000389 ) ) ;
#3369 = DIRECTION ( 'NONE',  ( 0.000000000000000000, 1.000000000000000000, 0.000000000000000000 ) ) ;
#3370 = CARTESIAN_POINT ( 'NONE',  ( -9.296401692569189024, 1.057669224211083892, -0.2000000000000000666 ) ) ;
#3371 = VECTOR ( 'NONE', #8836, 1000.000000000000000 ) ;
#3372 = CARTESIAN_POINT ( 'NONE',  ( -1.508050125035784506, 3.317728616610084558, -0.2000000000000000111 ) ) ;
#3373 = AXIS2_PLACEMENT_3D ( 'NONE', #1306, #1218, #555 ) ;
#3374 = FACE_OUTER_BOUND ( 'NONE', #6987, .T. ) ;
#3375 = ORIENTED_EDGE ( 'NONE', *, *, #8350, .T. ) ;
#3376 = B_SPLINE_SURFACE_WITH_KNOTS ( 'NONE', 3, 1, ( 
 ( #6279, #4267 ),
 ( #6318, #201 ),
 ( #2920, #5649 ),
 ( #2258, #7717 ),
 ( #5260, #3907 ),
 ( #3152, #3958 ),
 ( #8616, #6010 ),
 ( #431, #3287 ),
 ( #2477, #6595 ),
 ( #2614, #4621 ),
 ( #5342, #7273 ) ),
 .UNSPECIFIED., .F., .F., .F.,
 ( 4, 1, 1, 1, 1, 1, 1, 1, 4 ),
 ( 2, 2 ),
 ( 0.000000000000000000, 0.1299536262759420913, 0.2580884551606643651, 0.3833762132197128802, 0.5078074606898578258, 0.6311521928200690690, 0.7539407724269783229, 0.8767107702269396619, 1.000000000000000000 ),
 ( 0.000000000000000000, 1.000000000000000000 ),
 .UNSPECIFIED. ) ;
#3377 = CIRCLE ( 'NONE', #2943, 2.000000000000000000 ) ;
#3378 = ORIENTED_EDGE ( 'NONE', *, *, #689, .F. ) ;
#3379 = CARTESIAN_POINT ( 'NONE',  ( -0.1367322732691983178, 0.8767032650480659495, -0.2000000000000000111 ) ) ;
#3380 = ORIENTED_EDGE ( 'NONE', *, *, #2702, .T. ) ;
#3381 = CARTESIAN_POINT ( 'NONE',  ( 1.907317073170796240, 3.020345644863402512, -0.2000000000000000111 ) ) ;
#3382 = CARTESIAN_POINT ( 'NONE',  ( -14.40000000000000213, 13.20133359925599237, -14.69999999999998863 ) ) ;
#3383 = DIRECTION ( 'NONE',  ( -0.000000000000000000, -0.000000000000000000, 1.000000000000000000 ) ) ;
#3384 = CARTESIAN_POINT ( 'NONE',  ( -0.8234743293916583218, 2.082498633170266178, -8.131516293641283255E-17 ) ) ;
#3385 = CARTESIAN_POINT ( 'NONE',  ( -4.642661237614196246, 4.253530597715828421, -0.2000000000000000111 ) ) ;
#3386 = DIRECTION ( 'NONE',  ( -1.000000000000000000, 0.000000000000000000, 0.000000000000000000 ) ) ;
#3387 = AXIS2_PLACEMENT_3D ( 'NONE', #5675, #3708, #7658 ) ;
#3388 = EDGE_CURVE ( 'NONE', #5368, #7839, #8, .T. ) ;
#3389 = ORIENTED_EDGE ( 'NONE', *, *, #2320, .F. ) ;
#3390 = ORIENTED_EDGE ( 'NONE', *, *, #1537, .T. ) ;
#3391 = ORIENTED_EDGE ( 'NONE', *, *, #5366, .T. ) ;
#3392 = VECTOR ( 'NONE', #7924, 1000.000000000000000 ) ;
#3393 = DIRECTION ( 'NONE',  ( -0.000000000000000000, -0.000000000000000000, 1.000000000000000000 ) ) ;
#3394 = CARTESIAN_POINT ( 'NONE',  ( 2.531869429840653662, 3.204651138334718041, -0.2000000000000000111 ) ) ;
#3395 = CARTESIAN_POINT ( 'NONE',  ( -8.976359417066609225, 1.467688010337983018, -6.776263578034402713E-17 ) ) ;
#3396 = CARTESIAN_POINT ( 'NONE',  ( 2.394587435248067386, 3.148604848161152603, -0.2000000000000000111 ) ) ;
#3397 = EDGE_CURVE ( 'NONE', #5318, #4543, #5620, .T. ) ;
#3398 = CARTESIAN_POINT ( 'NONE',  ( 0.3398745332983227896, 3.030452397208966087, 0.000000000000000000 ) ) ;
#3399 = ADVANCED_FACE ( 'NONE', ( #51 ), #2859, .T. ) ;
#3400 = CARTESIAN_POINT ( 'NONE',  ( -9.223628740046214247, 1.105367667589919778, -0.2000000000000000111 ) ) ;
#3401 = VECTOR ( 'NONE', #4367, 1000.000000000000000 ) ;
#3402 = EDGE_LOOP ( 'NONE', ( #4428, #2557, #5116, #2035 ) ) ;
#3403 = VERTEX_POINT ( 'NONE', #7650 ) ;
#3404 = DIRECTION ( 'NONE',  ( 0.000000000000000000, 0.000000000000000000, -1.000000000000000000 ) ) ;
#3405 = CARTESIAN_POINT ( 'NONE',  ( -1.103374805958261096, 0.5163547833102929419, 0.000000000000000000 ) ) ;
#3406 = CARTESIAN_POINT ( 'NONE',  ( -0.1227475004351675919, 3.700508118555857706, -0.2000000000000000666 ) ) ;
#3407 = DIRECTION ( 'NONE',  ( -0.000000000000000000, -0.000000000000000000, -1.000000000000000000 ) ) ;
#3408 = CARTESIAN_POINT ( 'NONE',  ( -5.908368125715575125, 1.058769302415399682, 0.000000000000000000 ) ) ;
#3409 = CARTESIAN_POINT ( 'NONE',  ( -10.42696627045920366, 1.489162786838018393, -0.2000000000000000389 ) ) ;
#3410 = CARTESIAN_POINT ( 'NONE',  ( 9.700000000000004619, -13.20000000000000462, -2.999999999999998668 ) ) ;
#3411 = EDGE_CURVE ( 'NONE', #4483, #4714, #7774, .T. ) ;
#3412 = DIRECTION ( 'NONE',  ( -2.891205793294756226E-16, -1.000000000000000000, 0.000000000000000000 ) ) ;
#3413 = ORIENTED_EDGE ( 'NONE', *, *, #4914, .F. ) ;
#3414 = ORIENTED_EDGE ( 'NONE', *, *, #5056, .T. ) ;
#3415 = CARTESIAN_POINT ( 'NONE',  ( 3.140548780487870673, 4.337418815595110111, 0.000000000000000000 ) ) ;
#3416 = CARTESIAN_POINT ( 'NONE',  ( 12.89999999999999858, -15.69999999999999929, -14.69999999999998863 ) ) ;
#3417 = CARTESIAN_POINT ( 'NONE',  ( -18.39999999999999503, -8.550000000000027356, -8.800000000000000711 ) ) ;
#3418 = DIRECTION ( 'NONE',  ( -1.000000000000000000, 0.000000000000000000, 0.000000000000000000 ) ) ;
#3419 = CARTESIAN_POINT ( 'NONE',  ( 1.032671066569559093, 3.545473332629561103, -0.2000000000000000111 ) ) ;
#3420 = ADVANCED_FACE ( 'NONE', ( #3481, #1472 ), #3533, .T. ) ;
#3421 = CARTESIAN_POINT ( 'NONE',  ( 1.907317073170796240, 3.020345644863402512, 0.000000000000000000 ) ) ;
#3422 = EDGE_LOOP ( 'NONE', ( #4747, #3349, #3078, #6968 ) ) ;
#3423 = CARTESIAN_POINT ( 'NONE',  ( 1.907317073170796240, 3.020345644863402512, -0.2000000000000000111 ) ) ;
#3424 = ORIENTED_EDGE ( 'NONE', *, *, #8172, .F. ) ;
#3425 = CARTESIAN_POINT ( 'NONE',  ( -0.8243902439023734763, 2.245193205839012052, 0.000000000000000000 ) ) ;
#3426 = CARTESIAN_POINT ( 'NONE',  ( -11.36097560975603216, 1.973851742424377997, -0.2000000000000000111 ) ) ;
#3427 = LINE ( 'NONE', #6151, #7226 ) ;
#3428 = CARTESIAN_POINT ( 'NONE',  ( 1.080770785618960561, 1.252941279892964666, 0.000000000000000000 ) ) ;
#3429 = LINE ( 'NONE', #37, #5784 ) ;
#3430 = ORIENTED_EDGE ( 'NONE', *, *, #6131, .T. ) ;
#3431 = ORIENTED_EDGE ( 'NONE', *, *, #3114, .F. ) ;
#3432 = ORIENTED_EDGE ( 'NONE', *, *, #5327, .T. ) ;
#3433 = LINE ( 'NONE', #2047, #3923 ) ;
#3434 = B_SPLINE_CURVE_WITH_KNOTS ( 'NONE', 3,
 ( #6367, #7135, #4985, #871, #1674, #8392, #334, #7088, #5025, #1622, #6456, #3057, #2879, #2972, #3593, #7039, #5779, #2298, #251 ),
 .UNSPECIFIED., .F., .F.,
 ( 4, 1, 1, 1, 1, 1, 1, 1, 1, 1, 1, 1, 1, 1, 1, 1, 4 ),
 ( 0.000000000000000000, 0.06034108550852539804, 0.1174195266180198399, 0.1716573403064713121, 0.2243705417318092032, 0.2757896563073491958, 0.3271934383480816222, 0.3793108132230596508, 0.4334044840500690388, 0.4896982384588869364, 0.5492711507178545949, 0.6125455515278684926, 0.6800022589254623995, 0.7522771727263297681, 0.8296272071942670800, 0.9120267737507785633, 0.9999999999999998890 ),
 .UNSPECIFIED. ) ;
#3435 = CARTESIAN_POINT ( 'NONE',  ( 11.99999999999999822, -14.20000000000000995, -14.69999999999998863 ) ) ;
#3436 = CARTESIAN_POINT ( 'NONE',  ( 2.834146341463480212, 3.393059059497549157, 0.000000000000000000 ) ) ;
#3437 = CARTESIAN_POINT ( 'NONE',  ( 2.834146341463480212, 3.393059059497549157, -0.2000000000000000111 ) ) ;
#3438 = DIRECTION ( 'NONE',  ( 1.000000000000000000, 0.000000000000000000, 0.000000000000000000 ) ) ;
#3439 = CARTESIAN_POINT ( 'NONE',  ( -8.932731115420063261, 1.707689847526860483, 0.000000000000000000 ) ) ;
#3440 = ORIENTED_EDGE ( 'NONE', *, *, #2650, .F. ) ;
#3441 = ORIENTED_EDGE ( 'NONE', *, *, #4645, .T. ) ;
#3442 = CARTESIAN_POINT ( 'NONE',  ( -11.20773671052623044, 1.060771382164628740, -0.2000000000000000111 ) ) ;
#3443 = ADVANCED_FACE ( 'NONE', ( #6978 ), #850, .T. ) ;
#3444 = ADVANCED_FACE ( 'NONE', ( #1069 ), #1600, .F. ) ;
#3445 = DIRECTION ( 'NONE',  ( -1.000000000000000000, 6.484938541143236834E-16, 0.000000000000000000 ) ) ;
#3446 = CARTESIAN_POINT ( 'NONE',  ( -18.39999999999999147, 15.70133359925599414, -2.000000000000000000 ) ) ;
#3447 = CARTESIAN_POINT ( 'NONE',  ( -5.267975843770867250, 3.604346277860093650, -2.710505431213761701E-17 ) ) ;
#3448 = CARTESIAN_POINT ( 'NONE',  ( -6.548154050610231813, 1.740024081501859055, -0.2000000000000000111 ) ) ;
#3449 = CARTESIAN_POINT ( 'NONE',  ( -9.817148117579574063, 0.9755444172086783494, -0.2000000000000000111 ) ) ;
#3450 = LINE ( 'NONE', #4031, #8251 ) ;
#3451 = CARTESIAN_POINT ( 'NONE',  ( 3.450126666700005895, -11.20000000000000107, -2.999999999999999112 ) ) ;
#3452 = ORIENTED_EDGE ( 'NONE', *, *, #8514, .T. ) ;
#3453 = ORIENTED_EDGE ( 'NONE', *, *, #4021, .F. ) ;
#3454 = CARTESIAN_POINT ( 'NONE',  ( -0.8243902439023734763, 2.245193205839012052, -0.2000000000000000389 ) ) ;
#3455 = EDGE_CURVE ( 'NONE', #7649, #8861, #4143, .T. ) ;
#3456 = CARTESIAN_POINT ( 'NONE',  ( -8.741645480615513719, 0.4875346560185919720, 0.000000000000000000 ) ) ;
#3457 = DIRECTION ( 'NONE',  ( 9.745637505487680998E-17, 1.000000000000000000, -0.000000000000000000 ) ) ;
#3458 = CARTESIAN_POINT ( 'NONE',  ( -7.507317073170667321, 2.204034669253646328, -2.710505431213761085E-17 ) ) ;
#3459 = CARTESIAN_POINT ( 'NONE',  ( -0.1605182926828624679, 4.337418815595110111, -8.131516293641283255E-17 ) ) ;
#3460 = FACE_OUTER_BOUND ( 'NONE', #8265, .T. ) ;
#3461 = EDGE_LOOP ( 'NONE', ( #7162, #61, #8851, #6843 ) ) ;
#3462 = DIRECTION ( 'NONE',  ( 1.000000000000000000, 0.000000000000000000, 0.000000000000000000 ) ) ;
#3463 = ADVANCED_FACE ( 'NONE', ( #2453 ), #2628, .F. ) ;
#3464 = VERTEX_POINT ( 'NONE', #8591 ) ;
#3465 = CARTESIAN_POINT ( 'NONE',  ( -0.8234743293916583218, 2.082498633170266178, -0.2000000000000000111 ) ) ;
#3466 = CARTESIAN_POINT ( 'NONE',  ( 2.834146341463480212, 3.393059059497549157, 0.000000000000000000 ) ) ;
#3467 = CARTESIAN_POINT ( 'NONE',  ( 0.8819663380316988821, 3.832056180932402523, -0.2000000000000000666 ) ) ;
#3468 = CARTESIAN_POINT ( 'NONE',  ( 0.7522077583110380328, 0.6536840088736454168, 0.000000000000000000 ) ) ;
#3469 = CARTESIAN_POINT ( 'NONE',  ( -7.379927826264498059, 1.401099888208406918, 0.000000000000000000 ) ) ;
#3470 = VERTEX_POINT ( 'NONE', #2679 ) ;
#3471 = ORIENTED_EDGE ( 'NONE', *, *, #4753, .F. ) ;
#3472 = EDGE_CURVE ( 'NONE', #235, #591, #8375, .T. ) ;
#3473 = ORIENTED_EDGE ( 'NONE', *, *, #5403, .T. ) ;
#3474 = PLANE ( 'NONE',  #1929 ) ;
#3475 = CARTESIAN_POINT ( 'NONE',  ( -0.0005536822917886563902, 0.2545865302140629116, 1.355252715606880851E-17 ) ) ;
#3476 = CARTESIAN_POINT ( 'NONE',  ( -4.467549704822378231, 4.197312397663100825, -0.2000000000000000111 ) ) ;
#3477 = LINE ( 'NONE', #4823, #6539 ) ;
#3478 = CARTESIAN_POINT ( 'NONE',  ( -0.1695609283115004640, 3.702342530996273862, -0.2000000000000000111 ) ) ;
#3479 = ORIENTED_EDGE ( 'NONE', *, *, #3911, .T. ) ;
#3480 = ORIENTED_EDGE ( 'NONE', *, *, #1223, .F. ) ;
#3481 = FACE_BOUND ( 'NONE', #4311, .T. ) ;
#3482 = CARTESIAN_POINT ( 'NONE',  ( -0.2382621951218869272, 0.2398578399853534826, -0.2000000000000000111 ) ) ;
#3483 = CARTESIAN_POINT ( 'NONE',  ( 0.3939162847948091684, 2.454354538096069849, -0.2000000000000000666 ) ) ;
#3484 = FACE_OUTER_BOUND ( 'NONE', #3985, .T. ) ;
#3485 = CARTESIAN_POINT ( 'NONE',  ( -6.610771520554814096, 1.989736775340948283, -8.131516293641283255E-17 ) ) ;
#3486 = CARTESIAN_POINT ( 'NONE',  ( -8.092682926829203538, 2.020345644863402068, -0.2000000000000000111 ) ) ;
#3487 = VECTOR ( 'NONE', #3445, 1000.000000000000000 ) ;
#3488 = DIRECTION ( 'NONE',  ( 1.000000000000000000, 0.000000000000000000, 0.000000000000000000 ) ) ;
#3489 = EDGE_CURVE ( 'NONE', #7277, #8021, #8815, .T. ) ;
#3490 = B_SPLINE_CURVE_WITH_KNOTS ( 'NONE', 3,
 ( #2197, #154, #7707, #4297, #3497, #1445, #4167, #7030, #6225, #2832, #7072, #3456, #4929, #2785, #7666, #1531, #111, #3623, #2959 ),
 .UNSPECIFIED., .F., .F.,
 ( 4, 1, 1, 1, 1, 1, 1, 1, 1, 1, 1, 1, 1, 1, 1, 1, 4 ),
 ( 0.000000000000000000, 0.07724814204874209944, 0.1495958238634826631, 0.2179968127121625077, 0.2822495463593093779, 0.3432724701215131291, 0.4013506071082023063, 0.4575125444771767080, 0.5123555380460841358, 0.5667795932781992674, 0.6214587999768178550, 0.6775318703171349100, 0.7354964749904905341, 0.7961744540293839156, 0.8601136445423345211, 0.9279327006528396149, 0.9999999999999998890 ),
 .UNSPECIFIED. ) ;
#3491 = ORIENTED_EDGE ( 'NONE', *, *, #3573, .F. ) ;
#3492 = EDGE_LOOP ( 'NONE', ( #7969, #6591 ) ) ;
#3493 = ORIENTED_EDGE ( 'NONE', *, *, #8419, .F. ) ;
#3494 = VECTOR ( 'NONE', #2318, 1000.000000000000000 ) ;
#3495 = CARTESIAN_POINT ( 'NONE',  ( -0.2300872918009081447, 3.702065724890199139, -0.2000000000000000111 ) ) ;
#3496 = VECTOR ( 'NONE', #7317, 1000.000000000000000 ) ;
#3497 = CARTESIAN_POINT ( 'NONE',  ( -8.148262187362911746, 1.418461006457699014, 0.000000000000000000 ) ) ;
#3498 = CARTESIAN_POINT ( 'NONE',  ( 1.946294851336282106, 3.025856886792944511, -0.000000000000000000 ) ) ;
#3499 = DIRECTION ( 'NONE',  ( 0.000000000000000000, -0.000000000000000000, 1.000000000000000000 ) ) ;
#3500 = DIRECTION ( 'NONE',  ( 0.000000000000000000, -0.000000000000000000, -1.000000000000000000 ) ) ;
#3501 = CARTESIAN_POINT ( 'NONE',  ( -9.755030487804813077, 0.2398578399853534548, -2.710505431213761085E-17 ) ) ;
#3502 = AXIS2_PLACEMENT_3D ( 'NONE', #6027, #586, #1877 ) ;
#3503 = AXIS2_PLACEMENT_3D ( 'NONE', #2421, #4431, #3804 ) ;
#3504 = ADVANCED_FACE ( 'NONE', ( #6571 ), #8634, .T. ) ;
#3505 = VERTEX_POINT ( 'NONE', #5359 ) ;
#3506 = CARTESIAN_POINT ( 'NONE',  ( -9.819877855617791695, 0.2410755669587635874, 2.710505431213761085E-17 ) ) ;
#3507 = ORIENTED_EDGE ( 'NONE', *, *, #2758, .T. ) ;
#3508 = VECTOR ( 'NONE', #2354, 1000.000000000000000 ) ;
#3509 = VECTOR ( 'NONE', #4303, 1000.000000000000000 ) ;
#3510 = B_SPLINE_CURVE_WITH_KNOTS ( 'NONE', 3,
 ( #531, #7494, #3379, #3292, #4135, #7453, #5307, #1286, #6105, #2709, #4677, #8759, #8041, #8803, #2617, #7413, #1903, #8174, #6731 ),
 .UNSPECIFIED., .F., .F.,
 ( 4, 1, 1, 1, 1, 1, 1, 1, 1, 1, 1, 1, 1, 1, 1, 1, 4 ),
 ( 0.000000000000000000, 0.04344515642833117475, 0.08526318046687483831, 0.1260977512779025145, 0.1681610729122437753, 0.2116085738621183154, 0.2581332247351307285, 0.3082255421841678111, 0.3625253052417450883, 0.4217973968231106818, 0.4866482327711261768, 0.5570495496205882802, 0.6329591569688537422, 0.7152557435044595291, 0.8040156773728056594, 0.8988873208981662533, 1.000000000000000000 ),
 .UNSPECIFIED. ) ;
#3511 = CARTESIAN_POINT ( 'NONE',  ( -0.2092987804877405322, 0.8740041814487681249, -0.2000000000000000111 ) ) ;
#3512 = CARTESIAN_POINT ( 'NONE',  ( -0.02123094793453815521, 3.669246932666128114, -0.2000000000000000389 ) ) ;
#3513 = CARTESIAN_POINT ( 'NONE',  ( -4.434146341463349295, 0.4494614985219389514, -0.2000000000000000111 ) ) ;
#3514 = CARTESIAN_POINT ( 'NONE',  ( 0.6422549372148511626, 0.5424972335955238201, 0.000000000000000000 ) ) ;
#3515 = CALENDAR_DATE ( 2026, 24, 6 ) ;
#3516 = LINE ( 'NONE', #167, #3639 ) ;
#3517 = EDGE_CURVE ( 'NONE', #7035, #2780, #1206, .T. ) ;
#3518 = VECTOR ( 'NONE', #3269, 1000.000000000000000 ) ;
#3519 = VERTEX_POINT ( 'NONE', #1964 ) ;
#3520 = ORIENTED_EDGE ( 'NONE', *, *, #8051, .T. ) ;
#3521 = CARTESIAN_POINT ( 'NONE',  ( -8.092682926829203538, 4.288638327790232019, -0.2000000000000000111 ) ) ;
#3522 = ORIENTED_EDGE ( 'NONE', *, *, #8340, .T. ) ;
#3523 = CARTESIAN_POINT ( 'NONE',  ( -11.36097560975603216, 4.288638327790232019, 0.000000000000000000 ) ) ;
#3524 = CARTESIAN_POINT ( 'NONE',  ( -0.1383687478430967732, 0.8773136979508309174, -0.1999999999999999833 ) ) ;
#3525 = CARTESIAN_POINT ( 'NONE',  ( -4.874255894265350442, 4.300593333569241672, -0.2000000000000000111 ) ) ;
#3526 = AXIS2_PLACEMENT_3D ( 'NONE', #1775, #4551, #7448 ) ;
#3527 = DIRECTION ( 'NONE',  ( -0.000000000000000000, -0.000000000000000000, -1.000000000000000000 ) ) ;
#3528 = CARTESIAN_POINT ( 'NONE',  ( 12.90000000000000213, 14.20133359925599414, -14.69999999999998863 ) ) ;
#3529 = EDGE_CURVE ( 'NONE', #3790, #3291, #451, .T. ) ;
#3530 = AXIS2_PLACEMENT_3D ( 'NONE', #5174, #7909, #3294 ) ;
#3531 = ORIENTED_EDGE ( 'NONE', *, *, #2254, .F. ) ;
#3532 = ORIENTED_EDGE ( 'NONE', *, *, #4037, .T. ) ;
#3533 = PLANE ( 'NONE',  #8673 ) ;
#3534 = FACE_OUTER_BOUND ( 'NONE', #8215, .T. ) ;
#3535 = CARTESIAN_POINT ( 'NONE',  ( 17.80000000000000426, 2.099999999999997424, -1.000000000000000000 ) ) ;
#3536 = CARTESIAN_POINT ( 'NONE',  ( -0.2955185702888994959, 0.2411470730922987971, -0.2000000000000000111 ) ) ;
#3537 = DIRECTION ( 'NONE',  ( 0.000000000000000000, 1.000000000000000000, 0.000000000000000000 ) ) ;
#3538 =( GEOMETRIC_REPRESENTATION_CONTEXT ( 3 ) GLOBAL_UNCERTAINTY_ASSIGNED_CONTEXT ( ( #7667 ) ) GLOBAL_UNIT_ASSIGNED_CONTEXT ( ( #1251, #3972, #5980 ) ) REPRESENTATION_CONTEXT ( 'NONE', 'WORKASPACE' ) );
#3539 = CARTESIAN_POINT ( 'NONE',  ( -0.1932926829267649360, 3.703272474131695358, 0.000000000000000000 ) ) ;
#3540 = EDGE_CURVE ( 'NONE', #8751, #6208, #8012, .T. ) ;
#3541 = DIRECTION ( 'NONE',  ( -2.168404344971008868E-16, 1.000000000000000000, 0.000000000000000000 ) ) ;
#3542 = ORIENTED_EDGE ( 'NONE', *, *, #2107, .F. ) ;
#3543 = ORIENTED_EDGE ( 'NONE', *, *, #1827, .F. ) ;
#3544 = CARTESIAN_POINT ( 'NONE',  ( -0.2667520170682287084, 3.700096661290086963, -0.2000000000000000389 ) ) ;
#3545 = CARTESIAN_POINT ( 'NONE',  ( -0.1605182926828624679, 4.337418815595110111, -0.2000000000000000389 ) ) ;
#3546 = B_SPLINE_CURVE_WITH_KNOTS ( 'NONE', 3,
 ( #7360, #1235, #6689, #569, #6816, #4711, #1408, #6859, #8847, #4039, #6726 ),
 .UNSPECIFIED., .F., .F.,
 ( 4, 1, 1, 1, 1, 1, 1, 1, 4 ),
 ( 0.000000000000000000, 0.1299536262759420913, 0.2580884551606643651, 0.3833762132197128802, 0.5078074606898578258, 0.6311521928200690690, 0.7539407724269783229, 0.8767107702269396619, 1.000000000000000000 ),
 .UNSPECIFIED. ) ;
#3547 = CARTESIAN_POINT ( 'NONE',  ( -0.7240405577008510729, 1.354160526567972145, -0.2000000000000000389 ) ) ;
#3548 = CARTESIAN_POINT ( 'NONE',  ( -6.628404504019760779, 2.314614445547098498, -0.000000000000000000 ) ) ;
#3549 = CARTESIAN_POINT ( 'NONE',  ( -1.107119064935263131, 0.5163691895141584443, -1.084202172485503571E-16 ) ) ;
#3550 = CARTESIAN_POINT ( 'NONE',  ( 0.3951219512195770500, 2.286351742424377775, 0.000000000000000000 ) ) ;
#3551 = ORIENTED_EDGE ( 'NONE', *, *, #8183, .T. ) ;
#3552 = CARTESIAN_POINT ( 'NONE',  ( -2.239024390243838258, 1.508150522912182989, -0.2000000000000000111 ) ) ;
#3553 = CARTESIAN_POINT ( 'NONE',  ( -6.082304552901853789, 0.2879994664791565850, -0.2000000000000001221 ) ) ;
#3554 = EDGE_CURVE ( 'NONE', #3743, #7816, #2939, .T. ) ;
#3555 = EDGE_CURVE ( 'NONE', #602, #3158, #2494, .T. ) ;
#3556 = CARTESIAN_POINT ( 'NONE',  ( -0.1383687478430968842, 0.8773136979508315836, -2.710505431213761085E-17 ) ) ;
#3557 = FACE_OUTER_BOUND ( 'NONE', #4827, .T. ) ;
#3558 = DIRECTION ( 'NONE',  ( -1.000000000000000000, 0.000000000000000000, 0.000000000000000000 ) ) ;
#3559 = CARTESIAN_POINT ( 'NONE',  ( 0.5215035226706558058, 0.4479422813820100879, 0.000000000000000000 ) ) ;
#3560 = DIRECTION ( 'NONE',  ( -0.000000000000000000, -0.000000000000000000, 1.000000000000000000 ) ) ;
#3561 = ORIENTED_EDGE ( 'NONE', *, *, #275, .F. ) ;
#3562 = DIRECTION ( 'NONE',  ( 1.000000000000000000, 0.000000000000000000, 0.000000000000000000 ) ) ;
#3563 = VERTEX_POINT ( 'NONE', #1875 ) ;
#3564 = CARTESIAN_POINT ( 'NONE',  ( 17.80000000000000426, -8.800000000000002487, -1.000000000000000000 ) ) ;
#3565 = EDGE_CURVE ( 'NONE', #2348, #3519, #3977, .T. ) ;
#3566 = CARTESIAN_POINT ( 'NONE',  ( 0.3940660451169251122, 2.145926354262980507, -0.1999999999999999556 ) ) ;
#3567 = DIRECTION ( 'NONE',  ( -0.000000000000000000, -0.000000000000000000, -1.000000000000000000 ) ) ;
#3568 = CARTESIAN_POINT ( 'NONE',  ( -5.435803497718445065, 3.603385685165758634, -2.710505431213761701E-17 ) ) ;
#3569 = DIRECTION ( 'NONE',  ( 0.000000000000000000, -1.000000000000000000, 0.000000000000000000 ) ) ;
#3570 = ORIENTED_EDGE ( 'NONE', *, *, #391, .F. ) ;
#3571 = EDGE_LOOP ( 'NONE', ( #5040, #6195, #4420, #7883 ) ) ;
#3572 = CARTESIAN_POINT ( 'NONE',  ( -11.30801209514899419, 1.387598482277768941, -0.2000000000000000111 ) ) ;
#3573 = EDGE_CURVE ( 'NONE', #8486, #4126, #2520, .T. ) ;
#3574 = CARTESIAN_POINT ( 'NONE',  ( -1.519381339962306843, 1.180791088543580614, -0.2000000000000000111 ) ) ;
#3575 = CARTESIAN_POINT ( 'NONE',  ( 12.89999999999999858, -14.19999999999999929, -12.94999999999998863 ) ) ;
#3576 = CARTESIAN_POINT ( 'NONE',  ( -1.303628620032350804, 0.7358099564939301063, -1.084202172485504434E-16 ) ) ;
#3577 = DIRECTION ( 'NONE',  ( 0.000000000000000000, 0.000000000000000000, -1.000000000000000000 ) ) ;
#3578 = CARTESIAN_POINT ( 'NONE',  ( 0.3137657622480861108, 3.146854898740370832, -0.2000000000000000111 ) ) ;
#3579 = CARTESIAN_POINT ( 'NONE',  ( -7.418408887970864285, 2.900335050509529555, 1.355252715606880543E-17 ) ) ;
#3580 = ORIENTED_EDGE ( 'NONE', *, *, #288, .T. ) ;
#3581 = VERTEX_POINT ( 'NONE', #6661 ) ;
#3582 = CARTESIAN_POINT ( 'NONE',  ( -0.2092987804877405600, 0.8740041814487682359, -0.2000000000000000111 ) ) ;
#3583 = ADVANCED_FACE ( 'NONE', ( #2498 ), #7249, .F. ) ;
#3584 = CARTESIAN_POINT ( 'NONE',  ( 12.40000000000000391, -9.200000000000001066, -1.000000000000000000 ) ) ;
#3585 = FACE_OUTER_BOUND ( 'NONE', #4541, .T. ) ;
#3586 = LINE ( 'NONE', #1663, #5495 ) ;
#3587 = DIRECTION ( 'NONE',  ( 1.000000000000000000, 0.000000000000000000, 0.000000000000000000 ) ) ;
#3588 = DIRECTION ( 'NONE',  ( -0.000000000000000000, 0.000000000000000000, 1.000000000000000000 ) ) ;
#3589 = ORIENTED_EDGE ( 'NONE', *, *, #1697, .F. ) ;
#3590 = CARTESIAN_POINT ( 'NONE',  ( -4.864204888895770296, 3.546259522758583138, -0.2000000000000000111 ) ) ;
#3591 = CARTESIAN_POINT ( 'NONE',  ( 0.7019712192171350118, 4.044376830945327406, 1.355252715606883624E-17 ) ) ;
#3592 = CARTESIAN_POINT ( 'NONE',  ( 0.2795820913552464759, 1.314475728861484782, -6.776263578034399015E-17 ) ) ;
#3593 = CARTESIAN_POINT ( 'NONE',  ( 1.178579414659847613, 2.999290309598837467, -0.2000000000000000111 ) ) ;
#3594 = CARTESIAN_POINT ( 'NONE',  ( -10.43476964418226238, 1.533222373727120669, -0.2000000000000000111 ) ) ;
#3595 = DIRECTION ( 'NONE',  ( 0.000000000000000000, 0.000000000000000000, 1.000000000000000000 ) ) ;
#3596 = FACE_OUTER_BOUND ( 'NONE', #2548, .T. ) ;
#3597 = ORIENTED_EDGE ( 'NONE', *, *, #7976, .F. ) ;
#3598 = EDGE_CURVE ( 'NONE', #4868, #7617, #5319, .T. ) ;
#3599 = DIRECTION ( 'NONE',  ( 0.000000000000000000, 1.000000000000000000, 0.000000000000000000 ) ) ;
#3600 = VERTEX_POINT ( 'NONE', #5939 ) ;
#3601 = CARTESIAN_POINT ( 'NONE',  ( 4.694324922952930912, -6.581476711740719132, -0.2000000000000000111 ) ) ;
#3602 = CARTESIAN_POINT ( 'NONE',  ( -0.8015650730135356339, 4.205074799983030687, -0.2000000000000000666 ) ) ;
#3603 = CARTESIAN_POINT ( 'NONE',  ( -9.790282824204604495, 8.800525230557134648, 0.000000000000000000 ) ) ;
#3604 = CARTESIAN_POINT ( 'NONE',  ( -6.585255114229059181, 1.861306878864939618, 0.000000000000000000 ) ) ;
#3605 = DIRECTION ( 'NONE',  ( -1.000000000000000000, 0.000000000000000000, 0.000000000000000000 ) ) ;
#3606 = CARTESIAN_POINT ( 'NONE',  ( -0.05517267965801979368, 3.683112306505819777, 0.000000000000000000 ) ) ;
#3607 = EDGE_CURVE ( 'NONE', #3403, #4678, #3063, .T. ) ;
#3608 = VERTEX_POINT ( 'NONE', #4729 ) ;
#3609 = ORIENTED_EDGE ( 'NONE', *, *, #2484, .F. ) ;
#3610 = CARTESIAN_POINT ( 'NONE',  ( -10.11132458489994690, 1.067483291299030412, -0.2000000000000000389 ) ) ;
#3611 = CARTESIAN_POINT ( 'NONE',  ( -9.755030487804813077, 0.2398578399853534548, -0.2000000000000000111 ) ) ;
#3612 = CARTESIAN_POINT ( 'NONE',  ( -6.047401916339025796, 1.122940352830028576, -2.710505431213760161E-17 ) ) ;
#3613 = CARTESIAN_POINT ( 'NONE',  ( 2.953898119453495230, 4.202328637382619192, -2.710505431213761085E-17 ) ) ;
#3614 = DIRECTION ( 'NONE',  ( 0.000000000000000000, -1.000000000000000000, 0.000000000000000000 ) ) ;
#3615 = CARTESIAN_POINT ( 'NONE',  ( -0.1695609283115004640, 3.702342530996273862, -0.2000000000000000111 ) ) ;
#3616 = CARTESIAN_POINT ( 'NONE',  ( 6.879450486378559049, -4.290105172783861498, 5.332894443888950065 ) ) ;
#3617 = EDGE_CURVE ( 'NONE', #629, #7246, #1465, .T. ) ;
#3618 = VERTEX_POINT ( 'NONE', #2006 ) ;
#3620 = ORIENTED_EDGE ( 'NONE', *, *, #7469, .T. ) ;
#3619 = CARTESIAN_POINT ( 'NONE',  ( -10.33398380117879611, 1.286833814075234006, -1.626303258728256651E-16 ) ) ;
#3621 = CARTESIAN_POINT ( 'NONE',  ( 6.879450486378559049, -4.290105172783861498, 1.734723475976807094E-15 ) ) ;
#3622 = CARTESIAN_POINT ( 'NONE',  ( -0.6133150797107628227, 3.452047326880130829, -0.2000000000000000111 ) ) ;
#3623 = CARTESIAN_POINT ( 'NONE',  ( -9.687888879497377204, 0.2409887934545267563, -0.000000000000000000 ) ) ;
#3624 = CARTESIAN_POINT ( 'NONE',  ( -8.921951219512131104, 1.930406620473158474, -0.2000000000000000111 ) ) ;
#3625 = CARTESIAN_POINT ( 'NONE',  ( 3.450000000000005063, -11.69999999999999751, -8.799999999999998934 ) ) ;
#3626 = CARTESIAN_POINT ( 'NONE',  ( -0.9860468358684802981, 0.4306310989612089912, -0.2000000000000000111 ) ) ;
#3627 = CARTESIAN_POINT ( 'NONE',  ( -10.47569868283960481, 1.725678965605288218, -2.710505431213745678E-17 ) ) ;
#3628 = EDGE_CURVE ( 'NONE', #4582, #3470, #4802, .T. ) ;
#3629 = AXIS2_PLACEMENT_3D ( 'NONE', #7536, #4166, #1405 ) ;
#3630 = VECTOR ( 'NONE', #1944, 1000.000000000000000 ) ;
#3631 = VERTEX_POINT ( 'NONE', #7558 ) ;
#3632 = CARTESIAN_POINT ( 'NONE',  ( 1.907317073170796240, 3.020345644863402512, -0.2000000000000000111 ) ) ;
#3633 = LINE ( 'NONE', #2256, #5911 ) ;
#3634 = DIRECTION ( 'NONE',  ( -0.000000000000000000, -0.000000000000000000, 1.000000000000000000 ) ) ;
#3635 = CARTESIAN_POINT ( 'NONE',  ( -4.434146341463349295, 0.4494614985219388403, 0.000000000000000000 ) ) ;
#3636 = CARTESIAN_POINT ( 'NONE',  ( 1.178579414659847613, 2.999290309598837467, -0.2000000000000000666 ) ) ;
#3637 = CARTESIAN_POINT ( 'NONE',  ( -0.2342902252327031254, 0.8749608421907660860, -0.2000000000000000111 ) ) ;
#3638 = CARTESIAN_POINT ( 'NONE',  ( 0.3951219512195770500, 2.286351742424377775, -1.084202172485504434E-16 ) ) ;
#3639 = VECTOR ( 'NONE', #3386, 1000.000000000000000 ) ;
#3640 = ORIENTED_EDGE ( 'NONE', *, *, #7183, .T. ) ;
#3641 = VECTOR ( 'NONE', #3781, 1000.000000000000000 ) ;
#3642 = CARTESIAN_POINT ( 'NONE',  ( 3.663414634146407334, 0.2886383277902315192, 0.000000000000000000 ) ) ;
#3643 = CIRCLE ( 'NONE', #5508, 0.8999999999999998002 ) ;
#3644 = ORIENTED_EDGE ( 'NONE', *, *, #1846, .F. ) ;
#3645 = DIRECTION ( 'NONE',  ( 1.000000000000000000, 0.000000000000000000, 0.000000000000000000 ) ) ;
#3646 = CARTESIAN_POINT ( 'NONE',  ( -1.441833833014983801, 3.491672032928323510, -0.2000000000000000666 ) ) ;
#3647 = CARTESIAN_POINT ( 'NONE',  ( -12.60000000000000497, -14.19999999999999929, -14.69999999999998863 ) ) ;
#3648 = PLANE ( 'NONE',  #1237 ) ;
#3649 = FACE_OUTER_BOUND ( 'NONE', #3125, .T. ) ;
#3650 = ADVANCED_FACE ( 'NONE', ( #8315 ), #6788, .T. ) ;
#3651 = B_SPLINE_CURVE_WITH_KNOTS ( 'NONE', 3,
 ( #31, #2127, #6236, #4851, #1953, #4006, #5396, #4401, #5602, #7806, #8434, #5644, #7037, #1672, #3553, #2969, #7757, #8344 ),
 .UNSPECIFIED., .F., .F.,
 ( 4, 2, 2, 2, 2, 2, 2, 2, 4 ),
 ( 0.000000000000000000, 0.0003855518647474584634, 0.0007711037294949169268, 0.001156655594242375282, 0.001542207458989833854, 0.001927759323737292425, 0.002313311188484750563, 0.002698863053232209135, 0.003084414917979667707 ),
 .UNSPECIFIED. ) ;
#3652 = VECTOR ( 'NONE', #7212, 1000.000000000000000 ) ;
#3653 = CARTESIAN_POINT ( 'NONE',  ( -18.40000000000000213, 1.193228691570355688E-14, -16.50000000000000000 ) ) ;
#3654 = VECTOR ( 'NONE', #1895, 1000.000000000000000 ) ;
#3655 = EDGE_LOOP ( 'NONE', ( #5897, #1691, #8085, #5305 ) ) ;
#3656 = ORIENTED_EDGE ( 'NONE', *, *, #6998, .F. ) ;
#3657 = ORIENTED_EDGE ( 'NONE', *, *, #562, .T. ) ;
#3658 = AXIS2_PLACEMENT_3D ( 'NONE', #6543, #3144, #1934 ) ;
#3659 = CARTESIAN_POINT ( 'NONE',  ( -0.1807527877529121474, 0.2414093293324949818, -0.2000000000000000111 ) ) ;
#3660 = CARTESIAN_POINT ( 'NONE',  ( -8.406941205763459379, 0.8020652634605823783, -0.2000000000000000111 ) ) ;
#3661 = CARTESIAN_POINT ( 'NONE',  ( 4.694324922952930912, -6.581476711740719132, 5.332894443888950065 ) ) ;
#3662 = EDGE_CURVE ( 'NONE', #1516, #6117, #669, .T. ) ;
#3663 = CARTESIAN_POINT ( 'NONE',  ( -1.651086957030188929, 1.989313122368417952, -1.084202172485504434E-16 ) ) ;
#3664 = EDGE_CURVE ( 'NONE', #8861, #8610, #43, .T. ) ;
#3665 = CARTESIAN_POINT ( 'NONE',  ( 0.2846112161824669307, 3.252510906255187351, -0.2000000000000000111 ) ) ;
#3666 = CARTESIAN_POINT ( 'NONE',  ( -6.096420665660174265, 4.246155860348594935, -1.084202172485504187E-16 ) ) ;
#3667 = VECTOR ( 'NONE', #3101, 1000.000000000000000 ) ;
#3668 = ORIENTED_EDGE ( 'NONE', *, *, #7395, .F. ) ;
#3670 = VERTEX_POINT ( 'NONE', #3523 ) ;
#3669 = CARTESIAN_POINT ( 'NONE',  ( -8.923593531046487115, 1.816672739768748768, 0.000000000000000000 ) ) ;
#3671 = CARTESIAN_POINT ( 'NONE',  ( 10.20000000000000639, -8.800000000000006040, -1.000000000000000000 ) ) ;
#3672 = CARTESIAN_POINT ( 'NONE',  ( 0.3581669216819708956, 1.671694768898266847, -2.710505431213761085E-17 ) ) ;
#3673 = CARTESIAN_POINT ( 'NONE',  ( 1.224390243902504727, 2.316839547302426805, -0.2000000000000000389 ) ) ;
#3674 = VECTOR ( 'NONE', #7611, 1000.000000000000000 ) ;
#3675 = EDGE_CURVE ( 'NONE', #4818, #4493, #7061, .T. ) ;
#3676 = CARTESIAN_POINT ( 'NONE',  ( -0.8228310138240579885, 1.968226012595524876, -0.2000000000000000389 ) ) ;
#3677 = CARTESIAN_POINT ( 'NONE',  ( -5.623514761011790597, 3.585193404641508597, 0.000000000000000000 ) ) ;
#3678 = FACE_OUTER_BOUND ( 'NONE', #1734, .T. ) ;
#3679 = LINE ( 'NONE', #6405, #1526 ) ;
#3680 = CC_DESIGN_APPROVAL ( #2519, ( #1473 ) ) ;
#3681 = ORIENTED_EDGE ( 'NONE', *, *, #5698, .T. ) ;
#3682 = ORIENTED_EDGE ( 'NONE', *, *, #5580, .T. ) ;
#3683 = CARTESIAN_POINT ( 'NONE',  ( -13.50000000000000533, -14.19999999999999929, -12.94999999999998863 ) ) ;
#3684 = CARTESIAN_POINT ( 'NONE',  ( -4.750170030422763645, 4.278694173320841010, -1.084202172485504681E-16 ) ) ;
#3685 = EDGE_CURVE ( 'NONE', #7442, #8524, #713, .T. ) ;
#3686 = DIRECTION ( 'NONE',  ( 9.745637505487693324E-17, 1.000000000000000000, 0.000000000000000000 ) ) ;
#3687 = CARTESIAN_POINT ( 'NONE',  ( -4.522167534493343410, 0.4095625985956258264, -2.710505431213761085E-17 ) ) ;
#3688 = CARTESIAN_POINT ( 'NONE',  ( 1.224390243902504727, 2.316839547302426805, -0.2000000000000000666 ) ) ;
#3689 = FACE_BOUND ( 'NONE', #3492, .T. ) ;
#3690 = CARTESIAN_POINT ( 'NONE',  ( 0.2815095500749162927, 1.323245161001071146, -1.084202172485504434E-16 ) ) ;
#3691 = ORIENTED_EDGE ( 'NONE', *, *, #1484, .F. ) ;
#3692 = FACE_BOUND ( 'NONE', #6894, .T. ) ;
#3693 = VERTEX_POINT ( 'NONE', #8864 ) ;
#3694 = CARTESIAN_POINT ( 'NONE',  ( -1.828513178437735549E-15, -11.70000000000000107, 0.000000000000000000 ) ) ;
#3695 = DIRECTION ( 'NONE',  ( -1.000000000000000000, 0.000000000000000000, 0.000000000000000000 ) ) ;
#3696 = CARTESIAN_POINT ( 'NONE',  ( -4.434146341463349295, 3.361809059497548713, -0.2000000000000000111 ) ) ;
#3697 = CARTESIAN_POINT ( 'NONE',  ( -6.445179701449497145, 1.517856997204015901, 0.000000000000000000 ) ) ;
#3698 = CARTESIAN_POINT ( 'NONE',  ( -6.607982830583155831, 4.003651371574882489, -2.710505431213761085E-17 ) ) ;
#3699 = CARTESIAN_POINT ( 'NONE',  ( -7.107278757586455775, 0.9128737043189800726, -0.2000000000000000111 ) ) ;
#3700 = ORIENTED_EDGE ( 'NONE', *, *, #4603, .T. ) ;
#3701 = EDGE_LOOP ( 'NONE', ( #4450, #6610, #3322, #8194 ) ) ;
#3702 = ORIENTED_EDGE ( 'NONE', *, *, #3839, .F. ) ;
#3703 = CARTESIAN_POINT ( 'NONE',  ( 1.016144153040730025, 1.081422035617684685, -0.2000000000000000111 ) ) ;
#3704 = CARTESIAN_POINT ( 'NONE',  ( -6.359932741217243723, 4.145421354730555841, -0.2000000000000000944 ) ) ;
#3705 = LINE ( 'NONE', #3661, #1364 ) ;
#3706 = LINE ( 'NONE', #8503, #6819 ) ;
#3707 = CARTESIAN_POINT ( 'NONE',  ( 0.3598821531257542783, 2.902846426145851755, -0.2000000000000000111 ) ) ;
#3708 = DIRECTION ( 'NONE',  ( 0.000000000000000000, -1.000000000000000000, 0.000000000000000000 ) ) ;
#3709 = EDGE_CURVE ( 'NONE', #7292, #6461, #2851, .T. ) ;
#3710 = VERTEX_POINT ( 'NONE', #2720 ) ;
#3711 = ADVANCED_FACE ( 'NONE', ( #7464 ), #5448, .F. ) ;
#3713 = EDGE_LOOP ( 'NONE', ( #6091, #878, #3791, #8253 ) ) ;
#3712 = CARTESIAN_POINT ( 'NONE',  ( -10.47196491140550556, 1.735943860188783772, -1.626303258728256651E-16 ) ) ;
#3714 = CARTESIAN_POINT ( 'NONE',  ( -0.1932926829267649083, 3.703272474131694914, -2.710505431213761085E-17 ) ) ;
#3715 = CARTESIAN_POINT ( 'NONE',  ( 0.1118883723536891750, 1.011930847321638405, -0.2000000000000000111 ) ) ;
#3716 = CARTESIAN_POINT ( 'NONE',  ( -5.634169936869867890, 0.2413929164670151062, -2.710505431213761085E-17 ) ) ;
#3717 = CARTESIAN_POINT ( 'NONE',  ( -10.60168433958061662, 0.4056644166881634428, 8.131516293641283255E-17 ) ) ;
#3718 = DIRECTION ( 'NONE',  ( -0.000000000000000000, -1.000000000000000000, -0.000000000000000000 ) ) ;
#3719 = CARTESIAN_POINT ( 'NONE',  ( -1.650469223978609401, 1.993595419793845913, -6.776263578034402713E-17 ) ) ;
#3720 = CARTESIAN_POINT ( 'NONE',  ( -10.48292682926822827, 1.966991986326817043, 0.000000000000000000 ) ) ;
#3721 = VERTEX_POINT ( 'NONE', #2812 ) ;
#3722 = EDGE_CURVE ( 'NONE', #6692, #2003, #3433, .T. ) ;
#3723 = EDGE_LOOP ( 'NONE', ( #2374, #171, #8674, #5717 ) ) ;
#3724 = CARTESIAN_POINT ( 'NONE',  ( 1.965931225664943494, 3.750746688269235296, -0.2000000000000000111 ) ) ;
#3725 = CARTESIAN_POINT ( 'NONE',  ( -13.50000000000000533, -15.69999999999999929, -14.69999999999998863 ) ) ;
#3726 = DIRECTION ( 'NONE',  ( 0.000000000000000000, -0.000000000000000000, 1.000000000000000000 ) ) ;
#3727 = FACE_OUTER_BOUND ( 'NONE', #593, .T. ) ;
#3728 = CARTESIAN_POINT ( 'NONE',  ( -4.434146341463349295, 4.184979791204865407, 0.000000000000000000 ) ) ;
#3729 = LINE ( 'NONE', #5123, #1950 ) ;
#3730 = CARTESIAN_POINT ( 'NONE',  ( 0.3871863338305776003, 1.958934590523929931, -1.084202172485504434E-16 ) ) ;
#3731 = EDGE_LOOP ( 'NONE', ( #866, #3156, #7905, #8451 ) ) ;
#3732 = ADVANCED_FACE ( 'NONE', ( #4771 ), #2095, .F. ) ;
#3733 = CARTESIAN_POINT ( 'NONE',  ( 12.89999999999999858, -15.69999999999999929, -14.69999999999998863 ) ) ;
#3734 = ORIENTED_EDGE ( 'NONE', *, *, #1041, .F. ) ;
#3735 = CARTESIAN_POINT ( 'NONE',  ( -0.8243902439023734763, 2.245193205839012052, -0.2000000000000000111 ) ) ;
#3736 = CARTESIAN_POINT ( 'NONE',  ( -1.633042949371470653, 2.704055222557131710, -5.421010862427522170E-17 ) ) ;
#3737 = CARTESIAN_POINT ( 'NONE',  ( 2.834146341463479768, 0.2886383277902315192, 0.000000000000000000 ) ) ;
#3738 = FACE_OUTER_BOUND ( 'NONE', #4564, .T. ) ;
#3739 = CARTESIAN_POINT ( 'NONE',  ( -7.059680339515930214, 3.587931525738397021, -0.2000000000000000666 ) ) ;
#3740 = PLANE ( 'NONE',  #4814 ) ;
#3741 = ORIENTED_EDGE ( 'NONE', *, *, #5899, .F. ) ;
#3742 = EDGE_CURVE ( 'NONE', #390, #7004, #7511, .T. ) ;
#3743 = VERTEX_POINT ( 'NONE', #6875 ) ;
#3744 = ORIENTED_EDGE ( 'NONE', *, *, #406, .F. ) ;
#3745 = CARTESIAN_POINT ( 'NONE',  ( 1.223243178938615339, 2.236266007794919464, -0.2000000000000000111 ) ) ;
#3746 = CARTESIAN_POINT ( 'NONE',  ( -8.115525600448091126, 1.606715776763676606, -2.710505431213761085E-17 ) ) ;
#3747 = CARTESIAN_POINT ( 'NONE',  ( -5.402134146341399656, 0.9715651570585243091, -0.2000000000000000389 ) ) ;
#3748 = CARTESIAN_POINT ( 'NONE',  ( -6.628404504019760779, 2.314614445547098498, -0.2000000000000000111 ) ) ;
#3749 = CARTESIAN_POINT ( 'NONE',  ( -18.39999999999999503, -13.69999999999999929, -2.000000000000000000 ) ) ;
#3750 = LINE ( 'NONE', #5758, #2239 ) ;
#3751 = VERTEX_POINT ( 'NONE', #4236 ) ;
#3753 = VERTEX_POINT ( 'NONE', #4861 ) ;
#3752 = CARTESIAN_POINT ( 'NONE',  ( -10.23529808402058272, 1.161477309912591238, -1.626303258728256651E-16 ) ) ;
#3754 = DIRECTION ( 'NONE',  ( 0.000000000000000000, 1.000000000000000000, -0.000000000000000000 ) ) ;
#3755 = CARTESIAN_POINT ( 'NONE',  ( -8.192629255786231468, 1.243412422721812183, -0.2000000000000000111 ) ) ;
#3756 = CARTESIAN_POINT ( 'NONE',  ( 1.220247859616935715, 2.077067060202582471, -0.1999999999999999556 ) ) ;
#3757 = CARTESIAN_POINT ( 'NONE',  ( 2.081935803556683506, 3.785873347477390016, -0.2000000000000000111 ) ) ;
#3758 = CARTESIAN_POINT ( 'NONE',  ( -11.26358787540228157, 1.217540110525502151, 8.131516293641283255E-17 ) ) ;
#3759 = CARTESIAN_POINT ( 'NONE',  ( -17.79999999999999361, 15.70133359925599414, -16.50000000000000000 ) ) ;
#3760 = CARTESIAN_POINT ( 'NONE',  ( -1.652453287883816069, 2.307720116527240961, -0.2000000000000000111 ) ) ;
#3761 = ADVANCED_FACE ( 'NONE', ( #6970 ), #3474, .T. ) ;
#3762 = CARTESIAN_POINT ( 'NONE',  ( -7.649873333299994194, -6.199999999999999289, 1.200000000000001510 ) ) ;
#3763 = ORIENTED_EDGE ( 'NONE', *, *, #6683, .F. ) ;
#3764 = ORIENTED_EDGE ( 'NONE', *, *, #3685, .F. ) ;
#3765 = CARTESIAN_POINT ( 'NONE',  ( -10.73419614281261758, 0.4805935625842224779, -0.2000000000000000111 ) ) ;
#3766 = CLOSED_SHELL ( 'NONE', ( #533, #239, #5338, #5000, #7825, #3420, #1935, #4261, #605, #5173 ) ) ;
#3767 = CARTESIAN_POINT ( 'NONE',  ( 1.032671066569559093, 3.545473332629561103, 0.000000000000000000 ) ) ;
#3768 = CARTESIAN_POINT ( 'NONE',  ( 1.174929834635920267, 1.638294244810809985, -2.710505431213761085E-17 ) ) ;
#3769 = DIRECTION ( 'NONE',  ( 1.445602896647376388E-16, 1.000000000000000000, 0.000000000000000000 ) ) ;
#3770 = CARTESIAN_POINT ( 'NONE',  ( -10.40799172856306676, 1.443209151854097927, -0.2000000000000000111 ) ) ;
#3771 = LINE ( 'NONE', #203, #5240 ) ;
#3772 = CARTESIAN_POINT ( 'NONE',  ( -0.1848041491870962283, 0.8749152499313025411, -1.084202172485504434E-16 ) ) ;
#3773 = EDGE_CURVE ( 'NONE', #8441, #6178, #5537, .T. ) ;
#3774 = AXIS2_PLACEMENT_3D ( 'NONE', #163, #4943, #1543 ) ;
#3775 = VERTEX_POINT ( 'NONE', #8277 ) ;
#3776 = LINE ( 'NONE', #8000, #1794 ) ;
#3777 = ORIENTED_EDGE ( 'NONE', *, *, #6276, .T. ) ;
#3778 = AXIS2_PLACEMENT_3D ( 'NONE', #4953, #7819, #7007 ) ;
#3779 = AXIS2_PLACEMENT_3D ( 'NONE', #6871, #6829, #2756 ) ;
#3780 = CARTESIAN_POINT ( 'NONE',  ( -0.9360591183575263097, 4.128229574016330616, -0.2000000000000000666 ) ) ;
#3781 = DIRECTION ( 'NONE',  ( 1.000000000000000000, 0.000000000000000000, 0.000000000000000000 ) ) ;
#3782 = DIRECTION ( 'NONE',  ( -2.282530889443167515E-16, 1.000000000000000000, 0.000000000000000000 ) ) ;
#3783 = CARTESIAN_POINT ( 'NONE',  ( -1.233269744144835478, 3.853739683486939960, 1.355252715606880543E-17 ) ) ;
#3784 = CARTESIAN_POINT ( 'NONE',  ( -6.628232238980919178, 2.218220338611985643, -0.2000000000000000389 ) ) ;
#3785 = EDGE_CURVE ( 'NONE', #1422, #4686, #2140, .T. ) ;
#3786 = CARTESIAN_POINT ( 'NONE',  ( -11.13872808547585613, 0.9175260763250643326, 0.000000000000000000 ) ) ;
#3787 = AXIS2_PLACEMENT_3D ( 'NONE', #8690, #3929, #4732 ) ;
#3788 = AXIS2_PLACEMENT_3D ( 'NONE', #3869, #1724, #2535 ) ;
#3789 = ORIENTED_EDGE ( 'NONE', *, *, #3942, .T. ) ;
#3790 = VERTEX_POINT ( 'NONE', #1683 ) ;
#3791 = ORIENTED_EDGE ( 'NONE', *, *, #5076, .T. ) ;
#3792 = CARTESIAN_POINT ( 'NONE',  ( -10.45747045407118492, 1.630580947026702532, -0.2000000000000000389 ) ) ;
#3793 = CARTESIAN_POINT ( 'NONE',  ( -8.192629255786231468, 1.243412422721812183, -2.710505431213761085E-17 ) ) ;
#3794 = CARTESIAN_POINT ( 'NONE',  ( 6.227808503120348504, -4.290105172783861498, -0.2000000000000000111 ) ) ;
#3795 = VECTOR ( 'NONE', #6402, 1000.000000000000000 ) ;
#3796 = AXIS2_PLACEMENT_3D ( 'NONE', #6612, #620, #2550 ) ;
#3797 = CARTESIAN_POINT ( 'NONE',  ( -5.487948134091317876, 3.602004146082034008, -0.2000000000000000111 ) ) ;
#3798 = ADVANCED_FACE ( 'NONE', ( #7726 ), #4994, .F. ) ;
#3799 = LINE ( 'NONE', #3218, #809 ) ;
#3800 = CARTESIAN_POINT ( 'NONE',  ( -0.1605182926828624679, 4.337418815595110111, -0.2000000000000000389 ) ) ;
#3801 = VECTOR ( 'NONE', #1574, 1000.000000000000000 ) ;
#3802 = ORIENTED_EDGE ( 'NONE', *, *, #1148, .T. ) ;
#3803 = CARTESIAN_POINT ( 'NONE',  ( -9.879595671967370762, 0.9850184561965571461, -1.626303258728256651E-16 ) ) ;
#3804 = DIRECTION ( 'NONE',  ( 0.000000000000000000, 0.000000000000000000, -1.000000000000000000 ) ) ;
#3805 = CARTESIAN_POINT ( 'NONE',  ( 0.3386187379590953062, 1.544422781668753242, -2.710505431213761085E-17 ) ) ;
#3806 = CARTESIAN_POINT ( 'NONE',  ( -5.634169936869867890, 0.2413929164670151062, -0.2000000000000000666 ) ) ;
#3807 = CARTESIAN_POINT ( 'NONE',  ( 1.907317073170796240, 3.732998083887792529, -0.2000000000000000111 ) ) ;
#3808 = ADVANCED_FACE ( 'NONE', ( #7689 ), #6633, .F. ) ;
#3809 = CARTESIAN_POINT ( 'NONE',  ( -11.30801209514899419, 1.387598482277768941, 8.131516293641283255E-17 ) ) ;
#3810 = CARTESIAN_POINT ( 'NONE',  ( 9.700000000000004619, 13.20133359925599059, -7.800000000000000711 ) ) ;
#3811 = VECTOR ( 'NONE', #6003, 1000.000000000000000 ) ;
#3812 = CARTESIAN_POINT ( 'NONE',  ( -1.653658536585301375, 2.224613937546329634, -0.2000000000000000111 ) ) ;
#3813 = DIRECTION ( 'NONE',  ( -1.000000000000000000, 5.782411586589356653E-16, 0.000000000000000000 ) ) ;
#3814 = ORIENTED_EDGE ( 'NONE', *, *, #8716, .F. ) ;
#3815 = VERTEX_POINT ( 'NONE', #7047 ) ;
#3816 = AXIS2_PLACEMENT_3D ( 'NONE', #4735, #6750, #2011 ) ;
#3817 = DIRECTION ( 'NONE',  ( 1.000000000000000000, -0.000000000000000000, 0.000000000000000000 ) ) ;
#3818 = CARTESIAN_POINT ( 'NONE',  ( -8.923593531046487115, 1.816672739768748768, -0.2000000000000000111 ) ) ;
#3819 = CARTESIAN_POINT ( 'NONE',  ( 1.203142486982355930, 1.852006401344536313, -2.710505431213761085E-17 ) ) ;
#3820 = DIRECTION ( 'NONE',  ( -0.000000000000000000, -0.000000000000000000, -1.000000000000000000 ) ) ;
#3821 = CARTESIAN_POINT ( 'NONE',  ( -6.536142879292138552, 0.4464403647917239426, 2.710505431213761085E-17 ) ) ;
#3822 = CARTESIAN_POINT ( 'NONE',  ( 1.174929834635920267, 1.638294244810809985, 0.000000000000000000 ) ) ;
#3823 = CARTESIAN_POINT ( 'NONE',  ( -4.467549704822378231, 4.197312397663100825, -2.710505431213761085E-17 ) ) ;
#3824 = AXIS2_PLACEMENT_3D ( 'NONE', #4907, #3605, #2889 ) ;
#3825 = ORIENTED_EDGE ( 'NONE', *, *, #4865, .F. ) ;
#3826 = EDGE_CURVE ( 'NONE', #7565, #3693, #4454, .T. ) ;
#3827 = DIRECTION ( 'NONE',  ( 0.000000000000000000, 0.000000000000000000, -1.000000000000000000 ) ) ;
#3828 = ADVANCED_FACE ( 'NONE', ( #520 ), #919, .T. ) ;
#3829 = ORIENTED_EDGE ( 'NONE', *, *, #7008, .F. ) ;
#3830 = CARTESIAN_POINT ( 'NONE',  ( -6.629268292682862551, 2.265772474131694914, -0.2000000000000000389 ) ) ;
#3831 = CARTESIAN_POINT ( 'NONE',  ( -0.4090999778195409387, 3.654060772601384066, 2.710505431213761085E-17 ) ) ;
#3832 = CARTESIAN_POINT ( 'NONE',  ( -6.629268292682862551, 2.265772474131694914, 2.710505431213761085E-17 ) ) ;
#3833 = CARTESIAN_POINT ( 'NONE',  ( -0.4192504286391782742, 0.9203946217287056752, -0.2000000000000000111 ) ) ;
#3834 = DIRECTION ( 'NONE',  ( -1.000000000000000000, 0.000000000000000000, 0.000000000000000000 ) ) ;
#3835 = PLANE ( 'NONE',  #2925 ) ;
#3836 = FACE_OUTER_BOUND ( 'NONE', #5591, .T. ) ;
#3837 = VERTEX_POINT ( 'NONE', #6464 ) ;
#3838 = ORIENTED_EDGE ( 'NONE', *, *, #4422, .T. ) ;
#3839 = EDGE_CURVE ( 'NONE', #8523, #6965, #5081, .T. ) ;
#3840 = ORIENTED_EDGE ( 'NONE', *, *, #6748, .T. ) ;
#3841 = CARTESIAN_POINT ( 'NONE',  ( 12.89999999999999858, -13.20000000000000284, -14.69999999999998863 ) ) ;
#3842 = CARTESIAN_POINT ( 'NONE',  ( 2.834146341463479768, 0.2886383277902315192, 0.000000000000000000 ) ) ;
#3843 = CYLINDRICAL_SURFACE ( 'NONE', #5062, 0.8999999999999998002 ) ;
#3844 = DIRECTION ( 'NONE',  ( -0.000000000000000000, -0.000000000000000000, -1.000000000000000000 ) ) ;
#3845 = LINE ( 'NONE', #2503, #6949 ) ;
#3846 = CARTESIAN_POINT ( 'NONE',  ( -0.6389546625592449347, 4.272710371838496002, -0.1999999999999999556 ) ) ;
#3847 = ORIENTED_EDGE ( 'NONE', *, *, #7940, .T. ) ;
#3848 = CARTESIAN_POINT ( 'NONE',  ( -0.6690761301427395891, 3.336861683487781338, -0.2000000000000000111 ) ) ;
#3849 = ADVANCED_FACE ( 'NONE', ( #8487 ), #1632, .F. ) ;
#3850 = ORIENTED_EDGE ( 'NONE', *, *, #5960, .F. ) ;
#3851 = CARTESIAN_POINT ( 'NONE',  ( 0.2062580401873850000, 1.145938282616826953, -2.710505431213761085E-17 ) ) ;
#3852 = CARTESIAN_POINT ( 'NONE',  ( -7.507317073170667321, 2.204034669253646328, -0.2000000000000000666 ) ) ;
#3853 = CARTESIAN_POINT ( 'NONE',  ( -7.505644855690353445, 2.280596166447613093, -0.2000000000000000111 ) ) ;
#3854 = CARTESIAN_POINT ( 'NONE',  ( -11.26358787540228157, 1.217540110525502151, -0.1999999999999999278 ) ) ;
#3855 = LINE ( 'NONE', #511, #8083 ) ;
#3856 = CARTESIAN_POINT ( 'NONE',  ( -7.429084229077001389, 2.859560875919307410, 0.000000000000000000 ) ) ;
#3857 = CARTESIAN_POINT ( 'NONE',  ( -6.629268292682862551, 2.265772474131694914, 0.000000000000000000 ) ) ;
#3858 = ORIENTED_EDGE ( 'NONE', *, *, #5937, .T. ) ;
#3859 = VERTEX_POINT ( 'NONE', #2221 ) ;
#3860 = EDGE_CURVE ( 'NONE', #5865, #4543, #5701, .T. ) ;
#3861 = PLANE ( 'NONE',  #3076 ) ;
#3862 = CARTESIAN_POINT ( 'NONE',  ( -9.433819884913322795, 1.003144443255713725, -5.421010862427522170E-17 ) ) ;
#3863 = LINE ( 'NONE', #5259, #4223 ) ;
#3864 = CARTESIAN_POINT ( 'NONE',  ( -6.629268292682862551, 2.265772474131694914, -0.2000000000000000111 ) ) ;
#3865 = CARTESIAN_POINT ( 'NONE',  ( -4.434146341463350183, 1.215467596082914659, -0.2000000000000000111 ) ) ;
#3866 = CARTESIAN_POINT ( 'NONE',  ( 1.221014937821819135, 2.079747171191584254, 0.000000000000000000 ) ) ;
#3867 = LINE ( 'NONE', #7363, #5501 ) ;
#3868 = ORIENTED_EDGE ( 'NONE', *, *, #1697, .T. ) ;
#3869 = CARTESIAN_POINT ( 'NONE',  ( -13.50000000000000178, 14.20133359925599414, -14.69999999999998863 ) ) ;
#3870 = ORIENTED_EDGE ( 'NONE', *, *, #1800, .F. ) ;
#3871 = CARTESIAN_POINT ( 'NONE',  ( -5.567493911366273807, -7.375133543765119093, -24.49303474050138618 ) ) ;
#3872 = CARTESIAN_POINT ( 'NONE',  ( -0.3411911683238025850, 3.682212967298378548, 2.710505431213761085E-17 ) ) ;
#3873 = CARTESIAN_POINT ( 'NONE',  ( -5.395323056358876102, 3.604458188797093676, -0.1999999999999999833 ) ) ;
#3874 = CARTESIAN_POINT ( 'NONE',  ( 6.879450486378559049, -5.822408242112043553, -0.2000000000000000111 ) ) ;
#3875 = CARTESIAN_POINT ( 'NONE',  ( -4.434146341463349295, 1.215467596082914437, 0.000000000000000000 ) ) ;
#3876 = CARTESIAN_POINT ( 'NONE',  ( -5.348018292682861663, 3.605711498521939173, -0.2000000000000000111 ) ) ;
#3877 = LINE ( 'NONE', #306, #544 ) ;
#3878 = EDGE_CURVE ( 'NONE', #1577, #6965, #7142, .T. ) ;
#3879 = ORIENTED_EDGE ( 'NONE', *, *, #4592, .F. ) ;
#3880 = VERTEX_POINT ( 'NONE', #8538 ) ;
#3881 = ORIENTED_EDGE ( 'NONE', *, *, #2978, .F. ) ;
#3882 = DIRECTION ( 'NONE',  ( -1.000000000000000000, 0.000000000000000000, 0.000000000000000000 ) ) ;
#3883 = CARTESIAN_POINT ( 'NONE',  ( -11.36097560975603216, 1.973851742424377997, -0.2000000000000000111 ) ) ;
#3884 = CARTESIAN_POINT ( 'NONE',  ( -9.637200580031899833, 0.9728116477942960749, -2.710505431213761701E-17 ) ) ;
#3885 = CARTESIAN_POINT ( 'NONE',  ( -6.434387452997912149, 3.035809082048357865, -0.2000000000000000111 ) ) ;
#3886 = PLANE ( 'NONE',  #5086 ) ;
#3887 = ADVANCED_FACE ( 'NONE', ( #4363 ), #1013, .T. ) ;
#3888 = CARTESIAN_POINT ( 'NONE',  ( -5.348018292682861663, 3.605711498521939173, -2.710505431213761085E-17 ) ) ;
#3889 = B_SPLINE_SURFACE_WITH_KNOTS ( 'NONE', 3, 1, ( 
 ( #4526, #5197 ),
 ( #2425, #7985 ),
 ( #4436, #1176 ),
 ( #3896, #7349 ),
 ( #510, #5954 ),
 ( #2564, #3945 ),
 ( #6677, #558 ),
 ( #5768, #8517 ),
 ( #2380, #5111 ),
 ( #7167, #1037 ),
 ( #5155, #6490 ) ),
 .UNSPECIFIED., .F., .F., .F.,
 ( 4, 1, 1, 1, 1, 1, 1, 1, 4 ),
 ( 2, 2 ),
 ( 0.000000000000000000, 0.1222020368948565500, 0.2443133511840884509, 0.3669809016294530157, 0.4893201903970504918, 0.6134452485454970905, 0.7399580073612760378, 0.8686347220504687661, 0.9999999999999998890 ),
 ( 0.000000000000000000, 1.000000000000000000 ),
 .UNSPECIFIED. ) ;
#3890 = VERTEX_POINT ( 'NONE', #7187 ) ;
#3891 = CARTESIAN_POINT ( 'NONE',  ( -0.4710400642505034874, 3.612564878865762275, -0.2000000000000000111 ) ) ;
#3892 = EDGE_LOOP ( 'NONE', ( #1451, #1548, #7342, #4347, #3440, #276, #4573, #8545, #3997 ) ) ;
#3893 = CARTESIAN_POINT ( 'NONE',  ( -9.687888879497377204, 0.2409887934545267563, -2.710505431213761085E-17 ) ) ;
#3894 = FACE_OUTER_BOUND ( 'NONE', #300, .T. ) ;
#3895 = CARTESIAN_POINT ( 'NONE',  ( 6.879450486378559049, -6.581476711740719132, 5.332894443888950065 ) ) ;
#3896 = CARTESIAN_POINT ( 'NONE',  ( -4.641877136151781436, 3.469839840442625611, -0.2000000000000000389 ) ) ;
#3897 = LINE ( 'NONE', #3279, #354 ) ;
#3898 = FACE_OUTER_BOUND ( 'NONE', #7141, .T. ) ;
#3899 = EDGE_CURVE ( 'NONE', #7616, #7664, #2350, .T. ) ;
#3900 = CARTESIAN_POINT ( 'NONE',  ( 9.700000000000004619, -13.20000000000000107, -7.799999999999998934 ) ) ;
#3901 = ORIENTED_EDGE ( 'NONE', *, *, #3017, .F. ) ;
#3902 = ORIENTED_EDGE ( 'NONE', *, *, #30, .T. ) ;
#3903 = CARTESIAN_POINT ( 'NONE',  ( -0.4720886234040649332, 0.9480309093364357453, 5.421010862427520321E-17 ) ) ;
#3904 = DIRECTION ( 'NONE',  ( 9.745637505487682231E-17, 1.000000000000000000, 0.000000000000000000 ) ) ;
#3905 = CARTESIAN_POINT ( 'NONE',  ( -9.665048511964871025, 0.9722247071336324042, -0.2000000000000000111 ) ) ;
#3906 = CARTESIAN_POINT ( 'NONE',  ( 9.700000000000004619, 13.20133359925599059, -7.800000000000000711 ) ) ;
#3907 = CARTESIAN_POINT ( 'NONE',  ( -5.017272537761087392, 1.004509028991982023, 0.000000000000000000 ) ) ;
#3908 = CARTESIAN_POINT ( 'NONE',  ( -6.698198961403784679, 0.5376033854506837573, -0.2000000000000000111 ) ) ;
#3909 = CARTESIAN_POINT ( 'NONE',  ( -6.281788073529346761, 3.235853694939779590, -0.2000000000000000111 ) ) ;
#3910 = CARTESIAN_POINT ( 'NONE',  ( -4.874255894265350442, 4.300593333569241672, -0.2000000000000000389 ) ) ;
#3911 = EDGE_CURVE ( 'NONE', #4794, #5709, #5129, .T. ) ;
#3912 = ORIENTED_EDGE ( 'NONE', *, *, #5972, .F. ) ;
#3913 = CARTESIAN_POINT ( 'NONE',  ( 3.700000000000005507, 13.20133359925599059, -7.800000000000000711 ) ) ;
#3914 = ORIENTED_EDGE ( 'NONE', *, *, #215, .F. ) ;
#3915 = LINE ( 'NONE', #8043, #7829 ) ;
#3916 = DIRECTION ( 'NONE',  ( 1.000000000000000000, 0.000000000000000000, -0.000000000000000000 ) ) ;
#3917 = CARTESIAN_POINT ( 'NONE',  ( -6.092475882770434836, 3.398694402938128079, -0.1999999999999999833 ) ) ;
#3918 = CARTESIAN_POINT ( 'NONE',  ( 1.203142486982355930, 1.852006401344536313, -0.2000000000000000111 ) ) ;
#3919 = CARTESIAN_POINT ( 'NONE',  ( -5.129311544189858907, 4.329388372975644828, -0.2000000000000000111 ) ) ;
#3920 = CARTESIAN_POINT ( 'NONE',  ( 2.316789699585840800, 3.118468181427355379, -2.710505431213761085E-17 ) ) ;
#3921 = EDGE_LOOP ( 'NONE', ( #2054, #2046, #4757, #394 ) ) ;
#3922 = VERTEX_POINT ( 'NONE', #8444 ) ;
#3923 = VECTOR ( 'NONE', #8229, 1000.000000000000000 ) ;
#3924 = VECTOR ( 'NONE', #1760, 1000.000000000000000 ) ;
#3925 = ORIENTED_EDGE ( 'NONE', *, *, #4671, .T. ) ;
#3926 = DIRECTION ( 'NONE',  ( -0.000000000000000000, 1.000000000000000000, -0.000000000000000000 ) ) ;
#3927 = EDGE_CURVE ( 'NONE', #6335, #7014, #8082, .T. ) ;
#3928 = CARTESIAN_POINT ( 'NONE',  ( -0.5809150692267629479, 3.497631737414145014, 0.000000000000000000 ) ) ;
#3929 = DIRECTION ( 'NONE',  ( 9.745637505487684696E-17, 1.000000000000000000, -0.000000000000000000 ) ) ;
#3930 = CARTESIAN_POINT ( 'NONE',  ( 9.700000000000004619, 2.099999999999997424, -1.000000000000000000 ) ) ;
#3931 = VECTOR ( 'NONE', #3071, 1000.000000000000000 ) ;
#3932 = LINE ( 'NONE', #2458, #7385 ) ;
#3933 = AXIS2_PLACEMENT_3D ( 'NONE', #7842, #7120, #5150 ) ;
#3934 = CARTESIAN_POINT ( 'NONE',  ( -9.665048511964871025, 0.9722247071336324042, -0.2000000000000000111 ) ) ;
#3935 = ORIENTED_EDGE ( 'NONE', *, *, #4979, .T. ) ;
#3936 = CARTESIAN_POINT ( 'NONE',  ( -0.8153979617400849422, 2.583251727664379604, -1.897353801849632760E-16 ) ) ;
#3937 = VERTEX_POINT ( 'NONE', #2306 ) ;
#3938 = VECTOR ( 'NONE', #2000, 1000.000000000000000 ) ;
#3939 = CARTESIAN_POINT ( 'NONE',  ( -5.317965516402716197, 0.9729655183084774395, -2.710505431213761085E-17 ) ) ;
#3940 = EDGE_CURVE ( 'NONE', #7723, #107, #2267, .T. ) ;
#3941 = VECTOR ( 'NONE', #6235, 1000.000000000000000 ) ;
#3942 = EDGE_CURVE ( 'NONE', #4462, #5523, #5032, .T. ) ;
#3943 = CARTESIAN_POINT ( 'NONE',  ( 13.80000000000000071, 13.20133359925599237, -14.69999999999998863 ) ) ;
#3944 = CARTESIAN_POINT ( 'NONE',  ( 3.096361304318062224, 4.305021468949751018, -0.000000000000000000 ) ) ;
#3945 = CARTESIAN_POINT ( 'NONE',  ( -4.864204888895770296, 3.546259522758583138, -2.710505431213761085E-17 ) ) ;
#3946 = DIRECTION ( 'NONE',  ( 0.000000000000000000, -0.000000000000000000, -1.000000000000000000 ) ) ;
#3947 = CARTESIAN_POINT ( 'NONE',  ( 12.40000000000000391, -9.200000000000001066, -1.000000000000000000 ) ) ;
#3948 = CARTESIAN_POINT ( 'NONE',  ( 6.227808503120348504, -4.290105172783861498, -0.2000000000000000111 ) ) ;
#3949 = VECTOR ( 'NONE', #5966, 1000.000000000000000 ) ;
#3950 = AXIS2_PLACEMENT_3D ( 'NONE', #4842, #7028, #773 ) ;
#3951 = ORIENTED_EDGE ( 'NONE', *, *, #7080, .T. ) ;
#3952 = ORIENTED_EDGE ( 'NONE', *, *, #6727, .T. ) ;
#3953 = CARTESIAN_POINT ( 'NONE',  ( -0.7240405577008510729, 1.354160526567972145, -2.710505431213760469E-17 ) ) ;
#3954 = EDGE_CURVE ( 'NONE', #1804, #8420, #4208, .T. ) ;
#3955 = DIRECTION ( 'NONE',  ( 1.000000000000000000, 0.000000000000000000, 0.000000000000000000 ) ) ;
#3956 = AXIS2_PLACEMENT_3D ( 'NONE', #7702, #1604, #6264 ) ;
#3957 = CARTESIAN_POINT ( 'NONE',  ( -6.629268292682862551, 2.265772474131694914, -2.710505431213761085E-17 ) ) ;
#3958 = CARTESIAN_POINT ( 'NONE',  ( -4.894537725921159321, 1.031135400469056274, 0.000000000000000000 ) ) ;
#3959 = CARTESIAN_POINT ( 'NONE',  ( -6.698198961403784679, 0.5376033854506837573, 2.710505431213761085E-17 ) ) ;
#3960 = CARTESIAN_POINT ( 'NONE',  ( 0.5215035226706558058, 0.4479422813820100879, 0.000000000000000000 ) ) ;
#3961 = CARTESIAN_POINT ( 'NONE',  ( -15.25000000000000178, 15.70133359925599414, -14.69999999999998863 ) ) ;
#3962 = VECTOR ( 'NONE', #3813, 1000.000000000000000 ) ;
#3963 = VERTEX_POINT ( 'NONE', #4669 ) ;
#3964 = CARTESIAN_POINT ( 'NONE',  ( -5.317965516402716197, 0.9729655183084774395, -0.2000000000000002054 ) ) ;
#3965 = EDGE_CURVE ( 'NONE', #988, #5486, #2656, .T. ) ;
#3966 = ORIENTED_EDGE ( 'NONE', *, *, #121, .F. ) ;
#3967 = FACE_OUTER_BOUND ( 'NONE', #6287, .T. ) ;
#3968 = LINE ( 'NONE', #6697, #80 ) ;
#3969 = CARTESIAN_POINT ( 'NONE',  ( -6.363449860761214438, 3.139962037003112716, 2.710505431213761085E-17 ) ) ;
#3970 = AXIS2_PLACEMENT_3D ( 'NONE', #1922, #5147, #8639 ) ;
#3971 = CARTESIAN_POINT ( 'NONE',  ( 1.224390243902504727, 2.316839547302426805, -0.2000000000000000111 ) ) ;
#3972 =( NAMED_UNIT ( * ) PLANE_ANGLE_UNIT ( ) SI_UNIT ( $, .RADIAN. ) );
#3973 = CARTESIAN_POINT ( 'NONE',  ( 6.879450486378559049, -5.822408242112043553, -0.2000000000000000111 ) ) ;
#3974 = VERTEX_POINT ( 'NONE', #2701 ) ;
#3975 = EDGE_CURVE ( 'NONE', #7776, #8854, #8125, .T. ) ;
#3976 = ORIENTED_EDGE ( 'NONE', *, *, #3685, .T. ) ;
#3977 = LINE ( 'NONE', #6705, #7501 ) ;
#3978 = DIRECTION ( 'NONE',  ( -6.484938541143236834E-16, -1.000000000000000000, 0.000000000000000000 ) ) ;
#3979 = CARTESIAN_POINT ( 'NONE',  ( -5.232860790624664027, 0.2513994259592707836, -0.2000000000000000111 ) ) ;
#3980 = FACE_OUTER_BOUND ( 'NONE', #3079, .T. ) ;
#3981 = CARTESIAN_POINT ( 'NONE',  ( 0.3939162847948091684, 2.454354538096069849, 0.000000000000000000 ) ) ;
#3982 = CARTESIAN_POINT ( 'NONE',  ( 3.700000000000005507, -13.20000000000000284, -8.800000000000000711 ) ) ;
#3983 = ORIENTED_EDGE ( 'NONE', *, *, #4168, .T. ) ;
#3984 = DIRECTION ( 'NONE',  ( -6.484938541143236834E-16, -1.000000000000000000, 0.000000000000000000 ) ) ;
#3985 = EDGE_LOOP ( 'NONE', ( #7967, #7685, #4063, #3580 ) ) ;
#3986 = FACE_OUTER_BOUND ( 'NONE', #206, .T. ) ;
#3987 = B_SPLINE_SURFACE_WITH_KNOTS ( 'NONE', 3, 1, ( 
 ( #3582, #900 ),
 ( #4796, #2158 ),
 ( #4881, #820 ),
 ( #1793, #3093 ),
 ( #5107, #1660 ),
 ( #5763, #461 ),
 ( #3715, #992 ),
 ( #1610, #7793 ),
 ( #4473, #3851 ),
 ( #8424, #7886 ),
 ( #4389, #7070 ),
 ( #1082, #1747 ),
 ( #947, #3805 ),
 ( #5721, #3672 ),
 ( #6536, #8466 ),
 ( #7260, #4523 ),
 ( #5014, #7747 ),
 ( #1130, #7208 ),
 ( #5682, #418 ) ),
 .UNSPECIFIED., .F., .F., .F.,
 ( 4, 1, 1, 1, 1, 1, 1, 1, 1, 1, 1, 1, 1, 1, 1, 1, 4 ),
 ( 2, 2 ),
 ( 0.000000000000000000, 0.04344515642833117475, 0.08526318046687483831, 0.1260977512779025145, 0.1681610729122437753, 0.2116085738621183154, 0.2581332247351307285, 0.3082255421841678111, 0.3625253052417450883, 0.4217973968231106818, 0.4866482327711261768, 0.5570495496205882802, 0.6329591569688537422, 0.7152557435044595291, 0.8040156773728056594, 0.8988873208981662533, 1.000000000000000000 ),
 ( 0.000000000000000000, 1.000000000000000000 ),
 .UNSPECIFIED. ) ;
#3988 = CARTESIAN_POINT ( 'NONE',  ( 0.3398745332983227896, 3.030452397208966087, -0.2000000000000000666 ) ) ;
#3989 = B_SPLINE_CURVE_WITH_KNOTS ( 'NONE', 3,
 ( #7201, #454, #3797, #3173, #1836, #6615, #1696, #5144, #1027, #1650, #4559, #3885, #496, #3216, #5944, #8691, #2553, #3748, #4380 ),
 .UNSPECIFIED., .F., .F.,
 ( 4, 1, 1, 1, 1, 1, 1, 1, 1, 1, 1, 1, 1, 1, 1, 1, 4 ),
 ( 0.000000000000000000, 0.06794110478769091466, 0.1330320589970270806, 0.1958903342837345074, 0.2564798280410319209, 0.3159187028970242839, 0.3751881703605588481, 0.4345306208186967001, 0.4946700389152940414, 0.5549951889559803231, 0.6151213185310713261, 0.6753813065009021122, 0.7362416551281864008, 0.7985701357159235014, 0.8629833888300075806, 0.9298854749036633560, 1.000000000000000000 ),
 .UNSPECIFIED. ) ;
#3990 = CARTESIAN_POINT ( 'NONE',  ( 6.879450486378559049, -4.290105172783861498, 5.332894443888950065 ) ) ;
#3991 = CARTESIAN_POINT ( 'NONE',  ( -6.585255114229059181, 1.861306878864939618, -0.2000000000000000111 ) ) ;
#3992 = CARTESIAN_POINT ( 'NONE',  ( 2.571559879171558816, 3.986805932292392107, -8.131516293641283255E-17 ) ) ;
#3993 = CARTESIAN_POINT ( 'NONE',  ( -0.3535950707918947833, 0.8934671422819039366, 0.000000000000000000 ) ) ;
#3994 = LINE ( 'NONE', #4479, #6679 ) ;
#3995 = EDGE_CURVE ( 'NONE', #2105, #7303, #7335, .T. ) ;
#3996 = ORIENTED_EDGE ( 'NONE', *, *, #8163, .T. ) ;
#3997 = ORIENTED_EDGE ( 'NONE', *, *, #7407, .T. ) ;
#3998 = CARTESIAN_POINT ( 'NONE',  ( -1.172452808561761151, 3.922788550135658525, 0.000000000000000000 ) ) ;
#3999 = LINE ( 'NONE', #2743, #2502 ) ;
#4000 = DIRECTION ( 'NONE',  ( 0.000000000000000000, -0.000000000000000000, -1.000000000000000000 ) ) ;
#4001 = CARTESIAN_POINT ( 'NONE',  ( -4.434146341463350183, 1.215467596082914659, 2.710505431213761085E-17 ) ) ;
#4002 = CARTESIAN_POINT ( 'NONE',  ( -6.092475882770434836, 3.398694402938128079, 0.000000000000000000 ) ) ;
#4003 = EDGE_CURVE ( 'NONE', #7723, #956, #7408, .T. ) ;
#4004 = EDGE_LOOP ( 'NONE', ( #668, #7510, #7828, #5582 ) ) ;
#4005 = LINE ( 'NONE', #3251, #2798 ) ;
#4006 = CARTESIAN_POINT ( 'NONE',  ( -7.348832132109103910, 1.318480110480833467, -0.1999999999999999556 ) ) ;
#4007 = CYLINDRICAL_SURFACE ( 'NONE', #3530, 1.749999999999999778 ) ;
#4008 = CARTESIAN_POINT ( 'NONE',  ( -0.6273221111811182471, 3.422787475092496035, 2.710505431213761085E-17 ) ) ;
#4009 = FACE_OUTER_BOUND ( 'NONE', #6420, .T. ) ;
#4010 = CARTESIAN_POINT ( 'NONE',  ( 1.221014937821819135, 2.079747171191584254, 0.000000000000000000 ) ) ;
#4011 = CYLINDRICAL_SURFACE ( 'NONE', #828, 2.000000000000000000 ) ;
#4012 = CARTESIAN_POINT ( 'NONE',  ( -5.447920101740020726, 0.9724837940354250643, -0.2000000000000000389 ) ) ;
#4013 = ADVANCED_FACE ( 'NONE', ( #1279 ), #6094, .F. ) ;
#4014 = ORIENTED_EDGE ( 'NONE', *, *, #6840, .T. ) ;
#4015 = ORIENTED_EDGE ( 'NONE', *, *, #7940, .F. ) ;
#4016 = CARTESIAN_POINT ( 'NONE',  ( -6.053167857827459919, 4.257654577362909087, -0.2000000000000000111 ) ) ;
#4017 = CARTESIAN_POINT ( 'NONE',  ( -10.82690937596024128, 0.5436919605797576605, -0.1999999999999999833 ) ) ;
#4018 = CARTESIAN_POINT ( 'NONE',  ( -5.394375108453368206, 0.2413237917613354488, 0.000000000000000000 ) ) ;
#4019 = DIRECTION ( 'NONE',  ( -0.000000000000000000, -0.000000000000000000, 1.000000000000000000 ) ) ;
#4020 = CARTESIAN_POINT ( 'NONE',  ( 0.3947116578313550339, 2.343523804987352577, -0.2000000000000000111 ) ) ;
#4021 = EDGE_CURVE ( 'NONE', #1461, #5465, #3999, .T. ) ;
#4022 = CARTESIAN_POINT ( 'NONE',  ( -8.932731115420063261, 1.707689847526860483, -0.2000000000000000111 ) ) ;
#4023 = EDGE_LOOP ( 'NONE', ( #5570, #4795, #8411, #4232 ) ) ;
#4024 = CARTESIAN_POINT ( 'NONE',  ( -0.5289119179684225180, 3.561096858465949921, -0.2000000000000000111 ) ) ;
#4025 = ORIENTED_EDGE ( 'NONE', *, *, #5428, .F. ) ;
#4026 = CARTESIAN_POINT ( 'NONE',  ( -8.251169100906405873, 1.082639899807404271, -0.2000000000000000111 ) ) ;
#4027 = CARTESIAN_POINT ( 'NONE',  ( -4.874255894265350442, 4.300593333569241672, 0.000000000000000000 ) ) ;
#4028 = CARTESIAN_POINT ( 'NONE',  ( -9.879595671967370762, 0.9850184561965571461, 0.000000000000000000 ) ) ;
#4029 = CARTESIAN_POINT ( 'NONE',  ( -6.585255114229059181, 1.861306878864939618, 0.000000000000000000 ) ) ;
#4030 = CARTESIAN_POINT ( 'NONE',  ( -3.751219512195057337, 2.093516376570719206, -0.2000000000000000111 ) ) ;
#4031 = CARTESIAN_POINT ( 'NONE',  ( 8.411753555706741992, -5.822408242112043553, 5.332894443888950065 ) ) ;
#4032 = CARTESIAN_POINT ( 'NONE',  ( -4.831250328588455822, 4.293802389708353040, -0.2000000000000000666 ) ) ;
#4033 = VERTEX_POINT ( 'NONE', #4750 ) ;
#4034 = ORIENTED_EDGE ( 'NONE', *, *, #6470, .T. ) ;
#4035 = LINE ( 'NONE', #566, #6511 ) ;
#4036 = FACE_OUTER_BOUND ( 'NONE', #8432, .T. ) ;
#4037 = EDGE_CURVE ( 'NONE', #7269, #6117, #8796, .T. ) ;
#4038 = DIRECTION ( 'NONE',  ( 0.000000000000000000, -1.000000000000000000, 0.000000000000000000 ) ) ;
#4039 = CARTESIAN_POINT ( 'NONE',  ( -4.470729613323554119, 1.195893622612791640, -0.000000000000000000 ) ) ;
#4040 = CARTESIAN_POINT ( 'NONE',  ( -1.060005893120057774, 4.034419757517220262, -0.2000000000000000111 ) ) ;
#4041 = DIRECTION ( 'NONE',  ( 0.000000000000000000, 0.000000000000000000, -1.000000000000000000 ) ) ;
#4042 = ORIENTED_EDGE ( 'NONE', *, *, #6757, .F. ) ;
#4043 = VERTEX_POINT ( 'NONE', #1317 ) ;
#4044 = CARTESIAN_POINT ( 'NONE',  ( 6.227808503120348504, -6.581476711740719132, 0.000000000000000000 ) ) ;
#4045 = EDGE_LOOP ( 'NONE', ( #7117, #5574, #5053, #7695 ) ) ;
#4046 = ADVANCED_FACE ( 'NONE', ( #4036 ), #695, .F. ) ;
#4047 = CARTESIAN_POINT ( 'NONE',  ( -0.5867493737572553325, 1.067404579234859208, 0.000000000000000000 ) ) ;
#4048 = LINE ( 'NONE', #6777, #5627 ) ;
#4049 = CARTESIAN_POINT ( 'NONE',  ( 0.3093970491810222323, 4.269939733261096215, -0.2000000000000000666 ) ) ;
#4050 = CARTESIAN_POINT ( 'NONE',  ( -8.092682926829203538, 2.020345644863402068, 0.000000000000000000 ) ) ;
#4051 = DIRECTION ( 'NONE',  ( -0.000000000000000000, -0.000000000000000000, -1.000000000000000000 ) ) ;
#4052 = CARTESIAN_POINT ( 'NONE',  ( -7.502542358611248297, 1.989741735138328416, 0.000000000000000000 ) ) ;
#4053 = ORIENTED_EDGE ( 'NONE', *, *, #6262, .T. ) ;
#4054 = ORIENTED_EDGE ( 'NONE', *, *, #3662, .F. ) ;
#4055 = DIRECTION ( 'NONE',  ( -0.000000000000000000, 1.000000000000000000, -0.000000000000000000 ) ) ;
#4056 = EDGE_CURVE ( 'NONE', #7733, #6, #2571, .T. ) ;
#4057 = CARTESIAN_POINT ( 'NONE',  ( -2.239024390243838258, 1.508150522912182989, 0.000000000000000000 ) ) ;
#4058 = CARTESIAN_POINT ( 'NONE',  ( -5.079516933460583417, 0.2681396711987058534, 0.000000000000000000 ) ) ;
#4059 = CARTESIAN_POINT ( 'NONE',  ( 6.879450486378559049, -8.113779781068901187, -0.2000000000000000111 ) ) ;
#4060 = CARTESIAN_POINT ( 'NONE',  ( 0.2502634244804008978, 3.346847211050594684, -0.2000000000000000111 ) ) ;
#4061 = CARTESIAN_POINT ( 'NONE',  ( -9.357781463480012718, 1.030028998599435308, 0.000000000000000000 ) ) ;
#4062 = CIRCLE ( 'NONE', #3211, 0.8999999999999998002 ) ;
#4063 = ORIENTED_EDGE ( 'NONE', *, *, #8172, .T. ) ;
#4064 = ORIENTED_EDGE ( 'NONE', *, *, #1960, .F. ) ;
#4065 = CARTESIAN_POINT ( 'NONE',  ( -4.821112295423593430, 1.050617030185013290, 1.355252715606880543E-17 ) ) ;
#4066 = EDGE_CURVE ( 'NONE', #2739, #5051, #2212, .T. ) ;
#4067 = CARTESIAN_POINT ( 'NONE',  ( -9.433819884913322795, 1.003144443255713725, -0.2000000000000000111 ) ) ;
#4068 = CARTESIAN_POINT ( 'NONE',  ( -5.232860790624664027, 0.2513994259592707836, -0.2000000000000000111 ) ) ;
#4069 = CIRCLE ( 'NONE', #217, 0.8999999999999998002 ) ;
#4070 = VECTOR ( 'NONE', #7593, 1000.000000000000000 ) ;
#4071 = CARTESIAN_POINT ( 'NONE',  ( -5.028933993372209699, 3.581851929146501412, -2.710505431213760161E-17 ) ) ;
#4072 = CARTESIAN_POINT ( 'NONE',  ( -6.610771520554814096, 1.989736775340948283, 0.000000000000000000 ) ) ;
#4073 = CARTESIAN_POINT ( 'NONE',  ( 1.965931225664943494, 3.750746688269235296, -8.131516293641283255E-17 ) ) ;
#4074 = CARTESIAN_POINT ( 'NONE',  ( -1.274072050424836178, 3.794774592561157789, -0.2000000000000000111 ) ) ;
#4075 = CARTESIAN_POINT ( 'NONE',  ( -9.295076929326228310, 0.2772907242490265656, -6.776263578034405178E-17 ) ) ;
#4076 = VECTOR ( 'NONE', #2754, 1000.000000000000000 ) ;
#4077 = VECTOR ( 'NONE', #8484, 1000.000000000000000 ) ;
#4078 = ORIENTED_EDGE ( 'NONE', *, *, #1076, .F. ) ;
#4079 = VERTEX_POINT ( 'NONE', #8206 ) ;
#4080 = CARTESIAN_POINT ( 'NONE',  ( -17.79999999999999361, -13.19999999999999929, -16.50000000000000000 ) ) ;
#4081 = ADVANCED_FACE ( 'NONE', ( #6687 ), #4625, .T. ) ;
#4082 = CARTESIAN_POINT ( 'NONE',  ( 9.700000000000004619, 2.099999999999997424, -1.000000000000000000 ) ) ;
#4083 = B_SPLINE_CURVE_WITH_KNOTS ( 'NONE', 3,
 ( #3883, #7425, #5320, #8821, #2551, #1297, #6026, #2499, #7250, #622, #4017, #1834, #8014, #8101, #494, #4557, #6744, #7383 ),
 .UNSPECIFIED., .F., .F.,
 ( 4, 2, 2, 2, 2, 2, 2, 2, 4 ),
 ( 0.000000000000000000, 0.0003362440141780320951, 0.0006724880283560641901, 0.001008732042534096285, 0.001344976056712128380, 0.001681220070890160475, 0.002017464085068192570, 0.002353708099246224449, 0.002689952113424256760 ),
 .UNSPECIFIED. ) ;
#4084 = DIRECTION ( 'NONE',  ( -1.000000000000000000, 0.000000000000000000, 0.000000000000000000 ) ) ;
#4085 = CARTESIAN_POINT ( 'NONE',  ( -9.244886892375269838, 1.088700932922075593, -0.1999999999999999556 ) ) ;
#4086 = AXIS2_PLACEMENT_3D ( 'NONE', #5222, #3205, #8810 ) ;
#4087 = CARTESIAN_POINT ( 'NONE',  ( 6.227808503120348504, -5.822408242112043553, 5.332894443888950065 ) ) ;
#4088 = AXIS2_PLACEMENT_3D ( 'NONE', #8144, #3926, #3265 ) ;
#4089 = DIRECTION ( 'NONE',  ( -1.000000000000000000, -2.282530889443167515E-16, 0.000000000000000000 ) ) ;
#4090 = ORIENTED_EDGE ( 'NONE', *, *, #854, .F. ) ;
#4091 = VECTOR ( 'NONE', #1417, 1000.000000000000000 ) ;
#4092 = DIRECTION ( 'NONE',  ( 0.000000000000000000, 1.000000000000000000, 0.000000000000000000 ) ) ;
#4093 = ORIENTED_EDGE ( 'NONE', *, *, #581, .T. ) ;
#4094 = CARTESIAN_POINT ( 'NONE',  ( -0.6723479479728662334, 1.218879291969328316, 0.000000000000000000 ) ) ;
#4095 = FACE_OUTER_BOUND ( 'NONE', #4652, .T. ) ;
#4096 = CARTESIAN_POINT ( 'NONE',  ( 6.227808503120347616, 1.942992058381624698, -0.2000000000000000111 ) ) ;
#4097 = CARTESIAN_POINT ( 'NONE',  ( -0.1807527877529121474, 0.2414093293324949818, -0.2000000000000000111 ) ) ;
#4098 = CARTESIAN_POINT ( 'NONE',  ( -6.179179060244236688, 0.3117689312024466419, 0.000000000000000000 ) ) ;
#4099 = AXIS2_PLACEMENT_3D ( 'NONE', #6951, #2836, #4933 ) ;
#4100 = EDGE_CURVE ( 'NONE', #2037, #4868, #8255, .T. ) ;
#4101 = ORIENTED_EDGE ( 'NONE', *, *, #3722, .F. ) ;
#4102 = EDGE_CURVE ( 'NONE', #6208, #7839, #5522, .T. ) ;
#4103 = ORIENTED_EDGE ( 'NONE', *, *, #493, .T. ) ;
#4104 = VERTEX_POINT ( 'NONE', #6269 ) ;
#4105 = CIRCLE ( 'NONE', #5109, 1.749999999999999778 ) ;
#4106 = DIRECTION ( 'NONE',  ( -1.000000000000000000, 0.000000000000000000, 0.000000000000000000 ) ) ;
#4107 = CARTESIAN_POINT ( 'NONE',  ( 1.224390243902504727, 2.316839547302426805, -2.710505431213761085E-17 ) ) ;
#4108 = DIRECTION ( 'NONE',  ( 0.000000000000000000, 1.000000000000000000, 0.000000000000000000 ) ) ;
#4109 = DIRECTION ( 'NONE',  ( -1.396978394599540102E-16, -1.000000000000000000, 0.000000000000000000 ) ) ;
#4110 = CARTESIAN_POINT ( 'NONE',  ( 0.3137657622480861108, 3.146854898740370832, 0.000000000000000000 ) ) ;
#4111 = CARTESIAN_POINT ( 'NONE',  ( -9.067754980697172229, 1.274704614987975493, 0.000000000000000000 ) ) ;
#4112 = VECTOR ( 'NONE', #3834, 1000.000000000000000 ) ;
#4113 = EDGE_CURVE ( 'NONE', #7928, #8761, #3490, .T. ) ;
#4114 = ORIENTED_EDGE ( 'NONE', *, *, #6015, .F. ) ;
#4115 = EDGE_LOOP ( 'NONE', ( #5345, #4054, #7321, #5405 ) ) ;
#4116 = CARTESIAN_POINT ( 'NONE',  ( 0.07076269335136586847, 3.617647178686454801, -2.710505431213759852E-17 ) ) ;
#4117 = LINE ( 'NONE', #6886, #8640 ) ;
#4118 = PLANE ( 'NONE',  #788 ) ;
#4119 = CARTESIAN_POINT ( 'NONE',  ( -10.23529808402058272, 1.161477309912591238, 0.000000000000000000 ) ) ;
#4120 = CARTESIAN_POINT ( 'NONE',  ( -6.628232238980919178, 2.218220338611985643, 0.000000000000000000 ) ) ;
#4121 = LINE ( 'NONE', #2112, #2504 ) ;
#4122 = CARTESIAN_POINT ( 'NONE',  ( -5.348018292682861663, 3.605711498521939173, -0.2000000000000000111 ) ) ;
#4123 = CARTESIAN_POINT ( 'NONE',  ( -8.656280009433766409, 0.5443442144678374284, 5.421010862427520321E-17 ) ) ;
#4124 = EDGE_CURVE ( 'NONE', #297, #1949, #4257, .T. ) ;
#4125 = VERTEX_POINT ( 'NONE', #6180 ) ;
#4126 = VERTEX_POINT ( 'NONE', #861 ) ;
#4127 = PLANE ( 'NONE',  #3629 ) ;
#4128 = DIRECTION ( 'NONE',  ( -1.000000000000000000, 0.000000000000000000, 0.000000000000000000 ) ) ;
#4129 = DIRECTION ( 'NONE',  ( -1.000000000000000000, 0.000000000000000000, 0.000000000000000000 ) ) ;
#4130 = CARTESIAN_POINT ( 'NONE',  ( -12.79999999999993499, -8.550000000000027356, -12.00156211871642320 ) ) ;
#4131 = CARTESIAN_POINT ( 'NONE',  ( 17.80000000000000426, -14.19999999999999929, 0.000000000000000000 ) ) ;
#4132 = CARTESIAN_POINT ( 'NONE',  ( -9.696341463414569262, 0.9715651570585241981, -2.710505431213761085E-17 ) ) ;
#4133 = EDGE_CURVE ( 'NONE', #1369, #6185, #6897, .T. ) ;
#4134 = ORIENTED_EDGE ( 'NONE', *, *, #2849, .F. ) ;
#4135 = CARTESIAN_POINT ( 'NONE',  ( -0.002699214521011197420, 0.9220648124312296190, -0.2000000000000000111 ) ) ;
#4136 = ORIENTED_EDGE ( 'NONE', *, *, #1276, .F. ) ;
#4137 = CARTESIAN_POINT ( 'NONE',  ( -0.7095694172998046056, 1.309962214237720302, 0.000000000000000000 ) ) ;
#4138 = CARTESIAN_POINT ( 'NONE',  ( 0.3931101519315997606, 2.566684592180527691, -0.2000000000000000944 ) ) ;
#4139 = CARTESIAN_POINT ( 'NONE',  ( 0.7898256761640016776, 3.951800448417381428, -0.2000000000000000666 ) ) ;
#4140 = CARTESIAN_POINT ( 'NONE',  ( -5.402134146341398768, 0.9715651570585241981, -2.710505431213761085E-17 ) ) ;
#4141 = FACE_OUTER_BOUND ( 'NONE', #4418, .T. ) ;
#4142 = ORIENTED_EDGE ( 'NONE', *, *, #5229, .T. ) ;
#4143 = B_SPLINE_CURVE_WITH_KNOTS ( 'NONE', 3,
 ( #7736, #3745, #5043, #5004, #1024, #5751, #4421, #3703, #1737, #2944, #5804, #5140, #6387, #1781, #932, #6336, #3031, #3659, #7876 ),
 .UNSPECIFIED., .F., .F.,
 ( 4, 1, 1, 1, 1, 1, 1, 1, 1, 1, 1, 1, 1, 1, 1, 1, 4 ),
 ( 0.000000000000000000, 0.08418918613815358498, 0.1635424427109549717, 0.2385629398941200852, 0.3093251031480367952, 0.3764642276676261057, 0.4400732212506736629, 0.5006302892190007681, 0.5590546016029009913, 0.6150334534872970993, 0.6692890121675146853, 0.7220774343371597626, 0.7747669516386664901, 0.8280709524797756904, 0.8827013325389907461, 0.9399267605822599903, 1.000000000000000000 ),
 .UNSPECIFIED. ) ;
#4144 = ORIENTED_EDGE ( 'NONE', *, *, #1211, .F. ) ;
#4145 = ORIENTED_EDGE ( 'NONE', *, *, #7837, .F. ) ;
#4146 = DIRECTION ( 'NONE',  ( 0.000000000000000000, -0.000000000000000000, 1.000000000000000000 ) ) ;
#4147 = CARTESIAN_POINT ( 'NONE',  ( -14.40000000000000568, -14.20000000000000639, -14.69999999999998863 ) ) ;
#4148 = CARTESIAN_POINT ( 'NONE',  ( 6.879450486378559049, -8.113779781068901187, 5.332894443888950065 ) ) ;
#4149 = CARTESIAN_POINT ( 'NONE',  ( -6.230570474569564254, 3.288579073259072061, -2.710505431213760777E-17 ) ) ;
#4150 = ADVANCED_FACE ( 'NONE', ( #5512 ), #5985, .F. ) ;
#4151 = FACE_OUTER_BOUND ( 'NONE', #5921, .T. ) ;
#4152 = DIRECTION ( 'NONE',  ( -1.000000000000000000, 0.000000000000000000, 0.000000000000000000 ) ) ;
#4153 = VERTEX_POINT ( 'NONE', #8561 ) ;
#4154 = ORIENTED_EDGE ( 'NONE', *, *, #1160, .T. ) ;
#4155 = CARTESIAN_POINT ( 'NONE',  ( -11.26358787540228157, 1.217540110525502151, -0.2000000000000000111 ) ) ;
#4156 = CARTESIAN_POINT ( 'NONE',  ( -1.633805830134214654, 1.764164239121326361, -0.2000000000000000111 ) ) ;
#4157 = CARTESIAN_POINT ( 'NONE',  ( 0.3598821531257542783, 2.902846426145851755, -2.710505431213761085E-17 ) ) ;
#4158 = CARTESIAN_POINT ( 'NONE',  ( -1.652783515363061895, 2.144549058168365718, -0.2000000000000000111 ) ) ;
#4159 = ADVANCED_FACE ( 'NONE', ( #2328 ), #6443, .F. ) ;
#4160 = CARTESIAN_POINT ( 'NONE',  ( -6.501970990207547096, 1.625484009847741218, 0.000000000000000000 ) ) ;
#4161 = CARTESIAN_POINT ( 'NONE',  ( -10.48292682926822827, 1.966991986326817043, -0.2000000000000000111 ) ) ;
#4162 = CARTESIAN_POINT ( 'NONE',  ( -1.274072050424836178, 3.794774592561157789, -2.710505431213761085E-17 ) ) ;
#4163 = CARTESIAN_POINT ( 'NONE',  ( 0.3581669216819708956, 1.671694768898266847, 0.000000000000000000 ) ) ;
#4164 = ORIENTED_EDGE ( 'NONE', *, *, #5202, .T. ) ;
#4165 = ORIENTED_EDGE ( 'NONE', *, *, #2849, .T. ) ;
#4166 = DIRECTION ( 'NONE',  ( 0.000000000000000000, -1.000000000000000000, 0.000000000000000000 ) ) ;
#4167 = CARTESIAN_POINT ( 'NONE',  ( -8.251169100906405873, 1.082639899807404271, 0.000000000000000000 ) ) ;
#4168 = EDGE_CURVE ( 'NONE', #7303, #6208, #5095, .T. ) ;
#4169 = CARTESIAN_POINT ( 'NONE',  ( 2.834146341463479768, 3.393059059497548713, 0.000000000000000000 ) ) ;
#4170 = DIRECTION ( 'NONE',  ( 0.000000000000000000, 1.000000000000000000, 0.000000000000000000 ) ) ;
#4171 = PRODUCT ( 'UC01盖子', 'UC01盖子', '', ( #3298 ) ) ;
#4172 = CARTESIAN_POINT ( 'NONE',  ( 0.004398430518902840883, 4.333518992288737159, -0.2000000000000000111 ) ) ;
#4173 = CARTESIAN_POINT ( 'NONE',  ( -5.017272537761087392, 1.004509028991982023, -0.1999999999999999556 ) ) ;
#4174 = ORIENTED_EDGE ( 'NONE', *, *, #1341, .T. ) ;
#4175 = CARTESIAN_POINT ( 'NONE',  ( -9.819877855617791695, 0.2410755669587635874, -0.2000000000000000111 ) ) ;
#4176 = VERTEX_POINT ( 'NONE', #6401 ) ;
#4177 = EDGE_CURVE ( 'NONE', #2769, #2811, #4390, .T. ) ;
#4178 = CARTESIAN_POINT ( 'NONE',  ( -0.7401918136406229198, 1.412166488874921910, -0.2000000000000000111 ) ) ;
#4179 = FACE_OUTER_BOUND ( 'NONE', #96, .T. ) ;
#4180 = LINE ( 'NONE', #2170, #4934 ) ;
#4181 = CARTESIAN_POINT ( 'NONE',  ( 1.907317073170796240, 3.732998083887792529, 0.000000000000000000 ) ) ;
#4182 = CARTESIAN_POINT ( 'NONE',  ( -5.776286897450116697, 0.2443922204487160021, 0.000000000000000000 ) ) ;
#4183 = ORIENTED_EDGE ( 'NONE', *, *, #4706, .T. ) ;
#4184 = ORIENTED_EDGE ( 'NONE', *, *, #7253, .T. ) ;
#4185 = PLANE ( 'NONE',  #2367 ) ;
#4186 = VERTEX_POINT ( 'NONE', #3276 ) ;
#4187 = DIRECTION ( 'NONE',  ( -1.000000000000000000, 0.000000000000000000, 0.000000000000000000 ) ) ;
#4188 = EDGE_CURVE ( 'NONE', #7535, #3721, #1307, .T. ) ;
#4189 = CARTESIAN_POINT ( 'NONE',  ( -0.8243902439023734763, 2.245193205839012052, -2.710505431213761085E-17 ) ) ;
#4190 = CARTESIAN_POINT ( 'NONE',  ( -11.31402685028361610, 1.414554540049095532, -2.710505431213761085E-17 ) ) ;
#4191 = FACE_OUTER_BOUND ( 'NONE', #3293, .T. ) ;
#4192 = FACE_BOUND ( 'NONE', #6643, .T. ) ;
#4193 = EDGE_LOOP ( 'NONE', ( #7463, #7151, #8111, #2313 ) ) ;
#4194 = VECTOR ( 'NONE', #6996, 1000.000000000000000 ) ;
#4195 = ORIENTED_EDGE ( 'NONE', *, *, #1302, .F. ) ;
#4196 = CARTESIAN_POINT ( 'NONE',  ( -0.02123094793453815521, 3.669246932666128114, -2.710505431213763550E-17 ) ) ;
#4197 = CARTESIAN_POINT ( 'NONE',  ( -9.799999999999995381, 13.20133359925598882, -8.800000000000000711 ) ) ;
#4198 = CARTESIAN_POINT ( 'NONE',  ( -13.50000000000000533, -14.19999999999999929, -14.69999999999998863 ) ) ;
#4199 = CARTESIAN_POINT ( 'NONE',  ( -9.800000000000009592, -7.375133543765119093, -1.000000000000000000 ) ) ;
#4200 = CARTESIAN_POINT ( 'NONE',  ( 6.879450486378559049, -6.581476711740719132, -0.2000000000000000111 ) ) ;
#4201 = PLANE ( 'NONE',  #3956 ) ;
#4202 = VECTOR ( 'NONE', #3003, 1000.000000000000000 ) ;
#4203 = CARTESIAN_POINT ( 'NONE',  ( -4.511534385553848558, 4.213551653327927582, -0.2000000000000000111 ) ) ;
#4204 = EDGE_CURVE ( 'NONE', #1703, #3291, #4982, .T. ) ;
#4205 = ORIENTED_EDGE ( 'NONE', *, *, #1246, .T. ) ;
#4206 = EDGE_CURVE ( 'NONE', #3837, #929, #6587, .T. ) ;
#4207 = ORIENTED_EDGE ( 'NONE', *, *, #6774, .F. ) ;
#4208 = CIRCLE ( 'NONE', #361, 2.000000000000000000 ) ;
#4209 = DIRECTION ( 'NONE',  ( 0.000000000000000000, 1.000000000000000000, 0.000000000000000000 ) ) ;
#4210 = AXIS2_PLACEMENT_3D ( 'NONE', #7241, #8586, #5672 ) ;
#4211 = CARTESIAN_POINT ( 'NONE',  ( 0.7019712192171350118, 4.044376830945327406, -0.2000000000000000111 ) ) ;
#4212 = CARTESIAN_POINT ( 'NONE',  ( -0.5257327210829477737, 0.9942187320811345375, -0.2000000000000000389 ) ) ;
#4213 = CARTESIAN_POINT ( 'NONE',  ( -6.583429820965608137, 2.681937144265460038, 0.000000000000000000 ) ) ;
#4214 = CARTESIAN_POINT ( 'NONE',  ( -1.650109999925676307, 2.469298144541687279, -0.2000000000000000111 ) ) ;
#4215 = CARTESIAN_POINT ( 'NONE',  ( 6.700000000000003730, 0.0006667996279938886994, -8.799999999999998934 ) ) ;
#4216 = CIRCLE ( 'NONE', #7949, 1.749999999999999778 ) ;
#4217 = VECTOR ( 'NONE', #3817, 1000.000000000000000 ) ;
#4218 = VERTEX_POINT ( 'NONE', #3943 ) ;
#4219 = B_SPLINE_CURVE_WITH_KNOTS ( 'NONE', 3,
 ( #303, #5703, #8446, #5743, #2934, #7238, #262, #5794, #1685, #5659, #8540 ),
 .UNSPECIFIED., .F., .F.,
 ( 4, 1, 1, 1, 1, 1, 1, 1, 4 ),
 ( 0.000000000000000000, 0.1057145932496834639, 0.2162443715654720211, 0.3320845664999239055, 0.4527412241643050117, 0.5802240250487439299, 0.7135479652290485086, 0.8529378683857120613, 1.000000000000000000 ),
 .UNSPECIFIED. ) ;
#4220 = EDGE_CURVE ( 'NONE', #1893, #2472, #2058, .T. ) ;
#4221 = CARTESIAN_POINT ( 'NONE',  ( -9.755030487804813077, 0.2398578399853534548, -0.2000000000000000111 ) ) ;
#4222 = CARTESIAN_POINT ( 'NONE',  ( -4.589687478421050848, 4.239691410277755423, -1.084202172485504434E-16 ) ) ;
#4223 = VECTOR ( 'NONE', #2476, 1000.000000000000000 ) ;
#4224 = AXIS2_PLACEMENT_3D ( 'NONE', #4708, #8032, #8844 ) ;
#4225 = CARTESIAN_POINT ( 'NONE',  ( -0.7657336898937426861, 1.525103295726003783, 0.000000000000000000 ) ) ;
#4226 = LINE ( 'NONE', #746, #7210 ) ;
#4227 = CARTESIAN_POINT ( 'NONE',  ( -7.649873333299992417, -11.69999999999999929, -6.200000000000001066 ) ) ;
#4228 = FACE_OUTER_BOUND ( 'NONE', #8053, .T. ) ;
#4229 = CALENDAR_DATE ( 2026, 24, 6 ) ;
#4230 = LINE ( 'NONE', #5443, #1503 ) ;
#4231 = AXIS2_PLACEMENT_3D ( 'NONE', #4330, #6937, #147 ) ;
#4232 = ORIENTED_EDGE ( 'NONE', *, *, #8233, .T. ) ;
#4233 = EDGE_CURVE ( 'NONE', #2846, #4176, #632, .T. ) ;
#4234 = LINE ( 'NONE', #1463, #2930 ) ;
#4235 = ORIENTED_EDGE ( 'NONE', *, *, #3069, .F. ) ;
#4236 = CARTESIAN_POINT ( 'NONE',  ( -12.79999999999993499, 8.850000000000040501, -8.799999999999998934 ) ) ;
#4237 = CARTESIAN_POINT ( 'NONE',  ( 0.2795820913552464204, 1.314475728861484338, -0.2000000000000000944 ) ) ;
#4238 = CARTESIAN_POINT ( 'NONE',  ( -5.358427937932918717, 4.336983147146935558, 0.000000000000000000 ) ) ;
#4239 = VECTOR ( 'NONE', #7838, 1000.000000000000000 ) ;
#4240 = CARTESIAN_POINT ( 'NONE',  ( -6.349396752478422279, 3.159399002350139707, -2.710505431213761085E-17 ) ) ;
#4241 = FACE_BOUND ( 'NONE', #5426, .T. ) ;
#4242 = EDGE_CURVE ( 'NONE', #6012, #2534, #6082, .T. ) ;
#4243 = VECTOR ( 'NONE', #3345, 1000.000000000000000 ) ;
#4244 = ORIENTED_EDGE ( 'NONE', *, *, #3006, .T. ) ;
#4245 = ORIENTED_EDGE ( 'NONE', *, *, #2727, .T. ) ;
#4246 = CARTESIAN_POINT ( 'NONE',  ( 0.1209751974716691963, 3.565992644311866133, 1.355252715606879926E-17 ) ) ;
#4247 = CARTESIAN_POINT ( 'NONE',  ( -1.607303564547913677, 1.554264770030706400, -0.2000000000000000111 ) ) ;
#4248 = LINE ( 'NONE', #7018, #6204 ) ;
#4249 = CARTESIAN_POINT ( 'NONE',  ( -1.653658536585301375, 2.224613937546329634, -0.2000000000000000111 ) ) ;
#4250 = CARTESIAN_POINT ( 'NONE',  ( -13.50000000000000533, -14.19999999999999929, -14.69999999999998863 ) ) ;
#4251 = LOCAL_TIME ( 15, 27, 1.000000000000000000, #2172 ) ;
#4252 = DIRECTION ( 'NONE',  ( -0.000000000000000000, -0.000000000000000000, 1.000000000000000000 ) ) ;
#4253 = CARTESIAN_POINT ( 'NONE',  ( -7.321956281702570735, 3.162019883622511074, 1.355252715606880234E-17 ) ) ;
#4254 = ORIENTED_EDGE ( 'NONE', *, *, #4951, .F. ) ;
#4255 = ORIENTED_EDGE ( 'NONE', *, *, #4755, .T. ) ;
#4256 = CARTESIAN_POINT ( 'NONE',  ( -0.4699559151546209290, 3.619344608654201600, -0.2000000000000001776 ) ) ;
#4257 = LINE ( 'NONE', #6989, #6641 ) ;
#4258 = CARTESIAN_POINT ( 'NONE',  ( -0.3457742274989829556, 0.8915024115418234141, -0.1999999999999999833 ) ) ;
#4259 = LINE ( 'NONE', #3046, #7063 ) ;
#4260 = CARTESIAN_POINT ( 'NONE',  ( 1.223420402541916641, 2.398421121527638977, -0.2000000000000000111 ) ) ;
#4261 = ADVANCED_FACE ( 'NONE', ( #3894 ), #1283, .F. ) ;
#4262 = CARTESIAN_POINT ( 'NONE',  ( -4.668223553739449194, 0.3562540462688973952, -0.2000000000000000111 ) ) ;
#4263 = ORIENTED_EDGE ( 'NONE', *, *, #2790, .F. ) ;
#4264 = CARTESIAN_POINT ( 'NONE',  ( -10.60168433958061662, 0.4056644166881634428, -0.2000000000000000111 ) ) ;
#4265 = LINE ( 'NONE', #5564, #1214 ) ;
#4266 = FACE_OUTER_BOUND ( 'NONE', #5276, .T. ) ;
#4267 = CARTESIAN_POINT ( 'NONE',  ( -5.402134146341399656, 0.9715651570585243091, 0.000000000000000000 ) ) ;
#4268 = CARTESIAN_POINT ( 'NONE',  ( -5.983449432093749465, 0.2699462609432312643, -0.2000000000000000111 ) ) ;
#4269 = DIRECTION ( 'NONE',  ( 0.000000000000000000, 0.000000000000000000, 1.000000000000000000 ) ) ;
#4270 = APPROVAL_DATE_TIME ( #2132, #2788 ) ;
#4271 = CARTESIAN_POINT ( 'NONE',  ( 0.1613443003682749344, 1.073650162702202593, -1.084202172485504434E-16 ) ) ;
#4272 = EDGE_CURVE ( 'NONE', #6, #6050, #2823, .T. ) ;
#4273 = ORIENTED_EDGE ( 'NONE', *, *, #1392, .F. ) ;
#4274 = CARTESIAN_POINT ( 'NONE',  ( -10.48292682926822827, 4.288638327790232019, -0.2000000000000000111 ) ) ;
#4275 = ORIENTED_EDGE ( 'NONE', *, *, #5154, .F. ) ;
#4276 = DIRECTION ( 'NONE',  ( 1.000000000000000000, 0.000000000000000000, 0.000000000000000000 ) ) ;
#4277 = CARTESIAN_POINT ( 'NONE',  ( -1.441833833014983801, 3.491672032928323510, -5.421010862427522170E-17 ) ) ;
#4278 = CARTESIAN_POINT ( 'NONE',  ( -11.33209052299873321, 1.525200195228215261, -6.776263578034402713E-17 ) ) ;
#4279 = CARTESIAN_POINT ( 'NONE',  ( -6.165393372616095213, 3.345796138606206060, -1.084202172485504434E-16 ) ) ;
#4280 = ADVANCED_FACE ( 'NONE', ( #4783 ), #4118, .F. ) ;
#4281 = CARTESIAN_POINT ( 'NONE',  ( -5.464870304029197712, 0.2407051882254021835, -0.2000000000000000389 ) ) ;
#4282 = ORIENTED_EDGE ( 'NONE', *, *, #4867, .F. ) ;
#4283 = VERTEX_POINT ( 'NONE', #3575 ) ;
#4284 = CARTESIAN_POINT ( 'NONE',  ( -17.79999999999999716, 8.850000000000040501, 0.000000000000000000 ) ) ;
#4285 = CARTESIAN_POINT ( 'NONE',  ( -1.653658536585301375, 2.224613937546329634, 0.000000000000000000 ) ) ;
#4286 = DIRECTION ( 'NONE',  ( 0.000000000000000000, -1.000000000000000000, 0.000000000000000000 ) ) ;
#4287 = CARTESIAN_POINT ( 'NONE',  ( -0.8574656964166389450, 0.3608892397684140829, -0.2000000000000000111 ) ) ;
#4288 = ADVANCED_FACE ( 'NONE', ( #2947 ), #1396, .F. ) ;
#4289 = LINE ( 'NONE', #4459, #4650 ) ;
#4290 = CARTESIAN_POINT ( 'NONE',  ( 0.3951219512195770500, 2.286351742424377775, 0.000000000000000000 ) ) ;
#4291 = CARTESIAN_POINT ( 'NONE',  ( 17.80000000000000782, -13.20000000000000284, -16.50000000000000000 ) ) ;
#4292 = EDGE_LOOP ( 'NONE', ( #1471, #3551, #1162, #1983 ) ) ;
#4294 = EDGE_LOOP ( 'NONE', ( #7495, #4687, #7895, #1303 ) ) ;
#4293 = CARTESIAN_POINT ( 'NONE',  ( -1.568327526479844192, 1.359983594459120981, 0.000000000000000000 ) ) ;
#4295 = CARTESIAN_POINT ( 'NONE',  ( -12.79999999999993499, 8.850000000000040501, 0.000000000000000000 ) ) ;
#4296 = DIRECTION ( 'NONE',  ( -0.000000000000000000, -0.000000000000000000, 1.000000000000000000 ) ) ;
#4297 = CARTESIAN_POINT ( 'NONE',  ( -8.115525600448091126, 1.606715776763676606, 0.000000000000000000 ) ) ;
#4298 = DIRECTION ( 'NONE',  ( 0.000000000000000000, -1.000000000000000000, 0.000000000000000000 ) ) ;
#4299 = LINE ( 'NONE', #6948, #792 ) ;
#4300 = CARTESIAN_POINT ( 'NONE',  ( -0.2382621951218868994, 0.2398578399853534548, -0.2000000000000000111 ) ) ;
#4301 = CARTESIAN_POINT ( 'NONE',  ( -12.60000000000000497, -14.20000000000000639, -14.69999999999998863 ) ) ;
#4302 = VERTEX_POINT ( 'NONE', #3446 ) ;
#4303 = DIRECTION ( 'NONE',  ( 0.000000000000000000, 0.000000000000000000, -1.000000000000000000 ) ) ;
#4304 = EDGE_CURVE ( 'NONE', #6104, #6928, #1992, .T. ) ;
#4305 = CARTESIAN_POINT ( 'NONE',  ( 0.4089744805303112685, 4.234467712747308710, -2.710505431213761085E-17 ) ) ;
#4306 = CARTESIAN_POINT ( 'NONE',  ( 9.700000000000004619, -8.800000000000004263, -1.000000000000000000 ) ) ;
#4307 = LINE ( 'NONE', #7810, #1066 ) ;
#4308 = CARTESIAN_POINT ( 'NONE',  ( 1.093548437171509402, 3.379586696782075794, -0.2000000000000000666 ) ) ;
#4309 = CARTESIAN_POINT ( 'NONE',  ( -0.2830373929064693983, 0.8768268608252626217, -0.2000000000000000111 ) ) ;
#4310 = CARTESIAN_POINT ( 'NONE',  ( 2.834146341463480212, 3.393059059497549157, -5.421010862427522170E-17 ) ) ;
#4311 = EDGE_LOOP ( 'NONE', ( #2588, #6730, #8843, #2664 ) ) ;
#4312 = EDGE_CURVE ( 'NONE', #6692, #721, #2898, .T. ) ;
#4313 = DIRECTION ( 'NONE',  ( 9.745637505487682231E-17, 1.000000000000000000, 0.000000000000000000 ) ) ;
#4314 = EDGE_CURVE ( 'NONE', #591, #235, #4069, .T. ) ;
#4315 = ORIENTED_EDGE ( 'NONE', *, *, #6429, .T. ) ;
#4316 = DIRECTION ( 'NONE',  ( 1.000000000000000000, 0.000000000000000000, -0.000000000000000000 ) ) ;
#4317 = LINE ( 'NONE', #2307, #8355 ) ;
#4318 = CARTESIAN_POINT ( 'NONE',  ( 1.209717175795394617, 12.60052523055713536, -1.000000000000000000 ) ) ;
#4319 = CARTESIAN_POINT ( 'NONE',  ( -18.39999999999999503, -8.550000000000025580, -8.800000000000000711 ) ) ;
#4320 = CARTESIAN_POINT ( 'NONE',  ( -5.781328235022994200, 3.548413771935255756, 1.355252715606880543E-17 ) ) ;
#4321 = DIRECTION ( 'NONE',  ( 1.000000000000000000, 0.000000000000000000, 0.000000000000000000 ) ) ;
#4322 = VERTEX_POINT ( 'NONE', #2861 ) ;
#4323 = ORIENTED_EDGE ( 'NONE', *, *, #3554, .F. ) ;
#4324 = ADVANCED_FACE ( 'NONE', ( #2234 ), #4833, .T. ) ;
#4325 = ORIENTED_EDGE ( 'NONE', *, *, #8192, .F. ) ;
#4326 = CARTESIAN_POINT ( 'NONE',  ( -10.37446226449583264, 1.360757283638088122, -2.710505431213761085E-17 ) ) ;
#4327 = DIRECTION ( 'NONE',  ( 0.000000000000000000, -1.000000000000000000, 0.000000000000000000 ) ) ;
#4328 = CARTESIAN_POINT ( 'NONE',  ( -5.486164420613216741, 0.9732511176648532825, -0.2000000000000000111 ) ) ;
#4329 = CARTESIAN_POINT ( 'NONE',  ( -1.303628620032350804, 0.7358099564939301063, -0.2000000000000000111 ) ) ;
#4330 = CARTESIAN_POINT ( 'NONE',  ( -13.50000000000000533, -14.19999999999999929, -14.69999999999998863 ) ) ;
#4331 = CARTESIAN_POINT ( 'NONE',  ( 17.80000000000000426, -15.69999999999999929, -2.000000000000000000 ) ) ;
#4332 = ORIENTED_EDGE ( 'NONE', *, *, #782, .F. ) ;
#4334 = ORIENTED_EDGE ( 'NONE', *, *, #563, .T. ) ;
#4333 = CARTESIAN_POINT ( 'NONE',  ( -8.932731115420063261, 1.707689847526860483, 0.000000000000000000 ) ) ;
#4335 = EDGE_CURVE ( 'NONE', #8483, #1092, #1435, .T. ) ;
#4336 = PLANE ( 'NONE',  #4927 ) ;
#4337 = CARTESIAN_POINT ( 'NONE',  ( -8.092682926829203538, 2.020345644863402068, -0.2000000000000000111 ) ) ;
#4338 = CARTESIAN_POINT ( 'NONE',  ( -0.1022587359118323214, 4.336041138589991739, -0.2000000000000000944 ) ) ;
#4339 = VECTOR ( 'NONE', #6572, 1000.000000000000000 ) ;
#4340 = CARTESIAN_POINT ( 'NONE',  ( -0.4720886234040649332, 0.9480309093364357453, -0.1999999999999999556 ) ) ;
#4341 = LINE ( 'NONE', #8469, #4345 ) ;
#4342 = DIRECTION ( 'NONE',  ( 1.000000000000000000, 0.000000000000000000, 0.000000000000000000 ) ) ;
#4343 = CARTESIAN_POINT ( 'NONE',  ( -5.232860790624664027, 0.2513994259592707836, -0.2000000000000000111 ) ) ;
#4344 = VECTOR ( 'NONE', #5611, 1000.000000000000000 ) ;
#4345 = VECTOR ( 'NONE', #7074, 1000.000000000000000 ) ;
#4346 = EDGE_LOOP ( 'NONE', ( #7323, #2653, #8818, #8386 ) ) ;
#4347 = ORIENTED_EDGE ( 'NONE', *, *, #5056, .F. ) ;
#4348 = EDGE_CURVE ( 'NONE', #447, #7442, #4248, .T. ) ;
#4349 = CARTESIAN_POINT ( 'NONE',  ( -11.36097560975603216, 1.973851742424377997, -0.2000000000000000111 ) ) ;
#4350 = CARTESIAN_POINT ( 'NONE',  ( -4.434146341463349295, 4.184979791204865407, 0.000000000000000000 ) ) ;
#4351 = CARTESIAN_POINT ( 'NONE',  ( -0.1737763425160564479, 0.8753254250005308990, -2.710505431213761701E-17 ) ) ;
#4352 = PLANE ( 'NONE',  #3774 ) ;
#4353 = CARTESIAN_POINT ( 'NONE',  ( -10.48134821031847075, 1.848933672500449266, -0.2000000000000000111 ) ) ;
#4354 = AXIS2_PLACEMENT_3D ( 'NONE', #3416, #6765, #5468 ) ;
#4355 = CARTESIAN_POINT ( 'NONE',  ( 2.834146341463479768, 0.2886383277902315192, -0.2000000000000000111 ) ) ;
#4356 = CARTESIAN_POINT ( 'NONE',  ( 2.026603984165249450, 3.037212153332074394, -0.2000000000000000666 ) ) ;
#4357 = VECTOR ( 'NONE', #1763, 1000.000000000000000 ) ;
#4358 = ORIENTED_EDGE ( 'NONE', *, *, #736, .T. ) ;
#4359 = VECTOR ( 'NONE', #7868, 1000.000000000000000 ) ;
#4360 = DIRECTION ( 'NONE',  ( 0.000000000000000000, -1.000000000000000000, 0.000000000000000000 ) ) ;
#4361 = CIRCLE ( 'NONE', #528, 1.749999999999999778 ) ;
#4362 = ORIENTED_EDGE ( 'NONE', *, *, #1419, .T. ) ;
#4363 = FACE_OUTER_BOUND ( 'NONE', #2976, .T. ) ;
#4364 = CARTESIAN_POINT ( 'NONE',  ( -5.348018292682861663, 3.605711498521939173, -0.2000000000000000389 ) ) ;
#4365 = DIRECTION ( 'NONE',  ( 1.000000000000000000, 0.000000000000000000, -0.000000000000000000 ) ) ;
#4366 = DIRECTION ( 'NONE',  ( 0.000000000000000000, 0.000000000000000000, -1.000000000000000000 ) ) ;
#4367 = DIRECTION ( 'NONE',  ( 0.000000000000000000, -1.000000000000000000, 0.000000000000000000 ) ) ;
#4368 = VECTOR ( 'NONE', #6328, 1000.000000000000000 ) ;
#4369 = CC_DESIGN_DATE_AND_TIME_ASSIGNMENT ( #2803, #1458, ( #1473 ) ) ;
#4370 = CARTESIAN_POINT ( 'NONE',  ( 1.907317073170796240, 3.020345644863402512, -0.1000000000000000056 ) ) ;
#4371 = VECTOR ( 'NONE', #2821, 1000.000000000000000 ) ;
#4372 = EDGE_CURVE ( 'NONE', #297, #3670, #223, .T. ) ;
#4373 = ORIENTED_EDGE ( 'NONE', *, *, #4504, .T. ) ;
#4374 = VERTEX_POINT ( 'NONE', #7781 ) ;
#4375 = VERTEX_POINT ( 'NONE', #6433 ) ;
#4376 = VECTOR ( 'NONE', #7614, 1000.000000000000000 ) ;
#4377 = CARTESIAN_POINT ( 'NONE',  ( -10.04008541212803252, 1.032432141877494436, -0.2000000000000000389 ) ) ;
#4378 = CARTESIAN_POINT ( 'NONE',  ( -8.094059896694194123, 1.948406178034761238, -2.710505431213761085E-17 ) ) ;
#4379 = DIRECTION ( 'NONE',  ( -1.000000000000000000, 0.000000000000000000, 0.000000000000000000 ) ) ;
#4380 = CARTESIAN_POINT ( 'NONE',  ( -6.629268292682862551, 2.265772474131694914, -0.2000000000000000111 ) ) ;
#4381 = CARTESIAN_POINT ( 'NONE',  ( 0.06651306725887237703, 3.615912087738197389, -0.2000000000000000111 ) ) ;
#4382 = EDGE_CURVE ( 'NONE', #3040, #6578, #2418, .T. ) ;
#4383 = CARTESIAN_POINT ( 'NONE',  ( -6.359932741217243723, 4.145421354730555841, -1.084202172485504311E-16 ) ) ;
#4384 = VECTOR ( 'NONE', #6203, 1000.000000000000000 ) ;
#4385 = VERTEX_POINT ( 'NONE', #934 ) ;
#4387 = EDGE_LOOP ( 'NONE', ( #3901, #8495, #4869, #5986 ) ) ;
#4386 = CARTESIAN_POINT ( 'NONE',  ( -0.4067400763441527678, 0.2436514308584424304, 0.000000000000000000 ) ) ;
#4388 = CARTESIAN_POINT ( 'NONE',  ( -0.8107216399325292144, 2.826400494461567270, 5.421010862427515391E-17 ) ) ;
#4389 = CARTESIAN_POINT ( 'NONE',  ( 0.2815095500749162927, 1.323245161001071146, -0.2000000000000000111 ) ) ;
#4390 = LINE ( 'NONE', #994, #7646 ) ;
#4391 = VECTOR ( 'NONE', #4561, 1000.000000000000000 ) ;
#4392 = CARTESIAN_POINT ( 'NONE',  ( -10.29863990287660513, 0.2974561598605633961, 8.131516293641283255E-17 ) ) ;
#4393 = DIRECTION ( 'NONE',  ( -0.000000000000000000, -1.000000000000000000, -0.000000000000000000 ) ) ;
#4394 = CARTESIAN_POINT ( 'NONE',  ( -1.633649999365868632, 1.764273309804743617, -6.776263578034400247E-17 ) ) ;
#4395 = EDGE_CURVE ( 'NONE', #5161, #1577, #3705, .T. ) ;
#4396 = LINE ( 'NONE', #2384, #4670 ) ;
#4397 = VECTOR ( 'NONE', #4600, 1000.000000000000000 ) ;
#4398 = ORIENTED_EDGE ( 'NONE', *, *, #4990, .F. ) ;
#4399 = VERTEX_POINT ( 'NONE', #4466 ) ;
#4400 = CARTESIAN_POINT ( 'NONE',  ( -10.96165466933390320, 0.6719268418493461459, -0.2000000000000000111 ) ) ;
#4401 = CARTESIAN_POINT ( 'NONE',  ( -7.157410510440904261, 0.9772750147704228896, -0.2000000000000000944 ) ) ;
#4402 = DIRECTION ( 'NONE',  ( -0.000000000000000000, -0.000000000000000000, -1.000000000000000000 ) ) ;
#4403 = CARTESIAN_POINT ( 'NONE',  ( -5.175628197110361484, 0.2566167392936991032, -6.776263578034402713E-17 ) ) ;
#4404 = CARTESIAN_POINT ( 'NONE',  ( -5.561432926829203538, 0.2398578399853534548, -0.2000000000000000111 ) ) ;
#4405 = CARTESIAN_POINT ( 'NONE',  ( -12.79999999999992966, -13.20000000000002771, -1.000000000000000000 ) ) ;
#4406 = CARTESIAN_POINT ( 'NONE',  ( 0.2815095500749162927, 1.323245161001071146, -0.2000000000000001221 ) ) ;
#4407 = ADVANCED_FACE ( 'NONE', ( #5753 ), #3843, .F. ) ;
#4408 = ORIENTED_EDGE ( 'NONE', *, *, #2711, .T. ) ;
#4409 = CARTESIAN_POINT ( 'NONE',  ( 6.879450486378559049, -8.113779781068901187, 0.000000000000000000 ) ) ;
#4410 = B_SPLINE_SURFACE_WITH_KNOTS ( 'NONE', 3, 1, ( 
 ( #6827, #1331 ),
 ( #6960, #2755 ),
 ( #6281, #3384 ),
 ( #707, #8858 ),
 ( #2715, #4764 ),
 ( #8220, #2087 ),
 ( #4812, #6870 ),
 ( #2341, #3015 ),
 ( #6414, #295 ),
 ( #1585, #8531 ),
 ( #913, #1721 ),
 ( #5072, #963 ),
 ( #7761, #5782 ),
 ( #1007, #336 ),
 ( #5831, #4987 ),
 ( #7090, #7719 ),
 ( #4309, #2213 ),
 ( #3637, #3059 ),
 ( #7002, #2394 ) ),
 .UNSPECIFIED., .F., .F., .F.,
 ( 4, 1, 1, 1, 1, 1, 1, 1, 1, 1, 1, 1, 1, 1, 1, 1, 4 ),
 ( 2, 2 ),
 ( 0.000000000000000000, 0.1002084962048787886, 0.1940852928236692643, 0.2812282346903770547, 0.3627523869429880032, 0.4383958411188416671, 0.5077449299920501202, 0.5721536253493331170, 0.6311313209699376259, 0.6856026289775694060, 0.7357021334326442341, 0.7823153508154973013, 0.8269372048975734968, 0.8696653523053670121, 0.9119161863737613727, 0.9548416479107482147, 1.000000000000000000 ),
 ( 0.000000000000000000, 1.000000000000000000 ),
 .UNSPECIFIED. ) ;
#4411 = ORIENTED_EDGE ( 'NONE', *, *, #7777, .F. ) ;
#4412 = CARTESIAN_POINT ( 'NONE',  ( 0.000000000000000000, 0.000000000000000000, -0.2000000000000000111 ) ) ;
#4413 = CARTESIAN_POINT ( 'NONE',  ( 3.663414634146407334, 0.2886383277902315192, 0.000000000000000000 ) ) ;
#4414 = DIRECTION ( 'NONE',  ( -0.000000000000000000, -0.000000000000000000, 1.000000000000000000 ) ) ;
#4415 = CARTESIAN_POINT ( 'NONE',  ( -5.537528093392332096, 0.9742816644487641842, 0.000000000000000000 ) ) ;
#4416 = CARTESIAN_POINT ( 'NONE',  ( -6.248585042796056754, 4.191376369876468999, -0.2000000000000000666 ) ) ;
#4417 = DIRECTION ( 'NONE',  ( 0.000000000000000000, 0.000000000000000000, -1.000000000000000000 ) ) ;
#4418 = EDGE_LOOP ( 'NONE', ( #7290, #2495, #1327, #7312 ) ) ;
#4419 = ORIENTED_EDGE ( 'NONE', *, *, #1404, .F. ) ;
#4420 = ORIENTED_EDGE ( 'NONE', *, *, #5154, .T. ) ;
#4421 = CARTESIAN_POINT ( 'NONE',  ( 1.080770785618960561, 1.252941279892964666, -0.2000000000000000111 ) ) ;
#4422 = EDGE_CURVE ( 'NONE', #6427, #4923, #2279, .T. ) ;
#4423 = CARTESIAN_POINT ( 'NONE',  ( -5.960452820468455926, 4.281458311628405511, -0.2000000000000000944 ) ) ;
#4424 = CARTESIAN_POINT ( 'NONE',  ( -4.434146341463349295, 0.4494614985219388403, 0.000000000000000000 ) ) ;
#4425 = CYLINDRICAL_SURFACE ( 'NONE', #8397, 0.8999999999999998002 ) ;
#4426 = DIRECTION ( 'NONE',  ( -0.000000000000000000, 0.000000000000000000, -1.000000000000000000 ) ) ;
#4427 = CARTESIAN_POINT ( 'NONE',  ( -5.405945121951154952, 4.337418815595110111, -2.710505431213761085E-17 ) ) ;
#4428 = ORIENTED_EDGE ( 'NONE', *, *, #6294, .F. ) ;
#4430 = VERTEX_POINT ( 'NONE', #313 ) ;
#4429 = CARTESIAN_POINT ( 'NONE',  ( -9.962908525449838848, 1.004703383055651988, -0.2000000000000000111 ) ) ;
#4431 = DIRECTION ( 'NONE',  ( 1.000000000000000000, 0.000000000000000000, 0.000000000000000000 ) ) ;
#4432 = CARTESIAN_POINT ( 'NONE',  ( -8.741645480615513719, 0.4875346560185919720, -2.710505431213761085E-17 ) ) ;
#4433 = EDGE_CURVE ( 'NONE', #679, #829, #5713, .T. ) ;
#4434 = CARTESIAN_POINT ( 'NONE',  ( 12.89999999999999858, -14.20000000000000995, -14.69999999999998863 ) ) ;
#4435 = CARTESIAN_POINT ( 'NONE',  ( -5.405945121951154952, 4.337418815595110111, -0.2000000000000000111 ) ) ;
#4436 = CARTESIAN_POINT ( 'NONE',  ( -4.535410242896399602, 3.420543611025968822, -0.2000000000000000389 ) ) ;
#4437 = CARTESIAN_POINT ( 'NONE',  ( 11.15000000000000213, 14.20133359925599414, -14.69999999999998863 ) ) ;
#4438 = CARTESIAN_POINT ( 'NONE',  ( -1.563512134650049790, 1.310171884509972129, 5.421010862427519705E-17 ) ) ;
#4439 = CARTESIAN_POINT ( 'NONE',  ( -5.561432926829203538, 0.2398578399853534548, -2.710505431213761085E-17 ) ) ;
#4440 = ORIENTED_EDGE ( 'NONE', *, *, #5615, .F. ) ;
#4441 = ORIENTED_EDGE ( 'NONE', *, *, #2375, .T. ) ;
#4442 = CARTESIAN_POINT ( 'NONE',  ( 2.868703234703881222, 4.148806800501021463, -0.2000000000000000111 ) ) ;
#4443 = EDGE_CURVE ( 'NONE', #1369, #1884, #3171, .T. ) ;
#4444 = CARTESIAN_POINT ( 'NONE',  ( -8.995677051894441334, 1.425958295336195558, -5.421010862427522170E-17 ) ) ;
#4445 = LINE ( 'NONE', #1187, #3949 ) ;
#4446 = CARTESIAN_POINT ( 'NONE',  ( 1.209717175795394617, 12.60052523055713536, 0.000000000000000000 ) ) ;
#4447 = LINE ( 'NONE', #7040, #2797 ) ;
#4448 = DIRECTION ( 'NONE',  ( 1.000000000000000000, 0.000000000000000000, 0.000000000000000000 ) ) ;
#4449 = CARTESIAN_POINT ( 'NONE',  ( -0.06742146760268061256, 0.8941700604263919105, -0.2000000000000001221 ) ) ;
#4450 = ORIENTED_EDGE ( 'NONE', *, *, #7918, .T. ) ;
#4451 = PLANE ( 'NONE',  #2652 ) ;
#4452 = EDGE_CURVE ( 'NONE', #4815, #1064, #8552, .T. ) ;
#4453 = VERTEX_POINT ( 'NONE', #3794 ) ;
#4454 = LINE ( 'NONE', #1590, #5631 ) ;
#4455 = CARTESIAN_POINT ( 'NONE',  ( -1.652453287883816069, 2.307720116527240961, -0.2000000000000000666 ) ) ;
#4456 = LINE ( 'NONE', #3696, #2792 ) ;
#4457 = DIRECTION ( 'NONE',  ( 0.000000000000000000, -1.000000000000000000, 0.000000000000000000 ) ) ;
#4458 = DIRECTION ( 'NONE',  ( 0.000000000000000000, -1.000000000000000000, 0.000000000000000000 ) ) ;
#4459 = CARTESIAN_POINT ( 'NONE',  ( 3.450126666700005895, -15.69999999999999929, -1.000000000000000000 ) ) ;
#4460 = CARTESIAN_POINT ( 'NONE',  ( 9.700000000000004619, 11.20133359925599059, -1.000000000000000000 ) ) ;
#4461 = ORIENTED_EDGE ( 'NONE', *, *, #612, .T. ) ;
#4462 = VERTEX_POINT ( 'NONE', #2365 ) ;
#4463 = EDGE_LOOP ( 'NONE', ( #5020, #4604, #3870, #5581 ) ) ;
#4464 = CARTESIAN_POINT ( 'NONE',  ( -10.48292682926822827, 1.966991986326817043, -0.2000000000000000389 ) ) ;
#4465 = CARTESIAN_POINT ( 'NONE',  ( -8.741645480615513719, 0.4875346560185919720, -0.2000000000000000111 ) ) ;
#4466 = CARTESIAN_POINT ( 'NONE',  ( 9.700000000000004619, 11.20133359925599059, -0.9999999999999995559 ) ) ;
#4467 = DIRECTION ( 'NONE',  ( -1.000000000000000000, 0.000000000000000000, -0.000000000000000000 ) ) ;
#4468 = DIRECTION ( 'NONE',  ( 0.000000000000000000, 0.000000000000000000, 1.000000000000000000 ) ) ;
#4469 = CARTESIAN_POINT ( 'NONE',  ( -9.604274437222224847, 0.9735056200454613728, -0.2000000000000000111 ) ) ;
#4470 = ORIENTED_EDGE ( 'NONE', *, *, #6460, .F. ) ;
#4471 = CARTESIAN_POINT ( 'NONE',  ( -10.45747045407118492, 1.630580947026702532, -1.626303258728256651E-16 ) ) ;
#4472 = LINE ( 'NONE', #7885, #85 ) ;
#4473 = CARTESIAN_POINT ( 'NONE',  ( 0.2062580401873850000, 1.145938282616826953, -0.2000000000000000111 ) ) ;
#4474 = CARTESIAN_POINT ( 'NONE',  ( -7.505702232323613998, 2.131559345558788010, -2.710505431213761085E-17 ) ) ;
#4475 = CARTESIAN_POINT ( 'NONE',  ( -6.248585042796056754, 4.191376369876468999, -0.2000000000000000111 ) ) ;
#4476 = CARTESIAN_POINT ( 'NONE',  ( -11.05711680535207542, 0.7877000211124108864, -0.1999999999999999278 ) ) ;
#4477 = FACE_BOUND ( 'NONE', #19, .T. ) ;
#4478 = CARTESIAN_POINT ( 'NONE',  ( -6.772072668899538961, 3.882350988807163450, 0.000000000000000000 ) ) ;
#4479 = CARTESIAN_POINT ( 'NONE',  ( 10.20000000000000639, -8.800000000000006040, -1.000000000000000000 ) ) ;
#4480 = ADVANCED_FACE ( 'NONE', ( #5097 ), #7738, .F. ) ;
#4481 = EDGE_CURVE ( 'NONE', #5664, #4218, #6071, .T. ) ;
#4482 = ORIENTED_EDGE ( 'NONE', *, *, #2663, .T. ) ;
#4483 = VERTEX_POINT ( 'NONE', #7879 ) ;
#4484 = CARTESIAN_POINT ( 'NONE',  ( 3.096361304318062224, 4.305021468949751018, -0.2000000000000000111 ) ) ;
#4485 = CARTESIAN_POINT ( 'NONE',  ( -8.947950181779715351, 1.606400620084494468, -5.421010862427522170E-17 ) ) ;
#4486 = CARTESIAN_POINT ( 'NONE',  ( -0.2382621951218868994, 0.2398578399853534548, -2.710505431213761085E-17 ) ) ;
#4487 = CARTESIAN_POINT ( 'NONE',  ( 6.227808503120347616, -1.849989268083281901, -0.2000000000000000111 ) ) ;
#4488 = CARTESIAN_POINT ( 'NONE',  ( -5.358410621779736260, 0.9722926101435054314, -0.2000000000000000111 ) ) ;
#4489 = CARTESIAN_POINT ( 'NONE',  ( -6.629268292682862551, 2.265772474131694914, 0.000000000000000000 ) ) ;
#4490 = CARTESIAN_POINT ( 'NONE',  ( 6.227808503120348504, -4.290105172783861498, 0.000000000000000000 ) ) ;
#4491 = VECTOR ( 'NONE', #4632, 1000.000000000000000 ) ;
#4492 = EDGE_CURVE ( 'NONE', #8376, #6375, #5186, .T. ) ;
#4493 = VERTEX_POINT ( 'NONE', #7923 ) ;
#4494 = CARTESIAN_POINT ( 'NONE',  ( -3.751219512195057337, 2.093516376570719206, -0.2000000000000000111 ) ) ;
#4495 = VERTEX_POINT ( 'NONE', #4512 ) ;
#4496 = AXIS2_PLACEMENT_3D ( 'NONE', #3759, #8607, #2426 ) ;
#4497 = CARTESIAN_POINT ( 'NONE',  ( -6.598631030268906628, 2.609852650654963302, -0.1999999999999999556 ) ) ;
#4498 = CARTESIAN_POINT ( 'NONE',  ( 1.907317073170796240, 3.020345644863402512, -0.2000000000000000111 ) ) ;
#4499 = CARTESIAN_POINT ( 'NONE',  ( -5.306071020507059366, 3.604996037120384411, -0.000000000000000000 ) ) ;
#4500 = LINE ( 'NONE', #2983, #3508 ) ;
#4501 = CARTESIAN_POINT ( 'NONE',  ( -5.846685724451629262, 4.303544846453346118, -0.2000000000000000666 ) ) ;
#4502 = CARTESIAN_POINT ( 'NONE',  ( -6.445179701449497145, 1.517856997204015901, -8.131516293641283255E-17 ) ) ;
#4503 = CARTESIAN_POINT ( 'NONE',  ( -13.50000000000000533, -14.19999999999999929, -14.69999999999998863 ) ) ;
#4504 = EDGE_CURVE ( 'NONE', #3710, #1275, #453, .T. ) ;
#4505 = CIRCLE ( 'NONE', #368, 2.000000000000000000 ) ;
#4506 = VECTOR ( 'NONE', #2977, 1000.000000000000000 ) ;
#4507 = ORIENTED_EDGE ( 'NONE', *, *, #8192, .T. ) ;
#4508 = VERTEX_POINT ( 'NONE', #7251 ) ;
#4509 = ORIENTED_EDGE ( 'NONE', *, *, #6062, .T. ) ;
#4510 = DIRECTION ( 'NONE',  ( 0.000000000000000000, 1.000000000000000000, 0.000000000000000000 ) ) ;
#4511 = DIRECTION ( 'NONE',  ( -0.000000000000000000, -0.000000000000000000, 1.000000000000000000 ) ) ;
#4512 = CARTESIAN_POINT ( 'NONE',  ( -13.50000000000000533, -15.69999999999999929, -16.44999999999998863 ) ) ;
#4513 = VECTOR ( 'NONE', #5684, 1000.000000000000000 ) ;
#4514 = VECTOR ( 'NONE', #6686, 1000.000000000000000 ) ;
#4515 = CARTESIAN_POINT ( 'NONE',  ( 2.756538107585110975, 4.082926712483383902, -0.2000000000000000389 ) ) ;
#4516 = CARTESIAN_POINT ( 'NONE',  ( 9.700000000000004619, 2.099999999999997424, -1.000000000000000000 ) ) ;
#4517 = ADVANCED_FACE ( 'NONE', ( #1123 ), #1913, .T. ) ;
#4518 = FACE_OUTER_BOUND ( 'NONE', #4520, .T. ) ;
#4519 = CIRCLE ( 'NONE', #6519, 2.000000000000000000 ) ;
#4520 = EDGE_LOOP ( 'NONE', ( #5610, #489, #8816, #8508 ) ) ;
#4521 = CARTESIAN_POINT ( 'NONE',  ( 3.450000000000005063, -13.20000000000002771, -6.200000000000001954 ) ) ;
#4522 = ORIENTED_EDGE ( 'NONE', *, *, #5125, .T. ) ;
#4523 = CARTESIAN_POINT ( 'NONE',  ( 0.3871863338305776003, 1.958934590523929931, -2.710505431213761085E-17 ) ) ;
#4524 = CARTESIAN_POINT ( 'NONE',  ( -7.477994460765201801, 1.782567255088283176, -2.710505431213761085E-17 ) ) ;
#4525 = CARTESIAN_POINT ( 'NONE',  ( -6.434059622845379245, 4.107881649833385218, 0.000000000000000000 ) ) ;
#4526 = CARTESIAN_POINT ( 'NONE',  ( -4.434146341463349295, 3.361809059497548713, -0.2000000000000000389 ) ) ;
#4527 = DIRECTION ( 'NONE',  ( -1.000000000000000000, 9.745637505487680998E-17, 0.000000000000000000 ) ) ;
#4528 = PLANE ( 'NONE',  #2099 ) ;
#4529 = CARTESIAN_POINT ( 'NONE',  ( -9.790282824204604495, 12.60052523055713181, 0.000000000000000000 ) ) ;
#4530 = ORIENTED_EDGE ( 'NONE', *, *, #3300, .F. ) ;
#4531 = EDGE_LOOP ( 'NONE', ( #2285, #8134, #4617, #1606 ) ) ;
#4532 = VECTOR ( 'NONE', #1740, 1000.000000000000000 ) ;
#4533 = CARTESIAN_POINT ( 'NONE',  ( -11.35995636060658676, 1.903934210199818455, -0.2000000000000000111 ) ) ;
#4534 = CARTESIAN_POINT ( 'NONE',  ( 6.227808503120347616, -1.849989268083281901, -0.2000000000000000111 ) ) ;
#4535 = EDGE_CURVE ( 'NONE', #818, #7367, #6792, .T. ) ;
#4536 = DIRECTION ( 'NONE',  ( -0.000000000000000000, 0.000000000000000000, -1.000000000000000000 ) ) ;
#4537 = CARTESIAN_POINT ( 'NONE',  ( 3.663414634146407334, 0.2886383277902315192, -0.2000000000000000111 ) ) ;
#4538 = CARTESIAN_POINT ( 'NONE',  ( -4.543742086777925238, 1.156828111363683798, -0.2000000000000000111 ) ) ;
#4539 = CARTESIAN_POINT ( 'NONE',  ( -6.629268292682862551, 2.265772474131694914, -0.2000000000000000111 ) ) ;
#4540 = CARTESIAN_POINT ( 'NONE',  ( -4.998905992912844098, 4.317040192604685522, -0.2000000000000000389 ) ) ;
#4541 = EDGE_LOOP ( 'NONE', ( #2185, #1566, #1550, #3102 ) ) ;
#4542 = CARTESIAN_POINT ( 'NONE',  ( 3.700000000000005507, -5.198666400744006211, -24.49303474050138618 ) ) ;
#4543 = VERTEX_POINT ( 'NONE', #4599 ) ;
#4544 = ADVANCED_FACE ( 'NONE', ( #4558 ), #1298, .F. ) ;
#4545 = DIRECTION ( 'NONE',  ( 1.000000000000000000, -0.000000000000000000, 0.000000000000000000 ) ) ;
#4546 = CARTESIAN_POINT ( 'NONE',  ( -0.5809150692267629479, 3.497631737414145014, -0.2000000000000000944 ) ) ;
#4547 = CARTESIAN_POINT ( 'NONE',  ( -6.281788073529346761, 3.235853694939779590, 2.710505431213761085E-17 ) ) ;
#4548 = CARTESIAN_POINT ( 'NONE',  ( 9.700000000000004619, 11.20133359925599059, -1.000000000000000000 ) ) ;
#4549 = CARTESIAN_POINT ( 'NONE',  ( -0.1605182926828624401, 4.337418815595110111, -2.710505431213761085E-17 ) ) ;
#4550 = CARTESIAN_POINT ( 'NONE',  ( 1.907317073170796240, 3.020345644863402512, 0.000000000000000000 ) ) ;
#4551 = DIRECTION ( 'NONE',  ( -1.000000000000000000, 0.000000000000000000, -0.000000000000000000 ) ) ;
#4552 = ORIENTED_EDGE ( 'NONE', *, *, #4242, .T. ) ;
#4553 = EDGE_LOOP ( 'NONE', ( #2942, #5938, #2065, #1431 ) ) ;
#4554 = ORIENTED_EDGE ( 'NONE', *, *, #2052, .T. ) ;
#4555 = CARTESIAN_POINT ( 'NONE',  ( -6.434059622845379245, 4.107881649833385218, -0.2000000000000000111 ) ) ;
#4556 = EDGE_CURVE ( 'NONE', #6023, #795, #714, .T. ) ;
#4557 = CARTESIAN_POINT ( 'NONE',  ( -9.981585871856548664, 0.2462436325573443274, -0.2000000000000000944 ) ) ;
#4558 = FACE_OUTER_BOUND ( 'NONE', #1840, .T. ) ;
#4559 = CARTESIAN_POINT ( 'NONE',  ( -6.363449860761214438, 3.139962037003112716, -0.2000000000000000111 ) ) ;
#4560 = LINE ( 'NONE', #549, #2371 ) ;
#4561 = DIRECTION ( 'NONE',  ( 0.000000000000000000, 0.000000000000000000, -1.000000000000000000 ) ) ;
#4562 = ORIENTED_EDGE ( 'NONE', *, *, #3472, .F. ) ;
#4563 = PLANE ( 'NONE',  #5365 ) ;
#4564 = EDGE_LOOP ( 'NONE', ( #3802, #1509, #6524, #120, #848, #732, #2294, #6783 ) ) ;
#4565 = CARTESIAN_POINT ( 'NONE',  ( -4.583800510550280372, 1.138025172097697713, 1.355252715606881159E-17 ) ) ;
#4566 = ADVANCED_FACE ( 'NONE', ( #5234 ), #6614, .F. ) ;
#4567 = CARTESIAN_POINT ( 'NONE',  ( -7.379927826264498059, 1.401099888208406918, -2.710505431213761085E-17 ) ) ;
#4568 = CARTESIAN_POINT ( 'NONE',  ( -5.629846448288924776, 4.332631996424152199, 0.000000000000000000 ) ) ;
#4569 = FACE_OUTER_BOUND ( 'NONE', #977, .T. ) ;
#4570 = DIRECTION ( 'NONE',  ( 9.745637505487680998E-17, 1.000000000000000000, -0.000000000000000000 ) ) ;
#4571 = LINE ( 'NONE', #5334, #4805 ) ;
#4572 = CARTESIAN_POINT ( 'NONE',  ( -0.8243902439023734763, 2.245193205839012052, -0.2000000000000000111 ) ) ;
#4573 = ORIENTED_EDGE ( 'NONE', *, *, #1302, .T. ) ;
#4574 = EDGE_LOOP ( 'NONE', ( #2165, #8150, #3238, #1443 ) ) ;
#4575 = CARTESIAN_POINT ( 'NONE',  ( -0.7020583063888603537, 1.288913439948649042, -6.776263578034402713E-17 ) ) ;
#4576 = DIRECTION ( 'NONE',  ( 0.000000000000000000, 1.000000000000000000, 0.000000000000000000 ) ) ;
#4577 = DIRECTION ( 'NONE',  ( 1.000000000000000000, 0.000000000000000000, -0.000000000000000000 ) ) ;
#4578 = DIRECTION ( 'NONE',  ( -1.000000000000000000, 1.445602896647376388E-16, 0.000000000000000000 ) ) ;
#4579 = LINE ( 'NONE', #7548, #2651 ) ;
#4580 = CARTESIAN_POINT ( 'NONE',  ( -11.75000000000000178, 14.20133359925599414, -14.69999999999998863 ) ) ;
#4581 = CARTESIAN_POINT ( 'NONE',  ( 0.000000000000000000, 0.000000000000000000, -0.2000000000000000111 ) ) ;
#4582 = VERTEX_POINT ( 'NONE', #6069 ) ;
#4583 = ADVANCED_FACE ( 'NONE', ( #3215 ), #5941, .F. ) ;
#4584 = DIRECTION ( 'NONE',  ( 0.000000000000000000, 0.000000000000000000, -1.000000000000000000 ) ) ;
#4585 = ORIENTED_EDGE ( 'NONE', *, *, #4102, .T. ) ;
#4586 = CARTESIAN_POINT ( 'NONE',  ( 6.700000000000003730, 0.0006667996279938886994, -7.799999999999998934 ) ) ;
#4587 = CARTESIAN_POINT ( 'NONE',  ( 6.227808503120348504, -8.113779781068901187, 1.734723475976807094E-15 ) ) ;
#4588 = CARTESIAN_POINT ( 'NONE',  ( -8.092682926829203538, 2.020345644863402068, -0.2000000000000000111 ) ) ;
#4589 = CARTESIAN_POINT ( 'NONE',  ( 1.223243178938615339, 2.236266007794919464, 0.000000000000000000 ) ) ;
#4590 = COORDINATED_UNIVERSAL_TIME_OFFSET ( 8, 0, .AHEAD. ) ;
#4591 = CARTESIAN_POINT ( 'NONE',  ( -4.980369307077385344, 3.572921834517083894, 0.000000000000000000 ) ) ;
#4592 = EDGE_CURVE ( 'NONE', #7046, #7565, #547, .T. ) ;
#4593 = ORIENTED_EDGE ( 'NONE', *, *, #6035, .F. ) ;
#4594 = ADVANCED_FACE ( 'NONE', ( #8773 ), #3267, .F. ) ;
#4595 = EDGE_LOOP ( 'NONE', ( #4136, #3113, #8684, #3008 ) ) ;
#4596 = ORIENTED_EDGE ( 'NONE', *, *, #360, .F. ) ;
#4597 = CARTESIAN_POINT ( 'NONE',  ( -6.248585042796056754, 4.191376369876468999, -0.2000000000000000111 ) ) ;
#4598 = CARTESIAN_POINT ( 'NONE',  ( 17.80000000000000426, -15.69999999999999929, -1.000000000000000000 ) ) ;
#4599 = CARTESIAN_POINT ( 'NONE',  ( -18.39999999999999503, -8.550000000000027356, 0.000000000000000000 ) ) ;
#4600 = DIRECTION ( 'NONE',  ( 1.000000000000000000, 0.000000000000000000, 0.000000000000000000 ) ) ;
#4601 = CARTESIAN_POINT ( 'NONE',  ( -12.79999999999992966, -6.550000000000027356, -8.799999999999998934 ) ) ;
#4602 = CARTESIAN_POINT ( 'NONE',  ( -9.696341463414569262, 0.9715651570585241981, 0.000000000000000000 ) ) ;
#4603 = EDGE_CURVE ( 'NONE', #6375, #6740, #2632, .T. ) ;
#4604 = ORIENTED_EDGE ( 'NONE', *, *, #1812, .F. ) ;
#4605 = CARTESIAN_POINT ( 'NONE',  ( -1.653658536585301375, 2.224613937546329634, 0.000000000000000000 ) ) ;
#4606 = ORIENTED_EDGE ( 'NONE', *, *, #3135, .F. ) ;
#4607 = CARTESIAN_POINT ( 'NONE',  ( -4.508475610641111686, 1.175697529903517946, -8.131516293641282022E-17 ) ) ;
#4608 = CARTESIAN_POINT ( 'NONE',  ( 0.2502634244804008978, 3.346847211050594684, -2.710505431213761085E-17 ) ) ;
#4609 = CARTESIAN_POINT ( 'NONE',  ( -7.281498239866459166, 3.245501431644545853, -0.2000000000000000111 ) ) ;
#4610 = CARTESIAN_POINT ( 'NONE',  ( -11.35797679789408399, 1.768141955855556224, -0.1999999999999999278 ) ) ;
#4611 = DIRECTION ( 'NONE',  ( -0.000000000000000000, -0.000000000000000000, -1.000000000000000000 ) ) ;
#4612 = B_SPLINE_CURVE_WITH_KNOTS ( 'NONE', 3,
 ( #5940, #1876, #1207, #3304, #5988, #7336, #2631, #3928, #6662, #8733, #546, #8055, #755, #88, #7600, #173, #6835, #7642, #4189 ),
 .UNSPECIFIED., .F., .F.,
 ( 4, 1, 1, 1, 1, 1, 1, 1, 1, 1, 1, 1, 1, 1, 1, 1, 4 ),
 ( 0.000000000000000000, 0.04370636634185609548, 0.08589905193259717020, 0.1271186216240410283, 0.1693225691089078611, 0.2131700606689733157, 0.2596154857574450858, 0.3095747048756278819, 0.3639765510160660744, 0.4233265872154447496, 0.4878894515722168035, 0.5580212644587047022, 0.6340711512636044711, 0.7162169243266240937, 0.8045641164198032991, 0.8988402913355112434, 1.000000000000000000 ),
 .UNSPECIFIED. ) ;
#4613 = CARTESIAN_POINT ( 'NONE',  ( -6.248585042796056754, 4.191376369876468999, 0.000000000000000000 ) ) ;
#4614 = PLANE ( 'NONE',  #1253 ) ;
#4615 = EDGE_CURVE ( 'NONE', #8422, #6809, #4863, .T. ) ;
#4616 = EDGE_LOOP ( 'NONE', ( #2194, #2589, #5520, #5080 ) ) ;
#4617 = ORIENTED_EDGE ( 'NONE', *, *, #5115, .T. ) ;
#4618 = FACE_OUTER_BOUND ( 'NONE', #2549, .T. ) ;
#4619 = CARTESIAN_POINT ( 'NONE',  ( -1.107119064935263131, 0.5163691895141584443, -0.2000000000000001776 ) ) ;
#4620 = CARTESIAN_POINT ( 'NONE',  ( 0.9398192795238327069, 0.9239421215141241372, -0.2000000000000000389 ) ) ;
#4621 = CARTESIAN_POINT ( 'NONE',  ( -4.470729613323554119, 1.195893622612791640, 0.000000000000000000 ) ) ;
#4622 = CARTESIAN_POINT ( 'NONE',  ( -6.984465336444829475, 0.7732608721399231166, -0.2000000000000000111 ) ) ;
#4623 = CARTESIAN_POINT ( 'NONE',  ( -6.434387452997912149, 3.035809082048357865, -0.2000000000000000111 ) ) ;
#4624 = CARTESIAN_POINT ( 'NONE',  ( -5.265628541404039353, 4.336132301922991594, -2.710505431213761085E-17 ) ) ;
#4625 = B_SPLINE_SURFACE_WITH_KNOTS ( 'NONE', 3, 1, ( 
 ( #567, #6724 ),
 ( #3285, #6007 ),
 ( #8753, #604 ),
 ( #3324, #6045 ),
 ( #644, #2907 ),
 ( #6353, #8425 ),
 ( #2246, #2159 ),
 ( #2288, #8296 ),
 ( #2870, #1485 ),
 ( #901, #6307 ),
 ( #1571, #191 ) ),
 .UNSPECIFIED., .F., .F., .F.,
 ( 4, 1, 1, 1, 1, 1, 1, 1, 4 ),
 ( 2, 2 ),
 ( 0.000000000000000000, 0.1060828463567783791, 0.2222888227378322090, 0.3495024409521451103, 0.4881006216290098010, 0.6277218319895779830, 0.7592476519109182531, 0.8831516256485927308, 1.000000000000000000 ),
 ( 0.000000000000000000, 1.000000000000000000 ),
 .UNSPECIFIED. ) ;
#4626 = ADVANCED_FACE ( 'NONE', ( #6290 ), #3275, .T. ) ;
#4627 = VECTOR ( 'NONE', #3266, 1000.000000000000000 ) ;
#4628 = ORIENTED_EDGE ( 'NONE', *, *, #308, .T. ) ;
#4629 = LINE ( 'NONE', #3423, #936 ) ;
#4630 = VERTEX_POINT ( 'NONE', #1553 ) ;
#4631 = CARTESIAN_POINT ( 'NONE',  ( -6.455385365562482214, 0.4063197205636567277, -6.776263578034401480E-17 ) ) ;
#4632 = DIRECTION ( 'NONE',  ( -0.000000000000000000, -0.000000000000000000, 1.000000000000000000 ) ) ;
#4633 = CARTESIAN_POINT ( 'NONE',  ( -6.626716502921237151, 2.410060594501330034, 2.710505431213761085E-17 ) ) ;
#4634 = DIRECTION ( 'NONE',  ( -0.000000000000000000, -0.000000000000000000, 1.000000000000000000 ) ) ;
#4635 = CARTESIAN_POINT ( 'NONE',  ( -4.467549704822378231, 4.197312397663100825, -0.2000000000000000111 ) ) ;
#4636 = CARTESIAN_POINT ( 'NONE',  ( -5.223034982273691007, 3.603579757176243348, -0.2000000000000000111 ) ) ;
#4637 = VECTOR ( 'NONE', #4327, 1000.000000000000000 ) ;
#4638 = ORIENTED_EDGE ( 'NONE', *, *, #3472, .T. ) ;
#4639 = AXIS2_PLACEMENT_3D ( 'NONE', #410, #5142, #5046 ) ;
#4640 = VECTOR ( 'NONE', #7499, 1000.000000000000000 ) ;
#4641 = ORIENTED_EDGE ( 'NONE', *, *, #1494, .T. ) ;
#4642 = DIRECTION ( 'NONE',  ( 1.000000000000000000, 0.000000000000000000, 0.000000000000000000 ) ) ;
#4643 = CARTESIAN_POINT ( 'NONE',  ( -18.40000000000000213, 1.193228691570355688E-14, 0.000000000000000000 ) ) ;
#4644 = CARTESIAN_POINT ( 'NONE',  ( -9.462144240398957962, 0.9958251675309922613, -6.776263578034401480E-17 ) ) ;
#4645 = EDGE_CURVE ( 'NONE', #6522, #2998, #401, .T. ) ;
#4646 = CARTESIAN_POINT ( 'NONE',  ( -12.60000000000000497, -13.19999999999999929, -14.69999999999998863 ) ) ;
#4647 = ADVANCED_FACE ( 'NONE', ( #7643, #5577, #8357 ), #8317, .T. ) ;
#4648 = VECTOR ( 'NONE', #4811, 1000.000000000000000 ) ;
#4649 = CARTESIAN_POINT ( 'NONE',  ( 3.140548780487870673, 4.337418815595110111, -0.2000000000000000111 ) ) ;
#4650 = VECTOR ( 'NONE', #7192, 1000.000000000000000 ) ;
#4651 = CARTESIAN_POINT ( 'NONE',  ( -9.067754980697172229, 1.274704614987975493, -0.2000000000000000111 ) ) ;
#4652 = EDGE_LOOP ( 'NONE', ( #245, #2064, #2026, #5719 ) ) ;
#4653 = CARTESIAN_POINT ( 'NONE',  ( -0.8234427284489419518, 2.418043051161473223, -0.2000000000000000111 ) ) ;
#4654 = VERTEX_POINT ( 'NONE', #3436 ) ;
#4655 = VECTOR ( 'NONE', #4634, 1000.000000000000000 ) ;
#4656 = CARTESIAN_POINT ( 'NONE',  ( -8.115525600448091126, 1.606715776763676606, -0.2000000000000000111 ) ) ;
#4657 = VECTOR ( 'NONE', #5573, 1000.000000000000000 ) ;
#4658 = CARTESIAN_POINT ( 'NONE',  ( 0.2502634244804008978, 3.346847211050594684, -0.2000000000000000666 ) ) ;
#4659 = CARTESIAN_POINT ( 'NONE',  ( -2.239024390243838258, 2.093516376570719206, 0.000000000000000000 ) ) ;
#4660 = EDGE_CURVE ( 'NONE', #772, #8578, #2224, .T. ) ;
#4661 = CARTESIAN_POINT ( 'NONE',  ( -5.447920101740020726, 0.9724837940354250643, 0.000000000000000000 ) ) ;
#4662 = CARTESIAN_POINT ( 'NONE',  ( 2.571559879171558816, 3.986805932292392107, -0.2000000000000000666 ) ) ;
#4663 = CARTESIAN_POINT ( 'NONE',  ( -1.652783515363061895, 2.144549058168365718, -0.2000000000000000111 ) ) ;
#4664 = CARTESIAN_POINT ( 'NONE',  ( -0.6273221111811182471, 3.422787475092496035, -0.2000000000000000111 ) ) ;
#4665 = AXIS2_PLACEMENT_3D ( 'NONE', #2291, #243, #8470 ) ;
#4666 = ORIENTED_EDGE ( 'NONE', *, *, #7993, .T. ) ;
#4667 = ORIENTED_EDGE ( 'NONE', *, *, #4056, .T. ) ;
#4668 = CARTESIAN_POINT ( 'NONE',  ( 6.227808503120347616, -1.849989268083281901, 0.000000000000000000 ) ) ;
#4669 = CARTESIAN_POINT ( 'NONE',  ( -0.1605182926828624401, 4.337418815595110111, -0.2000000000000000111 ) ) ;
#4670 = VECTOR ( 'NONE', #7712, 1000.000000000000000 ) ;
#4671 = EDGE_CURVE ( 'NONE', #3608, #1587, #2736, .T. ) ;
#4672 = FACE_OUTER_BOUND ( 'NONE', #4553, .T. ) ;
#4673 = CARTESIAN_POINT ( 'NONE',  ( -9.578293292170247497, 0.9759608183119626856, -0.2000000000000000944 ) ) ;
#4674 = CARTESIAN_POINT ( 'NONE',  ( 1.080770785618960561, 1.252941279892964666, 0.000000000000000000 ) ) ;
#4675 = CIRCLE ( 'NONE', #8261, 2.000000000000000000 ) ;
#4676 = VERTEX_POINT ( 'NONE', #5083 ) ;
#4677 = CARTESIAN_POINT ( 'NONE',  ( 0.2815095500749162927, 1.323245161001071146, -0.2000000000000000111 ) ) ;
#4678 = VERTEX_POINT ( 'NONE', #4996 ) ;
#4679 = EDGE_CURVE ( 'NONE', #3721, #2840, #7821, .T. ) ;
#4680 = LINE ( 'NONE', #6696, #5665 ) ;
#4681 = CARTESIAN_POINT ( 'NONE',  ( -0.5809150692267629479, 3.497631737414145014, 2.710505431213761085E-17 ) ) ;
#4682 = CARTESIAN_POINT ( 'NONE',  ( -6.363449860761214438, 3.139962037003112716, -0.1999999999999999833 ) ) ;
#4683 = APPROVAL_PERSON_ORGANIZATION ( #8221, #2788, #6910 ) ;
#4684 = CARTESIAN_POINT ( 'NONE',  ( -10.48292682926822827, 1.966991986326817043, 0.000000000000000000 ) ) ;
#4685 = FACE_OUTER_BOUND ( 'NONE', #3188, .T. ) ;
#4686 = VERTEX_POINT ( 'NONE', #8405 ) ;
#4687 = ORIENTED_EDGE ( 'NONE', *, *, #6885, .T. ) ;
#4688 = DIRECTION ( 'NONE',  ( -1.000000000000000000, 0.000000000000000000, 0.000000000000000000 ) ) ;
#4689 = CARTESIAN_POINT ( 'NONE',  ( -7.504241902458131719, 2.344829557867388559, -0.2000000000000000666 ) ) ;
#4690 = CARTESIAN_POINT ( 'NONE',  ( -5.394375108453368206, 0.2413237917613354488, -0.2000000000000000111 ) ) ;
#4691 = LINE ( 'NONE', #4733, #693 ) ;
#4692 = PLANE ( 'NONE',  #8687 ) ;
#4693 = CARTESIAN_POINT ( 'NONE',  ( -8.995677051894441334, 1.425958295336195558, -0.2000000000000000111 ) ) ;
#4694 = ORIENTED_EDGE ( 'NONE', *, *, #7660, .T. ) ;
#4695 = EDGE_CURVE ( 'NONE', #1831, #2348, #2982, .T. ) ;
#4696 = CARTESIAN_POINT ( 'NONE',  ( -0.6273221111811182471, 3.422787475092496035, -1.897353801849632760E-16 ) ) ;
#4697 = VERTEX_POINT ( 'NONE', #6515 ) ;
#4698 = CARTESIAN_POINT ( 'NONE',  ( -5.233991072424126756, 0.9760154270035704682, -2.710505431213761085E-17 ) ) ;
#4699 = CARTESIAN_POINT ( 'NONE',  ( -5.405945121951154952, 4.337418815595110111, 0.000000000000000000 ) ) ;
#4700 = LINE ( 'NONE', #5999, #1263 ) ;
#4701 = CARTESIAN_POINT ( 'NONE',  ( -5.447920101740020726, 0.9724837940354250643, -0.2000000000000000111 ) ) ;
#4702 = CARTESIAN_POINT ( 'NONE',  ( -7.649873333299993305, -13.69999999999999929, -2.000000000000000000 ) ) ;
#4703 = CARTESIAN_POINT ( 'NONE',  ( -0.7879743790951386773, 1.648373868725017122, 0.000000000000000000 ) ) ;
#4704 = LINE ( 'NONE', #2023, #7389 ) ;
#4705 = VERTEX_POINT ( 'NONE', #6378 ) ;
#4706 = EDGE_CURVE ( 'NONE', #267, #7928, #6327, .T. ) ;
#4707 = ORIENTED_EDGE ( 'NONE', *, *, #2416, .T. ) ;
#4708 = CARTESIAN_POINT ( 'NONE',  ( 12.90000000000000213, 15.70133359925599414, -14.69999999999998863 ) ) ;
#4709 = CARTESIAN_POINT ( 'NONE',  ( 0.000000000000000000, 0.000000000000000000, -0.2000000000000000111 ) ) ;
#4710 = CARTESIAN_POINT ( 'NONE',  ( 12.89999999999999858, -14.19999999999999929, -14.69999999999998863 ) ) ;
#4711 = CARTESIAN_POINT ( 'NONE',  ( -4.894537725921159321, 1.031135400469056274, 0.000000000000000000 ) ) ;
#4712 = CARTESIAN_POINT ( 'NONE',  ( 0.1622096848955603687, 4.309544534380692404, -8.131516293641283255E-17 ) ) ;
#4713 = CARTESIAN_POINT ( 'NONE',  ( 6.227808503120348504, -8.113779781068901187, -0.2000000000000000111 ) ) ;
#4714 = VERTEX_POINT ( 'NONE', #973 ) ;
#4715 = EDGE_CURVE ( 'NONE', #4880, #999, #4219, .T. ) ;
#4716 = EDGE_LOOP ( 'NONE', ( #5092, #897, #1119, #4207, #4358, #2856 ) ) ;
#4717 = LINE ( 'NONE', #5974, #5227 ) ;
#4718 = ORIENTED_EDGE ( 'NONE', *, *, #7113, .T. ) ;
#4719 = CARTESIAN_POINT ( 'NONE',  ( -0.8240783704643577234, 2.189794896137515323, 0.000000000000000000 ) ) ;
#4720 = DIRECTION ( 'NONE',  ( -0.000000000000000000, -0.000000000000000000, 1.000000000000000000 ) ) ;
#4721 = CARTESIAN_POINT ( 'NONE',  ( -6.495196441223255235, 2.924956708823938101, 2.710505431213761085E-17 ) ) ;
#4722 = CARTESIAN_POINT ( 'NONE',  ( 0.8516563563381877033, 0.7812411473737569390, 0.000000000000000000 ) ) ;
#4723 = APPROVAL_STATUS ( 'not_yet_approved' ) ;
#4724 = CARTESIAN_POINT ( 'NONE',  ( -4.641877136151781436, 3.469839840442625611, -0.2000000000000000111 ) ) ;
#4725 = ORIENTED_EDGE ( 'NONE', *, *, #5308, .F. ) ;
#4726 = ADVANCED_FACE ( 'NONE', ( #7911 ), #8490, .F. ) ;
#4727 = B_SPLINE_CURVE_WITH_KNOTS ( 'NONE', 3,
 ( #3807, #2466, #3757, #5953, #5196, #8703, #1133, #2563, #5290, #8025, #6716 ),
 .UNSPECIFIED., .F., .F.,
 ( 4, 1, 1, 1, 1, 1, 1, 1, 4 ),
 ( 0.000000000000000000, 0.1330092017221976008, 0.2632414808529634498, 0.3907331143173737864, 0.5161618370489994279, 0.6393374629047401392, 0.7609803316414359697, 0.8809896931858357538, 1.000000000000000000 ),
 .UNSPECIFIED. ) ;
#4728 = ORIENTED_EDGE ( 'NONE', *, *, #6885, .F. ) ;
#4729 = CARTESIAN_POINT ( 'NONE',  ( -4.434146341463349295, 3.361809059497548713, 0.000000000000000000 ) ) ;
#4730 = B_SPLINE_SURFACE_WITH_KNOTS ( 'NONE', 3, 1, ( 
 ( #3482, #6168 ),
 ( #6259, #143 ),
 ( #7651, #1560 ),
 ( #6297, #1395 ),
 ( #2860, #5584 ),
 ( #2772, #5457 ),
 ( #8326, #6211 ),
 ( #8243, #3405 ),
 ( #6846, #6128 ),
 ( #5499, #4832 ),
 ( #2187, #100 ),
 ( #4915, #8366 ),
 ( #3574, #1520 ),
 ( #7568, #1434 ),
 ( #4247, #851 ),
 ( #4156, #2822 ),
 ( #181, #2233 ),
 ( #4963, #7698 ),
 ( #5547, #4285 ) ),
 .UNSPECIFIED., .F., .F., .F.,
 ( 4, 1, 1, 1, 1, 1, 1, 1, 1, 1, 1, 1, 1, 1, 1, 1, 4 ),
 ( 2, 2 ),
 ( 0.000000000000000000, 0.06188749002223437046, 0.1202175273264249888, 0.1758686317863520920, 0.2292942099036233417, 0.2815538116576481453, 0.3336564132219083656, 0.3859326279123713177, 0.4400483850856385937, 0.4962348780494578726, 0.5552239600138239028, 0.6180023903447018352, 0.6847365056281823348, 0.7559247216318568663, 0.8321351323673203959, 0.9134215907576416216, 1.000000000000000000 ),
 ( 0.000000000000000000, 1.000000000000000000 ),
 .UNSPECIFIED. ) ;
#4731 = CARTESIAN_POINT ( 'NONE',  ( 0.3499472549732309812, 1.586706671524268808, -0.2000000000000000666 ) ) ;
#4732 = DIRECTION ( 'NONE',  ( -1.000000000000000000, 0.000000000000000000, 0.000000000000000000 ) ) ;
#4733 = CARTESIAN_POINT ( 'NONE',  ( 1.209717175795394617, 12.60052523055713536, -1.000000000000000000 ) ) ;
#4734 = CARTESIAN_POINT ( 'NONE',  ( 0.3951219512195770500, 2.286351742424377775, 0.000000000000000000 ) ) ;
#4735 = CARTESIAN_POINT ( 'NONE',  ( 0.000000000000000000, 0.000000000000000000, 0.000000000000000000 ) ) ;
#4736 = ORIENTED_EDGE ( 'NONE', *, *, #6852, .T. ) ;
#4737 = CARTESIAN_POINT ( 'NONE',  ( -11.36097560975603216, 4.288638327790232019, -0.2000000000000000111 ) ) ;
#4738 = ORIENTED_EDGE ( 'NONE', *, *, #177, .T. ) ;
#4739 = DIRECTION ( 'NONE',  ( 0.000000000000000000, -0.000000000000000000, -1.000000000000000000 ) ) ;
#4740 = CARTESIAN_POINT ( 'NONE',  ( -9.165190260387808152, 1.153964883111322504, -5.421010862427522170E-17 ) ) ;
#4741 = CARTESIAN_POINT ( 'NONE',  ( -4.668223553739449194, 0.3562540462688973952, -0.2000000000000000111 ) ) ;
#4742 = LINE ( 'NONE', #3990, #4959 ) ;
#4743 = CARTESIAN_POINT ( 'NONE',  ( -5.537528093392332096, 0.9742816644487641842, 0.000000000000000000 ) ) ;
#4744 = CARTESIAN_POINT ( 'NONE',  ( -10.28861626715297284, 1.219496516131247654, -0.2000000000000001776 ) ) ;
#4745 = LINE ( 'NONE', #7479, #1518 ) ;
#4746 = CARTESIAN_POINT ( 'NONE',  ( -5.405945121951154952, 4.337418815595110111, -0.2000000000000000389 ) ) ;
#4747 = ORIENTED_EDGE ( 'NONE', *, *, #6286, .F. ) ;
#4748 = VERTEX_POINT ( 'NONE', #396 ) ;
#4749 = CARTESIAN_POINT ( 'NONE',  ( -0.5257327210829477737, 0.9942187320811345375, -2.710505431213760777E-17 ) ) ;
#4750 = CARTESIAN_POINT ( 'NONE',  ( -2.239024390243838258, 2.093516376570719206, 0.000000000000000000 ) ) ;
#4751 = CARTESIAN_POINT ( 'NONE',  ( 2.531869429840653662, 3.204651138334718041, 0.000000000000000000 ) ) ;
#4752 = CARTESIAN_POINT ( 'NONE',  ( -9.696341463414569262, 0.9715651570585241981, -0.2000000000000000389 ) ) ;
#4753 = EDGE_CURVE ( 'NONE', #3618, #3608, #4456, .T. ) ;
#4754 = CARTESIAN_POINT ( 'NONE',  ( -1.441833833014983801, 3.491672032928323510, -0.2000000000000000111 ) ) ;
#4755 = EDGE_CURVE ( 'NONE', #2472, #1949, #2445, .T. ) ;
#4756 = DIRECTION ( 'NONE',  ( -0.000000000000000000, 1.000000000000000000, -0.000000000000000000 ) ) ;
#4757 = ORIENTED_EDGE ( 'NONE', *, *, #5262, .T. ) ;
#4758 = ORIENTED_EDGE ( 'NONE', *, *, #1975, .F. ) ;
#4759 = LINE ( 'NONE', #3330, #7952 ) ;
#4760 = ORIENTED_EDGE ( 'NONE', *, *, #794, .T. ) ;
#4761 = CARTESIAN_POINT ( 'NONE',  ( -0.3535950707918947833, 0.8934671422819039366, -0.2000000000000000111 ) ) ;
#4762 = CARTESIAN_POINT ( 'NONE',  ( 0.1209751974716691963, 3.565992644311866133, -0.1999999999999999833 ) ) ;
#4763 = CARTESIAN_POINT ( 'NONE',  ( 0.5714933933504563468, 4.142785288942580024, -5.421010862427522170E-17 ) ) ;
#4764 = CARTESIAN_POINT ( 'NONE',  ( -0.8044698233079311533, 1.782482479452609514, -8.131516293641283255E-17 ) ) ;
#4765 = DIRECTION ( 'NONE',  ( 0.000000000000000000, 0.000000000000000000, 1.000000000000000000 ) ) ;
#4766 = CARTESIAN_POINT ( 'NONE',  ( -10.48292682926822827, 1.966991986326817043, 0.000000000000000000 ) ) ;
#4767 = ADVANCED_FACE ( 'NONE', ( #7770 ), #7189, .F. ) ;
#4768 = VERTEX_POINT ( 'NONE', #5176 ) ;
#4769 = ORIENTED_EDGE ( 'NONE', *, *, #6557, .F. ) ;
#4770 = EDGE_LOOP ( 'NONE', ( #701, #5630, #407, #4738 ) ) ;
#4771 = FACE_OUTER_BOUND ( 'NONE', #1608, .T. ) ;
#4772 = CARTESIAN_POINT ( 'NONE',  ( 0.1941025057986539015, 1.120639510650208726, -0.2000000000000000111 ) ) ;
#4773 = CARTESIAN_POINT ( 'NONE',  ( -10.91155044878031077, 0.6177567897553415399, -2.710505431213761085E-17 ) ) ;
#4774 = CARTESIAN_POINT ( 'NONE',  ( -9.696341463414569262, 0.9715651570585241981, -0.2000000000000000111 ) ) ;
#4775 = CARTESIAN_POINT ( 'NONE',  ( 0.2116965472800875214, 3.430661789084228364, -0.2000000000000000111 ) ) ;
#4776 = CARTESIAN_POINT ( 'NONE',  ( -9.516333612878847603, 0.9854551004417508864, 0.000000000000000000 ) ) ;
#4777 = VECTOR ( 'NONE', #8054, 1000.000000000000000 ) ;
#4778 = AXIS2_PLACEMENT_3D ( 'NONE', #1048, #3769, #4578 ) ;
#4779 = ORIENTED_EDGE ( 'NONE', *, *, #4335, .F. ) ;
#4780 = ORIENTED_EDGE ( 'NONE', *, *, #2345, .T. ) ;
#4781 = DIRECTION ( 'NONE',  ( -0.000000000000000000, 0.000000000000000000, 1.000000000000000000 ) ) ;
#4782 = CARTESIAN_POINT ( 'NONE',  ( -10.48292682926822827, 1.966991986326817043, 0.000000000000000000 ) ) ;
#4783 = FACE_OUTER_BOUND ( 'NONE', #2710, .T. ) ;
#4784 = VECTOR ( 'NONE', #4276, 1000.000000000000000 ) ;
#4785 = AXIS2_PLACEMENT_3D ( 'NONE', #4581, #477, #434 ) ;
#4786 = DIRECTION ( 'NONE',  ( -1.000000000000000000, 0.000000000000000000, 0.000000000000000000 ) ) ;
#4787 = EDGE_CURVE ( 'NONE', #4748, #4768, #346, .T. ) ;
#4788 = CARTESIAN_POINT ( 'NONE',  ( -6.213367085078353114, 1.242498310938399353, -0.2000000000000000111 ) ) ;
#4789 = CARTESIAN_POINT ( 'NONE',  ( -18.39999999999999503, 8.850000000000040501, 0.000000000000000000 ) ) ;
#4790 = CARTESIAN_POINT ( 'NONE',  ( -0.6562637183834929555, 4.264767045845211157, -0.2000000000000000111 ) ) ;
#4791 = CARTESIAN_POINT ( 'NONE',  ( -9.638730630116558729, 0.2418168298104799996, -2.710505431213762318E-17 ) ) ;
#4792 = AXIS2_PLACEMENT_3D ( 'NONE', #5408, #495, #5361 ) ;
#4793 = AXIS2_PLACEMENT_3D ( 'NONE', #7906, #6510, #3064 ) ;
#4794 = VERTEX_POINT ( 'NONE', #7728 ) ;
#4795 = ORIENTED_EDGE ( 'NONE', *, *, #308, .F. ) ;
#4796 = CARTESIAN_POINT ( 'NONE',  ( -0.1848041491870962283, 0.8749152499313025411, -0.2000000000000000111 ) ) ;
#4797 = DIRECTION ( 'NONE',  ( 1.000000000000000000, 0.000000000000000000, -0.000000000000000000 ) ) ;
#4798 = CARTESIAN_POINT ( 'NONE',  ( -8.092682926829203538, 4.288638327790232019, -0.2000000000000000111 ) ) ;
#4799 = CARTESIAN_POINT ( 'NONE',  ( -6.626209985751732923, 2.125404242854509018, -0.2000000000000000111 ) ) ;
#4800 = VECTOR ( 'NONE', #24, 1000.000000000000000 ) ;
#4801 = CARTESIAN_POINT ( 'NONE',  ( -0.1605182926828624679, 4.337418815595110111, -0.2000000000000000111 ) ) ;
#4802 = CIRCLE ( 'NONE', #942, 2.000000000000000000 ) ;
#4803 = CARTESIAN_POINT ( 'NONE',  ( -4.434146341463350183, 1.215467596082914659, 8.131516293641283255E-17 ) ) ;
#4804 = VERTEX_POINT ( 'NONE', #3119 ) ;
#4805 = VECTOR ( 'NONE', #3280, 1000.000000000000000 ) ;
#4806 = CARTESIAN_POINT ( 'NONE',  ( -5.233991072424126756, 0.9760154270035704682, -0.2000000000000000111 ) ) ;
#4807 = EDGE_CURVE ( 'NONE', #1819, #390, #5132, .T. ) ;
#4808 = EDGE_LOOP ( 'NONE', ( #6463, #4593, #4596, #1993 ) ) ;
#4809 = CARTESIAN_POINT ( 'NONE',  ( -0.5360522519604586922, 1.007708864044948527, -0.2000000000000000111 ) ) ;
#4810 = CARTESIAN_POINT ( 'NONE',  ( 0.2026059126783409103, 3.451592817395154889, -0.2000000000000000111 ) ) ;
#4811 = DIRECTION ( 'NONE',  ( -1.000000000000000000, 0.000000000000000000, 0.000000000000000000 ) ) ;
#4812 = CARTESIAN_POINT ( 'NONE',  ( -0.7657336898937426861, 1.525103295726003783, -0.2000000000000000111 ) ) ;
#4813 = CARTESIAN_POINT ( 'NONE',  ( -7.214331220220034702, 1.064524440280507189, 0.000000000000000000 ) ) ;
#4814 = AXIS2_PLACEMENT_3D ( 'NONE', #7193, #3328, #5180 ) ;
#4815 = VERTEX_POINT ( 'NONE', #922 ) ;
#4816 = ORIENTED_EDGE ( 'NONE', *, *, #2978, .T. ) ;
#4817 = EDGE_CURVE ( 'NONE', #5228, #7245, #1729, .T. ) ;
#4818 = VERTEX_POINT ( 'NONE', #3647 ) ;
#4819 = VECTOR ( 'NONE', #4152, 1000.000000000000000 ) ;
#4820 = CARTESIAN_POINT ( 'NONE',  ( 2.834146341463479768, 0.2886383277902315192, 0.000000000000000000 ) ) ;
#4821 = CARTESIAN_POINT ( 'NONE',  ( 2.026603984165249450, 3.037212153332074394, -0.2000000000000000111 ) ) ;
#4822 = CARTESIAN_POINT ( 'NONE',  ( -11.22019351512742702, 1.087724349729659590, 1.355252715606880543E-17 ) ) ;
#4823 = CARTESIAN_POINT ( 'NONE',  ( -9.799999999999995381, 8.850000000000033396, -8.800000000000000711 ) ) ;
#4824 = CARTESIAN_POINT ( 'NONE',  ( 9.700000000000004619, -8.800000000000004263, -1.000000000000000000 ) ) ;
#4825 = CARTESIAN_POINT ( 'NONE',  ( -8.968082457676420205, 1.512377416868027291, 0.000000000000000000 ) ) ;
#4826 = AXIS2_PLACEMENT_3D ( 'NONE', #5490, #8358, #6202 ) ;
#4827 = EDGE_LOOP ( 'NONE', ( #2809, #5907, #2325, #6092 ) ) ;
#4828 = EDGE_CURVE ( 'NONE', #279, #7723, #8583, .T. ) ;
#4829 = B_SPLINE_CURVE_WITH_KNOTS ( 'NONE', 3,
 ( #7759, #5693, #7000, #4403, #961, #2210, #6412, #1005, #3687, #3635 ),
 .UNSPECIFIED., .F., .F.,
 ( 4, 2, 2, 2, 4 ),
 ( 0.000000000000000000, 0.0002896119648343929384, 0.0005792239296687858767, 0.0008688358945031788693, 0.001158447859337571753 ),
 .UNSPECIFIED. ) ;
#4830 = ORIENTED_EDGE ( 'NONE', *, *, #1022, .F. ) ;
#4831 = CARTESIAN_POINT ( 'NONE',  ( -9.755030487804813077, 0.2398578399853534548, -0.2000000000000000111 ) ) ;
#4832 = CARTESIAN_POINT ( 'NONE',  ( -1.303628620032350804, 0.7358099564939301063, 0.000000000000000000 ) ) ;
#4833 = PLANE ( 'NONE',  #8504 ) ;
#4834 = LINE ( 'NONE', #54, #7105 ) ;
#4835 = CARTESIAN_POINT ( 'NONE',  ( -6.377921421609263675, 1.417553004502311254, 0.000000000000000000 ) ) ;
#4836 = FACE_OUTER_BOUND ( 'NONE', #3189, .T. ) ;
#4837 = CARTESIAN_POINT ( 'NONE',  ( -0.8044698233079311533, 1.782482479452609514, 0.000000000000000000 ) ) ;
#4838 = CARTESIAN_POINT ( 'NONE',  ( -8.092682926829203538, 2.020345644863402068, 0.000000000000000000 ) ) ;
#4839 = VERTEX_POINT ( 'NONE', #1956 ) ;
#4840 = ORIENTED_EDGE ( 'NONE', *, *, #5546, .T. ) ;
#4841 = EDGE_CURVE ( 'NONE', #8314, #7616, #5350, .T. ) ;
#4842 = CARTESIAN_POINT ( 'NONE',  ( 6.227808503120348504, -4.290105172783861498, -0.2000000000000000111 ) ) ;
#4843 = CARTESIAN_POINT ( 'NONE',  ( 0.07146167309213803664, 4.323741167521736095, -0.2000000000000000111 ) ) ;
#4844 = DIRECTION ( 'NONE',  ( 0.000000000000000000, -1.000000000000000000, 0.000000000000000000 ) ) ;
#4845 = LINE ( 'NONE', #8168, #920 ) ;
#4846 = CARTESIAN_POINT ( 'NONE',  ( -0.3338660597349740744, 4.332888016728503544, -0.2000000000000000111 ) ) ;
#4847 = FACE_OUTER_BOUND ( 'NONE', #7055, .T. ) ;
#4848 = EDGE_LOOP ( 'NONE', ( #6386, #168, #3009, #8019, #2314, #1597, #1030 ) ) ;
#4849 = EDGE_CURVE ( 'NONE', #2546, #6619, #1021, .T. ) ;
#4850 = CARTESIAN_POINT ( 'NONE',  ( -5.405945121951154952, 4.337418815595110111, -0.2000000000000000389 ) ) ;
#4851 = CARTESIAN_POINT ( 'NONE',  ( -7.461458689597540328, 1.689873301469792644, -0.1999999999999999833 ) ) ;
#4852 = CARTESIAN_POINT ( 'NONE',  ( 2.800912819326998537, 3.366763750850696457, -0.2000000000000001499 ) ) ;
#4853 = CARTESIAN_POINT ( 'NONE',  ( -0.1221210158950321589, 3.699628889887331074, -0.2000000000000001221 ) ) ;
#4854 = CARTESIAN_POINT ( 'NONE',  ( 1.032671066569559093, 3.545473332629561103, -0.2000000000000000666 ) ) ;
#4855 = DIRECTION ( 'NONE',  ( 0.000000000000000000, 1.000000000000000000, 0.000000000000000000 ) ) ;
#4856 = CARTESIAN_POINT ( 'NONE',  ( 2.767617710606457671, 3.340579030657719439, -6.776263578034406410E-17 ) ) ;
#4857 = ADVANCED_FACE ( 'NONE', ( #4009 ), #7128, .F. ) ;
#4858 = EDGE_LOOP ( 'NONE', ( #7704, #7182, #8164, #3236, #3208, #6673, #2034, #2726, #4554, #1778, #4205, #4949, #4509, #1872, #7333, #1118 ) ) ;
#4859 = VERTEX_POINT ( 'NONE', #8626 ) ;
#4860 = VERTEX_POINT ( 'NONE', #2488 ) ;
#4861 = CARTESIAN_POINT ( 'NONE',  ( -18.39999999999999147, 13.70133359925599414, 0.000000000000000000 ) ) ;
#4862 = FACE_OUTER_BOUND ( 'NONE', #4115, .T. ) ;
#4863 = LINE ( 'NONE', #881, #1937 ) ;
#4864 = LINE ( 'NONE', #802, #3263 ) ;
#4865 = EDGE_CURVE ( 'NONE', #5534, #1092, #7960, .T. ) ;
#4866 = CARTESIAN_POINT ( 'NONE',  ( 0.000000000000000000, 0.000000000000000000, 0.000000000000000000 ) ) ;
#4867 = EDGE_CURVE ( 'NONE', #8001, #3721, #4180, .T. ) ;
#4868 = VERTEX_POINT ( 'NONE', #8178 ) ;
#4869 = ORIENTED_EDGE ( 'NONE', *, *, #169, .T. ) ;
#4870 = CARTESIAN_POINT ( 'NONE',  ( -10.60168433958061662, 0.4056644166881634428, -0.2000000000000000111 ) ) ;
#4871 = LINE ( 'NONE', #2108, #7204 ) ;
#4872 = CARTESIAN_POINT ( 'NONE',  ( -6.249718622710906502, 1.273712563581197665, -6.776263578034400247E-17 ) ) ;
#4873 = CARTESIAN_POINT ( 'NONE',  ( 6.227808503120348504, -5.822408242112043553, 5.332894443888950065 ) ) ;
#4874 = FACE_OUTER_BOUND ( 'NONE', #6197, .T. ) ;
#4875 = CARTESIAN_POINT ( 'NONE',  ( 0.3398745332983227896, 3.030452397208966087, 0.000000000000000000 ) ) ;
#4876 = ADVANCED_FACE ( 'NONE', ( #6239 ), #7590, .T. ) ;
#4877 = PLANE ( 'NONE',  #6954 ) ;
#4878 = MANIFOLD_SOLID_BREP ( '凸台-拉伸10[2]', #1061 ) ;
#4879 = ORIENTED_EDGE ( 'NONE', *, *, #8319, .F. ) ;
#4880 = VERTEX_POINT ( 'NONE', #125 ) ;
#4881 = CARTESIAN_POINT ( 'NONE',  ( -0.1367322732691983178, 0.8767032650480659495, -0.2000000000000000111 ) ) ;
#4882 = CARTESIAN_POINT ( 'NONE',  ( 1.223011862166448971, 2.432786914037249115, -0.2000000000000000111 ) ) ;
#4883 = CARTESIAN_POINT ( 'NONE',  ( -10.85473517312060743, 0.5688667969033580629, -0.1999999999999999278 ) ) ;
#4884 = CARTESIAN_POINT ( 'NONE',  ( -5.986255008525100507, 3.463146054101460258, 0.000000000000000000 ) ) ;
#4885 = B_SPLINE_SURFACE_WITH_KNOTS ( 'NONE', 3, 1, ( 
 ( #7101, #348 ),
 ( #3073, #5745 ),
 ( #442, #1059 ),
 ( #264, #1687 ),
 ( #1113, #8585 ),
 ( #2447, #975 ),
 ( #1731, #5796 ),
 ( #5178, #7962 ),
 ( #3739, #5085 ),
 ( #5882, #2404 ),
 ( #7286, #7913 ),
 ( #7824, #3698 ),
 ( #6425, #7240 ),
 ( #4416, #6468 ),
 ( #1772, #5134 ),
 ( #4501, #6564 ),
 ( #1825, #305 ),
 ( #1909, #2542 ),
 ( #8766, #661 ) ),
 .UNSPECIFIED., .F., .F., .F.,
 ( 4, 1, 1, 1, 1, 1, 1, 1, 1, 1, 1, 1, 1, 1, 1, 1, 4 ),
 ( 2, 2 ),
 ( 0.000000000000000000, 0.06829530759195533152, 0.1338722888349734574, 0.1972425717034613224, 0.2590429956733958372, 0.3197453833583545069, 0.3798670893547900773, 0.4405902187777475110, 0.5021001118074178704, 0.5635464641333052249, 0.6239891921254723250, 0.6838667489231174956, 0.7441336168292124187, 0.8051451265305925586, 0.8676797404855067786, 0.9326108213592779750, 1.000000000000000000 ),
 ( 0.000000000000000000, 1.000000000000000000 ),
 .UNSPECIFIED. ) ;
#4886 = CARTESIAN_POINT ( 'NONE',  ( 0.6857142043570166878, 4.054950014612479059, -0.2000000000000000111 ) ) ;
#4887 = EDGE_CURVE ( 'NONE', #3581, #4508, #6825, .T. ) ;
#4888 = CARTESIAN_POINT ( 'NONE',  ( -4.657777741524378179, 1.107566443935680489, 8.131516293641283255E-17 ) ) ;
#4889 = ORIENTED_EDGE ( 'NONE', *, *, #8040, .F. ) ;
#4890 = MANIFOLD_SOLID_BREP ( '凸台-拉伸10[4]', #3766 ) ;
#4891 = LINE ( 'NONE', #8263, #7379 ) ;
#4892 = CARTESIAN_POINT ( 'NONE',  ( 6.227808503120347616, -1.849989268083281901, 5.332894443888950065 ) ) ;
#4893 = DIRECTION ( 'NONE',  ( -0.000000000000000000, -0.000000000000000000, 1.000000000000000000 ) ) ;
#4894 = DIRECTION ( 'NONE',  ( -0.000000000000000000, 1.000000000000000000, 0.000000000000000000 ) ) ;
#4895 = CARTESIAN_POINT ( 'NONE',  ( 14.65000000000000213, 14.20133359925599414, -14.69999999999998863 ) ) ;
#4896 = CARTESIAN_POINT ( 'NONE',  ( 0.09461042458703598779, 0.2697216927966377131, -0.2000000000000000111 ) ) ;
#4897 = CALENDAR_DATE ( 2026, 24, 6 ) ;
#4898 = CARTESIAN_POINT ( 'NONE',  ( -7.436784533329104718, 1.586441787580735063, 0.000000000000000000 ) ) ;
#4899 = EDGE_CURVE ( 'NONE', #426, #7046, #3427, .T. ) ;
#4900 = VERTEX_POINT ( 'NONE', #6959 ) ;
#4901 = ORIENTED_EDGE ( 'NONE', *, *, #907, .F. ) ;
#4902 = CARTESIAN_POINT ( 'NONE',  ( 12.90000000000000213, 14.20133359925599414, -14.69999999999998863 ) ) ;
#4903 = ORIENTED_EDGE ( 'NONE', *, *, #7660, .F. ) ;
#4904 = DIRECTION ( 'NONE',  ( -0.000000000000000000, -0.000000000000000000, -1.000000000000000000 ) ) ;
#4905 = CARTESIAN_POINT ( 'NONE',  ( 0.3913285007316862352, 2.005642171575521271, -0.2000000000000000111 ) ) ;
#4906 = CARTESIAN_POINT ( 'NONE',  ( -5.358427937932918717, 4.336983147146935558, -0.2000000000000000111 ) ) ;
#4907 = CARTESIAN_POINT ( 'NONE',  ( -8.092682926829203538, 2.020345644863402068, 0.000000000000000000 ) ) ;
#4908 = CYLINDRICAL_SURFACE ( 'NONE', #3248, 1.749999999999999778 ) ;
#4909 = ORIENTED_EDGE ( 'NONE', *, *, #8642, .T. ) ;
#4910 = VECTOR ( 'NONE', #2592, 1000.000000000000000 ) ;
#4911 = EDGE_LOOP ( 'NONE', ( #3491, #2315, #2955, #1264 ) ) ;
#4912 = B_SPLINE_CURVE_WITH_KNOTS ( 'NONE', 3,
 ( #4300, #7033, #6404, #6447, #904, #3004, #3626, #6356, #1665, #952, #7126, #997, #326, #8519, #2383, #8028, #423, #4663, #3812 ),
 .UNSPECIFIED., .F., .F.,
 ( 4, 1, 1, 1, 1, 1, 1, 1, 1, 1, 1, 1, 1, 1, 1, 1, 4 ),
 ( 0.000000000000000000, 0.06188749002223437046, 0.1202175273264249888, 0.1758686317863520920, 0.2292942099036233417, 0.2815538116576481453, 0.3336564132219083656, 0.3859326279123713177, 0.4400483850856385937, 0.4962348780494578726, 0.5552239600138239028, 0.6180023903447018352, 0.6847365056281823348, 0.7559247216318568663, 0.8321351323673203959, 0.9134215907576416216, 1.000000000000000000 ),
 .UNSPECIFIED. ) ;
#4913 = DIRECTION ( 'NONE',  ( -1.000000000000000000, 0.000000000000000000, -0.000000000000000000 ) ) ;
#4914 = EDGE_CURVE ( 'NONE', #4079, #6335, #2086, .T. ) ;
#4915 = CARTESIAN_POINT ( 'NONE',  ( -1.458524561661479257, 1.017208753837950619, -0.2000000000000000111 ) ) ;
#4916 = CARTESIAN_POINT ( 'NONE',  ( 0.3870073716134367903, 2.615008198261032035, -2.710505431213761085E-17 ) ) ;
#4917 = CARTESIAN_POINT ( 'NONE',  ( -1.607303564547913677, 1.554264770030706400, -0.2000000000000000111 ) ) ;
#4918 = CARTESIAN_POINT ( 'NONE',  ( 8.411753555706741992, -6.581476711740719132, -0.2000000000000000111 ) ) ;
#4919 = CARTESIAN_POINT ( 'NONE',  ( -8.092682926829203538, 4.288638327790232019, 0.000000000000000000 ) ) ;
#4920 = VECTOR ( 'NONE', #5069, 1000.000000000000000 ) ;
#4921 = B_SPLINE_CURVE_WITH_KNOTS ( 'NONE', 3,
 ( #6868, #4138, #5527, #7589, #8856, #2039, #4810, #4762, #3334, #3512, #6054, #4853, #33, #2713 ),
 .UNSPECIFIED., .F., .F.,
 ( 4, 2, 2, 2, 2, 2, 4 ),
 ( 0.000000000000000000, 0.0008406578721481719040, 0.001050822340185215585, 0.001260986808222259699, 0.001471151276259303597, 0.001576233510277825654, 0.001681315744296347494 ),
 .UNSPECIFIED. ) ;
#4922 = CARTESIAN_POINT ( 'NONE',  ( 9.700000000000004619, 2.099999999999997868, -1.000000000000000000 ) ) ;
#4923 = VERTEX_POINT ( 'NONE', #1498 ) ;
#4924 = VERTEX_POINT ( 'NONE', #4227 ) ;
#4925 = VECTOR ( 'NONE', #1896, 1000.000000000000000 ) ;
#4926 = CARTESIAN_POINT ( 'NONE',  ( -0.6473400542181279027, 3.386013707196636968, -0.2000000000000000389 ) ) ;
#4927 = AXIS2_PLACEMENT_3D ( 'NONE', #3671, #2462, #5814 ) ;
#4928 = EDGE_CURVE ( 'NONE', #6178, #1344, #659, .T. ) ;
#4929 = CARTESIAN_POINT ( 'NONE',  ( -8.878645238981889065, 0.4098949918497432621, 0.000000000000000000 ) ) ;
#4930 = CARTESIAN_POINT ( 'NONE',  ( -9.819877855617791695, 0.2410755669587635874, 8.131516293641283255E-17 ) ) ;
#4931 = CARTESIAN_POINT ( 'NONE',  ( -6.092475882770434836, 3.398694402938128079, 0.000000000000000000 ) ) ;
#4932 = DIRECTION ( 'NONE',  ( 0.000000000000000000, 0.000000000000000000, -1.000000000000000000 ) ) ;
#4933 = DIRECTION ( 'NONE',  ( 0.000000000000000000, -0.000000000000000000, -1.000000000000000000 ) ) ;
#4934 = VECTOR ( 'NONE', #8307, 1000.000000000000000 ) ;
#4935 = AXIS2_PLACEMENT_3D ( 'NONE', #5834, #8579, #8621 ) ;
#4936 = ORIENTED_EDGE ( 'NONE', *, *, #5767, .T. ) ;
#4937 = CARTESIAN_POINT ( 'NONE',  ( -5.223034982273691007, 3.603579757176243348, -0.2000000000000000111 ) ) ;
#4938 = B_SPLINE_CURVE_WITH_KNOTS ( 'NONE', 3,
 ( #6315, #7627, #291, #5067, #6956, #2207, #831, #7677, #1541, #3591, #199, #4305, #5777, #3053, #472, #6081, #8613, #521 ),
 .UNSPECIFIED., .F., .F.,
 ( 4, 2, 2, 2, 2, 2, 2, 2, 4 ),
 ( 0.000000000000000000, 0.0003457722384499270084, 0.0006915444768998540168, 0.001383088953799709551, 0.001728861192249637590, 0.002074633430699565195, 0.002420405669149493233, 0.002593291788374457469, 0.002766177907599421705 ),
 .UNSPECIFIED. ) ;
#4939 = CARTESIAN_POINT ( 'NONE',  ( -1.653658536585301375, 2.224613937546329634, 0.000000000000000000 ) ) ;
#4940 = VECTOR ( 'NONE', #8247, 1000.000000000000000 ) ;
#4941 = AXIS2_PLACEMENT_3D ( 'NONE', #6296, #2896, #3404 ) ;
#4942 = CYLINDRICAL_SURFACE ( 'NONE', #8368, 1.999999999999998224 ) ;
#4943 = DIRECTION ( 'NONE',  ( -7.885106708985496922E-16, 1.000000000000000000, 0.000000000000000000 ) ) ;
#4944 = LINE ( 'NONE', #5780, #6359 ) ;
#4945 = DIRECTION ( 'NONE',  ( 0.000000000000000000, -1.000000000000000000, 0.000000000000000000 ) ) ;
#4946 = APPROVAL_DATE_TIME ( #6153, #2519 ) ;
#4947 = CARTESIAN_POINT ( 'NONE',  ( 0.3946939731005876251, 2.229434755835566939, -1.084202172485504434E-16 ) ) ;
#4948 = VECTOR ( 'NONE', #4468, 1000.000000000000000 ) ;
#4949 = ORIENTED_EDGE ( 'NONE', *, *, #8577, .T. ) ;
#4950 = DIRECTION ( 'NONE',  ( -0.000000000000000000, -0.000000000000000000, 1.000000000000000000 ) ) ;
#4951 = EDGE_CURVE ( 'NONE', #1991, #1589, #4216, .T. ) ;
#4952 = ORIENTED_EDGE ( 'NONE', *, *, #1052, .F. ) ;
#4953 = CARTESIAN_POINT ( 'NONE',  ( 6.227808503120347616, 1.942992058381624698, -0.2000000000000000111 ) ) ;
#4954 = CARTESIAN_POINT ( 'NONE',  ( -0.2192978062811534179, 4.335882492640855901, -5.421010862427522170E-17 ) ) ;
#4955 = CARTESIAN_POINT ( 'NONE',  ( -4.434146341463349295, 3.361809059497548713, 0.000000000000000000 ) ) ;
#4956 = VECTOR ( 'NONE', #3488, 1000.000000000000000 ) ;
#4957 = CARTESIAN_POINT ( 'NONE',  ( -6.400986259384574772, 3.089105583572037350, -2.710505431213761085E-17 ) ) ;
#4958 = CARTESIAN_POINT ( 'NONE',  ( -0.1227475004351675919, 3.700508118555857706, 0.000000000000000000 ) ) ;
#4959 = VECTOR ( 'NONE', #7476, 1000.000000000000000 ) ;
#4960 = ORIENTED_EDGE ( 'NONE', *, *, #5446, .F. ) ;
#4961 = ORIENTED_EDGE ( 'NONE', *, *, #8546, .F. ) ;
#4962 = CARTESIAN_POINT ( 'NONE',  ( -1.653658536585301375, 2.224613937546329634, -0.2000000000000000111 ) ) ;
#4963 = CARTESIAN_POINT ( 'NONE',  ( -1.652783515363061895, 2.144549058168365718, -0.2000000000000000111 ) ) ;
#4964 = CARTESIAN_POINT ( 'NONE',  ( -8.921951219512131104, 4.288638327790232019, -0.2000000000000000111 ) ) ;
#4965 = CARTESIAN_POINT ( 'NONE',  ( -1.519381339962306843, 1.180791088543580614, -0.2000000000000000111 ) ) ;
#4966 = CARTESIAN_POINT ( 'NONE',  ( -6.626209985751732923, 2.125404242854509018, -0.2000000000000000389 ) ) ;
#4967 = FACE_BOUND ( 'NONE', #5697, .T. ) ;
#4968 = CARTESIAN_POINT ( 'NONE',  ( -7.497731195915250169, 2.485254235795916422, -2.710505431213761085E-17 ) ) ;
#4969 = MANIFOLD_SOLID_BREP ( '凸台-拉伸10[5]', #7635 ) ;
#4970 = EDGE_CURVE ( 'NONE', #1630, #7381, #6280, .T. ) ;
#4971 = ORIENTED_EDGE ( 'NONE', *, *, #360, .T. ) ;
#4972 = EDGE_LOOP ( 'NONE', ( #2523, #4779, #6304, #6324 ) ) ;
#4973 = FACE_OUTER_BOUND ( 'NONE', #3655, .T. ) ;
#4974 = CARTESIAN_POINT ( 'NONE',  ( -0.04400139868978208274, 4.334646332617472453, -0.2000000000000000389 ) ) ;
#4975 = PLANE ( 'NONE',  #2659 ) ;
#4976 = CARTESIAN_POINT ( 'NONE',  ( -6.017764309500823749, 1.107745569834587052, -0.2000000000000000111 ) ) ;
#4977 = CARTESIAN_POINT ( 'NONE',  ( 17.80000000000000426, 13.70133359925599059, -2.000000000000000000 ) ) ;
#4978 = LINE ( 'NONE', #2567, #2382 ) ;
#4979 = EDGE_CURVE ( 'NONE', #1116, #2885, #7500, .T. ) ;
#4980 = EDGE_LOOP ( 'NONE', ( #4154, #8548, #3065, #8142 ) ) ;
#4981 = LINE ( 'NONE', #5643, #3941 ) ;
#4982 = B_SPLINE_CURVE_WITH_KNOTS ( 'NONE', 3,
 ( #4699, #5374, #6129, #2731, #7434, #4027, #595, #7347, #1928, #1348, #6036 ),
 .UNSPECIFIED., .F., .F.,
 ( 4, 1, 1, 1, 1, 1, 1, 1, 4 ),
 ( 0.000000000000000000, 0.1441052970052210114, 0.2814325990691562418, 0.4137665814935421738, 0.5412633507710824521, 0.6626265699592561731, 0.7796336414154723116, 0.8920367893129650394, 1.000000000000000000 ),
 .UNSPECIFIED. ) ;
#4983 = CARTESIAN_POINT ( 'NONE',  ( -8.092682926829203538, 4.288638327790232019, -0.2000000000000000111 ) ) ;
#4984 = CARTESIAN_POINT ( 'NONE',  ( 2.834146341463479768, 0.2886383277902315192, -0.2000000000000000111 ) ) ;
#4985 = CARTESIAN_POINT ( 'NONE',  ( 0.004398430518902840883, 4.333518992288737159, -0.2000000000000000111 ) ) ;
#4986 = CARTESIAN_POINT ( 'NONE',  ( -6.179179060244236688, 0.3117689312024466419, 2.710505431213761085E-17 ) ) ;
#4987 = CARTESIAN_POINT ( 'NONE',  ( -0.4192504286391782742, 0.9203946217287056752, -8.131516293641283255E-17 ) ) ;
#4988 = DATE_AND_TIME ( #8271, #2118 ) ;
#4989 = CARTESIAN_POINT ( 'NONE',  ( -0.1848041491870962283, 0.8749152499313025411, -0.2000000000000001221 ) ) ;
#4990 = EDGE_CURVE ( 'NONE', #7281, #8314, #4505, .T. ) ;
#4991 = ORIENTED_EDGE ( 'NONE', *, *, #6862, .F. ) ;
#4992 = CARTESIAN_POINT ( 'NONE',  ( -3.751219512195057337, 2.093516376570719206, -0.2000000000000000111 ) ) ;
#4993 = VERTEX_POINT ( 'NONE', #5605 ) ;
#4994 = PLANE ( 'NONE',  #6064 ) ;
#4995 = CARTESIAN_POINT ( 'NONE',  ( -0.5004446804749497213, 4.307452154668538036, -5.421010862427522170E-17 ) ) ;
#4996 = CARTESIAN_POINT ( 'NONE',  ( -5.405945121951154952, 4.337418815595110111, -0.2000000000000000111 ) ) ;
#4997 = DIRECTION ( 'NONE',  ( 0.000000000000000000, 0.000000000000000000, -1.000000000000000000 ) ) ;
#4998 = DIRECTION ( 'NONE',  ( 1.000000000000000000, 0.000000000000000000, 0.000000000000000000 ) ) ;
#4999 = CARTESIAN_POINT ( 'NONE',  ( -4.795085395356110780, 0.3192034271970399240, -0.2000000000000000944 ) ) ;
#5000 = ADVANCED_FACE ( 'NONE', ( #2843 ), #1184, .F. ) ;
#5001 = EDGE_LOOP ( 'NONE', ( #2146, #2276, #3522, #2044 ) ) ;
#5002 = ORIENTED_EDGE ( 'NONE', *, *, #2004, .F. ) ;
#5003 = EDGE_LOOP ( 'NONE', ( #2419, #469, #7648, #5309 ) ) ;
#5004 = CARTESIAN_POINT ( 'NONE',  ( 1.203142486982355930, 1.852006401344536313, -0.2000000000000000111 ) ) ;
#5005 = CARTESIAN_POINT ( 'NONE',  ( -8.096726484341811414, 1.809090933381502619, -0.2000000000000000111 ) ) ;
#5006 = DIRECTION ( 'NONE',  ( -1.000000000000000000, 1.445602896647376388E-16, -0.000000000000000000 ) ) ;
#5007 = CARTESIAN_POINT ( 'NONE',  ( -0.7181811756050868745, 0.3063799479609574106, -0.2000000000000000111 ) ) ;
#5008 = DIRECTION ( 'NONE',  ( 0.000000000000000000, -1.000000000000000000, 0.000000000000000000 ) ) ;
#5009 = DIRECTION ( 'NONE',  ( 0.000000000000000000, 0.000000000000000000, -1.000000000000000000 ) ) ;
#5010 = ORIENTED_EDGE ( 'NONE', *, *, #7849, .T. ) ;
#5012 = ORIENTED_EDGE ( 'NONE', *, *, #2345, .F. ) ;
#5011 = CARTESIAN_POINT ( 'NONE',  ( -10.17661312753618574, 1.110215362912155390, -1.626303258728256651E-16 ) ) ;
#5013 = CARTESIAN_POINT ( 'NONE',  ( -5.405945121951154952, 4.337418815595110111, -0.2000000000000000111 ) ) ;
#5014 = CARTESIAN_POINT ( 'NONE',  ( 0.3938644332002065873, 2.119113902292020679, -0.2000000000000000111 ) ) ;
#5015 = CARTESIAN_POINT ( 'NONE',  ( 1.138092609803544208, 3.235214321374918711, -0.2000000000000000389 ) ) ;
#5016 = LINE ( 'NONE', #3624, #3795 ) ;
#5017 = DIRECTION ( 'NONE',  ( 9.745637505487684696E-17, 1.000000000000000000, -0.000000000000000000 ) ) ;
#5018 = CARTESIAN_POINT ( 'NONE',  ( -11.36097560975603216, 4.288638327790232019, -0.2000000000000000111 ) ) ;
#5019 = CARTESIAN_POINT ( 'NONE',  ( -4.668223553739449194, 0.3562540462688973952, -2.710505431213761085E-17 ) ) ;
#5020 = ORIENTED_EDGE ( 'NONE', *, *, #5191, .T. ) ;
#5021 = CARTESIAN_POINT ( 'NONE',  ( -10.12834209370794980, 0.2645129558605973652, -0.2000000000000000111 ) ) ;
#5022 = CARTESIAN_POINT ( 'NONE',  ( 3.663414634146407334, 4.337418815595110111, 0.000000000000000000 ) ) ;
#5023 = EDGE_CURVE ( 'NONE', #3963, #7818, #4944, .T. ) ;
#5024 = PLANE ( 'NONE',  #8805 ) ;
#5025 = CARTESIAN_POINT ( 'NONE',  ( 0.7898256761640016776, 3.951800448417381428, -0.2000000000000000111 ) ) ;
#5026 = CARTESIAN_POINT ( 'NONE',  ( -9.879595671967370762, 0.9850184561965571461, -0.2000000000000000111 ) ) ;
#5027 = CARTESIAN_POINT ( 'NONE',  ( -18.39999999999999503, 0.000000000000000000, 0.000000000000000000 ) ) ;
#5028 = CARTESIAN_POINT ( 'NONE',  ( 1.946294851336282106, 3.025856886792944511, -0.2000000000000000666 ) ) ;
#5029 = ORIENTED_EDGE ( 'NONE', *, *, #3785, .T. ) ;
#5030 = FACE_OUTER_BOUND ( 'NONE', #1287, .T. ) ;
#5031 = ORIENTED_EDGE ( 'NONE', *, *, #6683, .T. ) ;
#5032 = LINE ( 'NONE', #5657, #927 ) ;
#5033 = EDGE_CURVE ( 'NONE', #3291, #3608, #872, .T. ) ;
#5034 = CARTESIAN_POINT ( 'NONE',  ( -1.508050125035784506, 3.317728616610084558, -5.421010862427522170E-17 ) ) ;
#5035 = CARTESIAN_POINT ( 'NONE',  ( -8.092682926829203538, 4.288638327790232019, 0.000000000000000000 ) ) ;
#5036 = PLANE ( 'NONE',  #6798 ) ;
#5037 = CARTESIAN_POINT ( 'NONE',  ( -1.551549094040562737, 3.194762540234452608, -2.710505431213757079E-17 ) ) ;
#5038 = CARTESIAN_POINT ( 'NONE',  ( -6.536142879292138552, 0.4464403647917239426, -0.2000000000000000111 ) ) ;
#5039 = B_SPLINE_CURVE_WITH_KNOTS ( 'NONE', 3,
 ( #8776, #2635, #5367, #1954, #7236, #5219, #8090, #1151, #7282, #2537, #8762, #1820, #4631, #3117, #1288, #3202, #5836, #5310 ),
 .UNSPECIFIED., .F., .F.,
 ( 4, 2, 2, 2, 2, 2, 2, 2, 4 ),
 ( 0.000000000000000000, 0.0003855518647474584634, 0.0007711037294949169268, 0.001156655594242375282, 0.001542207458989833854, 0.001927759323737292425, 0.002313311188484750563, 0.002698863053232209135, 0.003084414917979667707 ),
 .UNSPECIFIED. ) ;
#5040 = ORIENTED_EDGE ( 'NONE', *, *, #2945, .F. ) ;
#5041 = ORIENTED_EDGE ( 'NONE', *, *, #4133, .F. ) ;
#5042 = VERTEX_POINT ( 'NONE', #386 ) ;
#5043 = CARTESIAN_POINT ( 'NONE',  ( 1.221014937821819135, 2.079747171191584254, -0.2000000000000000111 ) ) ;
#5044 = EDGE_CURVE ( 'NONE', #956, #3890, #4447, .T. ) ;
#5045 = CARTESIAN_POINT ( 'NONE',  ( -9.557563545111674941, 0.2431840326327392721, -0.2000000000000000111 ) ) ;
#5046 = DIRECTION ( 'NONE',  ( 0.000000000000000000, 0.000000000000000000, 1.000000000000000000 ) ) ;
#5047 = CARTESIAN_POINT ( 'NONE',  ( -0.8574656964166389450, 0.3608892397684140829, -1.084202172485504434E-16 ) ) ;
#5048 = B_SPLINE_CURVE_WITH_KNOTS ( 'NONE', 3,
 ( #2891, #884, #5663, #8449, #8408, #2312, #5038, #7773, #7872, #7915, #3699, #6608, #8630, #2449, #8130, #1115, #445, #2662, #6469 ),
 .UNSPECIFIED., .F., .F.,
 ( 4, 1, 1, 1, 1, 1, 1, 1, 1, 1, 1, 1, 1, 1, 1, 1, 4 ),
 ( 0.000000000000000000, 0.06986013266362349483, 0.1364959834661450822, 0.2001691504350483486, 0.2619233220153758257, 0.3219237446767233002, 0.3811722557665622735, 0.4401955966640528906, 0.4997970133215735022, 0.5592908754538569172, 0.6184805321412675250, 0.6778214824994228671, 0.7380755659707819438, 0.7999160231279343058, 0.8637769852612463550, 0.9303837720956530388, 1.000000000000000000 ),
 .UNSPECIFIED. ) ;
#5049 = CARTESIAN_POINT ( 'NONE',  ( 0.3137657622480861108, 3.146854898740370832, 0.000000000000000000 ) ) ;
#5050 = CARTESIAN_POINT ( 'NONE',  ( 3.450000000000005063, -11.20000000000000107, -2.999999999999999112 ) ) ;
#5051 = VERTEX_POINT ( 'NONE', #294 ) ;
#5053 = ORIENTED_EDGE ( 'NONE', *, *, #2155, .T. ) ;
#5052 = CARTESIAN_POINT ( 'NONE',  ( -10.45747045407118492, 1.630580947026702532, -0.2000000000000000111 ) ) ;
#5054 = CARTESIAN_POINT ( 'NONE',  ( -12.79999999999992966, -13.20000000000002771, -6.200000000000001066 ) ) ;
#5055 = CARTESIAN_POINT ( 'NONE',  ( -8.323500753678422015, 0.9360442124809076336, -0.2000000000000000111 ) ) ;
#5056 = EDGE_CURVE ( 'NONE', #8842, #6533, #2393, .T. ) ;
#5057 = CARTESIAN_POINT ( 'NONE',  ( 1.187455922065571601, 1.719984973307354448, -0.1999999999999999833 ) ) ;
#5058 = CARTESIAN_POINT ( 'NONE',  ( -0.2784780072866337997, 0.8771037563769134016, -0.2000000000000000666 ) ) ;
#5059 = CARTESIAN_POINT ( 'NONE',  ( -6.626716502921237151, 2.410060594501330034, 0.000000000000000000 ) ) ;
#5060 = CARTESIAN_POINT ( 'NONE',  ( -0.2382621951218868994, 0.2398578399853534548, -2.710505431213761085E-17 ) ) ;
#5061 = CARTESIAN_POINT ( 'NONE',  ( -5.079516933460583417, 0.2681396711987058534, -0.2000000000000000111 ) ) ;
#5062 = AXIS2_PLACEMENT_3D ( 'NONE', #1783, #8593, #1739 ) ;
#5063 = VECTOR ( 'NONE', #4720, 1000.000000000000000 ) ;
#5064 = ORIENTED_EDGE ( 'NONE', *, *, #2825, .T. ) ;
#5065 = ORIENTED_EDGE ( 'NONE', *, *, #406, .T. ) ;
#5066 = CARTESIAN_POINT ( 'NONE',  ( -11.30801209514899419, 1.387598482277768941, -0.2000000000000000111 ) ) ;
#5067 = CARTESIAN_POINT ( 'NONE',  ( 1.205800835049732678, 2.779030082675687297, -6.776263578034401480E-17 ) ) ;
#5068 = CARTESIAN_POINT ( 'NONE',  ( 3.663414634146407334, 0.2886383277902315192, 0.000000000000000000 ) ) ;
#5069 = DIRECTION ( 'NONE',  ( 0.000000000000000000, 0.000000000000000000, -1.000000000000000000 ) ) ;
#5070 = CARTESIAN_POINT ( 'NONE',  ( 1.140400384935355671, 3.197032784547516382, -5.421010862427522170E-17 ) ) ;
#5071 = AXIS2_PLACEMENT_3D ( 'NONE', #6528, #2413, #4379 ) ;
#5072 = CARTESIAN_POINT ( 'NONE',  ( -0.5867493737572553325, 1.067404579234859208, -0.2000000000000000111 ) ) ;
#5073 = CARTESIAN_POINT ( 'NONE',  ( 2.148702874086961589, 3.066317372066226454, -5.421010862427522170E-17 ) ) ;
#5074 = AXIS2_PLACEMENT_3D ( 'NONE', #2376, #991, #280 ) ;
#5075 = ORIENTED_EDGE ( 'NONE', *, *, #1717, .T. ) ;
#5076 = EDGE_CURVE ( 'NONE', #5316, #8537, #5908, .T. ) ;
#5077 = VECTOR ( 'NONE', #7961, 1000.000000000000000 ) ;
#5078 = FACE_OUTER_BOUND ( 'NONE', #8534, .T. ) ;
#5079 = VECTOR ( 'NONE', #7586, 1000.000000000000000 ) ;
#5080 = ORIENTED_EDGE ( 'NONE', *, *, #6015, .T. ) ;
#5081 = LINE ( 'NONE', #8354, #8654 ) ;
#5082 = CARTESIAN_POINT ( 'NONE',  ( -1.060005893120057774, 4.034419757517220262, -0.2000000000000000666 ) ) ;
#5083 = CARTESIAN_POINT ( 'NONE',  ( 2.834146341463479768, 0.2886383277902315192, -0.2000000000000000111 ) ) ;
#5084 = FACE_OUTER_BOUND ( 'NONE', #8184, .T. ) ;
#5085 = CARTESIAN_POINT ( 'NONE',  ( -7.059680339515930214, 3.587931525738397021, -2.710505431213761085E-17 ) ) ;
#5086 = AXIS2_PLACEMENT_3D ( 'NONE', #4516, #412, #5146 ) ;
#5087 = CARTESIAN_POINT ( 'NONE',  ( -10.45637994903715295, 0.3445052710755269199, 0.000000000000000000 ) ) ;
#5088 = AXIS2_PLACEMENT_3D ( 'NONE', #3342, #4642, #1120 ) ;
#5089 = ORIENTED_EDGE ( 'NONE', *, *, #7183, .F. ) ;
#5090 = EDGE_CURVE ( 'NONE', #1893, #297, #7680, .T. ) ;
#5091 = ORIENTED_EDGE ( 'NONE', *, *, #1276, .T. ) ;
#5092 = ORIENTED_EDGE ( 'NONE', *, *, #5983, .T. ) ;
#5093 = VECTOR ( 'NONE', #6680, 1000.000000000000000 ) ;
#5094 = CARTESIAN_POINT ( 'NONE',  ( -10.33398380117879611, 1.286833814075234006, -0.2000000000000000389 ) ) ;
#5095 = B_SPLINE_CURVE_WITH_KNOTS ( 'NONE', 3,
 ( #7932, #7261, #7165, #371, #5245, #1132, #462, #6582, #948, #3181, #5901, #1035, #2512, #5057, #7795, #3756, #1661, #3673 ),
 .UNSPECIFIED., .F., .F.,
 ( 4, 2, 2, 2, 2, 2, 2, 2, 4 ),
 ( 0.000000000000000000, 0.0001771680455189456906, 0.0003543360910378913812, 0.0007086721820757827623, 0.001063008273113674089, 0.001417344364151565742, 0.002126016546227348612, 0.002480352637265240915, 0.002834688728303132784 ),
 .UNSPECIFIED. ) ;
#5096 = CARTESIAN_POINT ( 'NONE',  ( -8.092682926829203538, 2.020345644863402068, -2.710505431213761085E-17 ) ) ;
#5097 = FACE_OUTER_BOUND ( 'NONE', #6385, .T. ) ;
#5098 = DIRECTION ( 'NONE',  ( 0.000000000000000000, 0.000000000000000000, -1.000000000000000000 ) ) ;
#5099 = CARTESIAN_POINT ( 'NONE',  ( -8.921951219512131104, 4.288638327790232019, -0.2000000000000000111 ) ) ;
#5100 = PLANE ( 'NONE',  #6249 ) ;
#5101 = VECTOR ( 'NONE', #8058, 1000.000000000000000 ) ;
#5102 = ADVANCED_FACE ( 'NONE', ( #8574 ), #7330, .T. ) ;
#5103 = EDGE_LOOP ( 'NONE', ( #4411, #2079, #425, #140, #8401, #3148, #6397, #1517 ) ) ;
#5105 = ORIENTED_EDGE ( 'NONE', *, *, #8813, .F. ) ;
#5104 = CARTESIAN_POINT ( 'NONE',  ( -9.728132794451679999, 0.9722679662604762907, -0.2000000000000000111 ) ) ;
#5106 = LINE ( 'NONE', #1659, #2793 ) ;
#5107 = CARTESIAN_POINT ( 'NONE',  ( -0.002699214521011197420, 0.9220648124312296190, -0.2000000000000000111 ) ) ;
#5108 = CARTESIAN_POINT ( 'NONE',  ( -6.363561201046620930, 0.3700928086928896299, -2.710505431213761085E-17 ) ) ;
#5109 = AXIS2_PLACEMENT_3D ( 'NONE', #6676, #6170, #2732 ) ;
#5110 = CARTESIAN_POINT ( 'NONE',  ( -7.502366979223981325, 2.430671819188302329, 0.000000000000000000 ) ) ;
#5111 = CARTESIAN_POINT ( 'NONE',  ( -5.223034982273691007, 3.603579757176243348, -2.710505431213761085E-17 ) ) ;
#5112 = LINE ( 'NONE', #4437, #6933 ) ;
#5113 = CARTESIAN_POINT ( 'NONE',  ( 1.221542165398336488, 2.556415561823167426, -0.2000000000000000111 ) ) ;
#5114 = CARTESIAN_POINT ( 'NONE',  ( -11.36097560975603216, 4.288638327790232019, -0.2000000000000000111 ) ) ;
#5115 = EDGE_CURVE ( 'NONE', #721, #1009, #3245, .T. ) ;
#5116 = ORIENTED_EDGE ( 'NONE', *, *, #981, .T. ) ;
#5117 = ORIENTED_EDGE ( 'NONE', *, *, #7686, .F. ) ;
#5118 = DIRECTION ( 'NONE',  ( -1.000000000000000000, -1.132317015164961043E-15, 0.000000000000000000 ) ) ;
#5119 = CARTESIAN_POINT ( 'NONE',  ( 1.223420402541916641, 2.398421121527638977, -0.000000000000000000 ) ) ;
#5120 = CARTESIAN_POINT ( 'NONE',  ( 1.224390243902504727, 2.316839547302426805, -0.2000000000000000389 ) ) ;
#5121 = CARTESIAN_POINT ( 'NONE',  ( -8.921951219512131104, 4.288638327790232019, 0.000000000000000000 ) ) ;
#5122 = CARTESIAN_POINT ( 'NONE',  ( -9.962908525449838848, 1.004703383055651988, -0.2000000000000000111 ) ) ;
#5123 = CARTESIAN_POINT ( 'NONE',  ( -2.239024390243838258, 2.093516376570719206, -0.2000000000000000111 ) ) ;
#5124 = CARTESIAN_POINT ( 'NONE',  ( 0.3946939731005876251, 2.229434755835566939, -0.2000000000000001221 ) ) ;
#5125 = EDGE_CURVE ( 'NONE', #8641, #3563, #475, .T. ) ;
#5126 = ORIENTED_EDGE ( 'NONE', *, *, #7603, .T. ) ;
#5127 = DIRECTION ( 'NONE',  ( 0.000000000000000000, -1.000000000000000000, 0.000000000000000000 ) ) ;
#5128 = EDGE_LOOP ( 'NONE', ( #2408, #3452, #4034, #6078 ) ) ;
#5129 = LINE ( 'NONE', #3735, #8801 ) ;
#5130 = B_SPLINE_CURVE_WITH_KNOTS ( 'NONE', 3,
 ( #7032, #5724, #824, #3677, #284, #1534, #4884, #4931, #1488, #6446, #6355, #7750, #193, #7622, #4213, #8427, #5059, #3548, #6271 ),
 .UNSPECIFIED., .F., .F.,
 ( 4, 1, 1, 1, 1, 1, 1, 1, 1, 1, 1, 1, 1, 1, 1, 1, 4 ),
 ( 0.000000000000000000, 0.06794110478769091466, 0.1330320589970270806, 0.1958903342837345074, 0.2564798280410319209, 0.3159187028970242839, 0.3751881703605588481, 0.4345306208186967001, 0.4946700389152940414, 0.5549951889559803231, 0.6151213185310713261, 0.6753813065009021122, 0.7362416551281864008, 0.7985701357159235014, 0.8629833888300075806, 0.9298854749036633560, 1.000000000000000000 ),
 .UNSPECIFIED. ) ;
#5131 = CARTESIAN_POINT ( 'NONE',  ( -1.653658536585301375, 2.224613937546329634, -0.2000000000000000666 ) ) ;
#5132 = LINE ( 'NONE', #7049, #4359 ) ;
#5133 = CARTESIAN_POINT ( 'NONE',  ( -5.908368125715575125, 1.058769302415399682, 0.000000000000000000 ) ) ;
#5134 = CARTESIAN_POINT ( 'NONE',  ( -6.053167857827459919, 4.257654577362909087, -2.710505431213761085E-17 ) ) ;
#5135 = FACE_OUTER_BOUND ( 'NONE', #1926, .T. ) ;
#5136 = CARTESIAN_POINT ( 'NONE',  ( -10.73419614281261758, 0.4805935625842224779, 0.000000000000000000 ) ) ;
#5137 = ORIENTED_EDGE ( 'NONE', *, *, #7461, .F. ) ;
#5138 = VERTEX_POINT ( 'NONE', #1761 ) ;
#5139 = ORIENTED_EDGE ( 'NONE', *, *, #760, .F. ) ;
#5140 = CARTESIAN_POINT ( 'NONE',  ( 0.6422549372148511626, 0.5424972335955238201, -0.2000000000000000111 ) ) ;
#5141 = CARTESIAN_POINT ( 'NONE',  ( -8.148262187362911746, 1.418461006457699014, -2.710505431213761085E-17 ) ) ;
#5142 = DIRECTION ( 'NONE',  ( -1.000000000000000000, 0.000000000000000000, 0.000000000000000000 ) ) ;
#5143 = EDGE_CURVE ( 'NONE', #7576, #3505, #8817, .T. ) ;
#5144 = CARTESIAN_POINT ( 'NONE',  ( -6.092475882770434836, 3.398694402938128079, -0.2000000000000000111 ) ) ;
#5145 = EDGE_CURVE ( 'NONE', #4385, #4839, #5916, .T. ) ;
#5146 = DIRECTION ( 'NONE',  ( 0.000000000000000000, -0.000000000000000000, -1.000000000000000000 ) ) ;
#5147 = DIRECTION ( 'NONE',  ( -1.000000000000000000, 0.000000000000000000, 0.000000000000000000 ) ) ;
#5148 = ORIENTED_EDGE ( 'NONE', *, *, #826, .F. ) ;
#5149 = CARTESIAN_POINT ( 'NONE',  ( -10.37446226449583264, 1.360757283638088122, -0.2000000000000000111 ) ) ;
#5150 = DIRECTION ( 'NONE',  ( 0.000000000000000000, -1.000000000000000000, 0.000000000000000000 ) ) ;
#5151 = CARTESIAN_POINT ( 'NONE',  ( -8.251169100906405873, 1.082639899807404271, -0.2000000000000000111 ) ) ;
#5152 = CARTESIAN_POINT ( 'NONE',  ( -5.561432926829203538, 0.2398578399853534548, -2.710505431213761085E-17 ) ) ;
#5153 = CARTESIAN_POINT ( 'NONE',  ( -5.405945121951154952, 4.337418815595110111, 0.000000000000000000 ) ) ;
#5154 = EDGE_CURVE ( 'NONE', #3310, #7194, #4579, .T. ) ;
#5155 = CARTESIAN_POINT ( 'NONE',  ( -5.348018292682861663, 3.605711498521939173, -0.2000000000000000389 ) ) ;
#5156 = DIRECTION ( 'NONE',  ( -6.484938541143236834E-16, -1.000000000000000000, 0.000000000000000000 ) ) ;
#5157 = CARTESIAN_POINT ( 'NONE',  ( -1.508050125035784506, 3.317728616610084558, -2.710505431213761085E-17 ) ) ;
#5158 = DIRECTION ( 'NONE',  ( 1.000000000000000000, 0.000000000000000000, 0.000000000000000000 ) ) ;
#5159 = B_SPLINE_CURVE_WITH_KNOTS ( 'NONE', 3,
 ( #3830, #1768, #2443, #4497, #482, #1108, #6560, #5927, #438, #3159, #8675, #5878, #8003, #1866, #7324, #8624, #6650, #8724 ),
 .UNSPECIFIED., .F., .F.,
 ( 4, 2, 2, 2, 2, 2, 2, 2, 4 ),
 ( 0.000000000000000000, 0.0002579052834333628308, 0.0005158105668667256616, 0.0007737158503000884924, 0.001031621133733451323, 0.001289526417166814154, 0.001547431700600176985, 0.001805336984033539816, 0.002063242267466902646 ),
 .UNSPECIFIED. ) ;
#5160 = VERTEX_POINT ( 'NONE', #7629 ) ;
#5161 = VERTEX_POINT ( 'NONE', #2128 ) ;
#5162 = FACE_OUTER_BOUND ( 'NONE', #4972, .T. ) ;
#5163 = CARTESIAN_POINT ( 'NONE',  ( -9.516333612878847603, 0.9854551004417508864, -0.2000000000000000111 ) ) ;
#5164 = EDGE_CURVE ( 'NONE', #6611, #1587, #6107, .T. ) ;
#5165 = CARTESIAN_POINT ( 'NONE',  ( -0.1807527877529121474, 0.2414093293324949818, -0.2000000000000000389 ) ) ;
#5166 = CARTESIAN_POINT ( 'NONE',  ( 6.227808503120347616, -1.849989268083281901, -0.2000000000000000111 ) ) ;
#5167 = CARTESIAN_POINT ( 'NONE',  ( -7.505702232323613998, 2.131559345558788010, 2.710505431213761085E-17 ) ) ;
#5168 = CARTESIAN_POINT ( 'NONE',  ( -6.628404504019760779, 2.314614445547098498, 0.000000000000000000 ) ) ;
#5169 = CARTESIAN_POINT ( 'NONE',  ( -5.129311544189858907, 4.329388372975644828, -2.710505431213761085E-17 ) ) ;
#5170 = ORIENTED_EDGE ( 'NONE', *, *, #6998, .T. ) ;
#5171 = FACE_OUTER_BOUND ( 'NONE', #5466, .T. ) ;
#5172 = ORIENTED_EDGE ( 'NONE', *, *, #4056, .F. ) ;
#5173 = ADVANCED_FACE ( 'NONE', ( #5397 ), #7851, .F. ) ;
#5174 = CARTESIAN_POINT ( 'NONE',  ( 12.89999999999999858, -14.19999999999999929, -14.69999999999998863 ) ) ;
#5175 = CARTESIAN_POINT ( 'NONE',  ( -0.7862345846839622343, 2.879776771773709942, -0.2000000000000000944 ) ) ;
#5176 = CARTESIAN_POINT ( 'NONE',  ( -9.799999999999995381, 13.20133359925598882, -2.999999999999999112 ) ) ;
#5177 = FACE_OUTER_BOUND ( 'NONE', #1754, .T. ) ;
#5178 = CARTESIAN_POINT ( 'NONE',  ( -7.179945397077235114, 3.422273462091831142, -0.2000000000000000666 ) ) ;
#5179 = CARTESIAN_POINT ( 'NONE',  ( 6.879450486378559049, -4.290105172783861498, 0.000000000000000000 ) ) ;
#5180 = DIRECTION ( 'NONE',  ( 1.000000000000000000, 0.000000000000000000, 0.000000000000000000 ) ) ;
#5181 = EDGE_LOOP ( 'NONE', ( #3264, #4638 ) ) ;
#5182 = ORIENTED_EDGE ( 'NONE', *, *, #2136, .F. ) ;
#5183 = ORIENTED_EDGE ( 'NONE', *, *, #676, .F. ) ;
#5184 = CARTESIAN_POINT ( 'NONE',  ( 6.227808503120348504, -4.290105172783861498, 5.332894443888950065 ) ) ;
#5185 = CARTESIAN_POINT ( 'NONE',  ( -8.251169100906405873, 1.082639899807404271, -0.2000000000000000111 ) ) ;
#5186 = LINE ( 'NONE', #7834, #5933 ) ;
#5187 = LINE ( 'NONE', #2414, #8541 ) ;
#5188 = DIRECTION ( 'NONE',  ( 0.000000000000000000, 1.000000000000000000, 0.000000000000000000 ) ) ;
#5189 = CARTESIAN_POINT ( 'NONE',  ( -9.287414492709709535, 1.063552874774026602, -0.2000000000000000111 ) ) ;
#5190 = VERTEX_POINT ( 'NONE', #1328 ) ;
#5191 = EDGE_CURVE ( 'NONE', #2885, #5287, #2914, .T. ) ;
#5192 = CARTESIAN_POINT ( 'NONE',  ( -1.303628620032350804, 0.7358099564939301063, 0.000000000000000000 ) ) ;
#5193 = CARTESIAN_POINT ( 'NONE',  ( -0.2667520170682278202, 3.700096661290085631, -6.776263578034403945E-17 ) ) ;
#5194 = CARTESIAN_POINT ( 'NONE',  ( -8.878645238981889065, 0.4098949918497432621, -2.710505431213761085E-17 ) ) ;
#5195 = DIRECTION ( 'NONE',  ( -1.000000000000000000, 0.000000000000000000, 0.000000000000000000 ) ) ;
#5196 = CARTESIAN_POINT ( 'NONE',  ( 2.414717516674715014, 3.913276413418994792, -0.2000000000000000111 ) ) ;
#5197 = CARTESIAN_POINT ( 'NONE',  ( -4.434146341463349295, 3.361809059497548713, -2.710505431213761085E-17 ) ) ;
#5198 = CARTESIAN_POINT ( 'NONE',  ( 12.40000000000000391, -9.200000000000001066, -1.000000000000000000 ) ) ;
#5199 = LINE ( 'NONE', #1226, #7964 ) ;
#5200 = CARTESIAN_POINT ( 'NONE',  ( -0.6690761301427395891, 3.336861683487781338, -0.2000000000000000111 ) ) ;
#5201 = ORIENTED_EDGE ( 'NONE', *, *, #4113, .F. ) ;
#5202 = EDGE_CURVE ( 'NONE', #7246, #8578, #123, .T. ) ;
#5203 = ORIENTED_EDGE ( 'NONE', *, *, #2572, .T. ) ;
#5204 = CARTESIAN_POINT ( 'NONE',  ( -10.96165466933390320, 0.6719268418493461459, 2.710505431213761085E-17 ) ) ;
#5205 = VECTOR ( 'NONE', #909, 1000.000000000000000 ) ;
#5206 = CARTESIAN_POINT ( 'NONE',  ( -9.357781463480012718, 1.030028998599435308, -0.2000000000000000111 ) ) ;
#5207 = CARTESIAN_POINT ( 'NONE',  ( 0.3890364478340873622, 0.3725950251995903129, -0.2000000000000000389 ) ) ;
#5208 = CARTESIAN_POINT ( 'NONE',  ( 17.80000000000000426, -11.20000000000000284, -1.000000000000000000 ) ) ;
#5209 = CARTESIAN_POINT ( 'NONE',  ( -7.379927826264498059, 1.401099888208406918, 2.710505431213761085E-17 ) ) ;
#5210 = LINE ( 'NONE', #7950, #7092 ) ;
#5211 = LINE ( 'NONE', #4490, #515 ) ;
#5212 = VECTOR ( 'NONE', #7679, 1000.000000000000000 ) ;
#5213 = ORIENTED_EDGE ( 'NONE', *, *, #1815, .T. ) ;
#5214 = EDGE_CURVE ( 'NONE', #7616, #1381, #8305, .T. ) ;
#5215 = CARTESIAN_POINT ( 'NONE',  ( -8.092682926829203538, 2.020345644863402068, 0.000000000000000000 ) ) ;
#5216 = ORIENTED_EDGE ( 'NONE', *, *, #4807, .F. ) ;
#5217 = VECTOR ( 'NONE', #7527, 1000.000000000000000 ) ;
#5218 = VECTOR ( 'NONE', #3185, 1000.000000000000000 ) ;
#5219 = CARTESIAN_POINT ( 'NONE',  ( -7.348832132109103910, 1.318480110480833467, 1.355252715606881775E-17 ) ) ;
#5220 = CARTESIAN_POINT ( 'NONE',  ( -12.79999999999992966, -6.550000000000027356, -1.000000000000000000 ) ) ;
#5221 = DIRECTION ( 'NONE',  ( -2.282530889443167515E-16, 1.000000000000000000, -0.000000000000000000 ) ) ;
#5222 = CARTESIAN_POINT ( 'NONE',  ( -3.751219512195057337, 1.508150522912182989, 0.000000000000000000 ) ) ;
#5223 = CARTESIAN_POINT ( 'NONE',  ( -1.631652457068590190, 2.712508252674130205, 1.355252715606877769E-17 ) ) ;
#5224 = CARTESIAN_POINT ( 'NONE',  ( 8.411753555706741992, -6.581476711740719132, 0.000000000000000000 ) ) ;
#5225 = LINE ( 'NONE', #4460, #1816 ) ;
#5226 = AXIS2_PLACEMENT_3D ( 'NONE', #6423, #1593, #4365 ) ;
#5227 = VECTOR ( 'NONE', #1326, 1000.000000000000000 ) ;
#5228 = VERTEX_POINT ( 'NONE', #8345 ) ;
#5229 = EDGE_CURVE ( 'NONE', #4804, #132, #2297, .T. ) ;
#5230 = ORIENTED_EDGE ( 'NONE', *, *, #6537, .T. ) ;
#5231 = EDGE_LOOP ( 'NONE', ( #2830, #7943, #808, #3479 ) ) ;
#5232 = CARTESIAN_POINT ( 'NONE',  ( 12.90000000000000213, 14.20133359925599414, -14.69999999999998863 ) ) ;
#5233 = CARTESIAN_POINT ( 'NONE',  ( -7.497731195915250169, 2.485254235795916422, -0.2000000000000000666 ) ) ;
#5234 = FACE_OUTER_BOUND ( 'NONE', #8252, .T. ) ;
#5235 = VECTOR ( 'NONE', #373, 1000.000000000000000 ) ;
#5236 = AXIS2_PLACEMENT_3D ( 'NONE', #5184, #2363, #2277 ) ;
#5237 = DIRECTION ( 'NONE',  ( 0.000000000000000000, 0.000000000000000000, 1.000000000000000000 ) ) ;
#5238 = CARTESIAN_POINT ( 'NONE',  ( -5.028933993372209699, 3.581851929146501412, -0.2000000000000000111 ) ) ;
#5239 = CARTESIAN_POINT ( 'NONE',  ( -0.2826049658372358220, 4.334200153695731750, -0.2000000000000001499 ) ) ;
#5240 = VECTOR ( 'NONE', #387, 1000.000000000000000 ) ;
#5241 = ORIENTED_EDGE ( 'NONE', *, *, #2637, .F. ) ;
#5242 = CARTESIAN_POINT ( 'NONE',  ( -0.8243902439023734763, 2.245193205839012052, -0.2000000000000000111 ) ) ;
#5243 = ORIENTED_EDGE ( 'NONE', *, *, #886, .T. ) ;
#5244 = CARTESIAN_POINT ( 'NONE',  ( 6.227808503120347616, -1.849989268083281901, -0.2000000000000000111 ) ) ;
#5245 = CARTESIAN_POINT ( 'NONE',  ( 0.05773218697645608050, 0.2642151674961867314, -0.2000000000000000666 ) ) ;
#5246 = CARTESIAN_POINT ( 'NONE',  ( 3.700000000000005507, -5.198666400744006211, -24.49303474050138618 ) ) ;
#5247 = DIRECTION ( 'NONE',  ( -1.000000000000000000, 0.000000000000000000, 0.000000000000000000 ) ) ;
#5248 = DIRECTION ( 'NONE',  ( 1.000000000000000000, 0.000000000000000000, 0.000000000000000000 ) ) ;
#5249 = VECTOR ( 'NONE', #376, 1000.000000000000000 ) ;
#5250 = CARTESIAN_POINT ( 'NONE',  ( -5.405945121951154952, 4.337418815595110111, 0.000000000000000000 ) ) ;
#5251 = EDGE_CURVE ( 'NONE', #3464, #4483, #6316, .T. ) ;
#5252 = CARTESIAN_POINT ( 'NONE',  ( -0.8153979617400849422, 2.583251727664379604, -0.2000000000000000111 ) ) ;
#5253 = VERTEX_POINT ( 'NONE', #6999 ) ;
#5254 = VERTEX_POINT ( 'NONE', #4306 ) ;
#5255 = VECTOR ( 'NONE', #8104, 1000.000000000000000 ) ;
#5256 = DIRECTION ( 'NONE',  ( 0.000000000000000000, 0.000000000000000000, 1.000000000000000000 ) ) ;
#5257 = B_SPLINE_SURFACE_WITH_KNOTS ( 'NONE', 3, 1, ( 
 ( #5757, #4290 ),
 ( #1564, #938 ),
 ( #6435, #7657 ),
 ( #273, #893 ),
 ( #8330, #7062 ),
 ( #3707, #986 ),
 ( #315, #4875 ),
 ( #3578, #5049 ),
 ( #3665, #6301 ),
 ( #6342, #185 ),
 ( #7784, #1524 ),
 ( #7021, #1651 ),
 ( #815, #3035 ),
 ( #4381, #6393 ),
 ( #8505, #229 ),
 ( #2321, #5626 ),
 ( #8372, #2864 ),
 ( #3615, #2281 ),
 ( #8458, #3539 ) ),
 .UNSPECIFIED., .F., .F., .F.,
 ( 4, 1, 1, 1, 1, 1, 1, 1, 1, 1, 1, 1, 1, 1, 1, 1, 4 ),
 ( 2, 2 ),
 ( 0.000000000000000000, 0.1019301621043888911, 0.1975964148481810789, 0.2866406432198407850, 0.3691805015019810621, 0.4458109268063438213, 0.5168079239671786729, 0.5817679145359626602, 0.6410965417055310978, 0.6956090126035868737, 0.7460286505456369399, 0.7918000791068421362, 0.8350522164773732658, 0.8765118877176866219, 0.9166641456779083263, 0.9577534452155518352, 1.000000000000000000 ),
 ( 0.000000000000000000, 1.000000000000000000 ),
 .UNSPECIFIED. ) ;
#5258 = CARTESIAN_POINT ( 'NONE',  ( -0.1605182926828624401, 4.337418815595110111, 0.000000000000000000 ) ) ;
#5259 = CARTESIAN_POINT ( 'NONE',  ( -8.921951219512131104, 4.288638327790232019, 0.000000000000000000 ) ) ;
#5260 = CARTESIAN_POINT ( 'NONE',  ( -5.017272537761087392, 1.004509028991982023, -0.2000000000000000111 ) ) ;
#5261 = DIRECTION ( 'NONE',  ( -1.000000000000000000, -0.000000000000000000, -0.000000000000000000 ) ) ;
#5262 = EDGE_CURVE ( 'NONE', #3790, #3618, #2878, .T. ) ;
#5263 = CARTESIAN_POINT ( 'NONE',  ( -5.623514761011790597, 3.585193404641508597, -0.2000000000000000111 ) ) ;
#5264 = CARTESIAN_POINT ( 'NONE',  ( -4.535730129441681413, 4.222484783328210867, -0.2000000000000000389 ) ) ;
#5265 = ADVANCED_FACE ( 'NONE', ( #6317 ), #5648, .T. ) ;
#5266 = ORIENTED_EDGE ( 'NONE', *, *, #2740, .T. ) ;
#5267 = CARTESIAN_POINT ( 'NONE',  ( -9.755030487804813077, 0.2398578399853534548, -0.2000000000000000389 ) ) ;
#5268 = ORIENTED_EDGE ( 'NONE', *, *, #7663, .F. ) ;
#5269 = DIRECTION ( 'NONE',  ( 0.000000000000000000, -1.000000000000000000, 0.000000000000000000 ) ) ;
#5270 = CARTESIAN_POINT ( 'NONE',  ( -0.2689834511782322468, 3.700790051299367445, -0.2000000000000000944 ) ) ;
#5271 = CARTESIAN_POINT ( 'NONE',  ( -5.487948134091317876, 3.602004146082034008, -0.1999999999999999833 ) ) ;
#5272 = DIRECTION ( 'NONE',  ( 9.745637505487684696E-17, 1.000000000000000000, -0.000000000000000000 ) ) ;
#5273 = CARTESIAN_POINT ( 'NONE',  ( -18.39999999999999503, -13.19999999999999929, -8.800000000000000711 ) ) ;
#5274 = CARTESIAN_POINT ( 'NONE',  ( -6.017764309500823749, 1.107745569834587052, -8.131516293641283255E-17 ) ) ;
#5275 = EDGE_CURVE ( 'NONE', #943, #390, #8391, .T. ) ;
#5276 = EDGE_LOOP ( 'NONE', ( #5535, #6645, #3847, #1355 ) ) ;
#5277 = ORIENTED_EDGE ( 'NONE', *, *, #4990, .T. ) ;
#5278 = DIRECTION ( 'NONE',  ( -9.745637505487682231E-17, -1.000000000000000000, -0.000000000000000000 ) ) ;
#5279 = DIRECTION ( 'NONE',  ( -0.000000000000000000, -1.000000000000000000, -0.000000000000000000 ) ) ;
#5280 = CARTESIAN_POINT ( 'NONE',  ( -5.079516933460583417, 0.2681396711987058534, -0.2000000000000000111 ) ) ;
#5281 = LINE ( 'NONE', #1967, #5392 ) ;
#5282 = ADVANCED_FACE ( 'NONE', ( #1582 ), #5024, .T. ) ;
#5283 = DIRECTION ( 'NONE',  ( -1.000000000000000000, 0.000000000000000000, 0.000000000000000000 ) ) ;
#5284 = CARTESIAN_POINT ( 'NONE',  ( -1.651884365094197893, 2.346949363671077204, -0.2000000000000000389 ) ) ;
#5285 = ORIENTED_EDGE ( 'NONE', *, *, #1160, .F. ) ;
#5286 = CARTESIAN_POINT ( 'NONE',  ( -0.5289119179684225180, 3.561096858465949921, -1.897353801849632760E-16 ) ) ;
#5287 = VERTEX_POINT ( 'NONE', #960 ) ;
#5288 = CARTESIAN_POINT ( 'NONE',  ( -9.687888879497377204, 0.2409887934545267563, -0.2000000000000000111 ) ) ;
#5289 = CARTESIAN_POINT ( 'NONE',  ( 0.007983465163030186926, 3.655131734216722883, -0.2000000000000000666 ) ) ;
#5290 = CARTESIAN_POINT ( 'NONE',  ( 3.007615411777831760, 4.239954809950520875, -0.2000000000000000111 ) ) ;
#5291 = EDGE_CURVE ( 'NONE', #6375, #5802, #1673, .T. ) ;
#5292 = CARTESIAN_POINT ( 'NONE',  ( -11.33840397423987767, 1.571290755688086849, -0.1999999999999999278 ) ) ;
#5293 = DIRECTION ( 'NONE',  ( -0.000000000000000000, -0.000000000000000000, 1.000000000000000000 ) ) ;
#5294 = CARTESIAN_POINT ( 'NONE',  ( -1.633042949371470653, 2.704055222557131710, -0.2000000000000000111 ) ) ;
#5295 = CARTESIAN_POINT ( 'NONE',  ( -0.3411911683238025850, 3.682212967298378548, -0.2000000000000000111 ) ) ;
#5296 = ORIENTED_EDGE ( 'NONE', *, *, #3261, .T. ) ;
#5297 = VERTEX_POINT ( 'NONE', #250 ) ;
#5298 = CARTESIAN_POINT ( 'NONE',  ( -0.2192978062811534179, 4.335882492640855901, -0.000000000000000000 ) ) ;
#5299 = CARTESIAN_POINT ( 'NONE',  ( -0.8084620001753296537, 0.3365650404363512149, -0.2000000000000000111 ) ) ;
#5300 = CARTESIAN_POINT ( 'NONE',  ( 1.133922300079146295, 1.438509011335515453, -2.710505431213761085E-17 ) ) ;
#5301 = DIRECTION ( 'NONE',  ( 0.000000000000000000, 0.000000000000000000, -1.000000000000000000 ) ) ;
#5302 = CARTESIAN_POINT ( 'NONE',  ( -6.847533852934026832, 0.6477779038800169920, -0.2000000000000000111 ) ) ;
#5303 = CARTESIAN_POINT ( 'NONE',  ( -5.395323056358876102, 3.604458188797093676, -0.2000000000000000111 ) ) ;
#5304 = DIRECTION ( 'NONE',  ( -1.000000000000000000, -0.000000000000000000, 7.642038924290060313E-17 ) ) ;
#5305 = ORIENTED_EDGE ( 'NONE', *, *, #6952, .T. ) ;
#5306 = ADVANCED_FACE ( 'NONE', ( #2209 ), #4942, .T. ) ;
#5307 = CARTESIAN_POINT ( 'NONE',  ( 0.1118883723536891750, 1.011930847321638405, -0.2000000000000000111 ) ) ;
#5308 = EDGE_CURVE ( 'NONE', #6927, #5160, #7856, .T. ) ;
#5309 = ORIENTED_EDGE ( 'NONE', *, *, #2155, .F. ) ;
#5310 = CARTESIAN_POINT ( 'NONE',  ( -5.561432926829203538, 0.2398578399853534548, -2.710505431213761085E-17 ) ) ;
#5311 = LINE ( 'NONE', #1906, #4491 ) ;
#5312 = CARTESIAN_POINT ( 'NONE',  ( -8.345925154207517238, 0.8937488374603129726, -0.2000000000000001221 ) ) ;
#5313 = CARTESIAN_POINT ( 'NONE',  ( -0.7401918136406229198, 1.412166488874921910, -0.2000000000000000111 ) ) ;
#5314 = CARTESIAN_POINT ( 'NONE',  ( -5.265628541404039353, 4.336132301922991594, -0.2000000000000000111 ) ) ;
#5315 = CARTESIAN_POINT ( 'NONE',  ( -5.792071978022358181, 1.019293011481714251, -8.131516293641283255E-17 ) ) ;
#5316 = VERTEX_POINT ( 'NONE', #333 ) ;
#5317 = ADVANCED_FACE ( 'NONE', ( #4266 ), #3012, .T. ) ;
#5318 = VERTEX_POINT ( 'NONE', #8478 ) ;
#5319 = LINE ( 'NONE', #3213, #4777 ) ;
#5320 = CARTESIAN_POINT ( 'NONE',  ( -11.35627970741134618, 1.748162072404320089, -0.2000000000000001221 ) ) ;
#5321 = CARTESIAN_POINT ( 'NONE',  ( -2.239024390243838258, 1.508150522912182989, 0.000000000000000000 ) ) ;
#5322 = CARTESIAN_POINT ( 'NONE',  ( -0.2382621951218868994, 0.2398578399853534548, 0.000000000000000000 ) ) ;
#5323 = DIRECTION ( 'NONE',  ( 0.000000000000000000, 0.000000000000000000, -1.000000000000000000 ) ) ;
#5324 = LINE ( 'NONE', #5809, #4391 ) ;
#5325 = ORIENTED_EDGE ( 'NONE', *, *, #4867, .T. ) ;
#5326 = CARTESIAN_POINT ( 'NONE',  ( -1.652783515363061895, 2.144549058168365718, -0.000000000000000000 ) ) ;
#5327 = EDGE_CURVE ( 'NONE', #2348, #7942, #2338, .T. ) ;
#5328 = ORIENTED_EDGE ( 'NONE', *, *, #7686, .T. ) ;
#5329 = CARTESIAN_POINT ( 'NONE',  ( -9.755030487804813077, 0.2398578399853534548, -0.2000000000000000111 ) ) ;
#5330 = CARTESIAN_POINT ( 'NONE',  ( -0.1227475004351675919, 3.700508118555857706, -2.710505431213761085E-17 ) ) ;
#5331 = CARTESIAN_POINT ( 'NONE',  ( -10.28782674195250380, 1.220066423037985404, 0.000000000000000000 ) ) ;
#5332 = DIRECTION ( 'NONE',  ( 0.000000000000000000, 1.000000000000000000, 0.000000000000000000 ) ) ;
#5333 = CARTESIAN_POINT ( 'NONE',  ( 2.081935803556683506, 3.785873347477390016, -0.2000000000000000666 ) ) ;
#5334 = CARTESIAN_POINT ( 'NONE',  ( 17.80000000000000426, 2.099999999999997424, -1.000000000000000000 ) ) ;
#5335 = CARTESIAN_POINT ( 'NONE',  ( -0.5289119179684225180, 3.561096858465949921, -0.2000000000000000111 ) ) ;
#5336 = ORIENTED_EDGE ( 'NONE', *, *, #5214, .F. ) ;
#5337 = ORIENTED_EDGE ( 'NONE', *, *, #5446, .T. ) ;
#5338 = ADVANCED_FACE ( 'NONE', ( #8528 ), #2544, .F. ) ;
#5339 = CARTESIAN_POINT ( 'NONE',  ( -1.633042949371470653, 2.704055222557131710, 0.000000000000000000 ) ) ;
#5340 = CARTESIAN_POINT ( 'NONE',  ( -0.5270757412910018758, 0.2619171461377464150, -0.2000000000000001221 ) ) ;
#5341 = CARTESIAN_POINT ( 'NONE',  ( -0.06846024424707573830, 0.2444387586551611258, -0.2000000000000000389 ) ) ;
#5342 = CARTESIAN_POINT ( 'NONE',  ( -4.434146341463350183, 1.215467596082914659, -0.2000000000000000111 ) ) ;
#5343 = CARTESIAN_POINT ( 'NONE',  ( 0.09461042458703598779, 0.2697216927966377131, 0.000000000000000000 ) ) ;
#5344 = B_SPLINE_SURFACE_WITH_KNOTS ( 'NONE', 3, 1, ( 
 ( #7854, #7991 ),
 ( #3724, #6453 ),
 ( #8612, #7083 ),
 ( #6592, #8570 ),
 ( #290, #3149 ),
 ( #331, #471 ),
 ( #1715, #958 ),
 ( #4442, #3010 ),
 ( #2431, #7896 ),
 ( #4484, #5730 ),
 ( #8474, #7221 ) ),
 .UNSPECIFIED., .F., .F., .F.,
 ( 4, 1, 1, 1, 1, 1, 1, 1, 4 ),
 ( 2, 2 ),
 ( 0.000000000000000000, 0.1330092017221976008, 0.2632414808529634498, 0.3907331143173737864, 0.5161618370489994279, 0.6393374629047401392, 0.7609803316414359697, 0.8809896931858357538, 1.000000000000000000 ),
 ( 0.000000000000000000, 1.000000000000000000 ),
 .UNSPECIFIED. ) ;
#5345 = ORIENTED_EDGE ( 'NONE', *, *, #1667, .F. ) ;
#5346 = DIRECTION ( 'NONE',  ( -3.154042683594195121E-16, 1.000000000000000000, 0.000000000000000000 ) ) ;
#5347 = ORIENTED_EDGE ( 'NONE', *, *, #1800, .T. ) ;
#5348 = DIRECTION ( 'NONE',  ( 0.000000000000000000, 0.000000000000000000, -1.000000000000000000 ) ) ;
#5349 = CARTESIAN_POINT ( 'NONE',  ( -0.2188176068839543797, 3.702435335660405169, 2.710505431213761085E-17 ) ) ;
#5350 = LINE ( 'NONE', #5929, #1370 ) ;
#5351 = LINE ( 'NONE', #3874, #2366 ) ;
#5352 = DIRECTION ( 'NONE',  ( -0.000000000000000000, 0.000000000000000000, 1.000000000000000000 ) ) ;
#5353 = VECTOR ( 'NONE', #1087, 1000.000000000000000 ) ;
#5354 = EDGE_CURVE ( 'NONE', #4630, #6023, #3863, .T. ) ;
#5355 = ORIENTED_EDGE ( 'NONE', *, *, #2274, .F. ) ;
#5356 = VECTOR ( 'NONE', #1942, 1000.000000000000000 ) ;
#5357 = VECTOR ( 'NONE', #580, 1000.000000000000000 ) ;
#5358 = ORIENTED_EDGE ( 'NONE', *, *, #4113, .T. ) ;
#5359 = CARTESIAN_POINT ( 'NONE',  ( -4.434146341463350183, 1.215467596082914659, -0.2000000000000000111 ) ) ;
#5360 = LINE ( 'NONE', #4598, #4627 ) ;
#5361 = DIRECTION ( 'NONE',  ( -1.000000000000000000, 0.000000000000000000, 0.000000000000000000 ) ) ;
#5362 = CARTESIAN_POINT ( 'NONE',  ( 4.694324922952930912, -5.822408242112043553, -0.2000000000000000111 ) ) ;
#5363 = AXIS2_PLACEMENT_3D ( 'NONE', #7631, #8268, #706 ) ;
#5364 = CARTESIAN_POINT ( 'NONE',  ( 4.694324922952930912, -5.822408242112043553, 0.000000000000000000 ) ) ;
#5365 = AXIS2_PLACEMENT_3D ( 'NONE', #7301, #7391, #1304 ) ;
#5366 = EDGE_CURVE ( 'NONE', #6928, #6578, #7946, .T. ) ;
#5367 = CARTESIAN_POINT ( 'NONE',  ( -7.499153447633066349, 1.944268639584563862, -2.710505431213761701E-17 ) ) ;
#5368 = VERTEX_POINT ( 'NONE', #1809 ) ;
#5369 = CARTESIAN_POINT ( 'NONE',  ( -0.8038219242361133166, 2.737136786722114579, -0.2000000000000000111 ) ) ;
#5370 = ORIENTED_EDGE ( 'NONE', *, *, #643, .F. ) ;
#5371 = CIRCLE ( 'NONE', #377, 0.8999999999999998002 ) ;
#5372 = FACE_OUTER_BOUND ( 'NONE', #4387, .T. ) ;
#5373 = VECTOR ( 'NONE', #1570, 1000.000000000000000 ) ;
#5374 = CARTESIAN_POINT ( 'NONE',  ( -5.358427937932918717, 4.336983147146935558, -0.000000000000000000 ) ) ;
#5375 = CARTESIAN_POINT ( 'NONE',  ( -5.348018292682861663, 3.605711498521939173, -2.710505431213761085E-17 ) ) ;
#5376 = CARTESIAN_POINT ( 'NONE',  ( -5.792071978022358181, 1.019293011481714251, 0.000000000000000000 ) ) ;
#5377 = CARTESIAN_POINT ( 'NONE',  ( 3.140548780487870673, 4.337418815595110111, -0.2000000000000000666 ) ) ;
#5378 = CARTESIAN_POINT ( 'NONE',  ( -0.9360591183575263097, 4.128229574016330616, -0.2000000000000000111 ) ) ;
#5379 = ADVANCED_FACE ( 'NONE', ( #7994 ), #6594, .F. ) ;
#5380 = DIRECTION ( 'NONE',  ( 1.000000000000000000, -2.891205793294756226E-16, 0.000000000000000000 ) ) ;
#5381 = VECTOR ( 'NONE', #8201, 1000.000000000000000 ) ;
#5382 = ORIENTED_EDGE ( 'NONE', *, *, #581, .F. ) ;
#5383 = ORIENTED_EDGE ( 'NONE', *, *, #2311, .F. ) ;
#5384 = CARTESIAN_POINT ( 'NONE',  ( 1.209717175795394617, 12.60052523055713536, -1.570922402772736426 ) ) ;
#5385 = CARTESIAN_POINT ( 'NONE',  ( -0.8243902439023734763, 2.245193205839012052, -2.710505431213761085E-17 ) ) ;
#5386 = AXIS2_PLACEMENT_3D ( 'NONE', #2203, #1410, #4041 ) ;
#5387 = DIRECTION ( 'NONE',  ( -9.745637505487682231E-17, -1.000000000000000000, -0.000000000000000000 ) ) ;
#5388 = LINE ( 'NONE', #7487, #6205 ) ;
#5389 = CARTESIAN_POINT ( 'NONE',  ( -1.602399416618244476, 2.923672202434309142, -0.2000000000000000111 ) ) ;
#5390 = ADVANCED_FACE ( 'NONE', ( #7272 ), #1142, .T. ) ;
#5391 = CARTESIAN_POINT ( 'NONE',  ( 6.227808503120348504, -5.822408242112043553, 0.000000000000000000 ) ) ;
#5392 = VECTOR ( 'NONE', #8735, 1000.000000000000000 ) ;
#5393 = ORIENTED_EDGE ( 'NONE', *, *, #8826, .T. ) ;
#5394 = ORIENTED_EDGE ( 'NONE', *, *, #4233, .T. ) ;
#5395 = DIRECTION ( 'NONE',  ( -0.000000000000000000, -0.000000000000000000, -1.000000000000000000 ) ) ;
#5396 = CARTESIAN_POINT ( 'NONE',  ( -7.292858890038494302, 1.198426176688334621, -0.2000000000000000944 ) ) ;
#5397 = FACE_OUTER_BOUND ( 'NONE', #380, .T. ) ;
#5398 = PLANE ( 'NONE',  #2784 ) ;
#5399 = CARTESIAN_POINT ( 'NONE',  ( -8.201762176147507688, 1.212493789268463296, -0.1999999999999999833 ) ) ;
#5400 = VECTOR ( 'NONE', #2594, 1000.000000000000000 ) ;
#5401 = CARTESIAN_POINT ( 'NONE',  ( -0.8234743293916583218, 2.082498633170266178, -0.2000000000000000111 ) ) ;
#5402 = CARTESIAN_POINT ( 'NONE',  ( -5.668455463024437258, 0.9914638732598725079, -0.2000000000000000389 ) ) ;
#5403 = EDGE_CURVE ( 'NONE', #5465, #3310, #4445, .T. ) ;
#5404 = VERTEX_POINT ( 'NONE', #3906 ) ;
#5405 = ORIENTED_EDGE ( 'NONE', *, *, #6449, .T. ) ;
#5406 = CARTESIAN_POINT ( 'NONE',  ( 8.411753555706741992, -6.581476711740719132, -0.2000000000000000111 ) ) ;
#5407 = LINE ( 'NONE', #1122, #4910 ) ;
#5408 = CARTESIAN_POINT ( 'NONE',  ( -13.50000000000000178, 13.20133359925599237, -14.69999999999998863 ) ) ;
#5409 = DIRECTION ( 'NONE',  ( 0.000000000000000000, 0.000000000000000000, -1.000000000000000000 ) ) ;
#5410 = CARTESIAN_POINT ( 'NONE',  ( 0.1678554767429611683, 3.503199542742950090, -0.2000000000000000111 ) ) ;
#5411 = CARTESIAN_POINT ( 'NONE',  ( -8.995677051894441334, 1.425958295336195558, 0.000000000000000000 ) ) ;
#5412 = EDGE_LOOP ( 'NONE', ( #6559, #5182, #8770, #6820 ) ) ;
#5413 = PLANE ( 'NONE',  #1649 ) ;
#5414 = ORIENTED_EDGE ( 'NONE', *, *, #6693, .F. ) ;
#5415 = FACE_OUTER_BOUND ( 'NONE', #129, .T. ) ;
#5416 = ADVANCED_FACE ( 'NONE', ( #2613 ), #568, .T. ) ;
#5417 = EDGE_CURVE ( 'NONE', #3890, #2819, #1047, .T. ) ;
#5418 = CARTESIAN_POINT ( 'NONE',  ( 1.093548437171509402, 3.379586696782075794, 0.000000000000000000 ) ) ;
#5419 = DIRECTION ( 'NONE',  ( 0.000000000000000000, -1.000000000000000000, 0.000000000000000000 ) ) ;
#5420 = CARTESIAN_POINT ( 'NONE',  ( 2.414717516674715014, 3.913276413418994792, 0.000000000000000000 ) ) ;
#5421 = CARTESIAN_POINT ( 'NONE',  ( -6.119328192616189099, 1.169597886315987045, -0.2000000000000000111 ) ) ;
#5422 = CARTESIAN_POINT ( 'NONE',  ( -5.348018292682861663, 3.605711498521939173, 0.000000000000000000 ) ) ;
#5423 = CARTESIAN_POINT ( 'NONE',  ( -0.8015650730135356339, 4.205074799983030687, -0.2000000000000000111 ) ) ;
#5424 = LINE ( 'NONE', #7439, #4956 ) ;
#5425 = ORIENTED_EDGE ( 'NONE', *, *, #1392, .T. ) ;
#5426 = EDGE_LOOP ( 'NONE', ( #355, #6033, #5496, #3252 ) ) ;
#5427 = DIRECTION ( 'NONE',  ( -0.000000000000000000, -1.000000000000000000, -0.000000000000000000 ) ) ;
#5428 = EDGE_CURVE ( 'NONE', #8599, #1432, #5371, .T. ) ;
#5429 = CARTESIAN_POINT ( 'NONE',  ( 17.80000000000000426, -14.20000000000000462, -16.50000000000000000 ) ) ;
#5430 = CARTESIAN_POINT ( 'NONE',  ( 12.90000000000000213, 14.20133359925599414, -14.69999999999998863 ) ) ;
#5431 = CARTESIAN_POINT ( 'NONE',  ( -9.115757761113730595, 1.207331172258699903, -0.2000000000000000389 ) ) ;
#5432 = CARTESIAN_POINT ( 'NONE',  ( 0.004398430518902840883, 4.333518992288737159, -8.131516293641283255E-17 ) ) ;
#5433 = CARTESIAN_POINT ( 'NONE',  ( -5.358410621779736260, 0.9722926101435054314, -0.1999999999999999556 ) ) ;
#5434 = ORIENTED_EDGE ( 'NONE', *, *, #7331, .F. ) ;
#5435 = EDGE_LOOP ( 'NONE', ( #3996, #6219, #7908, #6155, #6753, #4840, #1701 ) ) ;
#5436 = PLANE ( 'NONE',  #5789 ) ;
#5437 = EDGE_CURVE ( 'NONE', #5865, #8831, #2703, .T. ) ;
#5438 = ORIENTED_EDGE ( 'NONE', *, *, #5417, .T. ) ;
#5439 = CARTESIAN_POINT ( 'NONE',  ( -0.7879743790951386773, 1.648373868725017122, 0.000000000000000000 ) ) ;
#5440 = CARTESIAN_POINT ( 'NONE',  ( 6.879450486378557272, -1.849989268083281901, -0.2000000000000000111 ) ) ;
#5441 = CARTESIAN_POINT ( 'NONE',  ( 0.5714933933504563468, 4.142785288942580024, -0.2000000000000000666 ) ) ;
#5442 = CARTESIAN_POINT ( 'NONE',  ( 1.080770785618960561, 1.252941279892964666, -0.2000000000000000111 ) ) ;
#5443 = CARTESIAN_POINT ( 'NONE',  ( 6.227808503120347616, 1.942992058381624698, 0.000000000000000000 ) ) ;
#5444 = ORIENTED_EDGE ( 'NONE', *, *, #1368, .T. ) ;
#5445 = VERTEX_POINT ( 'NONE', #113 ) ;
#5446 = EDGE_CURVE ( 'NONE', #6472, #5802, #6046, .T. ) ;
#5447 = ORIENTED_EDGE ( 'NONE', *, *, #2868, .T. ) ;
#5448 = CYLINDRICAL_SURFACE ( 'NONE', #2782, 0.8999999999999998002 ) ;
#5449 = CARTESIAN_POINT ( 'NONE',  ( 0.5526433677531067401, 0.4662404942426882637, -2.710505431213757695E-17 ) ) ;
#5450 = CARTESIAN_POINT ( 'NONE',  ( -4.434146341463349295, 4.184979791204865407, -0.2000000000000000111 ) ) ;
#5451 = CARTESIAN_POINT ( 'NONE',  ( -11.75000000000000178, 14.20133359925599414, -14.69999999999998863 ) ) ;
#5452 = CARTESIAN_POINT ( 'NONE',  ( 0.3939162847948091684, 2.454354538096069849, -0.2000000000000000111 ) ) ;
#5453 = CARTESIAN_POINT ( 'NONE',  ( -9.287414492709709535, 1.063552874774026602, -0.2000000000000000111 ) ) ;
#5454 = ORIENTED_EDGE ( 'NONE', *, *, #5308, .T. ) ;
#5455 = ORIENTED_EDGE ( 'NONE', *, *, #5492, .T. ) ;
#5456 = LINE ( 'NONE', #5583, #4371 ) ;
#5457 = CARTESIAN_POINT ( 'NONE',  ( -0.8574656964166389450, 0.3608892397684140829, 0.000000000000000000 ) ) ;
#5458 = CARTESIAN_POINT ( 'NONE',  ( -5.561432926829203538, 0.2398578399853534548, -0.2000000000000000111 ) ) ;
#5459 = CARTESIAN_POINT ( 'NONE',  ( -10.48238978939407851, 1.926829018557159490, -0.000000000000000000 ) ) ;
#5460 = DIRECTION ( 'NONE',  ( -1.132317015164961043E-15, 1.000000000000000000, 0.000000000000000000 ) ) ;
#5461 = CARTESIAN_POINT ( 'NONE',  ( 3.096361304318062224, 4.305021468949751018, -0.2000000000000000666 ) ) ;
#5462 = CARTESIAN_POINT ( 'NONE',  ( -0.6562637183834929555, 4.264767045845211157, -2.710505431213761085E-17 ) ) ;
#5463 = LINE ( 'NONE', #2063, #6095 ) ;
#5464 = ADVANCED_FACE ( 'NONE', ( #1360 ), #6141, .F. ) ;
#5465 = VERTEX_POINT ( 'NONE', #6858 ) ;
#5466 = EDGE_LOOP ( 'NONE', ( #4971, #8132, #3424, #3976 ) ) ;
#5467 = CARTESIAN_POINT ( 'NONE',  ( -0.2439257708725754703, 0.8753296863426534014, -2.710505431213761085E-17 ) ) ;
#5468 = DIRECTION ( 'NONE',  ( 0.000000000000000000, 0.000000000000000000, -1.000000000000000000 ) ) ;
#5469 = DIRECTION ( 'NONE',  ( 0.000000000000000000, -1.000000000000000000, 0.000000000000000000 ) ) ;
#5470 = CARTESIAN_POINT ( 'NONE',  ( -6.445179701449497145, 1.517856997204015901, -0.2000000000000000111 ) ) ;
#5471 = PLANE ( 'NONE',  #1664 ) ;
#5472 = CARTESIAN_POINT ( 'NONE',  ( -4.774593472254852422, 1.065457540922401192, -0.1999999999999999556 ) ) ;
#5473 = EDGE_CURVE ( 'NONE', #4125, #3775, #7580, .T. ) ;
#5474 = VERTEX_POINT ( 'NONE', #1446 ) ;
#5475 = CARTESIAN_POINT ( 'NONE',  ( -5.067623921561295042, 0.9955515936624546036, -0.2000000000000000111 ) ) ;
#5476 = ORIENTED_EDGE ( 'NONE', *, *, #7861, .F. ) ;
#5477 = CARTESIAN_POINT ( 'NONE',  ( 2.661559036393322142, 3.273110093051007752, -0.2000000000000001221 ) ) ;
#5478 = DIRECTION ( 'NONE',  ( 0.000000000000000000, 1.000000000000000000, 0.000000000000000000 ) ) ;
#5479 = CARTESIAN_POINT ( 'NONE',  ( -0.1045370830242268456, 4.336095015182955592, -0.2000000000000000666 ) ) ;
#5480 = CARTESIAN_POINT ( 'NONE',  ( 0.2471407160358200239, 0.3125756107902046277, 0.000000000000000000 ) ) ;
#5481 = PERSON_AND_ORGANIZATION ( #6739, #6392 ) ;
#5482 = CARTESIAN_POINT ( 'NONE',  ( -6.363561201046620930, 0.3700928086928896299, 0.000000000000000000 ) ) ;
#5483 = EDGE_CURVE ( 'NONE', #1150, #460, #7486, .T. ) ;
#5484 = VERTEX_POINT ( 'NONE', #1943 ) ;
#5485 = ORIENTED_EDGE ( 'NONE', *, *, #2254, .T. ) ;
#5486 = VERTEX_POINT ( 'NONE', #8846 ) ;
#5487 = DIRECTION ( 'NONE',  ( 9.745637505487684696E-17, 1.000000000000000000, -0.000000000000000000 ) ) ;
#5488 = CARTESIAN_POINT ( 'NONE',  ( 1.946294851336282106, 3.025856886792944511, -0.2000000000000000111 ) ) ;
#5489 = CARTESIAN_POINT ( 'NONE',  ( -4.642661237614196246, 4.253530597715828421, 0.000000000000000000 ) ) ;
#5490 = CARTESIAN_POINT ( 'NONE',  ( 6.879450486378559049, -6.581476711740719132, -0.2000000000000000111 ) ) ;
#5491 = CARTESIAN_POINT ( 'NONE',  ( -5.402134146341398768, 0.9715651570585241981, -0.2000000000000000111 ) ) ;
#5492 = EDGE_CURVE ( 'NONE', #6185, #6361, #7445, .T. ) ;
#5493 = LINE ( 'NONE', #8237, #551 ) ;
#5494 = AXIS2_PLACEMENT_3D ( 'NONE', #1726, #3904, #879 ) ;
#5495 = VECTOR ( 'NONE', #4393, 1000.000000000000000 ) ;
#5496 = ORIENTED_EDGE ( 'NONE', *, *, #4679, .F. ) ;
#5497 = VERTEX_POINT ( 'NONE', #6815 ) ;
#5498 = CARTESIAN_POINT ( 'NONE',  ( 0.3951219512195770500, 2.286351742424377775, -2.710505431213761085E-17 ) ) ;
#5499 = CARTESIAN_POINT ( 'NONE',  ( -1.303628620032350804, 0.7358099564939301063, -0.2000000000000000111 ) ) ;
#5500 = CARTESIAN_POINT ( 'NONE',  ( 0.3951219512195770500, 2.286351742424377775, -2.710505431213761085E-17 ) ) ;
#5501 = VECTOR ( 'NONE', #5304, 1000.000000000000000 ) ;
#5502 = CARTESIAN_POINT ( 'NONE',  ( 8.411753555706741992, -6.581476711740719132, 5.332894443888950065 ) ) ;
#5503 = CARTESIAN_POINT ( 'NONE',  ( -6.377921421609263675, 1.417553004502311254, -0.2000000000000000111 ) ) ;
#5504 = CARTESIAN_POINT ( 'NONE',  ( -9.799999999999995381, 11.20133359925598882, -2.999999999999999112 ) ) ;
#5505 = CARTESIAN_POINT ( 'NONE',  ( -0.8234743293916583218, 2.082498633170266178, 0.000000000000000000 ) ) ;
#5506 = CARTESIAN_POINT ( 'NONE',  ( 0.3113681871429824777, 1.428637705890950516, 0.000000000000000000 ) ) ;
#5507 = VECTOR ( 'NONE', #4893, 1000.000000000000000 ) ;
#5508 = AXIS2_PLACEMENT_3D ( 'NONE', #1506, #7597, #5609 ) ;
#5509 = ORIENTED_EDGE ( 'NONE', *, *, #4755, .F. ) ;
#5510 = ORIENTED_EDGE ( 'NONE', *, *, #5251, .F. ) ;
#5511 = CARTESIAN_POINT ( 'NONE',  ( 12.89999999999999858, -14.20000000000000995, -14.69999999999998863 ) ) ;
#5512 = FACE_OUTER_BOUND ( 'NONE', #1314, .T. ) ;
#5513 = ADVANCED_FACE ( 'NONE', ( #8127 ), #1318, .F. ) ;
#5514 = CARTESIAN_POINT ( 'NONE',  ( 2.405872650846105465, 3.151792985107862766, 0.000000000000000000 ) ) ;
#5515 = CARTESIAN_POINT ( 'NONE',  ( -7.649873333299994194, -6.199999999999999289, -1.000000000000000000 ) ) ;
#5516 = VECTOR ( 'NONE', #8426, 1000.000000000000000 ) ;
#5517 = CARTESIAN_POINT ( 'NONE',  ( 1.093548437171509402, 3.379586696782075794, -8.131516293641283255E-17 ) ) ;
#5518 = VECTOR ( 'NONE', #2906, 1000.000000000000000 ) ;
#5519 = LINE ( 'NONE', #3501, #246 ) ;
#5520 = ORIENTED_EDGE ( 'NONE', *, *, #3940, .T. ) ;
#5521 = DIRECTION ( 'NONE',  ( 0.000000000000000000, 1.000000000000000000, 0.000000000000000000 ) ) ;
#5522 = B_SPLINE_CURVE_WITH_KNOTS ( 'NONE', 3,
 ( #1612, #4882, #238, #5634, #7619, #5015, #7579, #5557, #7748, #4211, #6945, #8336, #2120, #821, #4843, #4974, #4338, #3545 ),
 .UNSPECIFIED., .F., .F.,
 ( 4, 2, 2, 2, 2, 2, 2, 2, 4 ),
 ( 0.000000000000000000, 0.0003457722384499270084, 0.0006915444768998540168, 0.001383088953799709551, 0.001728861192249637590, 0.002074633430699565195, 0.002420405669149493233, 0.002593291788374457469, 0.002766177907599421705 ),
 .UNSPECIFIED. ) ;
#5523 = VERTEX_POINT ( 'NONE', #1280 ) ;
#5524 = EDGE_CURVE ( 'NONE', #3922, #4283, #2806, .T. ) ;
#5525 = ADVANCED_FACE ( 'NONE', ( #7409 ), #8167, .F. ) ;
#5526 = CARTESIAN_POINT ( 'NONE',  ( -0.7657336898937426861, 1.525103295726003783, -0.2000000000000000111 ) ) ;
#5527 = CARTESIAN_POINT ( 'NONE',  ( 0.3838787709630241407, 2.848462609516010158, -0.2000000000000000111 ) ) ;
#5528 = CARTESIAN_POINT ( 'NONE',  ( 0.8819663380316988821, 3.832056180932402523, -5.421010862427522170E-17 ) ) ;
#5529 = CARTESIAN_POINT ( 'NONE',  ( 0.3890364478340873622, 0.3725950251995903129, 0.000000000000000000 ) ) ;
#5530 = APPROVAL_ROLE ( '' ) ;
#5531 = LINE ( 'NONE', #5607, #4070 ) ;
#5532 = CIRCLE ( 'NONE', #5660, 1.749999999999999778 ) ;
#5533 = ORIENTED_EDGE ( 'NONE', *, *, #8319, .T. ) ;
#5534 = VERTEX_POINT ( 'NONE', #8207 ) ;
#5535 = ORIENTED_EDGE ( 'NONE', *, *, #2693, .F. ) ;
#5536 = VECTOR ( 'NONE', #590, 1000.000000000000000 ) ;
#5537 = LINE ( 'NONE', #3564, #514 ) ;
#5538 = EDGE_CURVE ( 'NONE', #2850, #7928, #6766, .T. ) ;
#5539 = DIRECTION ( 'NONE',  ( 9.745637505487684696E-17, 1.000000000000000000, -0.000000000000000000 ) ) ;
#5540 = CARTESIAN_POINT ( 'NONE',  ( -10.31663196421453144, 0.3005931129142081493, -2.710505431213761701E-17 ) ) ;
#5541 = DIRECTION ( 'NONE',  ( -0.000000000000000000, -1.000000000000000000, -0.000000000000000000 ) ) ;
#5542 = FACE_BOUND ( 'NONE', #1464, .T. ) ;
#5543 = ORIENTED_EDGE ( 'NONE', *, *, #5327, .F. ) ;
#5544 = ORIENTED_EDGE ( 'NONE', *, *, #4003, .T. ) ;
#5545 = CARTESIAN_POINT ( 'NONE',  ( -11.13872808547585613, 0.9175260763250643326, -0.2000000000000000111 ) ) ;
#5546 = EDGE_CURVE ( 'NONE', #7004, #2092, #7181, .T. ) ;
#5547 = CARTESIAN_POINT ( 'NONE',  ( -1.653658536585301375, 2.224613937546329634, -0.2000000000000000111 ) ) ;
#5548 = DIRECTION ( 'NONE',  ( -0.000000000000000000, -1.000000000000000000, -0.000000000000000000 ) ) ;
#5549 = CARTESIAN_POINT ( 'NONE',  ( 1.224390243902504727, 2.316839547302426805, 0.000000000000000000 ) ) ;
#5550 = LINE ( 'NONE', #184, #1787 ) ;
#5551 = DIRECTION ( 'NONE',  ( -0.000000000000000000, -0.000000000000000000, -1.000000000000000000 ) ) ;
#5552 = CARTESIAN_POINT ( 'NONE',  ( -8.564832906651988154, 0.6207525812573726487, -6.776263578034402713E-17 ) ) ;
#5553 = ORIENTED_EDGE ( 'NONE', *, *, #8379, .T. ) ;
#5554 = ORIENTED_EDGE ( 'NONE', *, *, #298, .F. ) ;
#5555 = DIRECTION ( 'NONE',  ( 0.000000000000000000, 0.000000000000000000, -1.000000000000000000 ) ) ;
#5556 = ADVANCED_FACE ( 'NONE', ( #4672 ), #606, .T. ) ;
#5557 = CARTESIAN_POINT ( 'NONE',  ( 0.9207185765804968280, 3.774783653872857858, -0.1999999999999999833 ) ) ;
#5558 = CARTESIAN_POINT ( 'NONE',  ( 6.879450486378559049, -5.822408242112043553, 0.000000000000000000 ) ) ;
#5559 = DIRECTION ( 'NONE',  ( 0.000000000000000000, -1.000000000000000000, 0.000000000000000000 ) ) ;
#5560 = CARTESIAN_POINT ( 'NONE',  ( -0.5004446804749497213, 4.307452154668538036, -0.2000000000000000111 ) ) ;
#5561 = CARTESIAN_POINT ( 'NONE',  ( -5.017272537761087392, 1.004509028991982023, 8.131516293641283255E-17 ) ) ;
#5562 = ORIENTED_EDGE ( 'NONE', *, *, #4660, .T. ) ;
#5563 = CARTESIAN_POINT ( 'NONE',  ( 3.450126666700006339, -13.20000000000002771, -2.999999999999998668 ) ) ;
#5564 = CARTESIAN_POINT ( 'NONE',  ( 17.80000000000000782, -13.20000000000000284, -2.999999999999999112 ) ) ;
#5565 = DIRECTION ( 'NONE',  ( 1.000000000000000000, 0.000000000000000000, 0.000000000000000000 ) ) ;
#5566 = CARTESIAN_POINT ( 'NONE',  ( -9.799999999999995381, 8.850000000000033396, -8.800000000000000711 ) ) ;
#5567 = CARTESIAN_POINT ( 'NONE',  ( -12.79999999999993499, 0.8500000000000351719, -1.000000000000000000 ) ) ;
#5568 = CARTESIAN_POINT ( 'NONE',  ( 0.09461042458703598779, 0.2697216927966377131, 0.000000000000000000 ) ) ;
#5569 = PLANE ( 'NONE',  #3779 ) ;
#5570 = ORIENTED_EDGE ( 'NONE', *, *, #4817, .F. ) ;
#5571 = ADVANCED_FACE ( 'NONE', ( #6270 ), #4975, .F. ) ;
#5572 = ORIENTED_EDGE ( 'NONE', *, *, #3995, .F. ) ;
#5573 = DIRECTION ( 'NONE',  ( 0.000000000000000000, -1.000000000000000000, 0.000000000000000000 ) ) ;
#5574 = ORIENTED_EDGE ( 'NONE', *, *, #7253, .F. ) ;
#5575 = DIRECTION ( 'NONE',  ( 0.000000000000000000, 1.000000000000000000, 0.000000000000000000 ) ) ;
#5576 = DIRECTION ( 'NONE',  ( -0.000000000000000000, 0.000000000000000000, 1.000000000000000000 ) ) ;
#5577 = FACE_BOUND ( 'NONE', #3136, .T. ) ;
#5578 = CARTESIAN_POINT ( 'NONE',  ( -17.79999999999999361, 15.70133359925599414, -16.50000000000000000 ) ) ;
#5579 = FACE_BOUND ( 'NONE', #1245, .T. ) ;
#5580 = EDGE_CURVE ( 'NONE', #2117, #5138, #7031, .T. ) ;
#5581 = ORIENTED_EDGE ( 'NONE', *, *, #7111, .T. ) ;
#5582 = ORIENTED_EDGE ( 'NONE', *, *, #898, .T. ) ;
#5583 = CARTESIAN_POINT ( 'NONE',  ( -11.36097560975603216, 1.973851742424377997, -0.1000000000000000056 ) ) ;
#5584 = CARTESIAN_POINT ( 'NONE',  ( -0.7181811756050868745, 0.3063799479609574106, 0.000000000000000000 ) ) ;
#5585 = DIRECTION ( 'NONE',  ( 0.000000000000000000, -0.000000000000000000, -1.000000000000000000 ) ) ;
#5586 = CARTESIAN_POINT ( 'NONE',  ( -0.4067400763441527678, 0.2436514308584424304, -0.2000000000000000111 ) ) ;
#5587 = CARTESIAN_POINT ( 'NONE',  ( 6.700000000000003730, 0.0006667996279938886994, -8.799999999999998934 ) ) ;
#5588 = CARTESIAN_POINT ( 'NONE',  ( 8.411753555706741992, -6.581476711740719132, -0.2000000000000000111 ) ) ;
#5589 = DIRECTION ( 'NONE',  ( 1.000000000000000000, 0.000000000000000000, -0.000000000000000000 ) ) ;
#5590 = EDGE_CURVE ( 'NONE', #5486, #5484, #2892, .T. ) ;
#5591 = EDGE_LOOP ( 'NONE', ( #7636, #712, #7081, #7404 ) ) ;
#5592 = EDGE_LOOP ( 'NONE', ( #6430, #3453, #329, #4275 ) ) ;
#5593 = LINE ( 'NONE', #1483, #232 ) ;
#5594 = DIRECTION ( 'NONE',  ( -1.000000000000000000, 0.000000000000000000, 0.000000000000000000 ) ) ;
#5595 = CARTESIAN_POINT ( 'NONE',  ( -0.6129808753417835820, 1.101310437370025541, -0.1999999999999999833 ) ) ;
#5596 = CARTESIAN_POINT ( 'NONE',  ( 0.000000000000000000, 0.000000000000000000, -8.799999999999998934 ) ) ;
#5597 = CARTESIAN_POINT ( 'NONE',  ( 3.450000000000005063, 11.20133359925599059, -2.999999999999999112 ) ) ;
#5598 = CARTESIAN_POINT ( 'NONE',  ( 6.227808503120347616, 1.942992058381624698, 0.000000000000000000 ) ) ;
#5599 = EDGE_CURVE ( 'NONE', #6965, #7246, #2289, .T. ) ;
#5600 = ORIENTED_EDGE ( 'NONE', *, *, #8729, .T. ) ;
#5601 = CARTESIAN_POINT ( 'NONE',  ( -0.1932926829267649360, 3.703272474131695358, -0.2000000000000000111 ) ) ;
#5602 = CARTESIAN_POINT ( 'NONE',  ( -7.077029231046902069, 0.8730893386481169971, -0.2000000000000001221 ) ) ;
#5603 = DIRECTION ( 'NONE',  ( 0.000000000000000000, -0.000000000000000000, 1.000000000000000000 ) ) ;
#5604 = DIRECTION ( 'NONE',  ( 0.000000000000000000, 2.990902544787597606E-16, -1.000000000000000000 ) ) ;
#5605 = CARTESIAN_POINT ( 'NONE',  ( -5.561432926829203538, 0.2398578399853534548, -2.710505431213761085E-17 ) ) ;
#5606 = CARTESIAN_POINT ( 'NONE',  ( -0.1807527877529121474, 0.2414093293324949818, 0.000000000000000000 ) ) ;
#5607 = CARTESIAN_POINT ( 'NONE',  ( 2.834146341463480212, 3.393059059497549157, -0.09999999999999996392 ) ) ;
#5608 = VERTEX_POINT ( 'NONE', #902 ) ;
#5609 = DIRECTION ( 'NONE',  ( -1.000000000000000000, 0.000000000000000000, 0.000000000000000000 ) ) ;
#5610 = ORIENTED_EDGE ( 'NONE', *, *, #1765, .F. ) ;
#5611 = DIRECTION ( 'NONE',  ( -1.000000000000000000, 9.745637505487682231E-17, -0.000000000000000000 ) ) ;
#5612 = LINE ( 'NONE', #3435, #775 ) ;
#5613 = CARTESIAN_POINT ( 'NONE',  ( -9.868444741718885638, 0.2419875732469819463, -2.710505431213761701E-17 ) ) ;
#5614 = CARTESIAN_POINT ( 'NONE',  ( 6.879450486378559049, -6.581476711740719132, 0.000000000000000000 ) ) ;
#5615 = EDGE_CURVE ( 'NONE', #2757, #2220, #5016, .T. ) ;
#5616 = CARTESIAN_POINT ( 'NONE',  ( 8.411753555706741992, -5.822408242112043553, 0.000000000000000000 ) ) ;
#5617 = VERTEX_POINT ( 'NONE', #7749 ) ;
#5618 = VECTOR ( 'NONE', #1495, 1000.000000000000000 ) ;
#5619 = ORIENTED_EDGE ( 'NONE', *, *, #7620, .F. ) ;
#5620 = LINE ( 'NONE', #680, #5646 ) ;
#5621 = CARTESIAN_POINT ( 'NONE',  ( 6.700000000000003730, -13.19999999999999929, -7.799999999999998934 ) ) ;
#5622 = DIRECTION ( 'NONE',  ( -9.745637505487680998E-17, -1.000000000000000000, -0.000000000000000000 ) ) ;
#5623 = CARTESIAN_POINT ( 'NONE',  ( -9.696341463414569262, 0.9715651570585241981, 0.000000000000000000 ) ) ;
#5624 = EDGE_CURVE ( 'NONE', #1393, #885, #6354, .T. ) ;
#5625 = DIRECTION ( 'NONE',  ( 1.000000000000000000, -9.745637505487682231E-17, 0.000000000000000000 ) ) ;
#5626 = CARTESIAN_POINT ( 'NONE',  ( -0.05517267965801979368, 3.683112306505819777, 0.000000000000000000 ) ) ;
#5627 = VECTOR ( 'NONE', #658, 1000.000000000000000 ) ;
#5628 = DIRECTION ( 'NONE',  ( 0.000000000000000000, -0.000000000000000000, -1.000000000000000000 ) ) ;
#5629 = ORIENTED_EDGE ( 'NONE', *, *, #5033, .T. ) ;
#5630 = ORIENTED_EDGE ( 'NONE', *, *, #2182, .T. ) ;
#5631 = VECTOR ( 'NONE', #3645, 1000.000000000000000 ) ;
#5632 = CARTESIAN_POINT ( 'NONE',  ( -0.1932926829267649360, 3.703272474131695358, -0.2000000000000000389 ) ) ;
#5633 = AXIS2_PLACEMENT_3D ( 'NONE', #5504, #6805, #2695 ) ;
#5634 = CARTESIAN_POINT ( 'NONE',  ( 1.205800835049732678, 2.779030082675687297, -0.2000000000000000111 ) ) ;
#5635 = EDGE_CURVE ( 'NONE', #5846, #8588, #240, .T. ) ;
#5636 = DIRECTION ( 'NONE',  ( -0.000000000000000000, 0.000000000000000000, 1.000000000000000000 ) ) ;
#5637 = CARTESIAN_POINT ( 'NONE',  ( 3.450000000000004174, -6.200000000000001066, -8.799999999999998934 ) ) ;
#5638 = CARTESIAN_POINT ( 'NONE',  ( 8.411753555706741992, -5.822408242112043553, 0.000000000000000000 ) ) ;
#5639 = CARTESIAN_POINT ( 'NONE',  ( -10.48292682926822827, 4.288638327790232019, -0.2000000000000000111 ) ) ;
#5640 = AXIS2_PLACEMENT_3D ( 'NONE', #671, #8734, #2500 ) ;
#5641 = VECTOR ( 'NONE', #7817, 1000.000000000000000 ) ;
#5642 = ORIENTED_EDGE ( 'NONE', *, *, #667, .F. ) ;
#5643 = CARTESIAN_POINT ( 'NONE',  ( 6.879450486378559049, -6.581476711740719132, 5.332894443888950065 ) ) ;
#5644 = CARTESIAN_POINT ( 'NONE',  ( -6.574947020467767800, 0.4638703353607895319, -0.2000000000000000111 ) ) ;
#5645 = VECTOR ( 'NONE', #5332, 1000.000000000000000 ) ;
#5646 = VECTOR ( 'NONE', #6127, 1000.000000000000000 ) ;
#5647 = ADVANCED_FACE ( 'NONE', ( #3585 ), #283, .T. ) ;
#5648 = PLANE ( 'NONE',  #6646 ) ;
#5649 = CARTESIAN_POINT ( 'NONE',  ( -5.271575515814032720, 0.9737373350679641160, 0.000000000000000000 ) ) ;
#5650 = CARTESIAN_POINT ( 'NONE',  ( 1.221542165398336488, 2.556415561823167426, -5.421010862427522170E-17 ) ) ;
#5651 = PLANE ( 'NONE',  #3242 ) ;
#5652 = CARTESIAN_POINT ( 'NONE',  ( -0.002699214521011197420, 0.9220648124312296190, -1.084202172485504434E-16 ) ) ;
#5653 = AXIS2_PLACEMENT_3D ( 'NONE', #4405, #1676, #4269 ) ;
#5654 = VERTEX_POINT ( 'NONE', #7668 ) ;
#5655 = CARTESIAN_POINT ( 'NONE',  ( -5.567493911366273807, -7.375133543765119093, -24.49303474050138618 ) ) ;
#5656 = ORIENTED_EDGE ( 'NONE', *, *, #1246, .F. ) ;
#5657 = CARTESIAN_POINT ( 'NONE',  ( 1.907317073170796240, 3.732998083887792529, -0.2000000000000000111 ) ) ;
#5658 = DIRECTION ( 'NONE',  ( -1.000000000000000000, 9.745637505487680998E-17, -0.000000000000000000 ) ) ;
#5659 = CARTESIAN_POINT ( 'NONE',  ( -5.504761471134832718, 0.2403551385968781540, -0.000000000000000000 ) ) ;
#5660 = AXIS2_PLACEMENT_3D ( 'NONE', #4503, #8544, #4417 ) ;
#5661 = CARTESIAN_POINT ( 'NONE',  ( -5.561432926829203538, 0.2398578399853534548, -2.710505431213761085E-17 ) ) ;
#5662 = CARTESIAN_POINT ( 'NONE',  ( -6.598631030268906628, 2.609852650654963302, 9.486769009248160100E-17 ) ) ;
#5663 = CARTESIAN_POINT ( 'NONE',  ( -5.776286897450116697, 0.2443922204487160021, -0.2000000000000000111 ) ) ;
#5664 = VERTEX_POINT ( 'NONE', #949 ) ;
#5665 = VECTOR ( 'NONE', #7416, 1000.000000000000000 ) ;
#5666 = ORIENTED_EDGE ( 'NONE', *, *, #5801, .T. ) ;
#5667 = ORIENTED_EDGE ( 'NONE', *, *, #8459, .T. ) ;
#5668 = CARTESIAN_POINT ( 'NONE',  ( -10.45747045407118492, 1.630580947026702532, -2.710505431213761085E-17 ) ) ;
#5669 = CARTESIAN_POINT ( 'NONE',  ( -7.109465794777176662, 3.526465457044302809, -0.2000000000000000389 ) ) ;
#5670 = CARTESIAN_POINT ( 'NONE',  ( -5.486164420613215853, 0.9732511176648531714, -2.710505431213757387E-17 ) ) ;
#5671 = CARTESIAN_POINT ( 'NONE',  ( 2.343981363844101828, 3.877086963777770734, -2.710505431213756463E-17 ) ) ;
#5672 = DIRECTION ( 'NONE',  ( -6.484938541143236834E-16, -1.000000000000000000, 0.000000000000000000 ) ) ;
#5673 = VECTOR ( 'NONE', #8318, 1000.000000000000000 ) ;
#5674 = CARTESIAN_POINT ( 'NONE',  ( 6.879450486378557272, 1.942992058381624698, -0.2000000000000000111 ) ) ;
#5675 = CARTESIAN_POINT ( 'NONE',  ( -13.50000000000000533, -15.69999999999999929, -14.69999999999998863 ) ) ;
#5676 = ADVANCED_FACE ( 'NONE', ( #8297 ), #5756, .F. ) ;
#5677 = EDGE_LOOP ( 'NONE', ( #3983, #2837, #7129, #8590 ) ) ;
#5678 = EDGE_CURVE ( 'NONE', #7767, #8831, #6626, .T. ) ;
#5680 = ORIENTED_EDGE ( 'NONE', *, *, #6757, .T. ) ;
#5679 = CARTESIAN_POINT ( 'NONE',  ( -10.11132458489994690, 1.067483291299030412, -1.626303258728256651E-16 ) ) ;
#5681 = CARTESIAN_POINT ( 'NONE',  ( -0.4699559151546198743, 3.619344608654200712, -6.776263578034407643E-17 ) ) ;
#5682 = CARTESIAN_POINT ( 'NONE',  ( 0.3951219512195770500, 2.286351742424377775, -0.2000000000000000111 ) ) ;
#5683 = DIRECTION ( 'NONE',  ( -0.000000000000000000, -0.000000000000000000, -1.000000000000000000 ) ) ;
#5684 = DIRECTION ( 'NONE',  ( 0.000000000000000000, 1.000000000000000000, 0.000000000000000000 ) ) ;
#5685 = DIRECTION ( 'NONE',  ( 0.000000000000000000, 0.000000000000000000, -1.000000000000000000 ) ) ;
#5686 = CARTESIAN_POINT ( 'NONE',  ( -0.4699141963577005976, 0.2529186263913408284, 5.421010862427522170E-17 ) ) ;
#5687 = CARTESIAN_POINT ( 'NONE',  ( 9.700000000000004619, 2.099999999999997424, 0.000000000000000000 ) ) ;
#5688 = VERTEX_POINT ( 'NONE', #464 ) ;
#5689 = EDGE_CURVE ( 'NONE', #7664, #2916, #7846, .T. ) ;
#5690 = DIRECTION ( 'NONE',  ( 0.000000000000000000, -0.000000000000000000, 1.000000000000000000 ) ) ;
#5691 = DIRECTION ( 'NONE',  ( 0.000000000000000000, 0.000000000000000000, 1.000000000000000000 ) ) ;
#5692 = DIRECTION ( 'NONE',  ( 1.000000000000000000, -9.745637505487682231E-17, 0.000000000000000000 ) ) ;
#5693 = CARTESIAN_POINT ( 'NONE',  ( -5.464870304029197712, 0.2407051882254021835, -2.710505431213761701E-17 ) ) ;
#5694 = CARTESIAN_POINT ( 'NONE',  ( -10.47196491140550556, 1.735943860188783772, -0.2000000000000000111 ) ) ;
#5695 = DIRECTION ( 'NONE',  ( 1.000000000000000000, 0.000000000000000000, 0.000000000000000000 ) ) ;
#5696 = CARTESIAN_POINT ( 'NONE',  ( 0.1118883723536891750, 1.011930847321638405, -0.2000000000000001221 ) ) ;
#5697 = EDGE_LOOP ( 'NONE', ( #8777, #6695 ) ) ;
#5698 = EDGE_CURVE ( 'NONE', #5445, #1344, #8650, .T. ) ;
#5699 = CARTESIAN_POINT ( 'NONE',  ( -0.2092987804877405322, 0.8740041814487681249, -0.2000000000000000389 ) ) ;
#5700 = ORIENTED_EDGE ( 'NONE', *, *, #6537, .F. ) ;
#5701 = LINE ( 'NONE', #3240, #7217 ) ;
#5702 = CARTESIAN_POINT ( 'NONE',  ( -0.2192978062811534179, 4.335882492640855901, -0.2000000000000000666 ) ) ;
#5703 = CARTESIAN_POINT ( 'NONE',  ( -4.471263784704892608, 0.4326366282556349807, -0.000000000000000000 ) ) ;
#5704 = FACE_OUTER_BOUND ( 'NONE', #4574, .T. ) ;
#5705 = LINE ( 'NONE', #2310, #5817 ) ;
#5706 = LINE ( 'NONE', #5616, #2675 ) ;
#5707 = ORIENTED_EDGE ( 'NONE', *, *, #7111, .F. ) ;
#5708 = ADVANCED_FACE ( 'NONE', ( #4569 ), #3142, .F. ) ;
#5709 = VERTEX_POINT ( 'NONE', #7307 ) ;
#5710 = ORIENTED_EDGE ( 'NONE', *, *, #5214, .T. ) ;
#5711 = CARTESIAN_POINT ( 'NONE',  ( -10.48134821031847075, 1.848933672500449266, -0.2000000000000000389 ) ) ;
#5712 = CARTESIAN_POINT ( 'NONE',  ( -8.505614675370360089, 0.6832072066844232516, -2.710505431213761085E-17 ) ) ;
#5713 = LINE ( 'NONE', #6476, #2349 ) ;
#5714 = CARTESIAN_POINT ( 'NONE',  ( -1.386912046047531266, 0.8687723259033082179, -0.2000000000000000111 ) ) ;
#5715 = CARTESIAN_POINT ( 'NONE',  ( 6.879450486378559049, -6.581476711740719132, 0.000000000000000000 ) ) ;
#5716 = CARTESIAN_POINT ( 'NONE',  ( -5.546360326161227761, 4.334406094552162081, -6.776263578034403945E-17 ) ) ;
#5717 = ORIENTED_EDGE ( 'NONE', *, *, #153, .T. ) ;
#5719 = ORIENTED_EDGE ( 'NONE', *, *, #1812, .T. ) ;
#5718 = CARTESIAN_POINT ( 'NONE',  ( -13.50000000000000533, -14.19999999999999929, -16.44999999999998863 ) ) ;
#5720 = CARTESIAN_POINT ( 'NONE',  ( 1.907317073170796240, 3.020345644863402512, 0.000000000000000000 ) ) ;
#5721 = CARTESIAN_POINT ( 'NONE',  ( 0.3581669216819708956, 1.671694768898266847, -0.2000000000000000111 ) ) ;
#5722 = CARTESIAN_POINT ( 'NONE',  ( -6.179179060244236688, 0.3117689312024466419, -2.710505431213761085E-17 ) ) ;
#5723 = CARTESIAN_POINT ( 'NONE',  ( -9.755030487804813077, 0.2398578399853534548, 8.131516293641283255E-17 ) ) ;
#5724 = CARTESIAN_POINT ( 'NONE',  ( -5.395323056358876102, 3.604458188797093676, -0.000000000000000000 ) ) ;
#5725 = CARTESIAN_POINT ( 'NONE',  ( 6.879450486378559049, -5.822408242112043553, -0.2000000000000000111 ) ) ;
#5726 = ADVANCED_FACE ( 'NONE', ( #8563 ), #3889, .F. ) ;
#5727 = CARTESIAN_POINT ( 'NONE',  ( -10.28861626715297284, 1.219496516131247654, -1.084202172485504187E-16 ) ) ;
#5728 = VERTEX_POINT ( 'NONE', #5860 ) ;
#5729 = ORIENTED_EDGE ( 'NONE', *, *, #6635, .T. ) ;
#5730 = CARTESIAN_POINT ( 'NONE',  ( 3.096361304318062224, 4.305021468949751018, 0.000000000000000000 ) ) ;
#5731 = CARTESIAN_POINT ( 'NONE',  ( -3.751219512195057337, 1.508150522912182767, -0.2000000000000000111 ) ) ;
#5732 = DIRECTION ( 'NONE',  ( 0.000000000000000000, 0.000000000000000000, -1.000000000000000000 ) ) ;
#5733 = LINE ( 'NONE', #8529, #210 ) ;
#5734 = CARTESIAN_POINT ( 'NONE',  ( -10.11132458489994690, 1.067483291299030412, -0.2000000000000000111 ) ) ;
#5735 = DIRECTION ( 'NONE',  ( -0.000000000000000000, -0.000000000000000000, 1.000000000000000000 ) ) ;
#5736 = CARTESIAN_POINT ( 'NONE',  ( 2.531869429840653662, 3.204651138334718041, -0.2000000000000000666 ) ) ;
#5737 = EDGE_CURVE ( 'NONE', #1422, #3563, #7890, .T. ) ;
#5738 = ORIENTED_EDGE ( 'NONE', *, *, #4335, .T. ) ;
#5739 = DIRECTION ( 'NONE',  ( 0.000000000000000000, -0.000000000000000000, -1.000000000000000000 ) ) ;
#5740 = ORIENTED_EDGE ( 'NONE', *, *, #327, .F. ) ;
#5741 = DIRECTION ( 'NONE',  ( 0.000000000000000000, 0.000000000000000000, -1.000000000000000000 ) ) ;
#5742 = CARTESIAN_POINT ( 'NONE',  ( -1.650109999925676307, 2.469298144541687279, -5.421010862427522170E-17 ) ) ;
#5743 = CARTESIAN_POINT ( 'NONE',  ( -4.668223553739449194, 0.3562540462688973952, 0.000000000000000000 ) ) ;
#5744 = CARTESIAN_POINT ( 'NONE',  ( -6.119328192616189099, 1.169597886315987045, 0.000000000000000000 ) ) ;
#5745 = CARTESIAN_POINT ( 'NONE',  ( -7.505644855690353445, 2.280596166447613093, -2.710505431213761085E-17 ) ) ;
#5746 = EDGE_CURVE ( 'NONE', #651, #8483, #1750, .T. ) ;
#5747 = CARTESIAN_POINT ( 'NONE',  ( 3.450126666700005895, -15.69999999999999929, -2.000000000000000000 ) ) ;
#5748 = ORIENTED_EDGE ( 'NONE', *, *, #7722, .F. ) ;
#5749 = ORIENTED_EDGE ( 'NONE', *, *, #1873, .F. ) ;
#5750 = ORIENTED_EDGE ( 'NONE', *, *, #4433, .T. ) ;
#5751 = CARTESIAN_POINT ( 'NONE',  ( 1.133922300079146295, 1.438509011335515453, -0.2000000000000000111 ) ) ;
#5752 = CARTESIAN_POINT ( 'NONE',  ( -7.418408887970864285, 2.900335050509529555, -0.2000000000000000111 ) ) ;
#5753 = FACE_OUTER_BOUND ( 'NONE', #733, .T. ) ;
#5754 = LINE ( 'NONE', #411, #3392 ) ;
#5755 = ADVANCED_FACE ( 'NONE', ( #8199 ), #6478, .T. ) ;
#5756 = B_SPLINE_SURFACE_WITH_KNOTS ( 'NONE', 3, 1, ( 
 ( #3002, #5723 ),
 ( #2200, #4930 ),
 ( #8468, #1533 ),
 ( #6990, #7796 ),
 ( #1662, #4392 ),
 ( #6309, #7124 ),
 ( #2160, #3717 ),
 ( #8381, #2248 ),
 ( #4883, #7621 ),
 ( #1487, #1086 ),
 ( #4476, #2467 ),
 ( #7935, #1847 ),
 ( #6584, #6541 ),
 ( #3854, #3758 ),
 ( #3230, #3809 ),
 ( #5292, #3184 ),
 ( #4610, #1224 ),
 ( #2514, #1797 ),
 ( #421, #8704 ) ),
 .UNSPECIFIED., .F., .F., .F.,
 ( 4, 1, 1, 1, 1, 1, 1, 1, 1, 1, 1, 1, 1, 1, 1, 1, 4 ),
 ( 2, 2 ),
 ( 0.000000000000000000, 0.07175375926813115646, 0.1393909924837705983, 0.2030344755155327752, 0.2635310560276033498, 0.3212453635144004727, 0.3771585236287912091, 0.4316593045743027379, 0.4861564579143984322, 0.5411023275322932591, 0.5973517966565862203, 0.6554587021051085927, 0.7167481245134883494, 0.7812726903770246256, 0.8497413636913838664, 0.9226339300657615539, 1.000000000000000000 ),
 ( 0.000000000000000000, 1.000000000000000000 ),
 .UNSPECIFIED. ) ;
#5757 = CARTESIAN_POINT ( 'NONE',  ( 0.3951219512195770500, 2.286351742424377775, -0.2000000000000000111 ) ) ;
#5758 = CARTESIAN_POINT ( 'NONE',  ( -17.79999999999999716, -15.69999999999999929, -6.200000000000001066 ) ) ;
#5759 = VERTEX_POINT ( 'NONE', #7398 ) ;
#5761 = ORIENTED_EDGE ( 'NONE', *, *, #6460, .T. ) ;
#5760 = CARTESIAN_POINT ( 'NONE',  ( -10.11132458489994690, 1.067483291299030412, -0.2000000000000000111 ) ) ;
#5762 = CARTESIAN_POINT ( 'NONE',  ( -9.604274437222224847, 0.9735056200454613728, 0.000000000000000000 ) ) ;
#5763 = CARTESIAN_POINT ( 'NONE',  ( 0.05701824514861467824, 0.9613594606275667198, -0.2000000000000000111 ) ) ;
#5764 = CARTESIAN_POINT ( 'NONE',  ( -6.847533852934026832, 0.6477779038800169920, -2.710505431213761085E-17 ) ) ;
#5765 = VECTOR ( 'NONE', #1177, 1000.000000000000000 ) ;
#5766 = FACE_OUTER_BOUND ( 'NONE', #2686, .T. ) ;
#5767 = EDGE_CURVE ( 'NONE', #2452, #2037, #728, .T. ) ;
#5768 = CARTESIAN_POINT ( 'NONE',  ( -5.100064959524909014, 3.591778257614862024, -0.2000000000000000389 ) ) ;
#5769 = CARTESIAN_POINT ( 'NONE',  ( -6.119328192616189099, 1.169597886315987045, -0.2000000000000000111 ) ) ;
#5770 = CARTESIAN_POINT ( 'NONE',  ( -0.8084620001753296537, 0.3365650404363512149, 1.355252715606879772E-17 ) ) ;
#5771 = CARTESIAN_POINT ( 'NONE',  ( -5.561432926829203538, 0.2398578399853534548, -0.2000000000000000111 ) ) ;
#5772 = AXIS2_PLACEMENT_3D ( 'NONE', #301, #3021, #4316 ) ;
#5773 = VECTOR ( 'NONE', #7125, 1000.000000000000000 ) ;
#5774 = ORIENTED_EDGE ( 'NONE', *, *, #3069, .T. ) ;
#5775 = ORIENTED_EDGE ( 'NONE', *, *, #1382, .F. ) ;
#5776 = CARTESIAN_POINT ( 'NONE',  ( -11.35797679789408399, 1.768141955855556224, -0.2000000000000000111 ) ) ;
#5777 = CARTESIAN_POINT ( 'NONE',  ( 0.2989774872771820968, 4.275612237796089232, -2.710505431213761085E-17 ) ) ;
#5778 = DIRECTION ( 'NONE',  ( 0.000000000000000000, -1.000000000000000000, 0.000000000000000000 ) ) ;
#5779 = CARTESIAN_POINT ( 'NONE',  ( 1.221542165398336488, 2.556415561823167426, -0.2000000000000000111 ) ) ;
#5780 = CARTESIAN_POINT ( 'NONE',  ( -0.1605182926828624401, 4.337418815595110111, -0.2000000000000000111 ) ) ;
#5781 = AXIS2_PLACEMENT_3D ( 'NONE', #5321, #8056, #1918 ) ;
#5782 = CARTESIAN_POINT ( 'NONE',  ( -0.5360522519604586922, 1.007708864044948527, -8.131516293641283255E-17 ) ) ;
#5783 = CARTESIAN_POINT ( 'NONE',  ( 0.1118883723536891750, 1.011930847321638405, -1.084202172485504434E-16 ) ) ;
#5784 = VECTOR ( 'NONE', #7553, 1000.000000000000000 ) ;
#5785 = ORIENTED_EDGE ( 'NONE', *, *, #4382, .F. ) ;
#5786 = VECTOR ( 'NONE', #3317, 1000.000000000000000 ) ;
#5787 = ADVANCED_FACE ( 'NONE', ( #8068 ), #7529, .F. ) ;
#5788 = CARTESIAN_POINT ( 'NONE',  ( -2.239024390243838258, 1.508150522912182989, 0.000000000000000000 ) ) ;
#5789 = AXIS2_PLACEMENT_3D ( 'NONE', #7546, #5346, #6146 ) ;
#5790 = EDGE_CURVE ( 'NONE', #3365, #49, #1932, .T. ) ;
#5791 = ORIENTED_EDGE ( 'NONE', *, *, #4312, .F. ) ;
#5792 = DIRECTION ( 'NONE',  ( 0.000000000000000000, 0.000000000000000000, 1.000000000000000000 ) ) ;
#5793 = CARTESIAN_POINT ( 'NONE',  ( -0.8015650730135356339, 4.205074799983030687, -5.421010862427522170E-17 ) ) ;
#5794 = CARTESIAN_POINT ( 'NONE',  ( -5.232860790624664027, 0.2513994259592707836, 0.000000000000000000 ) ) ;
#5795 = DIRECTION ( 'NONE',  ( -1.000000000000000000, -2.040851148207997891E-16, 0.000000000000000000 ) ) ;
#5796 = CARTESIAN_POINT ( 'NONE',  ( -7.281498239866459166, 3.245501431644545853, -2.710505431213761085E-17 ) ) ;
#5797 = VECTOR ( 'NONE', #2648, 1000.000000000000000 ) ;
#5798 = CARTESIAN_POINT ( 'NONE',  ( 0.3951219512195770500, 2.286351742424377775, -0.2000000000000000389 ) ) ;
#5799 = EDGE_LOOP ( 'NONE', ( #4325, #6137, #4025, #40 ) ) ;
#5800 = EDGE_LOOP ( 'NONE', ( #2751, #8644, #502, #3702 ) ) ;
#5801 = EDGE_CURVE ( 'NONE', #339, #5728, #55, .T. ) ;
#5802 = VERTEX_POINT ( 'NONE', #2775 ) ;
#5803 = VECTOR ( 'NONE', #4756, 1000.000000000000000 ) ;
#5804 = CARTESIAN_POINT ( 'NONE',  ( 0.7522077583110380328, 0.6536840088736454168, -0.2000000000000000111 ) ) ;
#5805 = CARTESIAN_POINT ( 'NONE',  ( -9.029367350710593598, 0.3476998528558994384, -2.710505431213761085E-17 ) ) ;
#5806 = CARTESIAN_POINT ( 'NONE',  ( -6.185265745762881906, 1.217516231359149659, -0.2000000000000000944 ) ) ;
#5807 = CARTESIAN_POINT ( 'NONE',  ( 10.20000000000000639, -8.800000000000006040, -1.000000000000000000 ) ) ;
#5808 = DIRECTION ( 'NONE',  ( 0.000000000000000000, 0.000000000000000000, 1.000000000000000000 ) ) ;
#5809 = CARTESIAN_POINT ( 'NONE',  ( -9.696341463414569262, 0.9715651570585241981, -2.710505431213761085E-17 ) ) ;
#5810 = CIRCLE ( 'NONE', #1111, 0.8999999999999998002 ) ;
#5811 = ORIENTED_EDGE ( 'NONE', *, *, #6075, .T. ) ;
#5812 = CARTESIAN_POINT ( 'NONE',  ( -8.921951219512131104, 1.930406620473158474, 0.000000000000000000 ) ) ;
#5813 = EDGE_CURVE ( 'NONE', #1356, #4385, #6038, .T. ) ;
#5814 = DIRECTION ( 'NONE',  ( -1.000000000000000000, 3.469446951953611033E-15, 0.000000000000000000 ) ) ;
#5815 = CARTESIAN_POINT ( 'NONE',  ( -9.192482736855215109, 0.2986457336948106778, -0.2000000000000000111 ) ) ;
#5816 = CARTESIAN_POINT ( 'NONE',  ( -7.436784533329104718, 1.586441787580735063, -2.710505431213761085E-17 ) ) ;
#5817 = VECTOR ( 'NONE', #4458, 1000.000000000000000 ) ;
#5818 = PLANE ( 'NONE',  #2540 ) ;
#5819 = CARTESIAN_POINT ( 'NONE',  ( 3.450000000000004174, -11.70000000000000107, 1.200000000000001510 ) ) ;
#5820 = CARTESIAN_POINT ( 'NONE',  ( -12.79999999999992966, -6.550000000000027356, -8.799999999999998934 ) ) ;
#5821 = CARTESIAN_POINT ( 'NONE',  ( -1.560998721433434877, 3.128014611589974070, -0.2000000000000000111 ) ) ;
#5822 = DIRECTION ( 'NONE',  ( -1.000000000000000000, 1.562831776442509002E-16, 0.000000000000000000 ) ) ;
#5823 = ORIENTED_EDGE ( 'NONE', *, *, #718, .T. ) ;
#5824 = VERTEX_POINT ( 'NONE', #2111 ) ;
#5825 = EDGE_CURVE ( 'NONE', #2883, #8524, #634, .T. ) ;
#5826 = LINE ( 'NONE', #428, #8089 ) ;
#5827 = CARTESIAN_POINT ( 'NONE',  ( -8.995677051894441334, 1.425958295336195558, -0.2000000000000000111 ) ) ;
#5828 = CARTESIAN_POINT ( 'NONE',  ( 0.7522077583110380328, 0.6536840088736454168, -0.2000000000000000389 ) ) ;
#5829 = CARTESIAN_POINT ( 'NONE',  ( -5.561432926829203538, 0.2398578399853534548, 0.000000000000000000 ) ) ;
#5830 = CARTESIAN_POINT ( 'NONE',  ( -10.28782674195250380, 1.220066423037985404, -0.2000000000000000111 ) ) ;
#5831 = CARTESIAN_POINT ( 'NONE',  ( -0.4192504286391782742, 0.9203946217287056752, -0.2000000000000000111 ) ) ;
#5832 = FACE_OUTER_BOUND ( 'NONE', #8342, .T. ) ;
#5833 = ORIENTED_EDGE ( 'NONE', *, *, #4422, .F. ) ;
#5834 = CARTESIAN_POINT ( 'NONE',  ( 17.80000000000000426, -8.800000000000002487, -1.000000000000000000 ) ) ;
#5835 = ORIENTED_EDGE ( 'NONE', *, *, #3261, .F. ) ;
#5836 = CARTESIAN_POINT ( 'NONE',  ( -5.692499748999268583, 0.2426239365863399056, -2.710505431213761701E-17 ) ) ;
#5837 = CARTESIAN_POINT ( 'NONE',  ( -0.4090999778195409387, 3.654060772601384066, -0.2000000000000000944 ) ) ;
#5838 = DIRECTION ( 'NONE',  ( 1.000000000000000000, 0.000000000000000000, 0.000000000000000000 ) ) ;
#5839 = LINE ( 'NONE', #2446, #4368 ) ;
#5840 = CARTESIAN_POINT ( 'NONE',  ( -1.649666572342072257, 2.469241723476878203, 1.355252715606883008E-17 ) ) ;
#5841 = CARTESIAN_POINT ( 'NONE',  ( -6.501970990207547096, 1.625484009847741218, -8.131516293641283255E-17 ) ) ;
#5842 = CARTESIAN_POINT ( 'NONE',  ( -11.30801209514899419, 1.387598482277768941, 0.000000000000000000 ) ) ;
#5843 = EDGE_CURVE ( 'NONE', #4993, #4374, #8158, .T. ) ;
#5844 = VERTEX_POINT ( 'NONE', #1058 ) ;
#5845 = ORIENTED_EDGE ( 'NONE', *, *, #4671, .F. ) ;
#5846 = VERTEX_POINT ( 'NONE', #8491 ) ;
#5847 = CARTESIAN_POINT ( 'NONE',  ( -9.962908525449838848, 1.004703383055651988, -2.710505431213761085E-17 ) ) ;
#5848 = CARTESIAN_POINT ( 'NONE',  ( -9.755030487804813077, 0.2398578399853534548, -2.710505431213761085E-17 ) ) ;
#5849 = CARTESIAN_POINT ( 'NONE',  ( -5.972291474716009851, 1.084886798990827073, -0.2000000000000000944 ) ) ;
#5850 = CARTESIAN_POINT ( 'NONE',  ( -4.985699872016160938, 0.2831530587954588229, -0.2000000000000000389 ) ) ;
#5851 = DIRECTION ( 'NONE',  ( 1.000000000000000000, -9.745637505487682231E-17, -0.000000000000000000 ) ) ;
#5852 = ADVANCED_FACE ( 'NONE', ( #5177 ), #1594, .F. ) ;
#5853 = PLANE ( 'NONE',  #3970 ) ;
#5854 = ORIENTED_EDGE ( 'NONE', *, *, #5125, .F. ) ;
#5855 = CARTESIAN_POINT ( 'NONE',  ( -8.947950181779715351, 1.606400620084494468, 0.000000000000000000 ) ) ;
#5856 = CARTESIAN_POINT ( 'NONE',  ( -9.067754980697172229, 1.274704614987975493, 0.000000000000000000 ) ) ;
#5857 = CARTESIAN_POINT ( 'NONE',  ( -8.115525600448091126, 1.606715776763676606, -0.2000000000000000111 ) ) ;
#5858 = CARTESIAN_POINT ( 'NONE',  ( -6.698198961403784679, 0.5376033854506837573, -2.710505431213761085E-17 ) ) ;
#5859 = CARTESIAN_POINT ( 'NONE',  ( -6.607982830583155831, 4.003651371574882489, 0.000000000000000000 ) ) ;
#5860 = CARTESIAN_POINT ( 'NONE',  ( 4.694324922952930912, -5.822408242112043553, -0.2000000000000000111 ) ) ;
#5861 = LINE ( 'NONE', #2468, #928 ) ;
#5862 = CARTESIAN_POINT ( 'NONE',  ( -7.507317073170667321, 2.204034669253646328, 0.000000000000000000 ) ) ;
#5863 = ADVANCED_FACE ( 'NONE', ( #1771 ), #3072, .T. ) ;
#5864 = CARTESIAN_POINT ( 'NONE',  ( -18.39999999999999147, 13.70133359925599414, 0.000000000000000000 ) ) ;
#5865 = VERTEX_POINT ( 'NONE', #4319 ) ;
#5866 = ORIENTED_EDGE ( 'NONE', *, *, #4841, .F. ) ;
#5867 = CARTESIAN_POINT ( 'NONE',  ( 6.227808503120347616, -1.849989268083281901, 0.000000000000000000 ) ) ;
#5868 = CARTESIAN_POINT ( 'NONE',  ( -8.932731115420063261, 1.707689847526860483, -0.2000000000000000111 ) ) ;
#5869 = CARTESIAN_POINT ( 'NONE',  ( 0.2471407160358200239, 0.3125756107902046277, -2.710505431213761085E-17 ) ) ;
#5870 = LINE ( 'NONE', #4537, #8077 ) ;
#5871 = CARTESIAN_POINT ( 'NONE',  ( -7.107278757586455775, 0.9128737043189800726, -0.2000000000000000111 ) ) ;
#5872 = CARTESIAN_POINT ( 'NONE',  ( -6.363449860761214438, 3.139962037003112716, -0.2000000000000000111 ) ) ;
#5873 = CARTESIAN_POINT ( 'NONE',  ( -10.48292682926822827, 4.288638327790232019, -0.2000000000000000111 ) ) ;
#5874 = EDGE_CURVE ( 'NONE', #5138, #339, #4500, .T. ) ;
#5875 = ORIENTED_EDGE ( 'NONE', *, *, #1449, .F. ) ;
#5876 = DIRECTION ( 'NONE',  ( 0.000000000000000000, -1.000000000000000000, 0.000000000000000000 ) ) ;
#5877 = VERTEX_POINT ( 'NONE', #7771 ) ;
#5878 = CARTESIAN_POINT ( 'NONE',  ( -6.022463500775285361, 3.444144110563599703, -0.2000000000000001776 ) ) ;
#5879 = DIRECTION ( 'NONE',  ( 0.000000000000000000, 0.000000000000000000, -1.000000000000000000 ) ) ;
#5880 = CARTESIAN_POINT ( 'NONE',  ( -6.543529618315411689, 2.806547661223617318, -0.1999999999999999833 ) ) ;
#5881 = CARTESIAN_POINT ( 'NONE',  ( -0.2092987804877405322, 0.8740041814487681249, -0.2000000000000000389 ) ) ;
#5882 = CARTESIAN_POINT ( 'NONE',  ( -6.922848869674990802, 3.742100163286586234, -0.2000000000000000666 ) ) ;
#5883 = CARTESIAN_POINT ( 'NONE',  ( -6.213367085078353114, 1.242498310938399353, -0.2000000000000000389 ) ) ;
#5884 = DIRECTION ( 'NONE',  ( 1.000000000000000000, -0.000000000000000000, 0.000000000000000000 ) ) ;
#5885 = EDGE_LOOP ( 'NONE', ( #4585, #8852, #2429, #7196 ) ) ;
#5886 = VERTEX_POINT ( 'NONE', #882 ) ;
#5887 = EDGE_LOOP ( 'NONE', ( #8780, #6223, #5774, #3789 ) ) ;
#5888 = CARTESIAN_POINT ( 'NONE',  ( -6.772072668899538961, 3.882350988807163450, -0.2000000000000000111 ) ) ;
#5889 = ADVANCED_FACE ( 'NONE', ( #5084 ), #5036, .F. ) ;
#5890 = FACE_OUTER_BOUND ( 'NONE', #6872, .T. ) ;
#5891 = CARTESIAN_POINT ( 'NONE',  ( -4.434146341463349295, 0.4494614985219388403, -0.2000000000000000111 ) ) ;
#5892 = CARTESIAN_POINT ( 'NONE',  ( 2.953898119453495230, 4.202328637382619192, -0.2000000000000000389 ) ) ;
#5893 = CARTESIAN_POINT ( 'NONE',  ( 10.20000000000000639, -8.800000000000006040, -1.000000000000000000 ) ) ;
#5894 = CARTESIAN_POINT ( 'NONE',  ( -1.482088820416547437, 3.430293052295466882, -0.2000000000000000111 ) ) ;
#5895 = ORIENTED_EDGE ( 'NONE', *, *, #1427, .F. ) ;
#5896 = CARTESIAN_POINT ( 'NONE',  ( -1.607303564547913677, 1.554264770030706400, 0.000000000000000000 ) ) ;
#5897 = ORIENTED_EDGE ( 'NONE', *, *, #350, .T. ) ;
#5898 = CARTESIAN_POINT ( 'NONE',  ( -5.067623921561295930, 0.9955515936624546036, -2.710505431213761085E-17 ) ) ;
#5899 = EDGE_CURVE ( 'NONE', #4924, #3937, #7100, .T. ) ;
#5900 = ADVANCED_FACE ( 'NONE', ( #5704 ), #7823, .F. ) ;
#5901 = CARTESIAN_POINT ( 'NONE',  ( 0.8789861553190460031, 0.8192783228908786519, -0.2000000000000000389 ) ) ;
#5902 = CARTESIAN_POINT ( 'NONE',  ( -6.053167857827459919, 4.257654577362909087, -0.2000000000000000111 ) ) ;
#5903 = CARTESIAN_POINT ( 'NONE',  ( 12.40000000000000391, -8.800000000000002487, -1.000000000000000000 ) ) ;
#5904 = CARTESIAN_POINT ( 'NONE',  ( -8.921951219512131104, 1.930406620473158474, 0.000000000000000000 ) ) ;
#5905 = CARTESIAN_POINT ( 'NONE',  ( -5.629846448288924776, 4.332631996424152199, 0.000000000000000000 ) ) ;
#5906 = CARTESIAN_POINT ( 'NONE',  ( -0.7862345846839622343, 2.879776771773709942, -0.2000000000000000111 ) ) ;
#5907 = ORIENTED_EDGE ( 'NONE', *, *, #7029, .F. ) ;
#5908 = B_SPLINE_CURVE_WITH_KNOTS ( 'NONE', 3,
 ( #252, #7001, #4353, #5694, #8437, #3594, #3770, #962, #6413, #5830, #3058, #3014, #5734, #2299, #5122, #5026, #7760, #7178, #7811 ),
 .UNSPECIFIED., .F., .F.,
 ( 4, 1, 1, 1, 1, 1, 1, 1, 1, 1, 1, 1, 1, 1, 1, 1, 4 ),
 ( 0.000000000000000000, 0.08311022735821120555, 0.1611907754937038639, 0.2345156046151663232, 0.3030169615586273402, 0.3678902001986006365, 0.4287271513354382613, 0.4868515287066076391, 0.5419926532651998530, 0.5963611225648126624, 0.6492916039675915574, 0.7028169015139772435, 0.7573757594059266074, 0.8132640202444082478, 0.8721892385927978442, 0.9342167350882158994, 1.000000000000000000 ),
 .UNSPECIFIED. ) ;
#5909 = ORIENTED_EDGE ( 'NONE', *, *, #5689, .T. ) ;
#5910 = DIRECTION ( 'NONE',  ( 1.132317015164961043E-15, -1.000000000000000000, 0.000000000000000000 ) ) ;
#5911 = VECTOR ( 'NONE', #332, 1000.000000000000000 ) ;
#5912 = ADVANCED_FACE ( 'NONE', ( #3738 ), #3648, .T. ) ;
#5913 = FACE_OUTER_BOUND ( 'NONE', #179, .T. ) ;
#5914 = DIRECTION ( 'NONE',  ( 0.000000000000000000, 0.000000000000000000, -1.000000000000000000 ) ) ;
#5915 = DIRECTION ( 'NONE',  ( 1.000000000000000000, -0.000000000000000000, 0.000000000000000000 ) ) ;
#5916 = LINE ( 'NONE', #8663, #525 ) ;
#5917 = CARTESIAN_POINT ( 'NONE',  ( 0.3890364478340873622, 0.3725950251995903129, 0.000000000000000000 ) ) ;
#5918 = CARTESIAN_POINT ( 'NONE',  ( 6.879450486378557272, 1.942992058381624698, 0.000000000000000000 ) ) ;
#5919 = VECTOR ( 'NONE', #2056, 1000.000000000000000 ) ;
#5920 = AXIS2_PLACEMENT_3D ( 'NONE', #2704, #3326, #3499 ) ;
#5921 = EDGE_LOOP ( 'NONE', ( #5961, #1204, #858, #6701, #3302, #1482, #3051, #3167, #7415, #1012 ) ) ;
#5922 = CARTESIAN_POINT ( 'NONE',  ( -7.649873333299994194, -11.69999999999999929, 1.200000000000001510 ) ) ;
#5923 = EDGE_CURVE ( 'NONE', #7534, #1181, #8671, .T. ) ;
#5924 = ORIENTED_EDGE ( 'NONE', *, *, #2145, .T. ) ;
#5925 = AXIS2_PLACEMENT_3D ( 'NONE', #4198, #5548, #725 ) ;
#5926 = VECTOR ( 'NONE', #4527, 1000.000000000000000 ) ;
#5927 = CARTESIAN_POINT ( 'NONE',  ( -6.400986259384574772, 3.089105583572037350, -0.2000000000000000111 ) ) ;
#5928 = CARTESIAN_POINT ( 'NONE',  ( -0.1932926829267649083, 3.703272474131694914, -0.2000000000000000944 ) ) ;
#5929 = CARTESIAN_POINT ( 'NONE',  ( 3.450126666700005007, -8.198666400744007987, 0.000000000000000000 ) ) ;
#5930 = LINE ( 'NONE', #2489, #4655 ) ;
#5931 = PERSON_AND_ORGANIZATION ( #6739, #6392 ) ;
#5932 = CARTESIAN_POINT ( 'NONE',  ( -4.864204888895770296, 3.546259522758583138, 0.000000000000000000 ) ) ;
#5933 = VECTOR ( 'NONE', #7110, 1000.000000000000000 ) ;
#5934 = AXIS2_PLACEMENT_3D ( 'NONE', #7036, #7676, #2876 ) ;
#5935 = ORIENTED_EDGE ( 'NONE', *, *, #8115, .T. ) ;
#5936 = ORIENTED_EDGE ( 'NONE', *, *, #4828, .T. ) ;
#5937 = EDGE_CURVE ( 'NONE', #3505, #3837, #1016, .T. ) ;
#5938 = ORIENTED_EDGE ( 'NONE', *, *, #7740, .F. ) ;
#5939 = CARTESIAN_POINT ( 'NONE',  ( 8.411753555706741992, -6.581476711740719132, 0.000000000000000000 ) ) ;
#5940 = CARTESIAN_POINT ( 'NONE',  ( -0.1932926829267649360, 3.703272474131695358, 0.000000000000000000 ) ) ;
#5941 = CYLINDRICAL_SURFACE ( 'NONE', #3787, 0.8999999999999998002 ) ;
#5942 = AXIS2_PLACEMENT_3D ( 'NONE', #14, #1398, #1271 ) ;
#5943 = VECTOR ( 'NONE', #7382, 1000.000000000000000 ) ;
#5944 = CARTESIAN_POINT ( 'NONE',  ( -6.583429820965608137, 2.681937144265460038, -0.2000000000000000111 ) ) ;
#5945 = CARTESIAN_POINT ( 'NONE',  ( -4.573492144108415758, 3.439770452828772473, -0.1999999999999999001 ) ) ;
#5946 = FACE_OUTER_BOUND ( 'NONE', #4980, .T. ) ;
#5947 = VECTOR ( 'NONE', #2746, 1000.000000000000000 ) ;
#5948 = ORIENTED_EDGE ( 'NONE', *, *, #5275, .F. ) ;
#5949 = CARTESIAN_POINT ( 'NONE',  ( -0.8153979617400849422, 2.583251727664379604, -0.2000000000000000111 ) ) ;
#5950 = ORIENTED_EDGE ( 'NONE', *, *, #5492, .F. ) ;
#5951 = CARTESIAN_POINT ( 'NONE',  ( 0.000000000000000000, 0.000000000000000000, 0.000000000000000000 ) ) ;
#5952 = DIRECTION ( 'NONE',  ( 1.398970545142586295E-16, 0.000000000000000000, -1.000000000000000000 ) ) ;
#5953 = CARTESIAN_POINT ( 'NONE',  ( 2.250997607103429665, 3.847502086415049316, -0.2000000000000000111 ) ) ;
#5954 = CARTESIAN_POINT ( 'NONE',  ( -4.751456457513386411, 3.511628895562767916, -2.710505431213761085E-17 ) ) ;
#5955 = CARTESIAN_POINT ( 'NONE',  ( -18.39999999999999503, -15.69999999999999929, -16.50000000000000000 ) ) ;
#5956 = CIRCLE ( 'NONE', #1390, 1.749999999999999778 ) ;
#5957 = LINE ( 'NONE', #1799, #8681 ) ;
#5958 = CARTESIAN_POINT ( 'NONE',  ( 3.450126666700005895, -11.70000000000000107, 0.000000000000000000 ) ) ;
#5959 = CC_DESIGN_PERSON_AND_ORGANIZATION_ASSIGNMENT ( #5481, #7633, ( #5971 ) ) ;
#5960 = EDGE_CURVE ( 'NONE', #4033, #956, #5839, .T. ) ;
#5961 = ORIENTED_EDGE ( 'NONE', *, *, #854, .T. ) ;
#5962 = ORIENTED_EDGE ( 'NONE', *, *, #2591, .F. ) ;
#5963 = AXIS2_PLACEMENT_3D ( 'NONE', #3616, #8507, #5628 ) ;
#5964 = CARTESIAN_POINT ( 'NONE',  ( -1.560998721433434877, 3.128014611589974070, 0.000000000000000000 ) ) ;
#5965 = CARTESIAN_POINT ( 'NONE',  ( -1.563512134650049790, 1.310171884509972129, -0.1999999999999999833 ) ) ;
#5966 = DIRECTION ( 'NONE',  ( 0.000000000000000000, -1.000000000000000000, 0.000000000000000000 ) ) ;
#5967 = LINE ( 'NONE', #1143, #7640 ) ;
#5968 = CARTESIAN_POINT ( 'NONE',  ( -7.507317073170667321, 2.204034669253646328, -0.2000000000000000111 ) ) ;
#5969 = CARTESIAN_POINT ( 'NONE',  ( -6.628404504019760779, 2.314614445547098498, -0.2000000000000000111 ) ) ;
#5970 = CARTESIAN_POINT ( 'NONE',  ( 6.879450486378557272, 1.942992058381624698, 0.000000000000000000 ) ) ;
#5971 = PRODUCT_DEFINITION_FORMATION_WITH_SPECIFIED_SOURCE ( '任何', '', #4171, .NOT_KNOWN. ) ;
#5972 = EDGE_CURVE ( 'NONE', #5404, #2688, #7729, .T. ) ;
#5973 = ORIENTED_EDGE ( 'NONE', *, *, #4715, .F. ) ;
#5974 = CARTESIAN_POINT ( 'NONE',  ( 17.80000000000000426, -8.800000000000002487, -1.000000000000000000 ) ) ;
#5975 = ORIENTED_EDGE ( 'NONE', *, *, #121, .T. ) ;
#5976 = CARTESIAN_POINT ( 'NONE',  ( -18.39999999999999147, 13.70133359925599414, -2.000000000000000000 ) ) ;
#5977 = DIRECTION ( 'NONE',  ( -0.000000000000000000, -0.000000000000000000, 1.000000000000000000 ) ) ;
#5978 = CARTESIAN_POINT ( 'NONE',  ( -6.434387452997912149, 3.035809082048357865, -0.1999999999999999833 ) ) ;
#5979 = CARTESIAN_POINT ( 'NONE',  ( -8.921951219512131104, 1.930406620473158474, 0.000000000000000000 ) ) ;
#5980 =( NAMED_UNIT ( * ) SI_UNIT ( $, .STERADIAN. ) SOLID_ANGLE_UNIT ( ) );
#5981 = CARTESIAN_POINT ( 'NONE',  ( -5.402134146341398768, 0.9715651570585241981, -8.131516293641283255E-17 ) ) ;
#5982 = B_SPLINE_CURVE_WITH_KNOTS ( 'NONE', 3,
 ( #6900, #647, #4214, #1409, #5389, #778, #3372, #4754, #2123, #6230, #6860, #4040, #8209, #1489, #66, #5560, #4846, #6950, #739 ),
 .UNSPECIFIED., .F., .F.,
 ( 4, 1, 1, 1, 1, 1, 1, 1, 1, 1, 1, 1, 1, 1, 1, 1, 4 ),
 ( 0.000000000000000000, 0.08513432636281241528, 0.1655212252412776863, 0.2409412224589500828, 0.3121477852887429849, 0.3789666946501289990, 0.4424820662833265361, 0.5025439654913099741, 0.5603149126457820373, 0.6158803393158892581, 0.6696212549835646177, 0.7221967914224971530, 0.7746562384587474259, 0.8278721046299818420, 0.8826807856837920463, 0.9398090994201990789, 1.000000000000000000 ),
 .UNSPECIFIED. ) ;
#5983 = EDGE_CURVE ( 'NONE', #3815, #4815, #1199, .T. ) ;
#5984 = ORIENTED_EDGE ( 'NONE', *, *, #5262, .F. ) ;
#5985 = B_SPLINE_SURFACE_WITH_KNOTS ( 'NONE', 3, 1, ( 
 ( #774, #5152 ),
 ( #3806, #3716 ),
 ( #7888, #3001 ),
 ( #6538, #3140 ),
 ( #322, #5722 ),
 ( #3043, #5108 ),
 ( #8646, #3095 ),
 ( #7983, #5858 ),
 ( #2423, #5764 ),
 ( #7844, #8515 ),
 ( #7209, #1748 ),
 ( #1084, #6487 ),
 ( #8467, #8603 ),
 ( #2378, #4567 ),
 ( #282, #5816 ),
 ( #7122, #4524 ),
 ( #1795, #419 ),
 ( #1706, #4474 ),
 ( #3852, #2465 ) ),
 .UNSPECIFIED., .F., .F., .F.,
 ( 4, 1, 1, 1, 1, 1, 1, 1, 1, 1, 1, 1, 1, 1, 1, 1, 4 ),
 ( 2, 2 ),
 ( 0.000000000000000000, 0.06986013266362349483, 0.1364959834661450822, 0.2001691504350483486, 0.2619233220153758257, 0.3219237446767233002, 0.3811722557665622735, 0.4401955966640528906, 0.4997970133215735022, 0.5592908754538569172, 0.6184805321412675250, 0.6778214824994228671, 0.7380755659707819438, 0.7999160231279343058, 0.8637769852612463550, 0.9303837720956530388, 1.000000000000000000 ),
 ( 0.000000000000000000, 1.000000000000000000 ),
 .UNSPECIFIED. ) ;
#5986 = ORIENTED_EDGE ( 'NONE', *, *, #4970, .T. ) ;
#5987 = CARTESIAN_POINT ( 'NONE',  ( -4.434146341463349295, 4.184979791204865407, -0.2000000000000000111 ) ) ;
#5988 = CARTESIAN_POINT ( 'NONE',  ( -0.4090999778195409387, 3.654060772601384066, 0.000000000000000000 ) ) ;
#5989 = CARTESIAN_POINT ( 'NONE',  ( -4.668223553739449194, 0.3562540462688973952, -0.2000000000000000111 ) ) ;
#5990 = DIRECTION ( 'NONE',  ( 1.000000000000000000, -0.000000000000000000, -0.000000000000000000 ) ) ;
#5991 = LINE ( 'NONE', #7836, #8103 ) ;
#5992 = EDGE_CURVE ( 'NONE', #602, #235, #485, .T. ) ;
#5993 = LINE ( 'NONE', #364, #1532 ) ;
#5994 = EDGE_LOOP ( 'NONE', ( #8063, #2987, #8658, #575, #2640 ) ) ;
#5995 = CARTESIAN_POINT ( 'NONE',  ( -0.7643602845820210989, 3.011058600752143821, -1.897353801849632760E-16 ) ) ;
#5996 = ORIENTED_EDGE ( 'NONE', *, *, #6122, .F. ) ;
#5997 = FACE_OUTER_BOUND ( 'NONE', #583, .T. ) ;
#5998 = CARTESIAN_POINT ( 'NONE',  ( 0.2846112161824669307, 3.252510906255187351, -0.2000000000000000666 ) ) ;
#5999 = CARTESIAN_POINT ( 'NONE',  ( 3.140548780487870673, 4.337418815595110111, -0.2000000000000000111 ) ) ;
#6000 = CARTESIAN_POINT ( 'NONE',  ( -6.017764309500823749, 1.107745569834587052, 0.000000000000000000 ) ) ;
#6001 = CARTESIAN_POINT ( 'NONE',  ( -10.10497522074784271, 1.062689215063978843, -0.2000000000000000666 ) ) ;
#6002 = CARTESIAN_POINT ( 'NONE',  ( -1.652453287883816069, 2.307720116527240961, -2.710505431213761085E-17 ) ) ;
#6003 = DIRECTION ( 'NONE',  ( -1.000000000000000000, 9.745637505487682231E-17, -0.000000000000000000 ) ) ;
#6004 = ORIENTED_EDGE ( 'NONE', *, *, #7422, .T. ) ;
#6005 = EDGE_LOOP ( 'NONE', ( #2616, #5485 ) ) ;
#6006 = CARTESIAN_POINT ( 'NONE',  ( -1.274072050424836178, 3.794774592561157789, 0.000000000000000000 ) ) ;
#6007 = CARTESIAN_POINT ( 'NONE',  ( 2.806108295498490168, 3.370874559477469834, 0.000000000000000000 ) ) ;
#6008 = EDGE_CURVE ( 'NONE', #4399, #7733, #8093, .T. ) ;
#6009 = DIRECTION ( 'NONE',  ( 0.000000000000000000, -1.000000000000000000, 0.000000000000000000 ) ) ;
#6010 = CARTESIAN_POINT ( 'NONE',  ( -4.774593472254852422, 1.065457540922401192, 0.000000000000000000 ) ) ;
#6011 = CARTESIAN_POINT ( 'NONE',  ( -6.495196441223255235, 2.924956708823938101, -0.2000000000000000111 ) ) ;
#6012 = VERTEX_POINT ( 'NONE', #441 ) ;
#6013 = CARTESIAN_POINT ( 'NONE',  ( 9.700000000000004619, 13.20133359925599059, -2.999999999999999112 ) ) ;
#6014 = ORIENTED_EDGE ( 'NONE', *, *, #142, .F. ) ;
#6015 = EDGE_CURVE ( 'NONE', #107, #3890, #5930, .T. ) ;
#6016 = DIRECTION ( 'NONE',  ( 0.000000000000000000, 0.000000000000000000, 1.000000000000000000 ) ) ;
#6017 = CARTESIAN_POINT ( 'NONE',  ( -0.2188176068839543797, 3.702435335660405169, -0.2000000000000000944 ) ) ;
#6018 = CARTESIAN_POINT ( 'NONE',  ( -9.638730630116558729, 0.2418168298104799996, -0.2000000000000000944 ) ) ;
#6019 = CARTESIAN_POINT ( 'NONE',  ( -0.8243902439023734763, 2.245193205839012052, -0.2000000000000000111 ) ) ;
#6020 = CYLINDRICAL_SURFACE ( 'NONE', #1538, 1.749999999999999778 ) ;
#6021 = CARTESIAN_POINT ( 'NONE',  ( -6.119328192616189099, 1.169597886315987045, -8.131516293641283255E-17 ) ) ;
#6022 = ORIENTED_EDGE ( 'NONE', *, *, #7102, .F. ) ;
#6023 = VERTEX_POINT ( 'NONE', #5979 ) ;
#6024 = CARTESIAN_POINT ( 'NONE',  ( -7.059680339515930214, 3.587931525738397021, -0.2000000000000000111 ) ) ;
#6025 = ADVANCED_FACE ( 'NONE', ( #1908 ), #6056, .F. ) ;
#6026 = CARTESIAN_POINT ( 'NONE',  ( -11.22019351512742702, 1.087724349729659590, -0.2000000000000000111 ) ) ;
#6027 = CARTESIAN_POINT ( 'NONE',  ( -17.79999999999999361, 11.20133359925599414, -2.999999999999999112 ) ) ;
#6028 = CARTESIAN_POINT ( 'NONE',  ( -2.239024390243838258, 2.093516376570719206, -0.2000000000000000111 ) ) ;
#6029 = CARTESIAN_POINT ( 'NONE',  ( 0.2116965472800875214, 3.430661789084228364, 0.000000000000000000 ) ) ;
#6030 = CARTESIAN_POINT ( 'NONE',  ( 6.227808503120348504, -5.822408242112043553, -0.2000000000000000111 ) ) ;
#6031 = ORIENTED_EDGE ( 'NONE', *, *, #416, .F. ) ;
#6032 = CARTESIAN_POINT ( 'NONE',  ( -0.7380934241277767871, 3.131094896273260098, -0.2000000000000000111 ) ) ;
#6033 = ORIENTED_EDGE ( 'NONE', *, *, #1837, .F. ) ;
#6034 = CARTESIAN_POINT ( 'NONE',  ( 6.227808503120347616, -1.849989268083281901, -0.2000000000000000111 ) ) ;
#6035 = EDGE_CURVE ( 'NONE', #7421, #4705, #8678, .T. ) ;
#6036 = CARTESIAN_POINT ( 'NONE',  ( -4.434146341463349295, 4.184979791204865407, 0.000000000000000000 ) ) ;
#6037 = CARTESIAN_POINT ( 'NONE',  ( -10.43476964418226238, 1.533222373727120669, 0.000000000000000000 ) ) ;
#6038 = LINE ( 'NONE', #1309, #2090 ) ;
#6039 = CARTESIAN_POINT ( 'NONE',  ( 6.879450486378559049, -4.290105172783861498, -0.2000000000000000111 ) ) ;
#6040 = CARTESIAN_POINT ( 'NONE',  ( -0.2342902252327031254, 0.8749608421907660860, -0.000000000000000000 ) ) ;
#6041 = CARTESIAN_POINT ( 'NONE',  ( -5.402134146341398768, 0.9715651570585241981, -0.2000000000000000111 ) ) ;
#6042 = ORIENTED_EDGE ( 'NONE', *, *, #427, .T. ) ;
#6043 = ORIENTED_EDGE ( 'NONE', *, *, #5164, .F. ) ;
#6044 = PLANE ( 'NONE',  #6341 ) ;
#6045 = CARTESIAN_POINT ( 'NONE',  ( 2.646340597180960152, 3.263497242317961344, 0.000000000000000000 ) ) ;
#6046 = LINE ( 'NONE', #5558, #1090 ) ;
#6047 = CARTESIAN_POINT ( 'NONE',  ( 10.20000000000000639, -8.800000000000006040, 0.000000000000000000 ) ) ;
#6048 = CARTESIAN_POINT ( 'NONE',  ( 1.093548437171509402, 3.379586696782075794, -0.2000000000000000111 ) ) ;
#6049 = DIRECTION ( 'NONE',  ( -0.000000000000000000, -1.000000000000000000, -0.000000000000000000 ) ) ;
#6050 = VERTEX_POINT ( 'NONE', #2672 ) ;
#6051 = DIRECTION ( 'NONE',  ( -1.000000000000000000, 0.000000000000000000, 0.000000000000000000 ) ) ;
#6052 = VERTEX_POINT ( 'NONE', #4684 ) ;
#6053 = CARTESIAN_POINT ( 'NONE',  ( -0.8234743293916583218, 2.082498633170266178, 0.000000000000000000 ) ) ;
#6054 = CARTESIAN_POINT ( 'NONE',  ( -0.05434168086133543685, 3.682501908884649566, -0.2000000000000000944 ) ) ;
#6055 = CARTESIAN_POINT ( 'NONE',  ( -5.751916760596876621, 3.556736974604682633, 2.710505431213761085E-17 ) ) ;
#6056 = PLANE ( 'NONE',  #4086 ) ;
#6057 = DIRECTION ( 'NONE',  ( 0.000000000000000000, 0.000000000000000000, 1.000000000000000000 ) ) ;
#6058 = CARTESIAN_POINT ( 'NONE',  ( -4.467909330471531604, 3.381392089477542218, 0.000000000000000000 ) ) ;
#6059 = VECTOR ( 'NONE', #8573, 1000.000000000000000 ) ;
#6060 = EDGE_CURVE ( 'NONE', #4794, #2430, #7488, .T. ) ;
#6061 = ORIENTED_EDGE ( 'NONE', *, *, #8669, .F. ) ;
#6062 = EDGE_CURVE ( 'NONE', #2599, #4859, #8006, .T. ) ;
#6063 = ORIENTED_EDGE ( 'NONE', *, *, #1846, .T. ) ;
#6064 = AXIS2_PLACEMENT_3D ( 'NONE', #4412, #971, #1551 ) ;
#6065 = VECTOR ( 'NONE', #8181, 1000.000000000000000 ) ;
#6066 = ORIENTED_EDGE ( 'NONE', *, *, #5992, .T. ) ;
#6067 = CARTESIAN_POINT ( 'NONE',  ( -7.363648761348017935, 3.057694525216088977, -0.2000000000000000111 ) ) ;
#6068 = CARTESIAN_POINT ( 'NONE',  ( 4.694324922952930912, -5.822408242112043553, -0.2000000000000000111 ) ) ;
#6069 = CARTESIAN_POINT ( 'NONE',  ( -9.790282824204604495, 11.20133359925599237, -1.000000000000000000 ) ) ;
#6070 = CARTESIAN_POINT ( 'NONE',  ( -5.567493911366273807, -5.198666400744006211, -24.49303474050138618 ) ) ;
#6071 = CIRCLE ( 'NONE', #5071, 0.8999999999999998002 ) ;
#6072 = DIRECTION ( 'NONE',  ( 0.000000000000000000, 0.000000000000000000, 1.000000000000000000 ) ) ;
#6073 = VECTOR ( 'NONE', #8442, 1000.000000000000000 ) ;
#6074 = CARTESIAN_POINT ( 'NONE',  ( -9.165190260387808152, 1.153964883111322504, -0.2000000000000000111 ) ) ;
#6075 = EDGE_CURVE ( 'NONE', #5190, #5042, #5351, .T. ) ;
#6076 = ORIENTED_EDGE ( 'NONE', *, *, #4603, .F. ) ;
#6077 = CARTESIAN_POINT ( 'NONE',  ( -0.2689834511782322468, 3.700790051299367445, -0.2000000000000000111 ) ) ;
#6078 = ORIENTED_EDGE ( 'NONE', *, *, #8736, .F. ) ;
#6079 = CARTESIAN_POINT ( 'NONE',  ( -8.094059896694194123, 1.948406178034761238, -0.2000000000000000111 ) ) ;
#6080 = AXIS2_PLACEMENT_3D ( 'NONE', #8732, #492, #4688 ) ;
#6081 = CARTESIAN_POINT ( 'NONE',  ( -0.04400139868978208274, 4.334646332617472453, -2.710505431213770021E-17 ) ) ;
#6082 = LINE ( 'NONE', #1219, #6784 ) ;
#6083 = CARTESIAN_POINT ( 'NONE',  ( -4.503333782340392055, 3.401938792342168227, -2.710505431213761085E-17 ) ) ;
#6084 = CARTESIAN_POINT ( 'NONE',  ( -2.239024390243838258, 1.508150522912182989, -0.2000000000000000111 ) ) ;
#6085 = CARTESIAN_POINT ( 'NONE',  ( 3.096361304318062224, 4.305021468949751018, -8.131516293641283255E-17 ) ) ;
#6086 = CARTESIAN_POINT ( 'NONE',  ( -0.9360591183575263097, 4.128229574016330616, -2.710505431213761085E-17 ) ) ;
#6087 = B_SPLINE_SURFACE_WITH_KNOTS ( 'NONE', 3, 1, ( 
 ( #3254, #8763 ),
 ( #3295, #439 ),
 ( #614, #2487 ),
 ( #7325, #7910 ),
 ( #3203, #1867 ),
 ( #5175, #536 ),
 ( #1109, #3160 ),
 ( #7959, #1289 ),
 ( #8091, #7417 ),
 ( #8625, #1821 ),
 ( #1248, #4008 ),
 ( #4546, #4681 ),
 ( #2583, #6734 ),
 ( #2620, #8044 ),
 ( #5837, #3831 ),
 ( #1955, #3872 ),
 ( #5270, #7283 ),
 ( #6017, #5349 ),
 ( #5928, #8582 ) ),
 .UNSPECIFIED., .F., .F., .F.,
 ( 4, 1, 1, 1, 1, 1, 1, 1, 1, 1, 1, 1, 1, 1, 1, 1, 4 ),
 ( 2, 2 ),
 ( 0.000000000000000000, 0.1011597086644887566, 0.1954358835801967009, 0.2837830756733759063, 0.3659288487363955289, 0.4419787355412952978, 0.5121105484277832520, 0.5766734127845551949, 0.6360234489839339256, 0.6904252951243721181, 0.7403845142425549142, 0.7868299393310267398, 0.8306774308910921389, 0.8728813783759590272, 0.9141009480674028298, 0.9562936336581439045, 1.000000000000000000 ),
 ( 0.000000000000000000, 1.000000000000000000 ),
 .UNSPECIFIED. ) ;
#6088 = CARTESIAN_POINT ( 'NONE',  ( -0.06742146760268061256, 0.8941700604263919105, 0.000000000000000000 ) ) ;
#6089 = VECTOR ( 'NONE', #5188, 1000.000000000000000 ) ;
#6090 = ADVANCED_FACE ( 'NONE', ( #1869 ), #8695, .T. ) ;
#6091 = ORIENTED_EDGE ( 'NONE', *, *, #8275, .F. ) ;
#6092 = ORIENTED_EDGE ( 'NONE', *, *, #1041, .T. ) ;
#6093 = LINE ( 'NONE', #1316, #2807 ) ;
#6094 = PLANE ( 'NONE',  #1631 ) ;
#6095 = VECTOR ( 'NONE', #6394, 1000.000000000000000 ) ;
#6096 = CARTESIAN_POINT ( 'NONE',  ( -4.434146341463349295, 3.361809059497548713, -0.09999999999999996392 ) ) ;
#6097 = CARTESIAN_POINT ( 'NONE',  ( -8.921951219512131104, 1.930406620473158474, -0.2000000000000000111 ) ) ;
#6098 = CARTESIAN_POINT ( 'NONE',  ( 0.8819663380316988821, 3.832056180932402523, -0.2000000000000000111 ) ) ;
#6099 = DIRECTION ( 'NONE',  ( 0.000000000000000000, 1.000000000000000000, 0.000000000000000000 ) ) ;
#6100 = EDGE_CURVE ( 'NONE', #4186, #6927, #7552, .T. ) ;
#6101 = B_SPLINE_CURVE_WITH_KNOTS ( 'NONE', 3,
 ( #2412, #982, #7833, #8592, #7737, #4423, #2455, #3704, #7922, #6337, #222, #2946, #5669, #2278, #312, #5752, #1965, #5233, #4689, #8145 ),
 .UNSPECIFIED., .F., .F.,
 ( 4, 2, 2, 2, 2, 2, 2, 2, 2, 4 ),
 ( 0.000000000000000000, 0.0002086090601199199824, 0.0004172181202398399648, 0.0008344362404796799295, 0.001251654360719519840, 0.001668872480959359859, 0.002086090601199199878, 0.002503308721439039680, 0.002920526841678879916, 0.003337744961918719718 ),
 .UNSPECIFIED. ) ;
#6102 = VECTOR ( 'NONE', #2417, 1000.000000000000000 ) ;
#6103 = ORIENTED_EDGE ( 'NONE', *, *, #2868, .F. ) ;
#6104 = VERTEX_POINT ( 'NONE', #4140 ) ;
#6105 = CARTESIAN_POINT ( 'NONE',  ( 0.2062580401873850000, 1.145938282616826953, -0.2000000000000000111 ) ) ;
#6106 = ORIENTED_EDGE ( 'NONE', *, *, #22, .F. ) ;
#6107 = LINE ( 'NONE', #785, #5507 ) ;
#6108 = PLANE ( 'NONE',  #6488 ) ;
#6109 = CARTESIAN_POINT ( 'NONE',  ( 3.450126666700005895, -13.69999999999999929, -2.000000000000000000 ) ) ;
#6110 = VECTOR ( 'NONE', #5541, 1000.000000000000000 ) ;
#6111 = CARTESIAN_POINT ( 'NONE',  ( 6.879450486378559049, -4.290105172783861498, 0.000000000000000000 ) ) ;
#6112 = CARTESIAN_POINT ( 'NONE',  ( -17.79999999999999716, -13.69999999999999929, -2.000000000000000000 ) ) ;
#6113 = CARTESIAN_POINT ( 'NONE',  ( 9.700000000000002842, 0.0006667996279938886994, -7.800000000000000711 ) ) ;
#6115 = EDGE_LOOP ( 'NONE', ( #437, #4507 ) ) ;
#6114 = B_SPLINE_CURVE_WITH_KNOTS ( 'NONE', 3,
 ( #138, #4281, #925, #976, #2183, #8359, #4999, #6331, #7012, #6974 ),
 .UNSPECIFIED., .F., .F.,
 ( 4, 2, 2, 2, 4 ),
 ( 0.000000000000000000, 0.0002896119648343929384, 0.0005792239296687858767, 0.0008688358945031788693, 0.001158447859337571753 ),
 .UNSPECIFIED. ) ;
#6116 = VERTEX_POINT ( 'NONE', #4181 ) ;
#6117 = VERTEX_POINT ( 'NONE', #6111 ) ;
#6118 = CARTESIAN_POINT ( 'NONE',  ( -5.405945121951154952, 4.337418815595110111, -0.2000000000000000111 ) ) ;
#6119 = CARTESIAN_POINT ( 'NONE',  ( 0.8789861553190460031, 0.8192783228908786519, -2.710505431213764783E-17 ) ) ;
#6120 = CARTESIAN_POINT ( 'NONE',  ( -5.265628541404039353, 4.336132301922991594, -0.2000000000000000111 ) ) ;
#6121 = CARTESIAN_POINT ( 'NONE',  ( -4.434146341463350183, 1.215467596082914659, -8.131516293641283255E-17 ) ) ;
#6122 = EDGE_CURVE ( 'NONE', #6050, #7853, #7591, .T. ) ;
#6123 = DIRECTION ( 'NONE',  ( 1.000000000000000000, 0.000000000000000000, 0.000000000000000000 ) ) ;
#6124 = CARTESIAN_POINT ( 'NONE',  ( -9.287414492709709535, 1.063552874774026602, 0.000000000000000000 ) ) ;
#6125 = EDGE_LOOP ( 'NONE', ( #6713, #5370, #3682, #2230 ) ) ;
#6126 = EDGE_LOOP ( 'NONE', ( #2440, #4053, #7557, #8549 ) ) ;
#6127 = DIRECTION ( 'NONE',  ( -1.000000000000000000, 0.000000000000000000, 0.000000000000000000 ) ) ;
#6128 = CARTESIAN_POINT ( 'NONE',  ( -1.208822093480986792, 0.6187041736519125479, 0.000000000000000000 ) ) ;
#6129 = CARTESIAN_POINT ( 'NONE',  ( -5.265628541404039353, 4.336132301922991594, 0.000000000000000000 ) ) ;
#6130 = CARTESIAN_POINT ( 'NONE',  ( -10.48292682926822827, 1.966991986326817043, 0.000000000000000000 ) ) ;
#6131 = EDGE_CURVE ( 'NONE', #4900, #2410, #7458, .T. ) ;
#6132 = CARTESIAN_POINT ( 'NONE',  ( -5.537528093392332096, 0.9742816644487641842, -0.2000000000000000111 ) ) ;
#6133 = CARTESIAN_POINT ( 'NONE',  ( 2.250997607103429665, 3.847502086415049316, -0.2000000000000000666 ) ) ;
#6134 = CARTESIAN_POINT ( 'NONE',  ( -0.2192978062811534179, 4.335882492640855901, -2.710505431213761085E-17 ) ) ;
#6135 = CARTESIAN_POINT ( 'NONE',  ( -4.589687478421050848, 4.239691410277755423, -0.2000000000000000944 ) ) ;
#6136 = VERTEX_POINT ( 'NONE', #1457 ) ;
#6137 = ORIENTED_EDGE ( 'NONE', *, *, #1642, .T. ) ;
#6138 = DIRECTION ( 'NONE',  ( 1.000000000000000000, -9.745637505487680998E-17, 0.000000000000000000 ) ) ;
#6139 = CARTESIAN_POINT ( 'NONE',  ( -1.012535096909495058, 0.4446337652515876537, -0.1999999999999999833 ) ) ;
#6140 = EDGE_CURVE ( 'NONE', #339, #8061, #2844, .T. ) ;
#6141 = CYLINDRICAL_SURFACE ( 'NONE', #1378, 1.749999999999999778 ) ;
#6142 = DIRECTION ( 'NONE',  ( 1.000000000000000000, 0.000000000000000000, -0.000000000000000000 ) ) ;
#6143 = CARTESIAN_POINT ( 'NONE',  ( 1.032671066569559093, 3.545473332629561103, -8.131516293641283255E-17 ) ) ;
#6144 = CARTESIAN_POINT ( 'NONE',  ( -5.271575515814032720, 0.9737373350679641160, -0.1999999999999999556 ) ) ;
#6145 = ORIENTED_EDGE ( 'NONE', *, *, #760, .T. ) ;
#6146 = DIRECTION ( 'NONE',  ( -1.000000000000000000, -3.154042683594195121E-16, 0.000000000000000000 ) ) ;
#6147 = EDGE_LOOP ( 'NONE', ( #3570, #3103, #5666, #4628 ) ) ;
#6148 = ADVANCED_FACE ( 'NONE', ( #2041 ), #1375, .T. ) ;
#6149 = CARTESIAN_POINT ( 'NONE',  ( 2.316789699585840800, 3.118468181427355379, -0.2000000000000000389 ) ) ;
#6150 = PLANE ( 'NONE',  #7366 ) ;
#6151 = CARTESIAN_POINT ( 'NONE',  ( -11.36097560975603216, 1.973851742424377997, -0.2000000000000000111 ) ) ;
#6152 = CARTESIAN_POINT ( 'NONE',  ( 1.016144153040730025, 1.081422035617684685, 0.000000000000000000 ) ) ;
#6153 = DATE_AND_TIME ( #8047, #1830 ) ;
#6154 = CARTESIAN_POINT ( 'NONE',  ( 2.661559036393322142, 3.273110093051007752, -1.084202172485504187E-16 ) ) ;
#6155 = ORIENTED_EDGE ( 'NONE', *, *, #4807, .T. ) ;
#6156 = VERTEX_POINT ( 'NONE', #4050 ) ;
#6157 = ORIENTED_EDGE ( 'NONE', *, *, #572, .F. ) ;
#6158 = DIRECTION ( 'NONE',  ( 0.000000000000000000, 0.000000000000000000, 1.000000000000000000 ) ) ;
#6159 = CARTESIAN_POINT ( 'NONE',  ( 2.646340597180960152, 3.263497242317961344, -0.2000000000000000111 ) ) ;
#6160 = CARTESIAN_POINT ( 'NONE',  ( -11.12192405918352911, 0.8848543826083106190, 1.355252715606880543E-17 ) ) ;
#6161 = FACE_OUTER_BOUND ( 'NONE', #1277, .T. ) ;
#6162 = DIRECTION ( 'NONE',  ( -0.000000000000000000, -0.000000000000000000, 1.000000000000000000 ) ) ;
#6163 = CARTESIAN_POINT ( 'NONE',  ( -8.921951219512131104, 1.930406620473158474, 0.000000000000000000 ) ) ;
#6164 = VERTEX_POINT ( 'NONE', #1500 ) ;
#6165 = ADVANCED_FACE ( 'NONE', ( #4228 ), #4410, .T. ) ;
#6166 = EDGE_LOOP ( 'NONE', ( #6428, #7454, #3644, #6659 ) ) ;
#6167 = CARTESIAN_POINT ( 'NONE',  ( -0.1605182926828624401, 4.337418815595110111, -2.710505431213761085E-17 ) ) ;
#6168 = CARTESIAN_POINT ( 'NONE',  ( -0.2382621951218869272, 0.2398578399853534826, 0.000000000000000000 ) ) ;
#6169 = CARTESIAN_POINT ( 'NONE',  ( -6.624184054339678163, 2.097416059877438066, 5.421010862427528333E-17 ) ) ;
#6170 = DIRECTION ( 'NONE',  ( 9.745637505487682231E-17, 1.000000000000000000, 0.000000000000000000 ) ) ;
#6171 = CARTESIAN_POINT ( 'NONE',  ( -1.653658536585301375, 2.224613937546329634, -0.2000000000000000111 ) ) ;
#6172 = DIRECTION ( 'NONE',  ( 1.000000000000000000, 0.000000000000000000, 0.000000000000000000 ) ) ;
#6173 = LINE ( 'NONE', #1311, #5381 ) ;
#6174 = CARTESIAN_POINT ( 'NONE',  ( 0.1613443003682749344, 1.073650162702202593, 0.000000000000000000 ) ) ;
#6175 = EDGE_CURVE ( 'NONE', #279, #4033, #3729, .T. ) ;
#6176 = ORIENTED_EDGE ( 'NONE', *, *, #1985, .T. ) ;
#6177 = ADVANCED_FACE ( 'NONE', ( #8481, #7812, #3689 ), #7041, .T. ) ;
#6178 = VERTEX_POINT ( 'NONE', #6369 ) ;
#6179 = CARTESIAN_POINT ( 'NONE',  ( 9.700000000000004619, -8.800000000000004263, 0.000000000000000000 ) ) ;
#6180 = CARTESIAN_POINT ( 'NONE',  ( -4.434146341463349295, 3.361809059497548713, 8.131516293641283255E-17 ) ) ;
#6181 = DIRECTION ( 'NONE',  ( -1.000000000000000000, 0.000000000000000000, -0.000000000000000000 ) ) ;
#6182 = CARTESIAN_POINT ( 'NONE',  ( -6.548154050610231813, 1.740024081501859055, -0.2000000000000000111 ) ) ;
#6183 = CARTESIAN_POINT ( 'NONE',  ( 0.4456964670883151181, 4.214215347304801185, -0.2000000000000000111 ) ) ;
#6184 = LINE ( 'NONE', #4215, #5803 ) ;
#6185 = VERTEX_POINT ( 'NONE', #2974 ) ;
#6186 = ADVANCED_FACE ( 'NONE', ( #253 ), #6505, .F. ) ;
#6187 = CARTESIAN_POINT ( 'NONE',  ( 1.209717175795395283, 8.800525230557134648, 0.000000000000000000 ) ) ;
#6188 = CARTESIAN_POINT ( 'NONE',  ( 1.907317073170796240, 3.732998083887792529, 0.000000000000000000 ) ) ;
#6189 = CARTESIAN_POINT ( 'NONE',  ( 2.073811518512610697, 3.047167381211298487, -0.2000000000000000666 ) ) ;
#6190 = LINE ( 'NONE', #8177, #4640 ) ;
#6191 = DIRECTION ( 'NONE',  ( 9.745637505487680998E-17, 1.000000000000000000, -0.000000000000000000 ) ) ;
#6192 = CARTESIAN_POINT ( 'NONE',  ( 0.9398192795238327069, 0.9239421215141241372, 0.000000000000000000 ) ) ;
#6193 = PERSON_AND_ORGANIZATION ( #6739, #6392 ) ;
#6194 = CARTESIAN_POINT ( 'NONE',  ( 2.834146341463479768, 0.2886383277902315192, 0.000000000000000000 ) ) ;
#6195 = ORIENTED_EDGE ( 'NONE', *, *, #41, .T. ) ;
#6196 = EDGE_CURVE ( 'NONE', #4676, #7942, #7859, .T. ) ;
#6197 = EDGE_LOOP ( 'NONE', ( #287, #5414, #3128, #5075 ) ) ;
#6198 = ORIENTED_EDGE ( 'NONE', *, *, #8275, .T. ) ;
#6199 = CARTESIAN_POINT ( 'NONE',  ( 6.879450486378559049, -4.290105172783861498, -0.2000000000000000111 ) ) ;
#6200 = CARTESIAN_POINT ( 'NONE',  ( 0.8097587253808854468, 0.7200888841399814000, -6.776263578034401480E-17 ) ) ;
#6201 = CARTESIAN_POINT ( 'NONE',  ( -4.751456457513386411, 3.511628895562767916, 0.000000000000000000 ) ) ;
#6202 = DIRECTION ( 'NONE',  ( -0.000000000000000000, 0.000000000000000000, 1.000000000000000000 ) ) ;
#6203 = DIRECTION ( 'NONE',  ( -0.000000000000000000, -0.000000000000000000, 1.000000000000000000 ) ) ;
#6204 = VECTOR ( 'NONE', #6338, 1000.000000000000000 ) ;
#6205 = VECTOR ( 'NONE', #8128, 1000.000000000000000 ) ;
#6206 = ADVANCED_FACE ( 'NONE', ( #7137 ), #8438, .F. ) ;
#6207 = B_SPLINE_CURVE_WITH_KNOTS ( 'NONE', 3,
 ( #7465, #1511, #6921, #3475, #6289, #8278, #2852, #5449, #2887, #6200, #6119, #7513, #2048, #1385, #1338, #2141, #2813, #4107 ),
 .UNSPECIFIED., .F., .F.,
 ( 4, 2, 2, 2, 2, 2, 2, 2, 4 ),
 ( 0.000000000000000000, 0.0001771680455189456906, 0.0003543360910378913812, 0.0007086721820757827623, 0.001063008273113674089, 0.001417344364151565742, 0.002126016546227348612, 0.002480352637265240915, 0.002834688728303132784 ),
 .UNSPECIFIED. ) ;
#6208 = VERTEX_POINT ( 'NONE', #7179 ) ;
#6209 = ORIENTED_EDGE ( 'NONE', *, *, #3878, .F. ) ;
#6210 = CARTESIAN_POINT ( 'NONE',  ( -11.35797679789408399, 1.768141955855556224, -0.2000000000000000111 ) ) ;
#6211 = CARTESIAN_POINT ( 'NONE',  ( -0.9860468358684802981, 0.4306310989612089912, 0.000000000000000000 ) ) ;
#6212 = CARTESIAN_POINT ( 'NONE',  ( 0.3947116578313550339, 2.343523804987352577, -2.710505431213761085E-17 ) ) ;
#6213 = VECTOR ( 'NONE', #5778, 1000.000000000000000 ) ;
#6214 = VECTOR ( 'NONE', #2286, 1000.000000000000000 ) ;
#6215 = DIRECTION ( 'NONE',  ( 0.000000000000000000, 0.000000000000000000, 1.000000000000000000 ) ) ;
#6216 = CARTESIAN_POINT ( 'NONE',  ( -6.501970990207547096, 1.625484009847741218, -0.2000000000000000389 ) ) ;
#6217 = CARTESIAN_POINT ( 'NONE',  ( -1.172452808561761151, 3.922788550135658525, -2.710505431213761085E-17 ) ) ;
#6218 = CARTESIAN_POINT ( 'NONE',  ( -0.1367322732691983178, 0.8767032650480659495, 0.000000000000000000 ) ) ;
#6219 = ORIENTED_EDGE ( 'NONE', *, *, #3007, .T. ) ;
#6220 = AXIS2_PLACEMENT_3D ( 'NONE', #3243, #4577, #4536 ) ;
#6221 = AXIS2_PLACEMENT_3D ( 'NONE', #3019, #8672, #1818 ) ;
#6222 = EDGE_LOOP ( 'NONE', ( #403, #2116, #5383, #8121 ) ) ;
#6223 = ORIENTED_EDGE ( 'NONE', *, *, #2683, .F. ) ;
#6224 = PLANE ( 'NONE',  #3950 ) ;
#6225 = CARTESIAN_POINT ( 'NONE',  ( -8.406941205763459379, 0.8020652634605823783, 0.000000000000000000 ) ) ;
#6226 = CARTESIAN_POINT ( 'NONE',  ( 1.907317073170796240, 3.020345644863402512, 0.000000000000000000 ) ) ;
#6227 = CARTESIAN_POINT ( 'NONE',  ( -8.923643817626878416, 1.813190277510170478, -0.1999999999999999556 ) ) ;
#6228 = VECTOR ( 'NONE', #6667, 1000.000000000000000 ) ;
#6229 = EDGE_CURVE ( 'NONE', #4543, #2986, #1050, .T. ) ;
#6230 = CARTESIAN_POINT ( 'NONE',  ( -1.274072050424836178, 3.794774592561157789, -0.2000000000000000111 ) ) ;
#6231 = EDGE_CURVE ( 'NONE', #5161, #8523, #3771, .T. ) ;
#6232 = CARTESIAN_POINT ( 'NONE',  ( -11.35797679789408399, 1.768141955855556224, 0.000000000000000000 ) ) ;
#6233 = ORIENTED_EDGE ( 'NONE', *, *, #8729, .F. ) ;
#6234 = AXIS2_PLACEMENT_3D ( 'NONE', #3451, #6853, #3541 ) ;
#6235 = DIRECTION ( 'NONE',  ( -0.000000000000000000, -0.000000000000000000, -1.000000000000000000 ) ) ;
#6236 = CARTESIAN_POINT ( 'NONE',  ( -7.499153447633066349, 1.944268639584563862, -0.2000000000000000666 ) ) ;
#6237 = CARTESIAN_POINT ( 'NONE',  ( -0.4804389058232120813, 0.9583422048654681724, 0.000000000000000000 ) ) ;
#6238 = CARTESIAN_POINT ( 'NONE',  ( -9.755030487804813077, 0.2398578399853534548, -0.2000000000000000111 ) ) ;
#6239 = FACE_OUTER_BOUND ( 'NONE', #6556, .T. ) ;
#6240 = DIRECTION ( 'NONE',  ( 0.000000000000000000, 1.000000000000000000, 0.000000000000000000 ) ) ;
#6241 = DIRECTION ( 'NONE',  ( -0.000000000000000000, 1.000000000000000000, -0.000000000000000000 ) ) ;
#6242 = ADVANCED_FACE ( 'NONE', ( #3110 ), #5651, .T. ) ;
#6243 = CIRCLE ( 'NONE', #6234, 2.000000000000000000 ) ;
#6244 = B_SPLINE_SURFACE_WITH_KNOTS ( 'NONE', 3, 1, ( 
 ( #2862, #272 ),
 ( #3536, #6391 ),
 ( #5586, #853 ),
 ( #2319, #8328 ),
 ( #5007, #7700 ),
 ( #4287, #5047 ),
 ( #183, #6981 ),
 ( #7019, #2992 ),
 ( #2189, #813 ),
 ( #4329, #3576 ),
 ( #5714, #2235 ),
 ( #6934, #8457 ),
 ( #4965, #145 ),
 ( #937, #1603 ),
 ( #4917, #1436 ),
 ( #7655, #1522 ),
 ( #1562, #3663 ),
 ( #4158, #6261 ),
 ( #4249, #6888 ) ),
 .UNSPECIFIED., .F., .F., .F.,
 ( 4, 1, 1, 1, 1, 1, 1, 1, 1, 1, 1, 1, 1, 1, 1, 1, 4 ),
 ( 2, 2 ),
 ( 0.000000000000000000, 0.06188749002223437046, 0.1202175273264249888, 0.1758686317863520920, 0.2292942099036233417, 0.2815538116576481453, 0.3336564132219083656, 0.3859326279123713177, 0.4400483850856385937, 0.4962348780494578726, 0.5552239600138239028, 0.6180023903447018352, 0.6847365056281823348, 0.7559247216318568663, 0.8321351323673203959, 0.9134215907576416216, 1.000000000000000000 ),
 ( 0.000000000000000000, 1.000000000000000000 ),
 .UNSPECIFIED. ) ;
#6245 = ORIENTED_EDGE ( 'NONE', *, *, #6075, .F. ) ;
#6246 = ORIENTED_EDGE ( 'NONE', *, *, #6557, .T. ) ;
#6247 = DIRECTION ( 'NONE',  ( 0.000000000000000000, -1.000000000000000000, 0.000000000000000000 ) ) ;
#6248 = ORIENTED_EDGE ( 'NONE', *, *, #1527, .F. ) ;
#6249 = AXIS2_PLACEMENT_3D ( 'NONE', #274, #5589, #8418 ) ;
#6250 = DIRECTION ( 'NONE',  ( -0.000000000000000000, -0.000000000000000000, -1.000000000000000000 ) ) ;
#6251 = CARTESIAN_POINT ( 'NONE',  ( 0.05748985600844160743, 0.9566490343490495762, -0.1999999999999999833 ) ) ;
#6252 = CARTESIAN_POINT ( 'NONE',  ( -11.36097560975603216, 1.973851742424377997, 0.000000000000000000 ) ) ;
#6253 = PLANE ( 'NONE',  #404 ) ;
#6254 = ADVANCED_FACE ( 'NONE', ( #6320 ), #8485, .T. ) ;
#6255 = LINE ( 'NONE', #2985, #8256 ) ;
#6256 = ORIENTED_EDGE ( 'NONE', *, *, #3722, .T. ) ;
#6257 = ORIENTED_EDGE ( 'NONE', *, *, #1537, .F. ) ;
#6258 = CARTESIAN_POINT ( 'NONE',  ( -11.05711680535207542, 0.7877000211124108864, -0.2000000000000000111 ) ) ;
#6259 = CARTESIAN_POINT ( 'NONE',  ( -0.2955185702888994959, 0.2411470730922987971, -0.2000000000000000111 ) ) ;
#6260 = DIRECTION ( 'NONE',  ( 0.000000000000000000, -1.000000000000000000, 0.000000000000000000 ) ) ;
#6261 = CARTESIAN_POINT ( 'NONE',  ( -1.652783515363061895, 2.144549058168365718, -1.084202172485504434E-16 ) ) ;
#6262 = EDGE_CURVE ( 'NONE', #1275, #7585, #8717, .T. ) ;
#6263 = CARTESIAN_POINT ( 'NONE',  ( -12.60000000000000497, -14.20000000000000639, -14.69999999999998863 ) ) ;
#6264 = DIRECTION ( 'NONE',  ( -1.000000000000000000, 9.745637505487682231E-17, 0.000000000000000000 ) ) ;
#6265 = CARTESIAN_POINT ( 'NONE',  ( -8.094922144476045744, 1.903358245412708039, -2.710505431213761085E-17 ) ) ;
#6266 = ORIENTED_EDGE ( 'NONE', *, *, #3517, .F. ) ;
#6267 = ORIENTED_EDGE ( 'NONE', *, *, #8431, .F. ) ;
#6268 = CARTESIAN_POINT ( 'NONE',  ( -0.8227944830167508439, 2.536298771719383893, -0.2000000000000000666 ) ) ;
#6269 = CARTESIAN_POINT ( 'NONE',  ( -7.507317073170667321, 2.204034669253646328, 0.000000000000000000 ) ) ;
#6270 = FACE_OUTER_BOUND ( 'NONE', #7545, .T. ) ;
#6271 = CARTESIAN_POINT ( 'NONE',  ( -6.629268292682862551, 2.265772474131694914, 0.000000000000000000 ) ) ;
#6272 = CARTESIAN_POINT ( 'NONE',  ( -0.6973351948024725244, 0.2982603798567710629, -6.776263578034402713E-17 ) ) ;
#6273 = CARTESIAN_POINT ( 'NONE',  ( -4.470729613323554119, 1.195893622612791640, -0.1999999999999999556 ) ) ;
#6274 = ORIENTED_EDGE ( 'NONE', *, *, #3773, .T. ) ;
#6275 = CARTESIAN_POINT ( 'NONE',  ( 6.700000000000003730, 0.0006667996279938886994, -7.800000000000000711 ) ) ;
#6276 = EDGE_CURVE ( 'NONE', #5846, #5465, #5210, .T. ) ;
#6277 = CARTESIAN_POINT ( 'NONE',  ( 6.879450486378557272, -1.849989268083281901, 5.332894443888950065 ) ) ;
#6278 = DIRECTION ( 'NONE',  ( 1.000000000000000000, 0.000000000000000000, -0.000000000000000000 ) ) ;
#6279 = CARTESIAN_POINT ( 'NONE',  ( -5.402134146341399656, 0.9715651570585243091, -0.2000000000000000111 ) ) ;
#6280 = LINE ( 'NONE', #4096, #4076 ) ;
#6281 = CARTESIAN_POINT ( 'NONE',  ( -0.8234743293916583218, 2.082498633170266178, -0.2000000000000000111 ) ) ;
#6282 = DATE_AND_TIME ( #3515, #7114 ) ;
#6283 = CARTESIAN_POINT ( 'NONE',  ( 2.834146341463480212, 3.393059059497549157, 0.000000000000000000 ) ) ;
#6284 = ORIENTED_EDGE ( 'NONE', *, *, #3340, .F. ) ;
#6285 = CARTESIAN_POINT ( 'NONE',  ( 2.834146341463479768, 0.2886383277902315192, 0.000000000000000000 ) ) ;
#6286 = EDGE_CURVE ( 'NONE', #8284, #8610, #6520, .T. ) ;
#6287 = EDGE_LOOP ( 'NONE', ( #6233, #1138, #2014, #289 ) ) ;
#6288 = DIRECTION ( 'NONE',  ( 0.000000000000000000, 0.000000000000000000, 1.000000000000000000 ) ) ;
#6289 = CARTESIAN_POINT ( 'NONE',  ( 0.05773218697645608050, 0.2642151674961867314, -6.776263578034402713E-17 ) ) ;
#6290 = FACE_OUTER_BOUND ( 'NONE', #5412, .T. ) ;
#6291 = CARTESIAN_POINT ( 'NONE',  ( -5.348018292682861663, 3.605711498521939173, -2.710505431213761085E-17 ) ) ;
#6292 = LINE ( 'NONE', #176, #817 ) ;
#6293 = ORIENTED_EDGE ( 'NONE', *, *, #2790, .T. ) ;
#6294 = EDGE_CURVE ( 'NONE', #8486, #1589, #1859, .T. ) ;
#6295 = ORIENTED_EDGE ( 'NONE', *, *, #7230, .T. ) ;
#6296 = CARTESIAN_POINT ( 'NONE',  ( 4.694324922952930912, -6.581476711740719132, -0.2000000000000000111 ) ) ;
#6297 = CARTESIAN_POINT ( 'NONE',  ( -0.5679289771500417583, 0.2680391185987531233, -0.2000000000000000111 ) ) ;
#6298 = CARTESIAN_POINT ( 'NONE',  ( -5.402134146341398768, 0.9715651570585241981, -2.710505431213761085E-17 ) ) ;
#6299 = CARTESIAN_POINT ( 'NONE',  ( -18.39999999999999147, 14.20000745179306989, -8.800000000000000711 ) ) ;
#6300 = FACE_OUTER_BOUND ( 'NONE', #4004, .T. ) ;
#6301 = CARTESIAN_POINT ( 'NONE',  ( 0.2846112161824669307, 3.252510906255187351, 0.000000000000000000 ) ) ;
#6302 = CARTESIAN_POINT ( 'NONE',  ( -7.453135263217250284, 2.762701145828437621, -2.710505431213761085E-17 ) ) ;
#6303 = ORIENTED_EDGE ( 'NONE', *, *, #7395, .T. ) ;
#6304 = ORIENTED_EDGE ( 'NONE', *, *, #5746, .F. ) ;
#6305 = ADVANCED_FACE ( 'NONE', ( #2789 ), #5471, .F. ) ;
#6306 = DIRECTION ( 'NONE',  ( -1.000000000000000000, 0.000000000000000000, 0.000000000000000000 ) ) ;
#6307 = CARTESIAN_POINT ( 'NONE',  ( 1.946294851336282106, 3.025856886792944511, 0.000000000000000000 ) ) ;
#6308 = B_SPLINE_CURVE_WITH_KNOTS ( 'NONE', 3,
 ( #1466, #2097, #3524, #6971, #1, #6251, #135, #4772, #8316, #4237, #2179, #4731, #2007, #4905, #3566, #6789 ),
 .UNSPECIFIED., .F., .F.,
 ( 4, 2, 2, 2, 2, 2, 2, 4 ),
 ( 0.000000000000000000, 0.0001056946444724218349, 0.0002113892889448436697, 0.0004227785778896871768, 0.0006341678668345305213, 0.0008455571557793740284, 0.001268335733669061476, 0.001691114311558748274 ),
 .UNSPECIFIED. ) ;
#6309 = CARTESIAN_POINT ( 'NONE',  ( -10.45637994903715295, 0.3445052710755269199, -0.1999999999999999278 ) ) ;
#6310 = LINE ( 'NONE', #2910, #5773 ) ;
#6311 = CARTESIAN_POINT ( 'NONE',  ( -1.334051130124457751, 0.7773928014565999467, -2.710505431213761085E-17 ) ) ;
#6312 = DIRECTION ( 'NONE',  ( 1.000000000000000000, 0.000000000000000000, 0.000000000000000000 ) ) ;
#6313 = ORIENTED_EDGE ( 'NONE', *, *, #7016, .F. ) ;
#6314 = LINE ( 'NONE', #247, #5079 ) ;
#6315 = CARTESIAN_POINT ( 'NONE',  ( 1.224390243902504727, 2.316839547302426805, -2.710505431213761085E-17 ) ) ;
#6316 = B_SPLINE_CURVE_WITH_KNOTS ( 'NONE', 3,
 ( #3056, #4351, #3556, #6366, #2919, #162, #7038, #1718, #910, #3592, #7087, #1004, #7758, #200, #7678, #1542 ),
 .UNSPECIFIED., .F., .F.,
 ( 4, 2, 2, 2, 2, 2, 2, 4 ),
 ( 0.000000000000000000, 0.0001056946444724217942, 0.0002113892889448435884, 0.0004227785778896870142, 0.0006341678668345304129, 0.0008455571557793739200, 0.001268335733669061476, 0.001691114311558748057 ),
 .UNSPECIFIED. ) ;
#6317 = FACE_OUTER_BOUND ( 'NONE', #258, .T. ) ;
#6318 = CARTESIAN_POINT ( 'NONE',  ( -5.358410621779736260, 0.9722926101435054314, -0.2000000000000000111 ) ) ;
#6319 = CARTESIAN_POINT ( 'NONE',  ( -5.983449432093749465, 0.2699462609432312643, 2.710505431213761085E-17 ) ) ;
#6320 = FACE_OUTER_BOUND ( 'NONE', #1053, .T. ) ;
#6321 = CARTESIAN_POINT ( 'NONE',  ( 0.3751584355530705461, 1.809679316610331767, -0.2000000000000001221 ) ) ;
#6322 = EDGE_LOOP ( 'NONE', ( #5973, #2184, #8632, #8087 ) ) ;
#6323 = LINE ( 'NONE', #207, #4506 ) ;
#6324 = ORIENTED_EDGE ( 'NONE', *, *, #782, .T. ) ;
#6325 = DIRECTION ( 'NONE',  ( -0.000000000000000000, -0.000000000000000000, 1.000000000000000000 ) ) ;
#6326 = CARTESIAN_POINT ( 'NONE',  ( 12.90000000000000213, 14.20133359925599414, -14.69999999999998863 ) ) ;
#6327 = LINE ( 'NONE', #5035, #935 ) ;
#6328 = DIRECTION ( 'NONE',  ( 0.000000000000000000, -1.000000000000000000, 0.000000000000000000 ) ) ;
#6329 = DIRECTION ( 'NONE',  ( 0.000000000000000000, -1.000000000000000000, 0.000000000000000000 ) ) ;
#6330 = CC_DESIGN_PERSON_AND_ORGANIZATION_ASSIGNMENT ( #2001, #2586, ( #4171 ) ) ;
#6331 = CARTESIAN_POINT ( 'NONE',  ( -4.611541731492499352, 0.3741467039951689166, -0.2000000000000001221 ) ) ;
#6332 = EDGE_CURVE ( 'NONE', #3743, #6178, #8129, .T. ) ;
#6333 = ORIENTED_EDGE ( 'NONE', *, *, #1460, .F. ) ;
#6334 = VECTOR ( 'NONE', #4576, 1000.000000000000000 ) ;
#6335 = VERTEX_POINT ( 'NONE', #6817 ) ;
#6336 = CARTESIAN_POINT ( 'NONE',  ( 0.09461042458703598779, 0.2697216927966377131, -0.2000000000000000111 ) ) ;
#6337 = CARTESIAN_POINT ( 'NONE',  ( -6.717356246846689416, 3.927274166171041969, -0.2000000000000000111 ) ) ;
#6338 = DIRECTION ( 'NONE',  ( 0.000000000000000000, 1.000000000000000000, 0.000000000000000000 ) ) ;
#6339 = CARTESIAN_POINT ( 'NONE',  ( 3.047623396735147594, 4.269287839795072870, -8.463559325920466636E-34 ) ) ;
#6340 = FACE_OUTER_BOUND ( 'NONE', #678, .T. ) ;
#6341 = AXIS2_PLACEMENT_3D ( 'NONE', #603, #3323, #2655 ) ;
#6342 = CARTESIAN_POINT ( 'NONE',  ( 0.2502634244804008978, 3.346847211050594684, -0.2000000000000000111 ) ) ;
#6343 = VECTOR ( 'NONE', #2800, 1000.000000000000000 ) ;
#6344 = EDGE_CURVE ( 'NONE', #3365, #3963, #5982, .T. ) ;
#6345 = DIRECTION ( 'NONE',  ( 1.000000000000000000, 0.000000000000000000, 0.000000000000000000 ) ) ;
#6346 = ORIENTED_EDGE ( 'NONE', *, *, #2663, .F. ) ;
#6348 = ORIENTED_EDGE ( 'NONE', *, *, #7537, .F. ) ;
#6347 = CARTESIAN_POINT ( 'NONE',  ( -9.696341463414569262, 0.9715651570585241981, -1.626303258728256651E-16 ) ) ;
#6349 = DIRECTION ( 'NONE',  ( 1.000000000000000000, -9.745637505487682231E-17, 0.000000000000000000 ) ) ;
#6350 = AXIS2_PLACEMENT_3D ( 'NONE', #1510, #754, #4146 ) ;
#6351 = CARTESIAN_POINT ( 'NONE',  ( -0.8107216399325289924, 2.826400494461566826, -0.2000000000000000389 ) ) ;
#6352 = AXIS2_PLACEMENT_3D ( 'NONE', #228, #5625, #3537 ) ;
#6353 = CARTESIAN_POINT ( 'NONE',  ( 2.405872650846105465, 3.151792985107862766, -0.2000000000000000111 ) ) ;
#6354 = LINE ( 'NONE', #6947, #5516 ) ;
#6355 = CARTESIAN_POINT ( 'NONE',  ( -6.363449860761214438, 3.139962037003112716, 0.000000000000000000 ) ) ;
#6356 = CARTESIAN_POINT ( 'NONE',  ( -1.103374805958261096, 0.5163547833102929419, -0.2000000000000000111 ) ) ;
#6357 = EDGE_CURVE ( 'NONE', #3922, #2739, #2162, .T. ) ;
#6358 = CARTESIAN_POINT ( 'NONE',  ( -9.994431197139522993, 1.013776827665480829, -1.084202172485504311E-16 ) ) ;
#6359 = VECTOR ( 'NONE', #1720, 1000.000000000000000 ) ;
#6360 = VECTOR ( 'NONE', #2373, 1000.000000000000000 ) ;
#6361 = VERTEX_POINT ( 'NONE', #8169 ) ;
#6362 = CARTESIAN_POINT ( 'NONE',  ( -3.751219512195057337, 2.093516376570719206, 0.000000000000000000 ) ) ;
#6363 = DIRECTION ( 'NONE',  ( 0.000000000000000000, -1.000000000000000000, 0.000000000000000000 ) ) ;
#6364 = AXIS2_PLACEMENT_3D ( 'NONE', #4710, #4038, #2833 ) ;
#6365 = VECTOR ( 'NONE', #4904, 1000.000000000000000 ) ;
#6366 = CARTESIAN_POINT ( 'NONE',  ( -0.06969597780123641673, 0.8937337793095948557, -2.710505431213762934E-17 ) ) ;
#6367 = CARTESIAN_POINT ( 'NONE',  ( -0.1605182926828624401, 4.337418815595110111, -0.2000000000000000111 ) ) ;
#6368 = CARTESIAN_POINT ( 'NONE',  ( 1.205582179028375611, 2.785703454749715924, -5.421010862427522170E-17 ) ) ;
#6369 = CARTESIAN_POINT ( 'NONE',  ( 17.80000000000000426, -8.800000000000002487, 0.000000000000000000 ) ) ;
#6370 = CARTESIAN_POINT ( 'NONE',  ( 0.3938644332002065873, 2.119113902292020679, -1.084202172485504434E-16 ) ) ;
#6371 = ADVANCED_FACE ( 'NONE', ( #7447 ), #3049, .T. ) ;
#6372 = VECTOR ( 'NONE', #730, 1000.000000000000000 ) ;
#6373 = EDGE_LOOP ( 'NONE', ( #3951, #7065, #6295, #7354 ) ) ;
#6374 = CARTESIAN_POINT ( 'NONE',  ( -12.79999999999992966, -6.550000000000028244, -1.000000000000000000 ) ) ;
#6375 = VERTEX_POINT ( 'NONE', #194 ) ;
#6376 = DIRECTION ( 'NONE',  ( 0.000000000000000000, 1.000000000000000000, 0.000000000000000000 ) ) ;
#6377 = CARTESIAN_POINT ( 'NONE',  ( -1.172452808561761151, 3.922788550135658525, -0.2000000000000000666 ) ) ;
#6378 = CARTESIAN_POINT ( 'NONE',  ( -3.751219512195057337, 1.508150522912182989, -0.2000000000000000111 ) ) ;
#6379 = VECTOR ( 'NONE', #1555, 1000.000000000000000 ) ;
#6380 = CARTESIAN_POINT ( 'NONE',  ( -6.628232238980919178, 2.218220338611985643, -0.000000000000000000 ) ) ;
#6381 = CARTESIAN_POINT ( 'NONE',  ( -6.524462985634461809, 2.858379936812649458, -6.776263578034401480E-17 ) ) ;
#6382 = DIRECTION ( 'NONE',  ( 9.745637505487680998E-17, 1.000000000000000000, -0.000000000000000000 ) ) ;
#6383 = ORIENTED_EDGE ( 'NONE', *, *, #5090, .T. ) ;
#6384 = VECTOR ( 'NONE', #7338, 1000.000000000000000 ) ;
#6385 = EDGE_LOOP ( 'NONE', ( #7863, #1139, #4282, #5148, #151 ) ) ;
#6386 = ORIENTED_EDGE ( 'NONE', *, *, #1131, .F. ) ;
#6387 = CARTESIAN_POINT ( 'NONE',  ( 0.5215035226706558058, 0.4479422813820100879, -0.2000000000000000111 ) ) ;
#6388 = ADVANCED_FACE ( 'NONE', ( #3678 ), #2963, .T. ) ;
#6389 = CARTESIAN_POINT ( 'NONE',  ( -8.505614675370360089, 0.6832072066844232516, -0.2000000000000000111 ) ) ;
#6390 = CARTESIAN_POINT ( 'NONE',  ( -6.419908072079157257, 1.458520608632033477, -0.2000000000000000944 ) ) ;
#6391 = CARTESIAN_POINT ( 'NONE',  ( -0.2955185702888994959, 0.2411470730922987971, -1.084202172485504434E-16 ) ) ;
#6392 = ORGANIZATION ( '未指定', '未指定', '' ) ;
#6393 = CARTESIAN_POINT ( 'NONE',  ( 0.06651306725887237703, 3.615912087738197389, 0.000000000000000000 ) ) ;
#6394 = DIRECTION ( 'NONE',  ( -0.000000000000000000, -0.000000000000000000, -1.000000000000000000 ) ) ;
#6395 = ORIENTED_EDGE ( 'NONE', *, *, #5801, .F. ) ;
#6397 = ORIENTED_EDGE ( 'NONE', *, *, #8049, .T. ) ;
#6396 = FACE_OUTER_BOUND ( 'NONE', #3713, .T. ) ;
#6398 = FACE_OUTER_BOUND ( 'NONE', #8276, .T. ) ;
#6399 = CARTESIAN_POINT ( 'NONE',  ( -8.115525600448091126, 1.606715776763676606, -2.710505431213761085E-17 ) ) ;
#6400 = EDGE_CURVE ( 'NONE', #3631, #529, #18, .T. ) ;
#6401 = CARTESIAN_POINT ( 'NONE',  ( 3.450126666700005451, -13.20000000000002771, -6.200000000000001954 ) ) ;
#6402 = DIRECTION ( 'NONE',  ( 0.000000000000000000, 1.000000000000000000, 0.000000000000000000 ) ) ;
#6403 = LINE ( 'NONE', #2201, #508 ) ;
#6404 = CARTESIAN_POINT ( 'NONE',  ( -0.4067400763441527678, 0.2436514308584424304, -0.2000000000000000111 ) ) ;
#6405 = CARTESIAN_POINT ( 'NONE',  ( -17.79999999999999716, -15.69999999999999929, -2.000000000000000000 ) ) ;
#6406 = EDGE_LOOP ( 'NONE', ( #690, #2005, #6014, #5975 ) ) ;
#6407 = ORIENTED_EDGE ( 'NONE', *, *, #1527, .T. ) ;
#6408 = DIRECTION ( 'NONE',  ( -0.000000000000000000, -1.000000000000000000, -0.000000000000000000 ) ) ;
#6409 = ADVANCED_FACE ( 'NONE', ( #2873 ), #864, .F. ) ;
#6410 = CARTESIAN_POINT ( 'NONE',  ( -4.831250328588455822, 4.293802389708353040, -2.710505431213763550E-17 ) ) ;
#6411 = CARTESIAN_POINT ( 'NONE',  ( 6.227808503120348504, -5.822408242112043553, -0.2000000000000000111 ) ) ;
#6412 = CARTESIAN_POINT ( 'NONE',  ( -4.795085395356110780, 0.3192034271970399240, -1.084202172485504434E-16 ) ) ;
#6413 = CARTESIAN_POINT ( 'NONE',  ( -10.33398380117879611, 1.286833814075234006, -0.2000000000000000111 ) ) ;
#6414 = CARTESIAN_POINT ( 'NONE',  ( -0.7095694172998046056, 1.309962214237720302, -0.2000000000000000111 ) ) ;
#6415 = CARTESIAN_POINT ( 'NONE',  ( 2.806108295498490168, 3.370874559477469834, -5.421010862427522170E-17 ) ) ;
#6416 = ORIENTED_EDGE ( 'NONE', *, *, #7907, .F. ) ;
#6417 = ADVANCED_BREP_SHAPE_REPRESENTATION ( 'UC01盖子', ( #7919, #4878, #8052, #4890, #4969, #7814, #2089, #7862, #8402 ), #3538 ) ;
#6418 = LINE ( 'NONE', #796, #6073 ) ;
#6419 = EDGE_CURVE ( 'NONE', #8262, #2452, #7798, .T. ) ;
#6420 = EDGE_LOOP ( 'NONE', ( #7130, #1127, #692, #3391 ) ) ;
#6421 = DIRECTION ( 'NONE',  ( -1.000000000000000000, -0.000000000000000000, -0.000000000000000000 ) ) ;
#6422 = FACE_OUTER_BOUND ( 'NONE', #3701, .T. ) ;
#6423 = CARTESIAN_POINT ( 'NONE',  ( 0.000000000000000000, 0.000000000000000000, -0.2000000000000000111 ) ) ;
#6424 = DIRECTION ( 'NONE',  ( 0.000000000000000000, 0.000000000000000000, 1.000000000000000000 ) ) ;
#6425 = CARTESIAN_POINT ( 'NONE',  ( -6.434059622845379245, 4.107881649833385218, -0.2000000000000000666 ) ) ;
#6426 = FACE_OUTER_BOUND ( 'NONE', #3921, .T. ) ;
#6427 = VERTEX_POINT ( 'NONE', #8428 ) ;
#6428 = ORIENTED_EDGE ( 'NONE', *, *, #7331, .T. ) ;
#6429 = EDGE_CURVE ( 'NONE', #132, #7853, #3377, .T. ) ;
#6430 = ORIENTED_EDGE ( 'NONE', *, *, #5403, .F. ) ;
#6431 = CARTESIAN_POINT ( 'NONE',  ( -9.879595671967370762, 0.9850184561965571461, -2.710505431213761085E-17 ) ) ;
#6432 = CARTESIAN_POINT ( 'NONE',  ( -8.323500753678422015, 0.9360442124809076336, -0.2000000000000000111 ) ) ;
#6433 = CARTESIAN_POINT ( 'NONE',  ( -9.755030487804813077, 0.2398578399853534548, -0.2000000000000000111 ) ) ;
#6434 = PLANE ( 'NONE',  #7978 ) ;
#6435 = CARTESIAN_POINT ( 'NONE',  ( 0.3939162847948091684, 2.454354538096069849, -0.2000000000000000111 ) ) ;
#6436 = CARTESIAN_POINT ( 'NONE',  ( -6.717356246846689416, 3.927274166171041969, -2.710505431213761085E-17 ) ) ;
#6437 = EDGE_CURVE ( 'NONE', #5824, #7565, #7671, .T. ) ;
#6438 = ORIENTED_EDGE ( 'NONE', *, *, #6904, .T. ) ;
#6440 = ORIENTED_EDGE ( 'NONE', *, *, #2839, .F. ) ;
#6439 = CARTESIAN_POINT ( 'NONE',  ( -1.208822093480986792, 0.6187041736519125479, 0.000000000000000000 ) ) ;
#6441 = CARTESIAN_POINT ( 'NONE',  ( -0.7029336498475879935, 3.251776265006541156, -6.776263578034400247E-17 ) ) ;
#6442 = CARTESIAN_POINT ( 'NONE',  ( -8.096726484341811414, 1.809090933381502619, -0.2000000000000000111 ) ) ;
#6443 = CYLINDRICAL_SURFACE ( 'NONE', #7783, 0.8999999999999998002 ) ;
#6444 = CARTESIAN_POINT ( 'NONE',  ( -6.922848869674990802, 3.742100163286586234, -0.2000000000000000111 ) ) ;
#6445 = CARTESIAN_POINT ( 'NONE',  ( -0.3791760633707307315, 0.9030590398192999135, -0.1999999999999999556 ) ) ;
#6446 = CARTESIAN_POINT ( 'NONE',  ( -6.281788073529346761, 3.235853694939779590, 0.000000000000000000 ) ) ;
#6447 = CARTESIAN_POINT ( 'NONE',  ( -0.5679289771500417583, 0.2680391185987531233, -0.2000000000000000111 ) ) ;
#6448 = LINE ( 'NONE', #4301, #3667 ) ;
#6449 = EDGE_CURVE ( 'NONE', #8376, #6472, #7710, .T. ) ;
#6450 = EDGE_CURVE ( 'NONE', #8861, #3365, #4912, .T. ) ;
#6451 = ORIENTED_EDGE ( 'NONE', *, *, #10, .F. ) ;
#6452 = ORIENTED_EDGE ( 'NONE', *, *, #3899, .F. ) ;
#6453 = CARTESIAN_POINT ( 'NONE',  ( 1.965931225664943494, 3.750746688269235296, 0.000000000000000000 ) ) ;
#6454 = LINE ( 'NONE', #5022, #2778 ) ;
#6455 = DIRECTION ( 'NONE',  ( -0.000000000000000000, -0.000000000000000000, 1.000000000000000000 ) ) ;
#6456 = CARTESIAN_POINT ( 'NONE',  ( 0.9631691513697511198, 3.696598559463699196, -0.2000000000000000111 ) ) ;
#6457 = CARTESIAN_POINT ( 'NONE',  ( 1.032671066569559093, 3.545473332629561103, -5.421010862427522170E-17 ) ) ;
#6458 = CARTESIAN_POINT ( 'NONE',  ( 3.700000000000005507, 11.20133359925599059, -2.999999999999999112 ) ) ;
#6459 = CARTESIAN_POINT ( 'NONE',  ( 2.747356626934982060, 3.324388567049385124, -5.421010862427522170E-17 ) ) ;
#6460 = EDGE_CURVE ( 'NONE', #3282, #955, #7815, .T. ) ;
#6461 = VERTEX_POINT ( 'NONE', #3232 ) ;
#6462 = FACE_OUTER_BOUND ( 'NONE', #2875, .T. ) ;
#6463 = ORIENTED_EDGE ( 'NONE', *, *, #1341, .F. ) ;
#6464 = CARTESIAN_POINT ( 'NONE',  ( -4.434146341463349295, 0.4494614985219388403, -0.2000000000000000111 ) ) ;
#6465 = CARTESIAN_POINT ( 'NONE',  ( -0.6562637183834929555, 4.264767045845211157, -0.2000000000000000666 ) ) ;
#6466 = CARTESIAN_POINT ( 'NONE',  ( -5.223034982273691007, 3.603579757176243348, 0.000000000000000000 ) ) ;
#6467 = CARTESIAN_POINT ( 'NONE',  ( -6.610771520554814096, 1.989736775340948283, 0.000000000000000000 ) ) ;
#6468 = CARTESIAN_POINT ( 'NONE',  ( -6.248585042796056754, 4.191376369876468999, -2.710505431213761085E-17 ) ) ;
#6469 = CARTESIAN_POINT ( 'NONE',  ( -7.507317073170667321, 2.204034669253646328, -0.2000000000000000111 ) ) ;
#6470 = EDGE_CURVE ( 'NONE', #7194, #1461, #5199, .T. ) ;
#6471 = ORIENTED_EDGE ( 'NONE', *, *, #6140, .T. ) ;
#6472 = VERTEX_POINT ( 'NONE', #2607 ) ;
#6473 = ORIENTED_EDGE ( 'NONE', *, *, #7897, .F. ) ;
#6474 = CARTESIAN_POINT ( 'NONE',  ( -9.728132794451679999, 0.9722679662604762907, -2.710505431213761085E-17 ) ) ;
#6475 = CARTESIAN_POINT ( 'NONE',  ( -8.192629255786231468, 1.243412422721812183, -0.2000000000000000111 ) ) ;
#6476 = CARTESIAN_POINT ( 'NONE',  ( 6.227808503120348504, -8.113779781068901187, 0.000000000000000000 ) ) ;
#6477 = CARTESIAN_POINT ( 'NONE',  ( 2.343981363844101828, 3.877086963777770734, -0.2000000000000000389 ) ) ;
#6478 = B_SPLINE_SURFACE_WITH_KNOTS ( 'NONE', 3, 1, ( 
 ( #2060, #2019 ),
 ( #684, #4120 ),
 ( #1437, #7477 ),
 ( #1351, #4072 ),
 ( #3991, #4029 ),
 ( #3448, #6849 ),
 ( #7571, #4160 ),
 ( #2646, #6889 ),
 ( #5503, #4835 ),
 ( #2694, #6717 ),
 ( #4788, #3278 ),
 ( #5421, #8116 ),
 ( #3358, #6000 ),
 ( #8785, #3408 ),
 ( #6804, #5376 ),
 ( #597, #1978 ),
 ( #6132, #4743 ),
 ( #4701, #4661 ),
 ( #8746, #2733 ) ),
 .UNSPECIFIED., .F., .F., .F.,
 ( 4, 1, 1, 1, 1, 1, 1, 1, 1, 1, 1, 1, 1, 1, 1, 1, 4 ),
 ( 2, 2 ),
 ( 0.000000000000000000, 0.07086112574917732831, 0.1383124640173554742, 0.2032189764373685537, 0.2657490617238897901, 0.3270669237149356756, 0.3870310498381561715, 0.4467903704422743760, 0.5067174200227059222, 0.5664431383071758530, 0.6252945533122903354, 0.6837425618851836751, 0.7432240956556641631, 0.8035767442794587989, 0.8665011575630729990, 0.9317876460249041592, 1.000000000000000000 ),
 ( 0.000000000000000000, 1.000000000000000000 ),
 .UNSPECIFIED. ) ;
#6479 = DIRECTION ( 'NONE',  ( -1.000000000000000000, 0.000000000000000000, 0.000000000000000000 ) ) ;
#6480 = EDGE_CURVE ( 'NONE', #3775, #352, #5957, .T. ) ;
#6481 = CARTESIAN_POINT ( 'NONE',  ( -8.932731115420063261, 1.707689847526860483, -0.2000000000000000111 ) ) ;
#6482 = EDGE_LOOP ( 'NONE', ( #4142, #4315, #5996, #1904, #6246, #7231, #1713, #479 ) ) ;
#6483 = B_SPLINE_CURVE_WITH_KNOTS ( 'NONE', 3,
 ( #3180, #6079, #8112, #4656, #7473, #594, #4026, #6622, #1346, #7393, #7304, #8699, #3226, #2560, #2510, #3313, #1268, #5288, #5329 ),
 .UNSPECIFIED., .F., .F.,
 ( 4, 1, 1, 1, 1, 1, 1, 1, 1, 1, 1, 1, 1, 1, 1, 1, 4 ),
 ( 0.000000000000000000, 0.07724814204874209944, 0.1495958238634826631, 0.2179968127121625077, 0.2822495463593093779, 0.3432724701215131291, 0.4013506071082023063, 0.4575125444771767080, 0.5123555380460841358, 0.5667795932781992674, 0.6214587999768178550, 0.6775318703171349100, 0.7354964749904905341, 0.7961744540293839156, 0.8601136445423345211, 0.9279327006528396149, 0.9999999999999998890 ),
 .UNSPECIFIED. ) ;
#6484 = CARTESIAN_POINT ( 'NONE',  ( -9.789900391901436905, 0.9736334591308278830, -1.626303258728256651E-16 ) ) ;
#6485 = LINE ( 'NONE', #8465, #6214 ) ;
#6486 = CARTESIAN_POINT ( 'NONE',  ( -9.029367350710593598, 0.3476998528558994384, -2.710505431213761085E-17 ) ) ;
#6487 = CARTESIAN_POINT ( 'NONE',  ( -7.214331220220034702, 1.064524440280507189, -2.710505431213761085E-17 ) ) ;
#6488 = AXIS2_PLACEMENT_3D ( 'NONE', #8137, #1497, #2085 ) ;
#6489 = LINE ( 'NONE', #5246, #3256 ) ;
#6490 = CARTESIAN_POINT ( 'NONE',  ( -5.348018292682861663, 3.605711498521939173, -2.710505431213761085E-17 ) ) ;
#6491 = CARTESIAN_POINT ( 'NONE',  ( -3.751219512195057337, 1.508150522912182989, -0.2000000000000000111 ) ) ;
#6492 = CARTESIAN_POINT ( 'NONE',  ( -1.602399416618244476, 2.923672202434309142, -0.2000000000000000111 ) ) ;
#6493 = DIRECTION ( 'NONE',  ( 1.562831776442509002E-16, 1.000000000000000000, -0.000000000000000000 ) ) ;
#6494 = AXIS2_PLACEMENT_3D ( 'NONE', #1359, #4797, #6857 ) ;
#6495 = VECTOR ( 'NONE', #2152, 1000.000000000000000 ) ;
#6496 = ORIENTED_EDGE ( 'NONE', *, *, #249, .F. ) ;
#6497 = ORIENTED_EDGE ( 'NONE', *, *, #7044, .F. ) ;
#6498 = CARTESIAN_POINT ( 'NONE',  ( -11.20773671052623044, 1.060771382164628740, -0.2000000000000000111 ) ) ;
#6499 = CARTESIAN_POINT ( 'NONE',  ( -9.604274437222224847, 0.9735056200454613728, -0.2000000000000000111 ) ) ;
#6500 = EDGE_CURVE ( 'NONE', #8496, #1819, #8608, .T. ) ;
#6501 = CARTESIAN_POINT ( 'NONE',  ( 1.016144153040730025, 1.081422035617684685, -2.710505431213761085E-17 ) ) ;
#6502 = CARTESIAN_POINT ( 'NONE',  ( 3.140548780487870673, 4.337418815595110111, -2.710505431213761085E-17 ) ) ;
#6503 = CARTESIAN_POINT ( 'NONE',  ( -5.776286897450116697, 0.2443922204487160021, -0.2000000000000000111 ) ) ;
#6504 = VECTOR ( 'NONE', #5261, 1000.000000000000000 ) ;
#6505 = CYLINDRICAL_SURFACE ( 'NONE', #541, 1.749999999999999778 ) ;
#6506 = CARTESIAN_POINT ( 'NONE',  ( -0.2092987804877405600, 0.8740041814487682359, -0.2000000000000001221 ) ) ;
#6507 = VECTOR ( 'NONE', #1549, 1000.000000000000000 ) ;
#6508 = ORIENTED_EDGE ( 'NONE', *, *, #4206, .F. ) ;
#6509 = AXIS2_PLACEMENT_3D ( 'NONE', #1987, #1407, #6181 ) ;
#6510 = DIRECTION ( 'NONE',  ( 1.000000000000000000, 0.000000000000000000, -0.000000000000000000 ) ) ;
#6511 = VECTOR ( 'NONE', #694, 1000.000000000000000 ) ;
#6512 = ORIENTED_EDGE ( 'NONE', *, *, #8758, .T. ) ;
#6513 = ADVANCED_FACE ( 'NONE', ( #1752 ), #4528, .T. ) ;
#6514 = DIRECTION ( 'NONE',  ( -1.000000000000000000, 0.000000000000000000, 0.000000000000000000 ) ) ;
#6515 = CARTESIAN_POINT ( 'NONE',  ( 6.879450486378559049, -6.581476711740719132, -0.2000000000000000111 ) ) ;
#6516 = CARTESIAN_POINT ( 'NONE',  ( -5.402134146341398768, 0.9715651570585241981, 0.000000000000000000 ) ) ;
#6517 = LINE ( 'NONE', #399, #4112 ) ;
#6518 = CARTESIAN_POINT ( 'NONE',  ( -6.585255114229059181, 1.861306878864939618, -0.2000000000000000389 ) ) ;
#6519 = AXIS2_PLACEMENT_3D ( 'NONE', #3749, #6479, #5808 ) ;
#6520 = B_SPLINE_CURVE_WITH_KNOTS ( 'NONE', 3,
 ( #608, #1101, #3866, #3196, #3822, #6639, #4674, #1282, #6554, #7997, #433, #8618, #3960, #5917, #8665, #5343, #1900, #2530, #7411 ),
 .UNSPECIFIED., .F., .F.,
 ( 4, 1, 1, 1, 1, 1, 1, 1, 1, 1, 1, 1, 1, 1, 1, 1, 4 ),
 ( 0.000000000000000000, 0.08418918613815358498, 0.1635424427109549717, 0.2385629398941200852, 0.3093251031480367952, 0.3764642276676261057, 0.4400732212506736629, 0.5006302892190007681, 0.5590546016029009913, 0.6150334534872970993, 0.6692890121675146853, 0.7220774343371597626, 0.7747669516386664901, 0.8280709524797756904, 0.8827013325389907461, 0.9399267605822599903, 1.000000000000000000 ),
 .UNSPECIFIED. ) ;
#6521 = CARTESIAN_POINT ( 'NONE',  ( -11.26358787540228157, 1.217540110525502151, 0.000000000000000000 ) ) ;
#6522 = VERTEX_POINT ( 'NONE', #7987 ) ;
#6523 = ORIENTED_EDGE ( 'NONE', *, *, #7575, .F. ) ;
#6524 = ORIENTED_EDGE ( 'NONE', *, *, #2912, .F. ) ;
#6525 = AXIS2_PLACEMENT_3D ( 'NONE', #2608, #8609, #6629 ) ;
#6526 = CARTESIAN_POINT ( 'NONE',  ( -10.43476964418226238, 1.533222373727120669, -0.2000000000000000389 ) ) ;
#6527 = CARTESIAN_POINT ( 'NONE',  ( -8.148262187362911746, 1.418461006457699014, -0.2000000000000000111 ) ) ;
#6528 = CARTESIAN_POINT ( 'NONE',  ( 12.90000000000000213, 13.20133359925599237, -14.69999999999998863 ) ) ;
#6529 = DIRECTION ( 'NONE',  ( 1.000000000000000000, -0.000000000000000000, 0.000000000000000000 ) ) ;
#6530 = LINE ( 'NONE', #7254, #1242 ) ;
#6531 = CARTESIAN_POINT ( 'NONE',  ( -0.2215642619159188254, 4.335823254181682351, -0.2000000000000000666 ) ) ;
#6532 = AXIS2_PLACEMENT_3D ( 'NONE', #8553, #7835, #2501 ) ;
#6533 = VERTEX_POINT ( 'NONE', #7937 ) ;
#6534 = CARTESIAN_POINT ( 'NONE',  ( -0.2382621951218868994, 0.2398578399853534548, 0.000000000000000000 ) ) ;
#6535 = LINE ( 'NONE', #5013, #370 ) ;
#6536 = CARTESIAN_POINT ( 'NONE',  ( 0.3751584355530705461, 1.809679316610331767, -0.2000000000000000111 ) ) ;
#6537 = EDGE_CURVE ( 'NONE', #4104, #1703, #444, .T. ) ;
#6538 = CARTESIAN_POINT ( 'NONE',  ( -5.983449432093749465, 0.2699462609432312643, -0.2000000000000000666 ) ) ;
#6539 = VECTOR ( 'NONE', #1554, 1000.000000000000000 ) ;
#6540 = CARTESIAN_POINT ( 'NONE',  ( -7.281498239866459166, 3.245501431644545853, 0.000000000000000000 ) ) ;
#6541 = CARTESIAN_POINT ( 'NONE',  ( -11.20773671052623044, 1.060771382164628740, 8.131516293641283255E-17 ) ) ;
#6542 = PLANE ( 'NONE',  #4496 ) ;
#6543 = CARTESIAN_POINT ( 'NONE',  ( 17.80000000000000071, -11.20000000000000284, -2.999999999999999112 ) ) ;
#6544 = B_SPLINE_CURVE_WITH_KNOTS ( 'NONE', 3,
 ( #5258, #3106, #7992, #8833, #7271, #8526, #2390, #3191, #2690, #2475, #3241, #3767, #5418, #6801, #2432, #1855, #1141, #5119, #7315 ),
 .UNSPECIFIED., .F., .F.,
 ( 4, 1, 1, 1, 1, 1, 1, 1, 1, 1, 1, 1, 1, 1, 1, 1, 4 ),
 ( 0.000000000000000000, 0.06034108550852539804, 0.1174195266180198399, 0.1716573403064713121, 0.2243705417318092032, 0.2757896563073491958, 0.3271934383480816222, 0.3793108132230596508, 0.4334044840500690388, 0.4896982384588869364, 0.5492711507178545949, 0.6125455515278684926, 0.6800022589254623995, 0.7522771727263297681, 0.8296272071942670800, 0.9120267737507785633, 0.9999999999999998890 ),
 .UNSPECIFIED. ) ;
#6545 = CARTESIAN_POINT ( 'NONE',  ( -0.1932926829267649360, 3.703272474131695358, -0.2000000000000000111 ) ) ;
#6546 = B_SPLINE_CURVE_WITH_KNOTS ( 'NONE', 3,
 ( #4132, #6863, #905, #286, #6358, #7672, #7850, #1576, #5727, #8520, #2428, #3627, #954, #3720 ),
 .UNSPECIFIED., .F., .F.,
 ( 4, 2, 2, 2, 2, 2, 4 ),
 ( 0.000000000000000000, 0.0001801200445691055168, 0.0003602400891382111421, 0.0005403601337073167402, 0.0007204801782764223925, 0.001080720267414633697, 0.001440960356552844785 ),
 .UNSPECIFIED. ) ;
#6547 = EDGE_LOOP ( 'NONE', ( #3531, #8723, #875, #4144 ) ) ;
#6548 = ORIENTED_EDGE ( 'NONE', *, *, #4615, .T. ) ;
#6549 = CARTESIAN_POINT ( 'NONE',  ( -4.434146341463349295, 0.4494614985219389514, 0.000000000000000000 ) ) ;
#6550 = CARTESIAN_POINT ( 'NONE',  ( -8.923593531046487115, 1.816672739768748768, -5.421010862427522170E-17 ) ) ;
#6551 = CARTESIAN_POINT ( 'NONE',  ( 0.8516563563381877033, 0.7812411473737569390, -0.2000000000000000389 ) ) ;
#6552 = LINE ( 'NONE', #8662, #1358 ) ;
#6553 = CARTESIAN_POINT ( 'NONE',  ( -7.436784533329104718, 1.586441787580735063, -0.2000000000000000111 ) ) ;
#6554 = CARTESIAN_POINT ( 'NONE',  ( 0.9398192795238327069, 0.9239421215141241372, 0.000000000000000000 ) ) ;
#6555 = CARTESIAN_POINT ( 'NONE',  ( -4.434146341463349295, 4.184979791204865407, -0.2000000000000000389 ) ) ;
#6556 = EDGE_LOOP ( 'NONE', ( #4064, #4101, #7625, #7874 ) ) ;
#6557 = EDGE_CURVE ( 'NONE', #6, #1804, #4571, .T. ) ;
#6558 = CARTESIAN_POINT ( 'NONE',  ( -13.50000000000000533, -14.19999999999999929, -12.94999999999998863 ) ) ;
#6559 = ORIENTED_EDGE ( 'NONE', *, *, #4204, .F. ) ;
#6560 = CARTESIAN_POINT ( 'NONE',  ( -6.488879778044209345, 2.939531031935369576, -0.2000000000000000389 ) ) ;
#6561 = CARTESIAN_POINT ( 'NONE',  ( 11.99999999999999822, -13.20000000000000284, -14.69999999999998863 ) ) ;
#6562 = CARTESIAN_POINT ( 'NONE',  ( -5.872366918150901505, 3.514778257636546943, -0.1999999999999999833 ) ) ;
#6563 = CARTESIAN_POINT ( 'NONE',  ( -0.7095694172998046056, 1.309962214237720302, -0.2000000000000000111 ) ) ;
#6564 = CARTESIAN_POINT ( 'NONE',  ( -5.846685724451629262, 4.303544846453346118, -2.710505431213761085E-17 ) ) ;
#6565 = CARTESIAN_POINT ( 'NONE',  ( -5.348018292682861663, 3.605711498521939173, 0.000000000000000000 ) ) ;
#6566 = CARTESIAN_POINT ( 'NONE',  ( 6.879450486378557272, -1.849989268083281901, -0.2000000000000000111 ) ) ;
#6567 = ORIENTED_EDGE ( 'NONE', *, *, #2083, .T. ) ;
#6568 = ADVANCED_FACE ( 'NONE', ( #3898 ), #985, .T. ) ;
#6569 = ORIENTED_EDGE ( 'NONE', *, *, #5983, .F. ) ;
#6570 = ORIENTED_EDGE ( 'NONE', *, *, #3927, .T. ) ;
#6571 = FACE_OUTER_BOUND ( 'NONE', #2399, .T. ) ;
#6572 = DIRECTION ( 'NONE',  ( -1.000000000000000000, 0.000000000000000000, 0.000000000000000000 ) ) ;
#6573 = DIRECTION ( 'NONE',  ( -1.000000000000000000, -7.885106708985496922E-16, -0.000000000000000000 ) ) ;
#6574 = CARTESIAN_POINT ( 'NONE',  ( 1.907317073170796240, 3.732998083887792529, -0.2000000000000000111 ) ) ;
#6575 = DIRECTION ( 'NONE',  ( 0.000000000000000000, 1.000000000000000000, 0.000000000000000000 ) ) ;
#6576 = CARTESIAN_POINT ( 'NONE',  ( -1.065621460954923272, 4.032774935637630342, -0.2000000000000000944 ) ) ;
#6577 = EDGE_CURVE ( 'NONE', #8262, #2780, #3450, .T. ) ;
#6578 = VERTEX_POINT ( 'NONE', #8249 ) ;
#6579 = CARTESIAN_POINT ( 'NONE',  ( -0.2188176068839543797, 3.702435335660405169, -1.897353801849632760E-16 ) ) ;
#6580 = ORIENTED_EDGE ( 'NONE', *, *, #4220, .F. ) ;
#6581 = CARTESIAN_POINT ( 'NONE',  ( -8.505614675370360089, 0.6832072066844232516, -0.2000000000000000111 ) ) ;
#6582 = CARTESIAN_POINT ( 'NONE',  ( 0.5526433677531067401, 0.4662404942426882637, -0.1999999999999999556 ) ) ;
#6583 = DIRECTION ( 'NONE',  ( 0.000000000000000000, -1.000000000000000000, 0.000000000000000000 ) ) ;
#6584 = CARTESIAN_POINT ( 'NONE',  ( -11.20773671052623044, 1.060771382164628740, -0.1999999999999999278 ) ) ;
#6585 = CARTESIAN_POINT ( 'NONE',  ( -0.000000000000000000, -13.69999999999999929, 0.000000000000000000 ) ) ;
#6586 = DIRECTION ( 'NONE',  ( 0.000000000000000000, 0.000000000000000000, 1.000000000000000000 ) ) ;
#6587 = B_SPLINE_CURVE_WITH_KNOTS ( 'NONE', 3,
 ( #8743, #8156, #6755, #4741, #2603, #8113, #7305, #4068, #3354, #8783, #5458 ),
 .UNSPECIFIED., .F., .F.,
 ( 4, 1, 1, 1, 1, 1, 1, 1, 4 ),
 ( 0.000000000000000000, 0.1057145932496834639, 0.2162443715654720211, 0.3320845664999239055, 0.4527412241643050117, 0.5802240250487439299, 0.7135479652290485086, 0.8529378683857120613, 1.000000000000000000 ),
 .UNSPECIFIED. ) ;
#6588 = CARTESIAN_POINT ( 'NONE',  ( -0.7380934241277767871, 3.131094896273260098, -0.2000000000000000111 ) ) ;
#6589 = EDGE_CURVE ( 'NONE', #1630, #6692, #6173, .T. ) ;
#6590 = VERTEX_POINT ( 'NONE', #3410 ) ;
#6591 = ORIENTED_EDGE ( 'NONE', *, *, #2637, .T. ) ;
#6592 = CARTESIAN_POINT ( 'NONE',  ( 2.250997607103429665, 3.847502086415049316, -0.2000000000000000111 ) ) ;
#6593 = CARTESIAN_POINT ( 'NONE',  ( -9.114204594632152379, 1.211424157955395930, -5.421010862427522170E-17 ) ) ;
#6594 = PLANE ( 'NONE',  #6220 ) ;
#6595 = CARTESIAN_POINT ( 'NONE',  ( -4.543742086777925238, 1.156828111363683798, 0.000000000000000000 ) ) ;
#6596 = CARTESIAN_POINT ( 'NONE',  ( -6.536142879292138552, 0.4464403647917239426, -0.2000000000000000111 ) ) ;
#6597 = CARTESIAN_POINT ( 'NONE',  ( -5.395323056358876102, 3.604458188797093676, 0.000000000000000000 ) ) ;
#6598 = CARTESIAN_POINT ( 'NONE',  ( -5.358427937932918717, 4.336983147146935558, -0.2000000000000000389 ) ) ;
#6599 = EDGE_CURVE ( 'NONE', #5608, #7004, #1400, .T. ) ;
#6600 = ORIENTED_EDGE ( 'NONE', *, *, #3742, .F. ) ;
#6601 = CARTESIAN_POINT ( 'NONE',  ( -10.48292682926822827, 1.966991986326817043, -0.2000000000000000111 ) ) ;
#6602 = EDGE_LOOP ( 'NONE', ( #4362, #1690, #6063, #1972, #8031, #7743 ) ) ;
#6603 = CARTESIAN_POINT ( 'NONE',  ( 3.450000000000005063, 11.20133359925599059, -6.200000000000001954 ) ) ;
#6604 = PLANE ( 'NONE',  #1491 ) ;
#6605 = CARTESIAN_POINT ( 'NONE',  ( -6.092475882770434836, 3.398694402938128079, 2.710505431213761085E-17 ) ) ;
#6606 = DIRECTION ( 'NONE',  ( 0.000000000000000000, 0.000000000000000000, 1.000000000000000000 ) ) ;
#6607 = CARTESIAN_POINT ( 'NONE',  ( 2.073811518512610697, 3.047167381211298487, -2.710505431213761701E-17 ) ) ;
#6608 = CARTESIAN_POINT ( 'NONE',  ( -7.214331220220034702, 1.064524440280507189, -0.2000000000000000111 ) ) ;
#6609 = ORIENTED_EDGE ( 'NONE', *, *, #6262, .F. ) ;
#6610 = ORIENTED_EDGE ( 'NONE', *, *, #6625, .F. ) ;
#6611 = VERTEX_POINT ( 'NONE', #4122 ) ;
#6612 = CARTESIAN_POINT ( 'NONE',  ( 0.000000000000000000, 0.000000000000000000, 0.000000000000000000 ) ) ;
#6613 = LINE ( 'NONE', #6068, #8493 ) ;
#6614 = CYLINDRICAL_SURFACE ( 'NONE', #3502, 2.000000000000000000 ) ;
#6615 = CARTESIAN_POINT ( 'NONE',  ( -5.872366918150901505, 3.514778257636546943, -0.2000000000000000111 ) ) ;
#6616 = EDGE_CURVE ( 'NONE', #6590, #3282, #6851, .T. ) ;
#6617 = DIRECTION ( 'NONE',  ( -1.000000000000000000, 0.000000000000000000, 0.000000000000000000 ) ) ;
#6618 = CARTESIAN_POINT ( 'NONE',  ( -1.631652457068590190, 2.712508252674130649, -0.2000000000000000389 ) ) ;
#6619 = VERTEX_POINT ( 'NONE', #3486 ) ;
#6620 = CARTESIAN_POINT ( 'NONE',  ( -0.5809150692267629479, 3.497631737414145014, -0.2000000000000000111 ) ) ;
#6621 = VERTEX_POINT ( 'NONE', #6760 ) ;
#6622 = CARTESIAN_POINT ( 'NONE',  ( -8.323500753678422015, 0.9360442124809076336, -0.2000000000000000111 ) ) ;
#6623 = CARTESIAN_POINT ( 'NONE',  ( -0.1695609283115004640, 3.702342530996273862, -0.2000000000000000666 ) ) ;
#6624 = CARTESIAN_POINT ( 'NONE',  ( -7.429084229077001389, 2.859560875919307410, 0.000000000000000000 ) ) ;
#6625 = EDGE_CURVE ( 'NONE', #3631, #2105, #4745, .T. ) ;
#6626 = LINE ( 'NONE', #7264, #8814 ) ;
#6627 = CARTESIAN_POINT ( 'NONE',  ( 6.879450486378557272, 1.942992058381624698, -0.2000000000000000111 ) ) ;
#6628 = CARTESIAN_POINT ( 'NONE',  ( -1.653658536585301375, 2.224613937546329634, -0.2000000000000000111 ) ) ;
#6629 = DIRECTION ( 'NONE',  ( 0.000000000000000000, -0.000000000000000000, 1.000000000000000000 ) ) ;
#6630 = EDGE_LOOP ( 'NONE', ( #2012, #4889, #4725, #6660 ) ) ;
#6631 = ORIENTED_EDGE ( 'NONE', *, *, #3839, .T. ) ;
#6632 = CARTESIAN_POINT ( 'NONE',  ( -0.3791760633707307315, 0.9030590398192999135, 5.421010862427517240E-17 ) ) ;
#6633 = PLANE ( 'NONE',  #5772 ) ;
#6634 = CARTESIAN_POINT ( 'NONE',  ( -9.223628740046214247, 1.105367667589919778, -5.421010862427522170E-17 ) ) ;
#6635 = EDGE_CURVE ( 'NONE', #5709, #3273, #1068, .T. ) ;
#6636 = CARTESIAN_POINT ( 'NONE',  ( 0.8516563563381877033, 0.7812411473737569390, -2.710505431213761085E-17 ) ) ;
#6637 = DIRECTION ( 'NONE',  ( 0.000000000000000000, 0.000000000000000000, -1.000000000000000000 ) ) ;
#6638 = CARTESIAN_POINT ( 'NONE',  ( -7.379927826264498059, 1.401099888208406918, -0.2000000000000000111 ) ) ;
#6639 = CARTESIAN_POINT ( 'NONE',  ( 1.133922300079146295, 1.438509011335515453, 0.000000000000000000 ) ) ;
#6640 = CARTESIAN_POINT ( 'NONE',  ( -4.755504394257282108, 4.279096580841416753, -0.2000000000000000389 ) ) ;
#6641 = VECTOR ( 'NONE', #5683, 1000.000000000000000 ) ;
#6642 = VECTOR ( 'NONE', #5658, 1000.000000000000000 ) ;
#6643 = EDGE_LOOP ( 'NONE', ( #7432, #1789, #5750, #6855, #2522, #2810, #7696, #3532, #7471, #5337, #7595, #7268 ) ) ;
#6644 = LINE ( 'NONE', #7864, #805 ) ;
#6645 = ORIENTED_EDGE ( 'NONE', *, *, #8233, .F. ) ;
#6646 = AXIS2_PLACEMENT_3D ( 'NONE', #832, #3726, #6278 ) ;
#6647 = B_SPLINE_CURVE_WITH_KNOTS ( 'NONE', 3,
 ( #1784, #7782, #5892, #4515, #3086, #6477, #1072, #6574 ),
 .UNSPECIFIED., .F., .F.,
 ( 4, 2, 2, 4 ),
 ( 0.000000000000000000, 0.0003454810817554825053, 0.0006909621635109650106, 0.001381924327021928287 ),
 .UNSPECIFIED. ) ;
#6648 = VECTOR ( 'NONE', #2531, 1000.000000000000000 ) ;
#6649 = EDGE_CURVE ( 'NONE', #3168, #8143, #3360, .T. ) ;
#6650 = CARTESIAN_POINT ( 'NONE',  ( -5.435803497718445065, 3.603385685165758634, -0.2000000000000000666 ) ) ;
#6651 = FACE_OUTER_BOUND ( 'NONE', #317, .T. ) ;
#6652 = CARTESIAN_POINT ( 'NONE',  ( -9.522861742398561091, 0.2462073286781404913, -0.2000000000000000944 ) ) ;
#6653 = APPLICATION_CONTEXT ( 'configuration controlled 3d designs of mechanical parts and assemblies' ) ;
#6654 = CARTESIAN_POINT ( 'NONE',  ( -3.751219512195057337, 2.093516376570719206, -0.2000000000000000111 ) ) ;
#6655 = DIRECTION ( 'NONE',  ( -1.000000000000000000, 0.000000000000000000, 0.000000000000000000 ) ) ;
#6656 = CARTESIAN_POINT ( 'NONE',  ( -5.306071020507059366, 3.604996037120384411, -0.2000000000000000111 ) ) ;
#6657 = VECTOR ( 'NONE', #7134, 1000.000000000000000 ) ;
#6658 = AXIS2_PLACEMENT_3D ( 'NONE', #1010, #5876, #1105 ) ;
#6659 = ORIENTED_EDGE ( 'NONE', *, *, #7731, .T. ) ;
#6660 = ORIENTED_EDGE ( 'NONE', *, *, #1322, .T. ) ;
#6661 = CARTESIAN_POINT ( 'NONE',  ( -9.800000000000011369, 0.8500000000000347278, -1.000000000000000000 ) ) ;
#6662 = CARTESIAN_POINT ( 'NONE',  ( -0.6273221111811182471, 3.422787475092496035, 0.000000000000000000 ) ) ;
#6663 = DIRECTION ( 'NONE',  ( 0.000000000000000000, 1.000000000000000000, 0.000000000000000000 ) ) ;
#6664 = VECTOR ( 'NONE', #2744, 1000.000000000000000 ) ;
#6665 = CIRCLE ( 'NONE', #4224, 1.749999999999999778 ) ;
#6666 = LINE ( 'NONE', #624, #6962 ) ;
#6667 = DIRECTION ( 'NONE',  ( 1.000000000000000000, 0.000000000000000000, 0.000000000000000000 ) ) ;
#6668 = CARTESIAN_POINT ( 'NONE',  ( -9.165190260387808152, 1.153964883111322504, -0.2000000000000000111 ) ) ;
#6669 = VECTOR ( 'NONE', #4252, 1000.000000000000000 ) ;
#6670 = ORIENTED_EDGE ( 'NONE', *, *, #4037, .F. ) ;
#6671 = ADVANCED_FACE ( 'NONE', ( #2901 ), #5257, .T. ) ;
#6672 = CARTESIAN_POINT ( 'NONE',  ( -1.651086957030188929, 1.989313122368417952, 0.000000000000000000 ) ) ;
#6673 = ORIENTED_EDGE ( 'NONE', *, *, #6811, .F. ) ;
#6674 = CARTESIAN_POINT ( 'NONE',  ( -9.368796295572385802, 0.2654152763807768323, -2.710505431213761085E-17 ) ) ;
#6675 = CARTESIAN_POINT ( 'NONE',  ( 0.3137657622480861108, 3.146854898740370832, -0.2000000000000000666 ) ) ;
#6676 = CARTESIAN_POINT ( 'NONE',  ( -13.50000000000000178, 14.20133359925599414, -14.69999999999998863 ) ) ;
#6677 = CARTESIAN_POINT ( 'NONE',  ( -4.980369307077385344, 3.572921834517083894, -0.2000000000000000389 ) ) ;
#6678 = LINE ( 'NONE', #5820, #5765 ) ;
#6679 = VECTOR ( 'NONE', #3233, 1000.000000000000000 ) ;
#6680 = DIRECTION ( 'NONE',  ( 0.000000000000000000, -1.000000000000000000, 0.000000000000000000 ) ) ;
#6681 = LINE ( 'NONE', #513, #7539 ) ;
#6682 = EDGE_LOOP ( 'NONE', ( #1656, #3378, #7472, #8324 ) ) ;
#6683 = EDGE_CURVE ( 'NONE', #6809, #7735, #7115, .T. ) ;
#6684 = EDGE_LOOP ( 'NONE', ( #1939, #8510, #2794, #4419 ) ) ;
#6685 = AXIS2_PLACEMENT_3D ( 'NONE', #3871, #4545, #5348 ) ;
#6686 = DIRECTION ( 'NONE',  ( 1.000000000000000000, 0.000000000000000000, 0.000000000000000000 ) ) ;
#6687 = FACE_OUTER_BOUND ( 'NONE', #189, .T. ) ;
#6688 = CARTESIAN_POINT ( 'NONE',  ( 3.663414634146407334, 4.337418815595110111, -0.2000000000000000111 ) ) ;
#6689 = CARTESIAN_POINT ( 'NONE',  ( -5.271575515814032720, 0.9737373350679641160, 0.000000000000000000 ) ) ;
#6690 = CARTESIAN_POINT ( 'NONE',  ( -7.502542358611248297, 1.989741735138328416, -0.2000000000000000111 ) ) ;
#6691 = CARTESIAN_POINT ( 'NONE',  ( -5.751916760596876621, 3.556736974604682633, 0.000000000000000000 ) ) ;
#6692 = VERTEX_POINT ( 'NONE', #5674 ) ;
#6693 = EDGE_CURVE ( 'NONE', #6740, #3600, #2993, .T. ) ;
#6694 = CARTESIAN_POINT ( 'NONE',  ( -13.50000000000000533, -15.69999999999999929, -12.94999999999998863 ) ) ;
#6695 = ORIENTED_EDGE ( 'NONE', *, *, #2454, .T. ) ;
#6696 = CARTESIAN_POINT ( 'NONE',  ( 6.879450486378559049, -8.113779781068901187, 0.000000000000000000 ) ) ;
#6697 = CARTESIAN_POINT ( 'NONE',  ( -17.79999999999999361, 13.20133359925599414, -2.999999999999999112 ) ) ;
#6698 = CARTESIAN_POINT ( 'NONE',  ( -8.122973122967904303, 1.554258222744903550, -0.2000000000000000666 ) ) ;
#6699 = CARTESIAN_POINT ( 'NONE',  ( 1.223243178938615339, 2.236266007794919464, -0.2000000000000000111 ) ) ;
#6700 = CARTESIAN_POINT ( 'NONE',  ( -4.751456457513386411, 3.511628895562767916, 0.000000000000000000 ) ) ;
#6701 = ORIENTED_EDGE ( 'NONE', *, *, #868, .T. ) ;
#6702 = EDGE_CURVE ( 'NONE', #8696, #2534, #8417, .T. ) ;
#6703 = B_SPLINE_SURFACE_WITH_KNOTS ( 'NONE', 3, 1, ( 
 ( #1607, #2420 ),
 ( #1079, #7840 ),
 ( #415, #8600 ),
 ( #7161, #3712 ),
 ( #5052, #4471 ),
 ( #7118, #8421 ),
 ( #2284, #278 ),
 ( #5149, #2997 ),
 ( #7206, #3619 ),
 ( #1745, #896 ),
 ( #7066, #3752 ),
 ( #7884, #5011 ),
 ( #5760, #5679 ),
 ( #8463, #2324 ),
 ( #4429, #3039 ),
 ( #7788, #3803 ),
 ( #8558, #6484 ),
 ( #5104, #1031 ),
 ( #3091, #6347 ) ),
 .UNSPECIFIED., .F., .F., .F.,
 ( 4, 1, 1, 1, 1, 1, 1, 1, 1, 1, 1, 1, 1, 1, 1, 1, 4 ),
 ( 2, 2 ),
 ( 0.000000000000000000, 0.08311022735821120555, 0.1611907754937038639, 0.2345156046151663232, 0.3030169615586273402, 0.3678902001986006365, 0.4287271513354382613, 0.4868515287066076391, 0.5419926532651998530, 0.5963611225648126624, 0.6492916039675915574, 0.7028169015139772435, 0.7573757594059266074, 0.8132640202444082478, 0.8721892385927978442, 0.9342167350882158994, 1.000000000000000000 ),
 ( 0.000000000000000000, 1.000000000000000000 ),
 .UNSPECIFIED. ) ;
#6704 = EDGE_LOOP ( 'NONE', ( #2717, #6893, #4134, #3741 ) ) ;
#6705 = CARTESIAN_POINT ( 'NONE',  ( 3.663414634146407334, 0.2886383277902315192, 0.000000000000000000 ) ) ;
#6706 = LINE ( 'NONE', #2680, #4339 ) ;
#6707 = CARTESIAN_POINT ( 'NONE',  ( -9.154188465625628268, 1.163199599783603322, 5.421010862427522170E-17 ) ) ;
#6708 = CARTESIAN_POINT ( 'NONE',  ( 6.227808503120348504, -6.581476711740719132, 0.000000000000000000 ) ) ;
#6709 = CARTESIAN_POINT ( 'NONE',  ( 0.3951219512195770500, 2.286351742424377775, -0.2000000000000000111 ) ) ;
#6710 = CARTESIAN_POINT ( 'NONE',  ( 6.879450486378557272, 1.942992058381624698, 0.000000000000000000 ) ) ;
#6711 = ORIENTED_EDGE ( 'NONE', *, *, #1815, .F. ) ;
#6712 = CARTESIAN_POINT ( 'NONE',  ( -0.3411911683238025850, 3.682212967298378548, -0.2000000000000000111 ) ) ;
#6713 = ORIENTED_EDGE ( 'NONE', *, *, #4433, .F. ) ;
#6714 = DIRECTION ( 'NONE',  ( 1.000000000000000000, -0.000000000000000000, 0.000000000000000000 ) ) ;
#6715 = CARTESIAN_POINT ( 'NONE',  ( -0.05517267965801979368, 3.683112306505819777, -0.2000000000000000666 ) ) ;
#6716 = CARTESIAN_POINT ( 'NONE',  ( 3.140548780487870673, 4.337418815595110111, -0.2000000000000000111 ) ) ;
#6717 = CARTESIAN_POINT ( 'NONE',  ( -6.300141379158974431, 1.325361508627000529, 0.000000000000000000 ) ) ;
#6718 = CARTESIAN_POINT ( 'NONE',  ( 2.722755433379802970, 4.065551786606570239, -0.2000000000000000666 ) ) ;
#6719 = CARTESIAN_POINT ( 'NONE',  ( -0.2830373929064693983, 0.8768268608252626217, 0.000000000000000000 ) ) ;
#6720 = PLANE ( 'NONE',  #7248 ) ;
#6721 = ORIENTED_EDGE ( 'NONE', *, *, #4914, .T. ) ;
#6722 = ORIENTED_EDGE ( 'NONE', *, *, #4372, .T. ) ;
#6723 = CARTESIAN_POINT ( 'NONE',  ( -0.8243902439023734763, 2.245193205839012052, -5.421010862427522170E-17 ) ) ;
#6724 = CARTESIAN_POINT ( 'NONE',  ( 2.834146341463480212, 3.393059059497549157, 0.000000000000000000 ) ) ;
#6725 = DIRECTION ( 'NONE',  ( 0.000000000000000000, 0.000000000000000000, -1.000000000000000000 ) ) ;
#6726 = CARTESIAN_POINT ( 'NONE',  ( -4.434146341463350183, 1.215467596082914659, 2.710505431213761085E-17 ) ) ;
#6727 = EDGE_CURVE ( 'NONE', #3158, #602, #6808, .T. ) ;
#6728 = CARTESIAN_POINT ( 'NONE',  ( -6.543529618315411689, 2.806547661223617318, 0.000000000000000000 ) ) ;
#6729 = ADVANCED_FACE ( 'NONE', ( #856, #4967 ), #4201, .T. ) ;
#6730 = ORIENTED_EDGE ( 'NONE', *, *, #676, .T. ) ;
#6731 = CARTESIAN_POINT ( 'NONE',  ( 0.3951219512195770500, 2.286351742424377775, -0.2000000000000000111 ) ) ;
#6732 = ORIENTED_EDGE ( 'NONE', *, *, #338, .T. ) ;
#6733 = PLANE ( 'NONE',  #3104 ) ;
#6734 = CARTESIAN_POINT ( 'NONE',  ( -0.5289119179684225180, 3.561096858465949921, 2.710505431213761085E-17 ) ) ;
#6735 = CARTESIAN_POINT ( 'NONE',  ( -6.543529618315411689, 2.806547661223617318, 2.710505431213761085E-17 ) ) ;
#6736 = CARTESIAN_POINT ( 'NONE',  ( 1.203142486982355930, 1.852006401344536313, 0.000000000000000000 ) ) ;
#6737 = CARTESIAN_POINT ( 'NONE',  ( -7.649873333299993305, -13.69999999999999929, 0.000000000000000000 ) ) ;
#6738 = EDGE_CURVE ( 'NONE', #4493, #4818, #8823, .T. ) ;
#6739 = PERSON ( '未指定', '未指定', '未指定', ('未指定'), ('未指定'), ('未指定') ) ;
#6740 = VERTEX_POINT ( 'NONE', #5588 ) ;
#6741 = EDGE_LOOP ( 'NONE', ( #7981, #3166, #6031, #2618, #666, #5761, #4707, #6274 ) ) ;
#6742 = CARTESIAN_POINT ( 'NONE',  ( -5.481497517560738331, 4.335803569890088305, -0.2000000000000000111 ) ) ;
#6743 = B_SPLINE_CURVE_WITH_KNOTS ( 'NONE', 3,
 ( #6097, #6227, #2658, #646, #777, #5431, #2030, #4085, #3370, #114, #6899, #4673, #1281, #4752 ),
 .UNSPECIFIED., .F., .F.,
 ( 4, 2, 2, 2, 2, 2, 4 ),
 ( 0.000000000000000000, 0.0003494075785910062530, 0.0006988151571820125059, 0.0008735189464775156053, 0.001048222735773018813, 0.001222926525068521912, 0.001397630314364025012 ),
 .UNSPECIFIED. ) ;
#6744 = CARTESIAN_POINT ( 'NONE',  ( -9.868444741718885638, 0.2419875732469819463, -0.2000000000000000944 ) ) ;
#6745 = CARTESIAN_POINT ( 'NONE',  ( -9.115757761113730595, 1.207331172258699903, -2.710505431213762318E-17 ) ) ;
#6746 = CYLINDRICAL_SURFACE ( 'NONE', #8694, 0.8999999999999998002 ) ;
#6747 = B_SPLINE_CURVE_WITH_KNOTS ( 'NONE', 3,
 ( #2645, #1270, #7528, #7397, #5420, #6848, #557, #8114, #8157, #3944, #726 ),
 .UNSPECIFIED., .F., .F.,
 ( 4, 1, 1, 1, 1, 1, 1, 1, 4 ),
 ( 0.000000000000000000, 0.1330092017221976008, 0.2632414808529634498, 0.3907331143173737864, 0.5161618370489994279, 0.6393374629047401392, 0.7609803316414359697, 0.8809896931858357538, 1.000000000000000000 ),
 .UNSPECIFIED. ) ;
#6748 = EDGE_CURVE ( 'NONE', #5759, #4630, #2192, .T. ) ;
#6749 = CARTESIAN_POINT ( 'NONE',  ( 0.3398745332983227896, 3.030452397208966087, -0.2000000000000000111 ) ) ;
#6750 = DIRECTION ( 'NONE',  ( -0.000000000000000000, 0.000000000000000000, 1.000000000000000000 ) ) ;
#6751 = EDGE_LOOP ( 'NONE', ( #3656, #654, #4235, #8363, #3389, #807, #2781 ) ) ;
#6752 = CARTESIAN_POINT ( 'NONE',  ( -0.6690761301427395891, 3.336861683487781338, -1.897353801849632760E-16 ) ) ;
#6753 = ORIENTED_EDGE ( 'NONE', *, *, #3742, .T. ) ;
#6754 = CARTESIAN_POINT ( 'NONE',  ( -9.755030487804813077, 0.2398578399853534548, -2.710505431213761085E-17 ) ) ;
#6755 = CARTESIAN_POINT ( 'NONE',  ( -4.547189330470621904, 0.3982205331303919627, -0.2000000000000000111 ) ) ;
#6756 = LINE ( 'NONE', #5502, #2247 ) ;
#6757 = EDGE_CURVE ( 'NONE', #8578, #5497, #1741, .T. ) ;
#6758 = DIRECTION ( 'NONE',  ( 0.000000000000000000, 1.000000000000000000, 0.000000000000000000 ) ) ;
#6759 = LINE ( 'NONE', #1272, #1365 ) ;
#6760 = CARTESIAN_POINT ( 'NONE',  ( -6.629268292682862551, 2.265772474131694914, -0.2000000000000000111 ) ) ;
#6761 = CARTESIAN_POINT ( 'NONE',  ( -5.076501585535812211, 4.328474269916404715, -0.2000000000000000389 ) ) ;
#6762 = EDGE_LOOP ( 'NONE', ( #3935, #5707, #6451, #8162 ) ) ;
#6763 = ORIENTED_EDGE ( 'NONE', *, *, #8321, .T. ) ;
#6764 = CARTESIAN_POINT ( 'NONE',  ( -0.1605182926828624401, 4.337418815595110111, 0.000000000000000000 ) ) ;
#6765 = DIRECTION ( 'NONE',  ( 0.000000000000000000, -1.000000000000000000, 0.000000000000000000 ) ) ;
#6766 = LINE ( 'NONE', #645, #941 ) ;
#6767 = PLANE ( 'NONE',  #5920 ) ;
#6768 = CARTESIAN_POINT ( 'NONE',  ( 0.6857142043570166878, 4.054950014612479059, -8.131516293641283255E-17 ) ) ;
#6769 = CARTESIAN_POINT ( 'NONE',  ( -0.2382621951218869272, 0.2398578399853534826, -0.2000000000000000389 ) ) ;
#6770 = AXIS2_PLACEMENT_3D ( 'NONE', #3725, #6363, #2296 ) ;
#6771 = ORIENTED_EDGE ( 'NONE', *, *, #7777, .T. ) ;
#6772 = ORIENTED_EDGE ( 'NONE', *, *, #5737, .T. ) ;
#6773 = DIRECTION ( 'NONE',  ( -9.745637505487680998E-17, -1.000000000000000000, -0.000000000000000000 ) ) ;
#6774 = EDGE_CURVE ( 'NONE', #8422, #1356, #2554, .T. ) ;
#6775 = ORIENTED_EDGE ( 'NONE', *, *, #4828, .F. ) ;
#6776 = CARTESIAN_POINT ( 'NONE',  ( -0.2830373929064693983, 0.8768268608252626217, 0.000000000000000000 ) ) ;
#6777 = CARTESIAN_POINT ( 'NONE',  ( 3.663414634146407334, 0.2886383277902315192, -0.2000000000000000111 ) ) ;
#6778 = CARTESIAN_POINT ( 'NONE',  ( 0.4456964670883151181, 4.214215347304801185, -5.421010862427522170E-17 ) ) ;
#6779 = CARTESIAN_POINT ( 'NONE',  ( 0.6422549372148511626, 0.5424972335955238201, -0.2000000000000000111 ) ) ;
#6780 = FACE_OUTER_BOUND ( 'NONE', #741, .T. ) ;
#6781 = CARTESIAN_POINT ( 'NONE',  ( -6.698198961403784679, 0.5376033854506837573, 0.000000000000000000 ) ) ;
#6782 = VECTOR ( 'NONE', #5977, 1000.000000000000000 ) ;
#6783 = ORIENTED_EDGE ( 'NONE', *, *, #6100, .F. ) ;
#6784 = VECTOR ( 'NONE', #1174, 1000.000000000000000 ) ;
#6785 = VECTOR ( 'NONE', #1732, 1000.000000000000000 ) ;
#6786 = ADVANCED_FACE ( 'NONE', ( #2369 ), #3886, .T. ) ;
#6787 = ORIENTED_EDGE ( 'NONE', *, *, #6963, .F. ) ;
#6788 = PLANE ( 'NONE',  #2091 ) ;
#6789 = CARTESIAN_POINT ( 'NONE',  ( 0.3951219512195770500, 2.286351742424377775, -0.2000000000000000389 ) ) ;
#6790 = CARTESIAN_POINT ( 'NONE',  ( -4.471263784704892608, 0.4326366282556349807, 0.000000000000000000 ) ) ;
#6791 = DIRECTION ( 'NONE',  ( -0.000000000000000000, -0.000000000000000000, 1.000000000000000000 ) ) ;
#6792 = CIRCLE ( 'NONE', #4792, 0.8999999999999998002 ) ;
#6793 = CARTESIAN_POINT ( 'NONE',  ( 0.3870073716134367903, 2.615008198261032035, 0.000000000000000000 ) ) ;
#6794 = AXIS2_PLACEMENT_3D ( 'NONE', #3733, #5127, #4584 ) ;
#6795 = CARTESIAN_POINT ( 'NONE',  ( -8.947950181779715351, 1.606400620084494468, -0.2000000000000000111 ) ) ;
#6796 = VERTEX_POINT ( 'NONE', #7202 ) ;
#6797 = EDGE_LOOP ( 'NONE', ( #39, #2175 ) ) ;
#6798 = AXIS2_PLACEMENT_3D ( 'NONE', #2935, #8447, #6424 ) ;
#6799 = CARTESIAN_POINT ( 'NONE',  ( -4.985699872016160938, 0.2831530587954588229, -2.710505431213761085E-17 ) ) ;
#6800 = VECTOR ( 'NONE', #1257, 1000.000000000000000 ) ;
#6801 = CARTESIAN_POINT ( 'NONE',  ( 1.140400384935355671, 3.197032784547516382, 0.000000000000000000 ) ) ;
#6802 = CARTESIAN_POINT ( 'NONE',  ( -0.1932926829267649360, 3.703272474131695358, -0.2000000000000000666 ) ) ;
#6803 = CARTESIAN_POINT ( 'NONE',  ( -4.719899658381117469, 3.501017483082125903, 9.486769009248163798E-17 ) ) ;
#6804 = CARTESIAN_POINT ( 'NONE',  ( -5.792071978022358181, 1.019293011481714251, -0.2000000000000000111 ) ) ;
#6805 = DIRECTION ( 'NONE',  ( -1.000000000000000000, 6.484938541143236834E-16, 0.000000000000000000 ) ) ;
#6806 = CARTESIAN_POINT ( 'NONE',  ( -0.1605182926828624401, 4.337418815595110111, -2.710505431213761085E-17 ) ) ;
#6807 = CARTESIAN_POINT ( 'NONE',  ( -8.345925154207517238, 0.8937488374603129726, -1.084202172485504434E-16 ) ) ;
#6808 = CIRCLE ( 'NONE', #2815, 0.8999999999999998002 ) ;
#6809 = VERTEX_POINT ( 'NONE', #7975 ) ;
#6810 = ORIENTED_EDGE ( 'NONE', *, *, #6693, .T. ) ;
#6811 = EDGE_CURVE ( 'NONE', #4508, #2385, #6530, .T. ) ;
#6812 = CARTESIAN_POINT ( 'NONE',  ( -1.441833833014983801, 3.491672032928323510, 0.000000000000000000 ) ) ;
#6813 = CARTESIAN_POINT ( 'NONE',  ( -1.650469223978609401, 1.993595419793845913, -0.2000000000000000944 ) ) ;
#6814 = AXIS2_PLACEMENT_3D ( 'NONE', #1323, #4089, #648 ) ;
#6815 = CARTESIAN_POINT ( 'NONE',  ( 6.879450486378559049, -6.581476711740719132, -0.2000000000000000111 ) ) ;
#6816 = CARTESIAN_POINT ( 'NONE',  ( -5.017272537761087392, 1.004509028991982023, 0.000000000000000000 ) ) ;
#6817 = CARTESIAN_POINT ( 'NONE',  ( 14.65000000000000213, 15.70133359925599414, -14.69999999999998863 ) ) ;
#6818 = DIRECTION ( 'NONE',  ( 0.000000000000000000, 1.000000000000000000, 0.000000000000000000 ) ) ;
#6819 = VECTOR ( 'NONE', #2368, 1000.000000000000000 ) ;
#6820 = ORIENTED_EDGE ( 'NONE', *, *, #3529, .T. ) ;
#6821 = CARTESIAN_POINT ( 'NONE',  ( -4.508475610641111686, 1.175697529903517946, -0.1999999999999999833 ) ) ;
#6822 = LINE ( 'NONE', #6188, #2343 ) ;
#6823 = CARTESIAN_POINT ( 'NONE',  ( -0.7401918136406229198, 1.412166488874921910, 0.000000000000000000 ) ) ;
#6824 = DIRECTION ( 'NONE',  ( 1.000000000000000000, -1.396978394599540102E-16, 0.000000000000000000 ) ) ;
#6825 = LINE ( 'NONE', #5567, #8512 ) ;
#6826 = LOCAL_TIME ( 15, 27, 1.000000000000000000, #749 ) ;
#6827 = CARTESIAN_POINT ( 'NONE',  ( -0.8243902439023734763, 2.245193205839012052, -0.2000000000000000111 ) ) ;
#6828 = SHAPE_DEFINITION_REPRESENTATION ( #8323, #6417 ) ;
#6829 = DIRECTION ( 'NONE',  ( 0.000000000000000000, -1.000000000000000000, 0.000000000000000000 ) ) ;
#6830 = EDGE_CURVE ( 'NONE', #516, #3775, #2240, .T. ) ;
#6831 = ORIENTED_EDGE ( 'NONE', *, *, #877, .T. ) ;
#6832 = ORIENTED_EDGE ( 'NONE', *, *, #7966, .F. ) ;
#6833 = ORIENTED_EDGE ( 'NONE', *, *, #7555, .F. ) ;
#6834 = CARTESIAN_POINT ( 'NONE',  ( -13.50000000000000533, -14.19999999999999929, -14.69999999999998863 ) ) ;
#6835 = CARTESIAN_POINT ( 'NONE',  ( -0.8234427284489419518, 2.418043051161473223, 0.000000000000000000 ) ) ;
#6836 = DIRECTION ( 'NONE',  ( 0.000000000000000000, -1.000000000000000000, 0.000000000000000000 ) ) ;
#6837 = CARTESIAN_POINT ( 'NONE',  ( 3.663414634146407334, 4.337418815595110111, 0.000000000000000000 ) ) ;
#6838 = EDGE_CURVE ( 'NONE', #5497, #7035, #7298, .T. ) ;
#6839 = CARTESIAN_POINT ( 'NONE',  ( -0.05517267965801979368, 3.683112306505819777, -0.2000000000000000111 ) ) ;
#6840 = EDGE_CURVE ( 'NONE', #2506, #3974, #4560, .T. ) ;
#6841 = CARTESIAN_POINT ( 'NONE',  ( -9.028991890894692673, 1.346828451703560248, 0.000000000000000000 ) ) ;
#6842 = B_SPLINE_CURVE_WITH_KNOTS ( 'NONE', 3,
 ( #1377, #1333, #4182, #2716, #4098, #5482, #8222, #6781, #6911, #791, #2088, #4813, #2173, #3469, #4898, #7634, #4052, #1502, #836 ),
 .UNSPECIFIED., .F., .F.,
 ( 4, 1, 1, 1, 1, 1, 1, 1, 1, 1, 1, 1, 1, 1, 1, 1, 4 ),
 ( 0.000000000000000000, 0.06986013266362349483, 0.1364959834661450822, 0.2001691504350483486, 0.2619233220153758257, 0.3219237446767233002, 0.3811722557665622735, 0.4401955966640528906, 0.4997970133215735022, 0.5592908754538569172, 0.6184805321412675250, 0.6778214824994228671, 0.7380755659707819438, 0.7999160231279343058, 0.8637769852612463550, 0.9303837720956530388, 1.000000000000000000 ),
 .UNSPECIFIED. ) ;
#6843 = ORIENTED_EDGE ( 'NONE', *, *, #8500, .F. ) ;
#6844 = EDGE_LOOP ( 'NONE', ( #7441, #6267, #2996, #3507 ) ) ;
#6845 = CARTESIAN_POINT ( 'NONE',  ( -0.05434168086133543685, 3.682501908884649566, -6.776263578034400247E-17 ) ) ;
#6846 = CARTESIAN_POINT ( 'NONE',  ( -1.208822093480986792, 0.6187041736519125479, -0.2000000000000000111 ) ) ;
#6847 = DIRECTION ( 'NONE',  ( 0.000000000000000000, -1.000000000000000000, 0.000000000000000000 ) ) ;
#6848 = CARTESIAN_POINT ( 'NONE',  ( 2.571559879171558816, 3.986805932292392107, 0.000000000000000000 ) ) ;
#6849 = CARTESIAN_POINT ( 'NONE',  ( -6.548154050610231813, 1.740024081501859055, 0.000000000000000000 ) ) ;
#6850 = CARTESIAN_POINT ( 'NONE',  ( -9.696341463414569262, 0.9715651570585241981, -0.2000000000000000389 ) ) ;
#6851 = LINE ( 'NONE', #57, #6372 ) ;
#6852 = EDGE_CURVE ( 'NONE', #8098, #5654, #3932, .T. ) ;
#6853 = DIRECTION ( 'NONE',  ( -1.000000000000000000, -2.282530889443167515E-16, -0.000000000000000000 ) ) ;
#6854 = ORIENTED_EDGE ( 'NONE', *, *, #2958, .F. ) ;
#6855 = ORIENTED_EDGE ( 'NONE', *, *, #505, .T. ) ;
#6856 = CARTESIAN_POINT ( 'NONE',  ( -8.921951219512131104, 1.930406620473158474, -0.1000000000000000056 ) ) ;
#6857 = DIRECTION ( 'NONE',  ( -0.000000000000000000, 0.000000000000000000, -1.000000000000000000 ) ) ;
#6858 = CARTESIAN_POINT ( 'NONE',  ( 6.227808503120347616, 1.942992058381624698, -0.2000000000000000111 ) ) ;
#6859 = CARTESIAN_POINT ( 'NONE',  ( -4.657777741524378179, 1.107566443935680489, 0.000000000000000000 ) ) ;
#6860 = CARTESIAN_POINT ( 'NONE',  ( -1.172452808561761151, 3.922788550135658525, -0.2000000000000000111 ) ) ;
#6861 = B_SPLINE_CURVE_WITH_KNOTS ( 'NONE', 3,
 ( #2596, #1262, #4469, #2505, #2459, #7341, #5189, #7299, #6668, #7926, #4651, #7882, #1742, #550, #1077, #6481, #1788, #8693, #7977 ),
 .UNSPECIFIED., .F., .F.,
 ( 4, 1, 1, 1, 1, 1, 1, 1, 1, 1, 1, 1, 1, 1, 1, 1, 4 ),
 ( 0.000000000000000000, 0.06657847686310341961, 0.1293021316840002599, 0.1886100603470440840, 0.2459112170412034171, 0.3005790565383460455, 0.3541333153393238509, 0.4078702374008019160, 0.4618596827071257405, 0.5172504341208903345, 0.5746153650770740029, 0.6356897871403645039, 0.6998314304309878331, 0.7674106845094251783, 0.8401513874094964640, 0.9177635926966053459, 1.000000000000000000 ),
 .UNSPECIFIED. ) ;
#6862 = EDGE_CURVE ( 'NONE', #5688, #1020, #497, .T. ) ;
#6863 = CARTESIAN_POINT ( 'NONE',  ( -9.756841671226702317, 0.9729026318160530762, -2.710505431213761085E-17 ) ) ;
#6864 = ORIENTED_EDGE ( 'NONE', *, *, #7422, .F. ) ;
#6865 = CARTESIAN_POINT ( 'NONE',  ( -4.641877136151781436, 3.469839840442625611, -0.2000000000000000111 ) ) ;
#6866 = EDGE_LOOP ( 'NONE', ( #4184, #7917 ) ) ;
#6867 = CARTESIAN_POINT ( 'NONE',  ( -0.7095694172998046056, 1.309962214237720302, -0.2000000000000000111 ) ) ;
#6868 = CARTESIAN_POINT ( 'NONE',  ( 0.3951219512195770500, 2.286351742424377775, -0.2000000000000000389 ) ) ;
#6869 = CARTESIAN_POINT ( 'NONE',  ( 0.7898256761640016776, 3.951800448417381428, -5.421010862427522170E-17 ) ) ;
#6870 = CARTESIAN_POINT ( 'NONE',  ( -0.7657336898937426861, 1.525103295726003783, -8.131516293641283255E-17 ) ) ;
#6871 = CARTESIAN_POINT ( 'NONE',  ( -10.48292682926822827, 4.288638327790232019, 0.000000000000000000 ) ) ;
#6872 = EDGE_LOOP ( 'NONE', ( #5012, #5600, #5203, #208 ) ) ;
#6873 = ORIENTED_EDGE ( 'NONE', *, *, #2274, .T. ) ;
#6874 = ORIENTED_EDGE ( 'NONE', *, *, #2749, .T. ) ;
#6875 = CARTESIAN_POINT ( 'NONE',  ( 17.80000000000000426, -13.69999999999999929, 0.000000000000000000 ) ) ;
#6876 = DIRECTION ( 'NONE',  ( -1.000000000000000000, 0.000000000000000000, -0.000000000000000000 ) ) ;
#6877 = CARTESIAN_POINT ( 'NONE',  ( -4.535410242896399602, 3.420543611025968822, 0.000000000000000000 ) ) ;
#6878 = LINE ( 'NONE', #2764, #2252 ) ;
#6879 = CARTESIAN_POINT ( 'NONE',  ( 8.411753555706741992, -6.581476711740719132, -0.2000000000000000111 ) ) ;
#6880 = PLANE ( 'NONE',  #3816 ) ;
#6881 = ORIENTED_EDGE ( 'NONE', *, *, #1864, .T. ) ;
#6882 = ORIENTED_EDGE ( 'NONE', *, *, #5090, .F. ) ;
#6883 = CARTESIAN_POINT ( 'NONE',  ( 0.2334727889469547790, 3.387521747200898936, -2.710505431213761085E-17 ) ) ;
#6884 = EDGE_CURVE ( 'NONE', #2867, #1658, #3799, .T. ) ;
#6885 = EDGE_CURVE ( 'NONE', #4302, #132, #5991, .T. ) ;
#6886 = CARTESIAN_POINT ( 'NONE',  ( -12.79999999999993143, -6.450000000000003730, 0.000000000000000000 ) ) ;
#6887 = CARTESIAN_POINT ( 'NONE',  ( 0.3758616441350743909, 2.764519982414732624, -0.2000000000000000666 ) ) ;
#6888 = CARTESIAN_POINT ( 'NONE',  ( -1.653658536585301375, 2.224613937546329634, -1.084202172485504434E-16 ) ) ;
#6889 = CARTESIAN_POINT ( 'NONE',  ( -6.445179701449497145, 1.517856997204015901, 0.000000000000000000 ) ) ;
#6890 = FACE_OUTER_BOUND ( 'NONE', #8464, .T. ) ;
#6891 = CARTESIAN_POINT ( 'NONE',  ( -0.6723479479728662334, 1.218879291969328316, 0.000000000000000000 ) ) ;
#6892 = CARTESIAN_POINT ( 'NONE',  ( -8.122973122967904303, 1.554258222744903550, -6.776263578034394084E-17 ) ) ;
#6893 = ORIENTED_EDGE ( 'NONE', *, *, #7756, .T. ) ;
#6894 = EDGE_LOOP ( 'NONE', ( #95, #4334 ) ) ;
#6895 = FACE_OUTER_BOUND ( 'NONE', #7841, .T. ) ;
#6896 = EDGE_CURVE ( 'NONE', #107, #6796, #8597, .T. ) ;
#6897 = LINE ( 'NONE', #3584, #3217 ) ;
#6898 = DIRECTION ( 'NONE',  ( 1.000000000000000000, 0.000000000000000000, 0.000000000000000000 ) ) ;
#6899 = CARTESIAN_POINT ( 'NONE',  ( -9.462144240398957962, 0.9958251675309922613, -0.2000000000000000944 ) ) ;
#6900 = CARTESIAN_POINT ( 'NONE',  ( -1.653658536585301375, 2.224613937546329634, -0.2000000000000000111 ) ) ;
#6901 = CARTESIAN_POINT ( 'NONE',  ( -8.092682926829203538, 2.020345644863402068, -0.2000000000000000111 ) ) ;
#6902 = ORIENTED_EDGE ( 'NONE', *, *, #6896, .F. ) ;
#6903 = CARTESIAN_POINT ( 'NONE',  ( -8.092682926829203538, 2.020345644863402068, -0.2000000000000000111 ) ) ;
#6904 = EDGE_CURVE ( 'NONE', #3670, #6522, #3845, .T. ) ;
#6905 = ORIENTED_EDGE ( 'NONE', *, *, #5115, .F. ) ;
#6906 = CARTESIAN_POINT ( 'NONE',  ( 2.834146341463480212, 3.393059059497549157, -0.1999999999999999278 ) ) ;
#6907 = CARTESIAN_POINT ( 'NONE',  ( 6.879450486378559049, -8.113779781068901187, 1.734723475976807094E-15 ) ) ;
#6908 = DIRECTION ( 'NONE',  ( -2.168404344971008868E-16, 1.000000000000000000, 0.000000000000000000 ) ) ;
#6909 = CARTESIAN_POINT ( 'NONE',  ( 17.80000000000000426, 2.099999999999997424, 0.000000000000000000 ) ) ;
#6910 = APPROVAL_ROLE ( '' ) ;
#6911 = CARTESIAN_POINT ( 'NONE',  ( -6.847533852934026832, 0.6477779038800169920, 0.000000000000000000 ) ) ;
#6912 = VECTOR ( 'NONE', #302, 1000.000000000000000 ) ;
#6913 = ORIENTED_EDGE ( 'NONE', *, *, #6449, .F. ) ;
#6914 = B_SPLINE_CURVE_WITH_KNOTS ( 'NONE', 3,
 ( #7314, #8794, #518, #5339, #7443, #5964, #3284, #6812, #8752, #6006, #3998, #3239, #8076, #8711, #641, #21, #1941, #5298, #6764 ),
 .UNSPECIFIED., .F., .F.,
 ( 4, 1, 1, 1, 1, 1, 1, 1, 1, 1, 1, 1, 1, 1, 1, 1, 4 ),
 ( 0.000000000000000000, 0.08513432636281241528, 0.1655212252412776863, 0.2409412224589500828, 0.3121477852887429849, 0.3789666946501289990, 0.4424820662833265361, 0.5025439654913099741, 0.5603149126457820373, 0.6158803393158892581, 0.6696212549835646177, 0.7221967914224971530, 0.7746562384587474259, 0.8278721046299818420, 0.8826807856837920463, 0.9398090994201990789, 1.000000000000000000 ),
 .UNSPECIFIED. ) ;
#6915 = VERTEX_POINT ( 'NONE', #5893 ) ;
#6916 = CARTESIAN_POINT ( 'NONE',  ( -13.50000000000000533, -13.19999999999999929, -14.69999999999998863 ) ) ;
#6917 = ADVANCED_FACE ( 'NONE', ( #3087 ), #1028, .F. ) ;
#6918 = EDGE_LOOP ( 'NONE', ( #2045, #7598, #8322, #8173 ) ) ;
#6919 = CARTESIAN_POINT ( 'NONE',  ( 6.227808503120348504, -8.113779781068901187, 5.332894443888950065 ) ) ;
#6920 = VECTOR ( 'NONE', #5301, 1000.000000000000000 ) ;
#6921 = CARTESIAN_POINT ( 'NONE',  ( -0.1186194048720040223, 0.2431135744487676054, 1.355252715606880851E-17 ) ) ;
#6922 = CARTESIAN_POINT ( 'NONE',  ( -10.63465108180216490, 0.4200769223982394607, 5.421010862427523403E-17 ) ) ;
#6923 = CARTESIAN_POINT ( 'NONE',  ( -11.36097560975603216, 4.288638327790232019, -0.2000000000000000111 ) ) ;
#6924 = CARTESIAN_POINT ( 'NONE',  ( 0.1190366581657901351, 3.564527628796186676, 0.000000000000000000 ) ) ;
#6925 = AXIS2_PLACEMENT_3D ( 'NONE', #1185, #7866, #3067 ) ;
#6926 = VECTOR ( 'NONE', #4611, 1000.000000000000000 ) ;
#6927 = VERTEX_POINT ( 'NONE', #4601 ) ;
#6928 = VERTEX_POINT ( 'NONE', #7339 ) ;
#6929 = CARTESIAN_POINT ( 'NONE',  ( -10.45637994903715295, 0.3445052710755269199, -0.2000000000000000111 ) ) ;
#6930 = LINE ( 'NONE', #4197, #3487 ) ;
#6931 = CARTESIAN_POINT ( 'NONE',  ( -6.600878632221032660, 1.931025144108395875, 5.421010862427511077E-17 ) ) ;
#6932 = AXIS2_PLACEMENT_3D ( 'NONE', #4318, #2269, #2402 ) ;
#6933 = VECTOR ( 'NONE', #4570, 1000.000000000000000 ) ;
#6934 = CARTESIAN_POINT ( 'NONE',  ( -1.458524561661479257, 1.017208753837950619, -0.2000000000000000111 ) ) ;
#6935 = B_SPLINE_CURVE_WITH_KNOTS ( 'NONE', 3,
 ( #7746, #7027, #5762, #3041, #8511, #7163, #1033, #367, #3092, #3138, #5856, #234, #944, #366, #5855, #4333, #3669, #2461, #5812 ),
 .UNSPECIFIED., .F., .F.,
 ( 4, 1, 1, 1, 1, 1, 1, 1, 1, 1, 1, 1, 1, 1, 1, 1, 4 ),
 ( 0.000000000000000000, 0.06657847686310341961, 0.1293021316840002599, 0.1886100603470440840, 0.2459112170412034171, 0.3005790565383460455, 0.3541333153393238509, 0.4078702374008019160, 0.4618596827071257405, 0.5172504341208903345, 0.5746153650770740029, 0.6356897871403645039, 0.6998314304309878331, 0.7674106845094251783, 0.8401513874094964640, 0.9177635926966053459, 1.000000000000000000 ),
 .UNSPECIFIED. ) ;
#6936 = DIRECTION ( 'NONE',  ( -0.000000000000000000, -0.000000000000000000, 1.000000000000000000 ) ) ;
#6937 = DIRECTION ( 'NONE',  ( -0.000000000000000000, 1.000000000000000000, -0.000000000000000000 ) ) ;
#6938 = CARTESIAN_POINT ( 'NONE',  ( 0.2815095500749162927, 1.323245161001071146, 0.000000000000000000 ) ) ;
#6939 = EDGE_CURVE ( 'NONE', #3563, #2986, #4519, .T. ) ;
#6940 = VECTOR ( 'NONE', #4402, 1000.000000000000000 ) ;
#6941 = AXIS2_PLACEMENT_3D ( 'NONE', #4542, #1194, #3827 ) ;
#6942 = ORIENTED_EDGE ( 'NONE', *, *, #6997, .T. ) ;
#6943 = ORIENTED_EDGE ( 'NONE', *, *, #2749, .F. ) ;
#6944 = CARTESIAN_POINT ( 'NONE',  ( -0.5254933214636768879, 3.568317711502588363, -0.1999999999999999833 ) ) ;
#6945 = CARTESIAN_POINT ( 'NONE',  ( 0.6100032601146990752, 4.119691944631947322, -0.2000000000000000666 ) ) ;
#6946 = DESIGN_CONTEXT ( 'detailed design', #3112, 'design' ) ;
#6947 = CARTESIAN_POINT ( 'NONE',  ( -8.921951219512131104, 1.930406620473158474, 0.000000000000000000 ) ) ;
#6948 = CARTESIAN_POINT ( 'NONE',  ( 11.99999999999999822, -14.20000000000000995, -14.69999999999998863 ) ) ;
#6949 = VECTOR ( 'NONE', #455, 1000.000000000000000 ) ;
#6950 = CARTESIAN_POINT ( 'NONE',  ( -0.2192978062811534179, 4.335882492640855901, -0.2000000000000000111 ) ) ;
#6951 = CARTESIAN_POINT ( 'NONE',  ( 12.89999999999999858, -14.19999999999999929, -14.69999999999998863 ) ) ;
#6952 = EDGE_CURVE ( 'NONE', #3519, #3880, #8554, .T. ) ;
#6953 = VERTEX_POINT ( 'NONE', #47 ) ;
#6954 = AXIS2_PLACEMENT_3D ( 'NONE', #7615, #3412, #5380 ) ;
#6955 = CARTESIAN_POINT ( 'NONE',  ( -10.29863990287660513, 0.2974561598605633961, -0.2000000000000000111 ) ) ;
#6956 = CARTESIAN_POINT ( 'NONE',  ( 1.193420730711171274, 2.893632148063125964, 1.355252715606880543E-17 ) ) ;
#6957 = CARTESIAN_POINT ( 'NONE',  ( 17.80000000000000071, 15.70133359925599059, -16.50000000000000000 ) ) ;
#6958 = PLANE ( 'NONE',  #2351 ) ;
#6959 = CARTESIAN_POINT ( 'NONE',  ( 3.140548780487870673, 4.337418815595110111, 0.000000000000000000 ) ) ;
#6960 = CARTESIAN_POINT ( 'NONE',  ( -0.8240783704643577234, 2.189794896137515323, -0.2000000000000000111 ) ) ;
#6961 = CARTESIAN_POINT ( 'NONE',  ( 2.697775155109327638, 3.294049677730220171, -6.776263578034407643E-17 ) ) ;
#6962 = VECTOR ( 'NONE', #4019, 1000.000000000000000 ) ;
#6963 = EDGE_CURVE ( 'NONE', #7875, #4302, #1920, .T. ) ;
#6964 = B_SPLINE_SURFACE_WITH_KNOTS ( 'NONE', 3, 1, ( 
 ( #1880, #4602 ),
 ( #3934, #8827 ),
 ( #1343, #7519 ),
 ( #2053, #4776 ),
 ( #3309, #3347 ),
 ( #626, #4061 ),
 ( #5453, #6124 ),
 ( #3400, #5 ),
 ( #6074, #8191 ),
 ( #8107, #1389 ),
 ( #1969, #4111 ),
 ( #2725, #6841 ),
 ( #4693, #5411 ),
 ( #1301, #4825 ),
 ( #6795, #7429 ),
 ( #4022, #3439 ),
 ( #675, #48 ),
 ( #2685, #720 ),
 ( #2767, #6163 ) ),
 .UNSPECIFIED., .F., .F., .F.,
 ( 4, 1, 1, 1, 1, 1, 1, 1, 1, 1, 1, 1, 1, 1, 1, 1, 4 ),
 ( 2, 2 ),
 ( 0.000000000000000000, 0.06657847686310341961, 0.1293021316840002599, 0.1886100603470440840, 0.2459112170412034171, 0.3005790565383460455, 0.3541333153393238509, 0.4078702374008019160, 0.4618596827071257405, 0.5172504341208903345, 0.5746153650770740029, 0.6356897871403645039, 0.6998314304309878331, 0.7674106845094251783, 0.8401513874094964640, 0.9177635926966053459, 1.000000000000000000 ),
 ( 0.000000000000000000, 1.000000000000000000 ),
 .UNSPECIFIED. ) ;
#6965 = VERTEX_POINT ( 'NONE', #7428 ) ;
#6966 = B_SPLINE_CURVE_WITH_KNOTS ( 'NONE', 3,
 ( #4549, #3121, #8628, #1155, #2984, #3025, #1637, #7147, #7870, #3783, #2490, #8492, #5037, #2355, #5223, #5840, #7772, #8543 ),
 .UNSPECIFIED., .F., .F.,
 ( 4, 2, 2, 2, 2, 2, 2, 2, 4 ),
 ( 0.000000000000000000, 0.0001807785498863261260, 0.0003615570997726522519, 0.0007231141995453041786, 0.001084671299317955997, 0.001446228399090607056, 0.002169342598635909392, 0.002530899698408561101, 0.002892456798181212378 ),
 .UNSPECIFIED. ) ;
#6967 = DIRECTION ( 'NONE',  ( 1.000000000000000000, 0.000000000000000000, 0.000000000000000000 ) ) ;
#6968 = ORIENTED_EDGE ( 'NONE', *, *, #3664, .T. ) ;
#6969 = SECURITY_CLASSIFICATION ( '', '', #36 ) ;
#6970 = FACE_OUTER_BOUND ( 'NONE', #4193, .T. ) ;
#6971 = CARTESIAN_POINT ( 'NONE',  ( -0.06969597780123637509, 0.8937337793095951888, -0.1999999999999999833 ) ) ;
#6972 = CARTESIAN_POINT ( 'NONE',  ( -11.35932914069615052, 1.860908745499907369, -2.031254238220912266E-32 ) ) ;
#6973 = DIRECTION ( 'NONE',  ( -0.000000000000000000, 0.000000000000000000, 1.000000000000000000 ) ) ;
#6974 = CARTESIAN_POINT ( 'NONE',  ( -4.434146341463349295, 0.4494614985219388403, -0.2000000000000000111 ) ) ;
#6975 = ADVANCED_FACE ( 'NONE', ( #4151 ), #4692, .T. ) ;
#6976 = ORIENTED_EDGE ( 'NONE', *, *, #4481, .F. ) ;
#6977 = ORIENTED_EDGE ( 'NONE', *, *, #6577, .T. ) ;
#6978 = FACE_OUTER_BOUND ( 'NONE', #6147, .T. ) ;
#6979 = DIRECTION ( 'NONE',  ( -0.000000000000000000, -0.000000000000000000, 1.000000000000000000 ) ) ;
#6980 = CARTESIAN_POINT ( 'NONE',  ( -5.814270702238535371, 1.025061801104803161, 1.355252715606876383E-17 ) ) ;
#6981 = CARTESIAN_POINT ( 'NONE',  ( -0.9860468358684802981, 0.4306310989612089912, -1.084202172485504434E-16 ) ) ;
#6982 = PLANE ( 'NONE',  #1938 ) ;
#6983 = DIRECTION ( 'NONE',  ( 0.000000000000000000, 0.000000000000000000, -1.000000000000000000 ) ) ;
#6984 = EDGE_CURVE ( 'NONE', #1275, #5161, #7517, .T. ) ;
#6985 = CARTESIAN_POINT ( 'NONE',  ( -5.754721246691604897, 4.316002362917333635, -6.776263578034402713E-17 ) ) ;
#6986 = ORIENTED_EDGE ( 'NONE', *, *, #3036, .T. ) ;
#6987 = EDGE_LOOP ( 'NONE', ( #7452, #4114, #118, #4441 ) ) ;
#6988 = DIRECTION ( 'NONE',  ( -1.000000000000000000, 0.000000000000000000, 0.000000000000000000 ) ) ;
#6989 = CARTESIAN_POINT ( 'NONE',  ( -10.48292682926822827, 4.288638327790232019, 0.000000000000000000 ) ) ;
#6990 = CARTESIAN_POINT ( 'NONE',  ( -10.12834209370794980, 0.2645129558605973652, -0.1999999999999999278 ) ) ;
#6991 = CARTESIAN_POINT ( 'NONE',  ( -5.402134146341398768, 0.9715651570585241981, -0.2000000000000000111 ) ) ;
#6992 = CARTESIAN_POINT ( 'NONE',  ( -0.3545993288639877616, 0.2424884788369608135, 5.421010862427528333E-17 ) ) ;
#6993 = PLANE ( 'NONE',  #1670 ) ;
#6994 = ORIENTED_EDGE ( 'NONE', *, *, #1975, .T. ) ;
#6995 = PLANE ( 'NONE',  #5934 ) ;
#6996 = DIRECTION ( 'NONE',  ( -1.000000000000000000, 0.000000000000000000, 0.000000000000000000 ) ) ;
#6997 = EDGE_CURVE ( 'NONE', #6361, #4043, #625, .T. ) ;
#6998 = EDGE_CURVE ( 'NONE', #1202, #1403, #2634, .T. ) ;
#6999 = CARTESIAN_POINT ( 'NONE',  ( 9.700000000000004619, -11.20000000000000462, -1.000000000000000000 ) ) ;
#7000 = CARTESIAN_POINT ( 'NONE',  ( -5.368335235198252953, 0.2423952165410468151, -6.776263578034403945E-17 ) ) ;
#7001 = CARTESIAN_POINT ( 'NONE',  ( -10.48238978939407851, 1.926829018557159490, -0.2000000000000000111 ) ) ;
#7002 = CARTESIAN_POINT ( 'NONE',  ( -0.2092987804877405322, 0.8740041814487681249, -0.2000000000000000111 ) ) ;
#7003 = CARTESIAN_POINT ( 'NONE',  ( 2.276174441269497528, 3.104551862881821389, -5.421010862427522170E-17 ) ) ;
#7004 = VERTEX_POINT ( 'NONE', #2765 ) ;
#7005 = DIRECTION ( 'NONE',  ( -0.000000000000000000, 0.000000000000000000, 1.000000000000000000 ) ) ;
#7006 = ORIENTED_EDGE ( 'NONE', *, *, #1192, .T. ) ;
#7007 = DIRECTION ( 'NONE',  ( 0.000000000000000000, -0.000000000000000000, -1.000000000000000000 ) ) ;
#7008 = EDGE_CURVE ( 'NONE', #1403, #8496, #4, .T. ) ;
#7009 = LINE ( 'NONE', #211, #642 ) ;
#7010 = CARTESIAN_POINT ( 'NONE',  ( -10.20499634810044931, 0.2771131939197901684, -6.776263578034401480E-17 ) ) ;
#7011 = CARTESIAN_POINT ( 'NONE',  ( -5.697135306295905366, 3.571140420572118668, -2.710505431213761085E-17 ) ) ;
#7012 = CARTESIAN_POINT ( 'NONE',  ( -4.522167534493343410, 0.4095625985956258264, -0.2000000000000000666 ) ) ;
#7013 = ORIENTED_EDGE ( 'NONE', *, *, #5202, .F. ) ;
#7014 = VERTEX_POINT ( 'NONE', #2010 ) ;
#7015 = CARTESIAN_POINT ( 'NONE',  ( -10.47196491140550556, 1.735943860188783772, -2.710505431213761085E-17 ) ) ;
#7016 = EDGE_CURVE ( 'NONE', #2263, #1504, #1342, .T. ) ;
#7017 = CARTESIAN_POINT ( 'NONE',  ( -9.790282824204604495, 12.60052523055713181, 0.000000000000000000 ) ) ;
#7018 = CARTESIAN_POINT ( 'NONE',  ( -2.239024390243838258, 1.508150522912182989, 0.000000000000000000 ) ) ;
#7019 = CARTESIAN_POINT ( 'NONE',  ( -1.103374805958261096, 0.5163547833102929419, -0.2000000000000000111 ) ) ;
#7020 = CARTESIAN_POINT ( 'NONE',  ( -6.548154050610231813, 1.740024081501859055, -0.2000000000000000389 ) ) ;
#7021 = CARTESIAN_POINT ( 'NONE',  ( 0.1678554767429611683, 3.503199542742950090, -0.2000000000000000111 ) ) ;
#7022 = CARTESIAN_POINT ( 'NONE',  ( -5.685663965854269364, 4.324570003180856936, -6.776263578034402713E-17 ) ) ;
#7023 = ORIENTED_EDGE ( 'NONE', *, *, #7918, .F. ) ;
#7024 = B_SPLINE_CURVE_WITH_KNOTS ( 'NONE', 3,
 ( #5632, #3495, #3544, #8205, #7706, #4256, #6944, #3622, #4926, #190, #2783, #6351, #6268, #3454 ),
 .UNSPECIFIED., .F., .F.,
 ( 4, 2, 2, 2, 2, 2, 4 ),
 ( 0.000000000000000000, 0.0001094237473246048814, 0.0002188474946492097628, 0.0004376949892984195256, 0.0006565424839476293427, 0.0008753899785968390513, 0.001750779957193677669 ),
 .UNSPECIFIED. ) ;
#7026 = ORIENTED_EDGE ( 'NONE', *, *, #1921, .F. ) ;
#7025 = CARTESIAN_POINT ( 'NONE',  ( -0.8574656964166389450, 0.3608892397684140829, 0.000000000000000000 ) ) ;
#7027 = CARTESIAN_POINT ( 'NONE',  ( -9.665048511964871025, 0.9722247071336324042, -0.000000000000000000 ) ) ;
#7028 = DIRECTION ( 'NONE',  ( 0.000000000000000000, -1.000000000000000000, 0.000000000000000000 ) ) ;
#7029 = EDGE_CURVE ( 'NONE', #7576, #1181, #7468, .T. ) ;
#7030 = CARTESIAN_POINT ( 'NONE',  ( -8.323500753678422015, 0.9360442124809076336, 0.000000000000000000 ) ) ;
#7031 = LINE ( 'NONE', #1613, #4513 ) ;
#7032 = CARTESIAN_POINT ( 'NONE',  ( -5.348018292682861663, 3.605711498521939173, 0.000000000000000000 ) ) ;
#7033 = CARTESIAN_POINT ( 'NONE',  ( -0.2955185702888994959, 0.2411470730922987971, -0.2000000000000000111 ) ) ;
#7034 = CARTESIAN_POINT ( 'NONE',  ( -4.547189330470621904, 0.3982205331303919627, -0.2000000000000000111 ) ) ;
#7035 = VERTEX_POINT ( 'NONE', #6879 ) ;
#7036 = CARTESIAN_POINT ( 'NONE',  ( -11.36097560975603216, 1.973851742424377997, -0.2000000000000000111 ) ) ;
#7037 = CARTESIAN_POINT ( 'NONE',  ( -6.455385365562482214, 0.4063197205636567277, -0.2000000000000000944 ) ) ;
#7038 = CARTESIAN_POINT ( 'NONE',  ( 0.1103654158743805624, 1.006971848564165883, 1.355252715606879002E-17 ) ) ;
#7039 = CARTESIAN_POINT ( 'NONE',  ( 1.205582179028375611, 2.785703454749715924, -0.2000000000000000111 ) ) ;
#7040 = CARTESIAN_POINT ( 'NONE',  ( -2.239024390243838258, 1.508150522912182767, 0.000000000000000000 ) ) ;
#7041 = PLANE ( 'NONE',  #5653 ) ;
#7042 = CARTESIAN_POINT ( 'NONE',  ( 2.276174441269497528, 3.104551862881821389, -0.2000000000000000666 ) ) ;
#7043 = ORIENTED_EDGE ( 'NONE', *, *, #736, .F. ) ;
#7044 = EDGE_CURVE ( 'NONE', #2451, #4322, #7904, .T. ) ;
#7045 = LINE ( 'NONE', #1629, #7078 ) ;
#7046 = VERTEX_POINT ( 'NONE', #1428 ) ;
#7047 = CARTESIAN_POINT ( 'NONE',  ( 3.450000000000004174, -6.200000000000001066, 0.000000000000000000 ) ) ;
#7048 = CARTESIAN_POINT ( 'NONE',  ( -1.602399416618244476, 2.923672202434309142, -0.2000000000000000666 ) ) ;
#7049 = CARTESIAN_POINT ( 'NONE',  ( 3.663414634146407334, 0.2886383277902315192, 0.000000000000000000 ) ) ;
#7050 = CARTESIAN_POINT ( 'NONE',  ( -7.649873333299992417, -11.69999999999999929, -6.200000000000001066 ) ) ;
#7051 = DIRECTION ( 'NONE',  ( -1.000000000000000000, 3.469446951953611033E-15, 0.000000000000000000 ) ) ;
#7052 = CARTESIAN_POINT ( 'NONE',  ( 0.007983465163030186926, 3.655131734216722883, 0.000000000000000000 ) ) ;
#7053 = ORIENTED_EDGE ( 'NONE', *, *, #4492, .T. ) ;
#7054 = EDGE_CURVE ( 'NONE', #7355, #4860, #691, .T. ) ;
#7055 = EDGE_LOOP ( 'NONE', ( #4408, #7119, #4530, #5738 ) ) ;
#7056 = ORIENTED_EDGE ( 'NONE', *, *, #122, .T. ) ;
#7057 = CARTESIAN_POINT ( 'NONE',  ( -10.33398380117879611, 1.286833814075234006, -2.710505431213761085E-17 ) ) ;
#7058 = DIRECTION ( 'NONE',  ( 1.000000000000000000, 3.154042683594195121E-16, 0.000000000000000000 ) ) ;
#7059 = CARTESIAN_POINT ( 'NONE',  ( -6.249718622710905613, 1.273712563581193447, -0.2000000000000000944 ) ) ;
#7060 = CARTESIAN_POINT ( 'NONE',  ( 2.127672177194269931, 3.799722507910384017, -1.084202172485504434E-16 ) ) ;
#7061 = CIRCLE ( 'NONE', #918, 0.8999999999999998002 ) ;
#7062 = CARTESIAN_POINT ( 'NONE',  ( 0.3758616441350743909, 2.764519982414732624, 0.000000000000000000 ) ) ;
#7063 = VECTOR ( 'NONE', #156, 1000.000000000000000 ) ;
#7064 = DIRECTION ( 'NONE',  ( 0.000000000000000000, -0.000000000000000000, 1.000000000000000000 ) ) ;
#7065 = ORIENTED_EDGE ( 'NONE', *, *, #8745, .T. ) ;
#7067 = ORIENTED_EDGE ( 'NONE', *, *, #4168, .F. ) ;
#7066 = CARTESIAN_POINT ( 'NONE',  ( -10.23529808402058272, 1.161477309912591238, -0.2000000000000000111 ) ) ;
#7068 = CARTESIAN_POINT ( 'NONE',  ( -0.6133150797107629337, 3.452047326880129496, 1.355252715606883316E-17 ) ) ;
#7069 = VECTOR ( 'NONE', #6376, 1000.000000000000000 ) ;
#7070 = CARTESIAN_POINT ( 'NONE',  ( 0.2815095500749162927, 1.323245161001071146, -2.710505431213761085E-17 ) ) ;
#7071 = CIRCLE ( 'NONE', #5633, 2.000000000000000000 ) ;
#7072 = CARTESIAN_POINT ( 'NONE',  ( -8.616594354346842621, 0.5777645614044693012, 0.000000000000000000 ) ) ;
#7073 = CARTESIAN_POINT ( 'NONE',  ( -0.2439257708725754703, 0.8753296863426534014, -0.2000000000000000111 ) ) ;
#7074 = DIRECTION ( 'NONE',  ( 1.000000000000000000, 0.000000000000000000, 0.000000000000000000 ) ) ;
#7075 = DIRECTION ( 'NONE',  ( -1.000000000000000000, 0.000000000000000000, 0.000000000000000000 ) ) ;
#7076 = CARTESIAN_POINT ( 'NONE',  ( -5.232860790624664027, 0.2513994259592707836, -2.710505431213761085E-17 ) ) ;
#7077 = VECTOR ( 'NONE', #5838, 1000.000000000000000 ) ;
#7078 = VECTOR ( 'NONE', #840, 1000.000000000000000 ) ;
#7079 = B_SPLINE_CURVE_WITH_KNOTS ( 'NONE', 3,
 ( #4427, #857, #5716, #7022, #6985, #8460, #3666, #4383, #7116, #6436, #1525, #7157, #2865, #230, #4253, #3579, #6302, #4968, #1565, #2951 ),
 .UNSPECIFIED., .F., .F.,
 ( 4, 2, 2, 2, 2, 2, 2, 2, 2, 4 ),
 ( 0.000000000000000000, 0.0002086090601199199824, 0.0004172181202398399648, 0.0008344362404796799295, 0.001251654360719519840, 0.001668872480959359859, 0.002086090601199199878, 0.002503308721439039680, 0.002920526841678879916, 0.003337744961918719718 ),
 .UNSPECIFIED. ) ;
#7080 = EDGE_CURVE ( 'NONE', #6461, #7875, #1638, .T. ) ;
#7081 = ORIENTED_EDGE ( 'NONE', *, *, #5615, .T. ) ;
#7082 = ORIENTED_EDGE ( 'NONE', *, *, #8779, .T. ) ;
#7083 = CARTESIAN_POINT ( 'NONE',  ( 2.081935803556683506, 3.785873347477390016, 0.000000000000000000 ) ) ;
#7084 = CARTESIAN_POINT ( 'NONE',  ( -8.092682926829203538, 4.288638327790232019, -0.2000000000000000111 ) ) ;
#7085 = VECTOR ( 'NONE', #4366, 1000.000000000000000 ) ;
#7086 = VECTOR ( 'NONE', #1337, 1000.000000000000000 ) ;
#7087 = CARTESIAN_POINT ( 'NONE',  ( 0.2989581311003979280, 1.381904348125333915, -2.710505431213761085E-17 ) ) ;
#7088 = CARTESIAN_POINT ( 'NONE',  ( 0.6857142043570166878, 4.054950014612479059, -0.2000000000000000111 ) ) ;
#7089 = DIRECTION ( 'NONE',  ( 0.000000000000000000, -1.000000000000000000, 0.000000000000000000 ) ) ;
#7090 = CARTESIAN_POINT ( 'NONE',  ( -0.3535950707918947833, 0.8934671422819039366, -0.2000000000000000111 ) ) ;
#7091 = CARTESIAN_POINT ( 'NONE',  ( 0.3938644332002065873, 2.119113902292020679, -0.2000000000000001221 ) ) ;
#7092 = VECTOR ( 'NONE', #7227, 1000.000000000000000 ) ;
#7093 = ORIENTED_EDGE ( 'NONE', *, *, #338, .F. ) ;
#7094 = LINE ( 'NONE', #4992, #1507 ) ;
#7095 = ORIENTED_EDGE ( 'NONE', *, *, #7694, .F. ) ;
#7096 = CARTESIAN_POINT ( 'NONE',  ( 17.80000000000000071, 11.20133359925599059, -2.999999999999999112 ) ) ;
#7097 = CARTESIAN_POINT ( 'NONE',  ( -1.274072050424836178, 3.794774592561157789, -5.421010862427522170E-17 ) ) ;
#7098 = CARTESIAN_POINT ( 'NONE',  ( -17.79999999999999361, 13.20133359925599414, -2.999999999999999112 ) ) ;
#7099 = VECTOR ( 'NONE', #8825, 1000.000000000000000 ) ;
#7100 = LINE ( 'NONE', #7050, #3234 ) ;
#7101 = CARTESIAN_POINT ( 'NONE',  ( -7.507317073170667321, 2.204034669253646328, -0.2000000000000000666 ) ) ;
#7102 = EDGE_CURVE ( 'NONE', #4923, #4508, #1514, .T. ) ;
#7103 = CARTESIAN_POINT ( 'NONE',  ( -0.1932926829267649360, 3.703272474131695358, 0.000000000000000000 ) ) ;
#7104 = ORIENTED_EDGE ( 'NONE', *, *, #4679, .T. ) ;
#7105 = VECTOR ( 'NONE', #3315, 1000.000000000000000 ) ;
#7106 = ORIENTED_EDGE ( 'NONE', *, *, #7993, .F. ) ;
#7107 = ORIENTED_EDGE ( 'NONE', *, *, #6727, .F. ) ;
#7108 = CARTESIAN_POINT ( 'NONE',  ( -9.962908525449838848, 1.004703383055651988, -0.2000000000000000389 ) ) ;
#7109 = CARTESIAN_POINT ( 'NONE',  ( -8.096726484341811414, 1.809090933381502619, -2.710505431213761085E-17 ) ) ;
#7110 = DIRECTION ( 'NONE',  ( 1.000000000000000000, 0.000000000000000000, 0.000000000000000000 ) ) ;
#7111 = EDGE_CURVE ( 'NONE', #543, #2885, #2938, .T. ) ;
#7112 = CARTESIAN_POINT ( 'NONE',  ( 17.80000000000000426, -8.800000000000002487, -1.000000000000000000 ) ) ;
#7113 = EDGE_CURVE ( 'NONE', #4374, #5534, #6114, .T. ) ;
#7114 = LOCAL_TIME ( 15, 27, 1.000000000000000000, #708 ) ;
#7115 = LINE ( 'NONE', #2950, #4376 ) ;
#7116 = CARTESIAN_POINT ( 'NONE',  ( -6.484193262509944766, 4.081775060142066813, -2.710505431213761085E-17 ) ) ;
#7117 = ORIENTED_EDGE ( 'NONE', *, *, #2893, .F. ) ;
#7119 = ORIENTED_EDGE ( 'NONE', *, *, #898, .F. ) ;
#7118 = CARTESIAN_POINT ( 'NONE',  ( -10.43476964418226238, 1.533222373727120669, -0.2000000000000000111 ) ) ;
#7120 = DIRECTION ( 'NONE',  ( -1.000000000000000000, 9.745637505487680998E-17, 0.000000000000000000 ) ) ;
#7121 = CARTESIAN_POINT ( 'NONE',  ( -8.096726484341811414, 1.809090933381502619, -2.710505431213761085E-17 ) ) ;
#7122 = CARTESIAN_POINT ( 'NONE',  ( -7.477994460765201801, 1.782567255088283176, -0.2000000000000000666 ) ) ;
#7123 = ADVANCED_FACE ( 'NONE', ( #92 ), #4908, .F. ) ;
#7124 = CARTESIAN_POINT ( 'NONE',  ( -10.45637994903715295, 0.3445052710755269199, 8.131516293641283255E-17 ) ) ;
#7125 = DIRECTION ( 'NONE',  ( 2.282530889443167515E-16, -1.000000000000000000, 0.000000000000000000 ) ) ;
#7126 = CARTESIAN_POINT ( 'NONE',  ( -1.386912046047531266, 0.8687723259033082179, -0.2000000000000000111 ) ) ;
#7127 = CARTESIAN_POINT ( 'NONE',  ( -5.394375108453368206, 0.2413237917613354488, -2.710505431213761085E-17 ) ) ;
#7128 = B_SPLINE_SURFACE_WITH_KNOTS ( 'NONE', 3, 1, ( 
 ( #2539, #1999 ),
 ( #3873, #3204 ),
 ( #5271, #3296 ),
 ( #440, #1868 ),
 ( #7326, #6055 ),
 ( #6562, #537 ),
 ( #3161, #1198 ),
 ( #3917, #6605 ),
 ( #1290, #1907 ),
 ( #1822, #4547 ),
 ( #4682, #3969 ),
 ( #5978, #8726 ),
 ( #8764, #4721 ),
 ( #5880, #6735 ),
 ( #8045, #2621 ),
 ( #8092, #7284 ),
 ( #3335, #4633 ),
 ( #578, #2671 ),
 ( #1110, #3832 ) ),
 .UNSPECIFIED., .F., .F., .F.,
 ( 4, 1, 1, 1, 1, 1, 1, 1, 1, 1, 1, 1, 1, 1, 1, 1, 4 ),
 ( 2, 2 ),
 ( 0.000000000000000000, 0.06794110478769091466, 0.1330320589970270806, 0.1958903342837345074, 0.2564798280410319209, 0.3159187028970242839, 0.3751881703605588481, 0.4345306208186967001, 0.4946700389152940414, 0.5549951889559803231, 0.6151213185310713261, 0.6753813065009021122, 0.7362416551281864008, 0.7985701357159235014, 0.8629833888300075806, 0.9298854749036633560, 1.000000000000000000 ),
 ( 0.000000000000000000, 1.000000000000000000 ),
 .UNSPECIFIED. ) ;
#7129 = ORIENTED_EDGE ( 'NONE', *, *, #446, .F. ) ;
#7130 = ORIENTED_EDGE ( 'NONE', *, *, #8073, .T. ) ;
#7131 = CARTESIAN_POINT ( 'NONE',  ( -11.20773671052623044, 1.060771382164628740, 2.710505431213761085E-17 ) ) ;
#7132 = DIRECTION ( 'NONE',  ( -0.000000000000000000, -0.000000000000000000, -1.000000000000000000 ) ) ;
#7133 = ADVANCED_FACE ( 'NONE', ( #7645, #2817, #4241, #7732, #2227, #847, #5542, #4192, #5579 ), #265, .T. ) ;
#7134 = DIRECTION ( 'NONE',  ( 0.000000000000000000, 0.000000000000000000, 1.000000000000000000 ) ) ;
#7135 = CARTESIAN_POINT ( 'NONE',  ( -0.1045370830242268456, 4.336095015182955592, -0.2000000000000000111 ) ) ;
#7136 = CARTESIAN_POINT ( 'NONE',  ( -5.561432926829203538, 0.2398578399853534548, 2.710505431213761085E-17 ) ) ;
#7137 = FACE_OUTER_BOUND ( 'NONE', #500, .T. ) ;
#7138 = CARTESIAN_POINT ( 'NONE',  ( 2.405872650846105465, 3.151792985107862766, -0.2000000000000000666 ) ) ;
#7139 = ORIENTED_EDGE ( 'NONE', *, *, #7976, .T. ) ;
#7140 = DIRECTION ( 'NONE',  ( -1.562831776442509002E-16, -1.000000000000000000, 0.000000000000000000 ) ) ;
#7141 = EDGE_LOOP ( 'NONE', ( #1078, #2137, #7392, #1383 ) ) ;
#7142 = LINE ( 'NONE', #3601, #4784 ) ;
#7143 = EDGE_CURVE ( 'NONE', #1356, #1064, #8281, .T. ) ;
#7144 = CARTESIAN_POINT ( 'NONE',  ( -1.274072050424836178, 3.794774592561157789, -0.2000000000000000666 ) ) ;
#7145 = CARTESIAN_POINT ( 'NONE',  ( -10.48292682926822827, 1.966991986326817043, -0.2000000000000000111 ) ) ;
#7146 = CARTESIAN_POINT ( 'NONE',  ( -5.447920101740020726, 0.9724837940354250643, -0.000000000000000000 ) ) ;
#7147 = CARTESIAN_POINT ( 'NONE',  ( -0.9684580980307825326, 4.109621130251745136, -2.710505431213762318E-17 ) ) ;
#7148 = CARTESIAN_POINT ( 'NONE',  ( -9.819877855617791695, 0.2410755669587635874, -0.000000000000000000 ) ) ;
#7149 = ORIENTED_EDGE ( 'NONE', *, *, #4066, .F. ) ;
#7150 = ORIENTED_EDGE ( 'NONE', *, *, #7242, .F. ) ;
#7151 = ORIENTED_EDGE ( 'NONE', *, *, #8605, .F. ) ;
#7152 = CARTESIAN_POINT ( 'NONE',  ( -10.23529808402058272, 1.161477309912591238, -0.2000000000000000389 ) ) ;
#7153 = CARTESIAN_POINT ( 'NONE',  ( -8.251169100906405873, 1.082639899807404271, -2.710505431213761085E-17 ) ) ;
#7154 = CARTESIAN_POINT ( 'NONE',  ( -5.814270702238536259, 1.025061801104802495, -0.2000000000000000944 ) ) ;
#7155 = FACE_OUTER_BOUND ( 'NONE', #8741, .T. ) ;
#7156 = CARTESIAN_POINT ( 'NONE',  ( -4.503333782340392055, 3.401938792342168227, -0.2000000000000000389 ) ) ;
#7157 = CARTESIAN_POINT ( 'NONE',  ( -7.021860094213312919, 3.635494341631932969, -2.710505431213761085E-17 ) ) ;
#7158 = EDGE_CURVE ( 'NONE', #6740, #4697, #6255, .T. ) ;
#7159 = ORIENTED_EDGE ( 'NONE', *, *, #1107, .T. ) ;
#7160 = EDGE_CURVE ( 'NONE', #5802, #3600, #5706, .T. ) ;
#7162 = ORIENTED_EDGE ( 'NONE', *, *, #4615, .F. ) ;
#7161 = CARTESIAN_POINT ( 'NONE',  ( -10.47196491140550556, 1.735943860188783772, -0.2000000000000000111 ) ) ;
#7163 = CARTESIAN_POINT ( 'NONE',  ( -9.357781463480012718, 1.030028998599435308, 0.000000000000000000 ) ) ;
#7164 = CARTESIAN_POINT ( 'NONE',  ( -8.878645238981889065, 0.4098949918497432621, -0.2000000000000000111 ) ) ;
#7165 = CARTESIAN_POINT ( 'NONE',  ( -0.1186194048720040223, 0.2431135744487676054, -0.2000000000000000111 ) ) ;
#7166 = CARTESIAN_POINT ( 'NONE',  ( 9.700000000000004619, 2.099999999999997424, 0.000000000000000000 ) ) ;
#7167 = CARTESIAN_POINT ( 'NONE',  ( -5.306071020507059366, 3.604996037120384411, -0.2000000000000000389 ) ) ;
#7168 = LINE ( 'NONE', #465, #3356 ) ;
#7169 = CARTESIAN_POINT ( 'NONE',  ( -1.499939897162255953, 1.083238533804681714, -2.710505431213758620E-17 ) ) ;
#7170 = FACE_OUTER_BOUND ( 'NONE', #4716, .T. ) ;
#7171 = EDGE_LOOP ( 'NONE', ( #6248, #1230, #5642, #1743 ) ) ;
#7172 = EDGE_CURVE ( 'NONE', #4630, #5688, #6292, .T. ) ;
#7173 = ORIENTED_EDGE ( 'NONE', *, *, #8605, .T. ) ;
#7174 = CARTESIAN_POINT ( 'NONE',  ( 3.450000000000005063, -11.70000000000000107, -1.063508326896290601 ) ) ;
#7175 = CARTESIAN_POINT ( 'NONE',  ( -8.968082457676420205, 1.512377416868027291, -0.2000000000000000111 ) ) ;
#7176 = DIRECTION ( 'NONE',  ( 0.000000000000000000, -0.000000000000000000, -1.000000000000000000 ) ) ;
#7177 = CARTESIAN_POINT ( 'NONE',  ( 2.834146341463479768, 0.2886383277902315192, -0.2000000000000000111 ) ) ;
#7178 = CARTESIAN_POINT ( 'NONE',  ( -9.728132794451679999, 0.9722679662604762907, -0.2000000000000000111 ) ) ;
#7179 = CARTESIAN_POINT ( 'NONE',  ( 1.224390243902504727, 2.316839547302426805, -0.2000000000000000389 ) ) ;
#7180 = CARTESIAN_POINT ( 'NONE',  ( -0.1367322732691983178, 0.8767032650480659495, -1.084202172485504434E-16 ) ) ;
#7181 = B_SPLINE_CURVE_WITH_KNOTS ( 'NONE', 3,
 ( #4169, #776, #2029, #2786, #4751, #5514, #2071, #8257, #3325, #3498, #6226 ),
 .UNSPECIFIED., .F., .F.,
 ( 4, 1, 1, 1, 1, 1, 1, 1, 4 ),
 ( 0.000000000000000000, 0.1060828463567783791, 0.2222888227378322090, 0.3495024409521451103, 0.4881006216290098010, 0.6277218319895779830, 0.7592476519109182531, 0.8831516256485927308, 1.000000000000000000 ),
 .UNSPECIFIED. ) ;
#7182 = ORIENTED_EDGE ( 'NONE', *, *, #2650, .T. ) ;
#7183 = EDGE_CURVE ( 'NONE', #929, #3403, #5048, .T. ) ;
#7184 = DIRECTION ( 'NONE',  ( 0.000000000000000000, -1.000000000000000000, 0.000000000000000000 ) ) ;
#7185 = ORIENTED_EDGE ( 'NONE', *, *, #8084, .F. ) ;
#7186 = B_SPLINE_CURVE_WITH_KNOTS ( 'NONE', 3,
 ( #6130, #5459, #8744, #8198, #7570, #6037, #2604, #2059, #1397, #5331, #4119, #7435, #8067, #1931, #1308, #4028, #633, #3357, #5623 ),
 .UNSPECIFIED., .F., .F.,
 ( 4, 1, 1, 1, 1, 1, 1, 1, 1, 1, 1, 1, 1, 1, 1, 1, 4 ),
 ( 0.000000000000000000, 0.08311022735821120555, 0.1611907754937038639, 0.2345156046151663232, 0.3030169615586273402, 0.3678902001986006365, 0.4287271513354382613, 0.4868515287066076391, 0.5419926532651998530, 0.5963611225648126624, 0.6492916039675915574, 0.7028169015139772435, 0.7573757594059266074, 0.8132640202444082478, 0.8721892385927978442, 0.9342167350882158994, 1.000000000000000000 ),
 .UNSPECIFIED. ) ;
#7187 = CARTESIAN_POINT ( 'NONE',  ( -3.751219512195057337, 1.508150522912182767, 0.000000000000000000 ) ) ;
#7188 = CARTESIAN_POINT ( 'NONE',  ( -0.2382621951218868994, 0.2398578399853534548, -2.710505431213761085E-17 ) ) ;
#7189 = PLANE ( 'NONE',  #5226 ) ;
#7190 = CARTESIAN_POINT ( 'NONE',  ( -6.626209985751732923, 2.125404242854509018, 0.000000000000000000 ) ) ;
#7191 = FACE_OUTER_BOUND ( 'NONE', #1442, .T. ) ;
#7192 = DIRECTION ( 'NONE',  ( -0.000000000000000000, 0.000000000000000000, 1.000000000000000000 ) ) ;
#7193 = CARTESIAN_POINT ( 'NONE',  ( -1.388109769959983586, 0.8770643957559580706, -0.2000000000000000111 ) ) ;
#7194 = VERTEX_POINT ( 'NONE', #6566 ) ;
#7195 = ADVANCED_FACE ( 'NONE', ( #6426 ), #351, .T. ) ;
#7196 = ORIENTED_EDGE ( 'NONE', *, *, #3540, .T. ) ;
#7197 = VERTEX_POINT ( 'NONE', #8800 ) ;
#7198 = CARTESIAN_POINT ( 'NONE',  ( -10.48134821031847075, 1.848933672500449266, -2.710505431213761085E-17 ) ) ;
#7199 = CARTESIAN_POINT ( 'NONE',  ( -9.687888879497377204, 0.2409887934545267563, -0.2000000000000000111 ) ) ;
#7200 = CARTESIAN_POINT ( 'NONE',  ( -5.569820116463639614, 0.9770433109404909056, -0.2000000000000000666 ) ) ;
#7201 = CARTESIAN_POINT ( 'NONE',  ( -5.348018292682861663, 3.605711498521939173, -0.2000000000000000111 ) ) ;
#7202 = CARTESIAN_POINT ( 'NONE',  ( -3.751219512195057337, 2.093516376570719206, -0.2000000000000000111 ) ) ;
#7203 = LINE ( 'NONE', #8555, #7684 ) ;
#7204 = VECTOR ( 'NONE', #681, 1000.000000000000000 ) ;
#7205 = ORIENTED_EDGE ( 'NONE', *, *, #4220, .T. ) ;
#7206 = CARTESIAN_POINT ( 'NONE',  ( -10.33398380117879611, 1.286833814075234006, -0.2000000000000000111 ) ) ;
#7207 = CARTESIAN_POINT ( 'NONE',  ( -0.2300872918009077561, 3.702065724890198251, -2.710505431213761701E-17 ) ) ;
#7208 = CARTESIAN_POINT ( 'NONE',  ( 0.3946939731005876251, 2.229434755835566939, -2.710505431213761085E-17 ) ) ;
#7209 = CARTESIAN_POINT ( 'NONE',  ( -7.107278757586455775, 0.9128737043189800726, -0.2000000000000000666 ) ) ;
#7210 = VECTOR ( 'NONE', #4894, 1000.000000000000000 ) ;
#7211 = CARTESIAN_POINT ( 'NONE',  ( -7.179945397077235114, 3.422273462091831142, 0.000000000000000000 ) ) ;
#7212 = DIRECTION ( 'NONE',  ( 0.000000000000000000, 0.000000000000000000, 1.000000000000000000 ) ) ;
#7213 = DIRECTION ( 'NONE',  ( 0.000000000000000000, -1.000000000000000000, 0.000000000000000000 ) ) ;
#7214 = CARTESIAN_POINT ( 'NONE',  ( -6.607982830583155831, 4.003651371574882489, 0.000000000000000000 ) ) ;
#7215 = ADVANCED_FACE ( 'NONE', ( #3074, #488 ), #3740, .T. ) ;
#7216 = DIRECTION ( 'NONE',  ( 1.000000000000000000, 0.000000000000000000, -0.000000000000000000 ) ) ;
#7217 = VECTOR ( 'NONE', #5792, 1000.000000000000000 ) ;
#7218 = AXIS2_PLACEMENT_3D ( 'NONE', #4702, #8159, #1399 ) ;
#7219 = VERTEX_POINT ( 'NONE', #5798 ) ;
#7220 = ORIENTED_EDGE ( 'NONE', *, *, #6625, .T. ) ;
#7221 = CARTESIAN_POINT ( 'NONE',  ( 3.140548780487870673, 4.337418815595110111, 0.000000000000000000 ) ) ;
#7222 = CARTESIAN_POINT ( 'NONE',  ( -9.516333612878847603, 0.9854551004417508864, -5.421010862427522170E-17 ) ) ;
#7223 = CARTESIAN_POINT ( 'NONE',  ( 1.174929834635920267, 1.638294244810809985, -0.2000000000000000389 ) ) ;
#7224 = DIRECTION ( 'NONE',  ( -0.000000000000000000, -0.000000000000000000, 1.000000000000000000 ) ) ;
#7225 = CARTESIAN_POINT ( 'NONE',  ( -5.143014514160813455, 0.9854253135744807102, -0.2000000000000000111 ) ) ;
#7226 = VECTOR ( 'NONE', #3383, 1000.000000000000000 ) ;
#7227 = DIRECTION ( 'NONE',  ( -0.000000000000000000, -0.000000000000000000, -1.000000000000000000 ) ) ;
#7228 = CARTESIAN_POINT ( 'NONE',  ( -4.467549704822378231, 4.197312397663100825, -0.2000000000000000389 ) ) ;
#7229 = VECTOR ( 'NONE', #3599, 1000.000000000000000 ) ;
#7230 = EDGE_CURVE ( 'NONE', #4804, #7292, #3877, .T. ) ;
#7231 = ORIENTED_EDGE ( 'NONE', *, *, #3954, .T. ) ;
#7232 = VECTOR ( 'NONE', #6725, 1000.000000000000000 ) ;
#7233 = PLANE ( 'NONE',  #6221 ) ;
#7234 = VECTOR ( 'NONE', #8195, 1000.000000000000000 ) ;
#7235 = ORIENTED_EDGE ( 'NONE', *, *, #3565, .F. ) ;
#7236 = CARTESIAN_POINT ( 'NONE',  ( -7.432402224405060487, 1.564532312067364872, 1.355252715606880234E-17 ) ) ;
#7237 = DIRECTION ( 'NONE',  ( 1.000000000000000000, -0.000000000000000000, 0.000000000000000000 ) ) ;
#7238 = CARTESIAN_POINT ( 'NONE',  ( -4.934248024395316179, 0.2908095901037795472, 0.000000000000000000 ) ) ;
#7239 = CARTESIAN_POINT ( 'NONE',  ( -0.6329039859141909474, 1.137367128810375938, -0.2000000000000000111 ) ) ;
#7240 = CARTESIAN_POINT ( 'NONE',  ( -6.434059622845379245, 4.107881649833385218, -2.710505431213761085E-17 ) ) ;
#7241 = CARTESIAN_POINT ( 'NONE',  ( -18.39999999999999147, 14.20000745179306989, -1.000000000000000000 ) ) ;
#7242 = EDGE_CURVE ( 'NONE', #4176, #8453, #1990, .T. ) ;
#7243 = VECTOR ( 'NONE', #4945, 1000.000000000000000 ) ;
#7244 = CARTESIAN_POINT ( 'NONE',  ( 12.00000000000000178, 14.20133359925599414, -14.69999999999998863 ) ) ;
#7245 = VERTEX_POINT ( 'NONE', #5391 ) ;
#7246 = VERTEX_POINT ( 'NONE', #4713 ) ;
#7247 = ORIENTED_EDGE ( 'NONE', *, *, #8431, .T. ) ;
#7248 = AXIS2_PLACEMENT_3D ( 'NONE', #424, #7267, #3320 ) ;
#7249 = CYLINDRICAL_SURFACE ( 'NONE', #1379, 0.8999999999999998002 ) ;
#7250 = CARTESIAN_POINT ( 'NONE',  ( -11.05965770258251268, 0.7879365258567121444, -0.2000000000000000389 ) ) ;
#7251 = CARTESIAN_POINT ( 'NONE',  ( -12.79999999999993143, 0.8500000000000347278, -1.000000000000000000 ) ) ;
#7252 = CARTESIAN_POINT ( 'NONE',  ( 12.89999999999999858, -14.20000000000000995, -14.69999999999998863 ) ) ;
#7253 = EDGE_CURVE ( 'NONE', #5886, #2568, #5532, .T. ) ;
#7254 = CARTESIAN_POINT ( 'NONE',  ( -12.79999999999993321, 8.850000000000040501, -1.000000000000000000 ) ) ;
#7255 = CARTESIAN_POINT ( 'NONE',  ( -11.36097560975603216, 1.973851742424377997, -0.2000000000000000111 ) ) ;
#7256 = VECTOR ( 'NONE', #3844, 1000.000000000000000 ) ;
#7257 = ORIENTED_EDGE ( 'NONE', *, *, #6589, .T. ) ;
#7258 = CARTESIAN_POINT ( 'NONE',  ( -8.921951219512131104, 4.288638327790232019, -0.2000000000000000111 ) ) ;
#7259 = EDGE_LOOP ( 'NONE', ( #2442, #4522, #3090, #8274, #1982, #3620, #3589, #1682 ) ) ;
#7260 = CARTESIAN_POINT ( 'NONE',  ( 0.3871863338305776003, 1.958934590523929931, -0.2000000000000000111 ) ) ;
#7261 = CARTESIAN_POINT ( 'NONE',  ( -0.1784381259601811043, 0.2414717743006828676, -0.2000000000000000389 ) ) ;
#7262 = VECTOR ( 'NONE', #4051, 1000.000000000000000 ) ;
#7263 = DIRECTION ( 'NONE',  ( 0.000000000000000000, 0.000000000000000000, -1.000000000000000000 ) ) ;
#7264 = CARTESIAN_POINT ( 'NONE',  ( -9.800000000000009592, -13.20000000000000462, -8.800000000000000711 ) ) ;
#7265 = LINE ( 'NONE', #2381, #5926 ) ;
#7266 = CARTESIAN_POINT ( 'NONE',  ( -7.363648761348017935, 3.057694525216088977, 0.000000000000000000 ) ) ;
#7267 = DIRECTION ( 'NONE',  ( 0.000000000000000000, -1.000000000000000000, 0.000000000000000000 ) ) ;
#7268 = ORIENTED_EDGE ( 'NONE', *, *, #3081, .T. ) ;
#7269 = VERTEX_POINT ( 'NONE', #7288 ) ;
#7270 = CARTESIAN_POINT ( 'NONE',  ( -11.26358787540228157, 1.217540110525502151, -0.2000000000000000111 ) ) ;
#7271 = CARTESIAN_POINT ( 'NONE',  ( 0.3093970491810222323, 4.269939733261096215, 0.000000000000000000 ) ) ;
#7272 = FACE_OUTER_BOUND ( 'NONE', #1295, .T. ) ;
#7273 = CARTESIAN_POINT ( 'NONE',  ( -4.434146341463350183, 1.215467596082914659, 0.000000000000000000 ) ) ;
#7274 = CARTESIAN_POINT ( 'NONE',  ( -5.402134146341398768, 0.9715651570585241981, -0.2000000000000000111 ) ) ;
#7275 = CARTESIAN_POINT ( 'NONE',  ( -6.363449860761214438, 3.139962037003112716, 0.000000000000000000 ) ) ;
#7276 = CARTESIAN_POINT ( 'NONE',  ( -4.642661237614196246, 4.253530597715828421, -0.2000000000000000389 ) ) ;
#7277 = VERTEX_POINT ( 'NONE', #7244 ) ;
#7278 = CC_DESIGN_PERSON_AND_ORGANIZATION_ASSIGNMENT ( #6193, #166, ( #6969 ) ) ;
#7279 = DIRECTION ( 'NONE',  ( 1.000000000000000000, -1.562831776442509002E-16, 0.000000000000000000 ) ) ;
#7280 = ADVANCED_FACE ( 'NONE', ( #3836 ), #3165, .T. ) ;
#7281 = VERTEX_POINT ( 'NONE', #5747 ) ;
#7282 = CARTESIAN_POINT ( 'NONE',  ( -7.077029231046902069, 0.8730893386481169971, -6.776263578034402713E-17 ) ) ;
#7283 = CARTESIAN_POINT ( 'NONE',  ( -0.2689834511782322468, 3.700790051299367445, 2.710505431213761085E-17 ) ) ;
#7284 = CARTESIAN_POINT ( 'NONE',  ( -6.608829827883858421, 2.549341665430480575, 2.710505431213761085E-17 ) ) ;
#7285 = CARTESIAN_POINT ( 'NONE',  ( 17.80000000000000071, 11.20133359925599059, -1.000000000000000000 ) ) ;
#7286 = CARTESIAN_POINT ( 'NONE',  ( -6.772072668899538961, 3.882350988807163450, -0.2000000000000000666 ) ) ;
#7287 = CARTESIAN_POINT ( 'NONE',  ( 3.450000000000005063, -13.20000000000000107, -2.999999999999999112 ) ) ;
#7288 = CARTESIAN_POINT ( 'NONE',  ( 6.227808503120348504, -4.290105172783861498, 0.000000000000000000 ) ) ;
#7289 = EDGE_LOOP ( 'NONE', ( #6600, #5948, #2386, #1335 ) ) ;
#7290 = ORIENTED_EDGE ( 'NONE', *, *, #2857, .T. ) ;
#7291 = EDGE_CURVE ( 'NONE', #5254, #5253, #5225, .T. ) ;
#7292 = VERTEX_POINT ( 'NONE', #402 ) ;
#7293 = CARTESIAN_POINT ( 'NONE',  ( -7.505644855690353445, 2.280596166447613093, -0.2000000000000000111 ) ) ;
#7294 = B_SPLINE_CURVE_WITH_KNOTS ( 'NONE', 3,
 ( #4350, #959, #4222, #3684, #6410, #8304, #869, #2167 ),
 .UNSPECIFIED., .F., .F.,
 ( 4, 2, 2, 4 ),
 ( 0.000000000000000000, 0.0002471859904962986137, 0.0004943719809925972274, 0.0009887439619851940212 ),
 .UNSPECIFIED. ) ;
#7295 = CARTESIAN_POINT ( 'NONE',  ( 12.89999999999999858, -14.19999999999999929, -14.69999999999998863 ) ) ;
#7296 = CARTESIAN_POINT ( 'NONE',  ( -8.921951219512131104, 1.930406620473158474, 0.000000000000000000 ) ) ;
#7297 = CARTESIAN_POINT ( 'NONE',  ( -5.567493911366273807, -6.199999999999999289, -8.799999999999998934 ) ) ;
#7298 = LINE ( 'NONE', #7881, #6228 ) ;
#7299 = CARTESIAN_POINT ( 'NONE',  ( -9.223628740046214247, 1.105367667589919778, -0.2000000000000000111 ) ) ;
#7300 = ORIENTED_EDGE ( 'NONE', *, *, #8400, .F. ) ;
#7301 = CARTESIAN_POINT ( 'NONE',  ( -2.239024390243838258, 1.508150522912182767, -0.2000000000000000111 ) ) ;
#7302 = EDGE_CURVE ( 'NONE', #8761, #7046, #2808, .T. ) ;
#7303 = VERTEX_POINT ( 'NONE', #6769 ) ;
#7304 = CARTESIAN_POINT ( 'NONE',  ( -8.616594354346842621, 0.5777645614044693012, -0.2000000000000000111 ) ) ;
#7305 = CARTESIAN_POINT ( 'NONE',  ( -5.079516933460583417, 0.2681396711987058534, -0.2000000000000000111 ) ) ;
#7306 = CARTESIAN_POINT ( 'NONE',  ( -5.481497517560738331, 4.335803569890088305, -0.2000000000000000111 ) ) ;
#7307 = CARTESIAN_POINT ( 'NONE',  ( -0.8243902439023734763, 2.245193205839012052, -2.710505431213761085E-17 ) ) ;
#7308 = LINE ( 'NONE', #1848, #3068 ) ;
#7309 = CARTESIAN_POINT ( 'NONE',  ( -6.053167857827459919, 4.257654577362909087, 0.000000000000000000 ) ) ;
#7310 = CARTESIAN_POINT ( 'NONE',  ( 1.224390243902504727, 2.316839547302426805, -0.2000000000000000111 ) ) ;
#7311 = ORIENTED_EDGE ( 'NONE', *, *, #6635, .F. ) ;
#7312 = ORIENTED_EDGE ( 'NONE', *, *, #4124, .T. ) ;
#7313 = ADVANCED_FACE ( 'NONE', ( #3374 ), #116, .T. ) ;
#7314 = CARTESIAN_POINT ( 'NONE',  ( -1.653658536585301375, 2.224613937546329634, 0.000000000000000000 ) ) ;
#7315 = CARTESIAN_POINT ( 'NONE',  ( 1.224390243902504727, 2.316839547302426805, 0.000000000000000000 ) ) ;
#7316 = DIRECTION ( 'NONE',  ( -1.000000000000000000, 0.000000000000000000, -0.000000000000000000 ) ) ;
#7317 = DIRECTION ( 'NONE',  ( -0.000000000000000000, -0.000000000000000000, 1.000000000000000000 ) ) ;
#7318 = CARTESIAN_POINT ( 'NONE',  ( -4.657777741524378179, 1.107566443935680489, -0.2000000000000000111 ) ) ;
#7319 = CARTESIAN_POINT ( 'NONE',  ( -5.487948134091317876, 3.602004146082034008, 0.000000000000000000 ) ) ;
#7320 = FACE_OUTER_BOUND ( 'NONE', #6406, .T. ) ;
#7321 = ORIENTED_EDGE ( 'NONE', *, *, #1653, .T. ) ;
#7322 = LINE ( 'NONE', #3913, #4077 ) ;
#7323 = ORIENTED_EDGE ( 'NONE', *, *, #1192, .F. ) ;
#7324 = CARTESIAN_POINT ( 'NONE',  ( -5.697135306295905366, 3.571140420572118668, -0.2000000000000000389 ) ) ;
#7325 = CARTESIAN_POINT ( 'NONE',  ( -0.8153979617400849422, 2.583251727664379604, -0.2000000000000000944 ) ) ;
#7326 = CARTESIAN_POINT ( 'NONE',  ( -5.751916760596876621, 3.556736974604682633, -0.1999999999999999833 ) ) ;
#7327 = CARTESIAN_POINT ( 'NONE',  ( 1.174929834635920267, 1.638294244810809985, -0.2000000000000000111 ) ) ;
#7328 = CARTESIAN_POINT ( 'NONE',  ( -5.358427937932918717, 4.336983147146935558, -0.2000000000000000111 ) ) ;
#7329 = CARTESIAN_POINT ( 'NONE',  ( 2.236817736430670944, 3.091610162103375803, -2.710505431213761085E-17 ) ) ;
#7330 = B_SPLINE_SURFACE_WITH_KNOTS ( 'NONE', 3, 1, ( 
 ( #4404, #7136 ),
 ( #2259, #1049 ),
 ( #6503, #1544 ),
 ( #4268, #6319 ),
 ( #202, #4986 ),
 ( #7718, #1584 ),
 ( #6596, #3821 ),
 ( #3908, #3959 ),
 ( #5302, #1189 ),
 ( #4622, #1100 ),
 ( #5871, #1858 ),
 ( #7948, #432 ),
 ( #8036, #1899 ),
 ( #6638, #5209 ),
 ( #6553, #524 ),
 ( #7361, #1236 ),
 ( #6690, #2436 ),
 ( #1811, #5167 ),
 ( #5968, #2478 ) ),
 .UNSPECIFIED., .F., .F., .F.,
 ( 4, 1, 1, 1, 1, 1, 1, 1, 1, 1, 1, 1, 1, 1, 1, 1, 4 ),
 ( 2, 2 ),
 ( 0.000000000000000000, 0.06986013266362349483, 0.1364959834661450822, 0.2001691504350483486, 0.2619233220153758257, 0.3219237446767233002, 0.3811722557665622735, 0.4401955966640528906, 0.4997970133215735022, 0.5592908754538569172, 0.6184805321412675250, 0.6778214824994228671, 0.7380755659707819438, 0.7999160231279343058, 0.8637769852612463550, 0.9303837720956530388, 1.000000000000000000 ),
 ( 0.000000000000000000, 1.000000000000000000 ),
 .UNSPECIFIED. ) ;
#7331 = EDGE_CURVE ( 'NONE', #7767, #1658, #6184, .T. ) ;
#7332 = EDGE_LOOP ( 'NONE', ( #7990, #1874, #7380, #8074 ) ) ;
#7333 = ORIENTED_EDGE ( 'NONE', *, *, #5145, .F. ) ;
#7334 = CARTESIAN_POINT ( 'NONE',  ( -5.629846448288924776, 4.332631996424152199, -0.2000000000000000111 ) ) ;
#7335 = B_SPLINE_CURVE_WITH_KNOTS ( 'NONE', 3,
 ( #1986, #2612, #6813, #8078, #8712, #5965, #3368, #23, #8033, #4619, #6139, #5299, #735, #5340, #8166, #7444, #7358, #2028 ),
 .UNSPECIFIED., .F., .F.,
 ( 4, 2, 2, 2, 2, 2, 2, 2, 4 ),
 ( 0.000000000000000000, 0.0003444654268567079285, 0.0006889308537134165075, 0.001377861707426834099, 0.001722327134283542895, 0.002066792561140251908, 0.002411257987996960703, 0.002583490701425314885, 0.002755723414853669499 ),
 .UNSPECIFIED. ) ;
#7336 = CARTESIAN_POINT ( 'NONE',  ( -0.4710400642505034874, 3.612564878865762275, 0.000000000000000000 ) ) ;
#7337 = CARTESIAN_POINT ( 'NONE',  ( -5.232860790624664027, 0.2513994259592707836, 0.000000000000000000 ) ) ;
#7338 = DIRECTION ( 'NONE',  ( -1.396978394599540102E-16, -1.000000000000000000, 0.000000000000000000 ) ) ;
#7339 = CARTESIAN_POINT ( 'NONE',  ( -6.629268292682862551, 2.265772474131694914, -2.710505431213761085E-17 ) ) ;
#7340 = ADVANCED_FACE ( 'NONE', ( #3460, #2791 ), #67, .T. ) ;
#7341 = CARTESIAN_POINT ( 'NONE',  ( -9.357781463480012718, 1.030028998599435308, -0.2000000000000000111 ) ) ;
#7342 = ORIENTED_EDGE ( 'NONE', *, *, #2702, .F. ) ;
#7343 = CARTESIAN_POINT ( 'NONE',  ( -0.1932926829267649083, 3.703272474131694914, -1.897353801849632760E-16 ) ) ;
#7344 = EDGE_LOOP ( 'NONE', ( #5216, #8557, #8862, #554 ) ) ;
#7345 = CARTESIAN_POINT ( 'NONE',  ( -5.402134146341398768, 0.9715651570585241981, -2.710505431213761085E-17 ) ) ;
#7346 = B_SPLINE_SURFACE_WITH_KNOTS ( 'NONE', 3, 1, ( 
 ( #4221, #830 ),
 ( #4175, #3506 ),
 ( #8433, #2295 ),
 ( #5021, #7755 ),
 ( #6955, #8303 ),
 ( #160, #1540 ),
 ( #4264, #3190 ),
 ( #3765, #2524 ),
 ( #1045, #1806 ),
 ( #4400, #5204 ),
 ( #2389, #2335 ),
 ( #8659, #1757 ),
 ( #6498, #7131 ),
 ( #7270, #3105 ),
 ( #5066, #381 ),
 ( #3052, #1671 ),
 ( #5776, #7944 ),
 ( #4533, #8525 ),
 ( #4349, #1140 ) ),
 .UNSPECIFIED., .F., .F., .F.,
 ( 4, 1, 1, 1, 1, 1, 1, 1, 1, 1, 1, 1, 1, 1, 1, 1, 4 ),
 ( 2, 2 ),
 ( 0.000000000000000000, 0.07175375926813115646, 0.1393909924837705983, 0.2030344755155327752, 0.2635310560276033498, 0.3212453635144004727, 0.3771585236287912091, 0.4316593045743027379, 0.4861564579143984322, 0.5411023275322932591, 0.5973517966565862203, 0.6554587021051085927, 0.7167481245134883494, 0.7812726903770246256, 0.8497413636913838664, 0.9226339300657615539, 1.000000000000000000 ),
 ( 0.000000000000000000, 1.000000000000000000 ),
 .UNSPECIFIED. ) ;
#7347 = CARTESIAN_POINT ( 'NONE',  ( -4.642661237614196246, 4.253530597715828421, 0.000000000000000000 ) ) ;
#7348 = CARTESIAN_POINT ( 'NONE',  ( -7.363648761348017935, 3.057694525216088977, 0.000000000000000000 ) ) ;
#7349 = CARTESIAN_POINT ( 'NONE',  ( -4.641877136151781436, 3.469839840442625611, -2.710505431213761085E-17 ) ) ;
#7350 = LINE ( 'NONE', #4030, #650 ) ;
#7351 = CARTESIAN_POINT ( 'NONE',  ( -5.481497517560738331, 4.335803569890088305, -0.000000000000000000 ) ) ;
#7352 = ADVANCED_FACE ( 'NONE', ( #827 ), #699, .F. ) ;
#7353 = CARTESIAN_POINT ( 'NONE',  ( 2.551915862070389007, 3.978488971077451808, -2.710505431213761085E-17 ) ) ;
#7354 = ORIENTED_EDGE ( 'NONE', *, *, #3709, .T. ) ;
#7355 = VERTEX_POINT ( 'NONE', #3550 ) ;
#7356 = CARTESIAN_POINT ( 'NONE',  ( -0.8228310138240579885, 1.968226012595524876, -2.710505431213761701E-17 ) ) ;
#7357 = CLOSED_SHELL ( 'NONE', ( #6025, #4594, #2545, #2602, #8302, #4767 ) ) ;
#7358 = CARTESIAN_POINT ( 'NONE',  ( -0.2964314868404960279, 0.2411676290956917823, -0.2000000000000001221 ) ) ;
#7359 = CARTESIAN_POINT ( 'NONE',  ( 0.2471407160358200239, 0.3125756107902046277, -0.2000000000000000389 ) ) ;
#7360 = CARTESIAN_POINT ( 'NONE',  ( -5.402134146341398768, 0.9715651570585241981, 0.000000000000000000 ) ) ;
#7361 = CARTESIAN_POINT ( 'NONE',  ( -7.477994460765201801, 1.782567255088283176, -0.2000000000000000111 ) ) ;
#7362 = CARTESIAN_POINT ( 'NONE',  ( -5.751916760596876621, 3.556736974604682633, -0.2000000000000000111 ) ) ;
#7363 = CARTESIAN_POINT ( 'NONE',  ( -7.649873333299992417, -11.69999999999999929, -6.200000000000001066 ) ) ;
#7364 = EDGE_CURVE ( 'NONE', #2998, #2546, #5519, .T. ) ;
#7365 = VECTOR ( 'NONE', #6573, 1000.000000000000000 ) ;
#7366 = AXIS2_PLACEMENT_3D ( 'NONE', #3466, #6824, #8808 ) ;
#7367 = VERTEX_POINT ( 'NONE', #8170 ) ;
#7368 = CARTESIAN_POINT ( 'NONE',  ( -7.649873333299994194, 0.000000000000000000, -1.000000000000000000 ) ) ;
#7369 = ORIENTED_EDGE ( 'NONE', *, *, #4242, .F. ) ;
#7370 = AXIS2_PLACEMENT_3D ( 'NONE', #6411, #292, #5732 ) ;
#7371 = AXIS2_PLACEMENT_3D ( 'NONE', #8619, #3247, #1191 ) ;
#7372 = DIRECTION ( 'NONE',  ( -0.000000000000000000, -0.000000000000000000, 1.000000000000000000 ) ) ;
#7373 = CARTESIAN_POINT ( 'NONE',  ( -4.434146341463349295, 0.4494614985219388403, 0.000000000000000000 ) ) ;
#7374 = CARTESIAN_POINT ( 'NONE',  ( -8.409833920896335968, 0.7946345567079837746, -0.2000000000000000944 ) ) ;
#7375 = CARTESIAN_POINT ( 'NONE',  ( 13.79999999999999716, -14.20000000000000995, -14.69999999999998863 ) ) ;
#7376 = CARTESIAN_POINT ( 'NONE',  ( -0.2382621951218868994, 0.2398578399853534548, -0.2000000000000000111 ) ) ;
#7377 = CARTESIAN_POINT ( 'NONE',  ( -5.792071978022358181, 1.019293011481714251, -0.2000000000000000389 ) ) ;
#7378 = VECTOR ( 'NONE', #1888, 1000.000000000000000 ) ;
#7379 = VECTOR ( 'NONE', #3462, 1000.000000000000000 ) ;
#7380 = ORIENTED_EDGE ( 'NONE', *, *, #846, .F. ) ;
#7381 = VERTEX_POINT ( 'NONE', #5598 ) ;
#7382 = DIRECTION ( 'NONE',  ( 0.000000000000000000, 0.000000000000000000, -1.000000000000000000 ) ) ;
#7383 = CARTESIAN_POINT ( 'NONE',  ( -9.755030487804813077, 0.2398578399853534548, -0.2000000000000000389 ) ) ;
#7384 = CARTESIAN_POINT ( 'NONE',  ( 8.411753555706741992, -5.822408242112043553, -0.2000000000000000111 ) ) ;
#7385 = VECTOR ( 'NONE', #1074, 1000.000000000000000 ) ;
#7386 = LINE ( 'NONE', #548, #5400 ) ;
#7387 = CARTESIAN_POINT ( 'NONE',  ( 0.06651306725887237703, 3.615912087738197389, -0.2000000000000000111 ) ) ;
#7388 = CARTESIAN_POINT ( 'NONE',  ( 17.80000000000000426, 13.70133359925599059, 0.000000000000000000 ) ) ;
#7389 = VECTOR ( 'NONE', #7532, 1000.000000000000000 ) ;
#7390 = ORIENTED_EDGE ( 'NONE', *, *, #8321, .F. ) ;
#7391 = DIRECTION ( 'NONE',  ( 0.000000000000000000, 1.000000000000000000, 0.000000000000000000 ) ) ;
#7392 = ORIENTED_EDGE ( 'NONE', *, *, #6344, .T. ) ;
#7393 = CARTESIAN_POINT ( 'NONE',  ( -8.505614675370360089, 0.6832072066844232516, -0.2000000000000000111 ) ) ;
#7394 = EDGE_CURVE ( 'NONE', #2092, #5523, #740, .T. ) ;
#7395 = EDGE_CURVE ( 'NONE', #6619, #72, #2032, .T. ) ;
#7396 = CARTESIAN_POINT ( 'NONE',  ( 0.06651306725887237703, 3.615912087738197389, -0.2000000000000000666 ) ) ;
#7397 = CARTESIAN_POINT ( 'NONE',  ( 2.250997607103429665, 3.847502086415049316, 0.000000000000000000 ) ) ;
#7398 = CARTESIAN_POINT ( 'NONE',  ( -8.092682926829203538, 4.288638327790232019, 0.000000000000000000 ) ) ;
#7399 = CARTESIAN_POINT ( 'NONE',  ( 1.907317073170796240, 3.732998083887792529, -8.131516293641283255E-17 ) ) ;
#7400 = AXIS2_PLACEMENT_3D ( 'NONE', #891, #6215, #8415 ) ;
#7401 = CARTESIAN_POINT ( 'NONE',  ( -0.4804389058232120813, 0.9583422048654681724, 0.000000000000000000 ) ) ;
#7402 = FACE_OUTER_BOUND ( 'NONE', #6866, .T. ) ;
#7403 = ORIENTED_EDGE ( 'NONE', *, *, #7861, .T. ) ;
#7404 = ORIENTED_EDGE ( 'NONE', *, *, #2968, .T. ) ;
#7405 = AXIS2_PLACEMENT_3D ( 'NONE', #5850, #5098, #4467 ) ;
#7406 = DIRECTION ( 'NONE',  ( 0.000000000000000000, 1.000000000000000000, 0.000000000000000000 ) ) ;
#7407 = EDGE_CURVE ( 'NONE', #8641, #8175, #7490, .T. ) ;
#7408 = LINE ( 'NONE', #7538, #1220 ) ;
#7409 = FACE_OUTER_BOUND ( 'NONE', #564, .T. ) ;
#7410 = DIRECTION ( 'NONE',  ( 0.000000000000000000, 0.000000000000000000, 1.000000000000000000 ) ) ;
#7411 = CARTESIAN_POINT ( 'NONE',  ( -0.2382621951218868994, 0.2398578399853534548, 0.000000000000000000 ) ) ;
#7412 = ORIENTED_EDGE ( 'NONE', *, *, #5164, .T. ) ;
#7413 = CARTESIAN_POINT ( 'NONE',  ( 0.3871863338305776003, 1.958934590523929931, -0.2000000000000000111 ) ) ;
#7414 = ADVANCED_FACE ( 'NONE', ( #4847 ), #1698, .F. ) ;
#7415 = ORIENTED_EDGE ( 'NONE', *, *, #7291, .T. ) ;
#7416 = DIRECTION ( 'NONE',  ( 0.000000000000000000, 1.000000000000000000, 0.000000000000000000 ) ) ;
#7417 = CARTESIAN_POINT ( 'NONE',  ( -0.7063424028929420340, 3.239737299423691930, 2.710505431213761085E-17 ) ) ;
#7418 = CARTESIAN_POINT ( 'NONE',  ( -8.961910824399838660, 0.3719350619595683805, -0.1999999999999999833 ) ) ;
#7419 = CARTESIAN_POINT ( 'NONE',  ( -0.6723479479728662334, 1.218879291969328316, -0.2000000000000000111 ) ) ;
#7420 = CARTESIAN_POINT ( 'NONE',  ( -6.017764309500823749, 1.107745569834587052, -0.2000000000000000389 ) ) ;
#7421 = VERTEX_POINT ( 'NONE', #7543 ) ;
#7422 = EDGE_CURVE ( 'NONE', #795, #1893, #6546, .T. ) ;
#7423 = EDGE_LOOP ( 'NONE', ( #1284, #5543, #1767, #2719 ) ) ;
#7424 = CARTESIAN_POINT ( 'NONE',  ( -13.50000000000000533, -14.20000000000000639, -14.69999999999998863 ) ) ;
#7425 = CARTESIAN_POINT ( 'NONE',  ( -11.35932914069615052, 1.860908745499907369, -0.1999999999999999556 ) ) ;
#7426 = CARTESIAN_POINT ( 'NONE',  ( -4.668223553739449194, 0.3562540462688973952, 0.000000000000000000 ) ) ;
#7427 = CARTESIAN_POINT ( 'NONE',  ( 3.450126666700006783, -15.69999999999999929, -6.200000000000001066 ) ) ;
#7428 = CARTESIAN_POINT ( 'NONE',  ( 6.227808503120348504, -6.581476711740719132, -0.2000000000000000111 ) ) ;
#7429 = CARTESIAN_POINT ( 'NONE',  ( -8.947950181779715351, 1.606400620084494468, 0.000000000000000000 ) ) ;
#7430 = ORIENTED_EDGE ( 'NONE', *, *, #6830, .F. ) ;
#7431 = CARTESIAN_POINT ( 'NONE',  ( -0.8243902439023734763, 2.245193205839012052, -1.897353801849632760E-16 ) ) ;
#7432 = ORIENTED_EDGE ( 'NONE', *, *, #6702, .T. ) ;
#7433 = PLANE ( 'NONE',  #3373 ) ;
#7434 = CARTESIAN_POINT ( 'NONE',  ( -4.998905992912844098, 4.317040192604685522, 0.000000000000000000 ) ) ;
#7435 = CARTESIAN_POINT ( 'NONE',  ( -10.17661312753618574, 1.110215362912155390, 0.000000000000000000 ) ) ;
#7436 = CARTESIAN_POINT ( 'NONE',  ( 4.694324922952930912, -6.581476711740719132, -0.2000000000000000111 ) ) ;
#7437 = CARTESIAN_POINT ( 'NONE',  ( 1.907317073170796240, 3.732998083887792529, -0.2000000000000000666 ) ) ;
#7438 = CARTESIAN_POINT ( 'NONE',  ( -0.3338660597349740744, 4.332888016728503544, -2.710505431213761085E-17 ) ) ;
#7439 = CARTESIAN_POINT ( 'NONE',  ( -5.567493911366273807, -7.375133543765119093, -8.800000000000002487 ) ) ;
#7440 = EDGE_CURVE ( 'NONE', #7776, #3282, #4396, .T. ) ;
#7441 = ORIENTED_EDGE ( 'NONE', *, *, #7054, .F. ) ;
#7442 = VERTEX_POINT ( 'NONE', #1712 ) ;
#7443 = CARTESIAN_POINT ( 'NONE',  ( -1.602399416618244476, 2.923672202434309142, 0.000000000000000000 ) ) ;
#7444 = CARTESIAN_POINT ( 'NONE',  ( -0.3545993288639877616, 0.2424884788369608135, -0.1999999999999999833 ) ) ;
#7445 = LINE ( 'NONE', #696, #6664 ) ;
#7446 = LINE ( 'NONE', #2834, #8648 ) ;
#7447 = FACE_OUTER_BOUND ( 'NONE', #2493, .T. ) ;
#7448 = DIRECTION ( 'NONE',  ( -0.000000000000000000, 0.000000000000000000, 1.000000000000000000 ) ) ;
#7449 = EDGE_CURVE ( 'NONE', #4818, #8611, #6448, .T. ) ;
#7450 = VERTEX_POINT ( 'NONE', #5639 ) ;
#7451 = B_SPLINE_SURFACE_WITH_KNOTS ( 'NONE', 3, 1, ( 
 ( #814, #2900 ),
 ( #3784, #8371 ),
 ( #4966, #7701 ),
 ( #1563, #3485 ),
 ( #6518, #1773 ),
 ( #7020, #2949 ),
 ( #6216, #5841 ),
 ( #2448, #4502 ),
 ( #103, #487 ),
 ( #540, #3207 ),
 ( #5883, #8812 ),
 ( #8141, #6021 ),
 ( #7420, #5274 ),
 ( #1959, #8680 ),
 ( #7377, #5315 ),
 ( #5402, #1252 ),
 ( #3259, #1156 ),
 ( #4012, #8728 ),
 ( #7963, #5981 ) ),
 .UNSPECIFIED., .F., .F., .F.,
 ( 4, 1, 1, 1, 1, 1, 1, 1, 1, 1, 1, 1, 1, 1, 1, 1, 4 ),
 ( 2, 2 ),
 ( 0.000000000000000000, 0.07086112574917732831, 0.1383124640173554742, 0.2032189764373685537, 0.2657490617238897901, 0.3270669237149356756, 0.3870310498381561715, 0.4467903704422743760, 0.5067174200227059222, 0.5664431383071758530, 0.6252945533122903354, 0.6837425618851836751, 0.7432240956556641631, 0.8035767442794587989, 0.8665011575630729990, 0.9317876460249041592, 1.000000000000000000 ),
 ( 0.000000000000000000, 1.000000000000000000 ),
 .UNSPECIFIED. ) ;
#7452 = ORIENTED_EDGE ( 'NONE', *, *, #5417, .F. ) ;
#7453 = CARTESIAN_POINT ( 'NONE',  ( 0.05701824514861467824, 0.9613594606275667198, -0.2000000000000000111 ) ) ;
#7454 = ORIENTED_EDGE ( 'NONE', *, *, #6884, .F. ) ;
#7455 = CARTESIAN_POINT ( 'NONE',  ( -0.2342902252327031254, 0.8749608421907660860, -0.2000000000000000111 ) ) ;
#7456 = CARTESIAN_POINT ( 'NONE',  ( -9.696341463414569262, 0.9715651570585241981, -2.710505431213761085E-17 ) ) ;
#7457 = CARTESIAN_POINT ( 'NONE',  ( 0.1622096848955603687, 4.309544534380692404, -5.421010862427522170E-17 ) ) ;
#7458 = LINE ( 'NONE', #126, #7670 ) ;
#7459 = CARTESIAN_POINT ( 'NONE',  ( -11.36097560975603216, 4.288638327790232019, 0.000000000000000000 ) ) ;
#7460 = CARTESIAN_POINT ( 'NONE',  ( 3.663414634146407334, 0.2886383277902315192, 0.000000000000000000 ) ) ;
#7461 = EDGE_CURVE ( 'NONE', #8143, #6050, #3005, .T. ) ;
#7462 = ORIENTED_EDGE ( 'NONE', *, *, #142, .T. ) ;
#7463 = ORIENTED_EDGE ( 'NONE', *, *, #6997, .F. ) ;
#7464 = FACE_OUTER_BOUND ( 'NONE', #5001, .T. ) ;
#7465 = CARTESIAN_POINT ( 'NONE',  ( -0.2382621951218868994, 0.2398578399853534548, -2.710505431213761085E-17 ) ) ;
#7466 = CARTESIAN_POINT ( 'NONE',  ( -4.934248024395316179, 0.2908095901037795472, 0.000000000000000000 ) ) ;
#7467 = LINE ( 'NONE', #7515, #6384 ) ;
#7468 = LINE ( 'NONE', #5491, #7970 ) ;
#7469 = EDGE_CURVE ( 'NONE', #7816, #7281, #3679, .T. ) ;
#7470 = FACE_OUTER_BOUND ( 'NONE', #8213, .T. ) ;
#7471 = ORIENTED_EDGE ( 'NONE', *, *, #1667, .T. ) ;
#7472 = ORIENTED_EDGE ( 'NONE', *, *, #3366, .T. ) ;
#7473 = CARTESIAN_POINT ( 'NONE',  ( -8.148262187362911746, 1.418461006457699014, -0.2000000000000000111 ) ) ;
#7474 = CARTESIAN_POINT ( 'NONE',  ( -9.067754980697172229, 1.274704614987975493, -5.421010862427522170E-17 ) ) ;
#7475 = CARTESIAN_POINT ( 'NONE',  ( 0.2846112161824669307, 3.252510906255187351, -2.710505431213761085E-17 ) ) ;
#7476 = DIRECTION ( 'NONE',  ( -0.000000000000000000, -0.000000000000000000, -1.000000000000000000 ) ) ;
#7477 = CARTESIAN_POINT ( 'NONE',  ( -6.626209985751732923, 2.125404242854509018, 0.000000000000000000 ) ) ;
#7478 = CARTESIAN_POINT ( 'NONE',  ( 4.694324922952930912, -6.581476711740719132, -0.2000000000000000111 ) ) ;
#7479 = CARTESIAN_POINT ( 'NONE',  ( -1.653658536585301375, 2.224613937546329634, -2.710505431213761085E-17 ) ) ;
#7480 = CARTESIAN_POINT ( 'NONE',  ( -2.239024390243838258, 1.508150522912182767, -0.2000000000000000111 ) ) ;
#7481 = ORIENTED_EDGE ( 'NONE', *, *, #7837, .T. ) ;
#7482 = VERTEX_POINT ( 'NONE', #5114 ) ;
#7483 = LINE ( 'NONE', #4668, #507 ) ;
#7484 = DIRECTION ( 'NONE',  ( 1.000000000000000000, 0.000000000000000000, 0.000000000000000000 ) ) ;
#7485 = ADVANCED_FACE ( 'NONE', ( #2251 ), #342, .F. ) ;
#7486 = LINE ( 'NONE', #7540, #7232 ) ;
#7487 = CARTESIAN_POINT ( 'NONE',  ( 6.227808503120348504, -8.113779781068901187, 0.000000000000000000 ) ) ;
#7488 = B_SPLINE_CURVE_WITH_KNOTS ( 'NONE', 3,
 ( #6019, #2585, #5401, #1250, #1957, #1824, #8139, #5313, #6563, #7419, #7239, #1112, #1154, #2541, #3833, #8046, #616, #3162, #5881 ),
 .UNSPECIFIED., .F., .F.,
 ( 4, 1, 1, 1, 1, 1, 1, 1, 1, 1, 1, 1, 1, 1, 1, 1, 4 ),
 ( 0.000000000000000000, 0.1002084962048787886, 0.1940852928236692643, 0.2812282346903770547, 0.3627523869429880032, 0.4383958411188416671, 0.5077449299920501202, 0.5721536253493331170, 0.6311313209699376259, 0.6856026289775694060, 0.7357021334326442341, 0.7823153508154973013, 0.8269372048975734968, 0.8696653523053670121, 0.9119161863737613727, 0.9548416479107482147, 1.000000000000000000 ),
 .UNSPECIFIED. ) ;
#7489 = CARTESIAN_POINT ( 'NONE',  ( 0.3093970491810222323, 4.269939733261096215, -0.2000000000000000111 ) ) ;
#7490 = LINE ( 'NONE', #8260, #1103 ) ;
#7491 = AXIS2_PLACEMENT_3D ( 'NONE', #6277, #8390, #5691 ) ;
#7492 = ORIENTED_EDGE ( 'NONE', *, *, #8623, .F. ) ;
#7493 = ORIENTED_EDGE ( 'NONE', *, *, #7555, .T. ) ;
#7494 = CARTESIAN_POINT ( 'NONE',  ( -0.1848041491870962283, 0.8749152499313025411, -0.2000000000000000111 ) ) ;
#7495 = ORIENTED_EDGE ( 'NONE', *, *, #6963, .T. ) ;
#7496 = ADVANCED_FACE ( 'NONE', ( #7170 ), #1040, .F. ) ;
#7497 = ADVANCED_FACE ( 'NONE', ( #8566 ), #6993, .F. ) ;
#7498 = CARTESIAN_POINT ( 'NONE',  ( -0.4192504286391782742, 0.9203946217287056752, 0.000000000000000000 ) ) ;
#7499 = DIRECTION ( 'NONE',  ( 1.000000000000000000, -1.562831776442509002E-16, 0.000000000000000000 ) ) ;
#7500 = LINE ( 'NONE', #164, #8234 ) ;
#7501 = VECTOR ( 'NONE', #4510, 1000.000000000000000 ) ;
#7502 = DIRECTION ( 'NONE',  ( 0.000000000000000000, 0.000000000000000000, -1.000000000000000000 ) ) ;
#7503 = CARTESIAN_POINT ( 'NONE',  ( 0.000000000000000000, 0.000000000000000000, 0.000000000000000000 ) ) ;
#7504 = CARTESIAN_POINT ( 'NONE',  ( 2.474305238303190269, 3.179484895498383867, -2.710505431213762318E-17 ) ) ;
#7505 = AXIS2_PLACEMENT_3D ( 'NONE', #2072, #6142, #7541 ) ;
#7506 = ORIENTED_EDGE ( 'NONE', *, *, #6599, .F. ) ;
#7507 = ORIENTED_EDGE ( 'NONE', *, *, #1382, .T. ) ;
#7508 = VECTOR ( 'NONE', #7652, 1000.000000000000000 ) ;
#7509 = VECTOR ( 'NONE', #3614, 1000.000000000000000 ) ;
#7510 = ORIENTED_EDGE ( 'NONE', *, *, #5366, .F. ) ;
#7511 = LINE ( 'NONE', #4820, #1639 ) ;
#7512 = EDGE_CURVE ( 'NONE', #1589, #1991, #5956, .T. ) ;
#7513 = CARTESIAN_POINT ( 'NONE',  ( 1.052873749079088928, 1.135728442271708660, -2.710505431213762934E-17 ) ) ;
#7514 = CARTESIAN_POINT ( 'NONE',  ( -17.79999999999999716, -15.69999999999999929, -1.000000000000000000 ) ) ;
#7515 = CARTESIAN_POINT ( 'NONE',  ( 2.834146341463480212, 3.393059059497549157, 0.000000000000000000 ) ) ;
#7516 = VECTOR ( 'NONE', #3567, 1000.000000000000000 ) ;
#7517 = LINE ( 'NONE', #5364, #7099 ) ;
#7518 = AXIS2_PLACEMENT_3D ( 'NONE', #7980, #2558, #1841 ) ;
#7519 = CARTESIAN_POINT ( 'NONE',  ( -9.604274437222224847, 0.9735056200454613728, 0.000000000000000000 ) ) ;
#7520 = ORIENTED_EDGE ( 'NONE', *, *, #6100, .T. ) ;
#7521 = EDGE_LOOP ( 'NONE', ( #5117, #2244, #4482, #7247 ) ) ;
#7522 = AXIS2_PLACEMENT_3D ( 'NONE', #8337, #3045, #2961 ) ;
#7523 = CARTESIAN_POINT ( 'NONE',  ( -11.35995636060658676, 1.903934210199818455, -0.2000000000000000111 ) ) ;
#7524 = AXIS2_PLACEMENT_3D ( 'NONE', #6799, #8645, #7697 ) ;
#7525 = EDGE_CURVE ( 'NONE', #2986, #1735, #4978, .T. ) ;
#7526 = DIRECTION ( 'NONE',  ( 0.000000000000000000, 0.000000000000000000, 1.000000000000000000 ) ) ;
#7527 = DIRECTION ( 'NONE',  ( -1.000000000000000000, 0.000000000000000000, 0.000000000000000000 ) ) ;
#7528 = CARTESIAN_POINT ( 'NONE',  ( 2.081935803556683506, 3.785873347477390016, 0.000000000000000000 ) ) ;
#7529 = PLANE ( 'NONE',  #5942 ) ;
#7530 = DIRECTION ( 'NONE',  ( 1.000000000000000000, -9.745637505487682231E-17, 0.000000000000000000 ) ) ;
#7531 = CARTESIAN_POINT ( 'NONE',  ( -0.5004446804749497213, 4.307452154668538036, -2.710505431213761085E-17 ) ) ;
#7532 = DIRECTION ( 'NONE',  ( -1.000000000000000000, 0.000000000000000000, 0.000000000000000000 ) ) ;
#7533 = VECTOR ( 'NONE', #8756, 1000.000000000000000 ) ;
#7534 = VERTEX_POINT ( 'NONE', #3857 ) ;
#7535 = VERTEX_POINT ( 'NONE', #4529 ) ;
#7536 = CARTESIAN_POINT ( 'NONE',  ( 3.663414634146407334, 4.337418815595110111, 0.000000000000000000 ) ) ;
#7537 = EDGE_CURVE ( 'NONE', #4748, #4859, #2103, .T. ) ;
#7538 = CARTESIAN_POINT ( 'NONE',  ( -2.239024390243838258, 1.508150522912182767, -0.2000000000000000111 ) ) ;
#7539 = VECTOR ( 'NONE', #1274, 1000.000000000000000 ) ;
#7540 = CARTESIAN_POINT ( 'NONE',  ( -7.507317073170667321, 2.204034669253646328, -2.710505431213761085E-17 ) ) ;
#7541 = DIRECTION ( 'NONE',  ( -0.000000000000000000, 0.000000000000000000, -1.000000000000000000 ) ) ;
#7542 = CARTESIAN_POINT ( 'NONE',  ( 1.140400384935355671, 3.197032784547516382, -0.2000000000000000111 ) ) ;
#7543 = CARTESIAN_POINT ( 'NONE',  ( -3.751219512195057337, 2.093516376570719206, -0.2000000000000000111 ) ) ;
#7544 = VECTOR ( 'NONE', #5237, 1000.000000000000000 ) ;
#7545 = EDGE_LOOP ( 'NONE', ( #6943, #6631, #2748, #7587 ) ) ;
#7546 = CARTESIAN_POINT ( 'NONE',  ( -9.790282824204604495, 12.60052523055713181, -1.000000000000000000 ) ) ;
#7547 = ORIENTED_EDGE ( 'NONE', *, *, #6862, .T. ) ;
#7548 = CARTESIAN_POINT ( 'NONE',  ( 6.227808503120347616, -1.849989268083281901, -0.2000000000000000111 ) ) ;
#7549 = FACE_OUTER_BOUND ( 'NONE', #6482, .T. ) ;
#7550 = DIRECTION ( 'NONE',  ( -1.000000000000000000, -2.282530889443167515E-16, -0.000000000000000000 ) ) ;
#7551 = AXIS2_PLACEMENT_3D ( 'NONE', #7692, #2271, #2936 ) ;
#7552 = LINE ( 'NONE', #835, #8521 ) ;
#7553 = DIRECTION ( 'NONE',  ( -0.000000000000000000, -0.000000000000000000, 1.000000000000000000 ) ) ;
#7554 = VERTEX_POINT ( 'NONE', #600 ) ;
#7555 = EDGE_CURVE ( 'NONE', #3693, #6052, #6681, .T. ) ;
#7556 = ORIENTED_EDGE ( 'NONE', *, *, #5473, .T. ) ;
#7557 = ORIENTED_EDGE ( 'NONE', *, *, #939, .T. ) ;
#7558 = CARTESIAN_POINT ( 'NONE',  ( -1.653658536585301375, 2.224613937546329634, -2.710505431213761085E-17 ) ) ;
#7559 = CARTESIAN_POINT ( 'NONE',  ( 1.907317073170796240, 3.020345644863402512, -0.2000000000000000111 ) ) ;
#7560 = CARTESIAN_POINT ( 'NONE',  ( -11.05965770258251268, 0.7879365258567121444, -2.710505431213761085E-17 ) ) ;
#7561 = CARTESIAN_POINT ( 'NONE',  ( -6.627726846906636382, 2.352931815017677231, -2.710505431213759236E-17 ) ) ;
#7562 = CARTESIAN_POINT ( 'NONE',  ( 0.1190366581657901351, 3.564527628796186676, -0.2000000000000000111 ) ) ;
#7563 = CARTESIAN_POINT ( 'NONE',  ( 3.663414634146407334, 0.2886383277902315192, -0.2000000000000000111 ) ) ;
#7564 = ADVANCED_FACE ( 'NONE', ( #8749 ), #2470, .T. ) ;
#7565 = VERTEX_POINT ( 'NONE', #1801 ) ;
#7566 = ORIENTED_EDGE ( 'NONE', *, *, #4177, .T. ) ;
#7567 = CARTESIAN_POINT ( 'NONE',  ( -0.1577985701315650913, 3.701881615888094501, -2.710505431213759852E-17 ) ) ;
#7568 = CARTESIAN_POINT ( 'NONE',  ( -1.568327526479844192, 1.359983594459120981, -0.2000000000000000111 ) ) ;
#7569 = DIRECTION ( 'NONE',  ( 0.000000000000000000, 0.000000000000000000, 1.000000000000000000 ) ) ;
#7570 = CARTESIAN_POINT ( 'NONE',  ( -10.45747045407118492, 1.630580947026702532, 0.000000000000000000 ) ) ;
#7571 = CARTESIAN_POINT ( 'NONE',  ( -6.501970990207547096, 1.625484009847741218, -0.2000000000000000111 ) ) ;
#7572 = CARTESIAN_POINT ( 'NONE',  ( 17.80000000000000071, 11.20133359925599059, -1.000000000000000000 ) ) ;
#7573 = CARTESIAN_POINT ( 'NONE',  ( -0.7095694172998046056, 1.309962214237720302, 0.000000000000000000 ) ) ;
#7574 = CARTESIAN_POINT ( 'NONE',  ( 3.450000000000004174, -11.70000000000000107, 0.000000000000000000 ) ) ;
#7575 = EDGE_CURVE ( 'NONE', #1884, #6915, #3994, .T. ) ;
#7576 = VERTEX_POINT ( 'NONE', #6041 ) ;
#7577 = ORIENTED_EDGE ( 'NONE', *, *, #7440, .F. ) ;
#7578 = DIRECTION ( 'NONE',  ( 9.745637505487682231E-17, 1.000000000000000000, 0.000000000000000000 ) ) ;
#7579 = CARTESIAN_POINT ( 'NONE',  ( 1.077770678743708466, 3.463430959394327324, -0.2000000000000000111 ) ) ;
#7580 = LINE ( 'NONE', #6096, #4800 ) ;
#7581 = LINE ( 'NONE', #6047, #1221 ) ;
#7582 = CARTESIAN_POINT ( 'NONE',  ( 0.8819663380316988821, 3.832056180932402523, -8.131516293641283255E-17 ) ) ;
#7583 = DIRECTION ( 'NONE',  ( 0.000000000000000000, 0.000000000000000000, -1.000000000000000000 ) ) ;
#7584 = ADVANCED_FACE ( 'NONE', ( #7402, #8708 ), #6720, .T. ) ;
#7585 = VERTEX_POINT ( 'NONE', #1137 ) ;
#7586 = DIRECTION ( 'NONE',  ( -0.000000000000000000, -0.000000000000000000, -1.000000000000000000 ) ) ;
#7587 = ORIENTED_EDGE ( 'NONE', *, *, #3617, .F. ) ;
#7588 = CARTESIAN_POINT ( 'NONE',  ( 1.990880140529198927, 3.032160999721022598, -0.2000000000000000944 ) ) ;
#7589 = CARTESIAN_POINT ( 'NONE',  ( 0.3027056729636137256, 3.190010039100040551, -0.1999999999999999833 ) ) ;
#7590 = PLANE ( 'NONE',  #5363 ) ;
#7591 = LINE ( 'NONE', #6909, #1945 ) ;
#7592 = APPROVAL_DATE_TIME ( #4988, #3172 ) ;
#7593 = DIRECTION ( 'NONE',  ( 0.000000000000000000, 0.000000000000000000, -1.000000000000000000 ) ) ;
#7594 = B_SPLINE_CURVE_WITH_KNOTS ( 'NONE', 3,
 ( #6850, #15, #3449, #1310, #1352, #6001, #56, #2061, #4744, #1438, #3409, #729, #598, #4161 ),
 .UNSPECIFIED., .F., .F.,
 ( 4, 2, 2, 2, 2, 2, 4 ),
 ( 0.000000000000000000, 0.0001801200445691055168, 0.0003602400891382111421, 0.0005403601337073167402, 0.0007204801782764223925, 0.001080720267414633697, 0.001440960356552844785 ),
 .UNSPECIFIED. ) ;
#7595 = ORIENTED_EDGE ( 'NONE', *, *, #7160, .T. ) ;
#7596 = EDGE_LOOP ( 'NONE', ( #3543, #7369, #3657, #1842 ) ) ;
#7597 = DIRECTION ( 'NONE',  ( 9.745637505487682231E-17, 1.000000000000000000, 0.000000000000000000 ) ) ;
#7598 = ORIENTED_EDGE ( 'NONE', *, *, #5473, .F. ) ;
#7599 = CARTESIAN_POINT ( 'NONE',  ( -9.790282824204604495, 11.20133359925599414, -2.999999999999999112 ) ) ;
#7600 = CARTESIAN_POINT ( 'NONE',  ( -0.8038219242361133166, 2.737136786722114579, 0.000000000000000000 ) ) ;
#7601 = CARTESIAN_POINT ( 'NONE',  ( -4.535730129441681413, 4.222484783328210867, -0.2000000000000000111 ) ) ;
#7602 = PLANE ( 'NONE',  #3824 ) ;
#7603 = EDGE_CURVE ( 'NONE', #1756, #2242, #1227, .T. ) ;
#7604 = CARTESIAN_POINT ( 'NONE',  ( -9.689557013943554874E-16, -6.200000000000000178, -1.000000000000000000 ) ) ;
#7605 = ORIENTED_EDGE ( 'NONE', *, *, #5923, .F. ) ;
#7606 = B_SPLINE_SURFACE_WITH_KNOTS ( 'NONE', 3, 1, ( 
 ( #2379, #8562 ),
 ( #3853, #3044 ),
 ( #2424, #5110 ),
 ( #1222, #420 ),
 ( #463, #6624 ),
 ( #1796, #7348 ),
 ( #4609, #6540 ),
 ( #8649, #7211 ),
 ( #7845, #7984 ),
 ( #6444, #3182 ),
 ( #372, #1707 ),
 ( #3229, #5859 ),
 ( #1887, #4525 ),
 ( #4475, #3096 ),
 ( #5902, #323 ),
 ( #1845, #1749 ),
 ( #8604, #4568 ),
 ( #7306, #1175 ),
 ( #4435, #5153 ) ),
 .UNSPECIFIED., .F., .F., .F.,
 ( 4, 1, 1, 1, 1, 1, 1, 1, 1, 1, 1, 1, 1, 1, 1, 1, 4 ),
 ( 2, 2 ),
 ( 0.000000000000000000, 0.06829530759195533152, 0.1338722888349734574, 0.1972425717034613224, 0.2590429956733958372, 0.3197453833583545069, 0.3798670893547900773, 0.4405902187777475110, 0.5021001118074178704, 0.5635464641333052249, 0.6239891921254723250, 0.6838667489231174956, 0.7441336168292124187, 0.8051451265305925586, 0.8676797404855067786, 0.9326108213592779750, 1.000000000000000000 ),
 ( 0.000000000000000000, 1.000000000000000000 ),
 .UNSPECIFIED. ) ;
#7607 = ORIENTED_EDGE ( 'NONE', *, *, #2136, .T. ) ;
#7608 = CARTESIAN_POINT ( 'NONE',  ( 0.2026059126783409103, 3.451592817395154889, 1.355252715606880543E-17 ) ) ;
#7609 = CARTESIAN_POINT ( 'NONE',  ( 6.227808503120348504, -6.581476711740719132, -0.2000000000000000111 ) ) ;
#7610 = CARTESIAN_POINT ( 'NONE',  ( -6.503293746776244610, 1.609080929744618471, -1.084202172485504927E-16 ) ) ;
#7611 = DIRECTION ( 'NONE',  ( -0.000000000000000000, -0.000000000000000000, -1.000000000000000000 ) ) ;
#7612 = ADVANCED_FACE ( 'NONE', ( #1753 ), #4614, .T. ) ;
#7613 = DIRECTION ( 'NONE',  ( 0.000000000000000000, -0.000000000000000000, 1.000000000000000000 ) ) ;
#7614 = DIRECTION ( 'NONE',  ( 1.000000000000000000, 0.000000000000000000, 0.000000000000000000 ) ) ;
#7615 = CARTESIAN_POINT ( 'NONE',  ( -12.79999999999992966, -6.550000000000027356, -8.799999999999998934 ) ) ;
#7616 = VERTEX_POINT ( 'NONE', #5958 ) ;
#7617 = VERTEX_POINT ( 'NONE', #3948 ) ;
#7618 = CARTESIAN_POINT ( 'NONE',  ( 1.907317073170796240, 3.020345644863402512, -0.2000000000000000111 ) ) ;
#7619 = CARTESIAN_POINT ( 'NONE',  ( 1.193420730711171274, 2.893632148063125964, -0.2000000000000000666 ) ) ;
#7620 = EDGE_CURVE ( 'NONE', #7853, #3753, #1179, .T. ) ;
#7621 = CARTESIAN_POINT ( 'NONE',  ( -10.85473517312060743, 0.5688667969033580629, 8.131516293641283255E-17 ) ) ;
#7622 = CARTESIAN_POINT ( 'NONE',  ( -6.543529618315411689, 2.806547661223617318, 0.000000000000000000 ) ) ;
#7623 = CARTESIAN_POINT ( 'NONE',  ( 0.9631691513697511198, 3.696598559463699196, -8.131516293641283255E-17 ) ) ;
#7624 = CARTESIAN_POINT ( 'NONE',  ( -4.543742086777925238, 1.156828111363683798, 8.131516293641283255E-17 ) ) ;
#7625 = ORIENTED_EDGE ( 'NONE', *, *, #4312, .T. ) ;
#7626 = DIRECTION ( 'NONE',  ( -0.000000000000000000, -0.000000000000000000, 1.000000000000000000 ) ) ;
#7627 = CARTESIAN_POINT ( 'NONE',  ( 1.223011862166448971, 2.432786914037249115, -2.710505431213761085E-17 ) ) ;
#7628 = EDGE_CURVE ( 'NONE', #2093, #220, #1089, .T. ) ;
#7629 = CARTESIAN_POINT ( 'NONE',  ( -9.800000000000009592, -6.550000000000028244, -8.799999999999998934 ) ) ;
#7630 = DIRECTION ( 'NONE',  ( 0.000000000000000000, -0.000000000000000000, 1.000000000000000000 ) ) ;
#7631 = CARTESIAN_POINT ( 'NONE',  ( 6.879450486378557272, 1.942992058381624698, -0.2000000000000000111 ) ) ;
#7632 = DIRECTION ( 'NONE',  ( 0.000000000000000000, 0.000000000000000000, -1.000000000000000000 ) ) ;
#7633 = PERSON_AND_ORGANIZATION_ROLE ( 'creator' ) ;
#7634 = CARTESIAN_POINT ( 'NONE',  ( -7.477994460765201801, 1.782567255088283176, 0.000000000000000000 ) ) ;
#7635 = CLOSED_SHELL ( 'NONE', ( #519, #3126, #1581, #1121, #1911, #727, #2805, #7612, #3808 ) ) ;
#7636 = ORIENTED_EDGE ( 'NONE', *, *, #5624, .F. ) ;
#7637 = CARTESIAN_POINT ( 'NONE',  ( 17.80000000000000426, -14.19999999999999929, -1.000000000000000000 ) ) ;
#7638 = ORIENTED_EDGE ( 'NONE', *, *, #5291, .T. ) ;
#7639 = CARTESIAN_POINT ( 'NONE',  ( -17.79999999999999361, 13.20133359925599414, -16.50000000000000000 ) ) ;
#7640 = VECTOR ( 'NONE', #8755, 1000.000000000000000 ) ;
#7641 = EDGE_CURVE ( 'NONE', #4322, #4794, #38, .T. ) ;
#7642 = CARTESIAN_POINT ( 'NONE',  ( -0.8240670752858110237, 2.304147015176464475, -0.000000000000000000 ) ) ;
#7643 = FACE_BOUND ( 'NONE', #1093, .T. ) ;
#7644 = CARTESIAN_POINT ( 'NONE',  ( -5.943535576815247801, 3.484932925211684296, 1.355252715606879926E-17 ) ) ;
#7645 = FACE_OUTER_BOUND ( 'NONE', #2894, .T. ) ;
#7646 = VECTOR ( 'NONE', #8197, 1000.000000000000000 ) ;
#7647 = VECTOR ( 'NONE', #3560, 1000.000000000000000 ) ;
#7648 = ORIENTED_EDGE ( 'NONE', *, *, #94, .T. ) ;
#7649 = VERTEX_POINT ( 'NONE', #7310 ) ;
#7650 = CARTESIAN_POINT ( 'NONE',  ( -7.507317073170667321, 2.204034669253646328, -0.2000000000000000111 ) ) ;
#7651 = CARTESIAN_POINT ( 'NONE',  ( -0.4067400763441527678, 0.2436514308584424304, -0.2000000000000000111 ) ) ;
#7652 = DIRECTION ( 'NONE',  ( 0.000000000000000000, 0.000000000000000000, -1.000000000000000000 ) ) ;
#7653 = VECTOR ( 'NONE', #3109, 1000.000000000000000 ) ;
#7654 = AXIS2_PLACEMENT_3D ( 'NONE', #4274, #257, #7005 ) ;
#7655 = CARTESIAN_POINT ( 'NONE',  ( -1.633805830134214654, 1.764164239121326361, -0.2000000000000000111 ) ) ;
#7656 = DIRECTION ( 'NONE',  ( 0.000000000000000000, 1.000000000000000000, 0.000000000000000000 ) ) ;
#7657 = CARTESIAN_POINT ( 'NONE',  ( 0.3939162847948091684, 2.454354538096069849, 0.000000000000000000 ) ) ;
#7658 = DIRECTION ( 'NONE',  ( 0.000000000000000000, 0.000000000000000000, -1.000000000000000000 ) ) ;
#7659 = VECTOR ( 'NONE', #4298, 1000.000000000000000 ) ;
#7660 = EDGE_CURVE ( 'NONE', #2846, #1381, #6243, .T. ) ;
#7661 = AXIS2_PLACEMENT_3D ( 'NONE', #5244, #6714, #630 ) ;
#7662 = EDGE_LOOP ( 'NONE', ( #5845, #3471, #5064, #7412 ) ) ;
#7663 = EDGE_CURVE ( 'NONE', #5042, #7617, #4704, .T. ) ;
#7664 = VERTEX_POINT ( 'NONE', #7574 ) ;
#7665 = CARTESIAN_POINT ( 'NONE',  ( -12.79999999999993321, 8.850000000000040501, -8.799999999999998934 ) ) ;
#7666 = CARTESIAN_POINT ( 'NONE',  ( -9.192482736855215109, 0.2986457336948106778, 0.000000000000000000 ) ) ;
#7667 = UNCERTAINTY_MEASURE_WITH_UNIT (LENGTH_MEASURE( 1.000000000000000082E-05 ), #1251, 'distance_accuracy_value', 'NONE');
#7668 = CARTESIAN_POINT ( 'NONE',  ( 6.879450486378557272, 1.942992058381624698, 1.734723475976807094E-15 ) ) ;
#7669 = CARTESIAN_POINT ( 'NONE',  ( -5.908368125715575125, 1.058769302415399682, -0.2000000000000000111 ) ) ;
#7670 = VECTOR ( 'NONE', #7502, 1000.000000000000000 ) ;
#7671 = LINE ( 'NONE', #5018, #951 ) ;
#7672 = CARTESIAN_POINT ( 'NONE',  ( -10.10497522074784271, 1.062689215063978843, -1.084202172485504681E-16 ) ) ;
#7673 = ORIENTED_EDGE ( 'NONE', *, *, #7172, .T. ) ;
#7674 = EDGE_CURVE ( 'NONE', #5474, #6533, #5424, .T. ) ;
#7675 = VECTOR ( 'NONE', #3438, 1000.000000000000000 ) ;
#7676 = DIRECTION ( 'NONE',  ( 1.000000000000000000, -0.000000000000000000, 0.000000000000000000 ) ) ;
#7677 = CARTESIAN_POINT ( 'NONE',  ( 0.9207185765804968280, 3.774783653872857858, -2.710505431213762318E-17 ) ) ;
#7678 = CARTESIAN_POINT ( 'NONE',  ( 0.3940660451169253342, 2.145926354262981839, -2.710505431213761701E-17 ) ) ;
#7679 = DIRECTION ( 'NONE',  ( -0.000000000000000000, -0.000000000000000000, 1.000000000000000000 ) ) ;
#7680 = LINE ( 'NONE', #8480, #3225 ) ;
#7681 = CARTESIAN_POINT ( 'NONE',  ( -18.39999999999999503, -8.550000000000027356, -1.000000000000000000 ) ) ;
#7682 = APPROVAL_STATUS ( 'not_yet_approved' ) ;
#7683 = CARTESIAN_POINT ( 'NONE',  ( 0.05701824514861467824, 0.9613594606275667198, -0.2000000000000001221 ) ) ;
#7684 = VECTOR ( 'NONE', #2556, 1000.000000000000000 ) ;
#7685 = ORIENTED_EDGE ( 'NONE', *, *, #4348, .T. ) ;
#7686 = EDGE_CURVE ( 'NONE', #3273, #7355, #2601, .T. ) ;
#7687 = DIRECTION ( 'NONE',  ( 0.000000000000000000, 0.000000000000000000, -1.000000000000000000 ) ) ;
#7688 = ORIENTED_EDGE ( 'NONE', *, *, #4645, .F. ) ;
#7689 = FACE_OUTER_BOUND ( 'NONE', #4848, .T. ) ;
#7690 = FACE_OUTER_BOUND ( 'NONE', #448, .T. ) ;
#7691 = CARTESIAN_POINT ( 'NONE',  ( -4.467909330471531604, 3.381392089477542218, -0.000000000000000000 ) ) ;
#7692 = CARTESIAN_POINT ( 'NONE',  ( -17.79999999999999361, 13.20133359925599414, -16.50000000000000000 ) ) ;
#7693 = DIRECTION ( 'NONE',  ( -0.000000000000000000, -0.000000000000000000, -1.000000000000000000 ) ) ;
#7694 = EDGE_CURVE ( 'NONE', #2998, #6156, #2483, .T. ) ;
#7695 = ORIENTED_EDGE ( 'NONE', *, *, #7766, .T. ) ;
#7696 = ORIENTED_EDGE ( 'NONE', *, *, #2693, .T. ) ;
#7697 = DIRECTION ( 'NONE',  ( -1.000000000000000000, 0.000000000000000000, -0.000000000000000000 ) ) ;
#7698 = CARTESIAN_POINT ( 'NONE',  ( -1.652783515363061895, 2.144549058168365718, 0.000000000000000000 ) ) ;
#7699 = CARTESIAN_POINT ( 'NONE',  ( 0.3951219512195770500, 2.286351742424377775, -0.2000000000000000666 ) ) ;
#7700 = CARTESIAN_POINT ( 'NONE',  ( -0.7181811756050868745, 0.3063799479609574106, -1.084202172485504434E-16 ) ) ;
#7701 = CARTESIAN_POINT ( 'NONE',  ( -6.626209985751732923, 2.125404242854509018, -8.131516293641283255E-17 ) ) ;
#7702 = CARTESIAN_POINT ( 'NONE',  ( -13.50000000000000178, 14.20133359925599414, -14.69999999999998863 ) ) ;
#7703 = CARTESIAN_POINT ( 'NONE',  ( -9.696341463414569262, 0.9715651570585241981, 0.000000000000000000 ) ) ;
#7704 = ORIENTED_EDGE ( 'NONE', *, *, #7143, .T. ) ;
#7705 = ORIENTED_EDGE ( 'NONE', *, *, #2945, .T. ) ;
#7706 = CARTESIAN_POINT ( 'NONE',  ( -0.3731532160435706569, 3.670264591372187635, -0.2000000000000002054 ) ) ;
#7707 = CARTESIAN_POINT ( 'NONE',  ( -8.096726484341811414, 1.809090933381502619, 0.000000000000000000 ) ) ;
#7708 = DIRECTION ( 'NONE',  ( 1.000000000000000000, 0.000000000000000000, -0.000000000000000000 ) ) ;
#7709 = CARTESIAN_POINT ( 'NONE',  ( -5.447920101740020726, 0.9724837940354250643, -0.2000000000000000111 ) ) ;
#7710 = LINE ( 'NONE', #5725, #3801 ) ;
#7711 = ADVANCED_FACE ( 'NONE', ( #8161 ), #4877, .F. ) ;
#7712 = DIRECTION ( 'NONE',  ( -0.000000000000000000, -0.000000000000000000, 1.000000000000000000 ) ) ;
#7713 = VERTEX_POINT ( 'NONE', #768 ) ;
#7714 = CARTESIAN_POINT ( 'NONE',  ( -4.751456457513386411, 3.511628895562767916, -0.2000000000000000111 ) ) ;
#7715 = DIRECTION ( 'NONE',  ( -1.000000000000000000, 0.000000000000000000, 0.000000000000000000 ) ) ;
#7716 = CARTESIAN_POINT ( 'NONE',  ( 6.879450486378559049, -8.113779781068901187, -0.2000000000000000111 ) ) ;
#7717 = CARTESIAN_POINT ( 'NONE',  ( -5.143014514160813455, 0.9854253135744807102, 0.000000000000000000 ) ) ;
#7718 = CARTESIAN_POINT ( 'NONE',  ( -6.363561201046620930, 0.3700928086928896299, -0.2000000000000000111 ) ) ;
#7719 = CARTESIAN_POINT ( 'NONE',  ( -0.3535950707918947833, 0.8934671422819039366, -8.131516293641283255E-17 ) ) ;
#7720 = APPROVAL_STATUS ( 'not_yet_approved' ) ;
#7721 = CARTESIAN_POINT ( 'NONE',  ( 0.1613443003682749344, 1.073650162702202593, -0.2000000000000001221 ) ) ;
#7722 = EDGE_CURVE ( 'NONE', #352, #2811, #8700, .T. ) ;
#7723 = VERTEX_POINT ( 'NONE', #7480 ) ;
#7724 = DIRECTION ( 'NONE',  ( -9.745637505487680998E-17, -1.000000000000000000, -0.000000000000000000 ) ) ;
#7725 = ORIENTED_EDGE ( 'NONE', *, *, #3222, .F. ) ;
#7726 = FACE_OUTER_BOUND ( 'NONE', #5592, .T. ) ;
#7727 = DIRECTION ( 'NONE',  ( -9.745637505487682231E-17, -1.000000000000000000, -0.000000000000000000 ) ) ;
#7728 = CARTESIAN_POINT ( 'NONE',  ( -0.8243902439023734763, 2.245193205839012052, -0.2000000000000000111 ) ) ;
#7729 = LINE ( 'NONE', #3297, #7807 ) ;
#7730 = PLANE ( 'NONE',  #7551 ) ;
#7731 = EDGE_CURVE ( 'NONE', #220, #7767, #5463, .T. ) ;
#7732 = FACE_BOUND ( 'NONE', #4770, .T. ) ;
#7733 = VERTEX_POINT ( 'NONE', #4922 ) ;
#7734 = ORIENTED_EDGE ( 'NONE', *, *, #196, .T. ) ;
#7735 = VERTEX_POINT ( 'NONE', #987 ) ;
#7736 = CARTESIAN_POINT ( 'NONE',  ( 1.224390243902504727, 2.316839547302426805, -0.2000000000000000111 ) ) ;
#7737 = CARTESIAN_POINT ( 'NONE',  ( -5.754721246691604897, 4.316002362917333635, -0.2000000000000000944 ) ) ;
#7738 = PLANE ( 'NONE',  #4639 ) ;
#7739 = PLANE ( 'NONE',  #7400 ) ;
#7740 = EDGE_CURVE ( 'NONE', #6164, #267, #1029, .T. ) ;
#7741 = CARTESIAN_POINT ( 'NONE',  ( 12.89999999999999858, -14.19999999999999929, -14.69999999999998863 ) ) ;
#7742 = FACE_OUTER_BOUND ( 'NONE', #3723, .T. ) ;
#7743 = ORIENTED_EDGE ( 'NONE', *, *, #572, .T. ) ;
#7745 = EDGE_LOOP ( 'NONE', ( #8039, #8409, #5266, #3681 ) ) ;
#7744 = CARTESIAN_POINT ( 'NONE',  ( -1.103374805958261096, 0.5163547833102929419, 0.000000000000000000 ) ) ;
#7746 = CARTESIAN_POINT ( 'NONE',  ( -9.696341463414569262, 0.9715651570585241981, 0.000000000000000000 ) ) ;
#7747 = CARTESIAN_POINT ( 'NONE',  ( 0.3938644332002065873, 2.119113902292020679, -2.710505431213761085E-17 ) ) ;
#7748 = CARTESIAN_POINT ( 'NONE',  ( 0.8561267786928447032, 3.873446622912081860, -0.1999999999999999278 ) ) ;
#7749 = CARTESIAN_POINT ( 'NONE',  ( 8.411753555706741992, -6.581476711740719132, 1.734723475976807094E-15 ) ) ;
#7750 = CARTESIAN_POINT ( 'NONE',  ( -6.434387452997912149, 3.035809082048357865, 0.000000000000000000 ) ) ;
#7751 = CARTESIAN_POINT ( 'NONE',  ( 1.205582179028375611, 2.785703454749715924, -8.131516293641283255E-17 ) ) ;
#7752 = CARTESIAN_POINT ( 'NONE',  ( -4.934248024395316179, 0.2908095901037795472, -0.2000000000000000111 ) ) ;
#7753 = ORIENTED_EDGE ( 'NONE', *, *, #1547, .T. ) ;
#7754 = ORIENTED_EDGE ( 'NONE', *, *, #7620, .T. ) ;
#7755 = CARTESIAN_POINT ( 'NONE',  ( -10.12834209370794980, 0.2645129558605973652, 2.710505431213761085E-17 ) ) ;
#7756 = EDGE_CURVE ( 'NONE', #6136, #1217, #2322, .T. ) ;
#7757 = CARTESIAN_POINT ( 'NONE',  ( -5.692499748999268583, 0.2426239365863399056, -0.2000000000000000666 ) ) ;
#7758 = CARTESIAN_POINT ( 'NONE',  ( 0.3674958274401786684, 1.726615274095043340, -2.710505431213761701E-17 ) ) ;
#7759 = CARTESIAN_POINT ( 'NONE',  ( -5.561432926829203538, 0.2398578399853534548, -2.710505431213761085E-17 ) ) ;
#7760 = CARTESIAN_POINT ( 'NONE',  ( -9.789900391901436905, 0.9736334591308278830, -0.2000000000000000111 ) ) ;
#7761 = CARTESIAN_POINT ( 'NONE',  ( -0.5360522519604586922, 1.007708864044948527, -0.2000000000000000111 ) ) ;
#7762 = CARTESIAN_POINT ( 'NONE',  ( -0.1367322732691983178, 0.8767032650480659495, -0.2000000000000001221 ) ) ;
#7763 = ORIENTED_EDGE ( 'NONE', *, *, #6060, .F. ) ;
#7764 = EDGE_CURVE ( 'NONE', #8175, #8453, #3750, .T. ) ;
#7765 = PLANE ( 'NONE',  #2219 ) ;
#7766 = EDGE_CURVE ( 'NONE', #4495, #2728, #389, .T. ) ;
#7767 = VERTEX_POINT ( 'NONE', #316 ) ;
#7768 = DIRECTION ( 'NONE',  ( -0.000000000000000000, -0.000000000000000000, 1.000000000000000000 ) ) ;
#7769 = CARTESIAN_POINT ( 'NONE',  ( -1.363901719097407428, 3.650915045838791784, -5.421010862427522170E-17 ) ) ;
#7770 = FACE_OUTER_BOUND ( 'NONE', #4808, .T. ) ;
#7771 = CARTESIAN_POINT ( 'NONE',  ( 11.15000000000000213, 14.20133359925599414, -14.69999999999998863 ) ) ;
#7772 = CARTESIAN_POINT ( 'NONE',  ( -1.651884365094197893, 2.346949363671078093, -2.710505431213764167E-17 ) ) ;
#7773 = CARTESIAN_POINT ( 'NONE',  ( -6.698198961403784679, 0.5376033854506837573, -0.2000000000000000111 ) ) ;
#7774 = B_SPLINE_CURVE_WITH_KNOTS ( 'NONE', 3,
 ( #5498, #8325, #2148, #1394, #2186, #6883, #7608, #4246, #4116, #4196, #6845, #2106, #7567, #762 ),
 .UNSPECIFIED., .F., .F.,
 ( 4, 2, 2, 2, 2, 2, 4 ),
 ( 0.000000000000000000, 0.0008406578721481719040, 0.001050822340185215585, 0.001260986808222259699, 0.001471151276259303597, 0.001576233510277825654, 0.001681315744296347494 ),
 .UNSPECIFIED. ) ;
#7775 = ORIENTED_EDGE ( 'NONE', *, *, #8002, .T. ) ;
#7776 = VERTEX_POINT ( 'NONE', #4291 ) ;
#7777 = EDGE_CURVE ( 'NONE', #2916, #1756, #4675, .T. ) ;
#7778 = VERTEX_POINT ( 'NONE', #7703 ) ;
#7779 = CARTESIAN_POINT ( 'NONE',  ( -10.17661312753618574, 1.110215362912155390, -2.710505431213761085E-17 ) ) ;
#7780 = CARTESIAN_POINT ( 'NONE',  ( -9.687888879497377204, 0.2409887934545267563, -2.710505431213761085E-17 ) ) ;
#7781 = CARTESIAN_POINT ( 'NONE',  ( -5.561432926829203538, 0.2398578399853534548, -0.2000000000000000389 ) ) ;
#7782 = CARTESIAN_POINT ( 'NONE',  ( 3.047623396735147594, 4.269287839795072870, -0.1999999999999999833 ) ) ;
#7783 = AXIS2_PLACEMENT_3D ( 'NONE', #4434, #1844, #5195 ) ;
#7784 = CARTESIAN_POINT ( 'NONE',  ( 0.2116965472800875214, 3.430661789084228364, -0.2000000000000000111 ) ) ;
#7785 = VECTOR ( 'NONE', #2169, 1000.000000000000000 ) ;
#7786 = DIRECTION ( 'NONE',  ( 0.000000000000000000, 0.000000000000000000, -1.000000000000000000 ) ) ;
#7787 = ORIENTED_EDGE ( 'NONE', *, *, #5437, .F. ) ;
#7789 = ORIENTED_EDGE ( 'NONE', *, *, #5538, .F. ) ;
#7788 = CARTESIAN_POINT ( 'NONE',  ( -9.879595671967370762, 0.9850184561965571461, -0.2000000000000000111 ) ) ;
#7790 = ADVANCED_FACE ( 'NONE', ( #2903 ), #5100, .F. ) ;
#7791 = CARTESIAN_POINT ( 'NONE',  ( -0.7244228204496976353, 3.182205001511612785, 5.421010862427519705E-17 ) ) ;
#7792 = VECTOR ( 'NONE', #6455, 1000.000000000000000 ) ;
#7793 = CARTESIAN_POINT ( 'NONE',  ( 0.1613443003682749344, 1.073650162702202593, -2.710505431213761085E-17 ) ) ;
#7794 = VECTOR ( 'NONE', #6241, 1000.000000000000000 ) ;
#7795 = CARTESIAN_POINT ( 'NONE',  ( 1.201549054791527960, 1.838705747775955857, -0.2000000000000000111 ) ) ;
#7796 = CARTESIAN_POINT ( 'NONE',  ( -10.12834209370794980, 0.2645129558605973652, 8.131516293641283255E-17 ) ) ;
#7797 = PLANE ( 'NONE',  #8223 ) ;
#7798 = LINE ( 'NONE', #5638, #383 ) ;
#7799 = CARTESIAN_POINT ( 'NONE',  ( -4.796811348701718991, 0.3192985148002455142, -2.710505431213761085E-17 ) ) ;
#7800 = VECTOR ( 'NONE', #5272, 1000.000000000000000 ) ;
#7801 = VECTOR ( 'NONE', #7626, 1000.000000000000000 ) ;
#7802 = ORIENTED_EDGE ( 'NONE', *, *, #5145, .T. ) ;
#7803 = ORIENTED_EDGE ( 'NONE', *, *, #8049, .F. ) ;
#7804 = ADVANCED_FACE ( 'NONE', ( #3037 ), #186, .F. ) ;
#7805 = FACE_OUTER_BOUND ( 'NONE', #781, .T. ) ;
#7806 = CARTESIAN_POINT ( 'NONE',  ( -6.894717626300978175, 0.6858667229402700682, -0.2000000000000000944 ) ) ;
#7807 = VECTOR ( 'NONE', #6606, 1000.000000000000000 ) ;
#7808 = AXIS2_PLACEMENT_3D ( 'NONE', #2742, #7578, #237 ) ;
#7809 = DIRECTION ( 'NONE',  ( 0.000000000000000000, 1.000000000000000000, 0.000000000000000000 ) ) ;
#7810 = CARTESIAN_POINT ( 'NONE',  ( -9.790282824204604495, 12.60052523055713181, -1.000000000000000000 ) ) ;
#7811 = CARTESIAN_POINT ( 'NONE',  ( -9.696341463414569262, 0.9715651570585241981, -0.2000000000000000111 ) ) ;
#7812 = FACE_BOUND ( 'NONE', #5181, .T. ) ;
#7813 = CARTESIAN_POINT ( 'NONE',  ( 1.907317073170796240, 3.020345644863402512, -5.421010862427522170E-17 ) ) ;
#7814 = MANIFOLD_SOLID_BREP ( '凸台-拉伸11[1]', #205 ) ;
#7815 = CIRCLE ( 'NONE', #3658, 2.000000000000000000 ) ;
#7816 = VERTEX_POINT ( 'NONE', #4331 ) ;
#7817 = DIRECTION ( 'NONE',  ( 0.000000000000000000, 1.000000000000000000, 0.000000000000000000 ) ) ;
#7818 = VERTEX_POINT ( 'NONE', #8332 ) ;
#7819 = DIRECTION ( 'NONE',  ( 0.000000000000000000, -1.000000000000000000, 0.000000000000000000 ) ) ;
#7820 = CARTESIAN_POINT ( 'NONE',  ( -17.79999999999999716, -11.19999999999999929, -1.000000000000000000 ) ) ;
#7821 = LINE ( 'NONE', #3603, #3641 ) ;
#7822 = VECTOR ( 'NONE', #8148, 1000.000000000000000 ) ;
#7823 = PLANE ( 'NONE',  #1654 ) ;
#7824 = CARTESIAN_POINT ( 'NONE',  ( -6.607982830583155831, 4.003651371574882489, -0.2000000000000000666 ) ) ;
#7825 = ADVANCED_FACE ( 'NONE', ( #148, #7742 ), #940, .F. ) ;
#7826 = CARTESIAN_POINT ( 'NONE',  ( -10.85473517312060743, 0.5688667969033580629, 0.000000000000000000 ) ) ;
#7827 = ADVANCED_FACE ( 'NONE', ( #2238 ), #1700, .T. ) ;
#7828 = ORIENTED_EDGE ( 'NONE', *, *, #4304, .F. ) ;
#7829 = VECTOR ( 'NONE', #7372, 1000.000000000000000 ) ;
#7830 = ORIENTED_EDGE ( 'NONE', *, *, #6419, .T. ) ;
#7831 = ORIENTED_EDGE ( 'NONE', *, *, #6122, .T. ) ;
#7832 = CARTESIAN_POINT ( 'NONE',  ( -10.23529808402058272, 1.161477309912591238, -2.710505431213761085E-17 ) ) ;
#7833 = CARTESIAN_POINT ( 'NONE',  ( -5.546360326161227761, 4.334406094552162081, -0.2000000000000001221 ) ) ;
#7834 = CARTESIAN_POINT ( 'NONE',  ( 6.879450486378559049, -5.822408242112043553, -0.2000000000000000111 ) ) ;
#7835 = DIRECTION ( 'NONE',  ( 9.745637505487682231E-17, 1.000000000000000000, 0.000000000000000000 ) ) ;
#7836 = CARTESIAN_POINT ( 'NONE',  ( 17.80000000000000426, 15.70133359925599059, -2.000000000000000000 ) ) ;
#7837 = EDGE_CURVE ( 'NONE', #2769, #1150, #7079, .T. ) ;
#7838 = DIRECTION ( 'NONE',  ( 0.000000000000000000, 0.000000000000000000, -1.000000000000000000 ) ) ;
#7839 = VERTEX_POINT ( 'NONE', #3134 ) ;
#7841 = EDGE_LOOP ( 'NONE', ( #6670, #1043, #6873, #458 ) ) ;
#7840 = CARTESIAN_POINT ( 'NONE',  ( -10.48238978939407851, 1.926829018557159490, -1.626303258728256651E-16 ) ) ;
#7842 = CARTESIAN_POINT ( 'NONE',  ( -17.79999999999999361, -11.19999999999999929, -2.999999999999999112 ) ) ;
#7843 = CARTESIAN_POINT ( 'NONE',  ( -8.505614675370360089, 0.6832072066844232516, -2.710505431213761085E-17 ) ) ;
#7844 = CARTESIAN_POINT ( 'NONE',  ( -6.984465336444829475, 0.7732608721399231166, -0.2000000000000000666 ) ) ;
#7845 = CARTESIAN_POINT ( 'NONE',  ( -7.059680339515930214, 3.587931525738397021, -0.2000000000000000111 ) ) ;
#7846 = LINE ( 'NONE', #5819, #7378 ) ;
#7847 = CARTESIAN_POINT ( 'NONE',  ( -9.799999999999995381, 11.20133359925598882, -2.999999999999999112 ) ) ;
#7848 = CARTESIAN_POINT ( 'NONE',  ( 1.221542165398336488, 2.556415561823167426, -8.131516293641283255E-17 ) ) ;
#7849 = EDGE_CURVE ( 'NONE', #795, #8239, #5324, .T. ) ;
#7850 = CARTESIAN_POINT ( 'NONE',  ( -10.15729893093555880, 1.094481250824068663, 5.421010862427522170E-17 ) ) ;
#7851 = B_SPLINE_SURFACE_WITH_KNOTS ( 'NONE', 3, 1, ( 
 ( #3511, #8216 ),
 ( #7455, #32 ),
 ( #8176, #6776 ),
 ( #4761, #1372 ),
 ( #2084, #7498 ),
 ( #613, #6237 ),
 ( #4809, #1496 ),
 ( #1454, #4047 ),
 ( #1414, #8807 ),
 ( #657, #4094 ),
 ( #6867, #4137 ),
 ( #4178, #6823 ),
 ( #5526, #4225 ),
 ( #745, #5439 ),
 ( #8136, #2669 ),
 ( #1997, #2712 ),
 ( #3465, #6053 ),
 ( #704, #4719 ),
 ( #3333, #3425 ) ),
 .UNSPECIFIED., .F., .F., .F.,
 ( 4, 1, 1, 1, 1, 1, 1, 1, 1, 1, 1, 1, 1, 1, 1, 1, 4 ),
 ( 2, 2 ),
 ( 0.000000000000000000, 0.04515835208925178534, 0.08808381362623862731, 0.1303346476946329879, 0.1730627951024265032, 0.2176846491845026987, 0.2642978665673557659, 0.3143973710224305940, 0.3688686790300623741, 0.4278463746506668830, 0.4922550700079498798, 0.5616041588811583329, 0.6372476130570119413, 0.7187717653096229453, 0.8059147071763307357, 0.8997915037951211836, 1.000000000000000000 ),
 ( 0.000000000000000000, 1.000000000000000000 ),
 .UNSPECIFIED. ) ;
#7852 = ORIENTED_EDGE ( 'NONE', *, *, #6450, .T. ) ;
#7853 = VERTEX_POINT ( 'NONE', #7388 ) ;
#7854 = CARTESIAN_POINT ( 'NONE',  ( 1.907317073170796240, 3.732998083887792529, -0.2000000000000000111 ) ) ;
#7855 = CARTESIAN_POINT ( 'NONE',  ( -9.114204594632152379, 1.211424157955395930, -0.2000000000000000111 ) ) ;
#7856 = LINE ( 'NONE', #8435, #2357 ) ;
#7857 = DIRECTION ( 'NONE',  ( -0.000000000000000000, -0.000000000000000000, 1.000000000000000000 ) ) ;
#7858 = CARTESIAN_POINT ( 'NONE',  ( 1.221542165398336488, 2.556415561823167426, -0.2000000000000000666 ) ) ;
#7859 = LINE ( 'NONE', #4355, #2666 ) ;
#7860 = CARTESIAN_POINT ( 'NONE',  ( 0.2062580401873850000, 1.145938282616826953, -1.084202172485504434E-16 ) ) ;
#7861 = EDGE_CURVE ( 'NONE', #2452, #5190, #7203, .T. ) ;
#7862 = MANIFOLD_SOLID_BREP ( '移动面11', #69 ) ;
#7863 = ORIENTED_EDGE ( 'NONE', *, *, #1449, .T. ) ;
#7864 = CARTESIAN_POINT ( 'NONE',  ( 13.79999999999999716, -14.20000000000000995, -14.69999999999998863 ) ) ;
#7865 = VERTEX_POINT ( 'NONE', #3888 ) ;
#7866 = DIRECTION ( 'NONE',  ( 1.000000000000000000, -0.000000000000000000, 0.000000000000000000 ) ) ;
#7867 = CARTESIAN_POINT ( 'NONE',  ( -0.6562637183834929555, 4.264767045845211157, -5.421010862427522170E-17 ) ) ;
#7868 = DIRECTION ( 'NONE',  ( -1.000000000000000000, 0.000000000000000000, 0.000000000000000000 ) ) ;
#7869 = CARTESIAN_POINT ( 'NONE',  ( -6.548154050610231813, 1.740024081501859055, 0.000000000000000000 ) ) ;
#7870 = CARTESIAN_POINT ( 'NONE',  ( -1.065621460954923050, 4.032774935637629454, 1.355252715606881467E-17 ) ) ;
#7871 = CYLINDRICAL_SURFACE ( 'NONE', #3219, 1.749999999999999778 ) ;
#7872 = CARTESIAN_POINT ( 'NONE',  ( -6.847533852934026832, 0.6477779038800169920, -0.2000000000000000111 ) ) ;
#7873 = EDGE_LOOP ( 'NONE', ( #6772, #609, #178, #573, #601, #8273, #8498 ) ) ;
#7874 = ORIENTED_EDGE ( 'NONE', *, *, #68, .T. ) ;
#7875 = VERTEX_POINT ( 'NONE', #8598 ) ;
#7876 = CARTESIAN_POINT ( 'NONE',  ( -0.2382621951218868994, 0.2398578399853534548, -0.2000000000000000111 ) ) ;
#7877 = EDGE_CURVE ( 'NONE', #2867, #2718, #8059, .T. ) ;
#7878 = CARTESIAN_POINT ( 'NONE',  ( -9.557563545111674941, 0.2431840326327392721, -2.710505431213761085E-17 ) ) ;
#7879 = CARTESIAN_POINT ( 'NONE',  ( 0.3951219512195770500, 2.286351742424377775, -2.710505431213761085E-17 ) ) ;
#7880 = LINE ( 'NONE', #3034, #4532 ) ;
#7881 = CARTESIAN_POINT ( 'NONE',  ( 6.879450486378559049, -6.581476711740719132, -0.2000000000000000111 ) ) ;
#7882 = CARTESIAN_POINT ( 'NONE',  ( -9.028991890894692673, 1.346828451703560248, -0.2000000000000000111 ) ) ;
#7883 = ORIENTED_EDGE ( 'NONE', *, *, #8514, .F. ) ;
#7884 = CARTESIAN_POINT ( 'NONE',  ( -10.17661312753618574, 1.110215362912155390, -0.2000000000000000111 ) ) ;
#7885 = CARTESIAN_POINT ( 'NONE',  ( 17.80000000000000071, 11.20133359925599059, -1.000000000000000000 ) ) ;
#7886 = CARTESIAN_POINT ( 'NONE',  ( 0.2468294835563919210, 1.228829681267505247, -2.710505431213761085E-17 ) ) ;
#7887 = ADVANCED_FACE ( 'NONE', ( #4518 ), #5853, .F. ) ;
#7888 = CARTESIAN_POINT ( 'NONE',  ( -5.776286897450116697, 0.2443922204487160021, -0.2000000000000000666 ) ) ;
#7889 = DIRECTION ( 'NONE',  ( 0.000000000000000000, -0.000000000000000000, 1.000000000000000000 ) ) ;
#7890 = LINE ( 'NONE', #3097, #5235 ) ;
#7891 = DIRECTION ( 'NONE',  ( 0.000000000000000000, -1.000000000000000000, 0.000000000000000000 ) ) ;
#7892 = CARTESIAN_POINT ( 'NONE',  ( -1.441833833014983801, 3.491672032928323510, -0.2000000000000000111 ) ) ;
#7893 = CARTESIAN_POINT ( 'NONE',  ( 3.450000000000005063, -13.20000000000002771, -1.000000000000000000 ) ) ;
#7894 = ORIENTED_EDGE ( 'NONE', *, *, #7537, .T. ) ;
#7895 = ORIENTED_EDGE ( 'NONE', *, *, #5229, .F. ) ;
#7896 = CARTESIAN_POINT ( 'NONE',  ( 3.007615411777831760, 4.239954809950520875, 0.000000000000000000 ) ) ;
#7897 = EDGE_CURVE ( 'NONE', #8537, #2757, #6861, .T. ) ;
#7898 = CARTESIAN_POINT ( 'NONE',  ( -9.357781463480012718, 1.030028998599435308, -5.421010862427522170E-17 ) ) ;
#7899 = CARTESIAN_POINT ( 'NONE',  ( 0.5215035226706558058, 0.4479422813820100879, -0.2000000000000000389 ) ) ;
#7900 = LINE ( 'NONE', #2528, #3924 ) ;
#7901 = CARTESIAN_POINT ( 'NONE',  ( 6.879450486378557272, -1.849989268083281901, -0.2000000000000000111 ) ) ;
#7902 = CARTESIAN_POINT ( 'NONE',  ( -6.281788073529346761, 3.235853694939779590, 0.000000000000000000 ) ) ;
#7903 = CARTESIAN_POINT ( 'NONE',  ( -4.755504394257282108, 4.279096580841416753, -2.710505431213761085E-17 ) ) ;
#7904 = B_SPLINE_CURVE_WITH_KNOTS ( 'NONE', 3,
 ( #6709, #4020, #5452, #2101, #588, #8190, #6749, #3308, #2051, #4060, #4775, #5410, #7562, #7387, #1388, #6839, #8106, #3478, #3346 ),
 .UNSPECIFIED., .F., .F.,
 ( 4, 1, 1, 1, 1, 1, 1, 1, 1, 1, 1, 1, 1, 1, 1, 1, 4 ),
 ( 0.000000000000000000, 0.1019301621043888911, 0.1975964148481810789, 0.2866406432198407850, 0.3691805015019810621, 0.4458109268063438213, 0.5168079239671786729, 0.5817679145359626602, 0.6410965417055310978, 0.6956090126035868737, 0.7460286505456369399, 0.7918000791068421362, 0.8350522164773732658, 0.8765118877176866219, 0.9166641456779083263, 0.9577534452155518352, 1.000000000000000000 ),
 .UNSPECIFIED. ) ;
#7905 = ORIENTED_EDGE ( 'NONE', *, *, #2958, .T. ) ;
#7906 = CARTESIAN_POINT ( 'NONE',  ( -3.751219512195057337, 2.093516376570719206, 0.000000000000000000 ) ) ;
#7907 = EDGE_CURVE ( 'NONE', #5728, #8750, #5993, .T. ) ;
#7908 = ORIENTED_EDGE ( 'NONE', *, *, #6500, .T. ) ;
#7909 = DIRECTION ( 'NONE',  ( -0.000000000000000000, -1.000000000000000000, -0.000000000000000000 ) ) ;
#7910 = CARTESIAN_POINT ( 'NONE',  ( -0.8153979617400849422, 2.583251727664379604, 2.710505431213761085E-17 ) ) ;
#7911 = FACE_OUTER_BOUND ( 'NONE', #5994, .T. ) ;
#7912 = DIRECTION ( 'NONE',  ( 2.040851148207997891E-16, -1.000000000000000000, 0.000000000000000000 ) ) ;
#7913 = CARTESIAN_POINT ( 'NONE',  ( -6.772072668899538961, 3.882350988807163450, -2.710505431213761085E-17 ) ) ;
#7914 = DIRECTION ( 'NONE',  ( -0.000000000000000000, -1.000000000000000000, -0.000000000000000000 ) ) ;
#7915 = CARTESIAN_POINT ( 'NONE',  ( -6.984465336444829475, 0.7732608721399231166, -0.2000000000000000111 ) ) ;
#7916 = VERTEX_POINT ( 'NONE', #7255 ) ;
#7917 = ORIENTED_EDGE ( 'NONE', *, *, #8105, .T. ) ;
#7918 = EDGE_CURVE ( 'NONE', #7839, #2105, #150, .T. ) ;
#7919 = MANIFOLD_SOLID_BREP ( '凸台-拉伸10[1]', #7357 ) ;
#7920 = ORIENTED_EDGE ( 'NONE', *, *, #4715, .T. ) ;
#7921 = CARTESIAN_POINT ( 'NONE',  ( -10.40799172856306676, 1.443209151854097927, -2.710505431213761085E-17 ) ) ;
#7922 = CARTESIAN_POINT ( 'NONE',  ( -6.484193262509944766, 4.081775060142066813, -0.2000000000000000666 ) ) ;
#7923 = CARTESIAN_POINT ( 'NONE',  ( -14.40000000000000568, -14.19999999999999929, -14.69999999999998863 ) ) ;
#7924 = DIRECTION ( 'NONE',  ( 9.745637505487684696E-17, 1.000000000000000000, -0.000000000000000000 ) ) ;
#7925 = CARTESIAN_POINT ( 'NONE',  ( -4.719899658381117469, 3.501017483082125903, -0.1999999999999999556 ) ) ;
#7926 = CARTESIAN_POINT ( 'NONE',  ( -9.114204594632152379, 1.211424157955395930, -0.2000000000000000111 ) ) ;
#7927 = VECTOR ( 'NONE', #3978, 1000.000000000000000 ) ;
#7928 = VERTEX_POINT ( 'NONE', #8018 ) ;
#7929 = CARTESIAN_POINT ( 'NONE',  ( -0.7063424028929420340, 3.239737299423691930, -0.2000000000000000111 ) ) ;
#7930 = ORIENTED_EDGE ( 'NONE', *, *, #8596, .T. ) ;
#7931 = CARTESIAN_POINT ( 'NONE',  ( -9.192482736855215109, 0.2986457336948106778, -2.710505431213761085E-17 ) ) ;
#7932 = CARTESIAN_POINT ( 'NONE',  ( -0.2382621951218869272, 0.2398578399853534826, -0.2000000000000000389 ) ) ;
#7933 = VECTOR ( 'NONE', #1998, 1000.000000000000000 ) ;
#7934 = CARTESIAN_POINT ( 'NONE',  ( 6.879450486378557272, -1.849989268083281901, 1.734723475976807094E-15 ) ) ;
#7935 = CARTESIAN_POINT ( 'NONE',  ( -11.13872808547585613, 0.9175260763250643326, -0.1999999999999999278 ) ) ;
#7936 = CARTESIAN_POINT ( 'NONE',  ( 3.140548780487870673, 4.337418815595110111, -0.2000000000000000111 ) ) ;
#7937 = CARTESIAN_POINT ( 'NONE',  ( -7.649873333299994194, -7.375133543765119093, -8.799999999999998934 ) ) ;
#7938 = CARTESIAN_POINT ( 'NONE',  ( -0.7063424028929420340, 3.239737299423691930, -0.2000000000000000111 ) ) ;
#7939 = ADVANCED_FACE ( 'NONE', ( #5946 ), #6964, .F. ) ;
#7940 = EDGE_CURVE ( 'NONE', #8750, #4453, #5493, .T. ) ;
#7941 = VECTOR ( 'NONE', #6260, 1000.000000000000000 ) ;
#7942 = VERTEX_POINT ( 'NONE', #7563 ) ;
#7943 = ORIENTED_EDGE ( 'NONE', *, *, #2758, .F. ) ;
#7944 = CARTESIAN_POINT ( 'NONE',  ( -11.35797679789408399, 1.768141955855556224, 2.710505431213761085E-17 ) ) ;
#7945 = CARTESIAN_POINT ( 'NONE',  ( -9.223628740046214247, 1.105367667589919778, -0.2000000000000000111 ) ) ;
#7946 = LINE ( 'NONE', #3957, #803 ) ;
#7947 = PLANE ( 'NONE',  #4778 ) ;
#7948 = CARTESIAN_POINT ( 'NONE',  ( -7.214331220220034702, 1.064524440280507189, -0.2000000000000000111 ) ) ;
#7949 = AXIS2_PLACEMENT_3D ( 'NONE', #8218, #34, #3558 ) ;
#7950 = CARTESIAN_POINT ( 'NONE',  ( 6.227808503120347616, 1.942992058381624698, 5.332894443888950065 ) ) ;
#7951 = CARTESIAN_POINT ( 'NONE',  ( -4.998905992912844098, 4.317040192604685522, -2.710505431213761085E-17 ) ) ;
#7952 = VECTOR ( 'NONE', #2078, 1000.000000000000000 ) ;
#7953 = ADVANCED_FACE ( 'NONE', ( #7470 ), #6880, .T. ) ;
#7954 = ORIENTED_EDGE ( 'NONE', *, *, #8224, .T. ) ;
#7955 = AXIS2_PLACEMENT_3D ( 'NONE', #2309, #8584, #4997 ) ;
#7956 = CARTESIAN_POINT ( 'NONE',  ( 6.879450486378559049, -5.822408242112043553, 1.734723475976807094E-15 ) ) ;
#7957 = EDGE_LOOP ( 'NONE', ( #4641, #6580, #6864, #5010 ) ) ;
#7958 = FACE_OUTER_BOUND ( 'NONE', #3461, .T. ) ;
#7959 = CARTESIAN_POINT ( 'NONE',  ( -0.7380934241277767871, 3.131094896273260098, -0.2000000000000000944 ) ) ;
#7960 = LINE ( 'NONE', #3513, #2928 ) ;
#7961 = DIRECTION ( 'NONE',  ( 1.000000000000000000, -9.745637505487682231E-17, 0.000000000000000000 ) ) ;
#7962 = CARTESIAN_POINT ( 'NONE',  ( -7.179945397077235114, 3.422273462091831142, -2.710505431213761085E-17 ) ) ;
#7963 = CARTESIAN_POINT ( 'NONE',  ( -5.402134146341398768, 0.9715651570585241981, -0.2000000000000000389 ) ) ;
#7964 = VECTOR ( 'NONE', #2469, 1000.000000000000000 ) ;
#7965 = DIRECTION ( 'NONE',  ( 0.000000000000000000, -1.000000000000000000, 0.000000000000000000 ) ) ;
#7966 = EDGE_CURVE ( 'NONE', #5654, #5846, #1430, .T. ) ;
#7967 = ORIENTED_EDGE ( 'NONE', *, *, #8084, .T. ) ;
#7968 = ORIENTED_EDGE ( 'NONE', *, *, #8440, .F. ) ;
#7969 = ORIENTED_EDGE ( 'NONE', *, *, #2311, .T. ) ;
#7970 = VECTOR ( 'NONE', #8235, 1000.000000000000000 ) ;
#7971 = CARTESIAN_POINT ( 'NONE',  ( -7.281498239866459166, 3.245501431644545853, -0.2000000000000000111 ) ) ;
#7972 = CYLINDRICAL_SURFACE ( 'NONE', #1916, 1.749999999999999778 ) ;
#7973 = CARTESIAN_POINT ( 'NONE',  ( -8.930818377297898181, 1.696681278459427622, -6.776263578034403945E-17 ) ) ;
#7974 = DIRECTION ( 'NONE',  ( 9.745637505487684696E-17, 1.000000000000000000, -0.000000000000000000 ) ) ;
#7975 = CARTESIAN_POINT ( 'NONE',  ( -5.567493911366273807, -5.198666400744006211, -8.800000000000002487 ) ) ;
#7976 = EDGE_CURVE ( 'NONE', #7735, #6953, #8149, .T. ) ;
#7977 = CARTESIAN_POINT ( 'NONE',  ( -8.921951219512131104, 1.930406620473158474, -0.2000000000000000111 ) ) ;
#7978 = AXIS2_PLACEMENT_3D ( 'NONE', #314, #5409, #8189 ) ;
#7979 = VERTEX_POINT ( 'NONE', #6030 ) ;
#7980 = CARTESIAN_POINT ( 'NONE',  ( 0.000000000000000000, 0.000000000000000000, -1.000000000000000000 ) ) ;
#7981 = ORIENTED_EDGE ( 'NONE', *, *, #6332, .F. ) ;
#7982 = PLANE ( 'NONE',  #7661 ) ;
#7983 = CARTESIAN_POINT ( 'NONE',  ( -6.698198961403784679, 0.5376033854506837573, -0.2000000000000000666 ) ) ;
#7984 = CARTESIAN_POINT ( 'NONE',  ( -7.059680339515930214, 3.587931525738397021, 0.000000000000000000 ) ) ;
#7985 = CARTESIAN_POINT ( 'NONE',  ( -4.467909330471531604, 3.381392089477542218, -2.710505431213761085E-17 ) ) ;
#7986 = DIRECTION ( 'NONE',  ( 0.000000000000000000, 0.000000000000000000, 1.000000000000000000 ) ) ;
#7987 = CARTESIAN_POINT ( 'NONE',  ( -11.36097560975603216, 1.973851742424377997, 0.000000000000000000 ) ) ;
#7988 = CARTESIAN_POINT ( 'NONE',  ( -0.8234427284489419518, 2.418043051161473223, -0.2000000000000000111 ) ) ;
#7989 = EDGE_LOOP ( 'NONE', ( #8099, #8802, #353, #969, #4760, #3838 ) ) ;
#7990 = ORIENTED_EDGE ( 'NONE', *, *, #6450, .F. ) ;
#7991 = CARTESIAN_POINT ( 'NONE',  ( 1.907317073170796240, 3.732998083887792529, 0.000000000000000000 ) ) ;
#7992 = CARTESIAN_POINT ( 'NONE',  ( 0.004398430518902840883, 4.333518992288737159, 0.000000000000000000 ) ) ;
#7993 = EDGE_CURVE ( 'NONE', #1150, #4993, #5039, .T. ) ;
#7994 = FACE_OUTER_BOUND ( 'NONE', #1170, .T. ) ;
#7995 = LINE ( 'NONE', #4487, #2496 ) ;
#7996 = DIRECTION ( 'NONE',  ( 1.000000000000000000, -0.000000000000000000, -0.000000000000000000 ) ) ;
#7997 = CARTESIAN_POINT ( 'NONE',  ( 0.8516563563381877033, 0.7812411473737569390, 0.000000000000000000 ) ) ;
#7998 = PLANE ( 'NONE',  #4785 ) ;
#7999 = ORIENTED_EDGE ( 'NONE', *, *, #1002, .T. ) ;
#8000 = CARTESIAN_POINT ( 'NONE',  ( -9.800000000000009592, -8.550000000000030909, -8.800000000000000711 ) ) ;
#8001 = VERTEX_POINT ( 'NONE', #2619 ) ;
#8002 = EDGE_CURVE ( 'NONE', #3753, #4302, #1678, .T. ) ;
#8003 = CARTESIAN_POINT ( 'NONE',  ( -5.943535576815247801, 3.484932925211684296, -0.1999999999999999833 ) ) ;
#8004 = FACE_OUTER_BOUND ( 'NONE', #5887, .T. ) ;
#8005 = CARTESIAN_POINT ( 'NONE',  ( -8.853376574066764704, 0.4207008327165370209, -0.1999999999999999001 ) ) ;
#8006 = LINE ( 'NONE', #7285, #5077 ) ;
#8007 = DIRECTION ( 'NONE',  ( 9.745637505487680998E-17, 1.000000000000000000, -0.000000000000000000 ) ) ;
#8008 = CARTESIAN_POINT ( 'NONE',  ( -4.864204888895770296, 3.546259522758583138, -0.2000000000000000111 ) ) ;
#8009 = ORIENTED_EDGE ( 'NONE', *, *, #4887, .T. ) ;
#8010 = ORIENTED_EDGE ( 'NONE', *, *, #1052, .T. ) ;
#8011 = ORIENTED_EDGE ( 'NONE', *, *, #2912, .T. ) ;
#8012 = LINE ( 'NONE', #1915, #5943 ) ;
#8013 = ADVANCED_FACE ( 'NONE', ( #7958 ), #576, .F. ) ;
#8014 = CARTESIAN_POINT ( 'NONE',  ( -10.53214928944361617, 0.3724503171666574963, -0.2000000000000000666 ) ) ;
#8015 = CARTESIAN_POINT ( 'NONE',  ( -9.014908657183317686, 1.354093182780360616, -2.710505431213760469E-17 ) ) ;
#8016 = LINE ( 'NONE', #1878, #4397 ) ;
#8017 = DIRECTION ( 'NONE',  ( -0.000000000000000000, -0.000000000000000000, -1.000000000000000000 ) ) ;
#8018 = CARTESIAN_POINT ( 'NONE',  ( -8.092682926829203538, 2.020345644863402068, 0.000000000000000000 ) ) ;
#8019 = ORIENTED_EDGE ( 'NONE', *, *, #5191, .F. ) ;
#8020 = CARTESIAN_POINT ( 'NONE',  ( -0.2689834511782322468, 3.700790051299367445, -1.897353801849632760E-16 ) ) ;
#8021 = VERTEX_POINT ( 'NONE', #1905 ) ;
#8022 = CARTESIAN_POINT ( 'NONE',  ( -0.2092987804877405322, 0.8740041814487681249, -2.710505431213761085E-17 ) ) ;
#8023 = ADVANCED_FACE ( 'NONE', ( #3967 ), #4007, .F. ) ;
#8024 = CARTESIAN_POINT ( 'NONE',  ( 0.1678554767429611683, 3.503199542742950090, -2.710505431213761085E-17 ) ) ;
#8025 = CARTESIAN_POINT ( 'NONE',  ( 3.096361304318062224, 4.305021468949751018, -0.2000000000000000111 ) ) ;
#8026 = CARTESIAN_POINT ( 'NONE',  ( 6.879450486378559049, -8.113779781068901187, 5.332894443888950065 ) ) ;
#8027 = LINE ( 'NONE', #1889, #6926 ) ;
#8028 = CARTESIAN_POINT ( 'NONE',  ( -1.633805830134214654, 1.764164239121326361, -0.2000000000000000111 ) ) ;
#8029 = CARTESIAN_POINT ( 'NONE',  ( 3.700000000000005507, 11.20133359925599059, -2.999999999999999112 ) ) ;
#8030 = ORIENTED_EDGE ( 'NONE', *, *, #2727, .F. ) ;
#8031 = ORIENTED_EDGE ( 'NONE', *, *, #2591, .T. ) ;
#8032 = DIRECTION ( 'NONE',  ( 9.745637505487682231E-17, 1.000000000000000000, 0.000000000000000000 ) ) ;
#8033 = CARTESIAN_POINT ( 'NONE',  ( -1.266006803609373010, 0.6820948954514469698, -0.2000000000000001221 ) ) ;
#8034 = CARTESIAN_POINT ( 'NONE',  ( 1.221014937821819135, 2.079747171191584254, -0.2000000000000000389 ) ) ;
#8035 = PLANE ( 'NONE',  #2915 ) ;
#8036 = CARTESIAN_POINT ( 'NONE',  ( -7.305782017746914825, 1.226995595527003768, -0.2000000000000000111 ) ) ;
#8037 = DIRECTION ( 'NONE',  ( -0.000000000000000000, -0.000000000000000000, -1.000000000000000000 ) ) ;
#8038 = CARTESIAN_POINT ( 'NONE',  ( -5.265628541404039353, 4.336132301922991594, -0.2000000000000000389 ) ) ;
#8039 = ORIENTED_EDGE ( 'NONE', *, *, #4928, .F. ) ;
#8040 = EDGE_CURVE ( 'NONE', #5160, #5844, #3915, .T. ) ;
#8041 = CARTESIAN_POINT ( 'NONE',  ( 0.3386187379590953062, 1.544422781668753242, -0.2000000000000000111 ) ) ;
#8042 = ORIENTED_EDGE ( 'NONE', *, *, #5524, .T. ) ;
#8043 = CARTESIAN_POINT ( 'NONE',  ( -9.800000000000009592, -6.550000000000028244, -8.799999999999998934 ) ) ;
#8044 = CARTESIAN_POINT ( 'NONE',  ( -0.4710400642505034874, 3.612564878865762275, 2.710505431213761085E-17 ) ) ;
#8045 = CARTESIAN_POINT ( 'NONE',  ( -6.583429820965608137, 2.681937144265460038, -0.1999999999999999833 ) ) ;
#8046 = CARTESIAN_POINT ( 'NONE',  ( -0.3535950707918947833, 0.8934671422819039366, -0.2000000000000000111 ) ) ;
#8047 = CALENDAR_DATE ( 2026, 24, 6 ) ;
#8048 = CARTESIAN_POINT ( 'NONE',  ( -4.641877136151781436, 3.469839840442625611, 0.000000000000000000 ) ) ;
#8049 = EDGE_CURVE ( 'NONE', #6136, #2242, #535, .T. ) ;
#8050 = ORIENTED_EDGE ( 'NONE', *, *, #1864, .F. ) ;
#8051 = EDGE_CURVE ( 'NONE', #772, #4430, #4680, .T. ) ;
#8052 = MANIFOLD_SOLID_BREP ( '凸台-拉伸10[3]', #637 ) ;
#8053 = EDGE_LOOP ( 'NONE', ( #7311, #2303, #1529, #450 ) ) ;
#8054 = DIRECTION ( 'NONE',  ( -0.000000000000000000, -0.000000000000000000, -1.000000000000000000 ) ) ;
#8055 = CARTESIAN_POINT ( 'NONE',  ( -0.7380934241277767871, 3.131094896273260098, 0.000000000000000000 ) ) ;
#8056 = DIRECTION ( 'NONE',  ( -1.000000000000000000, 0.000000000000000000, 0.000000000000000000 ) ) ;
#8057 = CARTESIAN_POINT ( 'NONE',  ( 3.700000000000005507, 13.20133359925599059, -8.800000000000000711 ) ) ;
#8058 = DIRECTION ( 'NONE',  ( 0.000000000000000000, 0.000000000000000000, 1.000000000000000000 ) ) ;
#8059 = LINE ( 'NONE', #413, #6102 ) ;
#8060 = ADVANCED_FACE ( 'NONE', ( #1196 ), #6733, .F. ) ;
#8061 = VERTEX_POINT ( 'NONE', #3253 ) ;
#8062 = CARTESIAN_POINT ( 'NONE',  ( -0.5809150692267629479, 3.497631737414145014, -1.897353801849632760E-16 ) ) ;
#8063 = ORIENTED_EDGE ( 'NONE', *, *, #1837, .T. ) ;
#8064 = CARTESIAN_POINT ( 'NONE',  ( -4.434146341463349295, 4.184979791204865407, 0.000000000000000000 ) ) ;
#8065 = B_SPLINE_SURFACE_WITH_KNOTS ( 'NONE', 3, 1, ( 
 ( #3223, #7343 ),
 ( #1171, #6579 ),
 ( #6077, #8020 ),
 ( #6712, #8697 ),
 ( #459, #592 ),
 ( #3891, #8643 ),
 ( #4024, #5286 ),
 ( #6620, #8062 ),
 ( #3311, #4696 ),
 ( #3848, #6752 ),
 ( #7929, #3272 ),
 ( #6032, #8778 ),
 ( #501, #5995 ),
 ( #1790, #8110 ),
 ( #5369, #1216 ),
 ( #5949, #3936 ),
 ( #4653, #2507 ),
 ( #1971, #1882 ),
 ( #5242, #7431 ) ),
 .UNSPECIFIED., .F., .F., .F.,
 ( 4, 1, 1, 1, 1, 1, 1, 1, 1, 1, 1, 1, 1, 1, 1, 1, 4 ),
 ( 2, 2 ),
 ( 0.000000000000000000, 0.04370636634185609548, 0.08589905193259717020, 0.1271186216240410283, 0.1693225691089078611, 0.2131700606689733157, 0.2596154857574450858, 0.3095747048756278819, 0.3639765510160660744, 0.4233265872154447496, 0.4878894515722168035, 0.5580212644587047022, 0.6340711512636044711, 0.7162169243266240937, 0.8045641164198032991, 0.8988402913355112434, 1.000000000000000000 ),
 ( 0.000000000000000000, 1.000000000000000000 ),
 .UNSPECIFIED. ) ;
#8066 = CARTESIAN_POINT ( 'NONE',  ( 0.1190366581657901351, 3.564527628796186676, -0.2000000000000000666 ) ) ;
#8067 = CARTESIAN_POINT ( 'NONE',  ( -10.11132458489994690, 1.067483291299030412, 0.000000000000000000 ) ) ;
#8068 = FACE_OUTER_BOUND ( 'NONE', #5800, .T. ) ;
#8069 = CARTESIAN_POINT ( 'NONE',  ( 2.414717516674715014, 3.913276413418994792, -0.2000000000000000666 ) ) ;
#8070 = CARTESIAN_POINT ( 'NONE',  ( -1.633042949371470653, 2.704055222557131710, -2.710505431213761085E-17 ) ) ;
#8071 = VECTOR ( 'NONE', #7058, 1000.000000000000000 ) ;
#8072 = CARTESIAN_POINT ( 'NONE',  ( -0.5809150692267629479, 3.497631737414145014, -0.2000000000000000111 ) ) ;
#8073 = EDGE_CURVE ( 'NONE', #6578, #516, #5159, .T. ) ;
#8074 = ORIENTED_EDGE ( 'NONE', *, *, #6344, .F. ) ;
#8075 = ORIENTED_EDGE ( 'NONE', *, *, #3573, .T. ) ;
#8076 = CARTESIAN_POINT ( 'NONE',  ( -0.9360591183575263097, 4.128229574016330616, 0.000000000000000000 ) ) ;
#8077 = VECTOR ( 'NONE', #3244, 1000.000000000000000 ) ;
#8078 = CARTESIAN_POINT ( 'NONE',  ( -1.633649999365868632, 1.764273309804743617, -0.2000000000000000111 ) ) ;
#8079 = CARTESIAN_POINT ( 'NONE',  ( 1.080770785618960561, 1.252941279892964666, -0.2000000000000000389 ) ) ;
#8080 = CARTESIAN_POINT ( 'NONE',  ( -15.25000000000000178, 14.20133359925599414, -14.69999999999998863 ) ) ;
#8081 = CARTESIAN_POINT ( 'NONE',  ( -6.434387452997912149, 3.035809082048357865, 0.000000000000000000 ) ) ;
#8082 = CIRCLE ( 'NONE', #5494, 1.749999999999999778 ) ;
#8083 = VECTOR ( 'NONE', #1751, 1000.000000000000000 ) ;
#8084 = EDGE_CURVE ( 'NONE', #7197, #447, #2582, .T. ) ;
#8085 = ORIENTED_EDGE ( 'NONE', *, *, #122, .F. ) ;
#8086 = DIRECTION ( 'NONE',  ( -0.000000000000000000, -0.000000000000000000, 1.000000000000000000 ) ) ;
#8087 = ORIENTED_EDGE ( 'NONE', *, *, #327, .T. ) ;
#8088 = VECTOR ( 'NONE', #6191, 1000.000000000000000 ) ;
#8089 = VECTOR ( 'NONE', #5256, 1000.000000000000000 ) ;
#8090 = CARTESIAN_POINT ( 'NONE',  ( -7.292858890038494302, 1.198426176688334621, -6.776263578034402713E-17 ) ) ;
#8091 = CARTESIAN_POINT ( 'NONE',  ( -0.7063424028929420340, 3.239737299423691930, -0.2000000000000000944 ) ) ;
#8092 = CARTESIAN_POINT ( 'NONE',  ( -6.608829827883858421, 2.549341665430480575, -0.1999999999999999833 ) ) ;
#8093 = LINE ( 'NONE', #4548, #3938 ) ;
#8094 = CARTESIAN_POINT ( 'NONE',  ( -4.755504394257282108, 4.279096580841416753, -0.2000000000000000111 ) ) ;
#8095 = CARTESIAN_POINT ( 'NONE',  ( 1.990880140529198927, 3.032160999721022598, -1.692711865184094011E-33 ) ) ;
#8096 = AXIS2_PLACEMENT_3D ( 'NONE', #3286, #6009, #7176 ) ;
#8097 = VECTOR ( 'NONE', #4092, 1000.000000000000000 ) ;
#8098 = VERTEX_POINT ( 'NONE', #7934 ) ;
#8099 = ORIENTED_EDGE ( 'NONE', *, *, #3174, .T. ) ;
#8100 = CARTESIAN_POINT ( 'NONE',  ( -5.846685724451629262, 4.303544846453346118, -0.2000000000000000111 ) ) ;
#8101 = CARTESIAN_POINT ( 'NONE',  ( -10.31663196421453144, 0.3005931129142081493, -0.2000000000000000111 ) ) ;
#8102 = CARTESIAN_POINT ( 'NONE',  ( -4.934248024395316179, 0.2908095901037795472, -0.2000000000000000111 ) ) ;
#8103 = VECTOR ( 'NONE', #5851, 1000.000000000000000 ) ;
#8104 = DIRECTION ( 'NONE',  ( 0.000000000000000000, 0.000000000000000000, 1.000000000000000000 ) ) ;
#8105 = EDGE_CURVE ( 'NONE', #2568, #5886, #1823, .T. ) ;
#8106 = CARTESIAN_POINT ( 'NONE',  ( -0.1227475004351675919, 3.700508118555857706, -0.2000000000000000111 ) ) ;
#8107 = CARTESIAN_POINT ( 'NONE',  ( -9.114204594632152379, 1.211424157955395930, -0.2000000000000000111 ) ) ;
#8108 = VECTOR ( 'NONE', #8373, 1000.000000000000000 ) ;
#8109 = ORIENTED_EDGE ( 'NONE', *, *, #1894, .F. ) ;
#8110 = CARTESIAN_POINT ( 'NONE',  ( -0.7862345846839622343, 2.879776771773709942, -1.897353801849632760E-16 ) ) ;
#8111 = ORIENTED_EDGE ( 'NONE', *, *, #7575, .T. ) ;
#8112 = CARTESIAN_POINT ( 'NONE',  ( -8.096726484341811414, 1.809090933381502619, -0.2000000000000000111 ) ) ;
#8113 = CARTESIAN_POINT ( 'NONE',  ( -4.934248024395316179, 0.2908095901037795472, -0.2000000000000000111 ) ) ;
#8114 = CARTESIAN_POINT ( 'NONE',  ( 2.868703234703881222, 4.148806800501021463, 0.000000000000000000 ) ) ;
#8115 = EDGE_CURVE ( 'NONE', #7735, #4839, #6489, .T. ) ;
#8116 = CARTESIAN_POINT ( 'NONE',  ( -6.119328192616189099, 1.169597886315987045, 0.000000000000000000 ) ) ;
#8117 = LINE ( 'NONE', #7572, #797 ) ;
#8118 = CIRCLE ( 'NONE', #6532, 1.749999999999999778 ) ;
#8119 = CARTESIAN_POINT ( 'NONE',  ( -0.1605182926828624401, 4.337418815595110111, -0.2000000000000000111 ) ) ;
#8120 = CARTESIAN_POINT ( 'NONE',  ( -8.409833920896335968, 0.7946345567079837746, -6.776263578034402713E-17 ) ) ;
#8121 = ORIENTED_EDGE ( 'NONE', *, *, #504, .F. ) ;
#8122 = ORIENTED_EDGE ( 'NONE', *, *, #689, .T. ) ;
#8123 = AXIS2_PLACEMENT_3D ( 'NONE', #3396, #2723, #46 ) ;
#8124 = CARTESIAN_POINT ( 'NONE',  ( -0.6129808753417835820, 1.101310437370025541, -2.710505431213758928E-17 ) ) ;
#8125 = LINE ( 'NONE', #5429, #4925 ) ;
#8126 = ADVANCED_FACE ( 'NONE', ( #8516 ), #7606, .T. ) ;
#8127 = FACE_OUTER_BOUND ( 'NONE', #6704, .T. ) ;
#8128 = DIRECTION ( 'NONE',  ( 1.000000000000000000, -0.000000000000000000, 0.000000000000000000 ) ) ;
#8129 = LINE ( 'NONE', #4131, #5947 ) ;
#8130 = CARTESIAN_POINT ( 'NONE',  ( -7.436784533329104718, 1.586441787580735063, -0.2000000000000000111 ) ) ;
#8131 = ORIENTED_EDGE ( 'NONE', *, *, #22, .T. ) ;
#8132 = ORIENTED_EDGE ( 'NONE', *, *, #30, .F. ) ;
#8133 = DIRECTION ( 'NONE',  ( 1.000000000000000000, 0.000000000000000000, 0.000000000000000000 ) ) ;
#8134 = ORIENTED_EDGE ( 'NONE', *, *, #68, .F. ) ;
#8135 = ADVANCED_FACE ( 'NONE', ( #5766 ), #5818, .F. ) ;
#8136 = CARTESIAN_POINT ( 'NONE',  ( -0.8044698233079311533, 1.782482479452609514, -0.2000000000000000111 ) ) ;
#8137 = CARTESIAN_POINT ( 'NONE',  ( 17.80000000000000426, 2.099999999999997424, -1.000000000000000000 ) ) ;
#8138 = CARTESIAN_POINT ( 'NONE',  ( -9.755030487804813077, 0.2398578399853534548, -0.2000000000000000389 ) ) ;
#8139 = CARTESIAN_POINT ( 'NONE',  ( -0.7657336898937426861, 1.525103295726003783, -0.2000000000000000111 ) ) ;
#8140 = LINE ( 'NONE', #7459, #7262 ) ;
#8141 = CARTESIAN_POINT ( 'NONE',  ( -6.119328192616189099, 1.169597886315987045, -0.2000000000000000389 ) ) ;
#8142 = ORIENTED_EDGE ( 'NONE', *, *, #3135, .T. ) ;
#8143 = VERTEX_POINT ( 'NONE', #7166 ) ;
#8144 = CARTESIAN_POINT ( 'NONE',  ( 12.89999999999999858, -14.19999999999999929, -14.69999999999998863 ) ) ;
#8145 = CARTESIAN_POINT ( 'NONE',  ( -7.507317073170667321, 2.204034669253646328, -0.2000000000000000389 ) ) ;
#8146 = CARTESIAN_POINT ( 'NONE',  ( -4.796811348701718991, 0.3192985148002455142, 0.000000000000000000 ) ) ;
#8147 = DIRECTION ( 'NONE',  ( 0.000000000000000000, -0.000000000000000000, -1.000000000000000000 ) ) ;
#8148 = DIRECTION ( 'NONE',  ( -0.000000000000000000, 1.000000000000000000, -0.000000000000000000 ) ) ;
#8149 = LINE ( 'NONE', #3982, #5536 ) ;
#8150 = ORIENTED_EDGE ( 'NONE', *, *, #7172, .F. ) ;
#8151 = EDGE_CURVE ( 'NONE', #4462, #1202, #4727, .T. ) ;
#8152 = DIRECTION ( 'NONE',  ( 0.000000000000000000, 0.000000000000000000, -1.000000000000000000 ) ) ;
#8153 = ORIENTED_EDGE ( 'NONE', *, *, #2241, .F. ) ;
#8154 = PLANE ( 'NONE',  #7524 ) ;
#8155 = CARTESIAN_POINT ( 'NONE',  ( -9.287414492709709535, 1.063552874774026602, -0.2000000000000000111 ) ) ;
#8156 = CARTESIAN_POINT ( 'NONE',  ( -4.471263784704892608, 0.4326366282556349807, -0.2000000000000000111 ) ) ;
#8157 = CARTESIAN_POINT ( 'NONE',  ( 3.007615411777831760, 4.239954809950520875, 0.000000000000000000 ) ) ;
#8158 = LINE ( 'NONE', #5661, #7085 ) ;
#8159 = DIRECTION ( 'NONE',  ( 1.000000000000000000, 2.282530889443167515E-16, 0.000000000000000000 ) ) ;
#8160 = CARTESIAN_POINT ( 'NONE',  ( -1.060005893120057774, 4.034419757517220262, -0.2000000000000000111 ) ) ;
#8161 = FACE_OUTER_BOUND ( 'NONE', #6630, .T. ) ;
#8162 = ORIENTED_EDGE ( 'NONE', *, *, #3114, .T. ) ;
#8163 = EDGE_CURVE ( 'NONE', #5523, #931, #6747, .T. ) ;
#8164 = ORIENTED_EDGE ( 'NONE', *, *, #8459, .F. ) ;
#8165 = CARTESIAN_POINT ( 'NONE',  ( -5.402134146341399656, 0.9715651570585243091, -0.2000000000000000389 ) ) ;
#8166 = CARTESIAN_POINT ( 'NONE',  ( -0.4699141963577005976, 0.2529186263913408284, -0.1999999999999999833 ) ) ;
#8167 = PLANE ( 'NONE',  #6509 ) ;
#8168 = CARTESIAN_POINT ( 'NONE',  ( 3.663414634146407334, 0.2886383277902315192, -0.2000000000000000111 ) ) ;
#8169 = CARTESIAN_POINT ( 'NONE',  ( 10.20000000000000639, -9.200000000000002842, 0.000000000000000000 ) ) ;
#8170 = CARTESIAN_POINT ( 'NONE',  ( -12.60000000000000142, 13.20133359925599237, -14.69999999999998863 ) ) ;
#8171 = ORIENTED_EDGE ( 'NONE', *, *, #5354, .F. ) ;
#8172 = EDGE_CURVE ( 'NONE', #7442, #7713, #8835, .T. ) ;
#8173 = ORIENTED_EDGE ( 'NONE', *, *, #2302, .T. ) ;
#8174 = CARTESIAN_POINT ( 'NONE',  ( 0.3946939731005876251, 2.229434755835566939, -0.2000000000000000111 ) ) ;
#8175 = VERTEX_POINT ( 'NONE', #2018 ) ;
#8176 = CARTESIAN_POINT ( 'NONE',  ( -0.2830373929064693983, 0.8768268608252626217, -0.2000000000000000111 ) ) ;
#8177 = CARTESIAN_POINT ( 'NONE',  ( -7.649873333299994194, -6.199999999999999289, -8.799999999999998934 ) ) ;
#8178 = CARTESIAN_POINT ( 'NONE',  ( 6.227808503120348504, -4.290105172783861498, 1.734723475976807094E-15 ) ) ;
#8179 = CARTESIAN_POINT ( 'NONE',  ( 0.2471407160358200239, 0.3125756107902046277, -0.2000000000000000111 ) ) ;
#8180 = CARTESIAN_POINT ( 'NONE',  ( -7.649873333299994194, -7.375133543765119093, -1.000000000000000888 ) ) ;
#8181 = DIRECTION ( 'NONE',  ( -1.711898167082374773E-16, 1.000000000000000000, -0.000000000000000000 ) ) ;
#8182 = ORIENTED_EDGE ( 'NONE', *, *, #5291, .F. ) ;
#8183 = EDGE_CURVE ( 'NONE', #2037, #5042, #4742, .T. ) ;
#8184 = EDGE_LOOP ( 'NONE', ( #1267, #130, #2266, #5126 ) ) ;
#8185 = ORIENTED_EDGE ( 'NONE', *, *, #3555, .T. ) ;
#8186 = CARTESIAN_POINT ( 'NONE',  ( -13.50000000000000533, -14.20000000000000639, -14.69999999999998863 ) ) ;
#8187 = CARTESIAN_POINT ( 'NONE',  ( 2.405872650846105465, 3.151792985107862766, -0.2000000000000000111 ) ) ;
#8188 = CARTESIAN_POINT ( 'NONE',  ( -4.535730129441681413, 4.222484783328210867, 0.000000000000000000 ) ) ;
#8189 = DIRECTION ( 'NONE',  ( -1.000000000000000000, 0.000000000000000000, 0.000000000000000000 ) ) ;
#8190 = CARTESIAN_POINT ( 'NONE',  ( 0.3598821531257542783, 2.902846426145851755, -0.2000000000000000111 ) ) ;
#8191 = CARTESIAN_POINT ( 'NONE',  ( -9.165190260387808152, 1.153964883111322504, 0.000000000000000000 ) ) ;
#8192 = EDGE_CURVE ( 'NONE', #7367, #818, #5810, .T. ) ;
#8193 = ORIENTED_EDGE ( 'NONE', *, *, #5678, .F. ) ;
#8194 = ORIENTED_EDGE ( 'NONE', *, *, #3388, .T. ) ;
#8195 = DIRECTION ( 'NONE',  ( 0.000000000000000000, 0.000000000000000000, -1.000000000000000000 ) ) ;
#8196 = FACE_OUTER_BOUND ( 'NONE', #1044, .T. ) ;
#8197 = DIRECTION ( 'NONE',  ( 0.000000000000000000, 0.000000000000000000, -1.000000000000000000 ) ) ;
#8198 = CARTESIAN_POINT ( 'NONE',  ( -10.47196491140550556, 1.735943860188783772, 0.000000000000000000 ) ) ;
#8199 = FACE_OUTER_BOUND ( 'NONE', #2055, .T. ) ;
#8200 = DIRECTION ( 'NONE',  ( -1.000000000000000000, 0.000000000000000000, -0.000000000000000000 ) ) ;
#8201 = DIRECTION ( 'NONE',  ( 1.000000000000000000, 0.000000000000000000, 0.000000000000000000 ) ) ;
#8202 = CARTESIAN_POINT ( 'NONE',  ( 0.2468294835563919210, 1.228829681267505247, 0.000000000000000000 ) ) ;
#8203 = ORIENTED_EDGE ( 'NONE', *, *, #2581, .F. ) ;
#8204 = ORIENTED_EDGE ( 'NONE', *, *, #6231, .T. ) ;
#8205 = CARTESIAN_POINT ( 'NONE',  ( -0.3378584398587207716, 3.683111114092636029, -0.2000000000000000389 ) ) ;
#8206 = CARTESIAN_POINT ( 'NONE',  ( 14.65000000000000213, 14.20133359925599414, -14.69999999999998863 ) ) ;
#8207 = CARTESIAN_POINT ( 'NONE',  ( -4.434146341463349295, 0.4494614985219388403, -0.2000000000000000111 ) ) ;
#8208 = CARTESIAN_POINT ( 'NONE',  ( -6.377921421609263675, 1.417553004502311254, -0.2000000000000000111 ) ) ;
#8209 = CARTESIAN_POINT ( 'NONE',  ( -0.9360591183575263097, 4.128229574016330616, -0.2000000000000000111 ) ) ;
#8210 = EDGE_CURVE ( 'NONE', #7865, #4125, #1952, .T. ) ;
#8211 = CARTESIAN_POINT ( 'NONE',  ( -4.543742086777925238, 1.156828111363683798, -0.1999999999999999556 ) ) ;
#8212 = AXIS2_PLACEMENT_3D ( 'NONE', #4782, #2149, #7526 ) ;
#8213 = EDGE_LOOP ( 'NONE', ( #1193, #979, #7705, #4736 ) ) ;
#8214 = CARTESIAN_POINT ( 'NONE',  ( -5.402134146341399656, 0.9715651570585243091, -0.2000000000000000389 ) ) ;
#8215 = EDGE_LOOP ( 'NONE', ( #2759, #7725, #8682, #7220 ) ) ;
#8216 = CARTESIAN_POINT ( 'NONE',  ( -0.2092987804877405322, 0.8740041814487681249, 0.000000000000000000 ) ) ;
#8217 = DIRECTION ( 'NONE',  ( 0.000000000000000000, 0.000000000000000000, 1.000000000000000000 ) ) ;
#8218 = CARTESIAN_POINT ( 'NONE',  ( -13.50000000000000178, 15.70133359925599414, -14.69999999999998863 ) ) ;
#8219 = CIRCLE ( 'NONE', #7808, 1.749999999999999778 ) ;
#8220 = CARTESIAN_POINT ( 'NONE',  ( -0.7879743790951386773, 1.648373868725017122, -0.2000000000000000111 ) ) ;
#8221 = PERSON_AND_ORGANIZATION ( #6739, #6392 ) ;
#8222 = CARTESIAN_POINT ( 'NONE',  ( -6.536142879292138552, 0.4464403647917239426, 0.000000000000000000 ) ) ;
#8223 = AXIS2_PLACEMENT_3D ( 'NONE', #5596, #5685, #8338 ) ;
#8224 = EDGE_CURVE ( 'NONE', #4126, #8486, #4105, .T. ) ;
#8225 = ORIENTED_EDGE ( 'NONE', *, *, #5251, .T. ) ;
#8226 = ORIENTED_EDGE ( 'NONE', *, *, #2825, .F. ) ;
#8227 = AXIS2_PLACEMENT_3D ( 'NONE', #4918, #7656, #7613 ) ;
#8228 = ORIENTED_EDGE ( 'NONE', *, *, #4592, .T. ) ;
#8229 = DIRECTION ( 'NONE',  ( -0.000000000000000000, -0.000000000000000000, 1.000000000000000000 ) ) ;
#8230 = CARTESIAN_POINT ( 'NONE',  ( 6.879450486378559049, -4.290105172783861498, -0.2000000000000000111 ) ) ;
#8231 = CARTESIAN_POINT ( 'NONE',  ( -4.998905992912844098, 4.317040192604685522, -0.2000000000000000111 ) ) ;
#8232 = CARTESIAN_POINT ( 'NONE',  ( 3.700000000000005507, 11.20133359925599059, -1.000000000000000000 ) ) ;
#8233 = EDGE_CURVE ( 'NONE', #8750, #7245, #4834, .T. ) ;
#8234 = VECTOR ( 'NONE', #2714, 1000.000000000000000 ) ;
#8235 = DIRECTION ( 'NONE',  ( -0.000000000000000000, -0.000000000000000000, 1.000000000000000000 ) ) ;
#8236 = VECTOR ( 'NONE', #4360, 1000.000000000000000 ) ;
#8237 = CARTESIAN_POINT ( 'NONE',  ( 6.227808503120348504, -5.822408242112043553, -0.2000000000000000111 ) ) ;
#8238 = ORIENTED_EDGE ( 'NONE', *, *, #3146, .F. ) ;
#8239 = VERTEX_POINT ( 'NONE', #1977 ) ;
#8240 = VECTOR ( 'NONE', #3120, 1000.000000000000000 ) ;
#8241 = CARTESIAN_POINT ( 'NONE',  ( -10.12834209370794980, 0.2645129558605973652, -0.2000000000000000111 ) ) ;
#8242 = VECTOR ( 'NONE', #6250, 1000.000000000000000 ) ;
#8243 = CARTESIAN_POINT ( 'NONE',  ( -1.103374805958261096, 0.5163547833102929419, -0.2000000000000000111 ) ) ;
#8244 = CARTESIAN_POINT ( 'NONE',  ( -6.185265745762884571, 1.217516231359153434, -2.710505431213764167E-17 ) ) ;
#8245 = CARTESIAN_POINT ( 'NONE',  ( -4.795193503802078538, 3.526704878574136170, -6.776263578034403945E-17 ) ) ;
#8246 = EDGE_CURVE ( 'NONE', #5617, #7035, #6756, .T. ) ;
#8247 = DIRECTION ( 'NONE',  ( -0.000000000000000000, -0.000000000000000000, 1.000000000000000000 ) ) ;
#8248 = DIRECTION ( 'NONE',  ( 0.000000000000000000, 0.000000000000000000, 1.000000000000000000 ) ) ;
#8249 = CARTESIAN_POINT ( 'NONE',  ( -6.629268292682862551, 2.265772474131694914, -0.2000000000000000389 ) ) ;
#8250 = CARTESIAN_POINT ( 'NONE',  ( -8.241082110125532267, 1.103205873976439877, -1.084202172485504311E-16 ) ) ;
#8251 = VECTOR ( 'NONE', #5551, 1000.000000000000000 ) ;
#8252 = EDGE_LOOP ( 'NONE', ( #7894, #1776, #365, #652, #8292, #2610, #3390, #82 ) ) ;
#8253 = ORIENTED_EDGE ( 'NONE', *, *, #907, .T. ) ;
#8254 = CYLINDRICAL_SURFACE ( 'NONE', #8647, 0.8999999999999998002 ) ;
#8255 = LINE ( 'NONE', #8380, #1785 ) ;
#8256 = VECTOR ( 'NONE', #8320, 1000.000000000000000 ) ;
#8257 = CARTESIAN_POINT ( 'NONE',  ( 2.148702874086961589, 3.066317372066226454, 0.000000000000000000 ) ) ;
#8258 = CARTESIAN_POINT ( 'NONE',  ( -4.434146341463350183, 1.215467596082914659, -0.2000000000000000111 ) ) ;
#8259 = CARTESIAN_POINT ( 'NONE',  ( 0.7898256761640016776, 3.951800448417381428, -8.131516293641283255E-17 ) ) ;
#8260 = CARTESIAN_POINT ( 'NONE',  ( -7.649873333299991529, -15.69999999999999929, -1.000000000000000000 ) ) ;
#8261 = AXIS2_PLACEMENT_3D ( 'NONE', #5050, #6345, #5009 ) ;
#8262 = VERTEX_POINT ( 'NONE', #2692 ) ;
#8263 = CARTESIAN_POINT ( 'NONE',  ( -7.649873333299992417, -11.69999999999999929, -8.800000000000000711 ) ) ;
#8264 = EDGE_CURVE ( 'NONE', #1202, #931, #4700, .T. ) ;
#8265 = EDGE_LOOP ( 'NONE', ( #8042, #4780 ) ) ;
#8266 = CARTESIAN_POINT ( 'NONE',  ( 2.767617710606457671, 3.340579030657719439, -0.2000000000000001499 ) ) ;
#8267 = CARTESIAN_POINT ( 'NONE',  ( 6.879450486378559049, -5.822408242112043553, 5.332894443888950065 ) ) ;
#8268 = DIRECTION ( 'NONE',  ( -1.000000000000000000, 0.000000000000000000, -0.000000000000000000 ) ) ;
#8269 = VECTOR ( 'NONE', #6329, 1000.000000000000000 ) ;
#8270 = CARTESIAN_POINT ( 'NONE',  ( -0.2382621951218868994, 0.2398578399853534548, -0.2000000000000000111 ) ) ;
#8271 = CALENDAR_DATE ( 2026, 24, 6 ) ;
#8272 = LINE ( 'NONE', #1459, #7794 ) ;
#8273 = ORIENTED_EDGE ( 'NONE', *, *, #771, .F. ) ;
#8274 = ORIENTED_EDGE ( 'NONE', *, *, #1097, .F. ) ;
#8275 = EDGE_CURVE ( 'NONE', #6052, #7778, #7186, .T. ) ;
#8276 = EDGE_LOOP ( 'NONE', ( #8589, #3542, #5382, #4470 ) ) ;
#8277 = CARTESIAN_POINT ( 'NONE',  ( -4.434146341463349295, 3.361809059497548713, -0.2000000000000000111 ) ) ;
#8278 = CARTESIAN_POINT ( 'NONE',  ( 0.2303810196112516528, 0.3046097766090025138, -6.776263578034405178E-17 ) ) ;
#8279 = CARTESIAN_POINT ( 'NONE',  ( -4.980369307077385344, 3.572921834517083894, 0.000000000000000000 ) ) ;
#8280 = CARTESIAN_POINT ( 'NONE',  ( -6.488879778044209345, 2.939531031935369576, -2.710505431213761085E-17 ) ) ;
#8281 = LINE ( 'NONE', #7604, #8828 ) ;
#8282 = VERTEX_POINT ( 'NONE', #8370 ) ;
#8283 = ADVANCED_FACE ( 'NONE', ( #2280 ), #6244, .T. ) ;
#8284 = VERTEX_POINT ( 'NONE', #5549 ) ;
#8285 = CARTESIAN_POINT ( 'NONE',  ( -11.33840397423987767, 1.571290755688086849, -0.2000000000000000111 ) ) ;
#8286 = LINE ( 'NONE', #11, #8497 ) ;
#8287 = CARTESIAN_POINT ( 'NONE',  ( -5.569820116463637838, 0.9770433109404906835, -1.490777987167568843E-16 ) ) ;
#8288 = CARTESIAN_POINT ( 'NONE',  ( 1.907317073170796240, 3.732998083887792529, 0.000000000000000000 ) ) ;
#8289 = LINE ( 'NONE', #6263, #6785 ) ;
#8290 = CARTESIAN_POINT ( 'NONE',  ( -0.7401918136406229198, 1.412166488874921910, 0.000000000000000000 ) ) ;
#8291 = CARTESIAN_POINT ( 'NONE',  ( -8.143374535115405877, 1.438117463436384691, 5.421010862427516623E-17 ) ) ;
#8292 = ORIENTED_EDGE ( 'NONE', *, *, #3628, .F. ) ;
#8293 = ORIENTED_EDGE ( 'NONE', *, *, #771, .T. ) ;
#8294 = EDGE_CURVE ( 'NONE', #3859, #2263, #2948, .T. ) ;
#8295 = FACE_OUTER_BOUND ( 'NONE', #7521, .T. ) ;
#8296 = CARTESIAN_POINT ( 'NONE',  ( 2.148702874086961589, 3.066317372066226454, 0.000000000000000000 ) ) ;
#8297 = FACE_OUTER_BOUND ( 'NONE', #3028, .T. ) ;
#8298 = CARTESIAN_POINT ( 'NONE',  ( 0.000000000000000000, -15.69999999999999929, -16.50000000000000000 ) ) ;
#8299 = CARTESIAN_POINT ( 'NONE',  ( 0.4456964670883151181, 4.214215347304801185, -8.131516293641283255E-17 ) ) ;
#8300 = CARTESIAN_POINT ( 'NONE',  ( -5.402134146341399656, 0.9715651570585243091, -0.1999999999999999556 ) ) ;
#8301 = VERTEX_POINT ( 'NONE', #4199 ) ;
#8302 = ADVANCED_FACE ( 'NONE', ( #3484 ), #7739, .T. ) ;
#8303 = CARTESIAN_POINT ( 'NONE',  ( -10.29863990287660513, 0.2974561598605633961, 2.710505431213761085E-17 ) ) ;
#8304 = CARTESIAN_POINT ( 'NONE',  ( -5.076501585535812211, 4.328474269916404715, -2.710505431213760777E-17 ) ) ;
#8305 = LINE ( 'NONE', #2168, #84 ) ;
#8306 = CARTESIAN_POINT ( 'NONE',  ( 6.227808503120347616, -1.849989268083281901, 5.332894443888950065 ) ) ;
#8307 = DIRECTION ( 'NONE',  ( 0.000000000000000000, 0.000000000000000000, 1.000000000000000000 ) ) ;
#8308 = CARTESIAN_POINT ( 'NONE',  ( 1.016144153040730025, 1.081422035617684685, -0.2000000000000000111 ) ) ;
#8309 = PERSON_AND_ORGANIZATION_ROLE ( 'creator' ) ;
#8310 = CARTESIAN_POINT ( 'NONE',  ( 2.551123407919006603, 3.213500669199077286, -1.084202172485504434E-16 ) ) ;
#8311 = ORIENTED_EDGE ( 'NONE', *, *, #1002, .F. ) ;
#8312 = ORIENTED_EDGE ( 'NONE', *, *, #4899, .F. ) ;
#8313 = LINE ( 'NONE', #916, #7229 ) ;
#8314 = VERTEX_POINT ( 'NONE', #2899 ) ;
#8315 = FACE_OUTER_BOUND ( 'NONE', #6373, .T. ) ;
#8316 = CARTESIAN_POINT ( 'NONE',  ( 0.2274913922224224005, 1.184320297223332208, -0.2000000000000001499 ) ) ;
#8317 = PLANE ( 'NONE',  #3075 ) ;
#8318 = DIRECTION ( 'NONE',  ( 1.000000000000000000, -9.745637505487682231E-17, 0.000000000000000000 ) ) ;
#8319 = EDGE_CURVE ( 'NONE', #4900, #6116, #1851, .T. ) ;
#8320 = DIRECTION ( 'NONE',  ( -1.000000000000000000, 0.000000000000000000, 0.000000000000000000 ) ) ;
#8321 = EDGE_CURVE ( 'NONE', #3710, #7979, #2151, .T. ) ;
#8322 = ORIENTED_EDGE ( 'NONE', *, *, #8210, .F. ) ;
#8323 = PRODUCT_DEFINITION_SHAPE ( 'NONE', 'NONE',  #1473 ) ;
#8324 = ORIENTED_EDGE ( 'NONE', *, *, #4899, .T. ) ;
#8325 = CARTESIAN_POINT ( 'NONE',  ( 0.3931101519315997606, 2.566684592180527691, -2.710505431213761701E-17 ) ) ;
#8326 = CARTESIAN_POINT ( 'NONE',  ( -0.9860468358684802981, 0.4306310989612089912, -0.2000000000000000111 ) ) ;
#8327 = CARTESIAN_POINT ( 'NONE',  ( 8.411753555706741992, -5.822408242112043553, 5.332894443888950065 ) ) ;
#8328 = CARTESIAN_POINT ( 'NONE',  ( -0.5679289771500417583, 0.2680391185987531233, -1.084202172485504434E-16 ) ) ;
#8329 = LINE ( 'NONE', #5179, #6495 ) ;
#8330 = CARTESIAN_POINT ( 'NONE',  ( 0.3758616441350743909, 2.764519982414732624, -0.2000000000000000111 ) ) ;
#8331 = EDGE_CURVE ( 'NONE', #3815, #1315, #1477, .T. ) ;
#8332 = CARTESIAN_POINT ( 'NONE',  ( -0.1605182926828624401, 4.337418815595110111, 0.000000000000000000 ) ) ;
#8333 = ORIENTED_EDGE ( 'NONE', *, *, #4660, .F. ) ;
#8334 = EDGE_LOOP ( 'NONE', ( #1791, #20, #5170, #1420 ) ) ;
#8335 = LINE ( 'NONE', #2196, #5518 ) ;
#8336 = CARTESIAN_POINT ( 'NONE',  ( 0.4089744805303112685, 4.234467712747308710, -0.2000000000000000389 ) ) ;
#8337 = CARTESIAN_POINT ( 'NONE',  ( -12.79999999999992966, -8.550000000000027356, -1.000000000000000000 ) ) ;
#8338 = DIRECTION ( 'NONE',  ( -1.000000000000000000, 0.000000000000000000, -0.000000000000000000 ) ) ;
#8339 = CARTESIAN_POINT ( 'NONE',  ( 1.223420402541916641, 2.398421121527638977, -8.131516293641283255E-17 ) ) ;
#8340 = EDGE_CURVE ( 'NONE', #818, #8599, #5754, .T. ) ;
#8341 = CARTESIAN_POINT ( 'NONE',  ( -11.35995636060658676, 1.903934210199818455, -0.000000000000000000 ) ) ;
#8342 = EDGE_LOOP ( 'NONE', ( #6905, #5791, #2025, #2866 ) ) ;
#8343 = CARTESIAN_POINT ( 'NONE',  ( 8.411753555706741992, -5.822408242112043553, -0.2000000000000000111 ) ) ;
#8344 = CARTESIAN_POINT ( 'NONE',  ( -5.561432926829203538, 0.2398578399853534548, -0.2000000000000000389 ) ) ;
#8345 = CARTESIAN_POINT ( 'NONE',  ( 4.694324922952930912, -5.822408242112043553, 0.000000000000000000 ) ) ;
#8346 = CARTESIAN_POINT ( 'NONE',  ( 9.700000000000004619, 11.20133359925599059, -2.999999999999999112 ) ) ;
#8347 = CARTESIAN_POINT ( 'NONE',  ( 0.004398430518902840883, 4.333518992288737159, -0.2000000000000000666 ) ) ;
#8348 = CARTESIAN_POINT ( 'NONE',  ( 4.694324922952930912, -6.581476711740719132, -0.2000000000000000111 ) ) ;
#8349 = DIRECTION ( 'NONE',  ( 0.000000000000000000, -0.000000000000000000, -1.000000000000000000 ) ) ;
#8350 = EDGE_CURVE ( 'NONE', #3837, #4880, #3706, .T. ) ;
#8351 = ORIENTED_EDGE ( 'NONE', *, *, #5767, .F. ) ;
#8352 = PLANE ( 'NONE',  #7654 ) ;
#8353 = ORIENTED_EDGE ( 'NONE', *, *, #1334, .F. ) ;
#8354 = CARTESIAN_POINT ( 'NONE',  ( 6.227808503120348504, -6.581476711740719132, 5.332894443888950065 ) ) ;
#8355 = VECTOR ( 'NONE', #2933, 1000.000000000000000 ) ;
#8356 = LINE ( 'NONE', #345, #1626 ) ;
#8357 = FACE_OUTER_BOUND ( 'NONE', #7259, .T. ) ;
#8358 = DIRECTION ( 'NONE',  ( -1.000000000000000000, 0.000000000000000000, -0.000000000000000000 ) ) ;
#8359 = CARTESIAN_POINT ( 'NONE',  ( -4.889042845613229105, 0.2989735551320684137, -0.2000000000000000111 ) ) ;
#8360 = VECTOR ( 'NONE', #2932, 1000.000000000000000 ) ;
#8361 = VECTOR ( 'NONE', #5248, 1000.000000000000000 ) ;
#8362 = ORIENTED_EDGE ( 'NONE', *, *, #8488, .T. ) ;
#8363 = ORIENTED_EDGE ( 'NONE', *, *, #493, .F. ) ;
#8364 = CARTESIAN_POINT ( 'NONE',  ( -10.73419614281261758, 0.4805935625842224779, -0.2000000000000000111 ) ) ;
#8365 = ADVANCED_FACE ( 'NONE', ( #3132 ), #8637, .T. ) ;
#8366 = CARTESIAN_POINT ( 'NONE',  ( -1.458524561661479257, 1.017208753837950619, 0.000000000000000000 ) ) ;
#8367 = CARTESIAN_POINT ( 'NONE',  ( 0.3939162847948091684, 2.454354538096069849, -2.710505431213761085E-17 ) ) ;
#8368 = AXIS2_PLACEMENT_3D ( 'NONE', #2971, #5692, #3686 ) ;
#8369 = CIRCLE ( 'NONE', #8667, 0.8999999999999998002 ) ;
#8370 = CARTESIAN_POINT ( 'NONE',  ( -14.40000000000000568, -13.19999999999999929, -14.69999999999998863 ) ) ;
#8371 = CARTESIAN_POINT ( 'NONE',  ( -6.628232238980919178, 2.218220338611985643, -8.131516293641283255E-17 ) ) ;
#8372 = CARTESIAN_POINT ( 'NONE',  ( -0.1227475004351675919, 3.700508118555857706, -0.2000000000000000111 ) ) ;
#8373 = DIRECTION ( 'NONE',  ( -0.000000000000000000, -0.000000000000000000, 1.000000000000000000 ) ) ;
#8374 = AXIS2_PLACEMENT_3D ( 'NONE', #737, #5469, #4000 ) ;
#8375 = CIRCLE ( 'NONE', #1091, 0.8999999999999998002 ) ;
#8376 = VERTEX_POINT ( 'NONE', #8595 ) ;
#8377 = ORIENTED_EDGE ( 'NONE', *, *, #7694, .T. ) ;
#8378 = LINE ( 'NONE', #7618, #2661 ) ;
#8379 = EDGE_CURVE ( 'NONE', #2410, #1116, #6647, .T. ) ;
#8380 = CARTESIAN_POINT ( 'NONE',  ( 6.879450486378559049, -4.290105172783861498, 0.000000000000000000 ) ) ;
#8381 = CARTESIAN_POINT ( 'NONE',  ( -10.73419614281261758, 0.4805935625842224779, -0.1999999999999999278 ) ) ;
#8382 = FACE_OUTER_BOUND ( 'NONE', #8334, .T. ) ;
#8383 = VECTOR ( 'NONE', #2062, 1000.000000000000000 ) ;
#8384 = CARTESIAN_POINT ( 'NONE',  ( 1.224390243902504727, 2.316839547302426805, -8.131516293641283255E-17 ) ) ;
#8385 = DIRECTION ( 'NONE',  ( -1.000000000000000000, 0.000000000000000000, 0.000000000000000000 ) ) ;
#8386 = ORIENTED_EDGE ( 'NONE', *, *, #4133, .T. ) ;
#8387 = AXIS2_PLACEMENT_3D ( 'NONE', #8029, #5158, #1891 ) ;
#8388 = CARTESIAN_POINT ( 'NONE',  ( -4.467909330471531604, 3.381392089477542218, -0.2000000000000000111 ) ) ;
#8389 = EDGE_CURVE ( 'NONE', #6915, #4043, #2457, .T. ) ;
#8390 = DIRECTION ( 'NONE',  ( -1.000000000000000000, 0.000000000000000000, 0.000000000000000000 ) ) ;
#8391 = LINE ( 'NONE', #4984, #7792 ) ;
#8392 = CARTESIAN_POINT ( 'NONE',  ( 0.4456964670883151181, 4.214215347304801185, -0.2000000000000000111 ) ) ;
#8393 = CARTESIAN_POINT ( 'NONE',  ( 1.223420402541916641, 2.398421121527638977, -5.421010862427522170E-17 ) ) ;
#8394 = CARTESIAN_POINT ( 'NONE',  ( -5.348018292682861663, 3.605711498521939173, -0.2000000000000000111 ) ) ;
#8395 = COORDINATED_UNIVERSAL_TIME_OFFSET ( 8, 0, .AHEAD. ) ;
#8396 = CARTESIAN_POINT ( 'NONE',  ( 2.747356626934982060, 3.324388567049385124, -0.2000000000000000666 ) ) ;
#8397 = AXIS2_PLACEMENT_3D ( 'NONE', #7252, #7974, #1124 ) ;
#8398 = ORIENTED_EDGE ( 'NONE', *, *, #2096, .T. ) ;
#8399 = CARTESIAN_POINT ( 'NONE',  ( -18.39999999999999503, 8.850000000000038725, -8.800000000000000711 ) ) ;
#8400 = EDGE_CURVE ( 'NONE', #4079, #5877, #8118, .T. ) ;
#8401 = ORIENTED_EDGE ( 'NONE', *, *, #718, .F. ) ;
#8402 = AXIS2_PLACEMENT_3D ( 'NONE', #7503, #6057, #8811 ) ;
#8403 = CARTESIAN_POINT ( 'NONE',  ( -9.790282824204604495, 8.800525230557134648, -1.000000000000000000 ) ) ;
#8404 = CARTESIAN_POINT ( 'NONE',  ( -1.650109999925676307, 2.469298144541687279, -0.2000000000000000666 ) ) ;
#8405 = CARTESIAN_POINT ( 'NONE',  ( -18.39999999999999503, -13.19999999999999929, -16.50000000000000000 ) ) ;
#8406 = CARTESIAN_POINT ( 'NONE',  ( -12.79999999999993321, 8.850000000000040501, -1.000000000000000000 ) ) ;
#8407 = DIRECTION ( 'NONE',  ( 0.000000000000000000, -1.000000000000000000, 0.000000000000000000 ) ) ;
#8408 = CARTESIAN_POINT ( 'NONE',  ( -6.179179060244236688, 0.3117689312024466419, -0.2000000000000000111 ) ) ;
#8409 = ORIENTED_EDGE ( 'NONE', *, *, #3773, .F. ) ;
#8410 = ORIENTED_EDGE ( 'NONE', *, *, #41, .F. ) ;
#8411 = ORIENTED_EDGE ( 'NONE', *, *, #7907, .T. ) ;
#8412 = CARTESIAN_POINT ( 'NONE',  ( -10.43476964418226238, 1.533222373727120669, -2.710505431213761085E-17 ) ) ;
#8413 = CARTESIAN_POINT ( 'NONE',  ( -9.029367350710593598, 0.3476998528558994384, -0.2000000000000000111 ) ) ;
#8414 = CARTESIAN_POINT ( 'NONE',  ( -10.48292682926822827, 4.288638327790232019, 0.000000000000000000 ) ) ;
#8415 = DIRECTION ( 'NONE',  ( 1.000000000000000000, 0.000000000000000000, -0.000000000000000000 ) ) ;
#8416 = FACE_OUTER_BOUND ( 'NONE', #7171, .T. ) ;
#8417 = LINE ( 'NONE', #5715, #1808 ) ;
#8418 = DIRECTION ( 'NONE',  ( -0.000000000000000000, 0.000000000000000000, -1.000000000000000000 ) ) ;
#8419 = EDGE_CURVE ( 'NONE', #4430, #5617, #5187, .T. ) ;
#8420 = VERTEX_POINT ( 'NONE', #1166 ) ;
#8422 = VERTEX_POINT ( 'NONE', #7297 ) ;
#8421 = CARTESIAN_POINT ( 'NONE',  ( -10.43476964418226238, 1.533222373727120669, -1.626303258728256651E-16 ) ) ;
#8423 = CARTESIAN_POINT ( 'NONE',  ( -0.8227944830167506218, 2.536298771719383893, 1.355252715606880049E-16 ) ) ;
#8424 = CARTESIAN_POINT ( 'NONE',  ( 0.2468294835563919210, 1.228829681267505247, -0.2000000000000000111 ) ) ;
#8425 = CARTESIAN_POINT ( 'NONE',  ( 2.405872650846105465, 3.151792985107862766, 0.000000000000000000 ) ) ;
#8426 = DIRECTION ( 'NONE',  ( 0.000000000000000000, 1.000000000000000000, 0.000000000000000000 ) ) ;
#8427 = CARTESIAN_POINT ( 'NONE',  ( -6.608829827883858421, 2.549341665430480575, 0.000000000000000000 ) ) ;
#8428 = CARTESIAN_POINT ( 'NONE',  ( -9.800000000000011369, 0.8500000000000347278, -8.799999999999998934 ) ) ;
#8429 = CARTESIAN_POINT ( 'NONE',  ( -4.434146341463349295, 0.4494614985219388403, -2.710505431213761085E-17 ) ) ;
#8430 = ADVANCED_FACE ( 'NONE', ( #7155 ), #4425, .F. ) ;
#8431 = EDGE_CURVE ( 'NONE', #2451, #7355, #7880, .T. ) ;
#8432 = EDGE_LOOP ( 'NONE', ( #2609, #2569, #3018, #5393 ) ) ;
#8433 = CARTESIAN_POINT ( 'NONE',  ( -9.945852286109071017, 0.2434411596904782205, -0.2000000000000000111 ) ) ;
#8434 = CARTESIAN_POINT ( 'NONE',  ( -6.794851845931350276, 0.6033231956720030986, -0.2000000000000000666 ) ) ;
#8435 = CARTESIAN_POINT ( 'NONE',  ( -12.79999999999992966, -6.550000000000027356, -8.799999999999998934 ) ) ;
#8436 = DIRECTION ( 'NONE',  ( 0.000000000000000000, -1.000000000000000000, 0.000000000000000000 ) ) ;
#8437 = CARTESIAN_POINT ( 'NONE',  ( -10.45747045407118492, 1.630580947026702532, -0.2000000000000000111 ) ) ;
#8438 = PLANE ( 'NONE',  #8527 ) ;
#8439 = CARTESIAN_POINT ( 'NONE',  ( 0.2062580401873850000, 1.145938282616826953, -0.2000000000000001221 ) ) ;
#8440 = EDGE_CURVE ( 'NONE', #6611, #6621, #3989, .T. ) ;
#8441 = VERTEX_POINT ( 'NONE', #7112 ) ;
#8442 = DIRECTION ( 'NONE',  ( -0.000000000000000000, -0.000000000000000000, 1.000000000000000000 ) ) ;
#8443 = ORIENTED_EDGE ( 'NONE', *, *, #81, .F. ) ;
#8444 = CARTESIAN_POINT ( 'NONE',  ( 12.89999999999999858, -14.19999999999999929, -16.44999999999998863 ) ) ;
#8445 = CARTESIAN_POINT ( 'NONE',  ( -0.3338660597349740744, 4.332888016728503544, -5.421010862427522170E-17 ) ) ;
#8446 = CARTESIAN_POINT ( 'NONE',  ( -4.547189330470621904, 0.3982205331303919627, 0.000000000000000000 ) ) ;
#8447 = DIRECTION ( 'NONE',  ( 0.000000000000000000, 1.000000000000000000, -0.000000000000000000 ) ) ;
#8448 = CARTESIAN_POINT ( 'NONE',  ( -9.755030487804813077, 0.2398578399853534548, 0.000000000000000000 ) ) ;
#8449 = CARTESIAN_POINT ( 'NONE',  ( -5.983449432093749465, 0.2699462609432312643, -0.2000000000000000111 ) ) ;
#8450 = ADVANCED_FACE ( 'NONE', ( #984 ), #6434, .T. ) ;
#8451 = ORIENTED_EDGE ( 'NONE', *, *, #7740, .T. ) ;
#8452 = ORIENTED_EDGE ( 'NONE', *, *, #467, .T. ) ;
#8453 = VERTEX_POINT ( 'NONE', #7427 ) ;
#8454 = CARTESIAN_POINT ( 'NONE',  ( -10.28782674195250380, 1.220066423037985404, -0.2000000000000000389 ) ) ;
#8455 = FACE_OUTER_BOUND ( 'NONE', #2677, .T. ) ;
#8456 = CARTESIAN_POINT ( 'NONE',  ( -7.649873333299994194, -6.199999999999999289, 1.200000000000001510 ) ) ;
#8457 = CARTESIAN_POINT ( 'NONE',  ( -1.458524561661479257, 1.017208753837950619, -1.084202172485504434E-16 ) ) ;
#8458 = CARTESIAN_POINT ( 'NONE',  ( -0.1932926829267649360, 3.703272474131695358, -0.2000000000000000111 ) ) ;
#8459 = EDGE_CURVE ( 'NONE', #8301, #8842, #1210, .T. ) ;
#8460 = CARTESIAN_POINT ( 'NONE',  ( -5.960452820468455926, 4.281458311628405511, -6.776263578034401480E-17 ) ) ;
#8461 = B_SPLINE_CURVE_WITH_KNOTS ( 'NONE', 3,
 ( #2721, #843, #670, #6159, #3394, #8187, #44, #2762, #4821, #5488, #7559 ),
 .UNSPECIFIED., .F., .F.,
 ( 4, 1, 1, 1, 1, 1, 1, 1, 4 ),
 ( 0.000000000000000000, 0.1060828463567783791, 0.2222888227378322090, 0.3495024409521451103, 0.4881006216290098010, 0.6277218319895779830, 0.7592476519109182531, 0.8831516256485927308, 1.000000000000000000 ),
 .UNSPECIFIED. ) ;
#8462 = ORIENTED_EDGE ( 'NONE', *, *, #3709, .F. ) ;
#8464 = EDGE_LOOP ( 'NONE', ( #8377, #8472, #3840, #1182, #2104, #6004, #6383, #6722, #6438, #3441 ) ) ;
#8463 = CARTESIAN_POINT ( 'NONE',  ( -10.04008541212803252, 1.032432141877494436, -0.2000000000000000111 ) ) ;
#8465 = CARTESIAN_POINT ( 'NONE',  ( -4.434146341463349295, 3.361809059497548713, 0.000000000000000000 ) ) ;
#8466 = CARTESIAN_POINT ( 'NONE',  ( 0.3751584355530705461, 1.809679316610331767, -2.710505431213761085E-17 ) ) ;
#8467 = CARTESIAN_POINT ( 'NONE',  ( -7.305782017746914825, 1.226995595527003768, -0.2000000000000000666 ) ) ;
#8468 = CARTESIAN_POINT ( 'NONE',  ( -9.945852286109071017, 0.2434411596904782205, -0.1999999999999999278 ) ) ;
#8469 = CARTESIAN_POINT ( 'NONE',  ( -3.751219512195057337, 2.093516376570719206, 0.000000000000000000 ) ) ;
#8470 = DIRECTION ( 'NONE',  ( 0.000000000000000000, -1.000000000000000000, 0.000000000000000000 ) ) ;
#8471 = CARTESIAN_POINT ( 'NONE',  ( -4.547189330470621904, 0.3982205331303919627, -2.710505431213761085E-17 ) ) ;
#8472 = ORIENTED_EDGE ( 'NONE', *, *, #2484, .T. ) ;
#8473 = EDGE_LOOP ( 'NONE', ( #1402, #7107, #8452, #4562 ) ) ;
#8474 = CARTESIAN_POINT ( 'NONE',  ( 3.140548780487870673, 4.337418815595110111, -0.2000000000000000111 ) ) ;
#8475 = LINE ( 'NONE', #4892, #1774 ) ;
#8476 = EDGE_CURVE ( 'NONE', #5287, #4676, #2633, .T. ) ;
#8477 = EDGE_CURVE ( 'NONE', #7649, #8284, #6666, .T. ) ;
#8478 = CARTESIAN_POINT ( 'NONE',  ( -12.79999999999993499, -8.550000000000027356, 0.000000000000000000 ) ) ;
#8479 = LINE ( 'NONE', #2339, #1923 ) ;
#8480 = CARTESIAN_POINT ( 'NONE',  ( -10.48292682926822827, 1.966991986326817043, 0.000000000000000000 ) ) ;
#8481 = FACE_OUTER_BOUND ( 'NONE', #838, .T. ) ;
#8482 = CARTESIAN_POINT ( 'NONE',  ( 2.531869429840653662, 3.204651138334718041, -5.421010862427522170E-17 ) ) ;
#8483 = VERTEX_POINT ( 'NONE', #6121 ) ;
#8484 = DIRECTION ( 'NONE',  ( -0.000000000000000000, 1.000000000000000000, -0.000000000000000000 ) ) ;
#8485 = B_SPLINE_SURFACE_WITH_KNOTS ( 'NONE', 3, 1, ( 
 ( #8394, #2260 ),
 ( #5303, #6597 ),
 ( #2576, #7319 ),
 ( #5263, #3289 ),
 ( #7362, #6691 ),
 ( #3327, #2479 ),
 ( #8575, #2615 ),
 ( #1190, #4002 ),
 ( #570, #3154 ),
 ( #3909, #7902 ),
 ( #5872, #7275 ),
 ( #4623, #8081 ),
 ( #6011, #1145 ),
 ( #1238, #6728 ),
 ( #526, #476 ),
 ( #3246, #1946 ),
 ( #1762, #1813 ),
 ( #5969, #5168 ),
 ( #4539, #4489 ) ),
 .UNSPECIFIED., .F., .F., .F.,
 ( 4, 1, 1, 1, 1, 1, 1, 1, 1, 1, 1, 1, 1, 1, 1, 1, 4 ),
 ( 2, 2 ),
 ( 0.000000000000000000, 0.06794110478769091466, 0.1330320589970270806, 0.1958903342837345074, 0.2564798280410319209, 0.3159187028970242839, 0.3751881703605588481, 0.4345306208186967001, 0.4946700389152940414, 0.5549951889559803231, 0.6151213185310713261, 0.6753813065009021122, 0.7362416551281864008, 0.7985701357159235014, 0.8629833888300075806, 0.9298854749036633560, 1.000000000000000000 ),
 ( 0.000000000000000000, 1.000000000000000000 ),
 .UNSPECIFIED. ) ;
#8486 = VERTEX_POINT ( 'NONE', #5451 ) ;
#8487 = FACE_OUTER_BOUND ( 'NONE', #1996, .T. ) ;
#8488 = EDGE_CURVE ( 'NONE', #761, #4748, #8774, .T. ) ;
#8489 = CARTESIAN_POINT ( 'NONE',  ( -0.1605182926828624401, 4.337418815595110111, -0.2000000000000000666 ) ) ;
#8490 = PLANE ( 'NONE',  #6932 ) ;
#8491 = CARTESIAN_POINT ( 'NONE',  ( 6.227808503120347616, 1.942992058381624698, 0.000000000000000000 ) ) ;
#8492 = CARTESIAN_POINT ( 'NONE',  ( -1.482088820416546771, 3.430293052295468215, 1.355252715606880543E-17 ) ) ;
#8493 = VECTOR ( 'NONE', #585, 1000.000000000000000 ) ;
#8494 = CARTESIAN_POINT ( 'NONE',  ( -9.945852286109071017, 0.2434411596904782205, 0.000000000000000000 ) ) ;
#8495 = ORIENTED_EDGE ( 'NONE', *, *, #1042, .F. ) ;
#8496 = VERTEX_POINT ( 'NONE', #6837 ) ;
#8497 = VECTOR ( 'NONE', #2730, 1000.000000000000000 ) ;
#8498 = ORIENTED_EDGE ( 'NONE', *, *, #3785, .F. ) ;
#8499 = CARTESIAN_POINT ( 'NONE',  ( -10.40799172856306676, 1.443209151854097927, -0.2000000000000000389 ) ) ;
#8500 = EDGE_CURVE ( 'NONE', #6809, #4385, #2050, .T. ) ;
#8501 = LINE ( 'NONE', #1646, #4637 ) ;
#8502 = CARTESIAN_POINT ( 'NONE',  ( -5.733663372804703506, 1.004128820832469460, -0.2000000000000000666 ) ) ;
#8503 = CARTESIAN_POINT ( 'NONE',  ( -4.434146341463349295, 0.4494614985219388403, -0.2000000000000000111 ) ) ;
#8504 = AXIS2_PLACEMENT_3D ( 'NONE', #4964, #4286, #5585 ) ;
#8505 = CARTESIAN_POINT ( 'NONE',  ( 0.007983465163030186926, 3.655131734216722883, -0.2000000000000000111 ) ) ;
#8506 = AXIS2_PLACEMENT_3D ( 'NONE', #4413, #6514, #3022 ) ;
#8507 = DIRECTION ( 'NONE',  ( 0.000000000000000000, -1.000000000000000000, 0.000000000000000000 ) ) ;
#8508 = ORIENTED_EDGE ( 'NONE', *, *, #6577, .F. ) ;
#8510 = ORIENTED_EDGE ( 'NONE', *, *, #3036, .F. ) ;
#8509 = CARTESIAN_POINT ( 'NONE',  ( -1.458524561661479257, 1.017208753837950619, 0.000000000000000000 ) ) ;
#8511 = CARTESIAN_POINT ( 'NONE',  ( -9.433819884913322795, 1.003144443255713725, 0.000000000000000000 ) ) ;
#8512 = VECTOR ( 'NONE', #75, 1000.000000000000000 ) ;
#8513 = CARTESIAN_POINT ( 'NONE',  ( -8.094059896694194123, 1.948406178034761238, -0.2000000000000000111 ) ) ;
#8514 = EDGE_CURVE ( 'NONE', #8098, #7194, #5281, .T. ) ;
#8515 = CARTESIAN_POINT ( 'NONE',  ( -6.984465336444829475, 0.7732608721399231166, -2.710505431213761085E-17 ) ) ;
#8516 = FACE_OUTER_BOUND ( 'NONE', #917, .T. ) ;
#8517 = CARTESIAN_POINT ( 'NONE',  ( -5.100064959524909014, 3.591778257614862024, -2.710505431213761085E-17 ) ) ;
#8518 = DIRECTION ( 'NONE',  ( -1.000000000000000000, 6.484938541143236834E-16, 0.000000000000000000 ) ) ;
#8519 = CARTESIAN_POINT ( 'NONE',  ( -1.568327526479844192, 1.359983594459120981, -0.2000000000000000111 ) ) ;
#8520 = CARTESIAN_POINT ( 'NONE',  ( -10.38875173186319145, 1.372797052954591646, -1.084202172485503818E-16 ) ) ;
#8521 = VECTOR ( 'NONE', #4855, 1000.000000000000000 ) ;
#8522 = VECTOR ( 'NONE', #6408, 1000.000000000000000 ) ;
#8523 = VERTEX_POINT ( 'NONE', #6708 ) ;
#8524 = VERTEX_POINT ( 'NONE', #6028 ) ;
#8525 = CARTESIAN_POINT ( 'NONE',  ( -11.35995636060658676, 1.903934210199818455, 2.710505431213761085E-17 ) ) ;
#8526 = CARTESIAN_POINT ( 'NONE',  ( 0.4456964670883151181, 4.214215347304801185, 0.000000000000000000 ) ) ;
#8527 = AXIS2_PLACEMENT_3D ( 'NONE', #6458, #4448, #2300 ) ;
#8528 = FACE_OUTER_BOUND ( 'NONE', #5677, .T. ) ;
#8529 = CARTESIAN_POINT ( 'NONE',  ( 9.700000000000004619, -13.20000000000000462, -2.999999999999999112 ) ) ;
#8530 = CARTESIAN_POINT ( 'NONE',  ( 1.178579414659847613, 2.999290309598837467, -5.421010862427522170E-17 ) ) ;
#8531 = CARTESIAN_POINT ( 'NONE',  ( -0.6723479479728662334, 1.218879291969328316, -8.131516293641283255E-17 ) ) ;
#8532 = CARTESIAN_POINT ( 'NONE',  ( 2.646340597180960152, 3.263497242317961344, -0.2000000000000000666 ) ) ;
#8533 = VECTOR ( 'NONE', #6099, 1000.000000000000000 ) ;
#8534 = EDGE_LOOP ( 'NONE', ( #3763, #1305, #7802, #2931 ) ) ;
#8535 = ADVANCED_FACE ( 'NONE', ( #2009 ), #8824, .T. ) ;
#8536 = DIRECTION ( 'NONE',  ( 9.745637505487684696E-17, 1.000000000000000000, -0.000000000000000000 ) ) ;
#8537 = VERTEX_POINT ( 'NONE', #4774 ) ;
#8538 = CARTESIAN_POINT ( 'NONE',  ( 3.663414634146407334, 4.337418815595110111, -0.2000000000000000111 ) ) ;
#8539 = CARTESIAN_POINT ( 'NONE',  ( -1.560998721433434877, 3.128014611589974070, -5.421010862427522170E-17 ) ) ;
#8540 = CARTESIAN_POINT ( 'NONE',  ( -5.561432926829203538, 0.2398578399853534548, 0.000000000000000000 ) ) ;
#8541 = VECTOR ( 'NONE', #6529, 1000.000000000000000 ) ;
#8542 = CARTESIAN_POINT ( 'NONE',  ( -6.213367085078353114, 1.242498310938399353, 0.000000000000000000 ) ) ;
#8543 = CARTESIAN_POINT ( 'NONE',  ( -1.653658536585301375, 2.224613937546329634, -2.710505431213761085E-17 ) ) ;
#8544 = DIRECTION ( 'NONE',  ( 0.000000000000000000, -1.000000000000000000, 0.000000000000000000 ) ) ;
#8545 = ORIENTED_EDGE ( 'NONE', *, *, #1556, .T. ) ;
#8546 = EDGE_CURVE ( 'NONE', #7733, #8143, #1299, .T. ) ;
#8547 = CC_DESIGN_APPROVAL ( #3172, ( #5971 ) ) ;
#8548 = ORIENTED_EDGE ( 'NONE', *, *, #7849, .F. ) ;
#8549 = ORIENTED_EDGE ( 'NONE', *, *, #4395, .F. ) ;
#8550 = CARTESIAN_POINT ( 'NONE',  ( -9.696341463414569262, 0.9715651570585241981, -2.710505431213761085E-17 ) ) ;
#8551 = CARTESIAN_POINT ( 'NONE',  ( -8.092682926829203538, 4.288638327790232019, 0.000000000000000000 ) ) ;
#8552 = LINE ( 'NONE', #8456, #3494 ) ;
#8553 = CARTESIAN_POINT ( 'NONE',  ( 12.90000000000000213, 14.20133359925599414, -14.69999999999998863 ) ) ;
#8554 = LINE ( 'NONE', #2415, #2231 ) ;
#8555 = CARTESIAN_POINT ( 'NONE',  ( 6.879450486378559049, -5.822408242112043553, 5.332894443888950065 ) ) ;
#8556 = ADVANCED_FACE ( 'NONE', ( #6161 ), #6746, .F. ) ;
#8557 = ORIENTED_EDGE ( 'NONE', *, *, #1011, .F. ) ;
#8558 = CARTESIAN_POINT ( 'NONE',  ( -9.789900391901436905, 0.9736334591308278830, -0.2000000000000000111 ) ) ;
#8559 = CARTESIAN_POINT ( 'NONE',  ( -0.5254933214636763328, 3.568317711502588363, 1.355252715606879926E-17 ) ) ;
#8560 = CARTESIAN_POINT ( 'NONE',  ( -8.148262187362911746, 1.418461006457699014, -0.2000000000000000111 ) ) ;
#8561 = CARTESIAN_POINT ( 'NONE',  ( -0.1932926829267649360, 3.703272474131695358, -0.2000000000000000389 ) ) ;
#8562 = CARTESIAN_POINT ( 'NONE',  ( -7.507317073170667321, 2.204034669253646328, 0.000000000000000000 ) ) ;
#8563 = FACE_OUTER_BOUND ( 'NONE', #6918, .T. ) ;
#8564 = LINE ( 'NONE', #6491, #5353 ) ;
#8565 = CARTESIAN_POINT ( 'NONE',  ( -1.560998721433434877, 3.128014611589974070, -2.710505431213761085E-17 ) ) ;
#8566 = FACE_OUTER_BOUND ( 'NONE', #2858, .T. ) ;
#8567 = EDGE_CURVE ( 'NONE', #4654, #1831, #7467, .T. ) ;
#8568 = ORIENTED_EDGE ( 'NONE', *, *, #5143, .F. ) ;
#8569 = ORIENTED_EDGE ( 'NONE', *, *, #794, .F. ) ;
#8570 = CARTESIAN_POINT ( 'NONE',  ( 2.250997607103429665, 3.847502086415049316, 0.000000000000000000 ) ) ;
#8571 = LINE ( 'NONE', #4534, #6334 ) ;
#8572 = CARTESIAN_POINT ( 'NONE',  ( 0.6422549372148511626, 0.5424972335955238201, -2.710505431213761085E-17 ) ) ;
#8573 = DIRECTION ( 'NONE',  ( -0.000000000000000000, -0.000000000000000000, 1.000000000000000000 ) ) ;
#8574 = FACE_OUTER_BOUND ( 'NONE', #8731, .T. ) ;
#8575 = CARTESIAN_POINT ( 'NONE',  ( -5.986255008525100507, 3.463146054101460258, -0.2000000000000000111 ) ) ;
#8576 = CARTESIAN_POINT ( 'NONE',  ( 1.946294851336282106, 3.025856886792944511, -5.421010862427522170E-17 ) ) ;
#8577 = EDGE_CURVE ( 'NONE', #7554, #2599, #4691, .T. ) ;
#8578 = VERTEX_POINT ( 'NONE', #4059 ) ;
#8579 = DIRECTION ( 'NONE',  ( 0.000000000000000000, 1.000000000000000000, -0.000000000000000000 ) ) ;
#8580 = ORIENTED_EDGE ( 'NONE', *, *, #7449, .F. ) ;
#8581 = DIRECTION ( 'NONE',  ( -1.000000000000000000, 6.484938541143236834E-16, 0.000000000000000000 ) ) ;
#8582 = CARTESIAN_POINT ( 'NONE',  ( -0.1932926829267649083, 3.703272474131694914, 2.710505431213761085E-17 ) ) ;
#8583 = LINE ( 'NONE', #1770, #1792 ) ;
#8584 = DIRECTION ( 'NONE',  ( 1.000000000000000000, 0.000000000000000000, 0.000000000000000000 ) ) ;
#8585 = CARTESIAN_POINT ( 'NONE',  ( -7.429084229077001389, 2.859560875919307410, -2.710505431213761085E-17 ) ) ;
#8586 = DIRECTION ( 'NONE',  ( -1.000000000000000000, 6.484938541143236834E-16, 0.000000000000000000 ) ) ;
#8587 = CARTESIAN_POINT ( 'NONE',  ( -11.33840397423987767, 1.571290755688086849, 0.000000000000000000 ) ) ;
#8588 = VERTEX_POINT ( 'NONE', #3 ) ;
#8589 = ORIENTED_EDGE ( 'NONE', *, *, #6616, .F. ) ;
#8590 = ORIENTED_EDGE ( 'NONE', *, *, #3222, .T. ) ;
#8591 = CARTESIAN_POINT ( 'NONE',  ( -0.2092987804877405600, 0.8740041814487682359, -2.710505431213761085E-17 ) ) ;
#8592 = CARTESIAN_POINT ( 'NONE',  ( -5.685663965854269364, 4.324570003180856936, -0.2000000000000001221 ) ) ;
#8593 = DIRECTION ( 'NONE',  ( 9.745637505487684696E-17, 1.000000000000000000, -0.000000000000000000 ) ) ;
#8594 = ADVANCED_FACE ( 'NONE', ( #1387 ), #673, .T. ) ;
#8595 = CARTESIAN_POINT ( 'NONE',  ( 6.879450486378559049, -5.822408242112043553, -0.2000000000000000111 ) ) ;
#8596 = EDGE_CURVE ( 'NONE', #5824, #7450, #8016, .T. ) ;
#8597 = LINE ( 'NONE', #8692, #6089 ) ;
#8598 = CARTESIAN_POINT ( 'NONE',  ( -18.39999999999999147, 15.70133359925599414, -16.50000000000000000 ) ) ;
#8599 = VERTEX_POINT ( 'NONE', #1260 ) ;
#8600 = CARTESIAN_POINT ( 'NONE',  ( -10.48134821031847075, 1.848933672500449266, -1.626303258728256651E-16 ) ) ;
#8601 = FACE_OUTER_BOUND ( 'NONE', #309, .T. ) ;
#8602 = CARTESIAN_POINT ( 'NONE',  ( -8.251169100906405873, 1.082639899807404271, -2.710505431213761085E-17 ) ) ;
#8603 = CARTESIAN_POINT ( 'NONE',  ( -7.305782017746914825, 1.226995595527003768, -2.710505431213761085E-17 ) ) ;
#8604 = CARTESIAN_POINT ( 'NONE',  ( -5.629846448288924776, 4.332631996424152199, -0.2000000000000000111 ) ) ;
#8605 = EDGE_CURVE ( 'NONE', #1884, #6361, #7386, .T. ) ;
#8606 = CARTESIAN_POINT ( 'NONE',  ( -4.434146341463349295, 0.4494614985219389514, 0.000000000000000000 ) ) ;
#8607 = DIRECTION ( 'NONE',  ( -9.745637505487682231E-17, -1.000000000000000000, 0.000000000000000000 ) ) ;
#8608 = LINE ( 'NONE', #1890, #5093 ) ;
#8609 = DIRECTION ( 'NONE',  ( 0.000000000000000000, 1.000000000000000000, 0.000000000000000000 ) ) ;
#8610 = VERTEX_POINT ( 'NONE', #5322 ) ;
#8611 = VERTEX_POINT ( 'NONE', #4646 ) ;
#8612 = CARTESIAN_POINT ( 'NONE',  ( 2.081935803556683506, 3.785873347477390016, -0.2000000000000000111 ) ) ;
#8613 = CARTESIAN_POINT ( 'NONE',  ( -0.1022587359118323214, 4.336041138589991739, 1.355252715606881529E-16 ) ) ;
#8614 = ADVANCED_FACE ( 'NONE', ( #3980, #587, #1595 ), #7730, .F. ) ;
#8615 = CARTESIAN_POINT ( 'NONE',  ( 0.09461042458703598779, 0.2697216927966377131, -2.710505431213761085E-17 ) ) ;
#8616 = CARTESIAN_POINT ( 'NONE',  ( -4.774593472254852422, 1.065457540922401192, -0.2000000000000000111 ) ) ;
#8617 = CARTESIAN_POINT ( 'NONE',  ( -4.774593472254852422, 1.065457540922401192, -0.2000000000000000111 ) ) ;
#8618 = CARTESIAN_POINT ( 'NONE',  ( 0.6422549372148511626, 0.5424972335955238201, 0.000000000000000000 ) ) ;
#8619 = CARTESIAN_POINT ( 'NONE',  ( 1.209717175795394617, 11.20133359925599237, -2.999999999999999112 ) ) ;
#8620 = ORIENTED_EDGE ( 'NONE', *, *, #562, .F. ) ;
#8621 = DIRECTION ( 'NONE',  ( 0.000000000000000000, 0.000000000000000000, 1.000000000000000000 ) ) ;
#8622 = ORIENTED_EDGE ( 'NONE', *, *, #6229, .T. ) ;
#8623 = EDGE_CURVE ( 'NONE', #3751, #2263, #3477, .T. ) ;
#8624 = CARTESIAN_POINT ( 'NONE',  ( -5.523454782440768263, 3.599387836994531575, -0.2000000000000000111 ) ) ;
#8625 = CARTESIAN_POINT ( 'NONE',  ( -0.6690761301427395891, 3.336861683487781338, -0.2000000000000000944 ) ) ;
#8626 = CARTESIAN_POINT ( 'NONE',  ( 3.700000000000005507, 11.20133359925599059, -0.9999999999999995559 ) ) ;
#8627 = CARTESIAN_POINT ( 'NONE',  ( 1.174929834635920267, 1.638294244810809985, 0.000000000000000000 ) ) ;
#8628 = CARTESIAN_POINT ( 'NONE',  ( -0.2826049658372355444, 4.334200153695731750, -6.776263578034402713E-17 ) ) ;
#8629 = CARTESIAN_POINT ( 'NONE',  ( -5.100064959524909014, 3.591778257614862024, -0.2000000000000000111 ) ) ;
#8630 = CARTESIAN_POINT ( 'NONE',  ( -7.305782017746914825, 1.226995595527003768, -0.2000000000000000111 ) ) ;
#8631 = EDGE_LOOP ( 'NONE', ( #219, #6763, #6512, #6609 ) ) ;
#8632 = ORIENTED_EDGE ( 'NONE', *, *, #4206, .T. ) ;
#8633 = ORIENTED_EDGE ( 'NONE', *, *, #4849, .T. ) ;
#8634 = PLANE ( 'NONE',  #3796 ) ;
#8635 = CARTESIAN_POINT ( 'NONE',  ( -5.561432926829203538, 0.2398578399853534548, -0.2000000000000000111 ) ) ;
#8636 = CARTESIAN_POINT ( 'NONE',  ( -5.561432926829203538, 0.2398578399853534548, -0.2000000000000000111 ) ) ;
#8637 = PLANE ( 'NONE',  #7405 ) ;
#8638 = CARTESIAN_POINT ( 'NONE',  ( -4.795193503802078538, 3.526704878574136170, -0.2000000000000000944 ) ) ;
#8639 = DIRECTION ( 'NONE',  ( 0.000000000000000000, 0.000000000000000000, 1.000000000000000000 ) ) ;
#8640 = VECTOR ( 'NONE', #1475, 1000.000000000000000 ) ;
#8641 = VERTEX_POINT ( 'NONE', #1468 ) ;
#8642 = EDGE_CURVE ( 'NONE', #6928, #7865, #8790, .T. ) ;
#8643 = CARTESIAN_POINT ( 'NONE',  ( -0.4710400642505034874, 3.612564878865762275, -1.897353801849632760E-16 ) ) ;
#8644 = ORIENTED_EDGE ( 'NONE', *, *, #4395, .T. ) ;
#8645 = DIRECTION ( 'NONE',  ( 0.000000000000000000, 0.000000000000000000, -1.000000000000000000 ) ) ;
#8646 = CARTESIAN_POINT ( 'NONE',  ( -6.536142879292138552, 0.4464403647917239426, -0.2000000000000000666 ) ) ;
#8647 = AXIS2_PLACEMENT_3D ( 'NONE', #5511, #2119, #6306 ) ;
#8648 = VECTOR ( 'NONE', #5559, 1000.000000000000000 ) ;
#8649 = CARTESIAN_POINT ( 'NONE',  ( -7.179945397077235114, 3.422273462091831142, -0.2000000000000000111 ) ) ;
#8650 = LINE ( 'NONE', #5903, #3652 ) ;
#8651 = LINE ( 'NONE', #3810, #5218 ) ;
#8652 = DIRECTION ( 'NONE',  ( -1.000000000000000000, 0.000000000000000000, 0.000000000000000000 ) ) ;
#8653 = CARTESIAN_POINT ( 'NONE',  ( -0.8038219242361133166, 2.737136786722114579, -0.2000000000000000111 ) ) ;
#8654 = VECTOR ( 'NONE', #259, 1000.000000000000000 ) ;
#8655 = VECTOR ( 'NONE', #2395, 1000.000000000000000 ) ;
#8656 = ORIENTED_EDGE ( 'NONE', *, *, #2711, .F. ) ;
#8657 = ADVANCED_FACE ( 'NONE', ( #175 ), #6253, .F. ) ;
#8658 = ORIENTED_EDGE ( 'NONE', *, *, #1974, .T. ) ;
#8659 = CARTESIAN_POINT ( 'NONE',  ( -11.13872808547585613, 0.9175260763250643326, -0.2000000000000000111 ) ) ;
#8660 = CARTESIAN_POINT ( 'NONE',  ( -9.696341463414569262, 0.9715651570585241981, -0.2000000000000000111 ) ) ;
#8661 = CARTESIAN_POINT ( 'NONE',  ( 0.6422549372148511626, 0.5424972335955238201, -0.2000000000000000389 ) ) ;
#8662 = CARTESIAN_POINT ( 'NONE',  ( 3.700000000000005507, 0.0006667996279938886994, -7.800000000000000711 ) ) ;
#8663 = CARTESIAN_POINT ( 'NONE',  ( 3.700000000000005507, -5.198666400744006211, -1.000000000000000000 ) ) ;
#8664 = VECTOR ( 'NONE', #1694, 1000.000000000000000 ) ;
#8665 = CARTESIAN_POINT ( 'NONE',  ( 0.2471407160358200239, 0.3125756107902046277, 0.000000000000000000 ) ) ;
#8666 = CARTESIAN_POINT ( 'NONE',  ( -0.2092987804877405600, 0.8740041814487682359, -2.710505431213761085E-17 ) ) ;
#8667 = AXIS2_PLACEMENT_3D ( 'NONE', #6916, #7724, #2013 ) ;
#8668 = ORIENTED_EDGE ( 'NONE', *, *, #6838, .F. ) ;
#8669 = EDGE_CURVE ( 'NONE', #6915, #5254, #6878, .T. ) ;
#8670 = AXIS2_PLACEMENT_3D ( 'NONE', #6688, #7316, #473 ) ;
#8671 = B_SPLINE_CURVE_WITH_KNOTS ( 'NONE', 3,
 ( #974, #6380, #7190, #6467, #3604, #7869, #347, #3697, #304, #3024, #8542, #5744, #2403, #5133, #1686, #2270, #4415, #7146, #6516 ),
 .UNSPECIFIED., .F., .F.,
 ( 4, 1, 1, 1, 1, 1, 1, 1, 1, 1, 1, 1, 1, 1, 1, 1, 4 ),
 ( 0.000000000000000000, 0.07086112574917732831, 0.1383124640173554742, 0.2032189764373685537, 0.2657490617238897901, 0.3270669237149356756, 0.3870310498381561715, 0.4467903704422743760, 0.5067174200227059222, 0.5664431383071758530, 0.6252945533122903354, 0.6837425618851836751, 0.7432240956556641631, 0.8035767442794587989, 0.8665011575630729990, 0.9317876460249041592, 1.000000000000000000 ),
 .UNSPECIFIED. ) ;
#8672 = DIRECTION ( 'NONE',  ( -0.000000000000000000, 0.000000000000000000, 1.000000000000000000 ) ) ;
#8673 = AXIS2_PLACEMENT_3D ( 'NONE', #141, #2232, #4913 ) ;
#8674 = ORIENTED_EDGE ( 'NONE', *, *, #446, .T. ) ;
#8675 = CARTESIAN_POINT ( 'NONE',  ( -6.165393372616095213, 3.345796138606206060, -0.2000000000000001499 ) ) ;
#8676 = DIRECTION ( 'NONE',  ( 0.000000000000000000, -0.000000000000000000, 1.000000000000000000 ) ) ;
#8677 = CARTESIAN_POINT ( 'NONE',  ( -8.656280009433766409, 0.5443442144678374284, -0.1999999999999999556 ) ) ;
#8678 = LINE ( 'NONE', #6654, #91 ) ;
#8679 = APPROVAL_ROLE ( '' ) ;
#8680 = CARTESIAN_POINT ( 'NONE',  ( -5.908368125715575125, 1.058769302415399682, -8.131516293641283255E-17 ) ) ;
#8681 = VECTOR ( 'NONE', #8748, 1000.000000000000000 ) ;
#8682 = ORIENTED_EDGE ( 'NONE', *, *, #6400, .F. ) ;
#8683 = ADVANCED_FACE ( 'NONE', ( #3649 ), #1513, .T. ) ;
#8684 = ORIENTED_EDGE ( 'NONE', *, *, #1484, .T. ) ;
#8685 = EDGE_LOOP ( 'NONE', ( #3321, #3914, #2275, #6471 ) ) ;
#8686 = ORIENTED_EDGE ( 'NONE', *, *, #1063, .T. ) ;
#8687 = AXIS2_PLACEMENT_3D ( 'NONE', #4824, #6123, #5323 ) ;
#8688 = CARTESIAN_POINT ( 'NONE',  ( -7.502366979223981325, 2.430671819188302329, -0.2000000000000000111 ) ) ;
#8689 = CARTESIAN_POINT ( 'NONE',  ( -11.36097560975603216, 1.973851742424377997, -0.2000000000000000111 ) ) ;
#8690 = CARTESIAN_POINT ( 'NONE',  ( -13.50000000000000533, -14.20000000000000639, -14.69999999999998863 ) ) ;
#8691 = CARTESIAN_POINT ( 'NONE',  ( -6.608829827883858421, 2.549341665430480575, -0.2000000000000000111 ) ) ;
#8692 = CARTESIAN_POINT ( 'NONE',  ( -3.751219512195057337, 1.508150522912182767, -0.2000000000000000111 ) ) ;
#8693 = CARTESIAN_POINT ( 'NONE',  ( -8.922509113595447516, 1.891771161980506211, -0.2000000000000000111 ) ) ;
#8694 = AXIS2_PLACEMENT_3D ( 'NONE', #717, #3306, #1919 ) ;
#8695 = B_SPLINE_SURFACE_WITH_KNOTS ( 'NONE', 3, 1, ( 
 ( #3971, #1291 ),
 ( #6699, #4589 ),
 ( #2622, #4010 ),
 ( #3918, #6736 ),
 ( #7327, #8627 ),
 ( #538, #3257 ),
 ( #5442, #3428 ),
 ( #8308, #6152 ),
 ( #35, #6192 ),
 ( #77, #4722 ),
 ( #789, #3468 ),
 ( #6779, #3514 ),
 ( #748, #3559 ),
 ( #2802, #5529 ),
 ( #8179, #5480 ),
 ( #4896, #5568 ),
 ( #165, #2881 ),
 ( #4097, #5606 ),
 ( #8270, #2131 ) ),
 .UNSPECIFIED., .F., .F., .F.,
 ( 4, 1, 1, 1, 1, 1, 1, 1, 1, 1, 1, 1, 1, 1, 1, 1, 4 ),
 ( 2, 2 ),
 ( 0.000000000000000000, 0.08418918613815358498, 0.1635424427109549717, 0.2385629398941200852, 0.3093251031480367952, 0.3764642276676261057, 0.4400732212506736629, 0.5006302892190007681, 0.5590546016029009913, 0.6150334534872970993, 0.6692890121675146853, 0.7220774343371597626, 0.7747669516386664901, 0.8280709524797756904, 0.8827013325389907461, 0.9399267605822599903, 1.000000000000000000 ),
 ( 0.000000000000000000, 1.000000000000000000 ),
 .UNSPECIFIED. ) ;
#8696 = VERTEX_POINT ( 'NONE', #5614 ) ;
#8697 = CARTESIAN_POINT ( 'NONE',  ( -0.3411911683238025850, 3.682212967298378548, -1.897353801849632760E-16 ) ) ;
#8698 = ORIENTED_EDGE ( 'NONE', *, *, #5599, .F. ) ;
#8699 = CARTESIAN_POINT ( 'NONE',  ( -8.741645480615513719, 0.4875346560185919720, -0.2000000000000000111 ) ) ;
#8700 = B_SPLINE_CURVE_WITH_KNOTS ( 'NONE', 3,
 ( #1480, #4203, #6135, #17, #4032, #6761, #2737, #4746 ),
 .UNSPECIFIED., .F., .F.,
 ( 4, 2, 2, 4 ),
 ( 0.000000000000000000, 0.0002471859904962986137, 0.0004943719809925972274, 0.0009887439619851940212 ),
 .UNSPECIFIED. ) ;
#8701 = CARTESIAN_POINT ( 'NONE',  ( -0.05517267965801979368, 3.683112306505819777, -2.710505431213761085E-17 ) ) ;
#8702 = APPROVAL_PERSON_ORGANIZATION ( #790, #3172, #5530 ) ;
#8703 = CARTESIAN_POINT ( 'NONE',  ( 2.571559879171558816, 3.986805932292392107, -0.2000000000000000111 ) ) ;
#8704 = CARTESIAN_POINT ( 'NONE',  ( -11.36097560975603216, 1.973851742424377997, 8.131516293641283255E-17 ) ) ;
#8705 = PLANE ( 'NONE',  #1930 ) ;
#8706 = CARTESIAN_POINT ( 'NONE',  ( -1.650109999925676307, 2.469298144541687279, -0.2000000000000000111 ) ) ;
#8707 = ADVANCED_FACE ( 'NONE', ( #4191 ), #7602, .F. ) ;
#8708 = FACE_BOUND ( 'NONE', #2409, .T. ) ;
#8709 = ORIENTED_EDGE ( 'NONE', *, *, #3927, .F. ) ;
#8710 = ORIENTED_EDGE ( 'NONE', *, *, #2572, .F. ) ;
#8711 = CARTESIAN_POINT ( 'NONE',  ( -0.8015650730135356339, 4.205074799983030687, 0.000000000000000000 ) ) ;
#8712 = CARTESIAN_POINT ( 'NONE',  ( -1.621096811018417405, 1.650127973074635879, -0.2000000000000000389 ) ) ;
#8713 = CARTESIAN_POINT ( 'NONE',  ( -0.06846024424707573830, 0.2444387586551611258, -2.710505431213761085E-17 ) ) ;
#8714 = LINE ( 'NONE', #3864, #6059 ) ;
#8715 = CARTESIAN_POINT ( 'NONE',  ( -5.271575515814032720, 0.9737373350679641160, -0.2000000000000000111 ) ) ;
#8716 = EDGE_CURVE ( 'NONE', #4859, #4839, #2225, .T. ) ;
#8717 = LINE ( 'NONE', #2437, #2526 ) ;
#8718 = LINE ( 'NONE', #5970, #4357 ) ;
#8719 = ADVANCED_FACE ( 'NONE', ( #90 ), #757, .T. ) ;
#8720 = B_SPLINE_SURFACE_WITH_KNOTS ( 'NONE', 3, 1, ( 
 ( #2674, #3164 ),
 ( #2491, #6058 ),
 ( #1201, #2587 ),
 ( #4724, #8048 ),
 ( #1870, #6700 ),
 ( #8008, #5932 ),
 ( #1910, #4591 ),
 ( #8629, #2002 ),
 ( #4636, #1114 ),
 ( #6656, #3337 ),
 ( #3876, #6565 ) ),
 .UNSPECIFIED., .F., .F., .F.,
 ( 4, 1, 1, 1, 1, 1, 1, 1, 4 ),
 ( 2, 2 ),
 ( 0.000000000000000000, 0.1222020368948565500, 0.2443133511840884509, 0.3669809016294530157, 0.4893201903970504918, 0.6134452485454970905, 0.7399580073612760378, 0.8686347220504687661, 0.9999999999999998890 ),
 ( 0.000000000000000000, 1.000000000000000000 ),
 .UNSPECIFIED. ) ;
#8721 = EDGE_LOOP ( 'NONE', ( #7492, #8011, #6284, #6313 ) ) ;
#8722 = LINE ( 'NONE', #2667, #225 ) ;
#8723 = ORIENTED_EDGE ( 'NONE', *, *, #2581, .T. ) ;
#8724 = CARTESIAN_POINT ( 'NONE',  ( -5.348018292682861663, 3.605711498521939173, -0.2000000000000000389 ) ) ;
#8725 = CARTESIAN_POINT ( 'NONE',  ( -10.48292682926822827, 1.966991986326817043, -0.2000000000000000111 ) ) ;
#8726 = CARTESIAN_POINT ( 'NONE',  ( -6.434387452997912149, 3.035809082048357865, 2.710505431213761085E-17 ) ) ;
#8727 = DIRECTION ( 'NONE',  ( -1.000000000000000000, 1.562831776442509002E-16, 0.000000000000000000 ) ) ;
#8728 = CARTESIAN_POINT ( 'NONE',  ( -5.447920101740020726, 0.9724837940354250643, -8.131516293641283255E-17 ) ) ;
#8729 = EDGE_CURVE ( 'NONE', #4283, #5051, #2143, .T. ) ;
#8730 = ORIENTED_EDGE ( 'NONE', *, *, #3675, .T. ) ;
#8731 = EDGE_LOOP ( 'NONE', ( #8109, #5740, #3640, #6881 ) ) ;
#8732 = CARTESIAN_POINT ( 'NONE',  ( -13.50000000000000178, 14.20133359925599414, -14.69999999999998863 ) ) ;
#8733 = CARTESIAN_POINT ( 'NONE',  ( -0.6690761301427395891, 3.336861683487781338, 0.000000000000000000 ) ) ;
#8734 = DIRECTION ( 'NONE',  ( -1.000000000000000000, 0.000000000000000000, 0.000000000000000000 ) ) ;
#8735 = DIRECTION ( 'NONE',  ( -0.000000000000000000, -0.000000000000000000, -1.000000000000000000 ) ) ;
#8736 = EDGE_CURVE ( 'NONE', #5654, #1461, #4864, .T. ) ;
#8737 = CARTESIAN_POINT ( 'NONE',  ( 0.3758616441350743909, 2.764519982414732624, 0.000000000000000000 ) ) ;
#8738 = CARTESIAN_POINT ( 'NONE',  ( -1.551549094040563181, 3.194762540234452164, -0.2000000000000001221 ) ) ;
#8739 = ORIENTED_EDGE ( 'NONE', *, *, #7897, .T. ) ;
#8740 = FACE_OUTER_BOUND ( 'NONE', #159, .T. ) ;
#8741 = EDGE_LOOP ( 'NONE', ( #2229, #6066, #2940, #2156 ) ) ;
#8742 = CARTESIAN_POINT ( 'NONE',  ( -9.557563545111674941, 0.2431840326327392721, -2.710505431213761085E-17 ) ) ;
#8743 = CARTESIAN_POINT ( 'NONE',  ( -4.434146341463349295, 0.4494614985219388403, -0.2000000000000000111 ) ) ;
#8744 = CARTESIAN_POINT ( 'NONE',  ( -10.48134821031847075, 1.848933672500449266, 0.000000000000000000 ) ) ;
#8745 = EDGE_CURVE ( 'NONE', #7875, #4804, #2854, .T. ) ;
#8746 = CARTESIAN_POINT ( 'NONE',  ( -5.402134146341398768, 0.9715651570585241981, -0.2000000000000000111 ) ) ;
#8747 = DIRECTION ( 'NONE',  ( 0.000000000000000000, -1.000000000000000000, 0.000000000000000000 ) ) ;
#8748 = DIRECTION ( 'NONE',  ( 0.000000000000000000, 1.000000000000000000, 0.000000000000000000 ) ) ;
#8749 = FACE_OUTER_BOUND ( 'NONE', #7344, .T. ) ;
#8750 = VERTEX_POINT ( 'NONE', #2181 ) ;
#8751 = VERTEX_POINT ( 'NONE', #3163 ) ;
#8752 = CARTESIAN_POINT ( 'NONE',  ( -1.363901719097407428, 3.650915045838791784, 0.000000000000000000 ) ) ;
#8753 = CARTESIAN_POINT ( 'NONE',  ( 2.747356626934982060, 3.324388567049385124, -0.2000000000000000111 ) ) ;
#8754 = CARTESIAN_POINT ( 'NONE',  ( 0.09461042458703598779, 0.2697216927966377131, -0.2000000000000000389 ) ) ;
#8755 = DIRECTION ( 'NONE',  ( 0.000000000000000000, -1.000000000000000000, 0.000000000000000000 ) ) ;
#8756 = DIRECTION ( 'NONE',  ( 9.745637505487680998E-17, 1.000000000000000000, -0.000000000000000000 ) ) ;
#8757 = ORIENTED_EDGE ( 'NONE', *, *, #8567, .T. ) ;
#8758 = EDGE_CURVE ( 'NONE', #7979, #7585, #6517, .T. ) ;
#8759 = CARTESIAN_POINT ( 'NONE',  ( 0.3113681871429824777, 1.428637705890950516, -0.2000000000000000111 ) ) ;
#8760 = EDGE_CURVE ( 'NONE', #7617, #7979, #5705, .T. ) ;
#8761 = VERTEX_POINT ( 'NONE', #8448 ) ;
#8762 = CARTESIAN_POINT ( 'NONE',  ( -6.794851845931350276, 0.6033231956720030986, -2.710505431213761085E-17 ) ) ;
#8763 = CARTESIAN_POINT ( 'NONE',  ( -0.8243902439023734763, 2.245193205839012052, 2.710505431213761085E-17 ) ) ;
#8764 = CARTESIAN_POINT ( 'NONE',  ( -6.495196441223255235, 2.924956708823938101, -0.1999999999999999833 ) ) ;
#8765 = DIRECTION ( 'NONE',  ( 0.000000000000000000, 1.000000000000000000, 0.000000000000000000 ) ) ;
#8766 = CARTESIAN_POINT ( 'NONE',  ( -5.405945121951154952, 4.337418815595110111, -0.2000000000000000666 ) ) ;
#8767 = PLANE ( 'NONE',  #1075 ) ;
#8768 = EDGE_LOOP ( 'NONE', ( #3952, #8185 ) ) ;
#8769 = EDGE_CURVE ( 'NONE', #5368, #3631, #6966, .T. ) ;
#8770 = ORIENTED_EDGE ( 'NONE', *, *, #8813, .T. ) ;
#8771 = CARTESIAN_POINT ( 'NONE',  ( -7.429084229077001389, 2.859560875919307410, -0.2000000000000000111 ) ) ;
#8772 = LINE ( 'NONE', #8635, #349 ) ;
#8773 = FACE_OUTER_BOUND ( 'NONE', #1689, .T. ) ;
#8774 = LINE ( 'NONE', #8057, #4243 ) ;
#8775 = CARTESIAN_POINT ( 'NONE',  ( 0.1678554767429611683, 3.503199542742950090, 0.000000000000000000 ) ) ;
#8776 = CARTESIAN_POINT ( 'NONE',  ( -7.507317073170667321, 2.204034669253646328, -2.710505431213761085E-17 ) ) ;
#8777 = ORIENTED_EDGE ( 'NONE', *, *, #5428, .T. ) ;
#8778 = CARTESIAN_POINT ( 'NONE',  ( -0.7380934241277767871, 3.131094896273260098, -1.897353801849632760E-16 ) ) ;
#8779 = EDGE_CURVE ( 'NONE', #1129, #4880, #1017, .T. ) ;
#8780 = ORIENTED_EDGE ( 'NONE', *, *, #7394, .F. ) ;
#8781 = DIRECTION ( 'NONE',  ( -0.000000000000000000, 0.000000000000000000, 1.000000000000000000 ) ) ;
#8782 = B_SPLINE_SURFACE_WITH_KNOTS ( 'NONE', 3, 1, ( 
 ( #296, #3638 ),
 ( #5124, #4947 ),
 ( #7091, #6370 ),
 ( #964, #3730 ),
 ( #6321, #254 ),
 ( #2301, #1546 ),
 ( #337, #2924 ),
 ( #1677, #2975 ),
 ( #4406, #3690 ),
 ( #3060, #3016 ),
 ( #8439, #7860 ),
 ( #7721, #4271 ),
 ( #5696, #5783 ),
 ( #7683, #204 ),
 ( #1722, #5652 ),
 ( #4449, #2262 ),
 ( #7762, #7180 ),
 ( #4989, #3772 ),
 ( #6506, #3111 ) ),
 .UNSPECIFIED., .F., .F., .F.,
 ( 4, 1, 1, 1, 1, 1, 1, 1, 1, 1, 1, 1, 1, 1, 1, 1, 4 ),
 ( 2, 2 ),
 ( 0.000000000000000000, 0.1011126791018337467, 0.1959843226271943406, 0.2847442564955404709, 0.3670408430311462578, 0.4429504503794117198, 0.5133517672288738787, 0.5782026031768893182, 0.6374746947582549117, 0.6917744578158322444, 0.7418667752648693270, 0.7883914261378817123, 0.8318389270877561970, 0.8739022487220975410, 0.9147368195331251339, 0.9565548435716688669, 1.000000000000000000 ),
 ( 0.000000000000000000, 1.000000000000000000 ),
 .UNSPECIFIED. ) ;
#8783 = CARTESIAN_POINT ( 'NONE',  ( -5.504761471134832718, 0.2403551385968781540, -0.2000000000000000111 ) ) ;
#8784 = DIRECTION ( 'NONE',  ( -1.000000000000000000, 0.000000000000000000, 0.000000000000000000 ) ) ;
#8785 = CARTESIAN_POINT ( 'NONE',  ( -5.908368125715575125, 1.058769302415399682, -0.2000000000000000111 ) ) ;
#8786 = CARTESIAN_POINT ( 'NONE',  ( 3.007615411777831760, 4.239954809950520875, -0.2000000000000000666 ) ) ;
#8787 = CARTESIAN_POINT ( 'NONE',  ( 9.700000000000004619, -8.800000000000004263, 0.000000000000000000 ) ) ;
#8788 = CIRCLE ( 'NONE', #6770, 1.749999999999999778 ) ;
#8789 = DIRECTION ( 'NONE',  ( 0.000000000000000000, -0.000000000000000000, -1.000000000000000000 ) ) ;
#8790 = B_SPLINE_CURVE_WITH_KNOTS ( 'NONE', 3,
 ( #924, #7561, #1426, #5662, #2100, #6381, #8280, #4957, #4240, #4149, #4279, #137, #7644, #4320, #7011, #845, #3568, #6291 ),
 .UNSPECIFIED., .F., .F.,
 ( 4, 2, 2, 2, 2, 2, 2, 2, 4 ),
 ( 0.000000000000000000, 0.0002579052834333628308, 0.0005158105668667256616, 0.0007737158503000884924, 0.001031621133733451323, 0.001289526417166814154, 0.001547431700600176985, 0.001805336984033539816, 0.002063242267466902646 ),
 .UNSPECIFIED. ) ;
#8791 = ORIENTED_EDGE ( 'NONE', *, *, #7364, .F. ) ;
#8792 = ORIENTED_EDGE ( 'NONE', *, *, #8294, .T. ) ;
#8793 = ADVANCED_FACE ( 'NONE', ( #7191 ), #4885, .F. ) ;
#8794 = CARTESIAN_POINT ( 'NONE',  ( -1.652453287883816069, 2.307720116527240961, -0.000000000000000000 ) ) ;
#8795 = CIRCLE ( 'NONE', #2636, 2.000000000000000000 ) ;
#8796 = LINE ( 'NONE', #2069, #1499 ) ;
#8797 = DIRECTION ( 'NONE',  ( -0.000000000000000000, -0.000000000000000000, 1.000000000000000000 ) ) ;
#8798 = FACE_OUTER_BOUND ( 'NONE', #6762, .T. ) ;
#8799 = CARTESIAN_POINT ( 'NONE',  ( 1.140400384935355671, 3.197032784547516382, -8.131516293641283255E-17 ) ) ;
#8800 = CARTESIAN_POINT ( 'NONE',  ( -3.751219512195057337, 1.508150522912182989, 0.000000000000000000 ) ) ;
#8801 = VECTOR ( 'NONE', #6325, 1000.000000000000000 ) ;
#8802 = ORIENTED_EDGE ( 'NONE', *, *, #8623, .T. ) ;
#8803 = CARTESIAN_POINT ( 'NONE',  ( 0.3581669216819708956, 1.671694768898266847, -0.2000000000000000111 ) ) ;
#8804 = ORIENTED_EDGE ( 'NONE', *, *, #5678, .T. ) ;
#8805 = AXIS2_PLACEMENT_3D ( 'NONE', #7716, #7809, #5603 ) ;
#8806 = CIRCLE ( 'NONE', #6794, 1.749999999999999778 ) ;
#8807 = CARTESIAN_POINT ( 'NONE',  ( -0.6329039859141909474, 1.137367128810375938, 0.000000000000000000 ) ) ;
#8808 = DIRECTION ( 'NONE',  ( 1.396978394599540102E-16, 1.000000000000000000, 0.000000000000000000 ) ) ;
#8809 = CARTESIAN_POINT ( 'NONE',  ( -8.241082110125532267, 1.103205873976439877, -0.2000000000000001776 ) ) ;
#8810 = DIRECTION ( 'NONE',  ( 0.000000000000000000, -0.000000000000000000, 1.000000000000000000 ) ) ;
#8811 = DIRECTION ( 'NONE',  ( 1.000000000000000000, 0.000000000000000000, 0.000000000000000000 ) ) ;
#8812 = CARTESIAN_POINT ( 'NONE',  ( -6.213367085078353114, 1.242498310938399353, -8.131516293641283255E-17 ) ) ;
#8813 = EDGE_CURVE ( 'NONE', #4678, #3790, #340, .T. ) ;
#8814 = VECTOR ( 'NONE', #1709, 1000.000000000000000 ) ;
#8815 = CIRCLE ( 'NONE', #1515, 0.8999999999999998002 ) ;
#8816 = ORIENTED_EDGE ( 'NONE', *, *, #3517, .T. ) ;
#8817 = B_SPLINE_CURVE_WITH_KNOTS ( 'NONE', 3,
 ( #7274, #4488, #8715, #7225, #3195, #2529, #8617, #7318, #4538, #1144, #3865 ),
 .UNSPECIFIED., .F., .F.,
 ( 4, 1, 1, 1, 1, 1, 1, 1, 4 ),
 ( 0.000000000000000000, 0.1299536262759420913, 0.2580884551606643651, 0.3833762132197128802, 0.5078074606898578258, 0.6311521928200690690, 0.7539407724269783229, 0.8767107702269396619, 1.000000000000000000 ),
 .UNSPECIFIED. ) ;
#8818 = ORIENTED_EDGE ( 'NONE', *, *, #2241, .T. ) ;
#8819 = CARTESIAN_POINT ( 'NONE',  ( -7.507317073170667321, 2.204034669253646328, -0.2000000000000000111 ) ) ;
#8820 = B_SPLINE_SURFACE_WITH_KNOTS ( 'NONE', 3, 1, ( 
 ( #8660, #2016 ),
 ( #3905, #2525 ),
 ( #6499, #3150 ),
 ( #5163, #7222 ),
 ( #4067, #3862 ),
 ( #5206, #7898 ),
 ( #8155, #1186 ),
 ( #7945, #6634 ),
 ( #382, #4740 ),
 ( #7855, #6593 ),
 ( #1807, #7474 ),
 ( #1716, #1347 ),
 ( #5827, #4444 ),
 ( #7175, #1046 ),
 ( #1758, #4485 ),
 ( #5868, #1095 ),
 ( #3818, #6550 ),
 ( #429, #763 ),
 ( #724, #2897 ) ),
 .UNSPECIFIED., .F., .F., .F.,
 ( 4, 1, 1, 1, 1, 1, 1, 1, 1, 1, 1, 1, 1, 1, 1, 1, 4 ),
 ( 2, 2 ),
 ( 0.000000000000000000, 0.06657847686310341961, 0.1293021316840002599, 0.1886100603470440840, 0.2459112170412034171, 0.3005790565383460455, 0.3541333153393238509, 0.4078702374008019160, 0.4618596827071257405, 0.5172504341208903345, 0.5746153650770740029, 0.6356897871403645039, 0.6998314304309878331, 0.7674106845094251783, 0.8401513874094964640, 0.9177635926966053459, 1.000000000000000000 ),
 ( 0.000000000000000000, 1.000000000000000000 ),
 .UNSPECIFIED. ) ;
#8821 = CARTESIAN_POINT ( 'NONE',  ( -11.33209052299873321, 1.525200195228215261, -0.2000000000000000666 ) ) ;
#8822 = CARTESIAN_POINT ( 'NONE',  ( -5.561432926829203538, 0.2398578399853534548, 0.000000000000000000 ) ) ;
#8823 = CIRCLE ( 'NONE', #4231, 0.8999999999999998002 ) ;
#8824 = PLANE ( 'NONE',  #686 ) ;
#8825 = DIRECTION ( 'NONE',  ( 0.000000000000000000, -1.000000000000000000, 0.000000000000000000 ) ) ;
#8826 = EDGE_CURVE ( 'NONE', #3670, #7482, #8140, .T. ) ;
#8827 = CARTESIAN_POINT ( 'NONE',  ( -9.665048511964871025, 0.9722247071336324042, 0.000000000000000000 ) ) ;
#8828 = VECTOR ( 'NONE', #1469, 1000.000000000000000 ) ;
#8829 = ORIENTED_EDGE ( 'NONE', *, *, #3054, .F. ) ;
#8830 = DIRECTION ( 'NONE',  ( -0.000000000000000000, -1.000000000000000000, -0.000000000000000000 ) ) ;
#8831 = VERTEX_POINT ( 'NONE', #5273 ) ;
#8832 = DIRECTION ( 'NONE',  ( 1.000000000000000000, 0.000000000000000000, 0.000000000000000000 ) ) ;
#8833 = CARTESIAN_POINT ( 'NONE',  ( 0.1622096848955603687, 4.309544534380692404, 0.000000000000000000 ) ) ;
#8834 = CARTESIAN_POINT ( 'NONE',  ( -0.1932926829267649360, 3.703272474131695358, -2.710505431213761085E-17 ) ) ;
#8835 = LINE ( 'NONE', #4659, #8838 ) ;
#8836 = DIRECTION ( 'NONE',  ( 0.000000000000000000, 1.000000000000000000, 0.000000000000000000 ) ) ;
#8837 = CARTESIAN_POINT ( 'NONE',  ( 3.140548780487870673, 4.337418815595110111, -8.131516293641283255E-17 ) ) ;
#8838 = VECTOR ( 'NONE', #4786, 1000.000000000000000 ) ;
#8839 = CARTESIAN_POINT ( 'NONE',  ( -0.8015650730135356339, 4.205074799983030687, -2.710505431213761085E-17 ) ) ;
#8840 = ADVANCED_FACE ( 'NONE', ( #6780 ), #4011, .T. ) ;
#8841 = CARTESIAN_POINT ( 'NONE',  ( -9.182474282141441790, 0.3001091738774905870, -2.710505431213762318E-17 ) ) ;
#8842 = VERTEX_POINT ( 'NONE', #8180 ) ;
#8843 = ORIENTED_EDGE ( 'NONE', *, *, #3146, .T. ) ;
#8844 = DIRECTION ( 'NONE',  ( -1.000000000000000000, 0.000000000000000000, 0.000000000000000000 ) ) ;
#8845 = DIRECTION ( 'NONE',  ( 0.000000000000000000, 0.000000000000000000, -1.000000000000000000 ) ) ;
#8846 = CARTESIAN_POINT ( 'NONE',  ( -0.8243902439023734763, 2.245193205839012052, -0.2000000000000000389 ) ) ;
#8847 = CARTESIAN_POINT ( 'NONE',  ( -4.543742086777925238, 1.156828111363683798, 0.000000000000000000 ) ) ;
#8848 = DIRECTION ( 'NONE',  ( 0.000000000000000000, -1.000000000000000000, 0.000000000000000000 ) ) ;
#8849 = ADVANCED_FACE ( 'NONE', ( #8859 ), #6020, .F. ) ;
#8850 = CARTESIAN_POINT ( 'NONE',  ( -5.271575515814032720, 0.9737373350679641160, 8.131516293641283255E-17 ) ) ;
#8851 = ORIENTED_EDGE ( 'NONE', *, *, #5813, .T. ) ;
#8852 = ORIENTED_EDGE ( 'NONE', *, *, #3388, .F. ) ;
#8853 = DIRECTION ( 'NONE',  ( 0.000000000000000000, -1.000000000000000000, 0.000000000000000000 ) ) ;
#8854 = VERTEX_POINT ( 'NONE', #3258 ) ;
#8855 = CARTESIAN_POINT ( 'NONE',  ( 2.236817736430670944, 3.091610162103375803, -0.2000000000000000666 ) ) ;
#8856 = CARTESIAN_POINT ( 'NONE',  ( 0.2836464949398992408, 3.257383468974369922, -0.2000000000000000389 ) ) ;
#8857 = CARTESIAN_POINT ( 'NONE',  ( -0.1045370830242268456, 4.336095015182955592, -5.421010862427522170E-17 ) ) ;
#8858 = CARTESIAN_POINT ( 'NONE',  ( -0.8152558575379187378, 1.927224909886061432, -8.131516293641283255E-17 ) ) ;
#8859 = FACE_OUTER_BOUND ( 'NONE', #3402, .T. ) ;
#8860 = CARTESIAN_POINT ( 'NONE',  ( 2.834146341463480212, 3.393059059497549157, -0.2000000000000000666 ) ) ;
#8861 = VERTEX_POINT ( 'NONE', #7376 ) ;
#8862 = ORIENTED_EDGE ( 'NONE', *, *, #806, .T. ) ;
#8863 = ORIENTED_EDGE ( 'NONE', *, *, #5635, .F. ) ;
#8864 = CARTESIAN_POINT ( 'NONE',  ( -10.48292682926822827, 4.288638327790232019, 0.000000000000000000 ) ) ;
ENDSEC;
END-ISO-10303-21;
