ISO-10303-21;
HEADER;
FILE_DESCRIPTION (( 'STEP AP203' ),
    '1' );
FILE_NAME ('uc01板块.STEP',
    '2026-06-24T07:25:48',
    ( '' ),
    ( '' ),
    'SwSTEP 2.0',
    'SolidWorks 2021',
    '' );
FILE_SCHEMA (( 'CONFIG_CONTROL_DESIGN' ));
ENDSEC;

DATA;
#1 = LINE ( 'NONE', #2071, #1035 ) ;
#2 = ORIENTED_EDGE ( 'NONE', *, *, #2053, .T. ) ;
#3 = CARTESIAN_POINT ( 'NONE',  ( -4.065129846300745697, -4.345472867578028087, 13.51586665186048819 ) ) ;
#4 = VERTEX_POINT ( 'NONE', #494 ) ;
#5 = DIRECTION ( 'NONE',  ( -1.000000000000000000, -1.391185766331645885E-14, 0.000000000000000000 ) ) ;
#6 = EDGE_CURVE ( 'NONE', #1151, #4, #2243, .T. ) ;
#7 = DIRECTION ( 'NONE',  ( 0.000000000000000000, 0.000000000000000000, 1.000000000000000000 ) ) ;
#8 = EDGE_CURVE ( 'NONE', #2202, #543, #657, .T. ) ;
#9 = CARTESIAN_POINT ( 'NONE',  ( -42.07901605703867176, -24.95547286757855332, 49.51586665186048464 ) ) ;
#10 = EDGE_LOOP ( 'NONE', ( #454, #13, #1080, #262, #339, #283, #848, #103, #831, #997, #333, #164 ) ) ;
#11 = CARTESIAN_POINT ( 'NONE',  ( -42.07901605703901282, -5.855026146345282341E-13, 0.000000000000000000 ) ) ;
#12 = CARTESIAN_POINT ( 'NONE',  ( -26.00813662659070857, 0.4345271324216686271, 19.51586665186048464 ) ) ;
#13 = ORIENTED_EDGE ( 'NONE', *, *, #1097, .T. ) ;
#14 = CARTESIAN_POINT ( 'NONE',  ( -29.28671935318087094, -63.18395596606110587, 31.51586665186033187 ) ) ;
#15 = DIRECTION ( 'NONE',  ( -1.000000000000000000, -1.387778780781444413E-14, 0.000000000000000000 ) ) ;
#16 = CARTESIAN_POINT ( 'NONE',  ( -40.07901605703851544, -35.56547286757852788, 0.000000000000000000 ) ) ;
#17 = DIRECTION ( 'NONE',  ( 1.391185766331645885E-14, -1.000000000000000000, 0.000000000000000000 ) ) ;
#18 = EDGE_CURVE ( 'NONE', #222, #2001, #513, .T. ) ;
#19 = ORIENTED_EDGE ( 'NONE', *, *, #1813, .T. ) ;
#20 = AXIS2_PLACEMENT_3D ( 'NONE', #1473, #2045, #2178 ) ;
#21 = VECTOR ( 'NONE', #862, 1000.000000000000114 ) ;
#22 = PLANE ( 'NONE',  #1625 ) ;
#23 = EDGE_LOOP ( 'NONE', ( #1470, #649, #553, #1641 ) ) ;
#24 = VECTOR ( 'NONE', #800, 1000.000000000000000 ) ;
#25 = LINE ( 'NONE', #224, #134 ) ;
#26 = LINE ( 'NONE', #1797, #1362 ) ;
#27 = VECTOR ( 'NONE', #234, 1000.000000000000000 ) ;
#28 = VECTOR ( 'NONE', #1205, 1000.000000000000000 ) ;
#29 = ORIENTED_EDGE ( 'NONE', *, *, #739, .T. ) ;
#30 = LINE ( 'NONE', #43, #1990 ) ;
#31 = APPROVAL_STATUS ( 'not_yet_approved' ) ;
#32 = CIRCLE ( 'NONE', #1733, 0.8999999999999945821 ) ;
#33 = DIRECTION ( 'NONE',  ( 1.000000000000000000, 0.000000000000000000, 5.337610695313256118E-15 ) ) ;
#34 = EDGE_LOOP ( 'NONE', ( #288, #2043, #572, #1144 ) ) ;
#35 = EDGE_CURVE ( 'NONE', #1535, #512, #1424, .T. ) ;
#36 = LINE ( 'NONE', #1036, #856 ) ;
#37 = PLANE ( 'NONE',  #1514 ) ;
#38 = EDGE_LOOP ( 'NONE', ( #1624, #590, #1771, #1502 ) ) ;
#39 = EDGE_CURVE ( 'NONE', #1503, #2177, #1244, .T. ) ;
#40 = DIRECTION ( 'NONE',  ( 1.486905836551602130E-14, 0.000000000000000000, -1.000000000000000000 ) ) ;
#41 = CARTESIAN_POINT ( 'NONE',  ( -45.47901605703894035, -5.345472867578603626, 49.51586665186048464 ) ) ;
#42 = ORIENTED_EDGE ( 'NONE', *, *, #876, .T. ) ;
#43 = CARTESIAN_POINT ( 'NONE',  ( -42.07901605703867176, -24.73547286757855446, 0.000000000000000000 ) ) ;
#44 = DIRECTION ( 'NONE',  ( 1.391185766331645727E-14, -1.000000000000000000, 0.000000000000000000 ) ) ;
#45 = EDGE_LOOP ( 'NONE', ( #1224, #227, #1121, #1718 ) ) ;
#46 = DIRECTION ( 'NONE',  ( 1.000000000000000000, 1.391185766331645885E-14, 0.000000000000000000 ) ) ;
#47 = ORIENTED_EDGE ( 'NONE', *, *, #683, .F. ) ;
#48 = CARTESIAN_POINT ( 'NONE',  ( -36.18671935318173638, 0.4345271324215264630, 17.51586665186048819 ) ) ;
#49 = LINE ( 'NONE', #1051, #340 ) ;
#50 = EDGE_CURVE ( 'NONE', #1558, #402, #559, .T. ) ;
#51 = VERTEX_POINT ( 'NONE', #1564 ) ;
#52 = DIRECTION ( 'NONE',  ( 0.000000000000000000, 0.000000000000000000, -1.000000000000000000 ) ) ;
#53 = CARTESIAN_POINT ( 'NONE',  ( -42.07901605703889203, -9.145472867578586573, 7.789623477395985058E-15 ) ) ;
#54 = ORIENTED_EDGE ( 'NONE', *, *, #1882, .F. ) ;
#55 = PLANE ( 'NONE',  #972 ) ;
#56 = LINE ( 'NONE', #1774, #66 ) ;
#57 = ORIENTED_EDGE ( 'NONE', *, *, #865, .T. ) ;
#58 = AXIS2_PLACEMENT_3D ( 'NONE', #1266, #91, #1461 ) ;
#59 = DIRECTION ( 'NONE',  ( 1.391185766331645885E-14, -1.000000000000000000, 0.000000000000000000 ) ) ;
#60 = FACE_OUTER_BOUND ( 'NONE', #2231, .T. ) ;
#61 = AXIS2_PLACEMENT_3D ( 'NONE', #99, #618, #793 ) ;
#62 = EDGE_CURVE ( 'NONE', #1356, #1973, #185, .T. ) ;
#63 = VECTOR ( 'NONE', #667, 1000.000000000000000 ) ;
#64 = VERTEX_POINT ( 'NONE', #2105 ) ;
#65 = DIRECTION ( 'NONE',  ( -1.391185766331645885E-14, 1.000000000000000000, 0.000000000000000000 ) ) ;
#66 = VECTOR ( 'NONE', #365, 1000.000000000000000 ) ;
#67 = EDGE_CURVE ( 'NONE', #64, #1430, #211, .T. ) ;
#68 = AXIS2_PLACEMENT_3D ( 'NONE', #2028, #291, #2230 ) ;
#69 = CARTESIAN_POINT ( 'NONE',  ( -42.07901605703864334, -26.78547286757855872, 18.11586665186048961 ) ) ;
#70 = ORIENTED_EDGE ( 'NONE', *, *, #1361, .F. ) ;
#71 = DIRECTION ( 'NONE',  ( 0.5007198442836120478, 0.8656094024099988404, -6.681618990509651750E-16 ) ) ;
#72 = DIRECTION ( 'NONE',  ( 1.541976423090494213E-14, -1.000000000000000000, 0.000000000000000000 ) ) ;
#73 = ORIENTED_EDGE ( 'NONE', *, *, #1207, .F. ) ;
#74 = CARTESIAN_POINT ( 'NONE',  ( -45.47901605703889061, -9.145472867578634535, 7.789623477395985058E-15 ) ) ;
#75 = CARTESIAN_POINT ( 'NONE',  ( -45.47901605703866323, -25.48547286757860419, 23.91586665186049032 ) ) ;
#76 = ORIENTED_EDGE ( 'NONE', *, *, #39, .F. ) ;
#77 = DIRECTION ( 'NONE',  ( -1.391185766331645727E-14, 1.000000000000000000, 0.000000000000000000 ) ) ;
#78 = EDGE_CURVE ( 'NONE', #2022, #1874, #1091, .T. ) ;
#79 = CARTESIAN_POINT ( 'NONE',  ( -23.77677186830737455, 5.434527132421700379, 46.51586665186061254 ) ) ;
#80 = ORIENTED_EDGE ( 'NONE', *, *, #1476, .T. ) ;
#81 = ADVANCED_FACE ( 'NONE', ( #1869 ), #257, .T. ) ;
#82 = FACE_OUTER_BOUND ( 'NONE', #1644, .T. ) ;
#83 = CARTESIAN_POINT ( 'NONE',  ( -42.07901605703892045, -7.045472867578557619, 15.41586665186049032 ) ) ;
#84 = VERTEX_POINT ( 'NONE', #1290 ) ;
#85 = LINE ( 'NONE', #1685, #675 ) ;
#86 = ORIENTED_EDGE ( 'NONE', *, *, #1127, .T. ) ;
#87 = CARTESIAN_POINT ( 'NONE',  ( -36.18671935318177901, 5.434527132421526296, 46.51586665186048464 ) ) ;
#88 = CARTESIAN_POINT ( 'NONE',  ( -42.07901605703901282, -5.785765018917379720E-13, 23.91586665186048677 ) ) ;
#89 = ORIENTED_EDGE ( 'NONE', *, *, #785, .T. ) ;
#90 = EDGE_CURVE ( 'NONE', #507, #300, #1028, .T. ) ;
#91 = DIRECTION ( 'NONE',  ( -1.396452398161329869E-14, 1.000000000000000000, 0.000000000000000000 ) ) ;
#92 = FACE_OUTER_BOUND ( 'NONE', #2226, .T. ) ;
#93 = ORIENTED_EDGE ( 'NONE', *, *, #1172, .T. ) ;
#94 = LINE ( 'NONE', #452, #1993 ) ;
#95 = CARTESIAN_POINT ( 'NONE',  ( -40.07901605703858650, -30.78547286757853030, 49.51586665186048464 ) ) ;
#96 = EDGE_LOOP ( 'NONE', ( #1684, #688 ) ) ;
#97 = AXIS2_PLACEMENT_3D ( 'NONE', #130, #428, #2007 ) ;
#98 = ORIENTED_EDGE ( 'NONE', *, *, #67, .T. ) ;
#99 = CARTESIAN_POINT ( 'NONE',  ( -36.18671935318180033, 5.434527132421526296, 17.51586665186048819 ) ) ;
#100 = VECTOR ( 'NONE', #1547, 1000.000000000000000 ) ;
#101 = AXIS2_PLACEMENT_3D ( 'NONE', #215, #1633, #1929 ) ;
#102 = CIRCLE ( 'NONE', #382, 23.59999999999999432 ) ;
#103 = ORIENTED_EDGE ( 'NONE', *, *, #2040, .F. ) ;
#104 = VECTOR ( 'NONE', #1022, 1000.000000000000000 ) ;
#105 = CARTESIAN_POINT ( 'NONE',  ( -45.47901605703867034, -24.73547286757860419, 23.91586665186049387 ) ) ;
#106 = ORIENTED_EDGE ( 'NONE', *, *, #2055, .T. ) ;
#107 = LOCAL_TIME ( 15, 25, 48.00000000000000000, #885 ) ;
#108 = ADVANCED_FACE ( 'NONE', ( #781 ), #938, .F. ) ;
#109 = CARTESIAN_POINT ( 'NONE',  ( -37.18671935318199218, 5.434527132421512974, 25.51586665186048819 ) ) ;
#110 = CARTESIAN_POINT ( 'NONE',  ( -35.07901605703801096, -63.18395596606119113, 43.51586665186052727 ) ) ;
#111 = VERTEX_POINT ( 'NONE', #1793 ) ;
#112 = EDGE_CURVE ( 'NONE', #1059, #505, #651, .T. ) ;
#113 = VERTEX_POINT ( 'NONE', #399 ) ;
#114 = DIRECTION ( 'NONE',  ( -1.000000000000000000, 0.000000000000000000, -5.591396669780008888E-16 ) ) ;
#115 = FACE_OUTER_BOUND ( 'NONE', #504, .T. ) ;
#116 = ORIENTED_EDGE ( 'NONE', *, *, #1726, .T. ) ;
#117 = DIRECTION ( 'NONE',  ( 1.000000000000000000, 1.391185766331645727E-14, 0.000000000000000000 ) ) ;
#118 = ORIENTED_EDGE ( 'NONE', *, *, #128, .F. ) ;
#119 = ORIENTED_EDGE ( 'NONE', *, *, #991, .T. ) ;
#120 = CYLINDRICAL_SURFACE ( 'NONE', #1066, 0.8999999999999980238 ) ;
#121 = EDGE_CURVE ( 'NONE', #1210, #1874, #245, .T. ) ;
#122 = DIRECTION ( 'NONE',  ( -0.3713906763541036660, -5.186294006494464029E-15, 0.9284766908852593037 ) ) ;
#123 = CARTESIAN_POINT ( 'NONE',  ( -40.07901605703896308, -4.345472867578026310, 25.51586665186049174 ) ) ;
#124 = VERTEX_POINT ( 'NONE', #1278 ) ;
#125 = CARTESIAN_POINT ( 'NONE',  ( -42.07901605703890624, -7.945472867578557974, 15.41586665186049032 ) ) ;
#126 = DIRECTION ( 'NONE',  ( -1.000000000000000000, -1.391185766331645727E-14, 0.000000000000000000 ) ) ;
#127 = VECTOR ( 'NONE', #1773, 1000.000000000000000 ) ;
#128 = EDGE_CURVE ( 'NONE', #303, #1664, #1003, .T. ) ;
#129 = AXIS2_PLACEMENT_3D ( 'NONE', #591, #1989, #884 ) ;
#130 = CARTESIAN_POINT ( 'NONE',  ( -5.686719353181761250, 0.4345271324219524001, 31.51586665186033187 ) ) ;
#131 = FACE_OUTER_BOUND ( 'NONE', #38, .T. ) ;
#132 = AXIS2_PLACEMENT_3D ( 'NONE', #1777, #203, #1409 ) ;
#133 = EDGE_CURVE ( 'NONE', #1589, #1315, #231, .T. ) ;
#134 = VECTOR ( 'NONE', #1750, 1000.000000000000000 ) ;
#135 = DIRECTION ( 'NONE',  ( 1.000000000000000000, 1.396452398161329869E-14, 0.000000000000000000 ) ) ;
#136 = ORIENTED_EDGE ( 'NONE', *, *, #2123, .T. ) ;
#137 = CIRCLE ( 'NONE', #424, 0.8999999999999980238 ) ;
#138 = CARTESIAN_POINT ( 'NONE',  ( -42.97901605703891192, -8.345472867578569875, 44.51586665186049174 ) ) ;
#139 = ORIENTED_EDGE ( 'NONE', *, *, #306, .T. ) ;
#140 = DIRECTION ( 'NONE',  ( -1.387778780781445676E-14, 1.000000000000000000, 0.000000000000000000 ) ) ;
#141 = DIRECTION ( 'NONE',  ( -1.000000000000000000, -1.411300455031978955E-14, 0.000000000000000000 ) ) ;
#142 = DIRECTION ( 'NONE',  ( -1.391185766331645885E-14, 1.000000000000000000, -0.000000000000000000 ) ) ;
#143 = EDGE_CURVE ( 'NONE', #616, #755, #1626, .T. ) ;
#144 = CARTESIAN_POINT ( 'NONE',  ( -40.07901605703900572, 0.4345271324214693975, 37.51586665186068359 ) ) ;
#145 = EDGE_CURVE ( 'NONE', #111, #1069, #1173, .T. ) ;
#146 = ORIENTED_EDGE ( 'NONE', *, *, #285, .F. ) ;
#147 = PLANE ( 'NONE',  #1435 ) ;
#148 = ORIENTED_EDGE ( 'NONE', *, *, #552, .F. ) ;
#149 = CARTESIAN_POINT ( 'NONE',  ( -46.67901605703860213, -29.78547286757861912, 49.51586665186048464 ) ) ;
#150 = CARTESIAN_POINT ( 'NONE',  ( -40.07901605703851544, -35.56547286757852788, 37.51586665186047753 ) ) ;
#151 = DATE_AND_TIME ( #1893, #107 ) ;
#152 = LINE ( 'NONE', #836, #1553 ) ;
#153 = ORIENTED_EDGE ( 'NONE', *, *, #35, .F. ) ;
#154 = ADVANCED_FACE ( 'NONE', ( #82 ), #1702, .F. ) ;
#155 = LINE ( 'NONE', #1898, #490 ) ;
#156 = CARTESIAN_POINT ( 'NONE',  ( -4.065129846300377991, -30.78547286757803292, 13.51586665186048819 ) ) ;
#157 = ORIENTED_EDGE ( 'NONE', *, *, #8, .F. ) ;
#158 = LINE ( 'NONE', #702, #886 ) ;
#159 = FACE_OUTER_BOUND ( 'NONE', #96, .T. ) ;
#160 = PERSON_AND_ORGANIZATION ( #1505, #2251 ) ;
#161 = DESIGN_CONTEXT ( 'detailed design', #638, 'design' ) ;
#162 = VECTOR ( 'NONE', #574, 1000.000000000000000 ) ;
#163 = DIRECTION ( 'NONE',  ( 0.000000000000000000, 0.000000000000000000, -1.000000000000000000 ) ) ;
#164 = ORIENTED_EDGE ( 'NONE', *, *, #876, .F. ) ;
#165 = AXIS2_PLACEMENT_3D ( 'NONE', #1607, #2131, #564 ) ;
#166 = DIRECTION ( 'NONE',  ( 0.000000000000000000, 0.000000000000000000, -1.000000000000000000 ) ) ;
#167 = ORIENTED_EDGE ( 'NONE', *, *, #2090, .T. ) ;
#168 = EDGE_CURVE ( 'NONE', #300, #974, #611, .T. ) ;
#169 = AXIS2_PLACEMENT_3D ( 'NONE', #1369, #2073, #1602 ) ;
#170 = CARTESIAN_POINT ( 'NONE',  ( -42.07901605703862913, -28.08547286757855588, 47.61586665186048606 ) ) ;
#171 = EDGE_CURVE ( 'NONE', #1046, #1900, #822, .T. ) ;
#172 = LINE ( 'NONE', #1044, #485 ) ;
#173 = PERSON_AND_ORGANIZATION_ROLE ( 'classification_officer' ) ;
#174 = FACE_OUTER_BOUND ( 'NONE', #200, .T. ) ;
#175 = ORIENTED_EDGE ( 'NONE', *, *, #475, .F. ) ;
#176 = PLANE ( 'NONE',  #2136 ) ;
#177 = DIRECTION ( 'NONE',  ( 1.391185766331645727E-14, -1.000000000000000000, 0.000000000000000000 ) ) ;
#178 = VERTEX_POINT ( 'NONE', #1996 ) ;
#179 = DIRECTION ( 'NONE',  ( -1.541976423090504626E-14, 1.000000000000000000, 0.000000000000000000 ) ) ;
#180 = DIRECTION ( 'NONE',  ( 1.000000000000000000, 1.391185766331645727E-14, 0.000000000000000000 ) ) ;
#181 = ADVANCED_FACE ( 'NONE', ( #1690 ), #585, .T. ) ;
#182 = DIRECTION ( 'NONE',  ( -1.000000000000000000, -1.349229370204186223E-14, 0.000000000000000000 ) ) ;
#183 = CARTESIAN_POINT ( 'NONE',  ( -45.47901605703888350, -9.345472867578605403, 40.21586665186048748 ) ) ;
#184 = ORIENTED_EDGE ( 'NONE', *, *, #1373, .T. ) ;
#185 = LINE ( 'NONE', #1575, #1906 ) ;
#186 = DIRECTION ( 'NONE',  ( -1.000000000000000000, -1.391185766331645885E-14, 0.000000000000000000 ) ) ;
#187 = CARTESIAN_POINT ( 'NONE',  ( -45.47901605703866323, -25.48547286757860419, 0.000000000000000000 ) ) ;
#188 = VERTEX_POINT ( 'NONE', #1105 ) ;
#189 = CARTESIAN_POINT ( 'NONE',  ( -42.07901605703894177, -5.345472867578556553, 13.51586665186048819 ) ) ;
#190 = CARTESIAN_POINT ( 'NONE',  ( 4.966548987767096436E-13, -35.56547286757796655, 0.000000000000000000 ) ) ;
#191 = ORIENTED_EDGE ( 'NONE', *, *, #1429, .F. ) ;
#192 = LINE ( 'NONE', #1239, #1727 ) ;
#193 = ADVANCED_FACE ( 'NONE', ( #1831 ), #1806, .T. ) ;
#194 = PLANE ( 'NONE',  #493 ) ;
#195 = ORIENTED_EDGE ( 'NONE', *, *, #331, .F. ) ;
#196 = EDGE_CURVE ( 'NONE', #1046, #883, #919, .T. ) ;
#197 = CIRCLE ( 'NONE', #1324, 0.8999999999999980238 ) ;
#198 = VECTOR ( 'NONE', #52, 1000.000000000000000 ) ;
#199 = DIRECTION ( 'NONE',  ( -1.391185766331645885E-14, 1.000000000000000000, 0.000000000000000000 ) ) ;
#200 = EDGE_LOOP ( 'NONE', ( #940, #1107, #1265, #1758 ) ) ;
#201 = VECTOR ( 'NONE', #1724, 1000.000000000000000 ) ;
#202 = PLANE ( 'NONE',  #1665 ) ;
#203 = DIRECTION ( 'NONE',  ( -0.9284766908852528644, -1.296573501623607330E-14, 0.3713906763541197087 ) ) ;
#204 = VECTOR ( 'NONE', #2041, 1000.000000000000000 ) ;
#205 = VECTOR ( 'NONE', #1555, 1000.000000000000114 ) ;
#206 = EDGE_LOOP ( 'NONE', ( #1722, #549, #2203, #1596, #636 ) ) ;
#207 = DIRECTION ( 'NONE',  ( 0.000000000000000000, 0.000000000000000000, 1.000000000000000000 ) ) ;
#208 = CARTESIAN_POINT ( 'NONE',  ( -42.07901605703865755, -26.78547286757855872, 44.51586665186049174 ) ) ;
#209 = ORIENTED_EDGE ( 'NONE', *, *, #2055, .F. ) ;
#210 = EDGE_CURVE ( 'NONE', #1313, #416, #197, .T. ) ;
#211 = LINE ( 'NONE', #901, #162 ) ;
#212 = PLANE ( 'NONE',  #1550 ) ;
#213 = EDGE_LOOP ( 'NONE', ( #2147, #666, #1057, #1852 ) ) ;
#214 = CARTESIAN_POINT ( 'NONE',  ( -45.47901605703901851, -6.329819961720134443E-13, 19.71586665186048748 ) ) ;
#215 = CARTESIAN_POINT ( 'NONE',  ( -42.07901605703860071, -30.78547286757855872, 44.51586665186049174 ) ) ;
#216 = ORIENTED_EDGE ( 'NONE', *, *, #1896, .T. ) ;
#217 = CARTESIAN_POINT ( 'NONE',  ( -4.065129846300391314, -29.78547286757802937, 13.51586665186048819 ) ) ;
#218 = FACE_OUTER_BOUND ( 'NONE', #238, .T. ) ;
#219 = ORIENTED_EDGE ( 'NONE', *, *, #1184, .T. ) ;
#220 = LINE ( 'NONE', #797, #2098 ) ;
#221 = DIRECTION ( 'NONE',  ( -1.391185766331645727E-14, 1.000000000000000000, 0.000000000000000000 ) ) ;
#222 = VERTEX_POINT ( 'NONE', #2252 ) ;
#223 = EDGE_CURVE ( 'NONE', #1814, #113, #360, .T. ) ;
#224 = CARTESIAN_POINT ( 'NONE',  ( -45.47901605703888350, -9.545472867578604692, 19.71586665186048748 ) ) ;
#225 = CARTESIAN_POINT ( 'NONE',  ( -42.07901605703891335, -8.345472867578557441, 44.51586665186049174 ) ) ;
#226 = EDGE_CURVE ( 'NONE', #1059, #779, #350, .T. ) ;
#227 = ORIENTED_EDGE ( 'NONE', *, *, #196, .F. ) ;
#228 = DIRECTION ( 'NONE',  ( 1.000000000000000000, 1.541976423090498631E-14, 0.000000000000000000 ) ) ;
#229 = LINE ( 'NONE', #2160, #1366 ) ;
#230 = ORIENTED_EDGE ( 'NONE', *, *, #1704, .F. ) ;
#231 = LINE ( 'NONE', #2141, #742 ) ;
#232 = DIRECTION ( 'NONE',  ( 1.000000000000000000, 1.396452398161329869E-14, -0.000000000000000000 ) ) ;
#233 = ORIENTED_EDGE ( 'NONE', *, *, #1930, .T. ) ;
#234 = DIRECTION ( 'NONE',  ( 0.000000000000000000, 0.000000000000000000, -1.000000000000000000 ) ) ;
#235 = DIRECTION ( 'NONE',  ( -1.000000000000000000, -1.396452398161329869E-14, 1.334402673828314029E-15 ) ) ;
#236 = EDGE_CURVE ( 'NONE', #414, #1220, #833, .T. ) ;
#237 = VECTOR ( 'NONE', #1788, 1000.000000000000000 ) ;
#238 = EDGE_LOOP ( 'NONE', ( #932, #1459, #956, #1161 ) ) ;
#239 = DIRECTION ( 'NONE',  ( 1.000000000000000000, 1.396452398161329869E-14, -0.000000000000000000 ) ) ;
#240 = EDGE_CURVE ( 'NONE', #974, #1118, #1908, .T. ) ;
#241 = AXIS2_PLACEMENT_3D ( 'NONE', #1060, #1567, #1740 ) ;
#242 = CIRCLE ( 'NONE', #1400, 0.8999999999999980238 ) ;
#243 = CARTESIAN_POINT ( 'NONE',  ( -45.47901605703867034, -29.78547286757860491, 37.91586665186049743 ) ) ;
#244 = ORIENTED_EDGE ( 'NONE', *, *, #1070, .T. ) ;
#245 = LINE ( 'NONE', #770, #1692 ) ;
#246 = CARTESIAN_POINT ( 'NONE',  ( -23.77677186830750244, 5.434527132421700379, 16.51586665186048464 ) ) ;
#247 = ORIENTED_EDGE ( 'NONE', *, *, #863, .T. ) ;
#248 = CARTESIAN_POINT ( 'NONE',  ( -41.17901605703865897, -26.78547286757854451, 44.51586665186049174 ) ) ;
#249 = DIRECTION ( 'NONE',  ( 0.000000000000000000, 1.000000000000000000, -2.896032514151597832E-16 ) ) ;
#250 = VERTEX_POINT ( 'NONE', #150 ) ;
#251 = APPROVAL ( #31, '未指定' ) ;
#252 = ORIENTED_EDGE ( 'NONE', *, *, #629, .F. ) ;
#253 = CARTESIAN_POINT ( 'NONE',  ( -42.07901605703864334, -27.18547286757856085, 15.41586665186049032 ) ) ;
#254 = EDGE_CURVE ( 'NONE', #926, #784, #172, .T. ) ;
#255 = CARTESIAN_POINT ( 'NONE',  ( -42.07901605703862913, -28.08547286757855588, 47.61586665186048606 ) ) ;
#256 = ORIENTED_EDGE ( 'NONE', *, *, #1482, .F. ) ;
#257 = PLANE ( 'NONE',  #58 ) ;
#258 = DIRECTION ( 'NONE',  ( -1.000000000000000000, -1.391185766331645885E-14, 0.000000000000000000 ) ) ;
#259 = ORIENTED_EDGE ( 'NONE', *, *, #2184, .F. ) ;
#260 = CARTESIAN_POINT ( 'NONE',  ( -42.07901605703867176, -24.95547286757853556, -9.309859061825743181E-15 ) ) ;
#261 = DIRECTION ( 'NONE',  ( -1.391185766331645885E-14, 1.000000000000000000, 0.000000000000000000 ) ) ;
#262 = ORIENTED_EDGE ( 'NONE', *, *, #361, .F. ) ;
#263 = ORIENTED_EDGE ( 'NONE', *, *, #1712, .F. ) ;
#264 = CARTESIAN_POINT ( 'NONE',  ( -42.07901605703894177, -5.345472867578560994, 33.92586665186048833 ) ) ;
#265 = LINE ( 'NONE', #409, #1590 ) ;
#266 = EDGE_CURVE ( 'NONE', #1746, #1039, #783, .T. ) ;
#267 = ORIENTED_EDGE ( 'NONE', *, *, #1348, .T. ) ;
#268 = DIRECTION ( 'NONE',  ( -1.391185766331645727E-14, 1.000000000000000000, -0.000000000000000000 ) ) ;
#269 = DIRECTION ( 'NONE',  ( 1.000000000000000000, 1.396452398161329869E-14, -0.000000000000000000 ) ) ;
#270 = ADVANCED_FACE ( 'NONE', ( #159 ), #335, .T. ) ;
#271 = VERTEX_POINT ( 'NONE', #1902 ) ;
#272 = LINE ( 'NONE', #2010, #1002 ) ;
#273 = FACE_OUTER_BOUND ( 'NONE', #970, .T. ) ;
#274 = EDGE_LOOP ( 'NONE', ( #593, #1618, #817, #364, #1390, #1309, #57, #2104 ) ) ;
#275 = ORIENTED_EDGE ( 'NONE', *, *, #1376, .T. ) ;
#276 = LINE ( 'NONE', #637, #2091 ) ;
#277 = AXIS2_PLACEMENT_3D ( 'NONE', #807, #1654, #2193 ) ;
#278 = DIRECTION ( 'NONE',  ( 1.000000000000000000, 0.000000000000000000, 0.000000000000000000 ) ) ;
#279 = AXIS2_PLACEMENT_3D ( 'NONE', #1653, #1834, #1985 ) ;
#280 = ORIENTED_EDGE ( 'NONE', *, *, #6, .F. ) ;
#281 = VECTOR ( 'NONE', #1474, 1000.000000000000000 ) ;
#282 = LINE ( 'NONE', #144, #1517 ) ;
#283 = ORIENTED_EDGE ( 'NONE', *, *, #1681, .T. ) ;
#284 = LOCAL_TIME ( 15, 25, 48.00000000000000000, #1055 ) ;
#285 = EDGE_CURVE ( 'NONE', #1329, #250, #2100, .T. ) ;
#286 = CARTESIAN_POINT ( 'NONE',  ( -42.07901605703894177, -5.345472867578556553, 49.51586665186048464 ) ) ;
#287 = PLANE ( 'NONE',  #820 ) ;
#288 = ORIENTED_EDGE ( 'NONE', *, *, #2026, .T. ) ;
#289 = ORIENTED_EDGE ( 'NONE', *, *, #1843, .F. ) ;
#290 = FACE_BOUND ( 'NONE', #1962, .T. ) ;
#291 = DIRECTION ( 'NONE',  ( 1.396452398161329869E-14, -1.000000000000000000, 0.000000000000000000 ) ) ;
#292 = ORIENTED_EDGE ( 'NONE', *, *, #2069, .F. ) ;
#293 = DIRECTION ( 'NONE',  ( -1.396452398161329869E-14, 1.000000000000000000, 0.000000000000000000 ) ) ;
#294 = ADVANCED_FACE ( 'NONE', ( #518 ), #1194, .F. ) ;
#295 = ORIENTED_EDGE ( 'NONE', *, *, #2069, .T. ) ;
#296 = FACE_OUTER_BOUND ( 'NONE', #827, .T. ) ;
#297 = ADVANCED_FACE ( 'NONE', ( #874 ), #1054, .T. ) ;
#298 = PLANE ( 'NONE',  #349 ) ;
#299 = CARTESIAN_POINT ( 'NONE',  ( -45.47901605703901851, -6.329819961720134443E-13, 33.92586665186048833 ) ) ;
#300 = VERTEX_POINT ( 'NONE', #693 ) ;
#301 = DIRECTION ( 'NONE',  ( -1.000000000000000000, -1.396369704775292954E-14, 0.000000000000000000 ) ) ;
#302 = LINE ( 'NONE', #2082, #1581 ) ;
#303 = VERTEX_POINT ( 'NONE', #1185 ) ;
#304 = ADVANCED_FACE ( 'NONE', ( #1030 ), #1918, .F. ) ;
#305 = DIRECTION ( 'NONE',  ( 1.391185766331645727E-14, -1.000000000000000000, 0.000000000000000000 ) ) ;
#306 = EDGE_CURVE ( 'NONE', #1558, #2200, #1509, .T. ) ;
#307 = AXIS2_PLACEMENT_3D ( 'NONE', #1411, #77, #395 ) ;
#308 = DIRECTION ( 'NONE',  ( -1.000000000000000000, -1.391185766331645885E-14, 0.000000000000000000 ) ) ;
#309 = LINE ( 'NONE', #1186, #1810 ) ;
#310 = AXIS2_PLACEMENT_3D ( 'NONE', #2020, #1849, #1889 ) ;
#311 = VECTOR ( 'NONE', #2127, 1000.000000000000000 ) ;
#312 = FACE_OUTER_BOUND ( 'NONE', #2072, .T. ) ;
#313 = ORIENTED_EDGE ( 'NONE', *, *, #1111, .F. ) ;
#314 = DIRECTION ( 'NONE',  ( -1.387778780781444413E-14, 1.000000000000000000, -0.000000000000000000 ) ) ;
#315 = CIRCLE ( 'NONE', #2034, 0.8999999999999945821 ) ;
#316 = ORIENTED_EDGE ( 'NONE', *, *, #1143, .F. ) ;
#317 = LINE ( 'NONE', #850, #100 ) ;
#318 = CYLINDRICAL_SURFACE ( 'NONE', #1213, 23.59999999999999432 ) ;
#319 = DIRECTION ( 'NONE',  ( 1.000000000000000000, 1.541976423090498631E-14, 0.000000000000000000 ) ) ;
#320 = EDGE_CURVE ( 'NONE', #1994, #1098, #327, .T. ) ;
#321 = DIRECTION ( 'NONE',  ( -1.396452398161329869E-14, 1.000000000000000000, 0.000000000000000000 ) ) ;
#322 = VERTEX_POINT ( 'NONE', #1353 ) ;
#323 = DIRECTION ( 'NONE',  ( -0.3713906763541036660, 0.000000000000000000, 0.9284766908852593037 ) ) ;
#324 = CARTESIAN_POINT ( 'NONE',  ( -42.07901605703860071, -29.78547286757855517, 13.51586665186048819 ) ) ;
#325 = ORIENTED_EDGE ( 'NONE', *, *, #2250, .T. ) ;
#326 = DIRECTION ( 'NONE',  ( 0.000000000000000000, 0.000000000000000000, 1.000000000000000000 ) ) ;
#327 = LINE ( 'NONE', #1720, #1949 ) ;
#328 = ADVANCED_FACE ( 'NONE', ( #487 ), #318, .F. ) ;
#329 = DIRECTION ( 'NONE',  ( -1.541976423090504626E-14, 1.000000000000000000, 0.000000000000000000 ) ) ;
#330 = EDGE_LOOP ( 'NONE', ( #1270, #980 ) ) ;
#331 = EDGE_CURVE ( 'NONE', #1877, #696, #1383, .T. ) ;
#332 = LINE ( 'NONE', #1025, #602 ) ;
#333 = ORIENTED_EDGE ( 'NONE', *, *, #484, .F. ) ;
#334 = DIRECTION ( 'NONE',  ( 1.000000000000000000, 1.396452398161329869E-14, -0.000000000000000000 ) ) ;
#335 = PLANE ( 'NONE',  #1432 ) ;
#336 = VECTOR ( 'NONE', #2070, 1000.000000000000000 ) ;
#337 = DIRECTION ( 'NONE',  ( 1.000000000000000000, 1.541976423090498631E-14, 0.000000000000000000 ) ) ;
#338 = VECTOR ( 'NONE', #1138, 1000.000000000000000 ) ;
#339 = ORIENTED_EDGE ( 'NONE', *, *, #900, .T. ) ;
#340 = VECTOR ( 'NONE', #1974, 1000.000000000000000 ) ;
#341 = CARTESIAN_POINT ( 'NONE',  ( -42.07901605703866466, -25.48547286757857222, 13.51586665186048819 ) ) ;
#342 = CARTESIAN_POINT ( 'NONE',  ( -42.97901605703895456, -4.345472867578568987, 18.11586665186048961 ) ) ;
#343 = ORIENTED_EDGE ( 'NONE', *, *, #1065, .F. ) ;
#344 = VECTOR ( 'NONE', #1935, 1000.000000000000000 ) ;
#345 = EDGE_CURVE ( 'NONE', #2215, #2191, #1457, .T. ) ;
#346 = AXIS2_PLACEMENT_3D ( 'NONE', #1832, #1489, #1971 ) ;
#347 = DIRECTION ( 'NONE',  ( 1.000000000000000000, 1.387778780781444413E-14, 0.000000000000000000 ) ) ;
#348 = PLANE ( 'NONE',  #639 ) ;
#349 = AXIS2_PLACEMENT_3D ( 'NONE', #1884, #663, #1321 ) ;
#350 = LINE ( 'NONE', #1374, #1621 ) ;
#351 = DIRECTION ( 'NONE',  ( 0.3713906763541197087, 5.186839989651200113E-15, 0.9284766908852528644 ) ) ;
#352 = ORIENTED_EDGE ( 'NONE', *, *, #835, .T. ) ;
#353 = FACE_OUTER_BOUND ( 'NONE', #731, .T. ) ;
#354 = ORIENTED_EDGE ( 'NONE', *, *, #1416, .T. ) ;
#355 = CARTESIAN_POINT ( 'NONE',  ( -45.47901605703901851, -6.260558834292232832E-13, 23.91586665186048677 ) ) ;
#356 = CARTESIAN_POINT ( 'NONE',  ( -46.67901605703894319, -5.345472867578621390, 49.51586665186048464 ) ) ;
#357 = EDGE_CURVE ( 'NONE', #883, #1046, #673, .T. ) ;
#358 = PRODUCT_DEFINITION_SHAPE ( 'NONE', 'NONE',  #987 ) ;
#359 = ORIENTED_EDGE ( 'NONE', *, *, #369, .F. ) ;
#360 = LINE ( 'NONE', #1710, #336 ) ;
#361 = EDGE_CURVE ( 'NONE', #2191, #64, #756, .T. ) ;
#362 = COORDINATED_UNIVERSAL_TIME_OFFSET ( 8, 0, .AHEAD. ) ;
#363 = CARTESIAN_POINT ( 'NONE',  ( -37.47901605703815164, -35.56547286757849236, 37.51586665186048464 ) ) ;
#364 = ORIENTED_EDGE ( 'NONE', *, *, #1140, .T. ) ;
#365 = DIRECTION ( 'NONE',  ( -1.396452398161329711E-14, 1.000000000000000000, 0.000000000000000000 ) ) ;
#366 = ORIENTED_EDGE ( 'NONE', *, *, #753, .F. ) ;
#367 = CARTESIAN_POINT ( 'NONE',  ( -45.47901605703867034, -24.73547286757860419, 37.91586665186049743 ) ) ;
#368 = DIRECTION ( 'NONE',  ( -1.000000000000000000, -1.349229370204186223E-14, 0.000000000000000000 ) ) ;
#369 = EDGE_CURVE ( 'NONE', #710, #682, #30, .T. ) ;
#370 = EDGE_LOOP ( 'NONE', ( #1988, #394, #1463, #646 ) ) ;
#371 = PLANE ( 'NONE',  #457 ) ;
#372 = ADVANCED_FACE ( 'NONE', ( #719 ), #1754, .T. ) ;
#373 = CARTESIAN_POINT ( 'NONE',  ( -45.47901605703862771, -28.08547286757860206, 47.61586665186048606 ) ) ;
#374 = ORIENTED_EDGE ( 'NONE', *, *, #121, .T. ) ;
#375 = VECTOR ( 'NONE', #1970, 1000.000000000000000 ) ;
#376 = VECTOR ( 'NONE', #2036, 1000.000000000000000 ) ;
#377 = CARTESIAN_POINT ( 'NONE',  ( -45.47901605703901851, -6.329819961720134443E-13, 33.92586665186048833 ) ) ;
#378 = ORIENTED_EDGE ( 'NONE', *, *, #1240, .T. ) ;
#379 = AXIS2_PLACEMENT_3D ( 'NONE', #2157, #1283, #117 ) ;
#380 = LINE ( 'NONE', #516, #1437 ) ;
#381 = DIRECTION ( 'NONE',  ( -1.000000000000000000, -1.349229370204186223E-14, 0.000000000000000000 ) ) ;
#382 = AXIS2_PLACEMENT_3D ( 'NONE', #995, #2244, #301 ) ;
#383 = ORIENTED_EDGE ( 'NONE', *, *, #236, .F. ) ;
#384 = FACE_OUTER_BOUND ( 'NONE', #34, .T. ) ;
#385 = AXIS2_PLACEMENT_3D ( 'NONE', #69, #920, #609 ) ;
#386 = FACE_OUTER_BOUND ( 'NONE', #1792, .T. ) ;
#387 = EDGE_CURVE ( 'NONE', #543, #755, #1471, .T. ) ;
#388 = ORIENTED_EDGE ( 'NONE', *, *, #2078, .F. ) ;
#389 = CARTESIAN_POINT ( 'NONE',  ( -46.67901605703901424, -6.479582012524599630E-13, 0.000000000000000000 ) ) ;
#390 = CARTESIAN_POINT ( 'NONE',  ( -5.686719353181764802, 0.4345271324219524001, 31.51586665186060898 ) ) ;
#391 = ORIENTED_EDGE ( 'NONE', *, *, #1782, .F. ) ;
#392 = DIRECTION ( 'NONE',  ( 1.000000000000000000, 1.396452398161329869E-14, -0.000000000000000000 ) ) ;
#393 = LINE ( 'NONE', #764, #855 ) ;
#394 = ORIENTED_EDGE ( 'NONE', *, *, #1419, .F. ) ;
#395 = DIRECTION ( 'NONE',  ( -1.000000000000000000, -1.391185766331645727E-14, 0.000000000000000000 ) ) ;
#396 = CYLINDRICAL_SURFACE ( 'NONE', #385, 0.8999999999999980238 ) ;
#397 = EDGE_LOOP ( 'NONE', ( #577, #1785, #1197, #352 ) ) ;
#398 = EDGE_CURVE ( 'NONE', #779, #222, #1597, .T. ) ;
#399 = CARTESIAN_POINT ( 'NONE',  ( -40.07901605703896308, -4.345472867578026310, 37.51586665186047043 ) ) ;
#400 = CARTESIAN_POINT ( 'NONE',  ( -40.07901605703858650, -30.78547286757853030, 13.51586665186048819 ) ) ;
#401 = CARTESIAN_POINT ( 'NONE',  ( -45.47901605703901851, -6.329819961720134443E-13, 19.71586665186048748 ) ) ;
#402 = VERTEX_POINT ( 'NONE', #1779 ) ;
#403 = EDGE_CURVE ( 'NONE', #512, #1593, #923, .T. ) ;
#404 = ORIENTED_EDGE ( 'NONE', *, *, #449, .F. ) ;
#405 = CARTESIAN_POINT ( 'NONE',  ( -45.47901605703889061, -9.145472867578604337, 33.92586665186048833 ) ) ;
#406 = DIRECTION ( 'NONE',  ( 1.396452398161329869E-14, -1.000000000000000000, 0.000000000000000000 ) ) ;
#407 = VERTEX_POINT ( 'NONE', #568 ) ;
#408 = LINE ( 'NONE', #1099, #1763 ) ;
#409 = CARTESIAN_POINT ( 'NONE',  ( -36.18671935318177901, 5.434527132421526296, 46.51586665186048464 ) ) ;
#410 = ORIENTED_EDGE ( 'NONE', *, *, #210, .T. ) ;
#411 = DIRECTION ( 'NONE',  ( 0.000000000000000000, 0.000000000000000000, 1.000000000000000000 ) ) ;
#412 = CARTESIAN_POINT ( 'NONE',  ( -35.11901605703840801, -35.56547286757845683, 43.41586665186051874 ) ) ;
#413 = VECTOR ( 'NONE', #594, 1000.000000000000000 ) ;
#414 = VERTEX_POINT ( 'NONE', #1977 ) ;
#415 = AXIS2_PLACEMENT_3D ( 'NONE', #2135, #1421, #766 ) ;
#416 = VERTEX_POINT ( 'NONE', #1952 ) ;
#417 = LINE ( 'NONE', #405, #459 ) ;
#418 = CARTESIAN_POINT ( 'NONE',  ( -42.07901605703862913, -28.08547286757855588, 15.41586665186049032 ) ) ;
#419 = ADVANCED_FACE ( 'NONE', ( #1262 ), #1447, .F. ) ;
#420 = VECTOR ( 'NONE', #1479, 1000.000000000000000 ) ;
#421 = AXIS2_PLACEMENT_3D ( 'NONE', #716, #392, #179 ) ;
#422 = ORIENTED_EDGE ( 'NONE', *, *, #2195, .T. ) ;
#423 = DIRECTION ( 'NONE',  ( -1.000000000000000000, -1.391185766331645727E-14, 0.000000000000000000 ) ) ;
#424 = AXIS2_PLACEMENT_3D ( 'NONE', #925, #1807, #2179 ) ;
#425 = AXIS2_PLACEMENT_3D ( 'NONE', #1497, #1354, #319 ) ;
#426 = DIRECTION ( 'NONE',  ( -1.000000000000000000, -1.391185766331645885E-14, 0.000000000000000000 ) ) ;
#427 = EDGE_LOOP ( 'NONE', ( #792, #2049, #1166, #802, #73, #1200 ) ) ;
#428 = DIRECTION ( 'NONE',  ( -1.396452398161329869E-14, 1.000000000000000000, 0.000000000000000000 ) ) ;
#429 = LINE ( 'NONE', #1663, #823 ) ;
#430 = ORIENTED_EDGE ( 'NONE', *, *, #2123, .F. ) ;
#431 = DIRECTION ( 'NONE',  ( -9.912705577010328508E-16, 0.000000000000000000, 1.000000000000000000 ) ) ;
#432 = CARTESIAN_POINT ( 'NONE',  ( -45.47901605703888350, -9.545472867578604692, 13.51586665186048819 ) ) ;
#433 = ORIENTED_EDGE ( 'NONE', *, *, #306, .F. ) ;
#434 = ADVANCED_FACE ( 'NONE', ( #2159 ), #897, .T. ) ;
#435 = VERTEX_POINT ( 'NONE', #1285 ) ;
#436 = PLANE ( 'NONE',  #786 ) ;
#437 = EDGE_CURVE ( 'NONE', #741, #710, #192, .T. ) ;
#438 = DIRECTION ( 'NONE',  ( 1.000000000000000000, 1.396452398161329869E-14, -0.000000000000000000 ) ) ;
#439 = ORIENTED_EDGE ( 'NONE', *, *, #2235, .F. ) ;
#440 = CARTESIAN_POINT ( 'NONE',  ( -42.07901605703891335, -8.345472867578557441, 44.51586665186049174 ) ) ;
#441 = CARTESIAN_POINT ( 'NONE',  ( -45.47901605703888350, -9.345472867578605403, 0.000000000000000000 ) ) ;
#442 = VERTEX_POINT ( 'NONE', #1274 ) ;
#443 = CARTESIAN_POINT ( 'NONE',  ( -40.07901605703901282, -5.575735666713015389E-13, 0.000000000000000000 ) ) ;
#444 = LINE ( 'NONE', #1986, #420 ) ;
#445 = ORIENTED_EDGE ( 'NONE', *, *, #603, .T. ) ;
#446 = ORIENTED_EDGE ( 'NONE', *, *, #1403, .T. ) ;
#447 = FACE_OUTER_BOUND ( 'NONE', #482, .T. ) ;
#448 = EDGE_LOOP ( 'NONE', ( #292, #1169, #118, #80 ) ) ;
#449 = EDGE_CURVE ( 'NONE', #696, #2234, #408, .T. ) ;
#450 = FACE_OUTER_BOUND ( 'NONE', #370, .T. ) ;
#451 = ORIENTED_EDGE ( 'NONE', *, *, #449, .T. ) ;
#452 = CARTESIAN_POINT ( 'NONE',  ( -40.07901605703894887, -4.345472867578529019, 13.51586665186048819 ) ) ;
#453 = DIRECTION ( 'NONE',  ( 1.000000000000000000, 1.396452398161329869E-14, -0.000000000000000000 ) ) ;
#454 = ORIENTED_EDGE ( 'NONE', *, *, #128, .T. ) ;
#455 = ORIENTED_EDGE ( 'NONE', *, *, #801, .T. ) ;
#456 = FACE_OUTER_BOUND ( 'NONE', #1789, .T. ) ;
#457 = AXIS2_PLACEMENT_3D ( 'NONE', #1766, #207, #2122 ) ;
#458 = VECTOR ( 'NONE', #496, 1000.000000000000000 ) ;
#459 = VECTOR ( 'NONE', #578, 1000.000000000000000 ) ;
#460 = VECTOR ( 'NONE', #761, 1000.000000000000000 ) ;
#461 = EDGE_CURVE ( 'NONE', #2001, #1923, #1583, .T. ) ;
#462 = CARTESIAN_POINT ( 'NONE',  ( -45.47901605703859929, -29.78547286757860491, 49.51586665186048464 ) ) ;
#463 = ORIENTED_EDGE ( 'NONE', *, *, #736, .T. ) ;
#464 = ADVANCED_FACE ( 'NONE', ( #384 ), #371, .F. ) ;
#465 = CARTESIAN_POINT ( 'NONE',  ( -4.065129846300745697, -4.345472867578028087, 13.51586665186048819 ) ) ;
#466 = ORIENTED_EDGE ( 'NONE', *, *, #145, .F. ) ;
#467 = CARTESIAN_POINT ( 'NONE',  ( -45.47901605703901851, -6.328766635354198151E-13, 0.000000000000000000 ) ) ;
#468 = PERSON_AND_ORGANIZATION ( #1505, #2251 ) ;
#469 = LINE ( 'NONE', #2038, #825 ) ;
#470 = EDGE_LOOP ( 'NONE', ( #1957, #2169, #1410, #295, #724, #810, #561, #1423 ) ) ;
#471 = ADVANCED_FACE ( 'NONE', ( #1088 ), #1790, .F. ) ;
#472 = DIRECTION ( 'NONE',  ( 1.396452398161330027E-14, -1.000000000000000000, -0.000000000000000000 ) ) ;
#473 = DIRECTION ( 'NONE',  ( 3.747002708109903324E-14, -1.000000000000000000, 0.000000000000000000 ) ) ;
#474 = ORIENTED_EDGE ( 'NONE', *, *, #1896, .F. ) ;
#475 = EDGE_CURVE ( 'NONE', #250, #442, #918, .T. ) ;
#476 = CARTESIAN_POINT ( 'NONE',  ( -36.18671935318178612, 5.434527132421526296, 45.51586665186048464 ) ) ;
#477 = DIRECTION ( 'NONE',  ( 1.000000000000000000, 1.396452398161329869E-14, -0.000000000000000000 ) ) ;
#478 = DIRECTION ( 'NONE',  ( 0.000000000000000000, 0.000000000000000000, -1.000000000000000000 ) ) ;
#479 = ORIENTED_EDGE ( 'NONE', *, *, #403, .T. ) ;
#480 = DIRECTION ( 'NONE',  ( 1.000000000000000000, 0.000000000000000000, -0.000000000000000000 ) ) ;
#481 = CC_DESIGN_PERSON_AND_ORGANIZATION_ASSIGNMENT ( #992, #2206, ( #707 ) ) ;
#482 = EDGE_LOOP ( 'NONE', ( #1860, #275, #1604, #796 ) ) ;
#483 = CARTESIAN_POINT ( 'NONE',  ( -42.07901605703867176, -24.73547286757855446, 23.91586665186049387 ) ) ;
#484 = EDGE_CURVE ( 'NONE', #1454, #1926, #1300, .T. ) ;
#485 = VECTOR ( 'NONE', #842, 1000.000000000000000 ) ;
#486 = CIRCLE ( 'NONE', #1394, 0.8999999999999945821 ) ;
#487 = FACE_OUTER_BOUND ( 'NONE', #1307, .T. ) ;
#488 = LINE ( 'NONE', #1013, #1630 ) ;
#489 = AXIS2_PLACEMENT_3D ( 'NONE', #170, #5, #1272 ) ;
#490 = VECTOR ( 'NONE', #846, 1000.000000000000000 ) ;
#491 = DIRECTION ( 'NONE',  ( 0.000000000000000000, 0.000000000000000000, 1.000000000000000000 ) ) ;
#492 = ORIENTED_EDGE ( 'NONE', *, *, #1651, .F. ) ;
#493 = AXIS2_PLACEMENT_3D ( 'NONE', #1572, #1599, #17 ) ;
#494 = CARTESIAN_POINT ( 'NONE',  ( -37.18671935318173638, 0.4345271324215125297, 17.51586665186048819 ) ) ;
#495 = CARTESIAN_POINT ( 'NONE',  ( -37.47901605703815164, -63.18395596606121956, 25.51586665186048819 ) ) ;
#496 = DIRECTION ( 'NONE',  ( -9.912705577010328508E-16, 0.000000000000000000, 1.000000000000000000 ) ) ;
#497 = ORIENTED_EDGE ( 'NONE', *, *, #345, .T. ) ;
#498 = CARTESIAN_POINT ( 'NONE',  ( -42.07901605703901282, -5.855026146345282341E-13, 0.000000000000000000 ) ) ;
#499 = ADVANCED_FACE ( 'NONE', ( #819, #290, #628 ), #971, .F. ) ;
#500 = DIRECTION ( 'NONE',  ( -1.000000000000000000, -1.391185766331645885E-14, 0.000000000000000000 ) ) ;
#501 = DATE_AND_TIME ( #1241, #1223 ) ;
#502 = EDGE_CURVE ( 'NONE', #714, #690, #2172, .T. ) ;
#503 = DIRECTION ( 'NONE',  ( 1.000000000000000000, 1.541976423090498631E-14, 0.000000000000000000 ) ) ;
#504 = EDGE_LOOP ( 'NONE', ( #2006, #233, #1573 ) ) ;
#505 = VERTEX_POINT ( 'NONE', #264 ) ;
#506 = FACE_OUTER_BOUND ( 'NONE', #1749, .T. ) ;
#507 = VERTEX_POINT ( 'NONE', #2003 ) ;
#508 = LINE ( 'NONE', #692, #1289 ) ;
#509 = DIRECTION ( 'NONE',  ( 1.391185766331645885E-14, -1.000000000000000000, 0.000000000000000000 ) ) ;
#510 = CARTESIAN_POINT ( 'NONE',  ( -35.11901605703890539, 0.4345271324215413955, 43.41586665186051874 ) ) ;
#511 = EDGE_CURVE ( 'NONE', #178, #690, #276, .T. ) ;
#512 = VERTEX_POINT ( 'NONE', #811 ) ;
#513 = LINE ( 'NONE', #1601, #1871 ) ;
#514 = DIRECTION ( 'NONE',  ( -1.000000000000000000, -1.391185766331645727E-14, 0.000000000000000000 ) ) ;
#515 = ORIENTED_EDGE ( 'NONE', *, *, #1052, .T. ) ;
#516 = CARTESIAN_POINT ( 'NONE',  ( -45.47901605703894035, -5.345472867578603626, 0.000000000000000000 ) ) ;
#517 = FACE_OUTER_BOUND ( 'NONE', #427, .T. ) ;
#518 = FACE_OUTER_BOUND ( 'NONE', #1522, .T. ) ;
#519 = AXIS2_PLACEMENT_3D ( 'NONE', #933, #1431, #1635 ) ;
#520 = CARTESIAN_POINT ( 'NONE',  ( -35.11901605703890539, 0.4345271324215413955, 43.41586665186051874 ) ) ;
#521 = ORIENTED_EDGE ( 'NONE', *, *, #2029, .T. ) ;
#522 = EDGE_CURVE ( 'NONE', #2177, #2161, #1826, .T. ) ;
#523 = CIRCLE ( 'NONE', #2212, 23.50000000000000000 ) ;
#524 = CARTESIAN_POINT ( 'NONE',  ( -42.07901605703860071, -29.78547286757855517, 23.91586665186049032 ) ) ;
#525 = ORIENTED_EDGE ( 'NONE', *, *, #78, .T. ) ;
#526 = AXIS2_PLACEMENT_3D ( 'NONE', #74, #2181, #614 ) ;
#527 = EDGE_CURVE ( 'NONE', #988, #442, #606, .T. ) ;
#528 = VECTOR ( 'NONE', #351, 1000.000000000000114 ) ;
#529 = FACE_OUTER_BOUND ( 'NONE', #722, .T. ) ;
#530 = CARTESIAN_POINT ( 'NONE',  ( -45.47901605703864192, -27.18547286757860348, 47.61586665186048606 ) ) ;
#531 = VECTOR ( 'NONE', #142, 1000.000000000000000 ) ;
#532 = ORIENTED_EDGE ( 'NONE', *, *, #2154, .F. ) ;
#533 = CARTESIAN_POINT ( 'NONE',  ( -37.18671935318180033, 0.4345271324215125297, 37.51586665186068359 ) ) ;
#534 = DATE_AND_TIME ( #2253, #284 ) ;
#535 = LINE ( 'NONE', #1895, #104 ) ;
#536 = ORIENTED_EDGE ( 'NONE', *, *, #2087, .F. ) ;
#537 = DIRECTION ( 'NONE',  ( 1.000000000000000000, 1.541976423090498631E-14, 0.000000000000000000 ) ) ;
#538 = ORIENTED_EDGE ( 'NONE', *, *, #1560, .T. ) ;
#539 = ADVANCED_FACE ( 'NONE', ( #456 ), #1163, .T. ) ;
#540 = CARTESIAN_POINT ( 'NONE',  ( -40.07901605703858650, -30.78547286757853030, 25.51586665186049174 ) ) ;
#541 = LINE ( 'NONE', #895, #2094 ) ;
#542 = ADVANCED_FACE ( 'NONE', ( #447 ), #120, .F. ) ;
#543 = VERTEX_POINT ( 'NONE', #253 ) ;
#544 = DIRECTION ( 'NONE',  ( 1.391185766331645885E-14, -1.000000000000000000, 0.000000000000000000 ) ) ;
#545 = PERSON_AND_ORGANIZATION ( #1505, #2251 ) ;
#546 = CARTESIAN_POINT ( 'NONE',  ( -46.67901605703894319, -5.345472867578621390, 13.51586665186048819 ) ) ;
#547 = ORIENTED_EDGE ( 'NONE', *, *, #603, .F. ) ;
#548 = DIRECTION ( 'NONE',  ( 1.396452398161329869E-14, -1.000000000000000000, 0.000000000000000000 ) ) ;
#549 = ORIENTED_EDGE ( 'NONE', *, *, #1065, .T. ) ;
#550 = LINE ( 'NONE', #726, #1767 ) ;
#551 = LINE ( 'NONE', #1762, #237 ) ;
#552 = EDGE_CURVE ( 'NONE', #1589, #1151, #2205, .T. ) ;
#553 = ORIENTED_EDGE ( 'NONE', *, *, #739, .F. ) ;
#554 = CARTESIAN_POINT ( 'NONE',  ( -42.07901605703865755, -26.78547286757855872, 44.51586665186049174 ) ) ;
#555 = LINE ( 'NONE', #1128, #1669 ) ;
#556 = ORIENTED_EDGE ( 'NONE', *, *, #168, .T. ) ;
#557 = VECTOR ( 'NONE', #868, 1000.000000000000000 ) ;
#558 = VECTOR ( 'NONE', #544, 1000.000000000000000 ) ;
#559 = LINE ( 'NONE', #1747, #1391 ) ;
#560 = DIRECTION ( 'NONE',  ( 1.396452398161329869E-14, -1.000000000000000000, -0.000000000000000000 ) ) ;
#561 = ORIENTED_EDGE ( 'NONE', *, *, #1429, .T. ) ;
#562 = CIRCLE ( 'NONE', #2027, 1.000000000000000888 ) ;
#563 = DIRECTION ( 'NONE',  ( -1.000000000000000000, -1.396452398161329869E-14, 0.000000000000000000 ) ) ;
#564 = DIRECTION ( 'NONE',  ( -1.000000000000000000, -1.395160582806878911E-14, 0.000000000000000000 ) ) ;
#565 = VECTOR ( 'NONE', #799, 1000.000000000000000 ) ;
#566 = AXIS2_PLACEMENT_3D ( 'NONE', #1627, #1279, #586 ) ;
#567 = ORIENTED_EDGE ( 'NONE', *, *, #768, .F. ) ;
#568 = CARTESIAN_POINT ( 'NONE',  ( -42.97901605703859929, -30.78547286757857293, 44.51586665186049174 ) ) ;
#569 = CC_DESIGN_SECURITY_CLASSIFICATION ( #1258, ( #1959 ) ) ;
#570 = EDGE_CURVE ( 'NONE', #124, #798, #486, .T. ) ;
#571 = LINE ( 'NONE', #758, #1955 ) ;
#572 = ORIENTED_EDGE ( 'NONE', *, *, #1744, .F. ) ;
#573 = ADVANCED_FACE ( 'NONE', ( #1114 ), #2044, .F. ) ;
#574 = DIRECTION ( 'NONE',  ( 1.387778780781444413E-14, -1.000000000000000000, 0.000000000000000000 ) ) ;
#575 = DIRECTION ( 'NONE',  ( -1.396452398161329711E-14, 1.000000000000000000, 0.000000000000000000 ) ) ;
#576 = DIRECTION ( 'NONE',  ( -1.000000000000000000, -1.396452398161329869E-14, 0.000000000000000000 ) ) ;
#577 = ORIENTED_EDGE ( 'NONE', *, *, #1308, .F. ) ;
#578 = DIRECTION ( 'NONE',  ( 1.000000000000000000, 1.396452398161329869E-14, -0.000000000000000000 ) ) ;
#579 = LINE ( 'NONE', #1445, #927 ) ;
#580 = EDGE_LOOP ( 'NONE', ( #700, #1670, #378, #1804 ) ) ;
#581 = CARTESIAN_POINT ( 'NONE',  ( -45.47901605703862771, -28.08547286757860206, 15.41586665186049032 ) ) ;
#582 = DIRECTION ( 'NONE',  ( -1.000000000000000000, -1.391185766331645885E-14, 0.000000000000000000 ) ) ;
#583 = ORIENTED_EDGE ( 'NONE', *, *, #90, .T. ) ;
#584 = ADVANCED_FACE ( 'NONE', ( #296 ), #436, .F. ) ;
#585 = PLANE ( 'NONE',  #633 ) ;
#586 = DIRECTION ( 'NONE',  ( -1.000000000000000000, -1.349229370204186223E-14, 0.000000000000000000 ) ) ;
#587 = EDGE_LOOP ( 'NONE', ( #1436, #1837, #1162, #455 ) ) ;
#588 = CARTESIAN_POINT ( 'NONE',  ( -46.67901605703858792, -30.78547286757862267, 49.51586665186048464 ) ) ;
#589 = CARTESIAN_POINT ( 'NONE',  ( -41.17901605703891477, -8.345472867578545006, 44.51586665186049174 ) ) ;
#590 = ORIENTED_EDGE ( 'NONE', *, *, #1636, .T. ) ;
#591 = CARTESIAN_POINT ( 'NONE',  ( -26.06685674231530925, -63.18395596606106324, 43.51586665186052727 ) ) ;
#592 = DIRECTION ( 'NONE',  ( -1.000000000000000000, -1.391185766331645727E-14, 0.000000000000000000 ) ) ;
#593 = ORIENTED_EDGE ( 'NONE', *, *, #552, .T. ) ;
#594 = DIRECTION ( 'NONE',  ( -1.396452398161330027E-14, 1.000000000000000000, 0.000000000000000000 ) ) ;
#595 = DIRECTION ( 'NONE',  ( 1.391185766331645885E-14, -1.000000000000000000, 0.000000000000000000 ) ) ;
#596 = ORIENTED_EDGE ( 'NONE', *, *, #223, .F. ) ;
#597 = EDGE_CURVE ( 'NONE', #113, #944, #803, .T. ) ;
#598 = CIRCLE ( 'NONE', #1873, 1.000000000000000888 ) ;
#599 = DIRECTION ( 'NONE',  ( 0.000000000000000000, 0.000000000000000000, 1.000000000000000000 ) ) ;
#600 = DIRECTION ( 'NONE',  ( 1.000000000000000000, 1.396452398161330027E-14, 1.486905836551602130E-14 ) ) ;
#601 = ORIENTED_EDGE ( 'NONE', *, *, #437, .T. ) ;
#602 = VECTOR ( 'NONE', #473, 1000.000000000000000 ) ;
#603 = EDGE_CURVE ( 'NONE', #2161, #605, #2186, .T. ) ;
#604 = CIRCLE ( 'NONE', #1293, 0.8999999999999980238 ) ;
#605 = VERTEX_POINT ( 'NONE', #1815 ) ;
#606 = LINE ( 'NONE', #2217, #1029 ) ;
#607 = VECTOR ( 'NONE', #1863, 1000.000000000000000 ) ;
#608 = AXIS2_PLACEMENT_3D ( 'NONE', #1978, #1458, #1828 ) ;
#609 = DIRECTION ( 'NONE',  ( 1.000000000000000000, 1.541976423090498631E-14, 0.000000000000000000 ) ) ;
#610 = VERTEX_POINT ( 'NONE', #1126 ) ;
#611 = LINE ( 'NONE', #1452, #672 ) ;
#612 = CARTESIAN_POINT ( 'NONE',  ( -40.07901605703814596, -63.18395596606126219, 25.51586665186049174 ) ) ;
#613 = ORIENTED_EDGE ( 'NONE', *, *, #1281, .F. ) ;
#614 = DIRECTION ( 'NONE',  ( -1.000000000000000000, -1.396452398161329869E-14, 0.000000000000000000 ) ) ;
#615 = CARTESIAN_POINT ( 'NONE',  ( -45.47901605703901851, -6.329819961720134443E-13, 37.91586665186049743 ) ) ;
#616 = VERTEX_POINT ( 'NONE', #1838 ) ;
#617 = ORIENTED_EDGE ( 'NONE', *, *, #863, .F. ) ;
#618 = DIRECTION ( 'NONE',  ( -1.396452398161329869E-14, 1.000000000000000000, 0.000000000000000000 ) ) ;
#619 = EDGE_CURVE ( 'NONE', #844, #2215, #1495, .T. ) ;
#620 = PLANE ( 'NONE',  #1881 ) ;
#621 = EDGE_LOOP ( 'NONE', ( #256, #433, #1781, #1073 ) ) ;
#622 = LINE ( 'NONE', #246, #460 ) ;
#623 = EDGE_LOOP ( 'NONE', ( #1735, #1765, #1940, #773 ) ) ;
#624 = DIRECTION ( 'NONE',  ( 5.189941093118903991E-30, -3.730588120380229462E-16, 1.000000000000000000 ) ) ;
#625 = FACE_OUTER_BOUND ( 'NONE', #1087, .T. ) ;
#626 = ORIENTED_EDGE ( 'NONE', *, *, #991, .F. ) ;
#627 = ORIENTED_EDGE ( 'NONE', *, *, #1521, .F. ) ;
#628 = FACE_BOUND ( 'NONE', #769, .T. ) ;
#629 = EDGE_CURVE ( 'NONE', #1874, #2183, #1901, .T. ) ;
#630 = FACE_OUTER_BOUND ( 'NONE', #1611, .T. ) ;
#631 = PLANE ( 'NONE',  #2066 ) ;
#632 = ORIENTED_EDGE ( 'NONE', *, *, #1127, .F. ) ;
#633 = AXIS2_PLACEMENT_3D ( 'NONE', #1980, #411, #1438 ) ;
#634 = DIRECTION ( 'NONE',  ( 1.000000000000000000, 1.396452398161329869E-14, -0.000000000000000000 ) ) ;
#635 = ORIENTED_EDGE ( 'NONE', *, *, #1907, .T. ) ;
#636 = ORIENTED_EDGE ( 'NONE', *, *, #2108, .F. ) ;
#637 = CARTESIAN_POINT ( 'NONE',  ( -37.47901605703815164, -63.18395596606121956, 25.51586665186048819 ) ) ;
#638 = APPLICATION_CONTEXT ( 'configuration controlled 3d designs of mechanical parts and assemblies' ) ;
#639 = AXIS2_PLACEMENT_3D ( 'NONE', #1526, #305, #180 ) ;
#640 = VECTOR ( 'NONE', #1717, 1000.000000000000000 ) ;
#641 = ADVANCED_FACE ( 'NONE', ( #1212, #1568, #517 ), #2227, .T. ) ;
#642 = AXIS2_PLACEMENT_3D ( 'NONE', #2092, #221, #869 ) ;
#643 = VECTOR ( 'NONE', #478, 1000.000000000000000 ) ;
#644 = DIRECTION ( 'NONE',  ( -1.000000000000000000, -1.349229370204186223E-14, 0.000000000000000000 ) ) ;
#645 = EDGE_CURVE ( 'NONE', #1332, #844, #508, .T. ) ;
#646 = ORIENTED_EDGE ( 'NONE', *, *, #112, .T. ) ;
#647 = AXIS2_PLACEMENT_3D ( 'NONE', #1139, #1840, #278 ) ;
#648 = CARTESIAN_POINT ( 'NONE',  ( -37.18671935318199218, 5.434527132421512974, 25.51586665186048819 ) ) ;
#649 = ORIENTED_EDGE ( 'NONE', *, *, #1204, .T. ) ;
#650 = CARTESIAN_POINT ( 'NONE',  ( -42.07901605703888492, -9.545472867578558507, 0.000000000000000000 ) ) ;
#651 = LINE ( 'NONE', #2152, #375 ) ;
#652 = APPROVAL_ROLE ( '' ) ;
#653 = PRODUCT_RELATED_PRODUCT_CATEGORY ( 'detail', '', ( #707 ) ) ;
#654 = CARTESIAN_POINT ( 'NONE',  ( -45.47901605703859929, -29.78547286757860135, 0.000000000000000000 ) ) ;
#655 = ORIENTED_EDGE ( 'NONE', *, *, #960, .T. ) ;
#656 = ADVANCED_FACE ( 'NONE', ( #1700 ), #1741, .F. ) ;
#657 = LINE ( 'NONE', #1924, #1064 ) ;
#658 = FACE_OUTER_BOUND ( 'NONE', #1176, .T. ) ;
#659 = CARTESIAN_POINT ( 'NONE',  ( -45.47901605703894035, -5.345472867578608067, 33.92586665186048833 ) ) ;
#660 = ORIENTED_EDGE ( 'NONE', *, *, #597, .F. ) ;
#661 = PLANE ( 'NONE',  #1580 ) ;
#662 = CARTESIAN_POINT ( 'NONE',  ( -5.686719353180873071, -63.18395596606077191, 31.51586665186033187 ) ) ;
#663 = DIRECTION ( 'NONE',  ( 1.000000000000000000, 1.396452398161329869E-14, -0.000000000000000000 ) ) ;
#664 = CARTESIAN_POINT ( 'NONE',  ( -45.47901605703888350, -9.545472867578604692, 0.000000000000000000 ) ) ;
#665 = VERTEX_POINT ( 'NONE', #149 ) ;
#666 = ORIENTED_EDGE ( 'NONE', *, *, #1687, .F. ) ;
#667 = DIRECTION ( 'NONE',  ( -1.486905836551602130E-14, 0.000000000000000000, 1.000000000000000000 ) ) ;
#668 = ORIENTED_EDGE ( 'NONE', *, *, #1856, .F. ) ;
#669 = ADVANCED_FACE ( 'NONE', ( #1915 ), #348, .T. ) ;
#670 = DIRECTION ( 'NONE',  ( 1.000000000000000000, 1.391185766331645727E-14, 0.000000000000000000 ) ) ;
#671 = ADVANCED_FACE ( 'NONE', ( #2076 ), #661, .T. ) ;
#672 = VECTOR ( 'NONE', #477, 1000.000000000000000 ) ;
#673 = CIRCLE ( 'NONE', #519, 0.8999999999999980238 ) ;
#674 = DIRECTION ( 'NONE',  ( -1.391185766331645727E-14, 1.000000000000000000, 0.000000000000000000 ) ) ;
#675 = VECTOR ( 'NONE', #634, 1000.000000000000000 ) ;
#676 = CARTESIAN_POINT ( 'NONE',  ( -35.07901605703889913, 0.4345271324215418951, 43.51586665186052727 ) ) ;
#677 = ORIENTED_EDGE ( 'NONE', *, *, #18, .T. ) ;
#678 = VECTOR ( 'NONE', #163, 1000.000000000000000 ) ;
#679 = CARTESIAN_POINT ( 'NONE',  ( -36.18671935318180033, 5.434527132421526296, 16.51586665186048464 ) ) ;
#680 = CARTESIAN_POINT ( 'NONE',  ( -37.18671935318180033, 5.434527132421512974, 17.51586665186048819 ) ) ;
#681 = VECTOR ( 'NONE', #1079, 1000.000000000000114 ) ;
#682 = VERTEX_POINT ( 'NONE', #483 ) ;
#683 = EDGE_CURVE ( 'NONE', #1887, #512, #999, .T. ) ;
#684 = DIRECTION ( 'NONE',  ( -1.396452398161329869E-14, 1.000000000000000000, 0.000000000000000000 ) ) ;
#685 = EDGE_CURVE ( 'NONE', #765, #728, #872, .T. ) ;
#686 = CARTESIAN_POINT ( 'NONE',  ( -42.07901605703889913, -8.345472867578557441, 18.11586665186048961 ) ) ;
#687 = CARTESIAN_POINT ( 'NONE',  ( -42.07901605703901282, -5.855026146345282341E-13, 23.91586665186049032 ) ) ;
#688 = ORIENTED_EDGE ( 'NONE', *, *, #916, .F. ) ;
#689 = LINE ( 'NONE', #1178, #1149 ) ;
#690 = VERTEX_POINT ( 'NONE', #1880 ) ;
#691 = DIRECTION ( 'NONE',  ( 0.000000000000000000, 0.000000000000000000, 1.000000000000000000 ) ) ;
#692 = CARTESIAN_POINT ( 'NONE',  ( -45.47901605703866323, -25.48547286757860419, 0.000000000000000000 ) ) ;
#693 = CARTESIAN_POINT ( 'NONE',  ( -45.47901605703890482, -7.945472867578605047, 15.41586665186049032 ) ) ;
#694 = EDGE_CURVE ( 'NONE', #2018, #899, #598, .T. ) ;
#695 = DIRECTION ( 'NONE',  ( 1.000000000000000000, 1.396452398161329869E-14, -0.000000000000000000 ) ) ;
#696 = VERTEX_POINT ( 'NONE', #1181 ) ;
#697 = EDGE_CURVE ( 'NONE', #188, #926, #158, .T. ) ;
#698 = DIRECTION ( 'NONE',  ( 1.391185766331645885E-14, -1.000000000000000000, 0.000000000000000000 ) ) ;
#699 = CARTESIAN_POINT ( 'NONE',  ( -37.47901605703853534, 0.4345271324215081998, 37.51586665186068359 ) ) ;
#700 = ORIENTED_EDGE ( 'NONE', *, *, #1403, .F. ) ;
#701 = CARTESIAN_POINT ( 'NONE',  ( -42.07901605703889203, -9.145472867578558152, 33.92586665186048833 ) ) ;
#702 = CARTESIAN_POINT ( 'NONE',  ( -45.47901605703888350, -9.545472867578604692, 0.000000000000000000 ) ) ;
#703 = ORIENTED_EDGE ( 'NONE', *, *, #1859, .F. ) ;
#704 = CARTESIAN_POINT ( 'NONE',  ( -42.07901605703864334, -26.78547286757855872, 18.11586665186048961 ) ) ;
#705 = AXIS2_PLACEMENT_3D ( 'NONE', #744, #1344, #1119 ) ;
#706 = VECTOR ( 'NONE', #983, 1000.000000000000000 ) ;
#707 = PRODUCT ( 'uc01板块', 'uc01板块', '', ( #1154 ) ) ;
#708 = EDGE_CURVE ( 'NONE', #1539, #271, #317, .T. ) ;
#709 = CARTESIAN_POINT ( 'NONE',  ( -37.18671935318178612, 5.434527132421512974, 45.51586665186047043 ) ) ;
#710 = VERTEX_POINT ( 'NONE', #2236 ) ;
#711 = VECTOR ( 'NONE', #1255, 1000.000000000000000 ) ;
#712 = ADVANCED_FACE ( 'NONE', ( #1536 ), #2067, .T. ) ;
#713 = DIRECTION ( 'NONE',  ( 1.000000000000000000, 1.396452398161329869E-14, -0.000000000000000000 ) ) ;
#714 = VERTEX_POINT ( 'NONE', #1891 ) ;
#715 = CIRCLE ( 'NONE', #1153, 0.8999999999999980238 ) ;
#716 = CARTESIAN_POINT ( 'NONE',  ( -45.47901605703862771, -28.08547286757860206, 15.41586665186049032 ) ) ;
#717 = CARTESIAN_POINT ( 'NONE',  ( -23.77677186830730705, 0.4345271324216997688, 46.51586665186061254 ) ) ;
#718 = ORIENTED_EDGE ( 'NONE', *, *, #35, .T. ) ;
#719 = FACE_OUTER_BOUND ( 'NONE', #1441, .T. ) ;
#720 = SHAPE_DEFINITION_REPRESENTATION ( #358, #1975 ) ;
#721 = CARTESIAN_POINT ( 'NONE',  ( -37.18671935318172217, 0.4345271324215124742, 45.51586665186047043 ) ) ;
#722 = EDGE_LOOP ( 'NONE', ( #93, #280, #148, #2089 ) ) ;
#723 = CARTESIAN_POINT ( 'NONE',  ( -45.47901605703883376, -12.75547286757860377, 0.000000000000000000 ) ) ;
#724 = ORIENTED_EDGE ( 'NONE', *, *, #1704, .T. ) ;
#725 = EDGE_CURVE ( 'NONE', #2001, #1299, #1020, .T. ) ;
#726 = CARTESIAN_POINT ( 'NONE',  ( -41.17901605703890056, -8.345472867578545006, 18.11586665186048961 ) ) ;
#727 = DIRECTION ( 'NONE',  ( -1.396452398161329711E-14, 1.000000000000000000, 0.000000000000000000 ) ) ;
#728 = VERTEX_POINT ( 'NONE', #1372 ) ;
#729 = CARTESIAN_POINT ( 'NONE',  ( -42.07901605703862913, -28.08547286757855588, 15.41586665186049032 ) ) ;
#730 = DIRECTION ( 'NONE',  ( 1.000000000000000000, 1.396452398161329869E-14, -0.000000000000000000 ) ) ;
#731 = EDGE_LOOP ( 'NONE', ( #359, #1276, #1775, #2075 ) ) ;
#732 = LINE ( 'NONE', #1425, #311 ) ;
#733 = ORIENTED_EDGE ( 'NONE', *, *, #1297, .F. ) ;
#734 = DIRECTION ( 'NONE',  ( 1.000000000000000000, 1.541976423090498631E-14, 0.000000000000000000 ) ) ;
#735 = CARTESIAN_POINT ( 'NONE',  ( -42.07901605703861492, -28.98547286757855090, 15.41586665186049032 ) ) ;
#736 = EDGE_CURVE ( 'NONE', #1113, #1539, #2242, .T. ) ;
#737 = ORIENTED_EDGE ( 'NONE', *, *, #1532, .T. ) ;
#738 = CARTESIAN_POINT ( 'NONE',  ( -45.47901605703901851, -6.329819961720134443E-13, 40.21586665186048748 ) ) ;
#739 = EDGE_CURVE ( 'NONE', #1387, #959, #2174, .T. ) ;
#740 = DIRECTION ( 'NONE',  ( -1.184937450883940121E-29, 8.517463875499873007E-16, 1.000000000000000000 ) ) ;
#741 = VERTEX_POINT ( 'NONE', #1236 ) ;
#742 = VECTOR ( 'NONE', #1649, 1000.000000000000000 ) ;
#743 = VECTOR ( 'NONE', #1672, 1000.000000000000000 ) ;
#744 = CARTESIAN_POINT ( 'NONE',  ( -42.07901605703889913, -8.345472867578557441, 18.11586665186048961 ) ) ;
#745 = FACE_OUTER_BOUND ( 'NONE', #1851, .T. ) ;
#746 = CARTESIAN_POINT ( 'NONE',  ( -45.47901605703901851, -6.328766635354198151E-13, 0.000000000000000000 ) ) ;
#747 = ORIENTED_EDGE ( 'NONE', *, *, #1856, .T. ) ;
#748 = CIRCLE ( 'NONE', #101, 0.8999999999999980238 ) ;
#749 = MANIFOLD_SOLID_BREP ( '移动面8', #1723 ) ;
#750 = CARTESIAN_POINT ( 'NONE',  ( -45.47901605703859929, -29.78547286757860135, 37.91586665186049743 ) ) ;
#751 = CYLINDRICAL_SURFACE ( 'NONE', #1950, 0.8999999999999980238 ) ;
#752 = AXIS2_PLACEMENT_3D ( 'NONE', #905, #1914, #347 ) ;
#753 = EDGE_CURVE ( 'NONE', #84, #1503, #49, .T. ) ;
#754 = CIRCLE ( 'NONE', #2033, 0.8999999999999945821 ) ;
#755 = VERTEX_POINT ( 'NONE', #735 ) ;
#756 = LINE ( 'NONE', #217, #1842 ) ;
#757 = ADVANCED_FACE ( 'NONE', ( #2146 ), #751, .F. ) ;
#758 = CARTESIAN_POINT ( 'NONE',  ( -40.07901605703814596, -63.18395596606126219, 25.51586665186049174 ) ) ;
#759 = ORIENTED_EDGE ( 'NONE', *, *, #1742, .F. ) ;
#760 = DIRECTION ( 'NONE',  ( -1.000000000000000000, -1.396550468419184373E-14, -0.000000000000000000 ) ) ;
#761 = DIRECTION ( 'NONE',  ( -1.000000000000000000, -1.396538683850549207E-14, 0.000000000000000000 ) ) ;
#762 = ORIENTED_EDGE ( 'NONE', *, *, #685, .F. ) ;
#763 = FACE_OUTER_BOUND ( 'NONE', #45, .T. ) ;
#764 = CARTESIAN_POINT ( 'NONE',  ( -36.18671935318177901, 5.434527132421526296, 46.51586665186048464 ) ) ;
#765 = VERTEX_POINT ( 'NONE', #356 ) ;
#766 = DIRECTION ( 'NONE',  ( -1.000000000000000000, -1.396369704775292954E-14, 0.000000000000000000 ) ) ;
#767 = CARTESIAN_POINT ( 'NONE',  ( -42.07901605703888492, -9.545472867578558507, 19.71586665186048748 ) ) ;
#768 = EDGE_CURVE ( 'NONE', #1976, #1220, #1579, .T. ) ;
#769 = EDGE_LOOP ( 'NONE', ( #388, #1582 ) ) ;
#770 = CARTESIAN_POINT ( 'NONE',  ( -35.11901605703903329, 0.4345271324215413955, 19.51586665186048464 ) ) ;
#771 = FACE_OUTER_BOUND ( 'NONE', #867, .T. ) ;
#772 = ADVANCED_FACE ( 'NONE', ( #60 ), #1948, .T. ) ;
#773 = ORIENTED_EDGE ( 'NONE', *, *, #900, .F. ) ;
#774 = LINE ( 'NONE', #109, #1399 ) ;
#775 = CYLINDRICAL_SURFACE ( 'NONE', #1991, 0.8999999999999945821 ) ;
#776 = ORIENTED_EDGE ( 'NONE', *, *, #697, .F. ) ;
#777 = DIRECTION ( 'NONE',  ( 0.000000000000000000, 0.000000000000000000, -1.000000000000000000 ) ) ;
#778 = DIRECTION ( 'NONE',  ( 1.541976423090504626E-14, -1.000000000000000000, 0.000000000000000000 ) ) ;
#779 = VERTEX_POINT ( 'NONE', #41 ) ;
#780 = EDGE_CURVE ( 'NONE', #1402, #861, #1076, .T. ) ;
#781 = FACE_OUTER_BOUND ( 'NONE', #1911, .T. ) ;
#782 = CARTESIAN_POINT ( 'NONE',  ( -40.07901605703814596, -63.18395596606126219, 37.51586665186047043 ) ) ;
#783 = CIRCLE ( 'NONE', #2058, 0.8999999999999980238 ) ;
#784 = VERTEX_POINT ( 'NONE', #1964 ) ;
#785 = EDGE_CURVE ( 'NONE', #899, #1402, #393, .T. ) ;
#786 = AXIS2_PLACEMENT_3D ( 'NONE', #2023, #1467, #1504 ) ;
#787 = PLANE ( 'NONE',  #526 ) ;
#788 = LINE ( 'NONE', #1835, #1844 ) ;
#789 = ORIENTED_EDGE ( 'NONE', *, *, #1647, .T. ) ;
#790 = AXIS2_PLACEMENT_3D ( 'NONE', #190, #406, #1096 ) ;
#791 = CIRCLE ( 'NONE', #1071, 23.59999999999999432 ) ;
#792 = ORIENTED_EDGE ( 'NONE', *, *, #527, .F. ) ;
#793 = DIRECTION ( 'NONE',  ( -1.000000000000000000, -1.387778780781444413E-14, 0.000000000000000000 ) ) ;
#794 = VECTOR ( 'NONE', #44, 1000.000000000000000 ) ;
#795 = APPROVAL_PERSON_ORGANIZATION ( #468, #845, #652 ) ;
#796 = ORIENTED_EDGE ( 'NONE', *, *, #1095, .F. ) ;
#797 = CARTESIAN_POINT ( 'NONE',  ( -45.47901605703901851, -6.329819961720134443E-13, 21.70586665186048947 ) ) ;
#798 = VERTEX_POINT ( 'NONE', #530 ) ;
#799 = DIRECTION ( 'NONE',  ( -1.391185766331645885E-14, 1.000000000000000000, -0.000000000000000000 ) ) ;
#800 = DIRECTION ( 'NONE',  ( -1.396452398161330027E-14, 1.000000000000000000, 0.000000000000000000 ) ) ;
#801 = EDGE_CURVE ( 'NONE', #113, #1818, #579, .T. ) ;
#802 = ORIENTED_EDGE ( 'NONE', *, *, #1097, .F. ) ;
#803 = LINE ( 'NONE', #1516, #1326 ) ;
#804 = APPLICATION_PROTOCOL_DEFINITION ( 'international standard', 'config_control_design', 1994, #1486 ) ;
#805 = CARTESIAN_POINT ( 'NONE',  ( -5.686719353181761250, 0.4345271324219524001, 31.51586665186033187 ) ) ;
#806 = ORIENTED_EDGE ( 'NONE', *, *, #90, .F. ) ;
#807 = CARTESIAN_POINT ( 'NONE',  ( -4.065129846300731487, -5.345472867578028087, 13.51586665186048819 ) ) ;
#808 = ORIENTED_EDGE ( 'NONE', *, *, #1095, .T. ) ;
#809 = EDGE_CURVE ( 'NONE', #1836, #1900, #1068, .T. ) ;
#810 = ORIENTED_EDGE ( 'NONE', *, *, #145, .T. ) ;
#811 = CARTESIAN_POINT ( 'NONE',  ( -26.00813662659050252, 0.4345271324216686271, 43.51586665186052727 ) ) ;
#812 = EDGE_CURVE ( 'NONE', #178, #1329, #26, .T. ) ;
#813 = DIRECTION ( 'NONE',  ( 1.000000000000000000, 1.387778780781445676E-14, -0.000000000000000000 ) ) ;
#814 = DIRECTION ( 'NONE',  ( -1.000000000000000000, 0.000000000000000000, 0.000000000000000000 ) ) ;
#815 = ORIENTED_EDGE ( 'NONE', *, *, #403, .F. ) ;
#816 = FACE_BOUND ( 'NONE', #1608, .T. ) ;
#817 = ORIENTED_EDGE ( 'NONE', *, *, #1237, .T. ) ;
#818 = AXIS2_PLACEMENT_3D ( 'NONE', #554, #1609, #228 ) ;
#819 = FACE_OUTER_BOUND ( 'NONE', #1316, .T. ) ;
#820 = AXIS2_PLACEMENT_3D ( 'NONE', #1999, #600, #942 ) ;
#821 = AXIS2_PLACEMENT_3D ( 'NONE', #1928, #1381, #40 ) ;
#822 = LINE ( 'NONE', #1303, #1286 ) ;
#823 = VECTOR ( 'NONE', #939, 1000.000000000000000 ) ;
#824 = EDGE_CURVE ( 'NONE', #610, #1299, #551, .T. ) ;
#825 = VECTOR ( 'NONE', #1705, 1000.000000000000000 ) ;
#826 = CYLINDRICAL_SURFACE ( 'NONE', #1334, 0.9000000000000005773 ) ;
#827 = EDGE_LOOP ( 'NONE', ( #466, #1821, #19, #2013 ) ) ;
#828 = CC_DESIGN_APPROVAL ( #1014, ( #1959 ) ) ;
#829 = ORIENTED_EDGE ( 'NONE', *, *, #2235, .T. ) ;
#830 = LINE ( 'NONE', #1865, #1875 ) ;
#831 = ORIENTED_EDGE ( 'NONE', *, *, #254, .T. ) ;
#832 = DIRECTION ( 'NONE',  ( 1.000000000000000000, 0.000000000000000000, -0.000000000000000000 ) ) ;
#833 = LINE ( 'NONE', #533, #851 ) ;
#834 = LINE ( 'NONE', #2229, #531 ) ;
#835 = EDGE_CURVE ( 'NONE', #1923, #1023, #1227, .T. ) ;
#836 = CARTESIAN_POINT ( 'NONE',  ( -46.67901605703858792, -30.78547286757862267, 13.51586665186048819 ) ) ;
#837 = VERTEX_POINT ( 'NONE', #1418 ) ;
#838 = ADVANCED_FACE ( 'NONE', ( #1086 ), #928, .T. ) ;
#839 = CARTESIAN_POINT ( 'NONE',  ( -42.07901605703893466, -6.145472867578556375, 15.41586665186049032 ) ) ;
#840 = ORIENTED_EDGE ( 'NONE', *, *, #398, .F. ) ;
#841 = CARTESIAN_POINT ( 'NONE',  ( -45.47901605703901851, -6.329819961720134443E-13, 21.70586665186048947 ) ) ;
#842 = DIRECTION ( 'NONE',  ( -1.391185766331645885E-14, 1.000000000000000000, 0.000000000000000000 ) ) ;
#843 = CARTESIAN_POINT ( 'NONE',  ( -45.47901605703894035, -5.345472867578603626, 21.70586665186048947 ) ) ;
#844 = VERTEX_POINT ( 'NONE', #75 ) ;
#845 = APPROVAL ( #2219, '未指定' ) ;
#846 = DIRECTION ( 'NONE',  ( -1.396452398161329711E-14, 1.000000000000000000, 0.000000000000000000 ) ) ;
#847 = CARTESIAN_POINT ( 'NONE',  ( -42.07901605703901282, -5.855026146345282341E-13, 33.92586665186048833 ) ) ;
#848 = ORIENTED_EDGE ( 'NONE', *, *, #1798, .F. ) ;
#849 = EDGE_CURVE ( 'NONE', #271, #407, #748, .T. ) ;
#850 = CARTESIAN_POINT ( 'NONE',  ( -41.17901605703865897, -26.78547286757854451, 44.51586665186049174 ) ) ;
#851 = VECTOR ( 'NONE', #1021, 1000.000000000000000 ) ;
#852 = AXIS2_PLACEMENT_3D ( 'NONE', #662, #1569, #141 ) ;
#853 = CARTESIAN_POINT ( 'NONE',  ( -42.07901605703894177, -5.345472867578556553, 49.51586665186048464 ) ) ;
#854 = PERSON_AND_ORGANIZATION_ROLE ( 'creator' ) ;
#855 = VECTOR ( 'NONE', #2096, 1000.000000000000000 ) ;
#856 = VECTOR ( 'NONE', #1737, 1000.000000000000000 ) ;
#857 = CARTESIAN_POINT ( 'NONE',  ( -45.47901605703888350, -9.545472867578604692, 13.51586665186048819 ) ) ;
#858 = ORIENTED_EDGE ( 'NONE', *, *, #285, .T. ) ;
#859 = AXIS2_PLACEMENT_3D ( 'NONE', #83, #2189, #72 ) ;
#860 = DIRECTION ( 'NONE',  ( -1.391185766331645885E-14, 1.000000000000000000, 0.000000000000000000 ) ) ;
#861 = VERTEX_POINT ( 'NONE', #717 ) ;
#862 = DIRECTION ( 'NONE',  ( -0.3713906763541036660, -5.186839989651266377E-15, 0.9284766908852593037 ) ) ;
#863 = EDGE_CURVE ( 'NONE', #2144, #861, #541, .T. ) ;
#864 = DIRECTION ( 'NONE',  ( 1.000000000000000000, 1.541976423090498631E-14, 0.000000000000000000 ) ) ;
#865 = EDGE_CURVE ( 'NONE', #2144, #1994, #2209, .T. ) ;
#866 = DIRECTION ( 'NONE',  ( 1.391185766331645727E-14, -1.000000000000000000, 0.000000000000000000 ) ) ;
#867 = EDGE_LOOP ( 'NONE', ( #2241, #451, #422, #1643 ) ) ;
#868 = DIRECTION ( 'NONE',  ( -1.396452398161329711E-14, 1.000000000000000000, 0.000000000000000000 ) ) ;
#869 = DIRECTION ( 'NONE',  ( -1.000000000000000000, -1.349229370204186223E-14, 0.000000000000000000 ) ) ;
#870 = EDGE_LOOP ( 'NONE', ( #1897, #1648, #1694, #1778 ) ) ;
#871 = CARTESIAN_POINT ( 'NONE',  ( -42.07901605703864334, -27.18547286757856085, 47.61586665186048606 ) ) ;
#872 = LINE ( 'NONE', #1042, #2173 ) ;
#873 = EDGE_CURVE ( 'NONE', #402, #2171, #1217, .T. ) ;
#874 = FACE_OUTER_BOUND ( 'NONE', #1659, .T. ) ;
#875 = PERSON_AND_ORGANIZATION ( #1505, #2251 ) ;
#876 = EDGE_CURVE ( 'NONE', #303, #1454, #1491, .T. ) ;
#877 = DIRECTION ( 'NONE',  ( 1.391185766331645885E-14, -1.000000000000000000, 0.000000000000000000 ) ) ;
#878 = ORIENTED_EDGE ( 'NONE', *, *, #1158, .F. ) ;
#879 = LINE ( 'NONE', #1233, #344 ) ;
#880 = ORIENTED_EDGE ( 'NONE', *, *, #835, .F. ) ;
#881 = PLANE ( 'NONE',  #241 ) ;
#882 = DIRECTION ( 'NONE',  ( 0.000000000000000000, 0.000000000000000000, 1.000000000000000000 ) ) ;
#883 = VERTEX_POINT ( 'NONE', #589 ) ;
#884 = DIRECTION ( 'NONE',  ( 1.000000000000000000, 0.000000000000000000, -0.000000000000000000 ) ) ;
#885 = COORDINATED_UNIVERSAL_TIME_OFFSET ( 8, 0, .AHEAD. ) ;
#886 = VECTOR ( 'NONE', #1393, 1000.000000000000000 ) ;
#887 = DIRECTION ( 'NONE',  ( -1.000000000000000000, -1.391185766331645727E-14, 0.000000000000000000 ) ) ;
#888 = ADVANCED_FACE ( 'NONE', ( #1328 ), #1160, .T. ) ;
#889 = ORIENTED_EDGE ( 'NONE', *, *, #1647, .F. ) ;
#890 = AXIS2_PLACEMENT_3D ( 'NONE', #495, #1533, #323 ) ;
#891 = PLANE ( 'NONE',  #969 ) ;
#892 = EDGE_LOOP ( 'NONE', ( #2140, #42, #54, #2117, #1148, #596 ) ) ;
#893 = AXIS2_PLACEMENT_3D ( 'NONE', #1520, #1355, #2221 ) ;
#894 = DIRECTION ( 'NONE',  ( 1.391185766331645885E-14, -1.000000000000000000, 0.000000000000000000 ) ) ;
#895 = CARTESIAN_POINT ( 'NONE',  ( -23.77677186830737455, 5.434527132421700379, 46.51586665186061254 ) ) ;
#896 = EDGE_LOOP ( 'NONE', ( #889, #1829 ) ) ;
#897 = PLANE ( 'NONE',  #129 ) ;
#898 = LINE ( 'NONE', #1230, #794 ) ;
#899 = VERTEX_POINT ( 'NONE', #1123 ) ;
#900 = EDGE_CURVE ( 'NONE', #2191, #1332, #444, .T. ) ;
#901 = CARTESIAN_POINT ( 'NONE',  ( -46.67901605703860213, -29.78547286757861912, 13.51586665186048819 ) ) ;
#902 = DIRECTION ( 'NONE',  ( 0.000000000000000000, 0.000000000000000000, -1.000000000000000000 ) ) ;
#903 = ORIENTED_EDGE ( 'NONE', *, *, #1742, .T. ) ;
#904 = ADVANCED_FACE ( 'NONE', ( #273 ), #2182, .T. ) ;
#905 = CARTESIAN_POINT ( 'NONE',  ( -36.18671935318180033, 5.434527132421526296, 17.51586665186048819 ) ) ;
#906 = CARTESIAN_POINT ( 'NONE',  ( -42.07901605703897019, -4.345472867578557441, 44.51586665186049174 ) ) ;
#907 = ORIENTED_EDGE ( 'NONE', *, *, #768, .T. ) ;
#908 = DIRECTION ( 'NONE',  ( -1.541976423090504626E-14, 1.000000000000000000, 0.000000000000000000 ) ) ;
#909 = CARTESIAN_POINT ( 'NONE',  ( -37.18671935318141664, 0.4345271324215125297, 24.78512489221643023 ) ) ;
#910 = ORIENTED_EDGE ( 'NONE', *, *, #1798, .T. ) ;
#911 = LINE ( 'NONE', #782, #2214 ) ;
#912 = LINE ( 'NONE', #1072, #1331 ) ;
#913 = ORIENTED_EDGE ( 'NONE', *, *, #171, .F. ) ;
#914 = PLANE ( 'NONE',  #2176 ) ;
#915 = DIRECTION ( 'NONE',  ( 1.391185766331645727E-14, -1.000000000000000000, 0.000000000000000000 ) ) ;
#916 = EDGE_CURVE ( 'NONE', #755, #543, #1695, .T. ) ;
#917 = ORIENTED_EDGE ( 'NONE', *, *, #2195, .F. ) ;
#918 = LINE ( 'NONE', #1619, #706 ) ;
#919 = CIRCLE ( 'NONE', #2024, 0.8999999999999980238 ) ;
#920 = DIRECTION ( 'NONE',  ( 1.391185766331645727E-14, -1.000000000000000000, 0.000000000000000000 ) ) ;
#921 = ORIENTED_EDGE ( 'NONE', *, *, #2081, .T. ) ;
#922 = VECTOR ( 'NONE', #1656, 1000.000000000000000 ) ;
#923 = CIRCLE ( 'NONE', #415, 23.59999999999999432 ) ;
#924 = DIRECTION ( 'NONE',  ( 1.000000000000000000, 1.396452398161329869E-14, -0.000000000000000000 ) ) ;
#925 = CARTESIAN_POINT ( 'NONE',  ( -42.07901605703860071, -30.78547286757855872, 44.51586665186049174 ) ) ;
#926 = VERTEX_POINT ( 'NONE', #432 ) ;
#927 = VECTOR ( 'NONE', #882, 1000.000000000000000 ) ;
#928 = PLANE ( 'NONE',  #132 ) ;
#929 = AXIS2_PLACEMENT_3D ( 'NONE', #746, #46, #1440 ) ;
#930 = AXIS2_PLACEMENT_3D ( 'NONE', #299, #1854, #2059 ) ;
#931 = ADVANCED_FACE ( 'NONE', ( #1812 ), #287, .F. ) ;
#932 = ORIENTED_EDGE ( 'NONE', *, *, #1180, .F. ) ;
#933 = CARTESIAN_POINT ( 'NONE',  ( -42.07901605703891335, -8.345472867578557441, 44.51586665186049174 ) ) ;
#934 = APPROVAL_PERSON_ORGANIZATION ( #545, #1014, #1919 ) ;
#935 = EDGE_CURVE ( 'NONE', #51, #2234, #85, .T. ) ;
#936 = DIRECTION ( 'NONE',  ( 1.391185766331645885E-14, -1.000000000000000000, 0.000000000000000000 ) ) ;
#937 = ORIENTED_EDGE ( 'NONE', *, *, #2223, .F. ) ;
#938 = PLANE ( 'NONE',  #20 ) ;
#939 = DIRECTION ( 'NONE',  ( 0.000000000000000000, 0.000000000000000000, 1.000000000000000000 ) ) ;
#940 = ORIENTED_EDGE ( 'NONE', *, *, #2015, .F. ) ;
#941 = FACE_OUTER_BOUND ( 'NONE', #982, .T. ) ;
#942 = DIRECTION ( 'NONE',  ( 1.486905836551602130E-14, 0.000000000000000000, -1.000000000000000000 ) ) ;
#943 = ORIENTED_EDGE ( 'NONE', *, *, #2081, .F. ) ;
#944 = VERTEX_POINT ( 'NONE', #2032 ) ;
#945 = DIRECTION ( 'NONE',  ( 1.541976423090504626E-14, -1.000000000000000000, 0.000000000000000000 ) ) ;
#946 = ADVANCED_FACE ( 'NONE', ( #1676 ), #775, .F. ) ;
#947 = CARTESIAN_POINT ( 'NONE',  ( -42.97901605703858507, -30.78547286757857293, 18.11586665186048961 ) ) ;
#948 = ORIENTED_EDGE ( 'NONE', *, *, #1712, .T. ) ;
#949 = EDGE_CURVE ( 'NONE', #883, #1836, #2168, .T. ) ;
#950 = CARTESIAN_POINT ( 'NONE',  ( -45.47901605703891903, -7.045472867578604692, 15.41586665186049032 ) ) ;
#951 = DIRECTION ( 'NONE',  ( 1.391185766331645885E-14, -1.000000000000000000, 0.000000000000000000 ) ) ;
#952 = ORIENTED_EDGE ( 'NONE', *, *, #1460, .T. ) ;
#953 = FACE_OUTER_BOUND ( 'NONE', #587, .T. ) ;
#954 = CARTESIAN_POINT ( 'NONE',  ( -45.47901605703867034, -24.95547286757860306, 49.51586665186048464 ) ) ;
#955 = ORIENTED_EDGE ( 'NONE', *, *, #1070, .F. ) ;
#956 = ORIENTED_EDGE ( 'NONE', *, *, #1939, .T. ) ;
#957 = CARTESIAN_POINT ( 'NONE',  ( -42.07901605703901282, -5.855026146345282341E-13, 19.71586665186048748 ) ) ;
#958 = DIRECTION ( 'NONE',  ( 1.541976423090504626E-14, -1.000000000000000000, 0.000000000000000000 ) ) ;
#959 = VERTEX_POINT ( 'NONE', #979 ) ;
#960 = EDGE_CURVE ( 'NONE', #1973, #1402, #562, .T. ) ;
#961 = CARTESIAN_POINT ( 'NONE',  ( -40.07901605703900572, 0.4345271324214727282, 25.51586665186049174 ) ) ;
#962 = CYLINDRICAL_SURFACE ( 'NONE', #346, 23.50000000000000000 ) ;
#963 = VECTOR ( 'NONE', #2163, 1000.000000000000000 ) ;
#964 = ORIENTED_EDGE ( 'NONE', *, *, #1348, .F. ) ;
#965 = AXIS2_PLACEMENT_3D ( 'NONE', #87, #1152, #114 ) ;
#966 = LINE ( 'NONE', #2167, #27 ) ;
#967 = FACE_OUTER_BOUND ( 'NONE', #2155, .T. ) ;
#968 = VECTOR ( 'NONE', #261, 1000.000000000000000 ) ;
#969 = AXIS2_PLACEMENT_3D ( 'NONE', #401, #1058, #1759 ) ;
#970 = EDGE_LOOP ( 'NONE', ( #943, #1677, #1541, #1671 ) ) ;
#971 = PLANE ( 'NONE',  #1359 ) ;
#972 = AXIS2_PLACEMENT_3D ( 'NONE', #441, #1314, #1650 ) ;
#973 = LOCAL_TIME ( 15, 25, 48.00000000000000000, #362 ) ;
#974 = VERTEX_POINT ( 'NONE', #125 ) ;
#975 = LINE ( 'NONE', #1165, #607 ) ;
#976 = ORIENTED_EDGE ( 'NONE', *, *, #320, .F. ) ;
#977 = EDGE_CURVE ( 'NONE', #2115, #1368, #1295, .T. ) ;
#978 = LINE ( 'NONE', #750, #1878 ) ;
#979 = CARTESIAN_POINT ( 'NONE',  ( -42.07901605703861492, -28.98547286757855090, 47.61586665186048606 ) ) ;
#980 = ORIENTED_EDGE ( 'NONE', *, *, #1726, .F. ) ;
#981 = ADVANCED_FACE ( 'NONE', ( #967 ), #1306, .T. ) ;
#982 = EDGE_LOOP ( 'NONE', ( #1556, #325, #2134, #1189, #252 ) ) ;
#983 = DIRECTION ( 'NONE',  ( -1.396452398161329711E-14, 1.000000000000000000, 0.000000000000000000 ) ) ;
#984 = DIRECTION ( 'NONE',  ( -1.391185766331645727E-14, 1.000000000000000000, 0.000000000000000000 ) ) ;
#985 = VERTEX_POINT ( 'NONE', #954 ) ;
#986 = DIRECTION ( 'NONE',  ( -1.000000000000000000, -1.398620802506299458E-14, 0.000000000000000000 ) ) ;
#987 = PRODUCT_DEFINITION ( '未知', '', #1959, #161 ) ;
#988 = VERTEX_POINT ( 'NONE', #95 ) ;
#989 = ORIENTED_EDGE ( 'NONE', *, *, #725, .T. ) ;
#990 = CARTESIAN_POINT ( 'NONE',  ( -42.07901605703889913, -8.345472867578557441, 18.11586665186048961 ) ) ;
#991 = EDGE_CURVE ( 'NONE', #1679, #2022, #788, .T. ) ;
#992 = PERSON_AND_ORGANIZATION ( #1505, #2251 ) ;
#993 = LINE ( 'NONE', #1693, #1850 ) ;
#994 = ORIENTED_EDGE ( 'NONE', *, *, #112, .F. ) ;
#995 = CARTESIAN_POINT ( 'NONE',  ( -5.686719353181761250, 0.4345271324219524001, 31.51586665186033187 ) ) ;
#996 = FACE_OUTER_BOUND ( 'NONE', #892, .T. ) ;
#997 = ORIENTED_EDGE ( 'NONE', *, *, #2184, .T. ) ;
#998 = AXIS2_PLACEMENT_3D ( 'NONE', #2014, #1680, #126 ) ;
#999 = LINE ( 'NONE', #1559, #1912 ) ;
#1000 = VECTOR ( 'NONE', #1668, 1000.000000000000000 ) ;
#1001 = EDGE_CURVE ( 'NONE', #322, #1887, #2201, .T. ) ;
#1002 = VECTOR ( 'NONE', #431, 1000.000000000000000 ) ;
#1003 = LINE ( 'NONE', #1639, #963 ) ;
#1004 = CARTESIAN_POINT ( 'NONE',  ( -42.97901605703864192, -26.78547286757857293, 18.11586665186048961 ) ) ;
#1005 = AXIS2_PLACEMENT_3D ( 'NONE', #373, #1367, #329 ) ;
#1006 = ADVANCED_FACE ( 'NONE', ( #625 ), #1318, .T. ) ;
#1007 = LINE ( 'NONE', #510, #528 ) ;
#1008 = ORIENTED_EDGE ( 'NONE', *, *, #1416, .F. ) ;
#1009 = CARTESIAN_POINT ( 'NONE',  ( -45.47901605703867034, -24.95547286757858529, -9.309859061825743181E-15 ) ) ;
#1010 = ORIENTED_EDGE ( 'NONE', *, *, #785, .F. ) ;
#1011 = CARTESIAN_POINT ( 'NONE',  ( -37.47901605703903982, 0.4345271324215084219, 25.51586665186048819 ) ) ;
#1012 = CARTESIAN_POINT ( 'NONE',  ( -5.686719353180873071, -63.18395596606077191, 31.51586665186033187 ) ) ;
#1013 = CARTESIAN_POINT ( 'NONE',  ( -37.47901605703853534, -35.56547286757849236, 25.51586665186048819 ) ) ;
#1014 = APPROVAL ( #2101, '未指定' ) ;
#1015 = LINE ( 'NONE', #1336, #1074 ) ;
#1016 = EDGE_CURVE ( 'NONE', #1368, #1708, #830, .T. ) ;
#1017 = ORIENTED_EDGE ( 'NONE', *, *, #1040, .F. ) ;
#1018 = CARTESIAN_POINT ( 'NONE',  ( -45.47901605703889061, -9.145472867578634535, 7.789623477395985058E-15 ) ) ;
#1019 = ORIENTED_EDGE ( 'NONE', *, *, #1016, .F. ) ;
#1020 = LINE ( 'NONE', #1719, #1330 ) ;
#1021 = DIRECTION ( 'NONE',  ( -1.000000000000000000, -1.491937061898802475E-14, 0.000000000000000000 ) ) ;
#1022 = DIRECTION ( 'NONE',  ( -1.000000000000000000, -1.396538683850549207E-14, 0.000000000000000000 ) ) ;
#1023 = VERTEX_POINT ( 'NONE', #1341 ) ;
#1024 = ADVANCED_FACE ( 'NONE', ( #2213, #816, #996 ), #1524, .T. ) ;
#1025 = CARTESIAN_POINT ( 'NONE',  ( -37.18671935318199218, 5.434527132421512974, 37.51586665186068359 ) ) ;
#1026 = ORIENTED_EDGE ( 'NONE', *, *, #935, .F. ) ;
#1027 = DIRECTION ( 'NONE',  ( 1.391185766331645727E-14, -1.000000000000000000, 0.000000000000000000 ) ) ;
#1028 = CIRCLE ( 'NONE', #2170, 0.8999999999999998002 ) ;
#1029 = VECTOR ( 'NONE', #777, 1000.000000000000000 ) ;
#1030 = FACE_OUTER_BOUND ( 'NONE', #580, .T. ) ;
#1031 = VECTOR ( 'NONE', #860, 1000.000000000000000 ) ;
#1032 = AXIS2_PLACEMENT_3D ( 'NONE', #1370, #1565, #2143 ) ;
#1033 = FACE_OUTER_BOUND ( 'NONE', #1136, .T. ) ;
#1034 = ORIENTED_EDGE ( 'NONE', *, *, #143, .T. ) ;
#1035 = VECTOR ( 'NONE', #887, 1000.000000000000000 ) ;
#1036 = CARTESIAN_POINT ( 'NONE',  ( -4.065129846300745697, -4.345472867578028087, 49.51586665186048464 ) ) ;
#1037 = CARTESIAN_POINT ( 'NONE',  ( -37.18671935318161559, 0.4345271324215125297, 38.51586665186071912 ) ) ;
#1038 = VECTOR ( 'NONE', #740, 1000.000000000000000 ) ;
#1039 = VERTEX_POINT ( 'NONE', #342 ) ;
#1040 = EDGE_CURVE ( 'NONE', #1450, #665, #302, .T. ) ;
#1041 = CARTESIAN_POINT ( 'NONE',  ( -37.18671935318160848, 0.4345271324215125297, 38.24660841150401325 ) ) ;
#1042 = CARTESIAN_POINT ( 'NONE',  ( -46.67901605703894319, -5.345472867578621390, 49.51586665186048464 ) ) ;
#1043 = EDGE_CURVE ( 'NONE', #1406, #505, #1707, .T. ) ;
#1044 = CARTESIAN_POINT ( 'NONE',  ( -45.47901605703901851, -6.329819961720134443E-13, 13.51586665186048819 ) ) ;
#1045 = PLANE ( 'NONE',  #1296 ) ;
#1046 = VERTEX_POINT ( 'NONE', #138 ) ;
#1047 = CARTESIAN_POINT ( 'NONE',  ( -45.47901605703883376, -12.75547286757860377, 19.71586665186048748 ) ) ;
#1048 = DIRECTION ( 'NONE',  ( 1.396452398161329869E-14, -1.000000000000000000, 0.000000000000000000 ) ) ;
#1049 = ORIENTED_EDGE ( 'NONE', *, *, #369, .T. ) ;
#1050 = DIRECTION ( 'NONE',  ( -1.391185766331645885E-14, 1.000000000000000000, -2.896032514151597832E-16 ) ) ;
#1051 = CARTESIAN_POINT ( 'NONE',  ( -45.47901605703883376, -12.75547286757860377, 0.000000000000000000 ) ) ;
#1052 = EDGE_CURVE ( 'NONE', #4, #2183, #2225, .T. ) ;
#1053 = ORIENTED_EDGE ( 'NONE', *, *, #1813, .F. ) ;
#1054 = PLANE ( 'NONE',  #2129 ) ;
#1055 = COORDINATED_UNIVERSAL_TIME_OFFSET ( 8, 0, .AHEAD. ) ;
#1056 = LINE ( 'NONE', #857, #1365 ) ;
#1057 = ORIENTED_EDGE ( 'NONE', *, *, #753, .T. ) ;
#1058 = DIRECTION ( 'NONE',  ( 0.000000000000000000, 0.000000000000000000, -1.000000000000000000 ) ) ;
#1059 = VERTEX_POINT ( 'NONE', #659 ) ;
#1060 = CARTESIAN_POINT ( 'NONE',  ( -35.11901605703814511, -63.18395596606119113, 19.51586665186048464 ) ) ;
#1061 = DIRECTION ( 'NONE',  ( 1.000000000000000000, 1.396452398161329869E-14, -0.000000000000000000 ) ) ;
#1062 = ORIENTED_EDGE ( 'NONE', *, *, #1521, .T. ) ;
#1063 = CARTESIAN_POINT ( 'NONE',  ( -45.47901605703859929, -29.78547286757860135, 0.000000000000000000 ) ) ;
#1064 = VECTOR ( 'NONE', #1909, 1000.000000000000000 ) ;
#1065 = EDGE_CURVE ( 'NONE', #2194, #414, #332, .T. ) ;
#1066 = AXIS2_PLACEMENT_3D ( 'NONE', #990, #1333, #1688 ) ;
#1067 = DIRECTION ( 'NONE',  ( -5.337610695313256118E-15, -7.453719255921759403E-29, 1.000000000000000000 ) ) ;
#1068 = CIRCLE ( 'NONE', #2062, 0.8999999999999980238 ) ;
#1069 = VERTEX_POINT ( 'NONE', #648 ) ;
#1070 = EDGE_CURVE ( 'NONE', #1238, #741, #1168, .T. ) ;
#1071 = AXIS2_PLACEMENT_3D ( 'NONE', #2224, #1167, #1523 ) ;
#1072 = CARTESIAN_POINT ( 'NONE',  ( -40.07901605703858650, -30.78547286757853030, 13.51586665186048819 ) ) ;
#1073 = ORIENTED_EDGE ( 'NONE', *, *, #873, .T. ) ;
#1074 = VECTOR ( 'NONE', #1674, 1000.000000000000000 ) ;
#1075 = CARTESIAN_POINT ( 'NONE',  ( -42.07901605703901282, -5.855026146345282341E-13, 40.21586665186048748 ) ) ;
#1076 = LINE ( 'NONE', #1751, #1214 ) ;
#1077 = EDGE_LOOP ( 'NONE', ( #2111, #474 ) ) ;
#1078 = CARTESIAN_POINT ( 'NONE',  ( -45.47901605703901851, -6.329819961720134443E-13, 49.51586665186048464 ) ) ;
#1079 = DIRECTION ( 'NONE',  ( -0.3713906763541036660, -5.186839989651266377E-15, 0.9284766908852593037 ) ) ;
#1080 = ORIENTED_EDGE ( 'NONE', *, *, #67, .F. ) ;
#1081 = ADVANCED_FACE ( 'NONE', ( #1349 ), #1557, .T. ) ;
#1082 = PLANE ( 'NONE',  #1442 ) ;
#1083 = LINE ( 'NONE', #377, #1218 ) ;
#1084 = ORIENTED_EDGE ( 'NONE', *, *, #2198, .T. ) ;
#1085 = FACE_OUTER_BOUND ( 'NONE', #206, .T. ) ;
#1086 = FACE_OUTER_BOUND ( 'NONE', #1234, .T. ) ;
#1087 = EDGE_LOOP ( 'NONE', ( #1753, #244, #601, #1049, #921, #521, #2128, #445, #910, #829 ) ) ;
#1088 = FACE_OUTER_BOUND ( 'NONE', #1319, .T. ) ;
#1089 = DIRECTION ( 'NONE',  ( -1.396452398161329711E-14, 1.000000000000000000, 0.000000000000000000 ) ) ;
#1090 = ORIENTED_EDGE ( 'NONE', *, *, #865, .F. ) ;
#1091 = LINE ( 'NONE', #1130, #413 ) ;
#1092 = LINE ( 'NONE', #1794, #1112 ) ;
#1093 = DIRECTION ( 'NONE',  ( -1.396452398161329869E-14, 1.000000000000000000, 0.000000000000000000 ) ) ;
#1094 = EDGE_LOOP ( 'NONE', ( #1484, #191, #2083, #2196, #515 ) ) ;
#1095 = EDGE_CURVE ( 'NONE', #416, #1039, #2233, .T. ) ;
#1096 = DIRECTION ( 'NONE',  ( 1.000000000000000000, 1.396452398161329869E-14, 0.000000000000000000 ) ) ;
#1097 = EDGE_CURVE ( 'NONE', #1664, #1430, #1543, .T. ) ;
#1098 = VERTEX_POINT ( 'NONE', #2051 ) ;
#1099 = CARTESIAN_POINT ( 'NONE',  ( -42.07901605703901282, -5.855026146345282341E-13, 21.70586665186048947 ) ) ;
#1100 = VECTOR ( 'NONE', #472, 1000.000000000000000 ) ;
#1101 = CARTESIAN_POINT ( 'NONE',  ( -42.07901605703883519, -12.75547286757855581, 19.71586665186048748 ) ) ;
#1102 = ORIENTED_EDGE ( 'NONE', *, *, #1297, .T. ) ;
#1103 = AXIS2_PLACEMENT_3D ( 'NONE', #704, #1397, #864 ) ;
#1104 = AXIS2_PLACEMENT_3D ( 'NONE', #1455, #1147, #249 ) ;
#1105 = CARTESIAN_POINT ( 'NONE',  ( -45.47901605703888350, -9.545472867578604692, 19.71586665186048748 ) ) ;
#1106 = LINE ( 'NONE', #1981, #1768 ) ;
#1107 = ORIENTED_EDGE ( 'NONE', *, *, #1311, .F. ) ;
#1108 = CIRCLE ( 'NONE', #1803, 0.8999999999999980238 ) ;
#1109 = DIRECTION ( 'NONE',  ( 1.000000000000000000, 1.396452398161329869E-14, -0.000000000000000000 ) ) ;
#1110 = DIRECTION ( 'NONE',  ( 1.000000000000000000, 1.391185766331645885E-14, -0.000000000000000000 ) ) ;
#1111 = EDGE_CURVE ( 'NONE', #779, #765, #689, .T. ) ;
#1112 = VECTOR ( 'NONE', #232, 1000.000000000000000 ) ;
#1113 = VERTEX_POINT ( 'NONE', #1876 ) ;
#1114 = FACE_OUTER_BOUND ( 'NONE', #1984, .T. ) ;
#1115 = ADVANCED_FACE ( 'NONE', ( #506 ), #147, .T. ) ;
#1116 = CC_DESIGN_APPROVAL ( #845, ( #987 ) ) ;
#1117 = DIRECTION ( 'NONE',  ( 1.541976423090504626E-14, -1.000000000000000000, 0.000000000000000000 ) ) ;
#1118 = VERTEX_POINT ( 'NONE', #839 ) ;
#1119 = DIRECTION ( 'NONE',  ( -1.000000000000000000, -1.349229370204186223E-14, 0.000000000000000000 ) ) ;
#1120 = CARTESIAN_POINT ( 'NONE',  ( -42.07901605703901282, -5.855026146345282341E-13, 0.000000000000000000 ) ) ;
#1121 = ORIENTED_EDGE ( 'NONE', *, *, #171, .T. ) ;
#1122 = PLANE ( 'NONE',  #1698 ) ;
#1123 = CARTESIAN_POINT ( 'NONE',  ( -36.18671935318177901, 5.434527132421526296, 46.51586665186048464 ) ) ;
#1124 = ORIENTED_EDGE ( 'NONE', *, *, #1180, .T. ) ;
#1125 = EDGE_LOOP ( 'NONE', ( #2222, #1490, #718, #47 ) ) ;
#1126 = CARTESIAN_POINT ( 'NONE',  ( -42.07901605703888492, -9.345472867578557441, 49.51586665186048464 ) ) ;
#1127 = EDGE_CURVE ( 'NONE', #844, #1951, #1379, .T. ) ;
#1128 = CARTESIAN_POINT ( 'NONE',  ( -45.47901605703901851, -6.329819961720134443E-13, 49.51586665186048464 ) ) ;
#1129 = ORIENTED_EDGE ( 'NONE', *, *, #1225, .F. ) ;
#1130 = CARTESIAN_POINT ( 'NONE',  ( -35.07901605703815306, -63.18395596606119113, 19.51586665186048464 ) ) ;
#1131 = DIRECTION ( 'NONE',  ( 1.387778780781444413E-14, -1.000000000000000000, 0.000000000000000000 ) ) ;
#1132 = ORIENTED_EDGE ( 'NONE', *, *, #916, .T. ) ;
#1133 = ORIENTED_EDGE ( 'NONE', *, *, #168, .F. ) ;
#1134 = CARTESIAN_POINT ( 'NONE',  ( -46.67901605703895029, -4.345472867578621390, 13.51586665186048819 ) ) ;
#1135 = DIRECTION ( 'NONE',  ( -1.000000000000000000, -1.396452398161329869E-14, 0.000000000000000000 ) ) ;
#1136 = EDGE_LOOP ( 'NONE', ( #175, #538, #907, #383, #343, #1053, #660, #1824 ) ) ;
#1137 = ORIENTED_EDGE ( 'NONE', *, *, #387, .T. ) ;
#1138 = DIRECTION ( 'NONE',  ( 0.000000000000000000, 0.000000000000000000, -1.000000000000000000 ) ) ;
#1139 = CARTESIAN_POINT ( 'NONE',  ( 0.000000000000000000, 0.000000000000000000, 0.000000000000000000 ) ) ;
#1140 = EDGE_CURVE ( 'NONE', #2194, #2018, #1357, .T. ) ;
#1141 = EDGE_LOOP ( 'NONE', ( #1934, #1157, #1327 ) ) ;
#1142 = CARTESIAN_POINT ( 'NONE',  ( -42.97901605703896877, -4.345472867578568987, 44.51586665186049174 ) ) ;
#1143 = EDGE_CURVE ( 'NONE', #51, #435, #1191, .T. ) ;
#1144 = ORIENTED_EDGE ( 'NONE', *, *, #320, .T. ) ;
#1145 = VECTOR ( 'NONE', #1941, 1000.000000000000000 ) ;
#1146 = DIRECTION ( 'NONE',  ( 1.391185766331645727E-14, -1.000000000000000000, 0.000000000000000000 ) ) ;
#1147 = DIRECTION ( 'NONE',  ( 4.044171549540184602E-30, -2.896032514151597832E-16, -1.000000000000000000 ) ) ;
#1148 = ORIENTED_EDGE ( 'NONE', *, *, #801, .F. ) ;
#1149 = VECTOR ( 'NONE', #514, 1000.000000000000000 ) ;
#1150 = CIRCLE ( 'NONE', #2065, 1.000000000000000888 ) ;
#1151 = VERTEX_POINT ( 'NONE', #680 ) ;
#1152 = DIRECTION ( 'NONE',  ( 5.591396669780008888E-16, 7.808119288585567414E-30, -1.000000000000000000 ) ) ;
#1153 = AXIS2_PLACEMENT_3D ( 'NONE', #1385, #1219, #337 ) ;
#1154 = MECHANICAL_CONTEXT ( 'NONE', #1486, 'mechanical' ) ;
#1155 = CC_DESIGN_PERSON_AND_ORGANIZATION_ASSIGNMENT ( #160, #854, ( #1959 ) ) ;
#1156 = FACE_OUTER_BOUND ( 'NONE', #870, .T. ) ;
#1157 = ORIENTED_EDGE ( 'NONE', *, *, #1969, .F. ) ;
#1158 = EDGE_CURVE ( 'NONE', #300, #507, #1916, .T. ) ;
#1159 = LINE ( 'NONE', #1190, #1183 ) ;
#1160 = PLANE ( 'NONE',  #379 ) ;
#1161 = ORIENTED_EDGE ( 'NONE', *, *, #50, .F. ) ;
#1162 = ORIENTED_EDGE ( 'NONE', *, *, #1666, .T. ) ;
#1163 = PLANE ( 'NONE',  #998 ) ;
#1164 = DIRECTION ( 'NONE',  ( 0.000000000000000000, 0.000000000000000000, 1.000000000000000000 ) ) ;
#1165 = CARTESIAN_POINT ( 'NONE',  ( -26.06685674231569294, -35.56547286757832893, 43.51586665186052727 ) ) ;
#1166 = ORIENTED_EDGE ( 'NONE', *, *, #1816, .F. ) ;
#1167 = DIRECTION ( 'NONE',  ( 1.396452398161329869E-14, -1.000000000000000000, 0.000000000000000000 ) ) ;
#1168 = LINE ( 'NONE', #324, #1182 ) ;
#1169 = ORIENTED_EDGE ( 'NONE', *, *, #1207, .T. ) ;
#1170 = ADVANCED_FACE ( 'NONE', ( #1222 ), #22, .T. ) ;
#1171 = CARTESIAN_POINT ( 'NONE',  ( -45.47901605703891903, -7.045472867578604692, 15.41586665186049032 ) ) ;
#1172 = EDGE_CURVE ( 'NONE', #1315, #4, #1150, .T. ) ;
#1173 = LINE ( 'NONE', #961, #1177 ) ;
#1174 = CALENDAR_DATE ( 2026, 24, 6 ) ;
#1175 = CARTESIAN_POINT ( 'NONE',  ( -40.07901605703894887, -4.345472867578028087, 49.51586665186048464 ) ) ;
#1176 = EDGE_LOOP ( 'NONE', ( #655, #1010, #1998, #2021 ) ) ;
#1177 = VECTOR ( 'NONE', #71, 1000.000000000000000 ) ;
#1178 = CARTESIAN_POINT ( 'NONE',  ( -4.065129846300731487, -5.345472867578028087, 49.51586665186048464 ) ) ;
#1179 = EDGE_LOOP ( 'NONE', ( #1795, #1706, #1577, #430 ) ) ;
#1180 = EDGE_CURVE ( 'NONE', #2200, #1558, #604, .T. ) ;
#1181 = CARTESIAN_POINT ( 'NONE',  ( -42.07901605703889203, -5.345472867578556553, 21.70586665186048947 ) ) ;
#1182 = VECTOR ( 'NONE', #1899, 1000.000000000000000 ) ;
#1183 = VECTOR ( 'NONE', #1888, 1000.000000000000000 ) ;
#1184 = EDGE_CURVE ( 'NONE', #416, #1313, #1954, .T. ) ;
#1185 = CARTESIAN_POINT ( 'NONE',  ( -40.07901605703894887, -4.345472867578529019, 13.51586665186048819 ) ) ;
#1186 = CARTESIAN_POINT ( 'NONE',  ( -40.07901605703900572, 0.4345271324214693975, 19.73958928463307316 ) ) ;
#1187 = AXIS2_PLACEMENT_3D ( 'NONE', #805, #321, #2047 ) ;
#1188 = CARTESIAN_POINT ( 'NONE',  ( -45.47901605703901851, -6.329819961720134443E-13, 37.91586665186049743 ) ) ;
#1189 = ORIENTED_EDGE ( 'NONE', *, *, #2166, .F. ) ;
#1190 = CARTESIAN_POINT ( 'NONE',  ( -45.47901605703864192, -27.18547286757860704, 47.61586665186048606 ) ) ;
#1191 = LINE ( 'NONE', #1018, #640 ) ;
#1192 = ORIENTED_EDGE ( 'NONE', *, *, #1040, .T. ) ;
#1193 = DIRECTION ( 'NONE',  ( 1.391185766331645885E-14, -1.000000000000000000, 0.000000000000000000 ) ) ;
#1194 = PLANE ( 'NONE',  #1657 ) ;
#1195 = EDGE_CURVE ( 'NONE', #435, #1059, #1083, .T. ) ;
#1196 = CYLINDRICAL_SURFACE ( 'NONE', #1257, 0.8999999999999980238 ) ;
#1197 = ORIENTED_EDGE ( 'NONE', *, *, #461, .T. ) ;
#1198 = CARTESIAN_POINT ( 'NONE',  ( -37.18671935318180033, 5.434527132421512974, 17.51586665186048819 ) ) ;
#1199 = DIRECTION ( 'NONE',  ( -1.396452398161329869E-14, 1.000000000000000000, 3.730588120380229462E-16 ) ) ;
#1200 = ORIENTED_EDGE ( 'NONE', *, *, #1496, .F. ) ;
#1201 = CARTESIAN_POINT ( 'NONE',  ( -42.07901605703865755, -26.78547286757855872, 44.51586665186049174 ) ) ;
#1202 = DIRECTION ( 'NONE',  ( -1.000000000000000000, -1.349229370204186223E-14, 0.000000000000000000 ) ) ;
#1203 = PERSON_AND_ORGANIZATION ( #1505, #2251 ) ;
#1204 = EDGE_CURVE ( 'NONE', #124, #959, #1245, .T. ) ;
#1205 = DIRECTION ( 'NONE',  ( -1.486905836551602130E-14, 0.000000000000000000, 1.000000000000000000 ) ) ;
#1206 = ORIENTED_EDGE ( 'NONE', *, *, #1560, .F. ) ;
#1207 = EDGE_CURVE ( 'NONE', #1378, #1664, #912, .T. ) ;
#1208 = DIRECTION ( 'NONE',  ( 0.000000000000000000, 0.000000000000000000, -1.000000000000000000 ) ) ;
#1209 = DIRECTION ( 'NONE',  ( -1.000000000000000000, -1.391185766331645727E-14, 0.000000000000000000 ) ) ;
#1210 = VERTEX_POINT ( 'NONE', #12 ) ;
#1211 = CARTESIAN_POINT ( 'NONE',  ( -42.07901605703888492, -9.345472867578557441, 40.21586665186048748 ) ) ;
#1212 = FACE_BOUND ( 'NONE', #1614, .T. ) ;
#1213 = AXIS2_PLACEMENT_3D ( 'NONE', #1012, #1730, #1561 ) ;
#1214 = VECTOR ( 'NONE', #1248, 1000.000000000000000 ) ;
#1215 = DIRECTION ( 'NONE',  ( 1.391185766331645885E-14, -1.000000000000000000, 0.000000000000000000 ) ) ;
#1216 = DATE_AND_TIME ( #1364, #973 ) ;
#1217 = CIRCLE ( 'NONE', #1395, 0.8999999999999980238 ) ;
#1218 = VECTOR ( 'NONE', #199, 1000.000000000000000 ) ;
#1219 = DIRECTION ( 'NONE',  ( 1.391185766331645727E-14, -1.000000000000000000, 0.000000000000000000 ) ) ;
#1220 = VERTEX_POINT ( 'NONE', #699 ) ;
#1221 = VECTOR ( 'NONE', #269, 1000.000000000000000 ) ;
#1222 = FACE_OUTER_BOUND ( 'NONE', #2180, .T. ) ;
#1223 = LOCAL_TIME ( 15, 25, 48.00000000000000000, #1755 ) ;
#1224 = ORIENTED_EDGE ( 'NONE', *, *, #949, .F. ) ;
#1225 = EDGE_CURVE ( 'NONE', #1923, #985, #879, .T. ) ;
#1226 = FACE_OUTER_BOUND ( 'NONE', #1342, .T. ) ;
#1227 = LINE ( 'NONE', #1938, #1801 ) ;
#1228 = ORIENTED_EDGE ( 'NONE', *, *, #1184, .F. ) ;
#1229 = DIRECTION ( 'NONE',  ( 1.396452398161330027E-14, -1.000000000000000000, -0.000000000000000000 ) ) ;
#1230 = CARTESIAN_POINT ( 'NONE',  ( -42.97901605703865613, -26.78547286757857293, 44.51586665186049174 ) ) ;
#1231 = ORIENTED_EDGE ( 'NONE', *, *, #1172, .F. ) ;
#1232 = FACE_OUTER_BOUND ( 'NONE', #1350, .T. ) ;
#1233 = CARTESIAN_POINT ( 'NONE',  ( -45.47901605703867034, -24.95547286757858529, -9.309859061825743181E-15 ) ) ;
#1234 = EDGE_LOOP ( 'NONE', ( #567, #1420, #1288, #1339, #1464 ) ) ;
#1235 = DIRECTION ( 'NONE',  ( 0.000000000000000000, 0.000000000000000000, 1.000000000000000000 ) ) ;
#1236 = CARTESIAN_POINT ( 'NONE',  ( -42.07901605703860071, -29.78547286757855872, 37.91586665186049743 ) ) ;
#1237 = EDGE_CURVE ( 'NONE', #1069, #2194, #1389, .T. ) ;
#1238 = VERTEX_POINT ( 'NONE', #524 ) ;
#1239 = CARTESIAN_POINT ( 'NONE',  ( -42.07901605703901282, -5.855026146345282341E-13, 37.91586665186049743 ) ) ;
#1240 = EDGE_CURVE ( 'NONE', #1679, #1210, #56, .T. ) ;
#1241 = CALENDAR_DATE ( 2026, 24, 6 ) ;
#1242 = CARTESIAN_POINT ( 'NONE',  ( -37.18671935318161559, 0.4345271324215125297, 38.51586665186071912 ) ) ;
#1243 = ORIENTED_EDGE ( 'NONE', *, *, #8, .T. ) ;
#1244 = LINE ( 'NONE', #1047, #127 ) ;
#1245 = LINE ( 'NONE', #1784, #1477 ) ;
#1246 = ORIENTED_EDGE ( 'NONE', *, *, #949, .T. ) ;
#1247 = DIRECTION ( 'NONE',  ( -1.391185766331645727E-14, 1.000000000000000000, -0.000000000000000000 ) ) ;
#1248 = DIRECTION ( 'NONE',  ( 1.000000000000000000, 1.396538683850522543E-14, 5.591396669780008888E-16 ) ) ;
#1249 = ORIENTED_EDGE ( 'NONE', *, *, #1987, .F. ) ;
#1250 = DIRECTION ( 'NONE',  ( 0.000000000000000000, 0.000000000000000000, -1.000000000000000000 ) ) ;
#1251 = ADVANCED_FACE ( 'NONE', ( #2116, #1613 ), #1925, .F. ) ;
#1252 = CARTESIAN_POINT ( 'NONE',  ( -45.47901605703888350, -9.345472867578605403, 49.51586665186048464 ) ) ;
#1253 = AXIS2_PLACEMENT_3D ( 'NONE', #1201, #1027, #1728 ) ;
#1254 = ORIENTED_EDGE ( 'NONE', *, *, #1843, .T. ) ;
#1255 = DIRECTION ( 'NONE',  ( 0.000000000000000000, 0.000000000000000000, 1.000000000000000000 ) ) ;
#1256 = ORIENTED_EDGE ( 'NONE', *, *, #1195, .F. ) ;
#1257 = AXIS2_PLACEMENT_3D ( 'NONE', #208, #866, #503 ) ;
#1258 = SECURITY_CLASSIFICATION ( '', '', #1903 ) ;
#1259 = PLANE ( 'NONE',  #821 ) ;
#1260 = CARTESIAN_POINT ( 'NONE',  ( -42.07901605703858650, -30.78547286757855872, 18.11586665186048961 ) ) ;
#1261 = ORIENTED_EDGE ( 'NONE', *, *, #1111, .T. ) ;
#1262 = FACE_OUTER_BOUND ( 'NONE', #2061, .T. ) ;
#1263 = DIRECTION ( 'NONE',  ( -1.000000000000000000, -1.391185766331645885E-14, 0.000000000000000000 ) ) ;
#1264 = ADVANCED_FACE ( 'NONE', ( #353 ), #212, .T. ) ;
#1265 = ORIENTED_EDGE ( 'NONE', *, *, #708, .T. ) ;
#1266 = CARTESIAN_POINT ( 'NONE',  ( -36.18671935318180033, 5.434527132421526296, 17.51586665186048819 ) ) ;
#1267 = LINE ( 'NONE', #612, #281 ) ;
#1268 = CARTESIAN_POINT ( 'NONE',  ( -45.47901605703867034, -24.73547286757860419, 0.000000000000000000 ) ) ;
#1269 = ADVANCED_FACE ( 'NONE', ( #1972 ), #891, .T. ) ;
#1270 = ORIENTED_EDGE ( 'NONE', *, *, #849, .F. ) ;
#1271 = LINE ( 'NONE', #260, #1515 ) ;
#1272 = DIRECTION ( 'NONE',  ( 1.541976423090504626E-14, -1.000000000000000000, 0.000000000000000000 ) ) ;
#1273 = ORIENTED_EDGE ( 'NONE', *, *, #697, .T. ) ;
#1274 = CARTESIAN_POINT ( 'NONE',  ( -40.07901605703858650, -30.78547286757853030, 37.51586665186047043 ) ) ;
#1275 = CARTESIAN_POINT ( 'NONE',  ( -45.47901605703862771, -28.08547286757860206, 47.61586665186048606 ) ) ;
#1276 = ORIENTED_EDGE ( 'NONE', *, *, #1506, .F. ) ;
#1277 = ADVANCED_FACE ( 'NONE', ( #1592 ), #37, .T. ) ;
#1278 = CARTESIAN_POINT ( 'NONE',  ( -45.47901605703861350, -28.98547286757859709, 47.61586665186048606 ) ) ;
#1279 = DIRECTION ( 'NONE',  ( -1.391185766331645727E-14, 1.000000000000000000, 0.000000000000000000 ) ) ;
#1280 = ORIENTED_EDGE ( 'NONE', *, *, #2250, .F. ) ;
#1281 = EDGE_CURVE ( 'NONE', #505, #696, #732, .T. ) ;
#1282 = CARTESIAN_POINT ( 'NONE',  ( -29.28671935318125463, -35.56547286757837867, 31.51586665186033187 ) ) ;
#1283 = DIRECTION ( 'NONE',  ( 1.391185766331645727E-14, -1.000000000000000000, 0.000000000000000000 ) ) ;
#1284 = ORIENTED_EDGE ( 'NONE', *, *, #2120, .T. ) ;
#1285 = CARTESIAN_POINT ( 'NONE',  ( -45.47901605703889061, -9.145472867578604337, 33.92586665186048833 ) ) ;
#1286 = VECTOR ( 'NONE', #268, 1000.000000000000000 ) ;
#1287 = CARTESIAN_POINT ( 'NONE',  ( -37.18671935318182165, 5.434527132421512974, 37.51586665186067648 ) ) ;
#1288 = ORIENTED_EDGE ( 'NONE', *, *, #1001, .T. ) ;
#1289 = VECTOR ( 'NONE', #2054, 1000.000000000000000 ) ;
#1290 = CARTESIAN_POINT ( 'NONE',  ( -45.47901605703883376, -12.75547286757860377, 23.91586665186049032 ) ) ;
#1291 = CARTESIAN_POINT ( 'NONE',  ( -45.47901605703866323, -25.48547286757860419, 13.51586665186048819 ) ) ;
#1292 = ORIENTED_EDGE ( 'NONE', *, *, #683, .T. ) ;
#1293 = AXIS2_PLACEMENT_3D ( 'NONE', #1576, #177, #537 ) ;
#1294 = CARTESIAN_POINT ( 'NONE',  ( -45.47901605703883376, -12.75547286757860377, 19.71586665186048748 ) ) ;
#1295 = LINE ( 'NONE', #615, #968 ) ;
#1296 = AXIS2_PLACEMENT_3D ( 'NONE', #1734, #1067, #33 ) ;
#1297 = EDGE_CURVE ( 'NONE', #861, #1098, #523, .T. ) ;
#1298 = VECTOR ( 'NONE', #438, 1000.000000000000000 ) ;
#1299 = VERTEX_POINT ( 'NONE', #1211 ) ;
#1300 = LINE ( 'NONE', #2204, #376 ) ;
#1301 = LINE ( 'NONE', #2149, #2102 ) ;
#1302 = ORIENTED_EDGE ( 'NONE', *, *, #2040, .T. ) ;
#1303 = CARTESIAN_POINT ( 'NONE',  ( -42.97901605703891192, -8.345472867578569875, 44.51586665186049174 ) ) ;
#1304 = LINE ( 'NONE', #412, #1805 ) ;
#1305 = ORIENTED_EDGE ( 'NONE', *, *, #522, .F. ) ;
#1306 = PLANE ( 'NONE',  #277 ) ;
#1307 = EDGE_LOOP ( 'NONE', ( #1358, #446, #815, #153 ) ) ;
#1308 = EDGE_CURVE ( 'NONE', #1299, #1023, #2095, .T. ) ;
#1309 = ORIENTED_EDGE ( 'NONE', *, *, #2154, .T. ) ;
#1310 = DIRECTION ( 'NONE',  ( 1.000000000000000000, 1.391185766331645885E-14, 0.000000000000000000 ) ) ;
#1311 = EDGE_CURVE ( 'NONE', #1539, #1113, #1108, .T. ) ;
#1312 = CARTESIAN_POINT ( 'NONE',  ( -46.67901605703901424, -6.479582012524604678E-13, 0.000000000000000000 ) ) ;
#1313 = VERTEX_POINT ( 'NONE', #1606 ) ;
#1314 = DIRECTION ( 'NONE',  ( 1.396452398161329869E-14, -1.000000000000000000, 0.000000000000000000 ) ) ;
#1315 = VERTEX_POINT ( 'NONE', #2130 ) ;
#1316 = EDGE_LOOP ( 'NONE', ( #776, #1008, #366, #70, #1019, #1799, #289, #1655, #1129, #2246, #1931, #840, #2016, #1256, #316, #1675, #964, #1833 ) ) ;
#1317 = DIRECTION ( 'NONE',  ( -1.000000000000000000, -1.391185766331645885E-14, 0.000000000000000000 ) ) ;
#1318 = PLANE ( 'NONE',  #310 ) ;
#1319 = EDGE_LOOP ( 'NONE', ( #2052, #1725, #116, #1380 ) ) ;
#1320 = DIRECTION ( 'NONE',  ( -1.000000000000000000, -1.391185766331645885E-14, 0.000000000000000000 ) ) ;
#1321 = DIRECTION ( 'NONE',  ( -1.396452398161329869E-14, 1.000000000000000000, 0.000000000000000000 ) ) ;
#1322 = ADVANCED_FACE ( 'NONE', ( #1226 ), #2118, .F. ) ;
#1323 = DIRECTION ( 'NONE',  ( 1.396452398161329869E-14, -1.000000000000000000, 0.000000000000000000 ) ) ;
#1324 = AXIS2_PLACEMENT_3D ( 'NONE', #686, #674, #182 ) ;
#1325 = ORIENTED_EDGE ( 'NONE', *, *, #361, .T. ) ;
#1326 = VECTOR ( 'NONE', #1485, 1000.000000000000000 ) ;
#1327 = ORIENTED_EDGE ( 'NONE', *, *, #2166, .T. ) ;
#1328 = FACE_OUTER_BOUND ( 'NONE', #2165, .T. ) ;
#1329 = VERTEX_POINT ( 'NONE', #1761 ) ;
#1330 = VECTOR ( 'NONE', #334, 1000.000000000000000 ) ;
#1331 = VECTOR ( 'NONE', #902, 1000.000000000000000 ) ;
#1332 = VERTEX_POINT ( 'NONE', #1417 ) ;
#1333 = DIRECTION ( 'NONE',  ( -1.391185766331645727E-14, 1.000000000000000000, -0.000000000000000000 ) ) ;
#1334 = AXIS2_PLACEMENT_3D ( 'NONE', #1508, #2210, #1346 ) ;
#1335 = ADVANCED_FACE ( 'NONE', ( #1963 ), #914, .F. ) ;
#1336 = CARTESIAN_POINT ( 'NONE',  ( -42.07901605703894177, -5.345472867578556553, 13.51586665186048819 ) ) ;
#1337 = ORIENTED_EDGE ( 'NONE', *, *, #475, .T. ) ;
#1338 = ADVANCED_FACE ( 'NONE', ( #529 ), #2109, .T. ) ;
#1339 = ORIENTED_EDGE ( 'NONE', *, *, #1907, .F. ) ;
#1340 = CARTESIAN_POINT ( 'NONE',  ( -41.17901605703864476, -26.78547286757854451, 18.11586665186048961 ) ) ;
#1341 = CARTESIAN_POINT ( 'NONE',  ( -42.07901605703867176, -24.95547286757854977, 40.21586665186048748 ) ) ;
#1342 = EDGE_LOOP ( 'NONE', ( #167, #1034, #1132, #157 ) ) ;
#1343 = CARTESIAN_POINT ( 'NONE',  ( -37.18671935318179322, 0.4345271324215125297, 25.51586665186048819 ) ) ;
#1344 = DIRECTION ( 'NONE',  ( -1.391185766331645727E-14, 1.000000000000000000, -0.000000000000000000 ) ) ;
#1345 = COORDINATED_UNIVERSAL_TIME_OFFSET ( 8, 0, .AHEAD. ) ;
#1346 = DIRECTION ( 'NONE',  ( -1.541976423090494213E-14, 1.000000000000000000, 0.000000000000000000 ) ) ;
#1347 = ORIENTED_EDGE ( 'NONE', *, *, #935, .T. ) ;
#1348 = EDGE_CURVE ( 'NONE', #784, #1877, #380, .T. ) ;
#1349 = FACE_OUTER_BOUND ( 'NONE', #1415, .T. ) ;
#1350 = EDGE_LOOP ( 'NONE', ( #29, #136 ) ) ;
#1351 = ADVANCED_FACE ( 'NONE', ( #1085 ), #1259, .F. ) ;
#1352 = DIRECTION ( 'NONE',  ( 1.000000000000000000, 1.396550468419173803E-14, -0.000000000000000000 ) ) ;
#1353 = CARTESIAN_POINT ( 'NONE',  ( -35.07901605703840175, -35.56547286757845683, 43.51586665186052727 ) ) ;
#1354 = DIRECTION ( 'NONE',  ( 1.391185766331645727E-14, -1.000000000000000000, 0.000000000000000000 ) ) ;
#1355 = DIRECTION ( 'NONE',  ( -1.000000000000000000, -1.391185766331645885E-14, 0.000000000000000000 ) ) ;
#1356 = VERTEX_POINT ( 'NONE', #1041 ) ;
#1357 = LINE ( 'NONE', #2063, #458 ) ;
#1358 = ORIENTED_EDGE ( 'NONE', *, *, #1574, .T. ) ;
#1359 = AXIS2_PLACEMENT_3D ( 'NONE', #467, #1310, #1853 ) ;
#1360 = DIRECTION ( 'NONE',  ( 1.391185766331645727E-14, -1.000000000000000000, 0.000000000000000000 ) ) ;
#1361 = EDGE_CURVE ( 'NONE', #1708, #84, #1787, .T. ) ;
#1362 = VECTOR ( 'NONE', #235, 1000.000000000000000 ) ;
#1363 = DIRECTION ( 'NONE',  ( -1.391185766331645727E-14, 1.000000000000000000, 0.000000000000000000 ) ) ;
#1364 = CALENDAR_DATE ( 2026, 24, 6 ) ;
#1365 = VECTOR ( 'NONE', #1434, 1000.000000000000000 ) ;
#1366 = VECTOR ( 'NONE', #592, 1000.000000000000000 ) ;
#1367 = DIRECTION ( 'NONE',  ( 1.000000000000000000, 1.396452398161329869E-14, -0.000000000000000000 ) ) ;
#1368 = VERTEX_POINT ( 'NONE', #367 ) ;
#1369 = CARTESIAN_POINT ( 'NONE',  ( -36.18671935318178612, 5.434527132421526296, 45.51586665186048464 ) ) ;
#1370 = CARTESIAN_POINT ( 'NONE',  ( -45.47901605703891903, -7.045472867578604692, 15.41586665186049032 ) ) ;
#1371 = ORIENTED_EDGE ( 'NONE', *, *, #619, .T. ) ;
#1372 = CARTESIAN_POINT ( 'NONE',  ( -46.67901605703895029, -4.345472867578621390, 49.51586665186048464 ) ) ;
#1373 = EDGE_CURVE ( 'NONE', #188, #2161, #25, .T. ) ;
#1374 = CARTESIAN_POINT ( 'NONE',  ( -45.47901605703894035, -5.345472867578617837, 1.486997638483738278E-15 ) ) ;
#1375 = DATE_AND_TIME ( #1174, #1921 ) ;
#1376 = EDGE_CURVE ( 'NONE', #1313, #1746, #550, .T. ) ;
#1377 = LINE ( 'NONE', #520, #205 ) ;
#1378 = VERTEX_POINT ( 'NONE', #540 ) ;
#1379 = LINE ( 'NONE', #2042, #1623 ) ;
#1380 = ORIENTED_EDGE ( 'NONE', *, *, #708, .F. ) ;
#1381 = DIRECTION ( 'NONE',  ( 1.000000000000000000, 1.396452398161330027E-14, 1.486905836551602130E-14 ) ) ;
#1382 = DIRECTION ( 'NONE',  ( 1.391185766331645885E-14, -1.000000000000000000, 0.000000000000000000 ) ) ;
#1383 = LINE ( 'NONE', #2086, #1433 ) ;
#1384 = APPROVAL_DATE_TIME ( #1216, #1014 ) ;
#1385 = CARTESIAN_POINT ( 'NONE',  ( -42.07901605703858650, -30.78547286757855872, 18.11586665186048961 ) ) ;
#1386 = ADVANCED_FACE ( 'NONE', ( #1615 ), #881, .T. ) ;
#1387 = VERTEX_POINT ( 'NONE', #871 ) ;
#1388 = FACE_OUTER_BOUND ( 'NONE', #1652, .T. ) ;
#1389 = LINE ( 'NONE', #1603, #711 ) ;
#1390 = ORIENTED_EDGE ( 'NONE', *, *, #694, .T. ) ;
#1391 = VECTOR ( 'NONE', #1960, 1000.000000000000000 ) ;
#1392 = FACE_OUTER_BOUND ( 'NONE', #10, .T. ) ;
#1393 = DIRECTION ( 'NONE',  ( 0.000000000000000000, 0.000000000000000000, -1.000000000000000000 ) ) ;
#1394 = AXIS2_PLACEMENT_3D ( 'NONE', #1861, #1320, #945 ) ;
#1395 = AXIS2_PLACEMENT_3D ( 'NONE', #1260, #915, #1616 ) ;
#1396 = EDGE_LOOP ( 'NONE', ( #1305, #76, #354, #184 ) ) ;
#1397 = DIRECTION ( 'NONE',  ( 1.391185766331645727E-14, -1.000000000000000000, 0.000000000000000000 ) ) ;
#1398 = APPROVAL_DATE_TIME ( #1375, #845 ) ;
#1399 = VECTOR ( 'NONE', #2156, 1000.000000000000000 ) ;
#1400 = AXIS2_PLACEMENT_3D ( 'NONE', #1498, #984, #644 ) ;
#1401 = CARTESIAN_POINT ( 'NONE',  ( -35.07901605703853676, -35.56547286757846393, 19.51586665186048464 ) ) ;
#1402 = VERTEX_POINT ( 'NONE', #1776 ) ;
#1403 = EDGE_CURVE ( 'NONE', #1466, #1593, #2084, .T. ) ;
#1404 = DIRECTION ( 'NONE',  ( -1.486905836551602130E-14, 0.000000000000000000, 1.000000000000000000 ) ) ;
#1405 = DIRECTION ( 'NONE',  ( -1.000000000000000000, -1.398620802506299458E-14, 0.000000000000000000 ) ) ;
#1406 = VERTEX_POINT ( 'NONE', #701 ) ;
#1407 = ADVANCED_FACE ( 'NONE', ( #1392 ), #202, .F. ) ;
#1408 = DIRECTION ( 'NONE',  ( -1.396452398161329869E-14, 1.000000000000000000, 0.000000000000000000 ) ) ;
#1409 = DIRECTION ( 'NONE',  ( 0.3713906763541197087, 0.000000000000000000, 0.9284766908852528644 ) ) ;
#1410 = ORIENTED_EDGE ( 'NONE', *, *, #1571, .T. ) ;
#1411 = CARTESIAN_POINT ( 'NONE',  ( -42.07901605703889913, -8.345472867578557441, 18.11586665186048961 ) ) ;
#1412 = FACE_OUTER_BOUND ( 'NONE', #1179, .T. ) ;
#1413 = ORIENTED_EDGE ( 'NONE', *, *, #1496, .T. ) ;
#1414 = DIRECTION ( 'NONE',  ( -1.396452398161329869E-14, 1.000000000000000000, 0.000000000000000000 ) ) ;
#1415 = EDGE_LOOP ( 'NONE', ( #1249, #632, #1371, #948 ) ) ;
#1416 = EDGE_CURVE ( 'NONE', #1503, #188, #1947, .T. ) ;
#1417 = CARTESIAN_POINT ( 'NONE',  ( -45.47901605703866323, -25.48547286757860419, 13.51586665186048819 ) ) ;
#1418 = CARTESIAN_POINT ( 'NONE',  ( -42.07901605703883519, -12.75547286757855581, 23.91586665186049032 ) ) ;
#1419 = EDGE_CURVE ( 'NONE', #435, #1406, #417, .T. ) ;
#1420 = ORIENTED_EDGE ( 'NONE', *, *, #1651, .T. ) ;
#1421 = DIRECTION ( 'NONE',  ( 1.396452398161329869E-14, -1.000000000000000000, -0.000000000000000000 ) ) ;
#1422 = LINE ( 'NONE', #1956, #1298 ) ;
#1423 = ORIENTED_EDGE ( 'NONE', *, *, #502, .T. ) ;
#1424 = LINE ( 'NONE', #1736, #557 ) ;
#1425 = CARTESIAN_POINT ( 'NONE',  ( -42.07901605703894177, -5.345472867578556553, 13.51586665186048819 ) ) ;
#1426 = ORIENTED_EDGE ( 'NONE', *, *, #960, .F. ) ;
#1427 = CARTESIAN_POINT ( 'NONE',  ( -42.07901605703865755, -26.78547286757855872, 44.51586665186049174 ) ) ;
#1428 = CARTESIAN_POINT ( 'NONE',  ( -37.47901605703815164, -63.18395596606121956, 37.51586665186048464 ) ) ;
#1429 = EDGE_CURVE ( 'NONE', #1069, #714, #774, .T. ) ;
#1430 = VERTEX_POINT ( 'NONE', #2019 ) ;
#1431 = DIRECTION ( 'NONE',  ( -1.391185766331645727E-14, 1.000000000000000000, 0.000000000000000000 ) ) ;
#1432 = AXIS2_PLACEMENT_3D ( 'NONE', #1743, #2056, #509 ) ;
#1433 = VECTOR ( 'NONE', #239, 1000.000000000000000 ) ;
#1434 = DIRECTION ( 'NONE',  ( 1.000000000000000000, 1.396452398161329869E-14, -0.000000000000000000 ) ) ;
#1435 = AXIS2_PLACEMENT_3D ( 'NONE', #1009, #1199, #1910 ) ;
#1436 = ORIENTED_EDGE ( 'NONE', *, *, #2198, .F. ) ;
#1437 = VECTOR ( 'NONE', #691, 1000.000000000000000 ) ;
#1438 = DIRECTION ( 'NONE',  ( 1.000000000000000000, 0.000000000000000000, -0.000000000000000000 ) ) ;
#1439 = DIRECTION ( 'NONE',  ( 0.3713906763541197087, 5.186294006494688065E-15, 0.9284766908852528644 ) ) ;
#1440 = DIRECTION ( 'NONE',  ( -1.391185766331645885E-14, 1.000000000000000000, 0.000000000000000000 ) ) ;
#1441 = EDGE_LOOP ( 'NONE', ( #219, #410 ) ) ;
#1442 = AXIS2_PLACEMENT_3D ( 'NONE', #389, #2142, #1131 ) ;
#1443 = VECTOR ( 'NONE', #1817, 1000.000000000000000 ) ;
#1444 = LINE ( 'NONE', #1848, #1585 ) ;
#1445 = CARTESIAN_POINT ( 'NONE',  ( -40.07901605703894887, -4.345472867578529019, 13.51586665186048819 ) ) ;
#1446 = ORIENTED_EDGE ( 'NONE', *, *, #1939, .F. ) ;
#1447 = CYLINDRICAL_SURFACE ( 'NONE', #2208, 0.8999999999999945821 ) ;
#1448 = EDGE_CURVE ( 'NONE', #1151, #1069, #272, .T. ) ;
#1449 = CARTESIAN_POINT ( 'NONE',  ( -45.47901605703862771, -28.08547286757860206, 15.41586665186049032 ) ) ;
#1450 = VERTEX_POINT ( 'NONE', #588 ) ;
#1451 = ADVANCED_FACE ( 'NONE', ( #953 ), #1122, .F. ) ;
#1452 = CARTESIAN_POINT ( 'NONE',  ( -45.47901605703890482, -7.945472867578605047, 15.41586665186049032 ) ) ;
#1453 = CARTESIAN_POINT ( 'NONE',  ( -41.17901605703895740, -4.345472867578545006, 18.11586665186048961 ) ) ;
#1454 = VERTEX_POINT ( 'NONE', #1134 ) ;
#1455 = CARTESIAN_POINT ( 'NONE',  ( -45.47901605703901851, -6.260558834292232832E-13, 23.91586665186048677 ) ) ;
#1456 = ORIENTED_EDGE ( 'NONE', *, *, #645, .T. ) ;
#1457 = LINE ( 'NONE', #1063, #198 ) ;
#1458 = DIRECTION ( 'NONE',  ( -1.391185766331645727E-14, 1.000000000000000000, 0.000000000000000000 ) ) ;
#1459 = ORIENTED_EDGE ( 'NONE', *, *, #1482, .T. ) ;
#1460 = EDGE_CURVE ( 'NONE', #1023, #2009, #1271, .T. ) ;
#1461 = DIRECTION ( 'NONE',  ( -1.000000000000000000, -1.396452398161329869E-14, 0.000000000000000000 ) ) ;
#1462 = PLANE ( 'NONE',  #1920 ) ;
#1463 = ORIENTED_EDGE ( 'NONE', *, *, #1195, .T. ) ;
#1464 = ORIENTED_EDGE ( 'NONE', *, *, #1930, .F. ) ;
#1465 = CARTESIAN_POINT ( 'NONE',  ( -45.47901605703862771, -28.08547286757860206, 47.61586665186048606 ) ) ;
#1466 = VERTEX_POINT ( 'NONE', #1282 ) ;
#1467 = DIRECTION ( 'NONE',  ( 0.8656094024099988404, -0.5007198442836120478, 0.000000000000000000 ) ) ;
#1468 = AXIS2_PLACEMENT_3D ( 'NONE', #1883, #500, #2077 ) ;
#1469 = CARTESIAN_POINT ( 'NONE',  ( -4.065129846300391314, -29.78547286757802937, 49.51586665186048464 ) ) ;
#1470 = ORIENTED_EDGE ( 'NONE', *, *, #2078, .T. ) ;
#1471 = CIRCLE ( 'NONE', #1546, 0.8999999999999945821 ) ;
#1472 = VECTOR ( 'NONE', #2245, 1000.000000000000000 ) ;
#1473 = CARTESIAN_POINT ( 'NONE',  ( -40.07901605703843018, -41.56547286757854920, 18.31586665186049601 ) ) ;
#1474 = DIRECTION ( 'NONE',  ( -1.396452398161329711E-14, 1.000000000000000000, 0.000000000000000000 ) ) ;
#1475 = ORIENTED_EDGE ( 'NONE', *, *, #1636, .F. ) ;
#1476 = EDGE_CURVE ( 'NONE', #303, #1814, #94, .T. ) ;
#1477 = VECTOR ( 'NONE', #713, 1000.000000000000000 ) ;
#1478 = LINE ( 'NONE', #1796, #2247 ) ;
#1479 = DIRECTION ( 'NONE',  ( -1.391185766331645885E-14, 1.000000000000000000, 0.000000000000000000 ) ) ;
#1480 = VECTOR ( 'NONE', #877, 1000.000000000000000 ) ;
#1481 = ORIENTED_EDGE ( 'NONE', *, *, #1605, .T. ) ;
#1482 = EDGE_CURVE ( 'NONE', #2200, #2171, #1478, .T. ) ;
#1483 = VECTOR ( 'NONE', #1691, 1000.000000000000000 ) ;
#1484 = ORIENTED_EDGE ( 'NONE', *, *, #1969, .T. ) ;
#1485 = DIRECTION ( 'NONE',  ( -1.396452398161329711E-14, 1.000000000000000000, 0.000000000000000000 ) ) ;
#1486 = APPLICATION_CONTEXT ( 'configuration controlled 3d designs of mechanical parts and assemblies' ) ;
#1487 = FACE_OUTER_BOUND ( 'NONE', #621, .T. ) ;
#1488 = ORIENTED_EDGE ( 'NONE', *, *, #1678, .T. ) ;
#1489 = DIRECTION ( 'NONE',  ( 1.396452398161330027E-14, -1.000000000000000000, -0.000000000000000000 ) ) ;
#1490 = ORIENTED_EDGE ( 'NONE', *, *, #1859, .T. ) ;
#1491 = LINE ( 'NONE', #465, #1511 ) ;
#1492 = CC_DESIGN_PERSON_AND_ORGANIZATION_ASSIGNMENT ( #875, #173, ( #1258 ) ) ;
#1493 = ORIENTED_EDGE ( 'NONE', *, *, #1419, .T. ) ;
#1494 = EDGE_LOOP ( 'NONE', ( #1062, #2080, #1638, #952 ) ) ;
#1495 = LINE ( 'NONE', #2197, #1660 ) ;
#1496 = EDGE_CURVE ( 'NONE', #442, #1378, #966, .T. ) ;
#1497 = CARTESIAN_POINT ( 'NONE',  ( -42.07901605703864334, -26.78547286757855872, 18.11586665186048961 ) ) ;
#1498 = CARTESIAN_POINT ( 'NONE',  ( -42.07901605703897019, -4.345472867578557441, 44.51586665186049174 ) ) ;
#1499 = ORIENTED_EDGE ( 'NONE', *, *, #1240, .F. ) ;
#1500 = PLANE ( 'NONE',  #890 ) ;
#1501 = CARTESIAN_POINT ( 'NONE',  ( -36.18671935318172217, 0.4345271324215264630, 45.51586665186048464 ) ) ;
#1502 = ORIENTED_EDGE ( 'NONE', *, *, #1882, .T. ) ;
#1503 = VERTEX_POINT ( 'NONE', #1294 ) ;
#1504 = DIRECTION ( 'NONE',  ( 0.5007198442836120478, 0.8656094024099988404, 0.000000000000000000 ) ) ;
#1505 = PERSON ( '未指定', '未指定', '未指定', ('未指定'), ('未指定'), ('未指定') ) ;
#1506 = EDGE_CURVE ( 'NONE', #1368, #710, #1444, .T. ) ;
#1507 = ADVANCED_FACE ( 'NONE', ( #763 ), #1632, .F. ) ;
#1508 = CARTESIAN_POINT ( 'NONE',  ( -45.47901605703891903, -7.045472867578604692, 15.41586665186049032 ) ) ;
#1509 = CIRCLE ( 'NONE', #1103, 0.8999999999999980238 ) ;
#1510 = ORIENTED_EDGE ( 'NONE', *, *, #357, .T. ) ;
#1511 = VECTOR ( 'NONE', #2011, 1000.000000000000000 ) ;
#1512 = CARTESIAN_POINT ( 'NONE',  ( -42.97901605703889771, -8.345472867578569875, 18.11586665186048961 ) ) ;
#1513 = EDGE_LOOP ( 'NONE', ( #404, #195, #1488, #1347 ) ) ;
#1514 = AXIS2_PLACEMENT_3D ( 'NONE', #723, #548, #1945 ) ;
#1515 = VECTOR ( 'NONE', #624, 1000.000000000000000 ) ;
#1516 = CARTESIAN_POINT ( 'NONE',  ( -40.07901605703814596, -63.18395596606126219, 37.51586665186047043 ) ) ;
#1517 = VECTOR ( 'NONE', #2199, 1000.000000000000000 ) ;
#1518 = DIRECTION ( 'NONE',  ( -1.391185766331645727E-14, 1.000000000000000000, 0.000000000000000000 ) ) ;
#1519 = ADVANCED_FACE ( 'NONE', ( #2145 ), #787, .T. ) ;
#1520 = CARTESIAN_POINT ( 'NONE',  ( -45.47901605703862771, -28.08547286757860206, 15.41586665186049032 ) ) ;
#1521 = EDGE_CURVE ( 'NONE', #2009, #610, #1667, .T. ) ;
#1522 = EDGE_LOOP ( 'NONE', ( #1084, #1481, #762, #313, #1944, #106, #627, #668, #2, #2158, #1017, #2048 ) ) ;
#1523 = DIRECTION ( 'NONE',  ( 1.000000000000000000, 1.381898362218812789E-14, 0.000000000000000000 ) ) ;
#1524 = PLANE ( 'NONE',  #1548 ) ;
#1525 = ORIENTED_EDGE ( 'NONE', *, *, #1816, .T. ) ;
#1526 = CARTESIAN_POINT ( 'NONE',  ( -42.07901605703864334, -26.78547286757855872, 18.11586665186048961 ) ) ;
#1527 = DIRECTION ( 'NONE',  ( -1.000000000000000000, 0.000000000000000000, -0.000000000000000000 ) ) ;
#1528 = CARTESIAN_POINT ( 'NONE',  ( -45.47901605703864192, -27.18547286757860348, 15.41586665186049032 ) ) ;
#1529 = CC_DESIGN_DATE_AND_TIME_ASSIGNMENT ( #151, #2113, ( #987 ) ) ;
#1530 = FACE_OUTER_BOUND ( 'NONE', #2030, .T. ) ;
#1531 = ORIENTED_EDGE ( 'NONE', *, *, #780, .F. ) ;
#1532 = EDGE_CURVE ( 'NONE', #2115, #741, #978, .T. ) ;
#1533 = DIRECTION ( 'NONE',  ( -0.9284766908852594147, -1.296573501623616165E-14, -0.3713906763541037215 ) ) ;
#1534 = DIRECTION ( 'NONE',  ( 1.000000000000000000, 1.396452398161329869E-14, -0.000000000000000000 ) ) ;
#1535 = VERTEX_POINT ( 'NONE', #1811 ) ;
#1536 = FACE_OUTER_BOUND ( 'NONE', #1494, .T. ) ;
#1537 = DIRECTION ( 'NONE',  ( -3.869984939545046321E-30, 2.781788768404116749E-16, 1.000000000000000000 ) ) ;
#1538 = DIRECTION ( 'NONE',  ( -0.000000000000000000, -0.000000000000000000, -1.000000000000000000 ) ) ;
#1539 = VERTEX_POINT ( 'NONE', #248 ) ;
#1540 = VECTOR ( 'NONE', #7, 1000.000000000000000 ) ;
#1541 = ORIENTED_EDGE ( 'NONE', *, *, #1361, .T. ) ;
#1542 = LINE ( 'NONE', #1716, #204 ) ;
#1543 = LINE ( 'NONE', #156, #1472 ) ;
#1544 = ORIENTED_EDGE ( 'NONE', *, *, #629, .T. ) ;
#1545 = ADVANCED_FACE ( 'NONE', ( #941 ), #1500, .T. ) ;
#1546 = AXIS2_PLACEMENT_3D ( 'NONE', #729, #2112, #2148 ) ;
#1547 = DIRECTION ( 'NONE',  ( 1.391185766331645727E-14, -1.000000000000000000, 0.000000000000000000 ) ) ;
#1548 = AXIS2_PLACEMENT_3D ( 'NONE', #3, #1696, #1209 ) ;
#1549 = EDGE_CURVE ( 'NONE', #798, #1387, #1159, .T. ) ;
#1550 = AXIS2_PLACEMENT_3D ( 'NONE', #1268, #1048, #1748 ) ;
#1551 = DIRECTION ( 'NONE',  ( -1.000000000000000000, -1.391185766331645885E-14, 0.000000000000000000 ) ) ;
#1552 = PERSON_AND_ORGANIZATION_ROLE ( 'design_supplier' ) ;
#1553 = VECTOR ( 'NONE', #491, 1000.000000000000000 ) ;
#1554 = CC_DESIGN_APPROVAL ( #251, ( #1258 ) ) ;
#1555 = DIRECTION ( 'NONE',  ( 0.3713906763541197087, 5.186839989651200113E-15, 0.9284766908852528644 ) ) ;
#1556 = ORIENTED_EDGE ( 'NONE', *, *, #78, .F. ) ;
#1557 = PLANE ( 'NONE',  #2133 ) ;
#1558 = VERTEX_POINT ( 'NONE', #1340 ) ;
#1559 = CARTESIAN_POINT ( 'NONE',  ( -26.06685674231619743, 0.4345271324216677944, 43.51586665186052727 ) ) ;
#1560 = EDGE_CURVE ( 'NONE', #250, #1976, #1542, .T. ) ;
#1561 = DIRECTION ( 'NONE',  ( -1.000000000000000000, -1.411300455031978955E-14, 0.000000000000000000 ) ) ;
#1562 = FACE_OUTER_BOUND ( 'NONE', #448, .T. ) ;
#1563 = ORIENTED_EDGE ( 'NONE', *, *, #1681, .F. ) ;
#1564 = CARTESIAN_POINT ( 'NONE',  ( -45.47901605703889061, -9.145472867578614995, 21.70586665186048947 ) ) ;
#1565 = DIRECTION ( 'NONE',  ( -1.000000000000000000, -1.391185766331645885E-14, 0.000000000000000000 ) ) ;
#1566 = ORIENTED_EDGE ( 'NONE', *, *, #240, .F. ) ;
#1567 = DIRECTION ( 'NONE',  ( 0.000000000000000000, 0.000000000000000000, -1.000000000000000000 ) ) ;
#1568 = FACE_BOUND ( 'NONE', #330, .T. ) ;
#1569 = DIRECTION ( 'NONE',  ( -1.396452398161329711E-14, 1.000000000000000000, 0.000000000000000000 ) ) ;
#1570 = APPROVAL_ROLE ( '' ) ;
#1571 = EDGE_CURVE ( 'NONE', #1329, #1378, #155, .T. ) ;
#1572 = CARTESIAN_POINT ( 'NONE',  ( -40.07901605703901282, -5.575735666713015389E-13, 0.000000000000000000 ) ) ;
#1573 = ORIENTED_EDGE ( 'NONE', *, *, #1953, .F. ) ;
#1574 = EDGE_CURVE ( 'NONE', #1535, #1466, #791, .T. ) ;
#1575 = CARTESIAN_POINT ( 'NONE',  ( -37.18671935318161559, 0.4345271324215125297, 38.51586665186071912 ) ) ;
#1576 = CARTESIAN_POINT ( 'NONE',  ( -42.07901605703864334, -26.78547286757855872, 18.11586665186048961 ) ) ;
#1577 = ORIENTED_EDGE ( 'NONE', *, *, #1549, .T. ) ;
#1578 = DIRECTION ( 'NONE',  ( -1.396452398161329711E-14, 1.000000000000000000, 0.000000000000000000 ) ) ;
#1579 = LINE ( 'NONE', #1428, #1764 ) ;
#1580 = AXIS2_PLACEMENT_3D ( 'NONE', #841, #326, #832 ) ;
#1581 = VECTOR ( 'NONE', #314, 1000.000000000000000 ) ;
#1582 = ORIENTED_EDGE ( 'NONE', *, *, #570, .F. ) ;
#1583 = LINE ( 'NONE', #738, #1145 ) ;
#1584 = PERSON_AND_ORGANIZATION ( #1505, #2251 ) ;
#1585 = VECTOR ( 'NONE', #1822, 1000.000000000000000 ) ;
#1586 = EDGE_CURVE ( 'NONE', #1593, #1210, #102, .T. ) ;
#1587 = VECTOR ( 'NONE', #2079, 1000.000000000000000 ) ;
#1588 = CARTESIAN_POINT ( 'NONE',  ( -37.18671935318161559, 0.4345271324215125297, 38.51586665186071912 ) ) ;
#1589 = VERTEX_POINT ( 'NONE', #679 ) ;
#1590 = VECTOR ( 'NONE', #1637, 1000.000000000000000 ) ;
#1591 = ADVANCED_FACE ( 'NONE', ( #658 ), #2050, .T. ) ;
#1592 = FACE_OUTER_BOUND ( 'NONE', #213, .T. ) ;
#1593 = VERTEX_POINT ( 'NONE', #2126 ) ;
#1594 = DIRECTION ( 'NONE',  ( 1.391185766331645727E-14, -1.000000000000000000, 0.000000000000000000 ) ) ;
#1595 = DIRECTION ( 'NONE',  ( 1.396452398161330027E-14, -1.000000000000000000, -0.000000000000000000 ) ) ;
#1596 = ORIENTED_EDGE ( 'NONE', *, *, #62, .T. ) ;
#1597 = LINE ( 'NONE', #1078, #558 ) ;
#1598 = UNCERTAINTY_MEASURE_WITH_UNIT (LENGTH_MEASURE( 1.000000000000000082E-05 ), #2187, 'distance_accuracy_value', 'NONE');
#1599 = DIRECTION ( 'NONE',  ( -1.000000000000000000, -1.391185766331645885E-14, 0.000000000000000000 ) ) ;
#1600 = VERTEX_POINT ( 'NONE', #341 ) ;
#1601 = CARTESIAN_POINT ( 'NONE',  ( -45.47901605703888350, -9.345472867578605403, 0.000000000000000000 ) ) ;
#1602 = DIRECTION ( 'NONE',  ( 1.000000000000000000, 1.387778780781444413E-14, 0.000000000000000000 ) ) ;
#1603 = CARTESIAN_POINT ( 'NONE',  ( -37.18671935318199218, 5.434527132421512974, 19.73958928463307316 ) ) ;
#1604 = ORIENTED_EDGE ( 'NONE', *, *, #266, .T. ) ;
#1605 = EDGE_CURVE ( 'NONE', #1818, #728, #36, .T. ) ;
#1606 = CARTESIAN_POINT ( 'NONE',  ( -41.17901605703890056, -8.345472867578545006, 18.11586665186048961 ) ) ;
#1607 = CARTESIAN_POINT ( 'NONE',  ( -5.686719353181834968, 5.434527132421952622, 31.51586665186060898 ) ) ;
#1608 = EDGE_LOOP ( 'NONE', ( #2185, #2211 ) ) ;
#1609 = DIRECTION ( 'NONE',  ( 1.391185766331645727E-14, -1.000000000000000000, 0.000000000000000000 ) ) ;
#1610 = CARTESIAN_POINT ( 'NONE',  ( -45.47901605703859929, -29.78547286757860491, 13.51586665186048819 ) ) ;
#1611 = EDGE_LOOP ( 'NONE', ( #1337, #1413, #2064, #858 ) ) ;
#1612 = LINE ( 'NONE', #1291, #1221 ) ;
#1613 = FACE_BOUND ( 'NONE', #1077, .T. ) ;
#1614 = EDGE_LOOP ( 'NONE', ( #1890, #1446 ) ) ;
#1615 = FACE_OUTER_BOUND ( 'NONE', #1634, .T. ) ;
#1616 = DIRECTION ( 'NONE',  ( 1.000000000000000000, 1.541976423090498631E-14, 0.000000000000000000 ) ) ;
#1617 = ADVANCED_FACE ( 'NONE', ( #1232 ), #176, .T. ) ;
#1618 = ORIENTED_EDGE ( 'NONE', *, *, #1448, .T. ) ;
#1619 = CARTESIAN_POINT ( 'NONE',  ( -40.07901605703814596, -63.18395596606126219, 37.51586665186047043 ) ) ;
#1620 = ADVANCED_FACE ( 'NONE', ( #1388 ), #55, .T. ) ;
#1621 = VECTOR ( 'NONE', #1537, 1000.000000000000000 ) ;
#1622 = LINE ( 'NONE', #2124, #1443 ) ;
#1623 = VECTOR ( 'NONE', #1534, 1000.000000000000000 ) ;
#1624 = ORIENTED_EDGE ( 'NONE', *, *, #484, .T. ) ;
#1625 = AXIS2_PLACEMENT_3D ( 'NONE', #187, #1414, #576 ) ;
#1626 = LINE ( 'NONE', #1819, #1839 ) ;
#1627 = CARTESIAN_POINT ( 'NONE',  ( -42.07901605703895598, -4.345472867578557441, 18.11586665186048961 ) ) ;
#1628 = ORIENTED_EDGE ( 'NONE', *, *, #824, .F. ) ;
#1629 = CIRCLE ( 'NONE', #859, 0.9000000000000005773 ) ;
#1630 = VECTOR ( 'NONE', #122, 1000.000000000000114 ) ;
#1631 = EDGE_LOOP ( 'NONE', ( #2002, #1246, #1968, #913 ) ) ;
#1632 = CYLINDRICAL_SURFACE ( 'NONE', #279, 0.8999999999999980238 ) ;
#1633 = DIRECTION ( 'NONE',  ( 1.391185766331645727E-14, -1.000000000000000000, 0.000000000000000000 ) ) ;
#1634 = EDGE_LOOP ( 'NONE', ( #1499, #119, #525, #1866 ) ) ;
#1635 = DIRECTION ( 'NONE',  ( -1.000000000000000000, -1.349229370204186223E-14, 0.000000000000000000 ) ) ;
#1636 = EDGE_CURVE ( 'NONE', #1926, #765, #429, .T. ) ;
#1637 = DIRECTION ( 'NONE',  ( 1.000000000000000000, 1.396538683850522543E-14, 5.591396669780008888E-16 ) ) ;
#1638 = ORIENTED_EDGE ( 'NONE', *, *, #1308, .T. ) ;
#1639 = CARTESIAN_POINT ( 'NONE',  ( -40.07901605703893466, -5.345472867578528131, 13.51586665186048819 ) ) ;
#1640 = DIRECTION ( 'NONE',  ( -1.000000000000000000, 0.000000000000000000, 1.334402673828314029E-15 ) ) ;
#1641 = ORIENTED_EDGE ( 'NONE', *, *, #1549, .F. ) ;
#1642 = DIRECTION ( 'NONE',  ( 1.541976423090504626E-14, -1.000000000000000000, 0.000000000000000000 ) ) ;
#1643 = ORIENTED_EDGE ( 'NONE', *, *, #1043, .T. ) ;
#1644 = EDGE_LOOP ( 'NONE', ( #1905, #1228, #808, #789 ) ) ;
#1645 = DIRECTION ( 'NONE',  ( -1.396452398161329711E-14, 1.000000000000000000, 0.000000000000000000 ) ) ;
#1646 = LINE ( 'NONE', #1252, #1732 ) ;
#1647 = EDGE_CURVE ( 'NONE', #1039, #1746, #1995, .T. ) ;
#1648 = ORIENTED_EDGE ( 'NONE', *, *, #1532, .F. ) ;
#1649 = DIRECTION ( 'NONE',  ( 1.396452398161330027E-14, -1.000000000000000000, -0.000000000000000000 ) ) ;
#1650 = DIRECTION ( 'NONE',  ( 1.000000000000000000, 1.396452398161329869E-14, 0.000000000000000000 ) ) ;
#1651 = EDGE_CURVE ( 'NONE', #1976, #322, #1304, .T. ) ;
#1652 = EDGE_LOOP ( 'NONE', ( #1628, #209, #677, #989 ) ) ;
#1653 = CARTESIAN_POINT ( 'NONE',  ( -42.07901605703891335, -8.345472867578557441, 44.51586665186049174 ) ) ;
#1654 = DIRECTION ( 'NONE',  ( 1.391185766331645727E-14, -1.000000000000000000, 0.000000000000000000 ) ) ;
#1655 = ORIENTED_EDGE ( 'NONE', *, *, #2053, .F. ) ;
#1656 = DIRECTION ( 'NONE',  ( -1.391185766331645885E-14, 1.000000000000000000, 0.000000000000000000 ) ) ;
#1657 = AXIS2_PLACEMENT_3D ( 'NONE', #853, #1892, #1527 ) ;
#1658 = CARTESIAN_POINT ( 'NONE',  ( -37.47901605703903982, 0.4345271324215084219, 25.51586665186048819 ) ) ;
#1659 = EDGE_LOOP ( 'NONE', ( #903, #2039 ) ) ;
#1660 = VECTOR ( 'NONE', #1382, 1000.000000000000000 ) ;
#1661 = CC_DESIGN_DATE_AND_TIME_ASSIGNMENT ( #534, #1711, ( #1258 ) ) ;
#1662 = AXIS2_PLACEMENT_3D ( 'NONE', #418, #1110, #1642 ) ;
#1663 = CARTESIAN_POINT ( 'NONE',  ( -46.67901605703894319, -5.345472867578621390, 13.51586665186048819 ) ) ;
#1664 = VERTEX_POINT ( 'NONE', #400 ) ;
#1665 = AXIS2_PLACEMENT_3D ( 'NONE', #189, #1235, #1937 ) ;
#1666 = EDGE_CURVE ( 'NONE', #442, #113, #911, .T. ) ;
#1667 = LINE ( 'NONE', #286, #565 ) ;
#1668 = DIRECTION ( 'NONE',  ( -1.391185766331645727E-14, 1.000000000000000000, -0.000000000000000000 ) ) ;
#1669 = VECTOR ( 'NONE', #936, 1000.000000000000000 ) ;
#1670 = ORIENTED_EDGE ( 'NONE', *, *, #1782, .T. ) ;
#1671 = ORIENTED_EDGE ( 'NONE', *, *, #1687, .T. ) ;
#1672 = DIRECTION ( 'NONE',  ( -1.000000000000000000, -1.491937061898802475E-14, 1.334402673828314029E-15 ) ) ;
#1673 =( NAMED_UNIT ( * ) SI_UNIT ( $, .STERADIAN. ) SOLID_ANGLE_UNIT ( ) );
#1674 = DIRECTION ( 'NONE',  ( 1.391185766331645885E-14, -1.000000000000000000, 0.000000000000000000 ) ) ;
#1675 = ORIENTED_EDGE ( 'NONE', *, *, #1678, .F. ) ;
#1676 = FACE_OUTER_BOUND ( 'NONE', #23, .T. ) ;
#1677 = ORIENTED_EDGE ( 'NONE', *, *, #1913, .F. ) ;
#1678 = EDGE_CURVE ( 'NONE', #1877, #51, #220, .T. ) ;
#1679 = VERTEX_POINT ( 'NONE', #1783 ) ;
#1680 = DIRECTION ( 'NONE',  ( -1.391185766331645727E-14, 1.000000000000000000, 0.000000000000000000 ) ) ;
#1681 = EDGE_CURVE ( 'NONE', #1332, #1600, #1612, .T. ) ;
#1682 = CARTESIAN_POINT ( 'NONE',  ( -42.07901605703889203, -9.145472867578568810, 21.70586665186048947 ) ) ;
#1683 = PLANE ( 'NONE',  #930 ) ;
#1684 = ORIENTED_EDGE ( 'NONE', *, *, #387, .F. ) ;
#1685 = CARTESIAN_POINT ( 'NONE',  ( -45.47901605703889061, -9.145472867578614995, 21.70586665186048947 ) ) ;
#1686 = ORIENTED_EDGE ( 'NONE', *, *, #223, .T. ) ;
#1687 = EDGE_CURVE ( 'NONE', #84, #837, #1092, .T. ) ;
#1688 = DIRECTION ( 'NONE',  ( -1.000000000000000000, -1.349229370204186223E-14, 0.000000000000000000 ) ) ;
#1689 = ADVANCED_FACE ( 'NONE', ( #745 ), #1082, .T. ) ;
#1690 = FACE_OUTER_BOUND ( 'NONE', #397, .T. ) ;
#1691 = DIRECTION ( 'NONE',  ( 0.000000000000000000, 0.000000000000000000, 1.000000000000000000 ) ) ;
#1692 = VECTOR ( 'NONE', #760, 1000.000000000000000 ) ;
#1693 = CARTESIAN_POINT ( 'NONE',  ( -46.67901605703895029, -4.345472867578621390, 13.51586665186048819 ) ) ;
#1694 = ORIENTED_EDGE ( 'NONE', *, *, #977, .T. ) ;
#1695 = CIRCLE ( 'NONE', #1662, 0.8999999999999945821 ) ;
#1696 = DIRECTION ( 'NONE',  ( -1.391185766331645727E-14, 1.000000000000000000, 0.000000000000000000 ) ) ;
#1697 = ORIENTED_EDGE ( 'NONE', *, *, #1225, .T. ) ;
#1698 = AXIS2_PLACEMENT_3D ( 'NONE', #443, #1317, #59 ) ;
#1699 = VECTOR ( 'NONE', #695, 1000.000000000000000 ) ;
#1700 = FACE_OUTER_BOUND ( 'NONE', #1936, .T. ) ;
#1701 = VECTOR ( 'NONE', #2175, 1000.000000000000000 ) ;
#1702 = CYLINDRICAL_SURFACE ( 'NONE', #705, 0.8999999999999980238 ) ;
#1703 =( NAMED_UNIT ( * ) PLANE_ANGLE_UNIT ( ) SI_UNIT ( $, .RADIAN. ) );
#1704 = EDGE_CURVE ( 'NONE', #1814, #111, #1267, .T. ) ;
#1705 = DIRECTION ( 'NONE',  ( 1.000000000000000000, 1.396452398161329869E-14, -0.000000000000000000 ) ) ;
#1706 = ORIENTED_EDGE ( 'NONE', *, *, #570, .T. ) ;
#1707 = LINE ( 'NONE', #847, #1031 ) ;
#1708 = VERTEX_POINT ( 'NONE', #105 ) ;
#1709 = CARTESIAN_POINT ( 'NONE',  ( -4.065129846300377991, -30.78547286757803292, 13.51586665186048819 ) ) ;
#1710 = CARTESIAN_POINT ( 'NONE',  ( -40.07901605703894887, -4.345472867578529019, 13.51586665186048819 ) ) ;
#1711 = DATE_TIME_ROLE ( 'classification_date' ) ;
#1712 = EDGE_CURVE ( 'NONE', #2215, #1238, #1106, .T. ) ;
#1713 = DIRECTION ( 'NONE',  ( 0.000000000000000000, 0.000000000000000000, -1.000000000000000000 ) ) ;
#1714 = ORIENTED_EDGE ( 'NONE', *, *, #226, .T. ) ;
#1715 = ADVANCED_FACE ( 'NONE', ( #92 ), #962, .F. ) ;
#1716 = CARTESIAN_POINT ( 'NONE',  ( -37.47901605703853534, -35.56547286757849236, 37.51586665186048464 ) ) ;
#1717 = DIRECTION ( 'NONE',  ( -1.184937450883940121E-29, 8.517463875499873007E-16, 1.000000000000000000 ) ) ;
#1718 = ORIENTED_EDGE ( 'NONE', *, *, #1786, .T. ) ;
#1719 = CARTESIAN_POINT ( 'NONE',  ( -45.47901605703888350, -9.345472867578605403, 40.21586665186048748 ) ) ;
#1720 = CARTESIAN_POINT ( 'NONE',  ( -23.77677186830750244, 5.434527132421700379, 16.51586665186048464 ) ) ;
#1721 = LINE ( 'NONE', #1933, #678 ) ;
#1722 = ORIENTED_EDGE ( 'NONE', *, *, #1140, .F. ) ;
#1723 = CLOSED_SHELL ( 'NONE', ( #2137, #471, #542, #757, #1322, #946, #656, #328, #1006, #1756, #712, #108, #2232, #1868, #1351, #772, #193, #1958, #838, #434, #304, #1386, #1545, #1752, #1335, #1338, #931, #1591, #573, #1715, #464, #81, #584, #1451, #1407, #294, #2004, #499, #1885, #1269, #1277, #904, #1264, #1827, #1115, #181, #1620, #1770, #1519, #671, #1830, #1927, #297, #1617, #1251, #1081, #1170, #419, #270, #2162, #641, #1689, #981, #1024, #2207, #1507, #539, #154, #372, #2000, #888, #2220, #669 ) ) ;
#1724 = DIRECTION ( 'NONE',  ( -1.391185766331645727E-14, 1.000000000000000000, -0.000000000000000000 ) ) ;
#1725 = ORIENTED_EDGE ( 'NONE', *, *, #2015, .T. ) ;
#1726 = EDGE_CURVE ( 'NONE', #407, #271, #137, .T. ) ;
#1727 = VECTOR ( 'NONE', #65, 1000.000000000000000 ) ;
#1728 = DIRECTION ( 'NONE',  ( 1.000000000000000000, 1.541976423090498631E-14, 0.000000000000000000 ) ) ;
#1729 = AXIS2_PLACEMENT_3D ( 'NONE', #498, #2249, #1193 ) ;
#1730 = DIRECTION ( 'NONE',  ( -1.396452398161329711E-14, 1.000000000000000000, 0.000000000000000000 ) ) ;
#1731 = PERSON_AND_ORGANIZATION_ROLE ( 'creator' ) ;
#1732 = VECTOR ( 'NONE', #730, 1000.000000000000000 ) ;
#1733 = AXIS2_PLACEMENT_3D ( 'NONE', #1449, #426, #1117 ) ;
#1734 = CARTESIAN_POINT ( 'NONE',  ( -37.47901605703815164, -63.18395596606121956, 37.51586665186048464 ) ) ;
#1735 = ORIENTED_EDGE ( 'NONE', *, *, #345, .F. ) ;
#1736 = CARTESIAN_POINT ( 'NONE',  ( -26.00813662658999803, -35.56547286757833604, 43.51586665186052727 ) ) ;
#1737 = DIRECTION ( 'NONE',  ( -1.000000000000000000, -1.391185766331645727E-14, 0.000000000000000000 ) ) ;
#1738 = CARTESIAN_POINT ( 'NONE',  ( -45.47901605703901851, -6.329819961720134443E-13, 23.91586665186049032 ) ) ;
#1739 = ORIENTED_EDGE ( 'NONE', *, *, #2150, .T. ) ;
#1740 = DIRECTION ( 'NONE',  ( -1.000000000000000000, 0.000000000000000000, -0.000000000000000000 ) ) ;
#1741 = CYLINDRICAL_SURFACE ( 'NONE', #2060, 0.9000000000000005773 ) ;
#1742 = EDGE_CURVE ( 'NONE', #1118, #974, #1629, .T. ) ;
#1743 = CARTESIAN_POINT ( 'NONE',  ( -42.07901605703901282, -5.855026146345282341E-13, 0.000000000000000000 ) ) ;
#1744 = EDGE_CURVE ( 'NONE', #1994, #1589, #622, .T. ) ;
#1745 = LINE ( 'NONE', #687, #1480 ) ;
#1746 = VERTEX_POINT ( 'NONE', #1453 ) ;
#1747 = CARTESIAN_POINT ( 'NONE',  ( -41.17901605703864476, -26.78547286757854451, 18.11586665186048961 ) ) ;
#1748 = DIRECTION ( 'NONE',  ( 1.000000000000000000, 1.396452398161329869E-14, 0.000000000000000000 ) ) ;
#1749 = EDGE_LOOP ( 'NONE', ( #1760, #880, #1697, #747 ) ) ;
#1750 = DIRECTION ( 'NONE',  ( 1.000000000000000000, 1.396452398161329869E-14, -0.000000000000000000 ) ) ;
#1751 = CARTESIAN_POINT ( 'NONE',  ( -36.18671935318171506, 0.4345271324215264630, 46.51586665186048464 ) ) ;
#1752 = ADVANCED_FACE ( 'NONE', ( #1997 ), #2164, .T. ) ;
#1753 = ORIENTED_EDGE ( 'NONE', *, *, #1987, .T. ) ;
#1754 = PLANE ( 'NONE',  #307 ) ;
#1755 = COORDINATED_UNIVERSAL_TIME_OFFSET ( 8, 0, .AHEAD. ) ;
#1756 = ADVANCED_FACE ( 'NONE', ( #771 ), #1462, .T. ) ;
#1757 = CYLINDRICAL_SURFACE ( 'NONE', #1005, 0.8999999999999945821 ) ;
#1758 = ORIENTED_EDGE ( 'NONE', *, *, #849, .T. ) ;
#1759 = DIRECTION ( 'NONE',  ( -1.000000000000000000, 0.000000000000000000, 0.000000000000000000 ) ) ;
#1760 = ORIENTED_EDGE ( 'NONE', *, *, #1460, .F. ) ;
#1761 = CARTESIAN_POINT ( 'NONE',  ( -40.07901605703851544, -35.56547286757852788, 25.51586665186049174 ) ) ;
#1762 = CARTESIAN_POINT ( 'NONE',  ( -42.07901605703888492, -9.345472867578557441, 0.000000000000000000 ) ) ;
#1763 = VECTOR ( 'NONE', #1800, 1000.000000000000000 ) ;
#1764 = VECTOR ( 'NONE', #727, 1000.000000000000000 ) ;
#1765 = ORIENTED_EDGE ( 'NONE', *, *, #619, .F. ) ;
#1766 = CARTESIAN_POINT ( 'NONE',  ( -23.77677186830750244, 5.434527132421700379, 16.51586665186048464 ) ) ;
#1767 = VECTOR ( 'NONE', #1247, 1000.000000000000000 ) ;
#1768 = VECTOR ( 'NONE', #2008, 1000.000000000000000 ) ;
#1769 = CARTESIAN_POINT ( 'NONE',  ( -23.77677186830750244, 5.434527132421700379, 16.51586665186048464 ) ) ;
#1770 = ADVANCED_FACE ( 'NONE', ( #450 ), #1683, .T. ) ;
#1771 = ORIENTED_EDGE ( 'NONE', *, *, #685, .T. ) ;
#1772 =( GEOMETRIC_REPRESENTATION_CONTEXT ( 3 ) GLOBAL_UNCERTAINTY_ASSIGNED_CONTEXT ( ( #1598 ) ) GLOBAL_UNIT_ASSIGNED_CONTEXT ( ( #2187, #1703, #1673 ) ) REPRESENTATION_CONTEXT ( 'NONE', 'WORKASPACE' ) );
#1773 = DIRECTION ( 'NONE',  ( 1.000000000000000000, 1.396452398161329869E-14, -0.000000000000000000 ) ) ;
#1774 = CARTESIAN_POINT ( 'NONE',  ( -26.00813662659020409, -35.56547286757833604, 19.51586665186048464 ) ) ;
#1775 = ORIENTED_EDGE ( 'NONE', *, *, #1016, .T. ) ;
#1776 = CARTESIAN_POINT ( 'NONE',  ( -36.18671935318171506, 0.4345271324215264630, 46.51586665186048464 ) ) ;
#1777 = CARTESIAN_POINT ( 'NONE',  ( -35.11901605703801721, -63.18395596606119113, 43.41586665186051874 ) ) ;
#1778 = ORIENTED_EDGE ( 'NONE', *, *, #1506, .T. ) ;
#1779 = CARTESIAN_POINT ( 'NONE',  ( -41.17901605703858792, -30.78547286757854451, 18.11586665186048961 ) ) ;
#1780 = DIRECTION ( 'NONE',  ( -0.000000000000000000, -0.000000000000000000, -1.000000000000000000 ) ) ;
#1781 = ORIENTED_EDGE ( 'NONE', *, *, #50, .T. ) ;
#1782 = EDGE_CURVE ( 'NONE', #1466, #1679, #2248, .T. ) ;
#1783 = CARTESIAN_POINT ( 'NONE',  ( -26.00813662659020409, -35.56547286757833604, 19.51586665186048464 ) ) ;
#1784 = CARTESIAN_POINT ( 'NONE',  ( -45.47901605703861350, -28.98547286757859709, 47.61586665186048606 ) ) ;
#1785 = ORIENTED_EDGE ( 'NONE', *, *, #725, .F. ) ;
#1786 = EDGE_CURVE ( 'NONE', #1900, #1836, #242, .T. ) ;
#1787 = LINE ( 'NONE', #355, #1847 ) ;
#1788 = DIRECTION ( 'NONE',  ( 0.000000000000000000, 0.000000000000000000, -1.000000000000000000 ) ) ;
#1789 = EDGE_LOOP ( 'NONE', ( #1979, #1510 ) ) ;
#1790 = CYLINDRICAL_SURFACE ( 'NONE', #818, 0.8999999999999980238 ) ;
#1791 = LINE ( 'NONE', #1658, #681 ) ;
#1792 = EDGE_LOOP ( 'NONE', ( #1254, #737, #955, #263, #497, #1325, #1946, #536 ) ) ;
#1793 = CARTESIAN_POINT ( 'NONE',  ( -40.07901605703901993, 0.4345271324214721731, 25.51586665186048819 ) ) ;
#1794 = CARTESIAN_POINT ( 'NONE',  ( -45.47901605703883376, -12.75547286757860377, 23.91586665186049032 ) ) ;
#1795 = ORIENTED_EDGE ( 'NONE', *, *, #1204, .F. ) ;
#1796 = CARTESIAN_POINT ( 'NONE',  ( -42.97901605703864192, -26.78547286757857293, 18.11586665186048961 ) ) ;
#1797 = CARTESIAN_POINT ( 'NONE',  ( -37.47901605703853534, -35.56547286757849236, 25.51586665186048819 ) ) ;
#1798 = EDGE_CURVE ( 'NONE', #605, #1600, #1015, .T. ) ;
#1799 = ORIENTED_EDGE ( 'NONE', *, *, #977, .F. ) ;
#1800 = DIRECTION ( 'NONE',  ( 1.391185766331645885E-14, -1.000000000000000000, 0.000000000000000000 ) ) ;
#1801 = VECTOR ( 'NONE', #1061, 1000.000000000000000 ) ;
#1802 = LINE ( 'NONE', #88, #2068 ) ;
#1803 = AXIS2_PLACEMENT_3D ( 'NONE', #1427, #1594, #734 ) ;
#1804 = ORIENTED_EDGE ( 'NONE', *, *, #1586, .F. ) ;
#1805 = VECTOR ( 'NONE', #1439, 1000.000000000000114 ) ;
#1806 = PLANE ( 'NONE',  #97 ) ;
#1807 = DIRECTION ( 'NONE',  ( 1.391185766331645727E-14, -1.000000000000000000, 0.000000000000000000 ) ) ;
#1808 = VERTEX_POINT ( 'NONE', #462 ) ;
#1809 = AXIS2_PLACEMENT_3D ( 'NONE', #2153, #1820, #1640 ) ;
#1810 = VECTOR ( 'NONE', #1164, 1000.000000000000000 ) ;
#1811 = CARTESIAN_POINT ( 'NONE',  ( -26.00813662658999803, -35.56547286757833604, 43.51586665186052727 ) ) ;
#1812 = FACE_OUTER_BOUND ( 'NONE', #1094, .T. ) ;
#1813 = EDGE_CURVE ( 'NONE', #944, #2194, #282, .T. ) ;
#1814 = VERTEX_POINT ( 'NONE', #123 ) ;
#1815 = CARTESIAN_POINT ( 'NONE',  ( -42.07901605703888492, -9.545472867578558507, 13.51586665186048819 ) ) ;
#1816 = EDGE_CURVE ( 'NONE', #1430, #1450, #152, .T. ) ;
#1817 = DIRECTION ( 'NONE',  ( 1.396452398161330027E-14, -1.000000000000000000, -0.000000000000000000 ) ) ;
#1818 = VERTEX_POINT ( 'NONE', #1175 ) ;
#1819 = CARTESIAN_POINT ( 'NONE',  ( -45.47901605703861350, -28.98547286757859709, 15.41586665186049032 ) ) ;
#1820 = DIRECTION ( 'NONE',  ( -1.334402673828314029E-15, -1.863429813980439851E-29, -1.000000000000000000 ) ) ;
#1821 = ORIENTED_EDGE ( 'NONE', *, *, #2223, .T. ) ;
#1822 = DIRECTION ( 'NONE',  ( 1.000000000000000000, 1.396452398161329869E-14, -0.000000000000000000 ) ) ;
#1823 = DIRECTION ( 'NONE',  ( -1.541976423090504626E-14, 1.000000000000000000, 0.000000000000000000 ) ) ;
#1824 = ORIENTED_EDGE ( 'NONE', *, *, #1666, .F. ) ;
#1825 = ORIENTED_EDGE ( 'NONE', *, *, #1311, .T. ) ;
#1826 = LINE ( 'NONE', #957, #922 ) ;
#1827 = ADVANCED_FACE ( 'NONE', ( #1156 ), #631, .T. ) ;
#1828 = DIRECTION ( 'NONE',  ( -1.000000000000000000, -1.391185766331645727E-14, 0.000000000000000000 ) ) ;
#1829 = ORIENTED_EDGE ( 'NONE', *, *, #266, .F. ) ;
#1830 = ADVANCED_FACE ( 'NONE', ( #1530 ), #826, .F. ) ;
#1831 = FACE_OUTER_BOUND ( 'NONE', #1141, .T. ) ;
#1832 = CARTESIAN_POINT ( 'NONE',  ( -5.686719353181834968, 5.434527132421952622, 31.51586665186060898 ) ) ;
#1833 = ORIENTED_EDGE ( 'NONE', *, *, #254, .F. ) ;
#1834 = DIRECTION ( 'NONE',  ( -1.391185766331645727E-14, 1.000000000000000000, -0.000000000000000000 ) ) ;
#1835 = CARTESIAN_POINT ( 'NONE',  ( -35.11901605703853591, -35.56547286757845683, 19.51586665186048464 ) ) ;
#1836 = VERTEX_POINT ( 'NONE', #2017 ) ;
#1837 = ORIENTED_EDGE ( 'NONE', *, *, #527, .T. ) ;
#1838 = CARTESIAN_POINT ( 'NONE',  ( -45.47901605703861350, -28.98547286757859709, 15.41586665186049032 ) ) ;
#1839 = VECTOR ( 'NONE', #924, 1000.000000000000000 ) ;
#1840 = DIRECTION ( 'NONE',  ( 0.000000000000000000, 0.000000000000000000, 1.000000000000000000 ) ) ;
#1841 = ORIENTED_EDGE ( 'NONE', *, *, #1586, .T. ) ;
#1842 = VECTOR ( 'NONE', #423, 1000.000000000000000 ) ;
#1843 = EDGE_CURVE ( 'NONE', #1808, #2115, #1886, .T. ) ;
#1844 = VECTOR ( 'NONE', #1135, 1000.000000000000000 ) ;
#1845 = PLANE ( 'NONE',  #1879 ) ;
#1846 = ORIENTED_EDGE ( 'NONE', *, *, #2026, .F. ) ;
#1847 = VECTOR ( 'NONE', #1050, 1000.000000000000000 ) ;
#1848 = CARTESIAN_POINT ( 'NONE',  ( -45.47901605703867034, -24.73547286757860419, 37.91586665186049743 ) ) ;
#1849 = DIRECTION ( 'NONE',  ( -1.000000000000000000, -1.391185766331645885E-14, 0.000000000000000000 ) ) ;
#1850 = VECTOR ( 'NONE', #1538, 1000.000000000000000 ) ;
#1851 = EDGE_LOOP ( 'NONE', ( #98, #1525, #1192, #1739 ) ) ;
#1852 = ORIENTED_EDGE ( 'NONE', *, *, #39, .T. ) ;
#1853 = DIRECTION ( 'NONE',  ( -1.391185766331645885E-14, 1.000000000000000000, 0.000000000000000000 ) ) ;
#1854 = DIRECTION ( 'NONE',  ( 0.000000000000000000, 0.000000000000000000, -1.000000000000000000 ) ) ;
#1855 = ORIENTED_EDGE ( 'NONE', *, *, #331, .T. ) ;
#1856 = EDGE_CURVE ( 'NONE', #985, #2009, #469, .T. ) ;
#1857 = CARTESIAN_POINT ( 'NONE',  ( -41.17901605703891477, -8.345472867578545006, 44.51586665186049174 ) ) ;
#1858 = ORIENTED_EDGE ( 'NONE', *, *, #1158, .T. ) ;
#1859 = EDGE_CURVE ( 'NONE', #322, #1535, #975, .T. ) ;
#1860 = ORIENTED_EDGE ( 'NONE', *, *, #210, .F. ) ;
#1861 = CARTESIAN_POINT ( 'NONE',  ( -45.47901605703862771, -28.08547286757860206, 47.61586665186048606 ) ) ;
#1862 = LINE ( 'NONE', #2057, #1483 ) ;
#1863 = DIRECTION ( 'NONE',  ( 1.000000000000000000, 1.396452398161329869E-14, -0.000000000000000000 ) ) ;
#1864 = EDGE_LOOP ( 'NONE', ( #917, #1026, #2121, #1493 ) ) ;
#1865 = CARTESIAN_POINT ( 'NONE',  ( -45.47901605703867034, -24.73547286757860419, 0.000000000000000000 ) ) ;
#1866 = ORIENTED_EDGE ( 'NONE', *, *, #121, .F. ) ;
#1867 = DIRECTION ( 'NONE',  ( 1.000000000000000000, 1.396452398161329869E-14, -0.000000000000000000 ) ) ;
#1868 = ADVANCED_FACE ( 'NONE', ( #115 ), #1872, .T. ) ;
#1869 = FACE_OUTER_BOUND ( 'NONE', #274, .T. ) ;
#1870 = CARTESIAN_POINT ( 'NONE',  ( -45.47901605703866323, -29.78547286757860491, 23.91586665186049032 ) ) ;
#1871 = VECTOR ( 'NONE', #1208, 1000.000000000000000 ) ;
#1872 = PLANE ( 'NONE',  #1187 ) ;
#1873 = AXIS2_PLACEMENT_3D ( 'NONE', #476, #684, #15 ) ;
#1874 = VERTEX_POINT ( 'NONE', #2239 ) ;
#1875 = VECTOR ( 'NONE', #166, 1000.000000000000000 ) ;
#1876 = CARTESIAN_POINT ( 'NONE',  ( -42.97901605703865613, -26.78547286757857293, 44.51586665186049174 ) ) ;
#1877 = VERTEX_POINT ( 'NONE', #843 ) ;
#1878 = VECTOR ( 'NONE', #1109, 1000.000000000000000 ) ;
#1879 = AXIS2_PLACEMENT_3D ( 'NONE', #664, #1323, #135 ) ;
#1880 = CARTESIAN_POINT ( 'NONE',  ( -37.47901605703853534, 0.4345271324215081998, 25.51586665186048819 ) ) ;
#1881 = AXIS2_PLACEMENT_3D ( 'NONE', #1312, #813, #2046 ) ;
#1882 = EDGE_CURVE ( 'NONE', #728, #1454, #993, .T. ) ;
#1883 = CARTESIAN_POINT ( 'NONE',  ( -42.07901605703892045, -7.045472867578557619, 15.41586665186049032 ) ) ;
#1884 = CARTESIAN_POINT ( 'NONE',  ( -40.07901605703843018, -41.56547286757854920, 18.31586665186049601 ) ) ;
#1885 = ADVANCED_FACE ( 'NONE', ( #312 ), #1845, .T. ) ;
#1886 = LINE ( 'NONE', #654, #643 ) ;
#1887 = VERTEX_POINT ( 'NONE', #676 ) ;
#1888 = DIRECTION ( 'NONE',  ( 1.000000000000000000, 1.396452398161329869E-14, -0.000000000000000000 ) ) ;
#1889 = DIRECTION ( 'NONE',  ( 1.391185766331645885E-14, -1.000000000000000000, 0.000000000000000000 ) ) ;
#1890 = ORIENTED_EDGE ( 'NONE', *, *, #873, .F. ) ;
#1891 = CARTESIAN_POINT ( 'NONE',  ( -37.18671935318180033, 0.4345271324215126407, 25.51586665186048819 ) ) ;
#1892 = DIRECTION ( 'NONE',  ( 0.000000000000000000, 0.000000000000000000, -1.000000000000000000 ) ) ;
#1893 = CALENDAR_DATE ( 2026, 24, 6 ) ;
#1894 = CC_DESIGN_PERSON_AND_ORGANIZATION_ASSIGNMENT ( #2238, #1552, ( #1959 ) ) ;
#1895 = CARTESIAN_POINT ( 'NONE',  ( -23.77677186830743139, 0.4345271324216997688, 16.51586665186048464 ) ) ;
#1896 = EDGE_CURVE ( 'NONE', #616, #2202, #2138, .T. ) ;
#1897 = ORIENTED_EDGE ( 'NONE', *, *, #437, .F. ) ;
#1898 = CARTESIAN_POINT ( 'NONE',  ( -40.07901605703814596, -63.18395596606126219, 25.51586665186049174 ) ) ;
#1899 = DIRECTION ( 'NONE',  ( 0.000000000000000000, 0.000000000000000000, 1.000000000000000000 ) ) ;
#1900 = VERTEX_POINT ( 'NONE', #1142 ) ;
#1901 = LINE ( 'NONE', #1011, #21 ) ;
#1902 = CARTESIAN_POINT ( 'NONE',  ( -41.17901605703860213, -30.78547286757854451, 44.51586665186049174 ) ) ;
#1903 = SECURITY_CLASSIFICATION_LEVEL ( 'unclassified' ) ;
#1904 = LINE ( 'NONE', #2103, #1699 ) ;
#1905 = ORIENTED_EDGE ( 'NONE', *, *, #1376, .F. ) ;
#1906 = VECTOR ( 'NONE', #1404, 1000.000000000000000 ) ;
#1907 = EDGE_CURVE ( 'NONE', #1356, #1887, #1007, .T. ) ;
#1908 = CIRCLE ( 'NONE', #1468, 0.9000000000000005773 ) ;
#1909 = DIRECTION ( 'NONE',  ( 1.000000000000000000, 1.396452398161329869E-14, -0.000000000000000000 ) ) ;
#1910 = DIRECTION ( 'NONE',  ( -1.000000000000000000, -1.396452398161329869E-14, 0.000000000000000000 ) ) ;
#1911 = EDGE_LOOP ( 'NONE', ( #230, #1686, #2099, #937 ) ) ;
#1912 = VECTOR ( 'NONE', #1352, 1000.000000000000000 ) ;
#1913 = EDGE_CURVE ( 'NONE', #1708, #682, #1904, .T. ) ;
#1914 = DIRECTION ( 'NONE',  ( 1.396452398161330027E-14, -1.000000000000000000, -0.000000000000000000 ) ) ;
#1915 = FACE_OUTER_BOUND ( 'NONE', #2035, .T. ) ;
#1916 = CIRCLE ( 'NONE', #1032, 0.8999999999999998002 ) ;
#1917 = VECTOR ( 'NONE', #2192, 1000.000000000000000 ) ;
#1918 = CYLINDRICAL_SURFACE ( 'NONE', #852, 23.59999999999999432 ) ;
#1919 = APPROVAL_ROLE ( '' ) ;
#1920 = AXIS2_PLACEMENT_3D ( 'NONE', #1120, #258, #951 ) ;
#1921 = LOCAL_TIME ( 15, 25, 48.00000000000000000, #1345 ) ;
#1922 = LINE ( 'NONE', #1242, #28 ) ;
#1923 = VERTEX_POINT ( 'NONE', #2088 ) ;
#1924 = CARTESIAN_POINT ( 'NONE',  ( -45.47901605703864192, -27.18547286757860704, 15.41586665186049032 ) ) ;
#1925 = PLANE ( 'NONE',  #929 ) ;
#1926 = VERTEX_POINT ( 'NONE', #546 ) ;
#1927 = ADVANCED_FACE ( 'NONE', ( #1412 ), #1757, .F. ) ;
#1928 = CARTESIAN_POINT ( 'NONE',  ( -37.18671935318168664, 5.434527132421512974, 38.51586665186071912 ) ) ;
#1929 = DIRECTION ( 'NONE',  ( 1.000000000000000000, 1.541976423090498631E-14, 0.000000000000000000 ) ) ;
#1930 = EDGE_CURVE ( 'NONE', #1220, #1356, #1377, .T. ) ;
#1931 = ORIENTED_EDGE ( 'NONE', *, *, #18, .F. ) ;
#1932 = CARTESIAN_POINT ( 'NONE',  ( -42.07901605703895598, -4.345472867578557441, 18.11586665186048961 ) ) ;
#1933 = CARTESIAN_POINT ( 'NONE',  ( -42.07901605703883519, -12.75547286757855581, 0.000000000000000000 ) ) ;
#1934 = ORIENTED_EDGE ( 'NONE', *, *, #502, .F. ) ;
#1935 = DIRECTION ( 'NONE',  ( 5.189941093118903991E-30, -3.730588120380229462E-16, 1.000000000000000000 ) ) ;
#1936 = EDGE_LOOP ( 'NONE', ( #583, #556, #759, #2012 ) ) ;
#1937 = DIRECTION ( 'NONE',  ( 1.000000000000000000, 0.000000000000000000, -0.000000000000000000 ) ) ;
#1938 = CARTESIAN_POINT ( 'NONE',  ( -45.47901605703867034, -24.95547286757859951, 40.21586665186048748 ) ) ;
#1939 = EDGE_CURVE ( 'NONE', #2171, #402, #715, .T. ) ;
#1940 = ORIENTED_EDGE ( 'NONE', *, *, #645, .F. ) ;
#1941 = DIRECTION ( 'NONE',  ( 1.391185766331645885E-14, -1.000000000000000000, 0.000000000000000000 ) ) ;
#1942 = APPROVAL_DATE_TIME ( #501, #251 ) ;
#1943 = LINE ( 'NONE', #1588, #1587 ) ;
#1944 = ORIENTED_EDGE ( 'NONE', *, *, #398, .T. ) ;
#1945 = DIRECTION ( 'NONE',  ( 1.000000000000000000, 1.396452398161329869E-14, 0.000000000000000000 ) ) ;
#1946 = ORIENTED_EDGE ( 'NONE', *, *, #2150, .F. ) ;
#1947 = LINE ( 'NONE', #214, #1917 ) ;
#1948 = PLANE ( 'NONE',  #790 ) ;
#1949 = VECTOR ( 'NONE', #1229, 1000.000000000000000 ) ;
#1950 = AXIS2_PLACEMENT_3D ( 'NONE', #225, #2119, #381 ) ;
#1951 = VERTEX_POINT ( 'NONE', #2114 ) ;
#1952 = CARTESIAN_POINT ( 'NONE',  ( -42.97901605703889771, -8.345472867578569875, 18.11586665186048961 ) ) ;
#1953 = EDGE_CURVE ( 'NONE', #414, #1356, #1922, .T. ) ;
#1954 = CIRCLE ( 'NONE', #642, 0.8999999999999980238 ) ;
#1955 = VECTOR ( 'NONE', #1089, 1000.000000000000000 ) ;
#1956 = CARTESIAN_POINT ( 'NONE',  ( -45.47901605703893324, -6.145472867578604337, 15.41586665186049032 ) ) ;
#1957 = ORIENTED_EDGE ( 'NONE', *, *, #511, .F. ) ;
#1958 = ADVANCED_FACE ( 'NONE', ( #1033 ), #1045, .T. ) ;
#1959 = PRODUCT_DEFINITION_FORMATION_WITH_SPECIFIED_SOURCE ( '任何', '', #707, .NOT_KNOWN. ) ;
#1960 = DIRECTION ( 'NONE',  ( 1.391185766331645727E-14, -1.000000000000000000, 0.000000000000000000 ) ) ;
#1961 = DIRECTION ( 'NONE',  ( -1.000000000000000000, -1.396544670686647603E-14, 0.000000000000000000 ) ) ;
#1962 = EDGE_LOOP ( 'NONE', ( #806, #878 ) ) ;
#1963 = FACE_OUTER_BOUND ( 'NONE', #2188, .T. ) ;
#1964 = CARTESIAN_POINT ( 'NONE',  ( -45.47901605703894035, -5.345472867578603626, 13.51586665186048819 ) ) ;
#1965 = ORIENTED_EDGE ( 'NONE', *, *, #780, .T. ) ;
#1966 = DIRECTION ( 'NONE',  ( 1.000000000000000000, 1.396452398161329869E-14, -0.000000000000000000 ) ) ;
#1967 = DIRECTION ( 'NONE',  ( -1.391185766331645885E-14, 1.000000000000000000, -2.896032514151597832E-16 ) ) ;
#1968 = ORIENTED_EDGE ( 'NONE', *, *, #809, .T. ) ;
#1969 = EDGE_CURVE ( 'NONE', #2183, #714, #1943, .T. ) ;
#1970 = DIRECTION ( 'NONE',  ( 1.000000000000000000, 1.396452398161329869E-14, -0.000000000000000000 ) ) ;
#1971 = DIRECTION ( 'NONE',  ( 1.000000000000000000, 1.395160582806878911E-14, 0.000000000000000000 ) ) ;
#1972 = FACE_OUTER_BOUND ( 'NONE', #1396, .T. ) ;
#1973 = VERTEX_POINT ( 'NONE', #721 ) ;
#1974 = DIRECTION ( 'NONE',  ( 0.000000000000000000, 0.000000000000000000, -1.000000000000000000 ) ) ;
#1975 = ADVANCED_BREP_SHAPE_REPRESENTATION ( 'uc01板块', ( #749, #647 ), #1772 ) ;
#1976 = VERTEX_POINT ( 'NONE', #363 ) ;
#1977 = CARTESIAN_POINT ( 'NONE',  ( -37.18671935318180033, 0.4345271324215125297, 37.51586665186068359 ) ) ;
#1978 = CARTESIAN_POINT ( 'NONE',  ( -4.065129846300391314, -29.78547286757802937, 13.51586665186048819 ) ) ;
#1979 = ORIENTED_EDGE ( 'NONE', *, *, #196, .T. ) ;
#1980 = CARTESIAN_POINT ( 'NONE',  ( -45.47901605703901851, -6.329819961720134443E-13, 40.21586665186048748 ) ) ;
#1981 = CARTESIAN_POINT ( 'NONE',  ( -45.47901605703859929, -29.78547286757860135, 23.91586665186049032 ) ) ;
#1982 = ORIENTED_EDGE ( 'NONE', *, *, #62, .F. ) ;
#1983 = EDGE_CURVE ( 'NONE', #988, #1450, #1, .T. ) ;
#1984 = EDGE_LOOP ( 'NONE', ( #1965, #617, #532, #89 ) ) ;
#1985 = DIRECTION ( 'NONE',  ( -1.000000000000000000, -1.349229370204186223E-14, 0.000000000000000000 ) ) ;
#1986 = CARTESIAN_POINT ( 'NONE',  ( -45.47901605703901851, -6.329819961720134443E-13, 13.51586665186048819 ) ) ;
#1987 = EDGE_CURVE ( 'NONE', #1951, #1238, #1745, .T. ) ;
#1988 = ORIENTED_EDGE ( 'NONE', *, *, #1043, .F. ) ;
#1989 = DIRECTION ( 'NONE',  ( 0.000000000000000000, 0.000000000000000000, 1.000000000000000000 ) ) ;
#1990 = VECTOR ( 'NONE', #1250, 1000.000000000000000 ) ;
#1991 = AXIS2_PLACEMENT_3D ( 'NONE', #1465, #453, #1823 ) ;
#1992 = LINE ( 'NONE', #53, #1038 ) ;
#1993 = VECTOR ( 'NONE', #599, 1000.000000000000000 ) ;
#1994 = VERTEX_POINT ( 'NONE', #1769 ) ;
#1995 = CIRCLE ( 'NONE', #566, 0.8999999999999980238 ) ;
#1996 = CARTESIAN_POINT ( 'NONE',  ( -37.47901605703853534, -35.56547286757849236, 25.51586665186048819 ) ) ;
#1997 = FACE_OUTER_BOUND ( 'NONE', #470, .T. ) ;
#1998 = ORIENTED_EDGE ( 'NONE', *, *, #694, .F. ) ;
#1999 = CARTESIAN_POINT ( 'NONE',  ( -37.18671935318168664, 5.434527132421512974, 38.51586665186071912 ) ) ;
#2000 = ADVANCED_FACE ( 'NONE', ( #174 ), #1196, .F. ) ;
#2001 = VERTEX_POINT ( 'NONE', #183 ) ;
#2002 = ORIENTED_EDGE ( 'NONE', *, *, #357, .F. ) ;
#2003 = CARTESIAN_POINT ( 'NONE',  ( -45.47901605703893324, -6.145472867578604337, 15.41586665186049032 ) ) ;
#2004 = ADVANCED_FACE ( 'NONE', ( #1562 ), #194, .F. ) ;
#2005 = PLANE ( 'NONE',  #608 ) ;
#2006 = ORIENTED_EDGE ( 'NONE', *, *, #236, .T. ) ;
#2007 = DIRECTION ( 'NONE',  ( -1.000000000000000000, -1.396452398161329869E-14, 0.000000000000000000 ) ) ;
#2008 = DIRECTION ( 'NONE',  ( 1.000000000000000000, 1.396452398161329869E-14, -0.000000000000000000 ) ) ;
#2009 = VERTEX_POINT ( 'NONE', #9 ) ;
#2010 = CARTESIAN_POINT ( 'NONE',  ( -37.18671935318180033, 5.434527132421512974, 17.51586665186048819 ) ) ;
#2011 = DIRECTION ( 'NONE',  ( -1.000000000000000000, -1.391185766331645727E-14, 0.000000000000000000 ) ) ;
#2012 = ORIENTED_EDGE ( 'NONE', *, *, #2120, .F. ) ;
#2013 = ORIENTED_EDGE ( 'NONE', *, *, #1237, .F. ) ;
#2014 = CARTESIAN_POINT ( 'NONE',  ( -42.07901605703891335, -8.345472867578557441, 44.51586665186049174 ) ) ;
#2015 = EDGE_CURVE ( 'NONE', #1113, #407, #898, .T. ) ;
#2016 = ORIENTED_EDGE ( 'NONE', *, *, #226, .F. ) ;
#2017 = CARTESIAN_POINT ( 'NONE',  ( -41.17901605703897161, -4.345472867578545006, 44.51586665186049174 ) ) ;
#2018 = VERTEX_POINT ( 'NONE', #709 ) ;
#2019 = CARTESIAN_POINT ( 'NONE',  ( -46.67901605703858792, -30.78547286757862267, 13.51586665186048819 ) ) ;
#2020 = CARTESIAN_POINT ( 'NONE',  ( -42.07901605703901282, -5.855026146345282341E-13, 0.000000000000000000 ) ) ;
#2021 = ORIENTED_EDGE ( 'NONE', *, *, #2108, .T. ) ;
#2022 = VERTEX_POINT ( 'NONE', #1401 ) ;
#2023 = CARTESIAN_POINT ( 'NONE',  ( -40.07901605703900572, 0.4345271324214693975, 19.73958928463307316 ) ) ;
#2024 = AXIS2_PLACEMENT_3D ( 'NONE', #440, #1518, #2237 ) ;
#2025 = CYLINDRICAL_SURFACE ( 'NONE', #425, 0.8999999999999980238 ) ;
#2026 = EDGE_CURVE ( 'NONE', #1098, #1315, #535, .T. ) ;
#2027 = AXIS2_PLACEMENT_3D ( 'NONE', #1501, #293, #986 ) ;
#2028 = CARTESIAN_POINT ( 'NONE',  ( -5.686719353181259429, -35.56547286757805182, 31.51586665186033187 ) ) ;
#2029 = EDGE_CURVE ( 'NONE', #837, #2177, #1721, .T. ) ;
#2030 = EDGE_LOOP ( 'NONE', ( #1133, #1858, #1284, #1566 ) ) ;
#2031 = VECTOR ( 'NONE', #1578, 1000.000000000000000 ) ;
#2032 = CARTESIAN_POINT ( 'NONE',  ( -40.07901605703900572, 0.4345271324214693975, 37.51586665186068359 ) ) ;
#2033 = AXIS2_PLACEMENT_3D ( 'NONE', #1275, #1263, #778 ) ;
#2034 = AXIS2_PLACEMENT_3D ( 'NONE', #255, #582, #958 ) ;
#2035 = EDGE_LOOP ( 'NONE', ( #139, #1124 ) ) ;
#2036 = DIRECTION ( 'NONE',  ( 1.387778780781445676E-14, -1.000000000000000000, -0.000000000000000000 ) ) ;
#2037 = APPLICATION_PROTOCOL_DEFINITION ( 'international standard', 'config_control_design', 1994, #638 ) ;
#2038 = CARTESIAN_POINT ( 'NONE',  ( -45.47901605703867034, -24.95547286757860306, 49.51586665186048464 ) ) ;
#2039 = ORIENTED_EDGE ( 'NONE', *, *, #240, .T. ) ;
#2040 = EDGE_CURVE ( 'NONE', #926, #605, #1056, .T. ) ;
#2041 = DIRECTION ( 'NONE',  ( 1.000000000000000000, 1.396452398161329869E-14, 5.337610695313256118E-15 ) ) ;
#2042 = CARTESIAN_POINT ( 'NONE',  ( -45.47901605703866323, -25.48547286757860419, 23.91586665186049032 ) ) ;
#2043 = ORIENTED_EDGE ( 'NONE', *, *, #133, .F. ) ;
#2044 = PLANE ( 'NONE',  #965 ) ;
#2045 = DIRECTION ( 'NONE',  ( 1.000000000000000000, 1.396452398161329869E-14, -0.000000000000000000 ) ) ;
#2046 = DIRECTION ( 'NONE',  ( -1.387778780781445676E-14, 1.000000000000000000, 0.000000000000000000 ) ) ;
#2047 = DIRECTION ( 'NONE',  ( -1.000000000000000000, -1.396452398161329869E-14, 0.000000000000000000 ) ) ;
#2048 = ORIENTED_EDGE ( 'NONE', *, *, #1983, .F. ) ;
#2049 = ORIENTED_EDGE ( 'NONE', *, *, #1983, .T. ) ;
#2050 = CYLINDRICAL_SURFACE ( 'NONE', #169, 1.000000000000000888 ) ;
#2051 = CARTESIAN_POINT ( 'NONE',  ( -23.77677186830743139, 0.4345271324216997688, 16.51586665186048464 ) ) ;
#2052 = ORIENTED_EDGE ( 'NONE', *, *, #736, .F. ) ;
#2053 = EDGE_CURVE ( 'NONE', #985, #1808, #555, .T. ) ;
#2054 = DIRECTION ( 'NONE',  ( 0.000000000000000000, 0.000000000000000000, 1.000000000000000000 ) ) ;
#2055 = EDGE_CURVE ( 'NONE', #222, #610, #1646, .T. ) ;
#2056 = DIRECTION ( 'NONE',  ( -1.000000000000000000, -1.391185766331645885E-14, 0.000000000000000000 ) ) ;
#2057 = CARTESIAN_POINT ( 'NONE',  ( -42.07901605703866466, -25.48547286757855446, 0.000000000000000000 ) ) ;
#2058 = AXIS2_PLACEMENT_3D ( 'NONE', #1932, #1363, #1202 ) ;
#2059 = DIRECTION ( 'NONE',  ( -1.000000000000000000, 0.000000000000000000, 0.000000000000000000 ) ) ;
#2060 = AXIS2_PLACEMENT_3D ( 'NONE', #1171, #1867, #2085 ) ;
#2061 = EDGE_LOOP ( 'NONE', ( #2125, #216, #1243, #1137 ) ) ;
#2062 = AXIS2_PLACEMENT_3D ( 'NONE', #906, #2110, #368 ) ;
#2063 = CARTESIAN_POINT ( 'NONE',  ( -37.18671935318180033, 5.434527132421512974, 17.51586665186048819 ) ) ;
#2064 = ORIENTED_EDGE ( 'NONE', *, *, #1571, .F. ) ;
#2065 = AXIS2_PLACEMENT_3D ( 'NONE', #2106, #1093, #1405 ) ;
#2066 = AXIS2_PLACEMENT_3D ( 'NONE', #1188, #1713, #814 ) ;
#2067 = PLANE ( 'NONE',  #1729 ) ;
#2068 = VECTOR ( 'NONE', #1967, 1000.000000000000000 ) ;
#2069 = EDGE_CURVE ( 'NONE', #1378, #1814, #571, .T. ) ;
#2070 = DIRECTION ( 'NONE',  ( 0.000000000000000000, 0.000000000000000000, 1.000000000000000000 ) ) ;
#2071 = CARTESIAN_POINT ( 'NONE',  ( -4.065129846300377991, -30.78547286757803292, 49.51586665186048464 ) ) ;
#2072 = EDGE_LOOP ( 'NONE', ( #547, #2151, #1273, #1302 ) ) ;
#2073 = DIRECTION ( 'NONE',  ( 1.396452398161330027E-14, -1.000000000000000000, -0.000000000000000000 ) ) ;
#2074 = DIRECTION ( 'NONE',  ( 0.000000000000000000, 0.000000000000000000, 1.000000000000000000 ) ) ;
#2075 = ORIENTED_EDGE ( 'NONE', *, *, #1913, .T. ) ;
#2076 = FACE_OUTER_BOUND ( 'NONE', #1513, .T. ) ;
#2077 = DIRECTION ( 'NONE',  ( 1.541976423090494213E-14, -1.000000000000000000, 0.000000000000000000 ) ) ;
#2078 = EDGE_CURVE ( 'NONE', #798, #124, #754, .T. ) ;
#2079 = DIRECTION ( 'NONE',  ( -1.486905836551602130E-14, 0.000000000000000000, 1.000000000000000000 ) ) ;
#2080 = ORIENTED_EDGE ( 'NONE', *, *, #824, .T. ) ;
#2081 = EDGE_CURVE ( 'NONE', #682, #837, #1802, .T. ) ;
#2082 = CARTESIAN_POINT ( 'NONE',  ( -46.67901605703860213, -29.78547286757861912, 49.51586665186048464 ) ) ;
#2083 = ORIENTED_EDGE ( 'NONE', *, *, #1448, .F. ) ;
#2084 = LINE ( 'NONE', #14, #2031 ) ;
#2085 = DIRECTION ( 'NONE',  ( -1.541976423090494213E-14, 1.000000000000000000, 0.000000000000000000 ) ) ;
#2086 = CARTESIAN_POINT ( 'NONE',  ( -45.47901605703894035, -5.345472867578603626, 21.70586665186048947 ) ) ;
#2087 = EDGE_CURVE ( 'NONE', #1808, #665, #2139, .T. ) ;
#2088 = CARTESIAN_POINT ( 'NONE',  ( -45.47901605703867034, -24.95547286757859951, 40.21586665186048748 ) ) ;
#2089 = ORIENTED_EDGE ( 'NONE', *, *, #133, .T. ) ;
#2090 = EDGE_CURVE ( 'NONE', #2202, #616, #32, .T. ) ;
#2091 = VECTOR ( 'NONE', #1645, 1000.000000000000000 ) ;
#2092 = CARTESIAN_POINT ( 'NONE',  ( -42.07901605703889913, -8.345472867578557441, 18.11586665186048961 ) ) ;
#2093 = ORIENTED_EDGE ( 'NONE', *, *, #1574, .F. ) ;
#2094 = VECTOR ( 'NONE', #1595, 1000.000000000000000 ) ;
#2095 = LINE ( 'NONE', #1075, #2097 ) ;
#2096 = DIRECTION ( 'NONE',  ( 1.396452398161330027E-14, -1.000000000000000000, -0.000000000000000000 ) ) ;
#2097 = VECTOR ( 'NONE', #894, 1000.000000000000000 ) ;
#2098 = VECTOR ( 'NONE', #595, 1000.000000000000000 ) ;
#2099 = ORIENTED_EDGE ( 'NONE', *, *, #597, .T. ) ;
#2100 = LINE ( 'NONE', #16, #1540 ) ;
#2101 = APPROVAL_STATUS ( 'not_yet_approved' ) ;
#2102 = VECTOR ( 'NONE', #1780, 1000.000000000000000 ) ;
#2103 = CARTESIAN_POINT ( 'NONE',  ( -45.47901605703867034, -24.73547286757860419, 23.91586665186049387 ) ) ;
#2104 = ORIENTED_EDGE ( 'NONE', *, *, #1744, .T. ) ;
#2105 = CARTESIAN_POINT ( 'NONE',  ( -46.67901605703860213, -29.78547286757861912, 13.51586665186048819 ) ) ;
#2106 = CARTESIAN_POINT ( 'NONE',  ( -36.18671935318173638, 0.4345271324215264630, 17.51586665186048819 ) ) ;
#2107 = ORIENTED_EDGE ( 'NONE', *, *, #812, .F. ) ;
#2108 = EDGE_CURVE ( 'NONE', #2018, #1973, #1622, .T. ) ;
#2109 = CYLINDRICAL_SURFACE ( 'NONE', #752, 1.000000000000000888 ) ;
#2110 = DIRECTION ( 'NONE',  ( -1.391185766331645727E-14, 1.000000000000000000, 0.000000000000000000 ) ) ;
#2111 = ORIENTED_EDGE ( 'NONE', *, *, #2090, .F. ) ;
#2112 = DIRECTION ( 'NONE',  ( 1.000000000000000000, 1.391185766331645885E-14, -0.000000000000000000 ) ) ;
#2113 = DATE_TIME_ROLE ( 'creation_date' ) ;
#2114 = CARTESIAN_POINT ( 'NONE',  ( -42.07901605703866466, -25.48547286757855446, 23.91586665186049032 ) ) ;
#2115 = VERTEX_POINT ( 'NONE', #243 ) ;
#2116 = FACE_OUTER_BOUND ( 'NONE', #623, .T. ) ;
#2117 = ORIENTED_EDGE ( 'NONE', *, *, #1605, .F. ) ;
#2118 = CYLINDRICAL_SURFACE ( 'NONE', #421, 0.8999999999999945821 ) ;
#2119 = DIRECTION ( 'NONE',  ( -1.391185766331645727E-14, 1.000000000000000000, -0.000000000000000000 ) ) ;
#2120 = EDGE_CURVE ( 'NONE', #507, #1118, #1422, .T. ) ;
#2121 = ORIENTED_EDGE ( 'NONE', *, *, #1143, .T. ) ;
#2122 = DIRECTION ( 'NONE',  ( 1.000000000000000000, 0.000000000000000000, -0.000000000000000000 ) ) ;
#2123 = EDGE_CURVE ( 'NONE', #959, #1387, #315, .T. ) ;
#2124 = CARTESIAN_POINT ( 'NONE',  ( -37.18671935318178612, 5.434527132421512974, 45.51586665186047043 ) ) ;
#2125 = ORIENTED_EDGE ( 'NONE', *, *, #143, .F. ) ;
#2126 = CARTESIAN_POINT ( 'NONE',  ( -29.28671935318175912, 0.4345271324216228304, 31.51586665186033187 ) ) ;
#2127 = DIRECTION ( 'NONE',  ( -0.000000000000000000, -0.000000000000000000, -1.000000000000000000 ) ) ;
#2128 = ORIENTED_EDGE ( 'NONE', *, *, #522, .T. ) ;
#2129 = AXIS2_PLACEMENT_3D ( 'NONE', #2228, #1551, #1215 ) ;
#2130 = CARTESIAN_POINT ( 'NONE',  ( -36.18671935318173638, 0.4345271324215264630, 16.51586665186048464 ) ) ;
#2131 = DIRECTION ( 'NONE',  ( 1.396452398161329869E-14, -1.000000000000000000, -0.000000000000000000 ) ) ;
#2132 = CC_DESIGN_PERSON_AND_ORGANIZATION_ASSIGNMENT ( #1203, #1731, ( #987 ) ) ;
#2133 = AXIS2_PLACEMENT_3D ( 'NONE', #1738, #2074, #480 ) ;
#2134 = ORIENTED_EDGE ( 'NONE', *, *, #511, .T. ) ;
#2135 = CARTESIAN_POINT ( 'NONE',  ( -5.686719353181761250, 0.4345271324219524001, 31.51586665186033187 ) ) ;
#2136 = AXIS2_PLACEMENT_3D ( 'NONE', #11, #186, #698 ) ;
#2137 = ADVANCED_FACE ( 'NONE', ( #218 ), #396, .F. ) ;
#2138 = CIRCLE ( 'NONE', #893, 0.8999999999999945821 ) ;
#2139 = LINE ( 'NONE', #1469, #1701 ) ;
#2140 = ORIENTED_EDGE ( 'NONE', *, *, #1476, .F. ) ;
#2141 = CARTESIAN_POINT ( 'NONE',  ( -36.18671935318180033, 5.434527132421526296, 16.51586665186048464 ) ) ;
#2142 = DIRECTION ( 'NONE',  ( -1.000000000000000000, -1.387778780781444413E-14, 0.000000000000000000 ) ) ;
#2143 = DIRECTION ( 'NONE',  ( 1.541976423090495476E-14, -1.000000000000000000, 0.000000000000000000 ) ) ;
#2144 = VERTEX_POINT ( 'NONE', #79 ) ;
#2145 = FACE_OUTER_BOUND ( 'NONE', #1864, .T. ) ;
#2146 = FACE_OUTER_BOUND ( 'NONE', #1631, .T. ) ;
#2147 = ORIENTED_EDGE ( 'NONE', *, *, #2029, .F. ) ;
#2148 = DIRECTION ( 'NONE',  ( 1.541976423090504626E-14, -1.000000000000000000, 0.000000000000000000 ) ) ;
#2149 = CARTESIAN_POINT ( 'NONE',  ( -46.67901605703860213, -29.78547286757861912, 13.51586665186048819 ) ) ;
#2150 = EDGE_CURVE ( 'NONE', #665, #64, #1301, .T. ) ;
#2151 = ORIENTED_EDGE ( 'NONE', *, *, #1373, .F. ) ;
#2152 = CARTESIAN_POINT ( 'NONE',  ( -45.47901605703894035, -5.345472867578608067, 33.92586665186048833 ) ) ;
#2153 = CARTESIAN_POINT ( 'NONE',  ( -37.47901605703815164, -63.18395596606121956, 25.51586665186048819 ) ) ;
#2154 = EDGE_CURVE ( 'NONE', #899, #2144, #265, .T. ) ;
#2155 = EDGE_LOOP ( 'NONE', ( #1714, #1261, #1475, #259, #267, #1855, #613, #994 ) ) ;
#2156 = DIRECTION ( 'NONE',  ( 3.747002708109903955E-14, -1.000000000000000000, -3.136580618563349353E-29 ) ) ;
#2157 = CARTESIAN_POINT ( 'NONE',  ( -42.07901605703865755, -26.78547286757855872, 44.51586665186049174 ) ) ;
#2158 = ORIENTED_EDGE ( 'NONE', *, *, #2087, .T. ) ;
#2159 = FACE_OUTER_BOUND ( 'NONE', #1125, .T. ) ;
#2160 = CARTESIAN_POINT ( 'NONE',  ( -4.065129846300731487, -5.345472867578028087, 13.51586665186048819 ) ) ;
#2161 = VERTEX_POINT ( 'NONE', #767 ) ;
#2162 = ADVANCED_FACE ( 'NONE', ( #386 ), #2005, .T. ) ;
#2163 = DIRECTION ( 'NONE',  ( 1.391185766331645885E-14, -1.000000000000000000, 0.000000000000000000 ) ) ;
#2164 = PLANE ( 'NONE',  #1809 ) ;
#2165 = EDGE_LOOP ( 'NONE', ( #1825, #463 ) ) ;
#2166 = EDGE_CURVE ( 'NONE', #2183, #690, #1791, .T. ) ;
#2167 = CARTESIAN_POINT ( 'NONE',  ( -40.07901605703858650, -30.78547286757853030, 13.51586665186048819 ) ) ;
#2168 = LINE ( 'NONE', #1857, #1000 ) ;
#2169 = ORIENTED_EDGE ( 'NONE', *, *, #812, .T. ) ;
#2170 = AXIS2_PLACEMENT_3D ( 'NONE', #950, #308, #2218 ) ;
#2171 = VERTEX_POINT ( 'NONE', #947 ) ;
#2172 = LINE ( 'NONE', #1343, #743 ) ;
#2173 = VECTOR ( 'NONE', #140, 1000.000000000000000 ) ;
#2174 = CIRCLE ( 'NONE', #489, 0.8999999999999945821 ) ;
#2175 = DIRECTION ( 'NONE',  ( -1.000000000000000000, -1.391185766331645727E-14, 0.000000000000000000 ) ) ;
#2176 = AXIS2_PLACEMENT_3D ( 'NONE', #48, #1408, #563 ) ;
#2177 = VERTEX_POINT ( 'NONE', #1101 ) ;
#2178 = DIRECTION ( 'NONE',  ( -1.396452398161329869E-14, 1.000000000000000000, 0.000000000000000000 ) ) ;
#2179 = DIRECTION ( 'NONE',  ( 1.000000000000000000, 1.541976423090498631E-14, 0.000000000000000000 ) ) ;
#2180 = EDGE_LOOP ( 'NONE', ( #439, #1563, #1456, #86 ) ) ;
#2181 = DIRECTION ( 'NONE',  ( -1.396452398161329869E-14, 1.000000000000000000, -8.517463875499872021E-16 ) ) ;
#2182 = PLANE ( 'NONE',  #1104 ) ;
#2183 = VERTEX_POINT ( 'NONE', #909 ) ;
#2184 = EDGE_CURVE ( 'NONE', #784, #1926, #229, .T. ) ;
#2185 = ORIENTED_EDGE ( 'NONE', *, *, #1786, .F. ) ;
#2186 = LINE ( 'NONE', #650, #338 ) ;
#2187 =( LENGTH_UNIT ( ) NAMED_UNIT ( * ) SI_UNIT ( .MILLI., .METRE. ) );
#2188 = EDGE_LOOP ( 'NONE', ( #1982, #635, #1292, #479, #1841, #374, #1544, #2190, #1231, #1846, #733, #1531, #1426 ) ) ;
#2189 = DIRECTION ( 'NONE',  ( -1.000000000000000000, -1.391185766331645885E-14, 0.000000000000000000 ) ) ;
#2190 = ORIENTED_EDGE ( 'NONE', *, *, #1052, .F. ) ;
#2191 = VERTEX_POINT ( 'NONE', #1610 ) ;
#2192 = DIRECTION ( 'NONE',  ( -1.391185766331645885E-14, 1.000000000000000000, 0.000000000000000000 ) ) ;
#2193 = DIRECTION ( 'NONE',  ( 1.000000000000000000, 1.391185766331645727E-14, 0.000000000000000000 ) ) ;
#2194 = VERTEX_POINT ( 'NONE', #1287 ) ;
#2195 = EDGE_CURVE ( 'NONE', #2234, #1406, #1992, .T. ) ;
#2196 = ORIENTED_EDGE ( 'NONE', *, *, #6, .T. ) ;
#2197 = CARTESIAN_POINT ( 'NONE',  ( -45.47901605703901851, -6.329819961720134443E-13, 23.91586665186049032 ) ) ;
#2198 = EDGE_CURVE ( 'NONE', #988, #1818, #834, .T. ) ;
#2199 = DIRECTION ( 'NONE',  ( 0.5007198442836120478, 0.8656094024099988404, 0.000000000000000000 ) ) ;
#2200 = VERTEX_POINT ( 'NONE', #1004 ) ;
#2201 = LINE ( 'NONE', #110, #24 ) ;
#2202 = VERTEX_POINT ( 'NONE', #1528 ) ;
#2203 = ORIENTED_EDGE ( 'NONE', *, *, #1953, .T. ) ;
#2204 = CARTESIAN_POINT ( 'NONE',  ( -46.67901605703894319, -5.345472867578621390, 13.51586665186048819 ) ) ;
#2205 = CIRCLE ( 'NONE', #61, 1.000000000000000888 ) ;
#2206 = PERSON_AND_ORGANIZATION_ROLE ( 'design_owner' ) ;
#2207 = ADVANCED_FACE ( 'NONE', ( #131 ), #620, .F. ) ;
#2208 = AXIS2_PLACEMENT_3D ( 'NONE', #581, #1966, #908 ) ;
#2209 = CIRCLE ( 'NONE', #165, 23.50000000000000000 ) ;
#2210 = DIRECTION ( 'NONE',  ( 1.000000000000000000, 1.396452398161329869E-14, -0.000000000000000000 ) ) ;
#2211 = ORIENTED_EDGE ( 'NONE', *, *, #809, .F. ) ;
#2212 = AXIS2_PLACEMENT_3D ( 'NONE', #390, #560, #1961 ) ;
#2213 = FACE_BOUND ( 'NONE', #896, .T. ) ;
#2214 = VECTOR ( 'NONE', #575, 1000.000000000000000 ) ;
#2215 = VERTEX_POINT ( 'NONE', #1870 ) ;
#2216 = APPROVAL_PERSON_ORGANIZATION ( #1584, #251, #1570 ) ;
#2217 = CARTESIAN_POINT ( 'NONE',  ( -40.07901605703858650, -30.78547286757853030, 13.51586665186048819 ) ) ;
#2218 = DIRECTION ( 'NONE',  ( 1.541976423090495476E-14, -1.000000000000000000, 0.000000000000000000 ) ) ;
#2219 = APPROVAL_STATUS ( 'not_yet_approved' ) ;
#2220 = ADVANCED_FACE ( 'NONE', ( #1487 ), #2025, .F. ) ;
#2221 = DIRECTION ( 'NONE',  ( 1.541976423090504626E-14, -1.000000000000000000, 0.000000000000000000 ) ) ;
#2222 = ORIENTED_EDGE ( 'NONE', *, *, #1001, .F. ) ;
#2223 = EDGE_CURVE ( 'NONE', #111, #944, #309, .T. ) ;
#2224 = CARTESIAN_POINT ( 'NONE',  ( -5.686719353181259429, -35.56547286757805182, 31.51586665186033187 ) ) ;
#2225 = LINE ( 'NONE', #1037, #63 ) ;
#2226 = EDGE_LOOP ( 'NONE', ( #1102, #976, #1090, #247 ) ) ;
#2227 = PLANE ( 'NONE',  #2240 ) ;
#2228 = CARTESIAN_POINT ( 'NONE',  ( -42.07901605703901282, -5.855026146345282341E-13, 0.000000000000000000 ) ) ;
#2229 = CARTESIAN_POINT ( 'NONE',  ( -40.07901605703893466, -5.345472867578528131, 49.51586665186048464 ) ) ;
#2230 = DIRECTION ( 'NONE',  ( 1.000000000000000000, 1.381898362218812789E-14, 0.000000000000000000 ) ) ;
#2231 = EDGE_LOOP ( 'NONE', ( #146, #2107, #1280, #626, #391, #2093, #703, #492, #1206 ) ) ;
#2232 = ADVANCED_FACE ( 'NONE', ( #630 ), #298, .F. ) ;
#2233 = LINE ( 'NONE', #1512, #201 ) ;
#2234 = VERTEX_POINT ( 'NONE', #1682 ) ;
#2235 = EDGE_CURVE ( 'NONE', #1600, #1951, #1862, .T. ) ;
#2236 = CARTESIAN_POINT ( 'NONE',  ( -42.07901605703867176, -24.73547286757855446, 37.91586665186049743 ) ) ;
#2237 = DIRECTION ( 'NONE',  ( -1.000000000000000000, -1.349229370204186223E-14, 0.000000000000000000 ) ) ;
#2238 = PERSON_AND_ORGANIZATION ( #1505, #2251 ) ;
#2239 = CARTESIAN_POINT ( 'NONE',  ( -35.07901605703904124, 0.4345271324215418951, 19.51586665186048464 ) ) ;
#2240 = AXIS2_PLACEMENT_3D ( 'NONE', #1709, #1360, #670 ) ;
#2241 = ORIENTED_EDGE ( 'NONE', *, *, #1281, .T. ) ;
#2242 = CIRCLE ( 'NONE', #1253, 0.8999999999999980238 ) ;
#2243 = LINE ( 'NONE', #1198, #1100 ) ;
#2244 = DIRECTION ( 'NONE',  ( 1.396452398161329869E-14, -1.000000000000000000, -0.000000000000000000 ) ) ;
#2245 = DIRECTION ( 'NONE',  ( -1.000000000000000000, -1.391185766331645727E-14, 0.000000000000000000 ) ) ;
#2246 = ORIENTED_EDGE ( 'NONE', *, *, #461, .F. ) ;
#2247 = VECTOR ( 'NONE', #1146, 1000.000000000000000 ) ;
#2248 = CIRCLE ( 'NONE', #68, 23.59999999999999432 ) ;
#2249 = DIRECTION ( 'NONE',  ( -1.000000000000000000, -1.391185766331645885E-14, 0.000000000000000000 ) ) ;
#2250 = EDGE_CURVE ( 'NONE', #2022, #178, #488, .T. ) ;
#2251 = ORGANIZATION ( '未指定', '未指定', '' ) ;
#2252 = CARTESIAN_POINT ( 'NONE',  ( -45.47901605703888350, -9.345472867578605403, 49.51586665186048464 ) ) ;
#2253 = CALENDAR_DATE ( 2026, 24, 6 ) ;
ENDSEC;
END-ISO-10303-21;
