ISO-10303-21;
HEADER;
FILE_DESCRIPTION (( 'STEP AP203' ),
    '1' );
FILE_NAME ('底座优化.STEP',
    '2026-07-08T08:56:49',
    ( '' ),
    ( '' ),
    'SwSTEP 2.0',
    'SolidWorks 2021',
    '' );
FILE_SCHEMA (( 'CONFIG_CONTROL_DESIGN' ));
ENDSEC;

DATA;
#1 = ORIENTED_EDGE ( 'NONE', *, *, #4903, .F. ) ;
#2 = ORIENTED_EDGE ( 'NONE', *, *, #3084, .F. ) ;
#3 = ADVANCED_FACE ( 'NONE', ( #3491 ), #1794, .T. ) ;
#4 = DIRECTION ( 'NONE',  ( -1.404665511781869729E-14, 1.000000000000000000, 5.782411586589354089E-15 ) ) ;
#5 = LINE ( 'NONE', #2288, #2085 ) ;
#6 = LINE ( 'NONE', #1783, #24 ) ;
#7 = EDGE_CURVE ( 'NONE', #1311, #1943, #6, .T. ) ;
#8 = FACE_OUTER_BOUND ( 'NONE', #5021, .T. ) ;
#9 = DIRECTION ( 'NONE',  ( 0.000000000000000000, 8.673617379884032317E-15, -1.000000000000000000 ) ) ;
#10 = DIRECTION ( 'NONE',  ( 5.012361748854192143E-12, 7.031521682434635056E-26, -1.000000000000000000 ) ) ;
#11 = ORIENTED_EDGE ( 'NONE', *, *, #1693, .F. ) ;
#12 = CARTESIAN_POINT ( 'NONE',  ( -0.1155050687035048124, 2.434527132421954843, 43.91586665186052585 ) ) ;
#13 = CARTESIAN_POINT ( 'NONE',  ( -36.18671935318173638, 0.4345271324215221886, 46.61586665186048606 ) ) ;
#14 = CARTESIAN_POINT ( 'NONE',  ( -32.68671935318108979, -47.56547286757842130, -27.88413334813953526 ) ) ;
#15 = EDGE_CURVE ( 'NONE', #2325, #3336, #5522, .T. ) ;
#16 = ORIENTED_EDGE ( 'NONE', *, *, #1994, .F. ) ;
#17 = EDGE_CURVE ( 'NONE', #1323, #4367, #5385, .T. ) ;
#18 = PLANE ( 'NONE',  #2340 ) ;
#19 = CARTESIAN_POINT ( 'NONE',  ( -13.91550506870125226, 14.93452713242212226, 9.559848934719335389 ) ) ;
#20 = TOROIDAL_SURFACE ( 'NONE', #3995, 1.000000000000000000, 0.5000000000000000000 ) ;
#21 = ADVANCED_FACE ( 'NONE', ( #2148 ), #4391, .F. ) ;
#22 = ORIENTED_EDGE ( 'NONE', *, *, #674, .T. ) ;
#23 = ORIENTED_EDGE ( 'NONE', *, *, #3955, .F. ) ;
#24 = VECTOR ( 'NONE', #3542, 1000.000000000000000 ) ;
#25 = DIRECTION ( 'NONE',  ( 1.404665511781869571E-14, -1.000000000000000000, -5.782411586589354089E-15 ) ) ;
#26 = CARTESIAN_POINT ( 'NONE',  ( 18.73449561181099909, -43.56547286757770365, -27.88413334813953526 ) ) ;
#27 = FACE_OUTER_BOUND ( 'NONE', #1394, .T. ) ;
#28 = ORIENTED_EDGE ( 'NONE', *, *, #4543, .F. ) ;
#29 = VERTEX_POINT ( 'NONE', #782 ) ;
#30 = CARTESIAN_POINT ( 'NONE',  ( -0.9544050058144049054, -9.265472867577818405, 54.53445046837061483 ) ) ;
#31 = AXIS2_PLACEMENT_3D ( 'NONE', #3012, #3410, #747 ) ;
#32 = AXIS2_PLACEMENT_3D ( 'NONE', #2961, #1561, #2399 ) ;
#33 = CARTESIAN_POINT ( 'NONE',  ( -20.71550438818978179, 12.43452713242180785, 42.91586665186058980 ) ) ;
#34 = VECTOR ( 'NONE', #450, 1000.000000000000000 ) ;
#35 = EDGE_LOOP ( 'NONE', ( #1493, #5693 ) ) ;
#36 = FACE_OUTER_BOUND ( 'NONE', #5507, .T. ) ;
#37 = CARTESIAN_POINT ( 'NONE',  ( 1.684486424873850252, -45.56547286757794524, 31.51586665186150427 ) ) ;
#38 = DIRECTION ( 'NONE',  ( 1.000000000000000000, 1.416100796715762342E-14, 0.000000000000000000 ) ) ;
#39 = ORIENTED_EDGE ( 'NONE', *, *, #4393, .F. ) ;
#40 = DIRECTION ( 'NONE',  ( -0.000000000000000000, 5.782411586589358822E-15, -1.000000000000000000 ) ) ;
#41 = CARTESIAN_POINT ( 'NONE',  ( 1.643020602095133231, -7.722074563969043126, 9.188058281335585775 ) ) ;
#42 = DIRECTION ( 'NONE',  ( 1.404665511781869571E-14, -1.000000000000000000, -5.782411586589354878E-15 ) ) ;
#43 = ORIENTED_EDGE ( 'NONE', *, *, #2989, .T. ) ;
#44 = DIRECTION ( 'NONE',  ( -9.712844633365341982E-17, 6.360652745248286106E-15, -1.000000000000000000 ) ) ;
#45 = DIRECTION ( 'NONE',  ( -0.000000000000000000, 0.000000000000000000, -1.000000000000000000 ) ) ;
#46 = CARTESIAN_POINT ( 'NONE',  ( -23.36550506870326060, 15.93452713242185581, 32.64470820415651531 ) ) ;
#47 = ORIENTED_EDGE ( 'NONE', *, *, #998, .T. ) ;
#48 = ORIENTED_EDGE ( 'NONE', *, *, #3525, .T. ) ;
#49 = DIRECTION ( 'NONE',  ( -1.000000000000000000, -1.404665511781869571E-14, -3.077346148302311165E-31 ) ) ;
#50 = EDGE_CURVE ( 'NONE', #4000, #4479, #367, .T. ) ;
#51 = CARTESIAN_POINT ( 'NONE',  ( 11.48712623399610777, 14.93452713242236918, 28.51586664685444461 ) ) ;
#52 = AXIS2_PLACEMENT_3D ( 'NONE', #5191, #5221, #1213 ) ;
#53 = ADVANCED_FACE ( 'NONE', ( #333 ), #2117, .F. ) ;
#54 = EDGE_LOOP ( 'NONE', ( #1389, #4175, #3963, #652 ) ) ;
#55 = ORIENTED_EDGE ( 'NONE', *, *, #5157, .T. ) ;
#56 = VECTOR ( 'NONE', #252, 1000.000000000000000 ) ;
#57 = AXIS2_PLACEMENT_3D ( 'NONE', #881, #1232, #3494 ) ;
#58 = CARTESIAN_POINT ( 'NONE',  ( -16.86551357512658811, -15.86547249352506661, 37.51586665186149361 ) ) ;
#59 = DIRECTION ( 'NONE',  ( -0.7071067811865614505, 0.7071067811865336949, 0.000000000000000000 ) ) ;
#60 = CARTESIAN_POINT ( 'NONE',  ( 1.684494931296455666, 15.43452713242234076, 9.745999396278341109 ) ) ;
#61 = CARTESIAN_POINT ( 'NONE',  ( -35.18671935318172928, 0.4345271324215360664, 43.61586665186047895 ) ) ;
#62 = DIRECTION ( 'NONE',  ( -8.673617379884035472E-16, -0.000000000000000000, 1.000000000000000000 ) ) ;
#63 = PLANE ( 'NONE',  #912 ) ;
#64 = ORIENTED_EDGE ( 'NONE', *, *, #4088, .F. ) ;
#65 = CARTESIAN_POINT ( 'NONE',  ( -13.91550506870391324, 15.43452713242212226, 9.748617335677961293 ) ) ;
#66 = CARTESIAN_POINT ( 'NONE',  ( -0.5926019919943071868, -8.413058100025905262, 9.441355575911526188 ) ) ;
#67 = DIRECTION ( 'NONE',  ( -1.000000000000000000, -1.387778780781445676E-14, 0.000000000000000000 ) ) ;
#68 = ORIENTED_EDGE ( 'NONE', *, *, #1575, .T. ) ;
#69 = VERTEX_POINT ( 'NONE', #4336 ) ;
#70 = CARTESIAN_POINT ( 'NONE',  ( 14.78449561181105487, -47.56547286757776050, -27.88413334813953526 ) ) ;
#71 = DIRECTION ( 'NONE',  ( 0.3713906763541050537, 5.154081000242941689E-15, -0.9284766908852587486 ) ) ;
#72 = EDGE_CURVE ( 'NONE', #100, #5692, #4776, .T. ) ;
#73 = DIRECTION ( 'NONE',  ( 1.000000000000000000, 1.321694076934709574E-14, 0.000000000000000000 ) ) ;
#74 = EDGE_CURVE ( 'NONE', #1914, #4684, #3643, .T. ) ;
#75 = ORIENTED_EDGE ( 'NONE', *, *, #1893, .T. ) ;
#76 = VERTEX_POINT ( 'NONE', #1716 ) ;
#77 = AXIS2_PLACEMENT_3D ( 'NONE', #4939, #3146, #474 ) ;
#78 = CARTESIAN_POINT ( 'NONE',  ( 0.9053168299987028877, 14.71305153397718790, 53.19513231159002231 ) ) ;
#79 = DIRECTION ( 'NONE',  ( -1.681558157189780485E-43, -5.782411586589354089E-15, 1.000000000000000000 ) ) ;
#80 = AXIS2_PLACEMENT_3D ( 'NONE', #2201, #3873, #5286 ) ;
#81 = ORIENTED_EDGE ( 'NONE', *, *, #2385, .F. ) ;
#82 = ADVANCED_FACE ( 'NONE', ( #2672 ), #2343, .T. ) ;
#83 = AXIS2_PLACEMENT_3D ( 'NONE', #3610, #3255, #5497 ) ;
#84 = VERTEX_POINT ( 'NONE', #2548 ) ;
#85 = CARTESIAN_POINT ( 'NONE',  ( -13.89150602526390443, -7.746655108362826780, 9.494554686459943937 ) ) ;
#86 = EDGE_CURVE ( 'NONE', #3229, #2917, #3926, .T. ) ;
#87 = B_SPLINE_CURVE_WITH_KNOTS ( 'NONE', 3,
 ( #5109, #201, #5553, #1231, #4286, #1132 ),
 .UNSPECIFIED., .F., .F.,
 ( 4, 2, 4 ),
 ( 1.734723475976807094E-18, 0.0003916760297609922633, 0.0007833520595219827919 ),
 .UNSPECIFIED. ) ;
#88 = DIRECTION ( 'NONE',  ( 1.396452398161329869E-14, -1.000000000000000000, -0.000000000000000000 ) ) ;
#89 = VECTOR ( 'NONE', #721, 1000.000000000000000 ) ;
#90 = CARTESIAN_POINT ( 'NONE',  ( -24.36550506870326060, 15.93452713242185581, 30.64470820415652241 ) ) ;
#91 = DIRECTION ( 'NONE',  ( 1.000000000000000000, 1.404665511781869571E-14, -2.367168085707625232E-30 ) ) ;
#92 = FACE_BOUND ( 'NONE', #2538, .T. ) ;
#93 = ORIENTED_EDGE ( 'NONE', *, *, #3945, .F. ) ;
#94 = CARTESIAN_POINT ( 'NONE',  ( 12.38449493129605017, 14.93452713242234786, 34.51586664685444106 ) ) ;
#95 = CARTESIAN_POINT ( 'NONE',  ( 0.8187192282526297715, -6.991081258739272997, 10.01456923588737702 ) ) ;
#96 = DIRECTION ( 'NONE',  ( -1.000000000000000000, -1.392523712765744556E-14, 0.000000000000000000 ) ) ;
#97 = CIRCLE ( 'NONE', #4621, 0.8000000000000003775 ) ;
#98 = AXIS2_PLACEMENT_3D ( 'NONE', #1658, #4780, #3422 ) ;
#99 = ORIENTED_EDGE ( 'NONE', *, *, #4433, .F. ) ;
#100 = VERTEX_POINT ( 'NONE', #1688 ) ;
#101 = CARTESIAN_POINT ( 'NONE',  ( 18.73449561181092804, -38.56547286757771076, -27.88413334813953526 ) ) ;
#102 = CARTESIAN_POINT ( 'NONE',  ( -12.11550506870390009, 12.43452713242207608, 20.11586664184827100 ) ) ;
#103 = CARTESIAN_POINT ( 'NONE',  ( -30.23671935318115089, -43.56547286757839288, 90.91586665186036953 ) ) ;
#104 = ADVANCED_FACE ( 'NONE', ( #4841 ), #5252, .F. ) ;
#105 = EDGE_LOOP ( 'NONE', ( #3928, #5084, #1014, #5532 ) ) ;
#106 = ORIENTED_EDGE ( 'NONE', *, *, #1832, .T. ) ;
#107 = CARTESIAN_POINT ( 'NONE',  ( -35.18671935318172928, 0.4345271324215360664, 19.41586665186047966 ) ) ;
#108 = ADVANCED_FACE ( 'NONE', ( #4420 ), #3561, .T. ) ;
#109 = ORIENTED_EDGE ( 'NONE', *, *, #4891, .F. ) ;
#110 = ORIENTED_EDGE ( 'NONE', *, *, #4135, .T. ) ;
#111 = DIRECTION ( 'NONE',  ( -1.402851773444435856E-14, 1.000000000000000000, -7.888609052210116302E-31 ) ) ;
#112 = DIRECTION ( 'NONE',  ( -0.4202891349410651789, 0.000000000000000000, -0.9073902374670400617 ) ) ;
#113 = EDGE_CURVE ( 'NONE', #4529, #3990, #3190, .T. ) ;
#114 = ADVANCED_FACE ( 'NONE', ( #3045 ), #2438, .T. ) ;
#115 = LINE ( 'NONE', #33, #2819 ) ;
#116 = CIRCLE ( 'NONE', #5229, 0.5000000000000004441 ) ;
#117 = CARTESIAN_POINT ( 'NONE',  ( 1.684494931294886921, 14.93452713242234076, 10.04599939627833827 ) ) ;
#118 = VECTOR ( 'NONE', #3946, 1000.000000000000000 ) ;
#119 = CARTESIAN_POINT ( 'NONE',  ( -13.89224485768849071, -7.745350509273835726, 53.53690377774632481 ) ) ;
#120 = ORIENTED_EDGE ( 'NONE', *, *, #3226, .F. ) ;
#121 = LINE ( 'NONE', #987, #4484 ) ;
#122 = LINE ( 'NONE', #3655, #1968 ) ;
#123 = AXIS2_PLACEMENT_3D ( 'NONE', #2846, #4944, #4608 ) ;
#124 = ORIENTED_EDGE ( 'NONE', *, *, #4314, .F. ) ;
#125 = ORIENTED_EDGE ( 'NONE', *, *, #1455, .F. ) ;
#126 = DIRECTION ( 'NONE',  ( 1.404665511781869571E-14, -1.000000000000000000, -5.782411586589354878E-15 ) ) ;
#127 = DIRECTION ( 'NONE',  ( -1.396452398161330027E-14, 1.000000000000000000, -0.000000000000000000 ) ) ;
#128 = CARTESIAN_POINT ( 'NONE',  ( -11.62385606971684737, -8.403985118033125090, 9.661404905469034077 ) ) ;
#129 = EDGE_CURVE ( 'NONE', #3106, #2828, #3318, .T. ) ;
#130 = TOROIDAL_SURFACE ( 'NONE', #1431, 23.00000000000000000, 0.5000000000000000000 ) ;
#131 = LINE ( 'NONE', #5400, #2471 ) ;
#132 = ORIENTED_EDGE ( 'NONE', *, *, #4510, .T. ) ;
#133 = ORIENTED_EDGE ( 'NONE', *, *, #4183, .F. ) ;
#134 = VECTOR ( 'NONE', #1402, 1000.000000000000000 ) ;
#135 = ORIENTED_EDGE ( 'NONE', *, *, #3583, .F. ) ;
#136 = ORIENTED_EDGE ( 'NONE', *, *, #5263, .F. ) ;
#137 = CARTESIAN_POINT ( 'NONE',  ( -14.18473347036962728, -6.850772345969082799, 9.606151160828533264 ) ) ;
#138 = CARTESIAN_POINT ( 'NONE',  ( 12.64613012973440043, 15.38010745674321278, 39.42027421602767845 ) ) ;
#139 = ADVANCED_FACE ( 'NONE', ( #5725 ), #130, .T. ) ;
#140 = CARTESIAN_POINT ( 'NONE',  ( -31.18671935318094768, -57.56547286757841420, -27.88413334813953526 ) ) ;
#141 = EDGE_CURVE ( 'NONE', #2207, #3708, #2174, .T. ) ;
#142 = DIRECTION ( 'NONE',  ( -1.404665511781869571E-14, 1.000000000000000000, 5.782411586589354089E-15 ) ) ;
#143 = CARTESIAN_POINT ( 'NONE',  ( -13.79899925845147912, -7.907392622961478601, 53.57157854926177976 ) ) ;
#144 = VERTEX_POINT ( 'NONE', #4197 ) ;
#145 = LOCAL_TIME ( 16, 56, 49.00000000000000000, #1689 ) ;
#146 = CARTESIAN_POINT ( 'NONE',  ( 0.4669157677911092708, -7.695588430296362858, 9.853832710483525048 ) ) ;
#147 = FACE_OUTER_BOUND ( 'NONE', #2084, .T. ) ;
#148 = VERTEX_POINT ( 'NONE', #1986 ) ;
#149 = ORIENTED_EDGE ( 'NONE', *, *, #3066, .F. ) ;
#150 = DIRECTION ( 'NONE',  ( 0.000000000000000000, 1.000000000000000000, 0.000000000000000000 ) ) ;
#151 = DIRECTION ( 'NONE',  ( -1.396452398161329869E-14, 1.000000000000000000, 0.000000000000000000 ) ) ;
#152 = CARTESIAN_POINT ( 'NONE',  ( -11.24595121818878418, -8.465472867577810590, 9.519561299202049298 ) ) ;
#153 = LINE ( 'NONE', #616, #2409 ) ;
#154 = AXIS2_PLACEMENT_3D ( 'NONE', #4528, #4500, #73 ) ;
#155 = ORIENTED_EDGE ( 'NONE', *, *, #255, .T. ) ;
#156 = ORIENTED_EDGE ( 'NONE', *, *, #5413, .F. ) ;
#157 = ORIENTED_EDGE ( 'NONE', *, *, #5303, .T. ) ;
#158 = CIRCLE ( 'NONE', #2679, 0.8000000000000008216 ) ;
#159 = ORIENTED_EDGE ( 'NONE', *, *, #5275, .T. ) ;
#160 = CARTESIAN_POINT ( 'NONE',  ( -0.1155050687035078238, 15.43452713242213825, 42.91586665186060401 ) ) ;
#161 = DIRECTION ( 'NONE',  ( 1.000000000000000000, 0.000000000000000000, 0.000000000000000000 ) ) ;
#162 = CARTESIAN_POINT ( 'NONE',  ( 3.979930750462537858, 14.93452713242212582, 52.38584211360254272 ) ) ;
#163 = CARTESIAN_POINT ( 'NONE',  ( -13.11550506696908691, -6.569880354139920442, 53.84143474997876666 ) ) ;
#164 = TOROIDAL_SURFACE ( 'NONE', #2959, 14.49999999999999822, 0.5000000000000000000 ) ;
#165 = ADVANCED_FACE ( 'NONE', ( #3128 ), #1933, .T. ) ;
#166 = CIRCLE ( 'NONE', #3419, 0.5000000000000004441 ) ;
#167 = AXIS2_PLACEMENT_3D ( 'NONE', #1717, #1857, #924 ) ;
#168 = CARTESIAN_POINT ( 'NONE',  ( 1.684494931296497189, -6.465472867577807037, 52.98573390744233791 ) ) ;
#169 = CARTESIAN_POINT ( 'NONE',  ( -35.18671935318123190, -35.56547286757846393, 43.61586665186047895 ) ) ;
#170 = EDGE_LOOP ( 'NONE', ( #5468, #556, #273, #3805 ) ) ;
#171 = CARTESIAN_POINT ( 'NONE',  ( -13.21647591798319610, 14.78561279028601660, 9.956953847082854026 ) ) ;
#172 = CARTESIAN_POINT ( 'NONE',  ( 12.38449493129605017, 14.93452713242234431, 35.01586664685444816 ) ) ;
#173 = CIRCLE ( 'NONE', #3150, 5.449999999999996625 ) ;
#174 = ORIENTED_EDGE ( 'NONE', *, *, #5514, .T. ) ;
#175 = CARTESIAN_POINT ( 'NONE',  ( -32.68671935318121768, -38.56547286757842841, 90.91586665186036953 ) ) ;
#176 = CARTESIAN_POINT ( 'NONE',  ( 1.336251769987252702, -8.191085473826280605, 53.94220019142365885 ) ) ;
#177 = CARTESIAN_POINT ( 'NONE',  ( 1.684486424873459898, -17.56547286757794524, 31.51586665186150427 ) ) ;
#178 = VERTEX_POINT ( 'NONE', #3258 ) ;
#179 = FACE_OUTER_BOUND ( 'NONE', #4563, .T. ) ;
#180 = EDGE_CURVE ( 'NONE', #3369, #4924, #3364, .T. ) ;
#181 = SPHERICAL_SURFACE ( 'NONE', #3157, 0.5000000000000000000 ) ;
#182 = AXIS2_PLACEMENT_3D ( 'NONE', #4673, #4644, #5114 ) ;
#183 = ADVANCED_FACE ( 'NONE', ( #5025 ), #3283, .F. ) ;
#184 = ORIENTED_EDGE ( 'NONE', *, *, #5309, .F. ) ;
#185 = ORIENTED_EDGE ( 'NONE', *, *, #1171, .F. ) ;
#186 = DIRECTION ( 'NONE',  ( -1.402851773444435856E-14, 1.000000000000000000, -7.888609052210116302E-31 ) ) ;
#187 = EDGE_CURVE ( 'NONE', #5481, #2365, #3663, .T. ) ;
#188 = EDGE_LOOP ( 'NONE', ( #5556, #561, #5141, #5353 ) ) ;
#189 = CARTESIAN_POINT ( 'NONE',  ( -35.18671935318123190, -35.56547286757845683, 43.61586665186047895 ) ) ;
#190 = CARTESIAN_POINT ( 'NONE',  ( -22.15839828751676066, 17.93452713242187002, 33.14470820415652952 ) ) ;
#191 =( NAMED_UNIT ( * ) PLANE_ANGLE_UNIT ( ) SI_UNIT ( $, .RADIAN. ) );
#192 = CARTESIAN_POINT ( 'NONE',  ( -2.765513575126545831, -15.86547249352486944, 25.51586665186152558 ) ) ;
#193 = CIRCLE ( 'NONE', #944, 0.5000000000000004441 ) ;
#194 = CARTESIAN_POINT ( 'NONE',  ( -14.20550632275072012, -6.654744833999273190, 53.41747089828729855 ) ) ;
#195 = CARTESIAN_POINT ( 'NONE',  ( -23.86550506870329613, 18.43452713242185936, 30.64470820415653662 ) ) ;
#196 = CARTESIAN_POINT ( 'NONE',  ( 6.642936680516606309E-13, -47.56547286757796655, -2.423390904542639152E-29 ) ) ;
#197 = EDGE_LOOP ( 'NONE', ( #125, #1908, #3592, #672 ) ) ;
#198 = CARTESIAN_POINT ( 'NONE',  ( -13.91550506870391324, 15.43452713242187180, 52.97188436900191277 ) ) ;
#199 = DIRECTION ( 'NONE',  ( 1.000000000000000000, 1.387778780781449304E-14, 9.629649721936196081E-29 ) ) ;
#200 = ORIENTED_EDGE ( 'NONE', *, *, #1723, .T. ) ;
#201 = CARTESIAN_POINT ( 'NONE',  ( 1.884494931296086584, 15.06697027401511235, 23.60991927961703141 ) ) ;
#202 = CARTESIAN_POINT ( 'NONE',  ( -35.18671935318172928, 0.4345271324215360664, 19.41586665186047966 ) ) ;
#203 = CARTESIAN_POINT ( 'NONE',  ( -12.41336414416277734, -7.992641008515351864, 10.00290706872792335 ) ) ;
#204 = ORIENTED_EDGE ( 'NONE', *, *, #1409, .F. ) ;
#205 = CARTESIAN_POINT ( 'NONE',  ( -4.962819671306419878, 14.93452713242212226, 31.51586664685444106 ) ) ;
#206 = AXIS2_PLACEMENT_3D ( 'NONE', #2476, #3008, #4766 ) ;
#207 = CARTESIAN_POINT ( 'NONE',  ( 1.884494931296087472, 14.93452713242226437, 23.60991927961703851 ) ) ;
#208 = CIRCLE ( 'NONE', #3462, 1.050000000000000488 ) ;
#209 = ORIENTED_EDGE ( 'NONE', *, *, #2385, .T. ) ;
#210 = ORIENTED_EDGE ( 'NONE', *, *, #484, .F. ) ;
#211 = DIRECTION ( 'NONE',  ( 1.396452398161329869E-14, -1.000000000000000000, 0.000000000000000000 ) ) ;
#212 = VERTEX_POINT ( 'NONE', #5083 ) ;
#213 = EDGE_CURVE ( 'NONE', #3377, #3344, #2372, .T. ) ;
#214 = CARTESIAN_POINT ( 'NONE',  ( 16.28449561181107086, -47.56547286757773918, 90.91586665186036953 ) ) ;
#215 = EDGE_CURVE ( 'NONE', #3316, #773, #5641, .T. ) ;
#216 = CARTESIAN_POINT ( 'NONE',  ( -14.20550632740072317, -6.465472867577809701, 9.614262407242351927 ) ) ;
#217 = PERSON_AND_ORGANIZATION ( #2414, #4586 ) ;
#218 = DIRECTION ( 'NONE',  ( -1.962615573354714479E-14, -2.723676247532881406E-28, 1.000000000000000000 ) ) ;
#219 = DIRECTION ( 'NONE',  ( -1.000000000000000000, -1.404665511781870202E-14, 1.156482317317874092E-15 ) ) ;
#220 = CARTESIAN_POINT ( 'NONE',  ( -14.10912835335330762, -7.205280142293327472, 53.45475260825416086 ) ) ;
#221 = CARTESIAN_POINT ( 'NONE',  ( -0.04118249939434249357, -9.128958656167270647, 54.32835519209543662 ) ) ;
#222 = PLANE ( 'NONE',  #1978 ) ;
#223 = ADVANCED_FACE ( 'NONE', ( #1022 ), #4641, .T. ) ;
#224 = LINE ( 'NONE', #5548, #5596 ) ;
#225 = DIRECTION ( 'NONE',  ( 1.000000000000000000, 1.445602896647340297E-14, -1.156482317317871725E-15 ) ) ;
#226 = AXIS2_PLACEMENT_3D ( 'NONE', #1921, #3679, #1037 ) ;
#227 = CIRCLE ( 'NONE', #4581, 1.799999999999999600 ) ;
#228 = ORIENTED_EDGE ( 'NONE', *, *, #5477, .T. ) ;
#229 = EDGE_CURVE ( 'NONE', #972, #3933, #5384, .T. ) ;
#230 = CARTESIAN_POINT ( 'NONE',  ( 0.8844949312956744691, 14.63452713242232228, 10.04599939627831340 ) ) ;
#231 = CARTESIAN_POINT ( 'NONE',  ( -23.86550506870327126, 16.72742035123532034, 30.64470820415652597 ) ) ;
#232 = AXIS2_PLACEMENT_3D ( 'NONE', #2036, #3791, #1597 ) ;
#233 = DIRECTION ( 'NONE',  ( 1.000000000000000000, 1.321694076934708943E-14, 0.000000000000000000 ) ) ;
#234 = ORIENTED_EDGE ( 'NONE', *, *, #1985, .T. ) ;
#235 = CARTESIAN_POINT ( 'NONE',  ( -5.686719353181258541, -35.56547286757805182, 31.51586665186033187 ) ) ;
#236 = CARTESIAN_POINT ( 'NONE',  ( 0.8844949312964917043, 14.63452713242208958, 52.98573390744289924 ) ) ;
#237 = ORIENTED_EDGE ( 'NONE', *, *, #5108, .F. ) ;
#238 = ORIENTED_EDGE ( 'NONE', *, *, #1970, .F. ) ;
#239 = EDGE_CURVE ( 'NONE', #3864, #4794, #337, .T. ) ;
#240 = CARTESIAN_POINT ( 'NONE',  ( -5.686719353180372138, -98.64468553998283085, 31.51586665185996594 ) ) ;
#241 = CARTESIAN_POINT ( 'NONE',  ( -42.68671935318109689, -47.56547286757856341, 1.007478288087045778E-14 ) ) ;
#242 = AXIS2_PLACEMENT_3D ( 'NONE', #2909, #739, #4640 ) ;
#243 = DIRECTION ( 'NONE',  ( 0.000000000000000000, 1.000000000000000000, 6.505213034913023449E-15 ) ) ;
#244 = VERTEX_POINT ( 'NONE', #2848 ) ;
#245 = DIRECTION ( 'NONE',  ( -8.419674203489786271E-29, 7.888609052198305108E-31, 1.000000000000000000 ) ) ;
#246 = CARTESIAN_POINT ( 'NONE',  ( -13.20377258922827757, -8.590439005455476007, 9.250106436647996588 ) ) ;
#247 = FACE_BOUND ( 'NONE', #3997, .T. ) ;
#248 = CARTESIAN_POINT ( 'NONE',  ( -20.86550506870328903, 17.93452713242188779, 33.14470820415652952 ) ) ;
#249 = EDGE_CURVE ( 'NONE', #1879, #1742, #4896, .T. ) ;
#250 = CARTESIAN_POINT ( 'NONE',  ( -12.10694369740716780, -8.207286323564749964, 53.16873475490835688 ) ) ;
#251 = ORIENTED_EDGE ( 'NONE', *, *, #1782, .F. ) ;
#252 = DIRECTION ( 'NONE',  ( 1.379893674072459945E-14, -1.000000000000000000, -6.308085367188388072E-15 ) ) ;
#253 = CARTESIAN_POINT ( 'NONE',  ( -2.114261706051599798, -98.64468553998273137, 23.80304963345020752 ) ) ;
#254 = VECTOR ( 'NONE', #3319, 1000.000000000000000 ) ;
#255 = EDGE_CURVE ( 'NONE', #2775, #2675, #2669, .T. ) ;
#256 = CARTESIAN_POINT ( 'NONE',  ( -23.69338478573759232, 0.4345271324217025999, 16.41586665186051874 ) ) ;
#257 = DIRECTION ( 'NONE',  ( -0.9319831593454313001, -1.544922448347378114E-14, 0.3625015733710802990 ) ) ;
#258 = AXIS2_PLACEMENT_3D ( 'NONE', #1281, #257, #1254 ) ;
#259 = CIRCLE ( 'NONE', #1855, 0.4999999999999997224 ) ;
#260 = ORIENTED_EDGE ( 'NONE', *, *, #2183, .T. ) ;
#261 = AXIS2_PLACEMENT_3D ( 'NONE', #4564, #111, #1451 ) ;
#262 = CARTESIAN_POINT ( 'NONE',  ( -1.115505068703501745, -9.265472867577807747, 53.75083910440431367 ) ) ;
#263 = CARTESIAN_POINT ( 'NONE',  ( 0.3567660377448088060, -7.841010782532630508, 54.23393872434149898 ) ) ;
#264 = CARTESIAN_POINT ( 'NONE',  ( 12.38449493129605017, 14.93452713242238517, 28.01586664685444816 ) ) ;
#265 = ORIENTED_EDGE ( 'NONE', *, *, #5041, .F. ) ;
#266 = DIRECTION ( 'NONE',  ( -1.404665511781869571E-14, 1.000000000000000000, 5.782411586589354089E-15 ) ) ;
#267 = AXIS2_PLACEMENT_3D ( 'NONE', #235, #771, #4199 ) ;
#268 = CARTESIAN_POINT ( 'NONE',  ( -20.86550506870326060, 15.93452713242190377, 30.14470820415651886 ) ) ;
#269 = ORIENTED_EDGE ( 'NONE', *, *, #4892, .F. ) ;
#270 = EDGE_LOOP ( 'NONE', ( #802, #4642, #4118, #2579 ) ) ;
#271 = CYLINDRICAL_SURFACE ( 'NONE', #31, 2.449999999999998845 ) ;
#272 = CARTESIAN_POINT ( 'NONE',  ( 0.8168035345616094789, -6.998516866926492774, 10.01365947633087394 ) ) ;
#273 = ORIENTED_EDGE ( 'NONE', *, *, #855, .F. ) ;
#274 = CIRCLE ( 'NONE', #2406, 8.097314602603171707 ) ;
#275 = CARTESIAN_POINT ( 'NONE',  ( 12.38449493129612300, 9.734527132422343243, 35.01586664685441974 ) ) ;
#276 = CARTESIAN_POINT ( 'NONE',  ( -13.11550506681350470, -6.674235280124466207, 9.190298553701984119 ) ) ;
#277 = DIRECTION ( 'NONE',  ( 1.000000000000000000, 0.000000000000000000, 0.000000000000000000 ) ) ;
#278 = DIRECTION ( 'NONE',  ( 3.131969939262380530E-28, -1.000000000000000000, -1.031690141359371089E-14 ) ) ;
#279 = CARTESIAN_POINT ( 'NONE',  ( 11.03043529818219781, 12.43452713242230701, 34.81231471454871951 ) ) ;
#280 = CARTESIAN_POINT ( 'NONE',  ( 1.684494931296455666, 15.43452713242234076, 9.745999396278341109 ) ) ;
#281 = ORIENTED_EDGE ( 'NONE', *, *, #4863, .F. ) ;
#282 = EDGE_CURVE ( 'NONE', #2305, #69, #3232, .T. ) ;
#283 = CARTESIAN_POINT ( 'NONE',  ( -31.18671935318108623, -47.56547286757839998, -27.88413334813953526 ) ) ;
#284 = CARTESIAN_POINT ( 'NONE',  ( 16.28449561181090033, -35.56547286757773918, 90.91586665186036953 ) ) ;
#285 = CARTESIAN_POINT ( 'NONE',  ( -13.42386760130839640, 15.27426051492400738, 10.11994891628134496 ) ) ;
#286 = FACE_OUTER_BOUND ( 'NONE', #2135, .T. ) ;
#287 = VERTEX_POINT ( 'NONE', #1495 ) ;
#288 = EDGE_CURVE ( 'NONE', #4105, #5702, #4141, .T. ) ;
#289 = FACE_OUTER_BOUND ( 'NONE', #3681, .T. ) ;
#290 = CARTESIAN_POINT ( 'NONE',  ( -0.4141596652451419724, -8.353322552658118738, 54.41806404543770270 ) ) ;
#291 = CARTESIAN_POINT ( 'NONE',  ( -23.71905845929655143, 17.08097374182857919, 33.14470820415652241 ) ) ;
#292 = ORIENTED_EDGE ( 'NONE', *, *, #1936, .F. ) ;
#293 = DIRECTION ( 'NONE',  ( 1.404665511781869571E-14, -1.000000000000000000, -5.782411586589354089E-15 ) ) ;
#294 = EDGE_CURVE ( 'NONE', #1612, #2710, #5585, .T. ) ;
#295 = LINE ( 'NONE', #2631, #4623 ) ;
#296 = EDGE_LOOP ( 'NONE', ( #2469, #3264, #1320, #1278 ) ) ;
#297 = ORIENTED_EDGE ( 'NONE', *, *, #74, .F. ) ;
#298 = FACE_OUTER_BOUND ( 'NONE', #3922, .T. ) ;
#299 = CARTESIAN_POINT ( 'NONE',  ( 11.48712623399609534, 14.93452713242233010, 35.01586664685445527 ) ) ;
#300 = TOROIDAL_SURFACE ( 'NONE', #3550, 0.3000000000000000444, 0.5000000000000000000 ) ;
#301 = LINE ( 'NONE', #4409, #696 ) ;
#302 = VERTEX_POINT ( 'NONE', #5683 ) ;
#303 = AXIS2_PLACEMENT_3D ( 'NONE', #3122, #4889, #1769 ) ;
#304 = CARTESIAN_POINT ( 'NONE',  ( 11.03043529818220314, 12.43452713242234786, 28.21941857916014484 ) ) ;
#305 = CARTESIAN_POINT ( 'NONE',  ( -11.37542791891129212, -8.452683990262189084, 9.566641842421322650 ) ) ;
#306 = DATE_AND_TIME ( #2962, #516 ) ;
#307 = PLANE ( 'NONE',  #4059 ) ;
#308 = DIRECTION ( 'NONE',  ( 1.387778780781444413E-14, -1.000000000000000000, 0.000000000000000000 ) ) ;
#309 = CARTESIAN_POINT ( 'NONE',  ( -23.36550506870325350, 15.43452713242185048, 33.64470820415651531 ) ) ;
#310 = EDGE_LOOP ( 'NONE', ( #4496, #5675, #951, #1100 ) ) ;
#311 = EDGE_CURVE ( 'NONE', #3154, #5301, #3856, .T. ) ;
#312 = VECTOR ( 'NONE', #1755, 1000.000000000000000 ) ;
#313 = CARTESIAN_POINT ( 'NONE',  ( -13.91550506870603598, 15.43452713242187180, 52.97188436900190567 ) ) ;
#314 = PLANE ( 'NONE',  #1900 ) ;
#315 = DIRECTION ( 'NONE',  ( -1.404665511781869729E-14, 1.000000000000000000, 5.782411586589354089E-15 ) ) ;
#316 = ORIENTED_EDGE ( 'NONE', *, *, #4630, .F. ) ;
#317 = CARTESIAN_POINT ( 'NONE',  ( -15.81551357512652523, -17.56547286757818682, 25.51586665186146519 ) ) ;
#318 = DIRECTION ( 'NONE',  ( -0.7071067811865336949, -0.7071067811865614505, -4.906538933386889539E-15 ) ) ;
#319 = CARTESIAN_POINT ( 'NONE',  ( 0.8844949312964891508, 21.57367679050796383, 42.91586665186046190 ) ) ;
#320 = ORIENTED_EDGE ( 'NONE', *, *, #660, .T. ) ;
#321 = FACE_OUTER_BOUND ( 'NONE', #5258, .T. ) ;
#322 = DIRECTION ( 'NONE',  ( 0.000000000000000000, -1.000000000000000000, -6.938893903907231533E-15 ) ) ;
#323 = EDGE_LOOP ( 'NONE', ( #1282, #581 ) ) ;
#324 = AXIS2_PLACEMENT_3D ( 'NONE', #117, #142, #4103 ) ;
#325 = EDGE_LOOP ( 'NONE', ( #1524, #1413, #4666, #5591, #1419, #200, #4523, #3349, #4432, #4471, #1522 ) ) ;
#326 = ADVANCED_FACE ( 'NONE', ( #5555 ), #4669, .T. ) ;
#327 = CIRCLE ( 'NONE', #1167, 0.8000000000000003775 ) ;
#328 = LINE ( 'NONE', #2514, #666 ) ;
#329 = LINE ( 'NONE', #3529, #5734 ) ;
#330 = DIRECTION ( 'NONE',  ( 0.000000000000000000, 1.000000000000000000, 6.938893903907222067E-15 ) ) ;
#331 = ORIENTED_EDGE ( 'NONE', *, *, #2574, .T. ) ;
#332 = DIRECTION ( 'NONE',  ( -1.000000000000000000, -1.396452398161329869E-14, 0.000000000000000000 ) ) ;
#333 = FACE_OUTER_BOUND ( 'NONE', #2568, .T. ) ;
#334 = PERSON_AND_ORGANIZATION_ROLE ( 'design_supplier' ) ;
#335 = LINE ( 'NONE', #5671, #5284 ) ;
#336 = DIRECTION ( 'NONE',  ( -1.000000000000000000, -1.401718565583457942E-14, 7.164919495203369567E-31 ) ) ;
#337 = CIRCLE ( 'NONE', #1835, 0.5000000000000004441 ) ;
#338 = DIRECTION ( 'NONE',  ( 1.000000000000000000, 1.387778780781445518E-14, 0.000000000000000000 ) ) ;
#339 = EDGE_LOOP ( 'NONE', ( #5531, #1052, #4893 ) ) ;
#340 = CARTESIAN_POINT ( 'NONE',  ( -13.11550506870470301, 15.10315628252364206, 10.18411300343126946 ) ) ;
#341 = CARTESIAN_POINT ( 'NONE',  ( 16.28449561181099625, -43.56547286757773918, -27.88413334813953526 ) ) ;
#342 = LINE ( 'NONE', #2529, #5321 ) ;
#343 = DIRECTION ( 'NONE',  ( -8.673617379884035472E-16, -0.000000000000000000, 1.000000000000000000 ) ) ;
#344 = EDGE_CURVE ( 'NONE', #3532, #3015, #5144, .T. ) ;
#345 = ORIENTED_EDGE ( 'NONE', *, *, #420, .F. ) ;
#346 = AXIS2_PLACEMENT_3D ( 'NONE', #14, #4492, #5360 ) ;
#347 = DIRECTION ( 'NONE',  ( -1.000000000000000000, -1.404665511781869571E-14, -2.048537417326218835E-31 ) ) ;
#348 = CARTESIAN_POINT ( 'NONE',  ( -0.1155050687038243068, 12.43452713242216134, 20.11586664184827455 ) ) ;
#349 = CIRCLE ( 'NONE', #1386, 1.500000000000001332 ) ;
#350 = CARTESIAN_POINT ( 'NONE',  ( -13.91550506870390436, 14.63452713242192438, 43.91586665186059690 ) ) ;
#351 = ORIENTED_EDGE ( 'NONE', *, *, #1596, .F. ) ;
#352 = DIRECTION ( 'NONE',  ( -1.404665511781869571E-14, 1.000000000000000000, 5.782411586589354089E-15 ) ) ;
#353 = CARTESIAN_POINT ( 'NONE',  ( -3.815513575126157075, -46.56547286757803050, 37.51586665186152203 ) ) ;
#354 = CIRCLE ( 'NONE', #261, 1.050000000000000933 ) ;
#355 = ORIENTED_EDGE ( 'NONE', *, *, #1556, .F. ) ;
#356 = ORIENTED_EDGE ( 'NONE', *, *, #344, .F. ) ;
#357 = DIRECTION ( 'NONE',  ( -1.000000000000000000, -1.387778780781445676E-14, 0.000000000000000000 ) ) ;
#358 = DIRECTION ( 'NONE',  ( -1.396452398161329869E-14, 1.000000000000000000, -0.000000000000000000 ) ) ;
#359 = AXIS2_PLACEMENT_3D ( 'NONE', #4245, #3385, #3814 ) ;
#360 = ADVANCED_FACE ( 'NONE', ( #3434 ), #4320, .F. ) ;
#361 = EDGE_CURVE ( 'NONE', #2443, #5401, #3033, .T. ) ;
#362 = CC_DESIGN_DATE_AND_TIME_ASSIGNMENT ( #306, #4185, ( #965 ) ) ;
#363 = ORIENTED_EDGE ( 'NONE', *, *, #751, .T. ) ;
#364 = ORIENTED_EDGE ( 'NONE', *, *, #5592, .F. ) ;
#365 =( BOUNDED_SURFACE ( )  B_SPLINE_SURFACE ( 3, 2, ( 
 ( #2863, #1087, #1996 ),
 ( #5637, #4269, #2087 ),
 ( #1973, #2457, #305 ),
 ( #687, #4594, #5569 ),
 ( #4156, #4625, #1151 ),
 ( #624, #5164, #2927 ),
 ( #3727, #5066, #5511 ),
 ( #719, #3812, #1531 ),
 ( #246, #4212, #654 ),
 ( #5127, #2026, #1185 ),
 ( #5196, #5602, #3845 ),
 ( #5097, #1655, #2488 ),
 ( #3417, #3295, #2429 ),
 ( #3352, #1621, #4184 ),
 ( #2836, #276, #3384 ),
 ( #216, #4687, #3754 ) ),
 .UNSPECIFIED., .F., .F., .T. ) 
 B_SPLINE_SURFACE_WITH_KNOTS ( ( 4, 2, 2, 2, 2, 2, 2, 4 ),
 ( 3, 3 ),
 ( 0.000000000000000000, 0.0005595026966106802970, 0.001119005393221360594, 0.001678508089832040891, 0.002238010786442721188, 0.002797513483053401702, 0.003357016179664081782, 0.004476021572885442376 ),
 ( 0.000000000000000000, 1.000000000000000000 ),
 .UNSPECIFIED. ) 
 GEOMETRIC_REPRESENTATION_ITEM ( )  RATIONAL_B_SPLINE_SURFACE ( (
 ( 1.000000000000000000, 0.7071067811865482389, 1.000000000000000000),
 ( 1.000000000000000000, 0.7015584563560063325, 1.000000000000000000),
 ( 1.000000000000000000, 0.6954905290183763800, 1.000000000000000000),
 ( 1.000000000000000000, 0.6823467038878650026, 1.000000000000000000),
 ( 1.000000000000000000, 0.6752010616757986305, 1.000000000000000000),
 ( 1.000000000000000000, 0.6602760206732560810, 1.000000000000000000),
 ( 1.000000000000000000, 0.6525765101896682241, 1.000000000000000000),
 ( 1.000000000000000000, 0.6369346716098730488, 1.000000000000000000),
 ( 1.000000000000000000, 0.6289082822855716071, 1.000000000000000000),
 ( 1.000000000000000000, 0.6135468461938911044, 1.000000000000000000),
 ( 1.000000000000000000, 0.6061732581871630554, 1.000000000000000000),
 ( 1.000000000000000000, 0.5925186488945317631, 1.000000000000000000),
 ( 1.000000000000000000, 0.5862351366951243925, 1.000000000000000000),
 ( 1.000000000000000000, 0.5707420146652832926, 1.000000000000000000),
 ( 1.000000000000000000, 0.5645096657858662548, 1.000000000000000000),
 ( 1.000000000000000000, 0.5645787928309813353, 1.000000000000000000) ) ) 
 REPRESENTATION_ITEM ( '' )  SURFACE ( )  );
#366 = CARTESIAN_POINT ( 'NONE',  ( 26.28449561181089678, -35.56547286757760418, 90.91586665186035532 ) ) ;
#367 = LINE ( 'NONE', #26, #4659 ) ;
#368 = CARTESIAN_POINT ( 'NONE',  ( 11.48712623399609889, 14.93452713242233365, 35.01586664685444816 ) ) ;
#369 = EDGE_CURVE ( 'NONE', #1072, #4975, #4316, .T. ) ;
#370 = CARTESIAN_POINT ( 'NONE',  ( 1.944273408280853488, 14.93452713242234076, 9.289352092116850201 ) ) ;
#371 = AXIS2_PLACEMENT_3D ( 'NONE', #494, #2267, #442 ) ;
#372 = CARTESIAN_POINT ( 'NONE',  ( 13.83449561181099696, -43.56547286757777471, -27.88413334813953526 ) ) ;
#373 = EDGE_CURVE ( 'NONE', #3911, #3470, #3860, .T. ) ;
#374 = VECTOR ( 'NONE', #1221, 1000.000000000000000 ) ;
#375 = EDGE_LOOP ( 'NONE', ( #2326, #4148, #1174, #2045 ) ) ;
#376 = TOROIDAL_SURFACE ( 'NONE', #1683, 22.70000000000000284, 0.8000000000000000444 ) ;
#377 = VERTEX_POINT ( 'NONE', #2474 ) ;
#378 = CARTESIAN_POINT ( 'NONE',  ( -42.68671935318044319, -94.56547286757857762, -27.88413334813953171 ) ) ;
#379 = EDGE_CURVE ( 'NONE', #858, #5318, #3339, .T. ) ;
#380 = DIRECTION ( 'NONE',  ( 8.359070939180708427E-29, -5.782411586589353300E-15, 1.000000000000000000 ) ) ;
#381 = CARTESIAN_POINT ( 'NONE',  ( -32.68671935318114663, -43.56547286757842841, -27.88413334813953526 ) ) ;
#382 = DIRECTION ( 'NONE',  ( -1.000000000000000000, -1.404665511781869571E-14, -9.764602899647557881E-31 ) ) ;
#383 = ORIENTED_EDGE ( 'NONE', *, *, #141, .T. ) ;
#384 = DIRECTION ( 'NONE',  ( 1.396452398161329869E-14, -1.000000000000000000, -0.000000000000000000 ) ) ;
#385 = CARTESIAN_POINT ( 'NONE',  ( 0.8844949312964971444, -6.734803182481619466, 52.98573390918092940 ) ) ;
#386 = DIRECTION ( 'NONE',  ( -1.396452398161329869E-14, 1.000000000000000000, -0.000000000000000000 ) ) ;
#387 = EDGE_LOOP ( 'NONE', ( #3639, #4769, #3765, #3189, #1778, #2145, #2947, #5389, #4754, #3177, #363, #4448, #1762, #1423 ) ) ;
#388 = DIRECTION ( 'NONE',  ( -1.000000000000000000, -1.301042606982604847E-14, -8.463559325920445395E-29 ) ) ;
#389 = DIRECTION ( 'NONE',  ( -1.000000000000000000, -1.321694076934708469E-14, 0.000000000000000000 ) ) ;
#390 = ORIENTED_EDGE ( 'NONE', *, *, #3650, .T. ) ;
#391 = ORIENTED_EDGE ( 'NONE', *, *, #1798, .T. ) ;
#392 = FACE_OUTER_BOUND ( 'NONE', #35, .T. ) ;
#393 = CARTESIAN_POINT ( 'NONE',  ( 12.88449493129605194, 14.93452713242239227, 28.01586664685444461 ) ) ;
#394 = VERTEX_POINT ( 'NONE', #4289 ) ;
#395 = EDGE_CURVE ( 'NONE', #1040, #3470, #5093, .T. ) ;
#396 = VERTEX_POINT ( 'NONE', #2134 ) ;
#397 = AXIS2_PLACEMENT_3D ( 'NONE', #1410, #960, #2739 ) ;
#398 = DIRECTION ( 'NONE',  ( -1.404665511781869729E-14, 1.000000000000000000, 5.782411586589354089E-15 ) ) ;
#399 = DIRECTION ( 'NONE',  ( 8.096357281091939700E-29, -5.782411586589354089E-15, 1.000000000000000000 ) ) ;
#400 = DIRECTION ( 'NONE',  ( 1.000000000000000000, 1.404665511781869729E-14, -1.097100319162434907E-16 ) ) ;
#401 = AXIS2_PLACEMENT_3D ( 'NONE', #4920, #3099, #3552 ) ;
#402 = LINE ( 'NONE', #3907, #5674 ) ;
#403 = ORIENTED_EDGE ( 'NONE', *, *, #213, .F. ) ;
#404 = ADVANCED_FACE ( 'NONE', ( #1259 ), #2075, .F. ) ;
#405 = ORIENTED_EDGE ( 'NONE', *, *, #5159, .F. ) ;
#406 = DIRECTION ( 'NONE',  ( 1.404665511781869571E-14, -1.000000000000000000, -5.782411586589354089E-15 ) ) ;
#407 = AXIS2_PLACEMENT_3D ( 'NONE', #2203, #5314, #1335 ) ;
#408 = PLANE ( 'NONE',  #5121 ) ;
#409 = VECTOR ( 'NONE', #3999, 1000.000000000000000 ) ;
#410 = ORIENTED_EDGE ( 'NONE', *, *, #5372, .F. ) ;
#411 = EDGE_CURVE ( 'NONE', #5730, #4083, #5239, .T. ) ;
#412 = CARTESIAN_POINT ( 'NONE',  ( -13.91550506870390436, -98.64468553998295874, 52.67188436900124771 ) ) ;
#413 = DIRECTION ( 'NONE',  ( -1.000000000000000000, -1.396452398161329869E-14, 0.000000000000000000 ) ) ;
#414 = DIRECTION ( 'NONE',  ( -1.400789206851271413E-14, 1.000000000000000000, 4.356926556559735285E-30 ) ) ;
#415 = ORIENTED_EDGE ( 'NONE', *, *, #2728, .F. ) ;
#416 = DIRECTION ( 'NONE',  ( -1.400789206851271413E-14, 1.000000000000000000, 4.356926556559735285E-30 ) ) ;
#417 = PLANE ( 'NONE',  #5095 ) ;
#418 = ORIENTED_EDGE ( 'NONE', *, *, #3836, .T. ) ;
#419 = EDGE_LOOP ( 'NONE', ( #745, #1408 ) ) ;
#420 = EDGE_CURVE ( 'NONE', #5440, #937, #769, .T. ) ;
#421 = FACE_BOUND ( 'NONE', #2180, .T. ) ;
#422 = DIRECTION ( 'NONE',  ( -1.681558157189780485E-43, -5.782411586589354089E-15, 1.000000000000000000 ) ) ;
#423 = AXIS2_PLACEMENT_3D ( 'NONE', #4791, #4404, #3543 ) ;
#424 = EDGE_CURVE ( 'NONE', #84, #4014, #4258, .T. ) ;
#425 = VECTOR ( 'NONE', #2198, 1000.000000000000000 ) ;
#426 = ORIENTED_EDGE ( 'NONE', *, *, #660, .F. ) ;
#427 = VERTEX_POINT ( 'NONE', #3831 ) ;
#428 = CARTESIAN_POINT ( 'NONE',  ( -22.15839828751676777, 18.43452713242187002, 32.64470820415652952 ) ) ;
#429 = CARTESIAN_POINT ( 'NONE',  ( 9.425500384958159117, -18.86547249352469890, 4.724401759337340673E-11 ) ) ;
#430 = CARTESIAN_POINT ( 'NONE',  ( 9.425500384857288694, -15.86547249352469890, 20.11586665186045764 ) ) ;
#431 = TOROIDAL_SURFACE ( 'NONE', #3210, 14.49999999999999822, 0.5000000000000000000 ) ;
#432 = ORIENTED_EDGE ( 'NONE', *, *, #4833, .F. ) ;
#433 = EDGE_CURVE ( 'NONE', #4285, #5123, #2567, .T. ) ;
#434 = ORIENTED_EDGE ( 'NONE', *, *, #5508, .F. ) ;
#435 = DIRECTION ( 'NONE',  ( -1.000000000000000000, -1.404665511781869571E-14, -3.077346148302311165E-31 ) ) ;
#436 = EDGE_CURVE ( 'NONE', #495, #2365, #97, .T. ) ;
#437 = DIRECTION ( 'NONE',  ( 1.000000000000000000, 1.396452398161330027E-14, 0.000000000000000000 ) ) ;
#438 = AXIS2_PLACEMENT_3D ( 'NONE', #3184, #994, #3021 ) ;
#439 = ORIENTED_EDGE ( 'NONE', *, *, #1781, .F. ) ;
#440 = DIRECTION ( 'NONE',  ( -0.9284766908852587486, -1.296573501623615376E-14, -0.3713906763541050537 ) ) ;
#441 = DIRECTION ( 'NONE',  ( -1.000000000000000000, -1.396989743957924894E-14, 0.000000000000000000 ) ) ;
#442 = DIRECTION ( 'NONE',  ( 0.000000000000000000, 1.000000000000000000, 5.782411586589358822E-15 ) ) ;
#443 = ORIENTED_EDGE ( 'NONE', *, *, #4076, .F. ) ;
#444 = EDGE_CURVE ( 'NONE', #2723, #4760, #3006, .T. ) ;
#445 = CARTESIAN_POINT ( 'NONE',  ( 1.884494931296123887, 12.43452713242214891, 39.42181401409184360 ) ) ;
#446 = DIRECTION ( 'NONE',  ( -1.000000000000000000, -1.388464315244376345E-14, -0.000000000000000000 ) ) ;
#447 = DIRECTION ( 'NONE',  ( -1.000000000000000000, -1.156482317317871607E-14, 0.000000000000000000 ) ) ;
#448 = CIRCLE ( 'NONE', #3964, 23.50000000000000000 ) ;
#449 = ORIENTED_EDGE ( 'NONE', *, *, #2370, .F. ) ;
#450 = DIRECTION ( 'NONE',  ( -1.396452398161330027E-14, 1.000000000000000000, -0.000000000000000000 ) ) ;
#451 = DIRECTION ( 'NONE',  ( -1.000000000000000000, -1.445602896647339666E-14, -1.156482317317871607E-14 ) ) ;
#452 = CIRCLE ( 'NONE', #4137, 1.500000000000004885 ) ;
#453 = VERTEX_POINT ( 'NONE', #3768 ) ;
#454 = AXIS2_PLACEMENT_3D ( 'NONE', #3354, #2931, #722 ) ;
#455 = ORIENTED_EDGE ( 'NONE', *, *, #5630, .T. ) ;
#456 = AXIS2_PLACEMENT_3D ( 'NONE', #4811, #1336, #868 ) ;
#457 = FACE_OUTER_BOUND ( 'NONE', #5626, .T. ) ;
#458 = DIRECTION ( 'NONE',  ( -1.396452398161329869E-14, 1.000000000000000000, 0.000000000000000000 ) ) ;
#459 = CARTESIAN_POINT ( 'NONE',  ( -11.11550506870390365, -8.465472867577812366, 53.55715258655452260 ) ) ;
#460 = EDGE_CURVE ( 'NONE', #3708, #3864, #958, .T. ) ;
#461 = ORIENTED_EDGE ( 'NONE', *, *, #5589, .T. ) ;
#462 = ORIENTED_EDGE ( 'NONE', *, *, #4568, .T. ) ;
#463 = DIRECTION ( 'NONE',  ( -1.000000000000000000, -1.734723475976807094E-14, 0.000000000000000000 ) ) ;
#464 = VECTOR ( 'NONE', #812, 1000.000000000000000 ) ;
#465 = DIRECTION ( 'NONE',  ( -1.000000000000000000, -1.404665511781869571E-14, -2.048537417326218835E-31 ) ) ;
#466 = EDGE_CURVE ( 'NONE', #3500, #5018, #841, .T. ) ;
#467 = ORIENTED_EDGE ( 'NONE', *, *, #590, .T. ) ;
#468 = CARTESIAN_POINT ( 'NONE',  ( 12.38449493129607504, 14.93452713242234786, 34.51586664685444106 ) ) ;
#469 = DIRECTION ( 'NONE',  ( 1.404665511781869413E-14, -1.000000000000000000, -5.782411586589353300E-15 ) ) ;
#470 = DIRECTION ( 'NONE',  ( 0.000000000000000000, 0.000000000000000000, 1.000000000000000000 ) ) ;
#471 = ORIENTED_EDGE ( 'NONE', *, *, #1296, .F. ) ;
#472 = CARTESIAN_POINT ( 'NONE',  ( -23.71905845929655143, 17.08097374182858275, 32.64470820415651531 ) ) ;
#473 = CARTESIAN_POINT ( 'NONE',  ( -0.5760630462789310124, -9.265472860786688969, 8.575064904724937875 ) ) ;
#474 = DIRECTION ( 'NONE',  ( 0.000000000000000000, 1.000000000000000000, 6.938893903907222067E-15 ) ) ;
#475 = EDGE_CURVE ( 'NONE', #2724, #3911, #1399, .T. ) ;
#476 = ORIENTED_EDGE ( 'NONE', *, *, #5600, .T. ) ;
#477 = LINE ( 'NONE', #1324, #34 ) ;
#478 = CARTESIAN_POINT ( 'NONE',  ( -24.36550506870325350, 15.43452713242185403, 30.64470820415651886 ) ) ;
#479 = CIRCLE ( 'NONE', #3536, 10.00000000000000178 ) ;
#480 = DIRECTION ( 'NONE',  ( -1.000000000000000000, 0.000000000000000000, 0.000000000000000000 ) ) ;
#481 = ORIENTED_EDGE ( 'NONE', *, *, #239, .T. ) ;
#482 = EDGE_LOOP ( 'NONE', ( #3578, #5060, #4559, #185 ) ) ;
#483 = CARTESIAN_POINT ( 'NONE',  ( -32.68671935318114663, -43.56547286757842841, 90.91586665186036953 ) ) ;
#484 = EDGE_CURVE ( 'NONE', #3344, #427, #5711, .T. ) ;
#485 = CARTESIAN_POINT ( 'NONE',  ( -23.86550506870326060, 15.93452713242186292, 30.14470820415652241 ) ) ;
#486 = VERTEX_POINT ( 'NONE', #3113 ) ;
#487 = EDGE_LOOP ( 'NONE', ( #3497, #4943, #4674, #4981, #1148, #5172 ) ) ;
#488 = CARTESIAN_POINT ( 'NONE',  ( -32.68671935318121768, -38.56547286757842841, -27.88413334813953526 ) ) ;
#489 = CIRCLE ( 'NONE', #4276, 5.450000000000000178 ) ;
#490 = DIRECTION ( 'NONE',  ( -1.402851773444435856E-14, 1.000000000000000000, -7.888609052210116302E-31 ) ) ;
#491 = EDGE_CURVE ( 'NONE', #883, #1811, #1107, .T. ) ;
#492 = ORIENTED_EDGE ( 'NONE', *, *, #827, .F. ) ;
#493 = CARTESIAN_POINT ( 'NONE',  ( -20.86550506870326060, 15.93452713242188956, 33.14470820415651531 ) ) ;
#494 = CARTESIAN_POINT ( 'NONE',  ( 9.425500384857331326, -18.86547249352469890, 20.11586665186043632 ) ) ;
#495 = VERTEX_POINT ( 'NONE', #3142 ) ;
#496 = CARTESIAN_POINT ( 'NONE',  ( 5.384494931297416187, 14.93452713242221819, 39.42181401409185781 ) ) ;
#497 = EDGE_CURVE ( 'NONE', #3887, #3723, #2055, .T. ) ;
#498 = LINE ( 'NONE', #2270, #1825 ) ;
#499 = CARTESIAN_POINT ( 'NONE',  ( 12.38449493129608392, 12.43452713242236563, 28.51586664685443040 ) ) ;
#500 = VERTEX_POINT ( 'NONE', #4406 ) ;
#501 = ORIENTED_EDGE ( 'NONE', *, *, #4210, .T. ) ;
#502 = DIRECTION ( 'NONE',  ( -1.000000000000000000, -1.301042606982604690E-14, 0.000000000000000000 ) ) ;
#503 = DIRECTION ( 'NONE',  ( 1.000000000000000000, 1.387778780781445676E-14, 0.000000000000000000 ) ) ;
#504 = EDGE_CURVE ( 'NONE', #2325, #2714, #554, .T. ) ;
#505 = DIRECTION ( 'NONE',  ( 1.000000000000000000, 1.400510696201459836E-14, 0.000000000000000000 ) ) ;
#506 = ORIENTED_EDGE ( 'NONE', *, *, #1099, .F. ) ;
#507 = ORIENTED_EDGE ( 'NONE', *, *, #50, .T. ) ;
#508 = FACE_OUTER_BOUND ( 'NONE', #4715, .T. ) ;
#509 = FACE_OUTER_BOUND ( 'NONE', #1214, .T. ) ;
#510 = EDGE_CURVE ( 'NONE', #972, #4529, #3063, .T. ) ;
#511 = AXIS2_PLACEMENT_3D ( 'NONE', #699, #1634, #767 ) ;
#512 = ORIENTED_EDGE ( 'NONE', *, *, #3209, .T. ) ;
#513 = ORIENTED_EDGE ( 'NONE', *, *, #491, .F. ) ;
#514 = CIRCLE ( 'NONE', #4029, 23.00000000000000000 ) ;
#515 = CARTESIAN_POINT ( 'NONE',  ( -11.11550506870390365, -8.465472867577812366, 20.11586665186050027 ) ) ;
#516 = LOCAL_TIME ( 16, 56, 49.00000000000000000, #1562 ) ;
#517 = CARTESIAN_POINT ( 'NONE',  ( -1.115505068703502412, -8.465472867577810590, 53.75083910440431367 ) ) ;
#518 = CARTESIAN_POINT ( 'NONE',  ( 26.28449561181106020, -47.56547286757807314, 90.91586665186036953 ) ) ;
#519 = CARTESIAN_POINT ( 'NONE',  ( -21.36550506870329613, 18.43452713242189489, 30.64470820415653307 ) ) ;
#520 = FACE_BOUND ( 'NONE', #323, .T. ) ;
#521 = VERTEX_POINT ( 'NONE', #3091 ) ;
#522 = DIRECTION ( 'NONE',  ( -1.000000000000000000, 0.000000000000000000, 0.000000000000000000 ) ) ;
#523 = EDGE_CURVE ( 'NONE', #5291, #5401, #5566, .T. ) ;
#524 = FACE_OUTER_BOUND ( 'NONE', #3454, .T. ) ;
#525 = CARTESIAN_POINT ( 'NONE',  ( 16.28449561181099980, -43.56547286757773918, -27.88413334813953526 ) ) ;
#526 = EDGE_LOOP ( 'NONE', ( #3250, #4676, #124, #2261 ) ) ;
#527 = ORIENTED_EDGE ( 'NONE', *, *, #4323, .F. ) ;
#528 = CARTESIAN_POINT ( 'NONE',  ( -12.11550506870390187, 14.63452713242208247, 20.91586664184828592 ) ) ;
#529 = CARTESIAN_POINT ( 'NONE',  ( -32.68671935318095478, -57.56547286757843551, -27.88413334813953526 ) ) ;
#530 = CARTESIAN_POINT ( 'NONE',  ( -37.18671935318123190, -35.56547286757849236, 45.61586665186048606 ) ) ;
#531 = VERTEX_POINT ( 'NONE', #2713 ) ;
#532 = ADVANCED_FACE ( 'NONE', ( #5356 ), #63, .F. ) ;
#533 = ORIENTED_EDGE ( 'NONE', *, *, #4585, .F. ) ;
#534 = EDGE_CURVE ( 'NONE', #2572, #3500, #4855, .T. ) ;
#535 = CIRCLE ( 'NONE', #2295, 0.2999999999999999334 ) ;
#536 = DIRECTION ( 'NONE',  ( -1.396452398161329869E-14, 1.000000000000000000, -0.000000000000000000 ) ) ;
#537 = CARTESIAN_POINT ( 'NONE',  ( 1.884494931296125220, 12.43452713242214891, 39.42181401409184360 ) ) ;
#538 = AXIS2_PLACEMENT_3D ( 'NONE', #808, #1361, #1802 ) ;
#539 = PRODUCT_RELATED_PRODUCT_CATEGORY ( 'detail', '', ( #1044 ) ) ;
#540 = AXIS2_PLACEMENT_3D ( 'NONE', #5572, #219, #3757 ) ;
#541 = VERTEX_POINT ( 'NONE', #1788 ) ;
#542 = AXIS2_PLACEMENT_3D ( 'NONE', #4074, #1653, #1150 ) ;
#543 = EDGE_CURVE ( 'NONE', #1266, #486, #158, .T. ) ;
#544 = ORIENTED_EDGE ( 'NONE', *, *, #3762, .F. ) ;
#545 = PLANE ( 'NONE',  #542 ) ;
#546 = CARTESIAN_POINT ( 'NONE',  ( 12.51627051688056547, 15.43452713242237628, 39.41943004603650991 ) ) ;
#547 = AXIS2_PLACEMENT_3D ( 'NONE', #1918, #4509, #4482 ) ;
#548 = DIRECTION ( 'NONE',  ( -4.814824860968080664E-29, 6.938893903907221278E-15, -1.000000000000000000 ) ) ;
#549 = CARTESIAN_POINT ( 'NONE',  ( -9.815513575126541213, -17.56547286757810511, 31.51586665186150427 ) ) ;
#550 = DIRECTION ( 'NONE',  ( 1.301042606982604690E-14, -1.000000000000000000, 0.000000000000000000 ) ) ;
#551 = ORIENTED_EDGE ( 'NONE', *, *, #3179, .F. ) ;
#552 = LINE ( 'NONE', #4081, #4873 ) ;
#553 = DIRECTION ( 'NONE',  ( -1.000000000000000000, -1.387778780781445360E-14, 0.000000000000000000 ) ) ;
#554 = CIRCLE ( 'NONE', #3330, 0.5000000000000004441 ) ;
#555 = VECTOR ( 'NONE', #1091, 1000.000000000000000 ) ;
#556 = ORIENTED_EDGE ( 'NONE', *, *, #2812, .T. ) ;
#557 = ORIENTED_EDGE ( 'NONE', *, *, #4680, .T. ) ;
#558 = CARTESIAN_POINT ( 'NONE',  ( 5.384494931297451714, 15.43452713242231589, 23.10991927961703851 ) ) ;
#559 = DIRECTION ( 'NONE',  ( -1.000000000000000000, -1.398620802506299458E-14, 0.000000000000000000 ) ) ;
#560 = FACE_BOUND ( 'NONE', #3741, .T. ) ;
#561 = ORIENTED_EDGE ( 'NONE', *, *, #86, .T. ) ;
#562 = ORIENTED_EDGE ( 'NONE', *, *, #5223, .F. ) ;
#563 = ADVANCED_FACE ( 'NONE', ( #5327 ), #2628, .F. ) ;
#564 = AXIS2_PLACEMENT_3D ( 'NONE', #5105, #2349, #2844 ) ;
#565 = DIRECTION ( 'NONE',  ( 1.396452398161329869E-14, -1.000000000000000000, -0.000000000000000000 ) ) ;
#566 = EDGE_CURVE ( 'NONE', #2918, #5074, #724, .T. ) ;
#567 = VERTEX_POINT ( 'NONE', #1814 ) ;
#568 = EDGE_LOOP ( 'NONE', ( #3001, #2291, #3931, #2983 ) ) ;
#569 = CARTESIAN_POINT ( 'NONE',  ( 12.88449493129605194, 14.93452713242232655, 39.42181401409185781 ) ) ;
#570 = ADVANCED_FACE ( 'NONE', ( #5467 ), #1539, .T. ) ;
#571 = CARTESIAN_POINT ( 'NONE',  ( -11.30682791330381143, -8.465472867577810590, 54.33393799394463031 ) ) ;
#572 = AXIS2_PLACEMENT_3D ( 'NONE', #2081, #3839, #1586 ) ;
#573 = DIRECTION ( 'NONE',  ( -1.396452398161329869E-14, 1.000000000000000000, 0.000000000000000000 ) ) ;
#574 = AXIS2_PLACEMENT_3D ( 'NONE', #1196, #790, #2622 ) ;
#575 = FACE_BOUND ( 'NONE', #2139, .T. ) ;
#576 = ORIENTED_EDGE ( 'NONE', *, *, #3828, .F. ) ;
#577 = CARTESIAN_POINT ( 'NONE',  ( 0.7004811675499655887, -7.329160815947988183, 8.882744430634168964 ) ) ;
#578 = DIRECTION ( 'NONE',  ( 1.396452398161329869E-14, -1.000000000000000000, -0.000000000000000000 ) ) ;
#579 = AXIS2_PLACEMENT_3D ( 'NONE', #5398, #4139, #150 ) ;
#580 = EDGE_LOOP ( 'NONE', ( #893, #1827, #2167, #2123 ) ) ;
#581 = ORIENTED_EDGE ( 'NONE', *, *, #4585, .T. ) ;
#582 = CARTESIAN_POINT ( 'NONE',  ( 12.42550038485710218, 12.43452713242242602, 20.11586665186063883 ) ) ;
#583 = DIRECTION ( 'NONE',  ( 0.000000000000000000, -1.084202172485503842E-15, 1.000000000000000000 ) ) ;
#584 = CARTESIAN_POINT ( 'NONE',  ( -13.11550506870390365, -6.465472867577810590, 10.35984893471871260 ) ) ;
#585 = DIRECTION ( 'NONE',  ( -1.000000000000000000, -1.396989743957924894E-14, -0.000000000000000000 ) ) ;
#586 = ORIENTED_EDGE ( 'NONE', *, *, #3167, .T. ) ;
#587 = ORIENTED_EDGE ( 'NONE', *, *, #5115, .F. ) ;
#588 = VECTOR ( 'NONE', #4021, 1000.000000000000000 ) ;
#589 = CARTESIAN_POINT ( 'NONE',  ( 0.8921489315391192276, 14.78030764799104801, 53.13151442301199268 ) ) ;
#590 = EDGE_CURVE ( 'NONE', #3531, #4592, #3303, .T. ) ;
#591 = ORIENTED_EDGE ( 'NONE', *, *, #4210, .F. ) ;
#592 = EDGE_LOOP ( 'NONE', ( #5089, #2532, #75, #2015 ) ) ;
#593 = FACE_OUTER_BOUND ( 'NONE', #296, .T. ) ;
#594 = PLANE ( 'NONE',  #3575 ) ;
#595 = CARTESIAN_POINT ( 'NONE',  ( 0.4574961772216429856, -7.707590604801180412, 53.18203299623106517 ) ) ;
#596 = ADVANCED_FACE ( 'NONE', ( #3707 ), #4054, .T. ) ;
#597 = CARTESIAN_POINT ( 'NONE',  ( -11.59013922363177329, -8.440196295056386688, 54.26415819882520708 ) ) ;
#598 = AXIS2_PLACEMENT_3D ( 'NONE', #168, #1953, #2320 ) ;
#599 = AXIS2_PLACEMENT_3D ( 'NONE', #5718, #3071, #451 ) ;
#600 = EDGE_CURVE ( 'NONE', #3482, #3307, #1013, .T. ) ;
#601 = DIRECTION ( 'NONE',  ( 1.000000000000000000, 1.404665511781869571E-14, 2.599684951800732511E-31 ) ) ;
#602 = DIRECTION ( 'NONE',  ( 1.396452398161330027E-14, -1.000000000000000000, -0.000000000000000000 ) ) ;
#603 = ORIENTED_EDGE ( 'NONE', *, *, #4798, .T. ) ;
#604 = EDGE_CURVE ( 'NONE', #3202, #2281, #448, .T. ) ;
#605 = CC_DESIGN_SECURITY_CLASSIFICATION ( #1267, ( #1917 ) ) ;
#606 = CARTESIAN_POINT ( 'NONE',  ( -13.11550506870469945, 14.63452713242211622, 10.35984893471933610 ) ) ;
#607 = DIRECTION ( 'NONE',  ( -1.401718565583457942E-14, 1.000000000000000000, 6.360652745248286106E-15 ) ) ;
#608 = EDGE_LOOP ( 'NONE', ( #476, #2546, #1, #228 ) ) ;
#609 = EDGE_LOOP ( 'NONE', ( #4263, #5050, #3053, #3085, #4015, #3987, #963, #4209 ) ) ;
#610 = ADVANCED_FACE ( 'NONE', ( #1487 ), #3223, .T. ) ;
#611 = CARTESIAN_POINT ( 'NONE',  ( -27.23671935318126103, -35.56547286757835025, 90.91586665186036953 ) ) ;
#612 = CARTESIAN_POINT ( 'NONE',  ( 12.88449493129606971, 13.53452713242240435, 23.60991927961702430 ) ) ;
#613 = CARTESIAN_POINT ( 'NONE',  ( -23.36550506870326060, 15.93452713242185581, 32.64470820415651531 ) ) ;
#614 = ORIENTED_EDGE ( 'NONE', *, *, #2351, .T. ) ;
#615 = AXIS2_PLACEMENT_3D ( 'NONE', #2329, #5476, #4582 ) ;
#616 = CARTESIAN_POINT ( 'NONE',  ( -20.71550438818978179, 12.43452713242195351, 20.11586665186063883 ) ) ;
#617 =( BOUNDED_SURFACE ( )  B_SPLINE_SURFACE ( 3, 2, ( 
 ( #2264, #1951, #2838 ),
 ( #194, #163, #5132 ),
 ( #5573, #3730, #1035 ),
 ( #220, #2813, #2001 ),
 ( #5040, #4660, #3758 ),
 ( #1063, #2032, #4188 ),
 ( #1594, #5014, #1485 ),
 ( #5069, #3328, #2403 ),
 ( #5543, #3356, #4158 ),
 ( #1155, #3676, #4569 ),
 ( #1507, #4540, #2867 ),
 ( #1975, #1124, #250 ),
 ( #3300, #1565, #5513 ),
 ( #5462, #4598, #1535 ),
 ( #5101, #597, #3787 ),
 ( #691, #571, #2371 ) ),
 .UNSPECIFIED., .F., .F., .T. ) 
 B_SPLINE_SURFACE_WITH_KNOTS ( ( 4, 2, 2, 2, 2, 2, 2, 4 ),
 ( 3, 3 ),
 ( 0.000000000000000000, 0.0005594831833898522913, 0.001118966366779704583, 0.001678449550169556874, 0.002237932733559409165, 0.002797415916949261457, 0.003356899100339113748, 0.004475865467118818330 ),
 ( 0.000000000000000000, 1.000000000000000000 ),
 .UNSPECIFIED. ) 
 GEOMETRIC_REPRESENTATION_ITEM ( )  RATIONAL_B_SPLINE_SURFACE ( (
 ( 1.000000000000000000, 0.5645787928309761172, 1.000000000000000000),
 ( 1.000000000000000000, 0.5645799602062741007, 1.000000000000000000),
 ( 1.000000000000000000, 0.5660502962665326931, 1.000000000000000000),
 ( 1.000000000000000000, 0.5716438096941446334, 1.000000000000000000),
 ( 1.000000000000000000, 0.5758377958554290466, 1.000000000000000000),
 ( 1.000000000000000000, 0.5861907358395845868, 1.000000000000000000),
 ( 1.000000000000000000, 0.5923308735315876428, 1.000000000000000000),
 ( 1.000000000000000000, 0.6060218220305783055, 1.000000000000000000),
 ( 1.000000000000000000, 0.6135123602357790418, 1.000000000000000000),
 ( 1.000000000000000000, 0.6288301030366723054, 1.000000000000000000),
 ( 1.000000000000000000, 0.6367764703903286971, 1.000000000000000000),
 ( 1.000000000000000000, 0.6525422436601917564, 1.000000000000000000),
 ( 1.000000000000000000, 0.6602420282051638667, 1.000000000000000000),
 ( 1.000000000000000000, 0.6824740254091281599, 1.000000000000000000),
 ( 1.000000000000000000, 0.6961707764406187549, 1.000000000000000000),
 ( 1.000000000000000000, 0.7071067811865442421, 1.000000000000000000) ) ) 
 REPRESENTATION_ITEM ( '' )  SURFACE ( )  );
#618 = ORIENTED_EDGE ( 'NONE', *, *, #1440, .F. ) ;
#619 = ORIENTED_EDGE ( 'NONE', *, *, #369, .T. ) ;
#620 = DIRECTION ( 'NONE',  ( 1.000000000000000000, 1.396452398161330027E-14, 0.000000000000000000 ) ) ;
#621 = ORIENTED_EDGE ( 'NONE', *, *, #5034, .F. ) ;
#622 = ADVANCED_FACE ( 'NONE', ( #4545 ), #5744, .T. ) ;
#623 = CARTESIAN_POINT ( 'NONE',  ( -5.686719353181967307, 14.93452713242210450, 31.51586665186062319 ) ) ;
#624 = CARTESIAN_POINT ( 'NONE',  ( -12.57822490397962945, -8.988290306183182921, 9.048334123724995237 ) ) ;
#625 = CARTESIAN_POINT ( 'NONE',  ( 11.48712623399638844, -5.065930435712613367, 28.01586664685433092 ) ) ;
#626 = DIRECTION ( 'NONE',  ( 1.000000000000000000, 1.404665511781869413E-14, 8.122354130609953751E-29 ) ) ;
#627 = PRODUCT_DEFINITION_SHAPE ( 'NONE', 'NONE',  #965 ) ;
#628 = LINE ( 'NONE', #3272, #555 ) ;
#629 = AXIS2_PLACEMENT_3D ( 'NONE', #1620, #3322, #4242 ) ;
#630 = ADVANCED_FACE ( 'NONE', ( #3628, #5017, #575, #92, #520, #3680 ), #5492, .T. ) ;
#631 = AXIS2_PLACEMENT_3D ( 'NONE', #4273, #1154, #308 ) ;
#632 = CIRCLE ( 'NONE', #3973, 10.00000000000000178 ) ;
#633 = CARTESIAN_POINT ( 'NONE',  ( -0.5826804787850768941, -9.248063690489013666, 54.45564250581808352 ) ) ;
#634 = DIRECTION ( 'NONE',  ( 1.000000000000000000, 1.396452398161329869E-14, 0.000000000000000000 ) ) ;
#635 = ORIENTED_EDGE ( 'NONE', *, *, #215, .T. ) ;
#636 = CARTESIAN_POINT ( 'NONE',  ( -3.815513575126563417, -17.56547286757802340, 37.51586665186152203 ) ) ;
#637 = EDGE_CURVE ( 'NONE', #5074, #2918, #2955, .T. ) ;
#638 = CIRCLE ( 'NONE', #267, 23.50000000000000000 ) ;
#639 = EDGE_CURVE ( 'NONE', #4976, #920, #2815, .T. ) ;
#640 = EDGE_LOOP ( 'NONE', ( #4620, #1017, #1458, #2614 ) ) ;
#641 = PLANE ( 'NONE',  #3820 ) ;
#642 = CARTESIAN_POINT ( 'NONE',  ( 0.4649784806417871508, -7.698053299936412408, 53.17875053840988642 ) ) ;
#643 = DIRECTION ( 'NONE',  ( -1.000000000000000000, -1.416100796715764393E-14, 0.000000000000000000 ) ) ;
#644 = ORIENTED_EDGE ( 'NONE', *, *, #715, .T. ) ;
#645 = DIRECTION ( 'NONE',  ( 1.000000000000000000, 2.312964634635742957E-16, 0.000000000000000000 ) ) ;
#646 = DIRECTION ( 'NONE',  ( -1.000000000000000000, -1.387778780781444413E-14, 0.000000000000000000 ) ) ;
#647 = EDGE_CURVE ( 'NONE', #3287, #1672, #208, .T. ) ;
#648 = AXIS2_PLACEMENT_3D ( 'NONE', #2915, #1706, #4796 ) ;
#649 = VERTEX_POINT ( 'NONE', #2345 ) ;
#650 = ORIENTED_EDGE ( 'NONE', *, *, #1684, .T. ) ;
#651 = FACE_OUTER_BOUND ( 'NONE', #3077, .T. ) ;
#652 = ORIENTED_EDGE ( 'NONE', *, *, #5003, .T. ) ;
#653 = CARTESIAN_POINT ( 'NONE',  ( 16.28449561181106375, -47.56547286757774629, -37.88413334813954236 ) ) ;
#654 = CARTESIAN_POINT ( 'NONE',  ( -12.42433923732490442, -7.983305823515912891, 10.00808976385366655 ) ) ;
#655 = PERSON_AND_ORGANIZATION ( #2414, #4586 ) ;
#656 = CARTESIAN_POINT ( 'NONE',  ( -14.02425554071682434, 14.93452713242186292, 52.95147931680553199 ) ) ;
#657 = AXIS2_PLACEMENT_3D ( 'NONE', #664, #578, #5444 ) ;
#658 = LINE ( 'NONE', #4689, #2964 ) ;
#659 = CARTESIAN_POINT ( 'NONE',  ( 16.28449561181101402, -43.56547286757773918, 90.91586665186036953 ) ) ;
#660 = EDGE_CURVE ( 'NONE', #2281, #3672, #1567, .T. ) ;
#661 = CARTESIAN_POINT ( 'NONE',  ( 1.923891767437970524, -6.847744217543385581, 53.74940860396690567 ) ) ;
#662 = DIRECTION ( 'NONE',  ( 0.000000000000000000, 5.782411586589358822E-15, -1.000000000000000000 ) ) ;
#663 = CARTESIAN_POINT ( 'NONE',  ( 9.425500384743049409, -18.86547249352469890, 42.91586665186039795 ) ) ;
#664 = CARTESIAN_POINT ( 'NONE',  ( -32.68671935318114663, -43.56547286757842841, 90.91586665186036953 ) ) ;
#665 = ADVANCED_FACE ( 'NONE', ( #1697, #4311 ), #222, .T. ) ;
#666 = VECTOR ( 'NONE', #5628, 1000.000000000000000 ) ;
#667 = VERTEX_POINT ( 'NONE', #1598 ) ;
#668 = CARTESIAN_POINT ( 'NONE',  ( 0.8844949303897398085, 14.70651509872480922, 9.974011429975684351 ) ) ;
#669 = DIRECTION ( 'NONE',  ( -1.396452398161330027E-14, 1.000000000000000000, -0.000000000000000000 ) ) ;
#670 = CARTESIAN_POINT ( 'NONE',  ( -13.05703381811440522, -7.014510454489680136, 10.32760091711845796 ) ) ;
#671 = EDGE_CURVE ( 'NONE', #2305, #4000, #955, .T. ) ;
#672 = ORIENTED_EDGE ( 'NONE', *, *, #2382, .T. ) ;
#673 = CARTESIAN_POINT ( 'NONE',  ( 5.384494931297451714, 12.43452713242229812, 23.60991927961701720 ) ) ;
#674 = EDGE_CURVE ( 'NONE', #2675, #2940, #4727, .T. ) ;
#675 = VECTOR ( 'NONE', #1378, 1000.000000000000000 ) ;
#676 = CARTESIAN_POINT ( 'NONE',  ( 5.384494931297435727, 12.43452713242219865, 39.42181401409184360 ) ) ;
#677 = ORIENTED_EDGE ( 'NONE', *, *, #4787, .F. ) ;
#678 = EDGE_LOOP ( 'NONE', ( #3687, #1425, #741, #4396 ) ) ;
#679 = DIRECTION ( 'NONE',  ( -1.401718565583457942E-14, 1.000000000000000000, 6.360652745248286895E-15 ) ) ;
#680 = DIRECTION ( 'NONE',  ( 1.097100319163247187E-16, -5.782411586589352511E-15, 1.000000000000000000 ) ) ;
#681 = AXIS2_PLACEMENT_3D ( 'NONE', #2992, #3447, #4746 ) ;
#682 = ADVANCED_FACE ( 'NONE', ( #5677 ), #3852, .T. ) ;
#683 = ADVANCED_FACE ( 'NONE', ( #2435 ), #2557, .T. ) ;
#684 = ORIENTED_EDGE ( 'NONE', *, *, #647, .F. ) ;
#685 = DIRECTION ( 'NONE',  ( 1.396452398161329869E-14, -1.000000000000000000, 0.000000000000000000 ) ) ;
#686 = ADVANCED_FACE ( 'NONE', ( #3793 ), #3393, .T. ) ;
#687 = CARTESIAN_POINT ( 'NONE',  ( -12.04962915711263705, -9.177971023682914620, 8.892883371670270876 ) ) ;
#688 = APPROVAL_DATE_TIME ( #1186, #2779 ) ;
#689 = PLANE ( 'NONE',  #2694 ) ;
#690 = FACE_OUTER_BOUND ( 'NONE', #678, .T. ) ;
#691 = CARTESIAN_POINT ( 'NONE',  ( -11.30682791330380965, -9.265472867577816629, 54.33393799394462320 ) ) ;
#692 = CARTESIAN_POINT ( 'NONE',  ( 1.538354567195145295, -7.906309396179335813, 53.87791665050975354 ) ) ;
#693 = CARTESIAN_POINT ( 'NONE',  ( -13.81076655026967082, 14.93452713205816984, 53.47188436900162856 ) ) ;
#694 = CARTESIAN_POINT ( 'NONE',  ( -25.83219030821235407, -35.56547286757833604, 19.41586665186038374 ) ) ;
#695 = DIRECTION ( 'NONE',  ( -1.400789206851271413E-14, 1.000000000000000000, 4.356926556559735285E-30 ) ) ;
#696 = VECTOR ( 'NONE', #2221, 1000.000000000000000 ) ;
#697 = AXIS2_PLACEMENT_3D ( 'NONE', #4589, #211, #620 ) ;
#698 = ORIENTED_EDGE ( 'NONE', *, *, #3084, .T. ) ;
#699 = CARTESIAN_POINT ( 'NONE',  ( 11.48712623399610777, 14.93452713242237273, 28.01586664685444461 ) ) ;
#700 = CARTESIAN_POINT ( 'NONE',  ( -0.04736500669678008618, -8.174489539599386845, 54.33266417611347521 ) ) ;
#701 = VECTOR ( 'NONE', #4756, 1000.000000000000000 ) ;
#702 = EDGE_CURVE ( 'NONE', #287, #148, #1227, .T. ) ;
#703 = CIRCLE ( 'NONE', #4208, 1.050000000000000488 ) ;
#704 = DIRECTION ( 'NONE',  ( 1.681558157189780485E-43, 5.782411586589354089E-15, -1.000000000000000000 ) ) ;
#705 = ORIENTED_EDGE ( 'NONE', *, *, #3593, .T. ) ;
#706 = CARTESIAN_POINT ( 'NONE',  ( 12.88449493129605194, 14.93452713242232655, 39.42181401409185781 ) ) ;
#707 = DIRECTION ( 'NONE',  ( 0.000000000000000000, 1.000000000000000000, 6.938893903907222067E-15 ) ) ;
#708 = EDGE_LOOP ( 'NONE', ( #1860, #5658, #5092, #1029 ) ) ;
#709 = EDGE_LOOP ( 'NONE', ( #4587, #3138, #3038, #4590 ) ) ;
#710 = DIRECTION ( 'NONE',  ( 8.673617379884027583E-16, -0.000000000000000000, 1.000000000000000000 ) ) ;
#711 = FACE_OUTER_BOUND ( 'NONE', #592, .T. ) ;
#712 = VECTOR ( 'NONE', #3379, 1000.000000000000000 ) ;
#713 = CARTESIAN_POINT ( 'NONE',  ( 0.8844949312961422061, 21.57367679050796383, 20.11586665186012723 ) ) ;
#714 = VECTOR ( 'NONE', #3208, 1000.000000000000000 ) ;
#715 = EDGE_CURVE ( 'NONE', #5324, #3711, #489, .T. ) ;
#716 = EDGE_LOOP ( 'NONE', ( #234, #1694, #1882, #2285 ) ) ;
#717 = ADVANCED_FACE ( 'NONE', ( #3026 ), #4343, .T. ) ;
#718 = CARTESIAN_POINT ( 'NONE',  ( 12.88449493129608747, 12.43452713242230345, 39.42181401409184360 ) ) ;
#719 = CARTESIAN_POINT ( 'NONE',  ( -13.05509148148781051, -8.706158192197756662, 9.200312045635332225 ) ) ;
#720 = APPROVAL_STATUS ( 'not_yet_approved' ) ;
#721 = DIRECTION ( 'NONE',  ( -1.000000000000000000, -1.404665511781869571E-14, 5.460873910928280628E-31 ) ) ;
#722 = DIRECTION ( 'NONE',  ( -1.000000000000000000, -1.392523712765744556E-14, 0.000000000000000000 ) ) ;
#724 = CIRCLE ( 'NONE', #4418, 2.449999999999997513 ) ;
#723 = CYLINDRICAL_SURFACE ( 'NONE', #1109, 8.097314602603169931 ) ;
#725 = ADVANCED_FACE ( 'NONE', ( #815 ), #365, .T. ) ;
#726 = ADVANCED_FACE ( 'NONE', ( #5537 ), #3784, .T. ) ;
#727 = EDGE_CURVE ( 'NONE', #1980, #5481, #3003, .T. ) ;
#728 = ORIENTED_EDGE ( 'NONE', *, *, #3279, .F. ) ;
#729 = CARTESIAN_POINT ( 'NONE',  ( 5.384494931297416187, 14.93452713242221819, 39.42181401409185781 ) ) ;
#730 = DIRECTION ( 'NONE',  ( 1.000000000000000000, 1.388464315244350786E-14, -5.142460426830928873E-16 ) ) ;
#731 = AXIS2_PLACEMENT_3D ( 'NONE', #275, #1530, #1560 ) ;
#732 = FACE_OUTER_BOUND ( 'NONE', #4061, .T. ) ;
#733 = CARTESIAN_POINT ( 'NONE',  ( 5.384494931297712839, -5.065930435712671986, 23.60991927961691772 ) ) ;
#734 = AXIS2_PLACEMENT_3D ( 'NONE', #1593, #4721, #1623 ) ;
#735 = CIRCLE ( 'NONE', #1093, 23.50000000000000000 ) ;
#736 = VERTEX_POINT ( 'NONE', #190 ) ;
#737 = AXIS2_PLACEMENT_3D ( 'NONE', #2757, #4508, #1006 ) ;
#738 = CARTESIAN_POINT ( 'NONE',  ( 1.684494931297000786, 14.93452713242233720, 9.245999396278337557 ) ) ;
#739 = DIRECTION ( 'NONE',  ( -1.396452398161329869E-14, 1.000000000000000000, -0.000000000000000000 ) ) ;
#740 = CARTESIAN_POINT ( 'NONE',  ( -3.815513575126545653, -15.86547249352488187, 25.51586665186152558 ) ) ;
#741 = ORIENTED_EDGE ( 'NONE', *, *, #1469, .F. ) ;
#742 = DIRECTION ( 'NONE',  ( 1.396452398161329869E-14, -1.000000000000000000, 0.000000000000000000 ) ) ;
#743 = AXIS2_PLACEMENT_3D ( 'NONE', #2235, #3994, #3158 ) ;
#744 = DIRECTION ( 'NONE',  ( 1.000000000000000000, 0.000000000000000000, 0.000000000000000000 ) ) ;
#745 = ORIENTED_EDGE ( 'NONE', *, *, #3052, .T. ) ;
#746 = ORIENTED_EDGE ( 'NONE', *, *, #4352, .T. ) ;
#747 = DIRECTION ( 'NONE',  ( -1.000000000000000000, -1.416100796715761553E-14, 0.000000000000000000 ) ) ;
#748 = CARTESIAN_POINT ( 'NONE',  ( -14.02425554071683145, 15.43452713242187002, 52.95147931680553910 ) ) ;
#749 = CARTESIAN_POINT ( 'NONE',  ( -24.36550506870325350, 15.43452713242184338, 32.64470820415651531 ) ) ;
#750 = EDGE_LOOP ( 'NONE', ( #3701, #1053, #5523, #1956 ) ) ;
#751 = EDGE_CURVE ( 'NONE', #964, #1742, #4181, .T. ) ;
#752 = EDGE_CURVE ( 'NONE', #667, #5078, #4655, .T. ) ;
#753 = CARTESIAN_POINT ( 'NONE',  ( -42.68671935318109689, -47.56547286757856341, -27.88413334813953171 ) ) ;
#754 = DIRECTION ( 'NONE',  ( -1.000000000000000000, -1.387778780781444413E-14, 0.000000000000000000 ) ) ;
#755 = CARTESIAN_POINT ( 'NONE',  ( -4.865513575126564128, -17.56547286757803761, 37.51586665186152203 ) ) ;
#756 = EDGE_CURVE ( 'NONE', #29, #2207, #3725, .T. ) ;
#757 = CARTESIAN_POINT ( 'NONE',  ( -37.18671935318173638, 0.4345271324215083109, 46.61586665186048606 ) ) ;
#758 = CARTESIAN_POINT ( 'NONE',  ( 3.634494931296786024, 12.43452713242222352, 31.51586664685442685 ) ) ;
#759 = ORIENTED_EDGE ( 'NONE', *, *, #180, .T. ) ;
#760 = AXIS2_PLACEMENT_3D ( 'NONE', #5549, #2904, #553 ) ;
#761 = CARTESIAN_POINT ( 'NONE',  ( 0.7800425057157548414, -8.716092645262794036, 54.10916665598531239 ) ) ;
#762 = CARTESIAN_POINT ( 'NONE',  ( -14.20550632740206431, -6.465472867577819471, 53.41747089647812885 ) ) ;
#763 = ADVANCED_FACE ( 'NONE', ( #4087 ), #4812, .F. ) ;
#764 = CARTESIAN_POINT ( 'NONE',  ( 3.634494931296786024, 12.43452713242222352, 31.51586664685442685 ) ) ;
#765 = LINE ( 'NONE', #3363, #4453 ) ;
#766 = ORIENTED_EDGE ( 'NONE', *, *, #2627, .F. ) ;
#767 = DIRECTION ( 'NONE',  ( -0.9133818716278745420, 0.000000000000000000, 0.4071038646114296111 ) ) ;
#768 = CARTESIAN_POINT ( 'NONE',  ( 5.390477902360848894, 15.19637826028688288, 23.55537444531490721 ) ) ;
#769 = LINE ( 'NONE', #2508, #1863 ) ;
#770 = EDGE_LOOP ( 'NONE', ( #3161, #39, #4296, #5249, #4423, #135, #1676 ) ) ;
#771 = DIRECTION ( 'NONE',  ( -1.396452398161329869E-14, 1.000000000000000000, -0.000000000000000000 ) ) ;
#772 = CARTESIAN_POINT ( 'NONE',  ( 1.786241549095745507, -7.396310709338894007, 9.235577271079643324 ) ) ;
#773 = VERTEX_POINT ( 'NONE', #103 ) ;
#774 = EDGE_LOOP ( 'NONE', ( #2076, #3737, #5316, #1472 ) ) ;
#775 = DIRECTION ( 'NONE',  ( -1.396452398161330027E-14, 1.000000000000000000, -0.000000000000000000 ) ) ;
#776 = CARTESIAN_POINT ( 'NONE',  ( -9.815513575126150414, -45.56547286757810156, 31.51586665186150427 ) ) ;
#777 = VECTOR ( 'NONE', #5562, 1000.000000000000000 ) ;
#778 = VECTOR ( 'NONE', #730, 1000.000000000000000 ) ;
#779 = PLANE ( 'NONE',  #4580 ) ;
#780 = ORIENTED_EDGE ( 'NONE', *, *, #1872, .F. ) ;
#781 = CARTESIAN_POINT ( 'NONE',  ( 3.979930750813538420, 15.43452713242236740, 10.64589119028135222 ) ) ;
#782 = CARTESIAN_POINT ( 'NONE',  ( 5.438342828257093586, 15.43452713242231589, 23.10991927961703851 ) ) ;
#783 = APPLICATION_PROTOCOL_DEFINITION ( 'international standard', 'config_control_design', 1994, #3201 ) ;
#784 = DIRECTION ( 'NONE',  ( -1.000000000000000000, 0.000000000000000000, 0.000000000000000000 ) ) ;
#785 = FACE_OUTER_BOUND ( 'NONE', #2968, .T. ) ;
#786 = DIRECTION ( 'NONE',  ( -1.000000000000000000, -1.387778780781444413E-14, 0.000000000000000000 ) ) ;
#787 = ORIENTED_EDGE ( 'NONE', *, *, #3983, .F. ) ;
#788 = CARTESIAN_POINT ( 'NONE',  ( -5.686719353181967307, 14.93452713242210450, 31.51586665186062319 ) ) ;
#789 = CARTESIAN_POINT ( 'NONE',  ( -13.35653734301596529, 15.24791018883547622, 53.28526742541441052 ) ) ;
#790 = DIRECTION ( 'NONE',  ( 1.404665511781869571E-14, -1.000000000000000000, -5.782411586589354089E-15 ) ) ;
#791 = DIRECTION ( 'NONE',  ( 1.396452398161329869E-14, -1.000000000000000000, 0.000000000000000000 ) ) ;
#792 = ORIENTED_EDGE ( 'NONE', *, *, #5707, .F. ) ;
#793 = CARTESIAN_POINT ( 'NONE',  ( 1.044761548793959216, 15.12616459981881611, 9.861635346004344882 ) ) ;
#794 = CARTESIAN_POINT ( 'NONE',  ( -2.114261706182899658, 15.43452713242211694, 39.22868367033049708 ) ) ;
#795 = APPROVAL ( #720, '未指定' ) ;
#796 = DIRECTION ( 'NONE',  ( -1.000000000000000000, -1.396452398161329869E-14, 1.006056498704454634E-16 ) ) ;
#797 = EDGE_LOOP ( 'NONE', ( #5222, #1868, #908, #410 ) ) ;
#798 = CARTESIAN_POINT ( 'NONE',  ( 12.38449493129604484, 15.43452713242231944, 39.41856775907999832 ) ) ;
#799 = TOROIDAL_SURFACE ( 'NONE', #4304, 1.800000000000000044, 0.8000000000000000444 ) ;
#800 = CARTESIAN_POINT ( 'NONE',  ( -0.03769273373309230818, -9.127751671093875530, 8.704252542230404899 ) ) ;
#801 = EDGE_CURVE ( 'NONE', #4407, #2586, #5028, .T. ) ;
#802 = ORIENTED_EDGE ( 'NONE', *, *, #2314, .T. ) ;
#803 = CIRCLE ( 'NONE', #1450, 23.50000000000000000 ) ;
#804 = CARTESIAN_POINT ( 'NONE',  ( -22.15839828751676066, 17.93452713242188423, 30.64470820415653307 ) ) ;
#805 = LINE ( 'NONE', #2576, #3117 ) ;
#806 = CYLINDRICAL_SURFACE ( 'NONE', #1401, 0.8000000000000003775 ) ;
#807 = VERTEX_POINT ( 'NONE', #4337 ) ;
#808 = CARTESIAN_POINT ( 'NONE',  ( -22.15839828751676066, 17.93452713242188423, 30.64470820415652952 ) ) ;
#809 = DIRECTION ( 'NONE',  ( 1.097100319163328415E-16, -6.360652745248285317E-15, 1.000000000000000000 ) ) ;
#810 = LINE ( 'NONE', #3449, #4987 ) ;
#811 = CARTESIAN_POINT ( 'NONE',  ( 4.190075318292437956, -35.56547286757790971, 10.19219607155120677 ) ) ;
#812 = DIRECTION ( 'NONE',  ( -1.000000000000000000, -1.404665511781869729E-14, 1.445602896646525897E-16 ) ) ;
#813 = VERTEX_POINT ( 'NONE', #1851 ) ;
#814 = DIRECTION ( 'NONE',  ( -1.000000000000000000, -1.402863332746461321E-14, 0.000000000000000000 ) ) ;
#815 = FACE_OUTER_BOUND ( 'NONE', #4844, .T. ) ;
#816 = CARTESIAN_POINT ( 'NONE',  ( 16.28449561181090033, -35.56547286757774629, 100.9158666518603695 ) ) ;
#817 = DIRECTION ( 'NONE',  ( -1.000000000000000000, -1.387778780781444413E-14, 0.000000000000000000 ) ) ;
#818 = ORIENTED_EDGE ( 'NONE', *, *, #361, .T. ) ;
#819 = CIRCLE ( 'NONE', #2585, 0.2999999999999999334 ) ;
#820 = DIRECTION ( 'NONE',  ( 1.000000000000000000, 1.404665511781869571E-14, -5.460873910928280628E-31 ) ) ;
#821 = CARTESIAN_POINT ( 'NONE',  ( 0.8293590915168398414, -7.000752975471518091, 53.01260827439568146 ) ) ;
#822 = AXIS2_PLACEMENT_3D ( 'NONE', #4504, #536, #2308 ) ;
#823 = CARTESIAN_POINT ( 'NONE',  ( 26.28449561181106375, -47.56547286757760418, -37.88413334813954236 ) ) ;
#824 = ORIENTED_EDGE ( 'NONE', *, *, #3037, .F. ) ;
#825 = CARTESIAN_POINT ( 'NONE',  ( -0.1155050687038248342, 14.63452713242225478, 20.11586664184828877 ) ) ;
#826 = ADVANCED_FACE ( 'NONE', ( #3047 ), #3959, .T. ) ;
#827 = EDGE_CURVE ( 'NONE', #3990, #1943, #1718, .T. ) ;
#828 = CARTESIAN_POINT ( 'NONE',  ( -0.2174954040114839560, -9.179419076873934102, 8.660394563948026203 ) ) ;
#829 = AXIS2_PLACEMENT_3D ( 'NONE', #5536, #1590, #2025 ) ;
#830 = ORIENTED_EDGE ( 'NONE', *, *, #213, .T. ) ;
#831 = ORIENTED_EDGE ( 'NONE', *, *, #5347, .F. ) ;
#832 = CARTESIAN_POINT ( 'NONE',  ( -13.91550506870549953, 14.93452713242186825, 52.67188436900190851 ) ) ;
#833 = CARTESIAN_POINT ( 'NONE',  ( 3.634494931297031606, -5.065930435712743041, 31.51586664685432382 ) ) ;
#834 = CIRCLE ( 'NONE', #4338, 0.8000000000000020428 ) ;
#835 = ORIENTED_EDGE ( 'NONE', *, *, #1541, .F. ) ;
#836 = ORIENTED_EDGE ( 'NONE', *, *, #3343, .T. ) ;
#837 = CARTESIAN_POINT ( 'NONE',  ( 3.634494931296750941, 14.93452713242224306, 31.51586664685444106 ) ) ;
#838 = CARTESIAN_POINT ( 'NONE',  ( 1.684494931294921338, 14.93452713242209029, 52.98573390744289924 ) ) ;
#839 = FACE_OUTER_BOUND ( 'NONE', #1677, .T. ) ;
#840 = CARTESIAN_POINT ( 'NONE',  ( 3.634494931296786024, 12.43452713242222352, 31.51586664685442685 ) ) ;
#841 = CIRCLE ( 'NONE', #371, 2.999999999999999112 ) ;
#842 = DIRECTION ( 'NONE',  ( -1.396452398161329869E-14, 1.000000000000000000, -0.000000000000000000 ) ) ;
#843 = CIRCLE ( 'NONE', #5394, 2.450000000000000622 ) ;
#844 = ORIENTED_EDGE ( 'NONE', *, *, #2899, .T. ) ;
#845 = ORIENTED_EDGE ( 'NONE', *, *, #2304, .F. ) ;
#846 = CARTESIAN_POINT ( 'NONE',  ( -14.76551357512656004, -17.56547286757817616, 37.51586665186149361 ) ) ;
#847 = DIRECTION ( 'NONE',  ( -1.396452398161329869E-14, 1.000000000000000000, -0.000000000000000000 ) ) ;
#848 = DIRECTION ( 'NONE',  ( 1.396452398161329869E-14, -1.000000000000000000, 0.000000000000000000 ) ) ;
#849 = EDGE_LOOP ( 'NONE', ( #4094, #316, #862, #978 ) ) ;
#850 = CARTESIAN_POINT ( 'NONE',  ( -32.68671935318114663, -43.56547286757842841, 90.91586665186036953 ) ) ;
#851 = CARTESIAN_POINT ( 'NONE',  ( 12.38449493129608392, 12.43452713242232655, 34.51586664685442685 ) ) ;
#852 = DIRECTION ( 'NONE',  ( -0.9795142049578783316, -2.654978572489357146E-16, -0.2013750786113710223 ) ) ;
#853 = EDGE_LOOP ( 'NONE', ( #4412, #4224, #2730, #1558 ) ) ;
#854 = LINE ( 'NONE', #2164, #675 ) ;
#855 = EDGE_CURVE ( 'NONE', #5517, #3359, #131, .T. ) ;
#856 = CARTESIAN_POINT ( 'NONE',  ( 16.28449561181101046, -43.56547286757773918, 90.91586665186036953 ) ) ;
#857 = ORIENTED_EDGE ( 'NONE', *, *, #2229, .T. ) ;
#858 = VERTEX_POINT ( 'NONE', #3582 ) ;
#859 = EDGE_CURVE ( 'NONE', #3435, #2310, #4447, .T. ) ;
#860 = DIRECTION ( 'NONE',  ( 0.000000000000000000, -1.000000000000000000, -6.938893903907222067E-15 ) ) ;
#861 = ORIENTED_EDGE ( 'NONE', *, *, #282, .F. ) ;
#862 = ORIENTED_EDGE ( 'NONE', *, *, #3486, .F. ) ;
#863 = EDGE_LOOP ( 'NONE', ( #390, #4519, #149, #4382 ) ) ;
#864 = EDGE_CURVE ( 'NONE', #3911, #2724, #1460, .T. ) ;
#865 = DIRECTION ( 'NONE',  ( -1.404665511781869571E-14, 1.000000000000000000, 5.782411586589354089E-15 ) ) ;
#866 = AXIS2_PLACEMENT_3D ( 'NONE', #381, #847, #3853 ) ;
#867 = CARTESIAN_POINT ( 'NONE',  ( -21.36550506870329613, 18.43452713242189489, 30.64470820415653307 ) ) ;
#868 = DIRECTION ( 'NONE',  ( 1.000000000000000000, 1.387778780781445360E-14, 0.000000000000000000 ) ) ;
#869 = EDGE_CURVE ( 'NONE', #3307, #4179, #1385, .T. ) ;
#870 = AXIS2_PLACEMENT_3D ( 'NONE', #3712, #2744, #4497 ) ;
#871 = DIRECTION ( 'NONE',  ( 1.000000000000000000, 1.387778780781444256E-14, 9.629649721936161329E-29 ) ) ;
#872 = ORIENTED_EDGE ( 'NONE', *, *, #1256, .F. ) ;
#873 = EDGE_CURVE ( 'NONE', #1464, #1315, #4692, .T. ) ;
#874 = ORIENTED_EDGE ( 'NONE', *, *, #460, .T. ) ;
#875 = DIRECTION ( 'NONE',  ( -1.404665511781869571E-14, 1.000000000000000000, 5.782411586589354089E-15 ) ) ;
#876 = AXIS2_PLACEMENT_3D ( 'NONE', #3690, #2881, #5055 ) ;
#877 = DIRECTION ( 'NONE',  ( 0.000000000000000000, 1.000000000000000000, 6.938893903907222067E-15 ) ) ;
#878 = VECTOR ( 'NONE', #4512, 1000.000000000000000 ) ;
#879 = ORIENTED_EDGE ( 'NONE', *, *, #887, .F. ) ;
#880 = LINE ( 'NONE', #4879, #3386 ) ;
#881 = CARTESIAN_POINT ( 'NONE',  ( -0.1155050687038264301, 21.57367679050797094, 19.11586664184832784 ) ) ;
#882 = DIRECTION ( 'NONE',  ( 1.404665511781869729E-14, -1.000000000000000000, -5.782411586589354089E-15 ) ) ;
#883 = VERTEX_POINT ( 'NONE', #3152 ) ;
#884 = CARTESIAN_POINT ( 'NONE',  ( -22.15839828751676066, 17.93452713242187357, 32.64470820415652241 ) ) ;
#885 = DIRECTION ( 'NONE',  ( -1.000000000000000000, -1.416100796715761553E-14, 0.000000000000000000 ) ) ;
#886 = VERTEX_POINT ( 'NONE', #530 ) ;
#887 = EDGE_CURVE ( 'NONE', #1704, #3293, #3398, .T. ) ;
#888 = DIRECTION ( 'NONE',  ( -1.387778780781444413E-14, 1.000000000000000000, 0.000000000000000000 ) ) ;
#889 = LINE ( 'NONE', #4385, #425 ) ;
#890 = AXIS2_PLACEMENT_3D ( 'NONE', #2598, #440, #2160 ) ;
#891 = CIRCLE ( 'NONE', #599, 1.799999999999999600 ) ;
#892 = ORIENTED_EDGE ( 'NONE', *, *, #3209, .F. ) ;
#893 = ORIENTED_EDGE ( 'NONE', *, *, #1817, .T. ) ;
#894 = CYLINDRICAL_SURFACE ( 'NONE', #80, 1.500000000000001332 ) ;
#895 = DIRECTION ( 'NONE',  ( -1.396452398161329869E-14, 1.000000000000000000, -0.000000000000000000 ) ) ;
#896 = DIRECTION ( 'NONE',  ( 1.396452398161329869E-14, -1.000000000000000000, 0.000000000000000000 ) ) ;
#897 = AXIS2_PLACEMENT_3D ( 'NONE', #1759, #3859, #413 ) ;
#898 = EDGE_CURVE ( 'NONE', #3800, #1237, #1907, .T. ) ;
#899 = ORIENTED_EDGE ( 'NONE', *, *, #4240, .F. ) ;
#900 = VERTEX_POINT ( 'NONE', #945 ) ;
#901 = CARTESIAN_POINT ( 'NONE',  ( -1.115505068703502412, -8.465472867577810590, 8.953306007565831948 ) ) ;
#902 = ADVANCED_FACE ( 'NONE', ( #2151 ), #5453, .F. ) ;
#903 = DIRECTION ( 'NONE',  ( 1.401718565583457942E-14, -1.000000000000000000, -6.360652745248286895E-15 ) ) ;
#904 = AXIS2_PLACEMENT_3D ( 'NONE', #46, #1824, #1247 ) ;
#905 = CARTESIAN_POINT ( 'NONE',  ( 0.8844949312964958121, -6.465472867577807037, 54.07842729615507693 ) ) ;
#906 = CARTESIAN_POINT ( 'NONE',  ( -23.36550506870325350, 15.43452713242185403, 33.14470820415650820 ) ) ;
#907 = DIRECTION ( 'NONE',  ( -1.396452398161329869E-14, 1.000000000000000000, -0.000000000000000000 ) ) ;
#908 = ORIENTED_EDGE ( 'NONE', *, *, #5655, .F. ) ;
#909 = DIRECTION ( 'NONE',  ( -9.712844633365195303E-17, -2.246546613868526491E-32, -1.000000000000000000 ) ) ;
#910 = CARTESIAN_POINT ( 'NONE',  ( 0.1056494894434565485, -8.070468015134009576, 9.700416090492362642 ) ) ;
#911 = DIRECTION ( 'NONE',  ( -1.401718565583457942E-14, 1.000000000000000000, 6.360652745248286106E-15 ) ) ;
#912 = AXIS2_PLACEMENT_3D ( 'NONE', #1730, #3601, #4826 ) ;
#913 = ORIENTED_EDGE ( 'NONE', *, *, #543, .T. ) ;
#914 = B_SPLINE_CURVE_WITH_KNOTS ( 'NONE', 3,
 ( #4931, #546, #138, #1398, #3566, #569 ),
 .UNSPECIFIED., .F., .F.,
 ( 4, 2, 4 ),
 ( -3.910993399470752408E-05, 0.0003559228467331168339, 0.0007509556274609412597 ),
 .UNSPECIFIED. ) ;
#915 = DIRECTION ( 'NONE',  ( -1.402851773444435856E-14, 1.000000000000000000, -7.888609052210116302E-31 ) ) ;
#916 = CARTESIAN_POINT ( 'NONE',  ( -30.23671935318115089, -43.56547286757839288, -27.88413334813953526 ) ) ;
#917 = AXIS2_PLACEMENT_3D ( 'NONE', #3697, #948, #1474 ) ;
#918 = ORIENTED_EDGE ( 'NONE', *, *, #898, .T. ) ;
#919 = AXIS2_PLACEMENT_3D ( 'NONE', #5605, #2994, #1123 ) ;
#920 = VERTEX_POINT ( 'NONE', #5256 ) ;
#921 = CIRCLE ( 'NONE', #5465, 0.5000000000000000000 ) ;
#922 = DIRECTION ( 'NONE',  ( -1.000000000000000000, 0.000000000000000000, 0.000000000000000000 ) ) ;
#923 = DIRECTION ( 'NONE',  ( 1.396452398161329869E-14, -1.000000000000000000, -0.000000000000000000 ) ) ;
#924 = DIRECTION ( 'NONE',  ( -1.000000000000000000, -1.404665511781869571E-14, -2.048537417326218835E-31 ) ) ;
#925 = EDGE_CURVE ( 'NONE', #2601, #4924, #2278, .T. ) ;
#926 = AXIS2_PLACEMENT_3D ( 'NONE', #5685, #5621, #4291 ) ;
#927 = ORIENTED_EDGE ( 'NONE', *, *, #1601, .F. ) ;
#928 = ORIENTED_EDGE ( 'NONE', *, *, #4964, .F. ) ;
#929 = DIRECTION ( 'NONE',  ( 0.3247230962324608172, 0.000000000000000000, -0.9458091302018626356 ) ) ;
#930 = CIRCLE ( 'NONE', #5479, 0.5000000000000004441 ) ;
#931 = FACE_OUTER_BOUND ( 'NONE', #5152, .T. ) ;
#932 = EDGE_LOOP ( 'NONE', ( #551, #2873, #899, #3810 ) ) ;
#933 = DIRECTION ( 'NONE',  ( -1.000000000000000000, 0.000000000000000000, 0.000000000000000000 ) ) ;
#934 = CARTESIAN_POINT ( 'NONE',  ( 12.88449493129608747, 12.43452713242230345, 39.42181401409184360 ) ) ;
#935 = DIRECTION ( 'NONE',  ( -1.000000000000000000, -1.387778780781444413E-14, 0.000000000000000000 ) ) ;
#936 = ADVANCED_FACE ( 'NONE', ( #4037, #560 ), #2330, .T. ) ;
#937 = VERTEX_POINT ( 'NONE', #370 ) ;
#938 = CARTESIAN_POINT ( 'NONE',  ( -37.18671935318123900, -35.56547286757849236, 24.41586665186047966 ) ) ;
#939 = CARTESIAN_POINT ( 'NONE',  ( -0.8544878708514628274, -8.465472867577808813, 9.356020524778701386 ) ) ;
#940 = CARTESIAN_POINT ( 'NONE',  ( -25.83219030821270223, 0.4345271324216679054, 43.61586665186048606 ) ) ;
#941 = ORIENTED_EDGE ( 'NONE', *, *, #4724, .F. ) ;
#942 = LINE ( 'NONE', #3579, #1137 ) ;
#943 = DIRECTION ( 'NONE',  ( -9.712844633365329656E-17, 5.782411586589354878E-15, -1.000000000000000000 ) ) ;
#944 = AXIS2_PLACEMENT_3D ( 'NONE', #172, #4635, #1573 ) ;
#945 = CARTESIAN_POINT ( 'NONE',  ( 18.73449561181101330, -43.56547286757770365, 90.91586665186036953 ) ) ;
#946 = ORIENTED_EDGE ( 'NONE', *, *, #4352, .F. ) ;
#947 = EDGE_LOOP ( 'NONE', ( #4887, #4947, #3120 ) ) ;
#948 = DIRECTION ( 'NONE',  ( 1.396452398161329869E-14, -1.000000000000000000, 0.000000000000000000 ) ) ;
#949 = DIRECTION ( 'NONE',  ( 1.396452398161329869E-14, -1.000000000000000000, 0.000000000000000000 ) ) ;
#950 = ORIENTED_EDGE ( 'NONE', *, *, #1373, .T. ) ;
#951 = ORIENTED_EDGE ( 'NONE', *, *, #1103, .T. ) ;
#952 = DIRECTION ( 'NONE',  ( -1.396452398161329869E-14, 1.000000000000000000, -0.000000000000000000 ) ) ;
#953 = CARTESIAN_POINT ( 'NONE',  ( 0.8844949312964578425, 14.63452713242233649, 10.04599939627830985 ) ) ;
#954 = AXIS2_PLACEMENT_3D ( 'NONE', #4736, #3862, #2510 ) ;
#955 = CIRCLE ( 'NONE', #3267, 2.450000000000000622 ) ;
#956 = LINE ( 'NONE', #5383, #588 ) ;
#957 = DIRECTION ( 'NONE',  ( 1.000000000000000000, 0.000000000000000000, 7.417683851908123543E-16 ) ) ;
#958 = LINE ( 'NONE', #1376, #2869 ) ;
#959 = ORIENTED_EDGE ( 'NONE', *, *, #5541, .T. ) ;
#960 = DIRECTION ( 'NONE',  ( -1.400789206851271413E-14, 1.000000000000000000, 4.356926556559735285E-30 ) ) ;
#961 = CARTESIAN_POINT ( 'NONE',  ( -38.13671935318125605, -35.56547286757849946, 90.91586665186036953 ) ) ;
#962 = CARTESIAN_POINT ( 'NONE',  ( -20.86550506870325350, 15.43452713242190733, 30.14470820415651531 ) ) ;
#963 = ORIENTED_EDGE ( 'NONE', *, *, #1969, .T. ) ;
#964 = VERTEX_POINT ( 'NONE', #811 ) ;
#965 = PRODUCT_DEFINITION ( '未知', '', #1917, #1516 ) ;
#966 = LINE ( 'NONE', #1466, #3101 ) ;
#967 = CARTESIAN_POINT ( 'NONE',  ( -36.18671935318173638, 0.4345271324215221886, 16.41586665186047966 ) ) ;
#968 = CARTESIAN_POINT ( 'NONE',  ( -13.11550506870390365, 13.53452713242197092, 20.11586665186063172 ) ) ;
#969 = EDGE_CURVE ( 'NONE', #813, #4928, #2583, .T. ) ;
#970 = EDGE_CURVE ( 'NONE', #3154, #4367, #4413, .T. ) ;
#971 = ORIENTED_EDGE ( 'NONE', *, *, #3583, .T. ) ;
#972 = VERTEX_POINT ( 'NONE', #1108 ) ;
#973 = CARTESIAN_POINT ( 'NONE',  ( 0.8844949312957087750, 14.63452713242207182, 52.98573390744289213 ) ) ;
#974 = CARTESIAN_POINT ( 'NONE',  ( -42.68671935317995292, -127.2964486156976704, 100.9158666518603695 ) ) ;
#975 = AXIS2_PLACEMENT_3D ( 'NONE', #61, #1838, #957 ) ;
#976 = AXIS2_PLACEMENT_3D ( 'NONE', #5212, #2161, #2536 ) ;
#977 = ORIENTED_EDGE ( 'NONE', *, *, #3744, .F. ) ;
#978 = ORIENTED_EDGE ( 'NONE', *, *, #969, .F. ) ;
#979 = AXIS2_PLACEMENT_3D ( 'NONE', #5577, #5072, #1126 ) ;
#980 = CARTESIAN_POINT ( 'NONE',  ( -11.30682791330380610, -9.265472867577804195, 8.697795309776342521 ) ) ;
#981 = CIRCLE ( 'NONE', #2367, 0.8000000000000011546 ) ;
#982 = LINE ( 'NONE', #4098, #3606 ) ;
#983 = LINE ( 'NONE', #1836, #878 ) ;
#984 = CARTESIAN_POINT ( 'NONE',  ( 12.88449493129605017, 14.93452713242241892, 23.10991927961703496 ) ) ;
#985 = ORIENTED_EDGE ( 'NONE', *, *, #5005, .T. ) ;
#986 = AXIS2_PLACEMENT_3D ( 'NONE', #529, #127, #2745 ) ;
#987 = CARTESIAN_POINT ( 'NONE',  ( -23.86550506870327482, 16.93452713242185226, 32.64470820415652241 ) ) ;
#988 = CARTESIAN_POINT ( 'NONE',  ( -36.18671935318173638, 0.4345271324215222997, 17.41586665186047966 ) ) ;
#989 = EDGE_LOOP ( 'NONE', ( #5657, #3857, #1607, #1303 ) ) ;
#990 = ORIENTED_EDGE ( 'NONE', *, *, #2168, .T. ) ;
#991 = LINE ( 'NONE', #558, #2639 ) ;
#992 = CARTESIAN_POINT ( 'NONE',  ( 0.8844949312964910382, 14.63452713242214287, 43.91586665186058269 ) ) ;
#993 = ADVANCED_FACE ( 'NONE', ( #4615 ), #5027, .T. ) ;
#994 = DIRECTION ( 'NONE',  ( -1.396452398161329869E-14, 1.000000000000000000, 0.000000000000000000 ) ) ;
#995 = VERTEX_POINT ( 'NONE', #676 ) ;
#996 = ORIENTED_EDGE ( 'NONE', *, *, #5514, .F. ) ;
#997 = CARTESIAN_POINT ( 'NONE',  ( 1.684494931296480980, 15.43452713242214180, 43.91586665186060401 ) ) ;
#998 = EDGE_CURVE ( 'NONE', #5432, #3369, #2421, .T. ) ;
#999 = VECTOR ( 'NONE', #2925, 1000.000000000000000 ) ;
#1000 = EDGE_CURVE ( 'NONE', #1700, #2572, #2852, .T. ) ;
#1001 = AXIS2_PLACEMENT_3D ( 'NONE', #4819, #848, #4373 ) ;
#1002 = ORIENTED_EDGE ( 'NONE', *, *, #2877, .F. ) ;
#1003 = AXIS2_PLACEMENT_3D ( 'NONE', #1656, #2582, #3080 ) ;
#1004 = CIRCLE ( 'NONE', #4424, 1.500000000000001332 ) ;
#1005 = EDGE_LOOP ( 'NONE', ( #3186, #2951, #2173, #2391 ) ) ;
#1006 = DIRECTION ( 'NONE',  ( -1.387778780781444413E-14, 1.000000000000000000, 0.000000000000000000 ) ) ;
#1007 = CARTESIAN_POINT ( 'NONE',  ( -0.6040488637713783415, -8.403223851143447831, 53.59227238529285131 ) ) ;
#1008 = CIRCLE ( 'NONE', #1674, 8.597314602603169931 ) ;
#1009 = EDGE_CURVE ( 'NONE', #2334, #2325, #2376, .T. ) ;
#1010 = CARTESIAN_POINT ( 'NONE',  ( -13.91550506870390436, 14.63452713242206826, 19.11586664184829232 ) ) ;
#1011 = EDGE_CURVE ( 'NONE', #4475, #1833, #153, .T. ) ;
#1012 = DIRECTION ( 'NONE',  ( 1.404665511781869413E-14, -1.000000000000000000, -5.782411586589353300E-15 ) ) ;
#1013 = LINE ( 'NONE', #5516, #2388 ) ;
#1014 = ORIENTED_EDGE ( 'NONE', *, *, #4494, .F. ) ;
#1015 = CYLINDRICAL_SURFACE ( 'NONE', #1357, 10.00000000000000178 ) ;
#1016 = DIRECTION ( 'NONE',  ( 1.000000000000000000, 1.404665511781869729E-14, -1.097100319162434907E-16 ) ) ;
#1017 = ORIENTED_EDGE ( 'NONE', *, *, #3986, .T. ) ;
#1018 = VERTEX_POINT ( 'NONE', #268 ) ;
#1019 = FACE_BOUND ( 'NONE', #5680, .T. ) ;
#1020 = CARTESIAN_POINT ( 'NONE',  ( -37.18671935318174349, 0.4345271324215083109, 24.41586665186047966 ) ) ;
#1021 = EDGE_CURVE ( 'NONE', #3908, #3435, #2389, .T. ) ;
#1022 = FACE_OUTER_BOUND ( 'NONE', #2257, .T. ) ;
#1023 = DIRECTION ( 'NONE',  ( 1.000000000000000000, 1.398418533199191934E-14, 0.000000000000000000 ) ) ;
#1024 = ORIENTED_EDGE ( 'NONE', *, *, #859, .T. ) ;
#1025 = ORIENTED_EDGE ( 'NONE', *, *, #3343, .F. ) ;
#1026 = EDGE_CURVE ( 'NONE', #1499, #1879, #3888, .T. ) ;
#1027 = AXIS2_PLACEMENT_3D ( 'NONE', #4134, #199, #1098 ) ;
#1028 = CARTESIAN_POINT ( 'NONE',  ( 1.511444781430877571, 15.43452710432217323, 53.78573387934294914 ) ) ;
#1029 = ORIENTED_EDGE ( 'NONE', *, *, #2926, .F. ) ;
#1030 = ADVANCED_FACE ( 'NONE', ( #4145 ), #181, .T. ) ;
#1031 = ORIENTED_EDGE ( 'NONE', *, *, #2749, .F. ) ;
#1032 = CARTESIAN_POINT ( 'NONE',  ( -11.49382914120176835, -9.265472867577809524, 8.743853856351417875 ) ) ;
#1033 = DIRECTION ( 'NONE',  ( 1.224646799147353207E-16, 1.710160959569917786E-30, 1.000000000000000000 ) ) ;
#1034 = CARTESIAN_POINT ( 'NONE',  ( 0.8844949312964970334, -6.738957953694432845, 52.98573390744233791 ) ) ;
#1035 = CARTESIAN_POINT ( 'NONE',  ( -13.10193756470254023, -6.733350941080303187, 52.67929986919713770 ) ) ;
#1036 = EDGE_CURVE ( 'NONE', #1301, #396, #3912, .T. ) ;
#1037 = DIRECTION ( 'NONE',  ( -1.000000000000000000, -1.301042606982605321E-14, 0.000000000000000000 ) ) ;
#1038 = AXIS2_PLACEMENT_3D ( 'NONE', #840, #3612, #2722 ) ;
#1039 = CARTESIAN_POINT ( 'NONE',  ( -32.68671935318121768, -38.56547286757842841, 90.91586665186036953 ) ) ;
#1040 = VERTEX_POINT ( 'NONE', #1989 ) ;
#1041 = CARTESIAN_POINT ( 'NONE',  ( -2.225938590228615494E-13, 17.93452713242220398, 30.64470820415650465 ) ) ;
#1042 = CARTESIAN_POINT ( 'NONE',  ( -1.115505068703503300, -8.465472867577807037, 42.91586665186046190 ) ) ;
#1043 = VECTOR ( 'NONE', #3070, 1000.000000000000000 ) ;
#1044 = PRODUCT ( '底座优化', '底座优化', '', ( #2058 ) ) ;
#1045 = UNCERTAINTY_MEASURE_WITH_UNIT (LENGTH_MEASURE( 1.000000000000000082E-05 ), #1059, 'distance_accuracy_value', 'NONE');
#1046 = ORIENTED_EDGE ( 'NONE', *, *, #2497, .F. ) ;
#1047 = ORIENTED_EDGE ( 'NONE', *, *, #4534, .T. ) ;
#1048 = CARTESIAN_POINT ( 'NONE',  ( -15.81551357512655009, -15.86547249352505240, 25.51586665186146519 ) ) ;
#1049 = CARTESIAN_POINT ( 'NONE',  ( -0.4757412874384287504, -8.364834864840773321, 53.54841847968407365 ) ) ;
#1050 = CARTESIAN_POINT ( 'NONE',  ( -11.11550506870390365, -8.465472867577812366, 9.474580717166437793 ) ) ;
#1051 = DIRECTION ( 'NONE',  ( 1.000000000000000000, 1.402851773444435856E-14, -1.080241502473974810E-31 ) ) ;
#1052 = ORIENTED_EDGE ( 'NONE', *, *, #4599, .T. ) ;
#1053 = ORIENTED_EDGE ( 'NONE', *, *, #379, .F. ) ;
#1054 = CIRCLE ( 'NONE', #574, 0.5000000000000004441 ) ;
#1055 = DIRECTION ( 'NONE',  ( 1.000000000000000000, 1.387778780781441100E-14, 0.000000000000000000 ) ) ;
#1056 = VERTEX_POINT ( 'NONE', #207 ) ;
#1057 = EDGE_LOOP ( 'NONE', ( #1731, #3365, #1896, #562 ) ) ;
#1058 = DIRECTION ( 'NONE',  ( 5.220216620083201902E-12, 0.000000000000000000, 1.000000000000000000 ) ) ;
#1059 =( LENGTH_UNIT ( ) NAMED_UNIT ( * ) SI_UNIT ( .MILLI., .METRE. ) );
#1060 = DIRECTION ( 'NONE',  ( 1.000000000000000000, 2.292586091599304413E-16, 0.000000000000000000 ) ) ;
#1061 = ADVANCED_FACE ( 'NONE', ( #2047 ), #5058, .F. ) ;
#1062 = EDGE_CURVE ( 'NONE', #1445, #2710, #3619, .T. ) ;
#1063 = CARTESIAN_POINT ( 'NONE',  ( -13.90145544330429495, -7.727535872030588671, 53.53346183327023056 ) ) ;
#1064 = AXIS2_PLACEMENT_3D ( 'NONE', #1432, #5043, #1486 ) ;
#1065 = VECTOR ( 'NONE', #4002, 1000.000000000000000 ) ;
#1066 = CARTESIAN_POINT ( 'NONE',  ( 4.190075318291733630, 14.93452713242236740, 10.19219607155131158 ) ) ;
#1067 = CARTESIAN_POINT ( 'NONE',  ( -13.03912954421463688, -8.717689508248822605, 53.83668995690323555 ) ) ;
#1068 = ORIENTED_EDGE ( 'NONE', *, *, #5145, .F. ) ;
#1069 = ADVANCED_FACE ( 'NONE', ( #1079 ), #5530, .T. ) ;
#1070 = CARTESIAN_POINT ( 'NONE',  ( -13.12315906894818340, 14.78030764799149388, 10.21406841915019470 ) ) ;
#1071 = DIRECTION ( 'NONE',  ( -1.000000000000000000, -1.387778780781454037E-14, -9.629649721936228591E-29 ) ) ;
#1072 = VERTEX_POINT ( 'NONE', #4115 ) ;
#1073 = DIRECTION ( 'NONE',  ( 1.396452398161329869E-14, -1.000000000000000000, 0.000000000000000000 ) ) ;
#1074 = CARTESIAN_POINT ( 'NONE',  ( -32.68671935318123900, -35.56547286757842841, 100.9158666518603695 ) ) ;
#1075 = CARTESIAN_POINT ( 'NONE',  ( -12.59900498957338755, -7.813029432337080138, 10.09219835082984673 ) ) ;
#1076 = ORIENTED_EDGE ( 'NONE', *, *, #2241, .F. ) ;
#1077 = LINE ( 'NONE', #3742, #2698 ) ;
#1078 = AXIS2_PLACEMENT_3D ( 'NONE', #1671, #2910, #5652 ) ;
#1079 = FACE_OUTER_BOUND ( 'NONE', #3781, .T. ) ;
#1080 = ORIENTED_EDGE ( 'NONE', *, *, #4542, .T. ) ;
#1081 = VERTEX_POINT ( 'NONE', #1550 ) ;
#1082 = LINE ( 'NONE', #3748, #254 ) ;
#1083 = ORIENTED_EDGE ( 'NONE', *, *, #282, .T. ) ;
#1084 = VECTOR ( 'NONE', #4858, 1000.000000000000000 ) ;
#1085 = VECTOR ( 'NONE', #398, 1000.000000000000000 ) ;
#1086 = DIRECTION ( 'NONE',  ( 1.000000000000000000, 1.387778780781444413E-14, 0.000000000000000000 ) ) ;
#1087 = CARTESIAN_POINT ( 'NONE',  ( -11.30682791330380788, -8.465472867577810590, 8.697795309776344297 ) ) ;
#1088 = DIRECTION ( 'NONE',  ( -1.000000000000000000, -1.387778780781444413E-14, 0.000000000000000000 ) ) ;
#1089 = DIRECTION ( 'NONE',  ( -1.396452398161329869E-14, 1.000000000000000000, -0.000000000000000000 ) ) ;
#1090 = EDGE_CURVE ( 'NONE', #1018, #3153, #3314, .T. ) ;
#1091 = DIRECTION ( 'NONE',  ( -2.312964634635738027E-16, 1.000000000000000000, 5.782411586589354878E-15 ) ) ;
#1092 = TOROIDAL_SURFACE ( 'NONE', #2496, 23.00000000000000000, 0.5000000000000000000 ) ;
#1093 = AXIS2_PLACEMENT_3D ( 'NONE', #2758, #5410, #5435 ) ;
#1094 = CARTESIAN_POINT ( 'NONE',  ( 1.944273408282511495, -6.465472867577807925, 53.74238121160380643 ) ) ;
#1095 = DIRECTION ( 'NONE',  ( -1.404665511781869413E-14, 1.000000000000000000, 5.782411586589353300E-15 ) ) ;
#1096 = EDGE_LOOP ( 'NONE', ( #1853, #251, #3213, #3838 ) ) ;
#1097 = CARTESIAN_POINT ( 'NONE',  ( -13.27577168620296000, 14.81889118269609362, 9.868211467322881347 ) ) ;
#1098 = DIRECTION ( 'NONE',  ( -1.387778780781444413E-14, 1.000000000000000000, 0.000000000000000000 ) ) ;
#1099 = EDGE_CURVE ( 'NONE', #1878, #4285, #2704, .T. ) ;
#1100 = ORIENTED_EDGE ( 'NONE', *, *, #395, .T. ) ;
#1101 = DIRECTION ( 'NONE',  ( 1.000000000000000000, 1.321694076934709574E-14, 0.000000000000000000 ) ) ;
#1102 = CARTESIAN_POINT ( 'NONE',  ( -0.02717027476090112456, -9.124579662466517860, 54.32489607776719254 ) ) ;
#1103 = EDGE_CURVE ( 'NONE', #2724, #1040, #295, .T. ) ;
#1104 = CARTESIAN_POINT ( 'NONE',  ( -32.68671935318114663, -43.56547286757842841, 90.91586665186036953 ) ) ;
#1105 = ORIENTED_EDGE ( 'NONE', *, *, #129, .T. ) ;
#1106 = DIRECTION ( 'NONE',  ( 1.000000000000000000, 0.000000000000000000, -0.000000000000000000 ) ) ;
#1107 = CIRCLE ( 'NONE', #4346, 1.000000000000000000 ) ;
#1108 = CARTESIAN_POINT ( 'NONE',  ( -11.11550506870390365, -8.465472867577812366, 9.474580717166437793 ) ) ;
#1109 = AXIS2_PLACEMENT_3D ( 'NONE', #758, #2524, #4275 ) ;
#1110 = VECTOR ( 'NONE', #1139, 1000.000000000000000 ) ;
#1111 = EDGE_CURVE ( 'NONE', #486, #5440, #4750, .T. ) ;
#1112 = EDGE_LOOP ( 'NONE', ( #4996, #1288, #4533, #4588 ) ) ;
#1113 = ORIENTED_EDGE ( 'NONE', *, *, #4439, .F. ) ;
#1114 = PLANE ( 'NONE',  #2258 ) ;
#1115 = CARTESIAN_POINT ( 'NONE',  ( 0.8844949312961422061, 21.57367679050796383, 20.11586665186012723 ) ) ;
#1116 = DIRECTION ( 'NONE',  ( 3.117823127310333221E-14, 0.000000000000000000, -1.000000000000000000 ) ) ;
#1117 = VERTEX_POINT ( 'NONE', #2138 ) ;
#1118 = DIRECTION ( 'NONE',  ( 0.000000000000000000, -1.000000000000000000, 1.387778780781444413E-14 ) ) ;
#1119 = ADVANCED_FACE ( 'NONE', ( #4325 ), #5183, .F. ) ;
#1120 = DIRECTION ( 'NONE',  ( -1.396452398161329869E-14, 1.000000000000000000, -0.000000000000000000 ) ) ;
#1121 = DATE_AND_TIME ( #1246, #5526 ) ;
#1122 = CARTESIAN_POINT ( 'NONE',  ( 12.42550038474328566, -35.56547286757779602, 42.91586665186058980 ) ) ;
#1123 = DIRECTION ( 'NONE',  ( 1.000000000000000000, 1.387778780781445360E-14, 0.000000000000000000 ) ) ;
#1124 = CARTESIAN_POINT ( 'NONE',  ( -12.32235971221622073, -8.084395936926521031, 54.06408428234031760 ) ) ;
#1125 = ADVANCED_FACE ( 'NONE', ( #2165 ), #376, .T. ) ;
#1126 = DIRECTION ( 'NONE',  ( 0.000000000000000000, -1.000000000000000000, -5.782411586589337523E-15 ) ) ;
#1127 = CARTESIAN_POINT ( 'NONE',  ( -13.91550506870337856, 14.93452713242187180, 53.47188436900190567 ) ) ;
#1128 = CARTESIAN_POINT ( 'NONE',  ( -13.28251107235329975, 15.16516457340531154, 9.829211493737071592 ) ) ;
#1129 = DIRECTION ( 'NONE',  ( 1.000000000000000000, 1.321694076934708943E-14, 0.000000000000000000 ) ) ;
#1130 = AXIS2_PLACEMENT_3D ( 'NONE', #884, #5390, #2292 ) ;
#1131 = EDGE_LOOP ( 'NONE', ( #2700, #1529, #1304, #136 ) ) ;
#1132 = CARTESIAN_POINT ( 'NONE',  ( 1.830647034336403189, 15.43452713242226615, 23.10991927961703851 ) ) ;
#1133 = DIRECTION ( 'NONE',  ( 1.396452398161329869E-14, -1.000000000000000000, -0.000000000000000000 ) ) ;
#1134 = CARTESIAN_POINT ( 'NONE',  ( -2.765513575126115953, -46.56547286757802340, 25.51586665186152558 ) ) ;
#1135 = ORIENTED_EDGE ( 'NONE', *, *, #2603, .F. ) ;
#1136 = DIRECTION ( 'NONE',  ( -1.396452398161330027E-14, 1.000000000000000000, -0.000000000000000000 ) ) ;
#1137 = VECTOR ( 'NONE', #1796, 1000.000000000000000 ) ;
#1138 = EDGE_CURVE ( 'NONE', #2788, #302, #5396, .T. ) ;
#1139 = DIRECTION ( 'NONE',  ( -1.000000000000000000, -1.404665511781870202E-14, 1.156482317317874092E-15 ) ) ;
#1140 = ORIENTED_EDGE ( 'NONE', *, *, #715, .F. ) ;
#1141 = ORIENTED_EDGE ( 'NONE', *, *, #1011, .F. ) ;
#1142 = DIRECTION ( 'NONE',  ( 0.000000000000000000, -1.000000000000000000, -5.782411586589354089E-15 ) ) ;
#1143 = CARTESIAN_POINT ( 'NONE',  ( 0.8844949312964917043, 14.63452713242208958, 52.98573390744289924 ) ) ;
#1144 = AXIS2_PLACEMENT_3D ( 'NONE', #429, #1216, #5287 ) ;
#1145 = ADVANCED_FACE ( 'NONE', ( #1207 ), #417, .F. ) ;
#1146 = DIRECTION ( 'NONE',  ( -1.401718565583457942E-14, 1.000000000000000000, 6.360652745248286895E-15 ) ) ;
#1147 = ADVANCED_FACE ( 'NONE', ( #5687 ), #2540, .T. ) ;
#1148 = ORIENTED_EDGE ( 'NONE', *, *, #294, .T. ) ;
#1149 = VECTOR ( 'NONE', #3027, 1000.000000000000000 ) ;
#1150 = DIRECTION ( 'NONE',  ( 1.000000000000000000, 0.000000000000000000, -0.000000000000000000 ) ) ;
#1151 = CARTESIAN_POINT ( 'NONE',  ( -11.75299842856813370, -8.365571626894954704, 9.713065652279274431 ) ) ;
#1152 = APPROVAL_ROLE ( '' ) ;
#1153 = FACE_OUTER_BOUND ( 'NONE', #5283, .T. ) ;
#1154 = DIRECTION ( 'NONE',  ( -1.000000000000000000, -1.404665511781869571E-14, 5.460873910928280628E-31 ) ) ;
#1155 = CARTESIAN_POINT ( 'NONE',  ( -13.20517853333723757, -8.589225657479842013, 53.78114933882815052 ) ) ;
#1156 = ORIENTED_EDGE ( 'NONE', *, *, #1489, .T. ) ;
#1157 = CARTESIAN_POINT ( 'NONE',  ( -32.68671935318126032, -35.56547286757842841, -27.88413334813953526 ) ) ;
#1158 = CARTESIAN_POINT ( 'NONE',  ( -13.70610660494113731, 15.41370520902454899, 52.96407614772785877 ) ) ;
#1159 = CARTESIAN_POINT ( 'NONE',  ( -13.27577168620386416, 15.12616459982003114, 10.17548488444540311 ) ) ;
#1160 = FACE_OUTER_BOUND ( 'NONE', #188, .T. ) ;
#1161 = VECTOR ( 'NONE', #384, 1000.000000000000000 ) ;
#1162 = AXIS2_PLACEMENT_3D ( 'NONE', #2254, #151, #559 ) ;
#1163 = ORIENTED_EDGE ( 'NONE', *, *, #1222, .T. ) ;
#1164 = CARTESIAN_POINT ( 'NONE',  ( 1.684494931295688280, 15.43452713242234076, 9.245999396278339333 ) ) ;
#1165 = CARTESIAN_POINT ( 'NONE',  ( -13.11550506870390365, 12.43452713242190910, 43.91586665186058269 ) ) ;
#1166 = VECTOR ( 'NONE', #1696, 1000.000000000000000 ) ;
#1167 = AXIS2_PLACEMENT_3D ( 'NONE', #1406, #9, #1839 ) ;
#1168 = CARTESIAN_POINT ( 'NONE',  ( -34.18671935318095478, -57.56547286757844972, -27.88413334813953526 ) ) ;
#1169 = EDGE_LOOP ( 'NONE', ( #1613, #4290, #2418, #434 ) ) ;
#1170 = DIRECTION ( 'NONE',  ( 1.000000000000000000, 1.387778780781445518E-14, 0.000000000000000000 ) ) ;
#1171 = EDGE_CURVE ( 'NONE', #377, #4549, #4329, .T. ) ;
#1172 = EDGE_CURVE ( 'NONE', #567, #3015, #2024, .T. ) ;
#1173 = DIRECTION ( 'NONE',  ( -1.400789206851271413E-14, 1.000000000000000000, 4.356926556559735285E-30 ) ) ;
#1174 = ORIENTED_EDGE ( 'NONE', *, *, #3273, .F. ) ;
#1175 = EDGE_LOOP ( 'NONE', ( #4495, #4740, #3114, #5422 ) ) ;
#1176 = EDGE_CURVE ( 'NONE', #2918, #2586, #5544, .T. ) ;
#1177 = CARTESIAN_POINT ( 'NONE',  ( -5.686719353181967307, 14.93452713242210450, 31.51586665186062319 ) ) ;
#1178 = DIRECTION ( 'NONE',  ( -2.360167994526272378E-16, -3.295862256019829299E-30, -1.000000000000000000 ) ) ;
#1179 = CIRCLE ( 'NONE', #3207, 11.50000000000000178 ) ;
#1180 = SPHERICAL_SURFACE ( 'NONE', #1212, 0.5000000000000000000 ) ;
#1181 = VECTOR ( 'NONE', #2826, 1000.000000000000000 ) ;
#1182 = ORIENTED_EDGE ( 'NONE', *, *, #600, .T. ) ;
#1183 = EDGE_CURVE ( 'NONE', #5056, #1820, #535, .T. ) ;
#1184 = DIRECTION ( 'NONE',  ( -1.000000000000000000, -1.400789206851272044E-14, 1.445602896646528116E-16 ) ) ;
#1185 = CARTESIAN_POINT ( 'NONE',  ( -12.60962875918810155, -7.801308995482540531, 10.09741638763920513 ) ) ;
#1186 = DATE_AND_TIME ( #5603, #4490 ) ;
#1187 = DIRECTION ( 'NONE',  ( -1.000000000000000000, -1.387778780781444413E-14, 0.000000000000000000 ) ) ;
#1188 = DIRECTION ( 'NONE',  ( -1.006056498704454634E-16, -1.409273084867780428E-30, -1.000000000000000000 ) ) ;
#1190 = VECTOR ( 'NONE', #602, 1000.000000000000000 ) ;
#1189 = DIRECTION ( 'NONE',  ( 0.000000000000000000, 1.000000000000000000, 6.505213034913023449E-15 ) ) ;
#1191 = B_SPLINE_CURVE_WITH_KNOTS ( 'NONE', 3,
 ( #1094, #4631, #661, #2840, #4219, #5173, #692, #4249, #2870, #3731, #761, #4189, #2901, #221, #4600, #633, #5515, #5545 ),
 .UNSPECIFIED., .F., .F.,
 ( 4, 2, 2, 2, 2, 2, 2, 2, 4 ),
 ( 0.000000000000000000, 0.0005724095085864421267, 0.001144819017172884253, 0.001717228525759326380, 0.002289638034345768507, 0.002862047542932210850, 0.003434457051518652760, 0.004006866560105094670, 0.004579276068691537013 ),
 .UNSPECIFIED. ) ;
#1192 = EDGE_LOOP ( 'NONE', ( #1959, #5214 ) ) ;
#1193 = DIRECTION ( 'NONE',  ( 1.396452398161329869E-14, -1.000000000000000000, 0.000000000000000000 ) ) ;
#1194 = CARTESIAN_POINT ( 'NONE',  ( -13.12315906894814255, 14.78030764799130914, 52.81766488457051878 ) ) ;
#1195 = TOROIDAL_SURFACE ( 'NONE', #917, 13.50000000000000178, 2.000000000000000000 ) ;
#1196 = CARTESIAN_POINT ( 'NONE',  ( -23.36550506870326060, 15.93452713242186469, 30.64470820415652241 ) ) ;
#1197 = CARTESIAN_POINT ( 'NONE',  ( -20.86550506870326060, 15.93452713242190733, 29.64470820415651531 ) ) ;
#1198 = CIRCLE ( 'NONE', #258, 0.4999999999999995559 ) ;
#1199 = AXIS2_PLACEMENT_3D ( 'NONE', #4186, #218, #5756 ) ;
#1200 = ORIENTED_EDGE ( 'NONE', *, *, #373, .T. ) ;
#1201 = CARTESIAN_POINT ( 'NONE',  ( 1.475096467529594335, 15.41370520902452235, 9.753807617552418208 ) ) ;
#1202 = CARTESIAN_POINT ( 'NONE',  ( 0.8534378720207845825, -6.896297959271207922, 54.11275370193937562 ) ) ;
#1203 = CARTESIAN_POINT ( 'NONE',  ( -0.1155050687035188706, 15.43452713242211871, 43.91586665186060401 ) ) ;
#1204 = ORIENTED_EDGE ( 'NONE', *, *, #1601, .T. ) ;
#1205 = CARTESIAN_POINT ( 'NONE',  ( 16.28449561181106375, -47.56547286757773918, -27.88413334813953526 ) ) ;
#1206 = VECTOR ( 'NONE', #4421, 1000.000000000000000 ) ;
#1207 = FACE_OUTER_BOUND ( 'NONE', #4459, .T. ) ;
#1208 = VERTEX_POINT ( 'NONE', #1675 ) ;
#1209 = ORIENTED_EDGE ( 'NONE', *, *, #5623, .F. ) ;
#1210 = ADVANCED_FACE ( 'NONE', ( #3499 ), #1291, .F. ) ;
#1211 = FACE_OUTER_BOUND ( 'NONE', #3522, .T. ) ;
#1212 = AXIS2_PLACEMENT_3D ( 'NONE', #4266, #4299, #330 ) ;
#1213 = DIRECTION ( 'NONE',  ( -1.000000000000000000, -1.321694076934711467E-14, 0.000000000000000000 ) ) ;
#1214 = EDGE_LOOP ( 'NONE', ( #3589, #1902, #4309, #1031 ) ) ;
#1215 = CARTESIAN_POINT ( 'NONE',  ( -20.71550438818938034, -15.86547249352512168, 42.91586665186058980 ) ) ;
#1216 = DIRECTION ( 'NONE',  ( 5.012361748854192143E-12, 7.031521682434635056E-26, -1.000000000000000000 ) ) ;
#1217 = CALENDAR_DATE ( 2026, 8, 7 ) ;
#1218 = DIRECTION ( 'NONE',  ( -1.404665511781869729E-14, 1.000000000000000000, 0.000000000000000000 ) ) ;
#1219 = CARTESIAN_POINT ( 'NONE',  ( 16.28449561181107086, -47.56547286757773918, 100.9158666518603695 ) ) ;
#1220 = EDGE_CURVE ( 'NONE', #212, #1707, #3771, .T. ) ;
#1221 = DIRECTION ( 'NONE',  ( 1.404665511781869729E-14, -1.000000000000000000, -5.782411586589354089E-15 ) ) ;
#1222 = EDGE_CURVE ( 'NONE', #84, #2980, #2851, .T. ) ;
#1223 = ADVANCED_FACE ( 'NONE', ( #2223 ), #3577, .T. ) ;
#1224 = EDGE_LOOP ( 'NONE', ( #1105, #1841, #5616, #3075 ) ) ;
#1225 = AXIS2_PLACEMENT_3D ( 'NONE', #3916, #2068, #2973 ) ;
#1226 = DIRECTION ( 'NONE',  ( -3.117823127310333221E-14, -5.782411586589791907E-15, 1.000000000000000000 ) ) ;
#1227 = LINE ( 'NONE', #5137, #778 ) ;
#1228 = DIRECTION ( 'NONE',  ( 1.000000000000000000, 1.396452398161329869E-14, -8.673617379884027583E-16 ) ) ;
#1229 = LINE ( 'NONE', #733, #3971 ) ;
#1230 = ORIENTED_EDGE ( 'NONE', *, *, #1176, .F. ) ;
#1231 = CARTESIAN_POINT ( 'NONE',  ( 1.858511322559320389, 15.38054914236546722, 23.37080370701177756 ) ) ;
#1232 = DIRECTION ( 'NONE',  ( 2.312964634637546490E-16, -1.000000000000000000, -5.782411586589354878E-15 ) ) ;
#1233 = DIRECTION ( 'NONE',  ( -9.522393481052525136E-31, -5.782411586589358822E-15, 1.000000000000000000 ) ) ;
#1234 = ORIENTED_EDGE ( 'NONE', *, *, #2252, .T. ) ;
#1235 = CARTESIAN_POINT ( 'NONE',  ( -38.13671935318125605, -35.56547286757849946, -27.88413334813953526 ) ) ;
#1236 = CARTESIAN_POINT ( 'NONE',  ( -0.5821472290945650663, -9.248078654725489400, 8.576198860074242702 ) ) ;
#1237 = VERTEX_POINT ( 'NONE', #2717 ) ;
#1238 = ORIENTED_EDGE ( 'NONE', *, *, #2314, .F. ) ;
#1239 = CARTESIAN_POINT ( 'NONE',  ( -4.462819671306383462, 12.43452713242210983, 31.51586664685443395 ) ) ;
#1240 = CARTESIAN_POINT ( 'NONE',  ( -1.115505068703512626, -8.465472867577810590, 9.280894199316648496 ) ) ;
#1241 = VECTOR ( 'NONE', #3436, 1000.000000000000000 ) ;
#1242 = AXIS2_PLACEMENT_3D ( 'NONE', #5708, #4474, #4064 ) ;
#1243 = DIRECTION ( 'NONE',  ( 1.000000000000000000, 1.387778780781444413E-14, 0.000000000000000000 ) ) ;
#1244 = ORIENTED_EDGE ( 'NONE', *, *, #5405, .F. ) ;
#1245 = CARTESIAN_POINT ( 'NONE',  ( 1.684494931294921338, 14.93452713242209029, 52.98573390744289924 ) ) ;
#1246 = CALENDAR_DATE ( 2026, 8, 7 ) ;
#1247 = DIRECTION ( 'NONE',  ( -1.000000000000000000, -1.404665511781869571E-14, -9.764602899647557881E-31 ) ) ;
#1248 = DIRECTION ( 'NONE',  ( -1.404665511781869729E-14, 1.000000000000000000, 5.782411586589354089E-15 ) ) ;
#1249 = ORIENTED_EDGE ( 'NONE', *, *, #4557, .F. ) ;
#1250 = EDGE_CURVE ( 'NONE', #3224, #4369, #819, .T. ) ;
#1251 = DIRECTION ( 'NONE',  ( -1.000000000000000000, -1.402542384832312146E-14, -3.543264972207946540E-15 ) ) ;
#1252 = DIRECTION ( 'NONE',  ( -1.000000000000000000, -1.396452398161329869E-14, 0.000000000000000000 ) ) ;
#1253 = CARTESIAN_POINT ( 'NONE',  ( -31.18671935318094768, -57.56547286757841420, 90.91586665186036953 ) ) ;
#1254 = DIRECTION ( 'NONE',  ( 0.3625015733710812982, 0.000000000000000000, 0.9319831593454307450 ) ) ;
#1255 = ORIENTED_EDGE ( 'NONE', *, *, #2154, .F. ) ;
#1256 = EDGE_CURVE ( 'NONE', #5480, #3531, #3200, .T. ) ;
#1257 = CARTESIAN_POINT ( 'NONE',  ( 1.884494931296107456, 13.53452713242215033, 42.91586665186058980 ) ) ;
#1258 = CARTESIAN_POINT ( 'NONE',  ( 0.8844949312964970334, -6.465472867577807037, 52.98573390744233791 ) ) ;
#1259 = FACE_OUTER_BOUND ( 'NONE', #5367, .T. ) ;
#1260 = EDGE_LOOP ( 'NONE', ( #635, #5445 ) ) ;
#1261 = LINE ( 'NONE', #3035, #5120 ) ;
#1262 = CIRCLE ( 'NONE', #226, 0.8000000000000000444 ) ;
#1263 = DIRECTION ( 'NONE',  ( -5.012361748854192143E-12, 0.000000000000000000, 1.000000000000000000 ) ) ;
#1264 = EDGE_LOOP ( 'NONE', ( #941, #351 ) ) ;
#1265 = VECTOR ( 'NONE', #1226, 1000.000000000000000 ) ;
#1266 = VERTEX_POINT ( 'NONE', #2661 ) ;
#1267 = SECURITY_CLASSIFICATION ( '', '', #2118 ) ;
#1268 = CARTESIAN_POINT ( 'NONE',  ( 12.38449493129605017, 14.93452713242238161, 28.51586664685444461 ) ) ;
#1269 = CARTESIAN_POINT ( 'NONE',  ( -20.71550438818978890, -8.465472867577814142, 20.11586665186050027 ) ) ;
#1270 = ORIENTED_EDGE ( 'NONE', *, *, #543, .F. ) ;
#1271 = EDGE_LOOP ( 'NONE', ( #2564, #2265, #4872, #2974, #2034, #2272, #1807, #5088, #619, #2634, #3397, #3504, #2390, #1828, #5581, #4358, #4838, #4227, #4638, #4929, #3962, #1808, #1967, #2589, #3572, #1643, #512, #4968, #4908, #4870 ) ) ;
#1272 = CARTESIAN_POINT ( 'NONE',  ( 11.03043529818245005, -5.065930435712620472, 28.21941857916004537 ) ) ;
#1273 = AXIS2_PLACEMENT_3D ( 'NONE', #2451, #186, #2889 ) ;
#1274 = CARTESIAN_POINT ( 'NONE',  ( 3.634494931296750497, 14.93452713242223950, 31.51586664685444106 ) ) ;
#1275 = CARTESIAN_POINT ( 'NONE',  ( 4.190075317933071197, 14.93452713242211871, 52.83953723233606325 ) ) ;
#1276 = DIRECTION ( 'NONE',  ( -0.000000000000000000, -0.000000000000000000, 1.000000000000000000 ) ) ;
#1277 = ORIENTED_EDGE ( 'NONE', *, *, #2112, .F. ) ;
#1278 = ORIENTED_EDGE ( 'NONE', *, *, #249, .T. ) ;
#1279 = DIRECTION ( 'NONE',  ( -1.000000000000000000, -1.387778780781444413E-14, 0.000000000000000000 ) ) ;
#1280 = DIRECTION ( 'NONE',  ( -1.396452398161330027E-14, 1.000000000000000000, -0.000000000000000000 ) ) ;
#1281 = CARTESIAN_POINT ( 'NONE',  ( -14.02425554071681724, 14.93452713242211871, 10.08025398691571439 ) ) ;
#1282 = ORIENTED_EDGE ( 'NONE', *, *, #1302, .T. ) ;
#1283 = AXIS2_PLACEMENT_3D ( 'NONE', #4465, #4521, #3524 ) ;
#1284 = DIRECTION ( 'NONE',  ( 0.000000000000000000, 0.000000000000000000, -1.000000000000000000 ) ) ;
#1285 = CARTESIAN_POINT ( 'NONE',  ( 5.438342828257093586, 15.43452713242231589, 23.10991927961703851 ) ) ;
#1286 = CIRCLE ( 'NONE', #4899, 0.5000000000000004441 ) ;
#1287 = CARTESIAN_POINT ( 'NONE',  ( -12.32200908474182199, -8.081227027285573072, 53.07278204464996918 ) ) ;
#1288 = ORIENTED_EDGE ( 'NONE', *, *, #674, .F. ) ;
#1289 = CARTESIAN_POINT ( 'NONE',  ( 5.384494931297696851, -5.065930435712764357, 39.42181401409174413 ) ) ;
#1290 = CIRCLE ( 'NONE', #5282, 1.000000000000000888 ) ;
#1291 = CYLINDRICAL_SURFACE ( 'NONE', #1845, 2.449999999999998845 ) ;
#1292 = EDGE_CURVE ( 'NONE', #5291, #76, #4916, .T. ) ;
#1293 = AXIS2_PLACEMENT_3D ( 'NONE', #528, #2768, #5474 ) ;
#1294 = ORIENTED_EDGE ( 'NONE', *, *, #2029, .T. ) ;
#1295 = ORIENTED_EDGE ( 'NONE', *, *, #3486, .T. ) ;
#1296 = EDGE_CURVE ( 'NONE', #3107, #3532, #5368, .T. ) ;
#1297 = DIRECTION ( 'NONE',  ( -1.404665511781869571E-14, 1.000000000000000000, 5.782411586589354089E-15 ) ) ;
#1298 = CARTESIAN_POINT ( 'NONE',  ( -36.18671935318173638, 0.4345271324215264630, 17.41586665186047966 ) ) ;
#1299 = AXIS2_PLACEMENT_3D ( 'NONE', #5639, #4748, #784 ) ;
#1300 = EDGE_CURVE ( 'NONE', #4018, #1081, #1793, .T. ) ;
#1301 = VERTEX_POINT ( 'NONE', #2294 ) ;
#1302 = EDGE_CURVE ( 'NONE', #3198, #3538, #3595, .T. ) ;
#1303 = ORIENTED_EDGE ( 'NONE', *, *, #4308, .F. ) ;
#1304 = ORIENTED_EDGE ( 'NONE', *, *, #3843, .F. ) ;
#1305 = DIRECTION ( 'NONE',  ( -1.396452398161330027E-14, 1.000000000000000000, -0.000000000000000000 ) ) ;
#1306 = CARTESIAN_POINT ( 'NONE',  ( -20.86550506870329613, 18.22742035123535587, 30.14470820415652597 ) ) ;
#1307 = CARTESIAN_POINT ( 'NONE',  ( -25.83219030821222617, -35.56547286757833604, 43.61586665186048606 ) ) ;
#1308 = VECTOR ( 'NONE', #2537, 1000.000000000000000 ) ;
#1309 = CYLINDRICAL_SURFACE ( 'NONE', #2612, 0.5000000000000004441 ) ;
#1310 = AXIS2_PLACEMENT_3D ( 'NONE', #3247, #3705, #5490 ) ;
#1311 = VERTEX_POINT ( 'NONE', #4410 ) ;
#1312 = ORIENTED_EDGE ( 'NONE', *, *, #1640, .F. ) ;
#1313 = CARTESIAN_POINT ( 'NONE',  ( -21.36550506870329613, 18.43452713242188423, 32.64470820415652952 ) ) ;
#1314 = CARTESIAN_POINT ( 'NONE',  ( -20.86550506870326060, 15.93452713242188601, 33.64470820415651531 ) ) ;
#1315 = VERTEX_POINT ( 'NONE', #5419 ) ;
#1316 = CIRCLE ( 'NONE', #4636, 2.999999999999999112 ) ;
#1317 = CARTESIAN_POINT ( 'NONE',  ( 0.8844949312964955901, -6.465472867577800820, 42.91586665186046190 ) ) ;
#1318 = DIRECTION ( 'NONE',  ( 1.396452398161329869E-14, -1.000000000000000000, 0.000000000000000000 ) ) ;
#1319 = DIRECTION ( 'NONE',  ( -5.252742685257767035E-12, 0.000000000000000000, 1.000000000000000000 ) ) ;
#1320 = ORIENTED_EDGE ( 'NONE', *, *, #2449, .F. ) ;
#1321 = LINE ( 'NONE', #4005, #2725 ) ;
#1322 = CARTESIAN_POINT ( 'NONE',  ( -1.547032492369352959E-13, 15.43452713242220220, 29.64470820415649044 ) ) ;
#1323 = VERTEX_POINT ( 'NONE', #499 ) ;
#1324 = CARTESIAN_POINT ( 'NONE',  ( 14.78449561181120764, -57.56547286757776760, 90.91586665186036953 ) ) ;
#1325 = EDGE_CURVE ( 'NONE', #5624, #5123, #1500, .T. ) ;
#1326 = DIRECTION ( 'NONE',  ( -0.7071067811865339170, -0.7071067811865612285, -4.088782444489014268E-15 ) ) ;
#1327 = EDGE_CURVE ( 'NONE', #76, #1708, #2271, .T. ) ;
#1328 = CC_DESIGN_PERSON_AND_ORGANIZATION_ASSIGNMENT ( #655, #4270, ( #965 ) ) ;
#1329 = ADVANCED_FACE ( 'NONE', ( #3119 ), #2741, .F. ) ;
#1330 = ORIENTED_EDGE ( 'NONE', *, *, #2229, .F. ) ;
#1331 = ORIENTED_EDGE ( 'NONE', *, *, #2412, .T. ) ;
#1332 = AXIS2_PLACEMENT_3D ( 'NONE', #804, #4647, #4711 ) ;
#1333 = VECTOR ( 'NONE', #1280, 1000.000000000000000 ) ;
#1334 = ADVANCED_FACE ( 'NONE', ( #4058 ), #1871, .T. ) ;
#1335 = DIRECTION ( 'NONE',  ( -1.387778780781444413E-14, 1.000000000000000000, 0.000000000000000000 ) ) ;
#1336 = DIRECTION ( 'NONE',  ( -1.396452398161329869E-14, 1.000000000000000000, -0.000000000000000000 ) ) ;
#1337 = EDGE_CURVE ( 'NONE', #773, #5074, #3632, .T. ) ;
#1338 = CIRCLE ( 'NONE', #1889, 2.449999999999993960 ) ;
#1339 = EDGE_CURVE ( 'NONE', #5333, #5266, #4539, .T. ) ;
#1340 = ORIENTED_EDGE ( 'NONE', *, *, #2689, .T. ) ;
#1341 = ORIENTED_EDGE ( 'NONE', *, *, #864, .F. ) ;
#1342 = CARTESIAN_POINT ( 'NONE',  ( -2.114261706182892553, 14.93452713242211694, 39.22868367033049708 ) ) ;
#1343 = CARTESIAN_POINT ( 'NONE',  ( 4.190075317934666366, -98.64468553998281664, 52.83953723233540956 ) ) ;
#1344 = CIRCLE ( 'NONE', #5430, 0.5000000000000004441 ) ;
#1345 = EDGE_LOOP ( 'NONE', ( #1414, #2439, #3124, #2454 ) ) ;
#1346 = FACE_OUTER_BOUND ( 'NONE', #325, .T. ) ;
#1347 = CARTESIAN_POINT ( 'NONE',  ( -14.76551357512652629, -17.56547286757817616, 25.51586665186146519 ) ) ;
#1348 = CARTESIAN_POINT ( 'NONE',  ( -11.24585641760374521, -8.465472867577815919, 53.51220469375896016 ) ) ;
#1349 = ORIENTED_EDGE ( 'NONE', *, *, #4541, .F. ) ;
#1350 = CARTESIAN_POINT ( 'NONE',  ( 18.73449561181099909, -43.56547286757770365, -27.88413334813953526 ) ) ;
#1351 = CARTESIAN_POINT ( 'NONE',  ( 0.8154621743210256346, -8.712466074876193289, 8.931589637624549383 ) ) ;
#1352 = DIRECTION ( 'NONE',  ( -1.000000000000000000, -1.387778780781444413E-14, 0.000000000000000000 ) ) ;
#1353 = ORIENTED_EDGE ( 'NONE', *, *, #5041, .T. ) ;
#1354 = CARTESIAN_POINT ( 'NONE',  ( -9.815513575126541213, -17.56547286757810511, 31.51586665186150427 ) ) ;
#1355 = LINE ( 'NONE', #4498, #1632 ) ;
#1356 = ADVANCED_FACE ( 'NONE', ( #1844 ), #2193, .T. ) ;
#1357 = AXIS2_PLACEMENT_3D ( 'NONE', #1926, #3631, #5331 ) ;
#1358 = CIRCLE ( 'NONE', #1912, 0.5000000000000004441 ) ;
#1359 = ORIENTED_EDGE ( 'NONE', *, *, #1726, .T. ) ;
#1360 = ORIENTED_EDGE ( 'NONE', *, *, #2921, .T. ) ;
#1361 = DIRECTION ( 'NONE',  ( -1.000000000000000000, -1.387778780781444413E-14, -9.629649721936228591E-29 ) ) ;
#1362 = DIRECTION ( 'NONE',  ( -1.396452398161329869E-14, 1.000000000000000000, -0.000000000000000000 ) ) ;
#1363 = CARTESIAN_POINT ( 'NONE',  ( -4.462819671306418989, 14.93452713242212759, 31.51586664685443395 ) ) ;
#1364 = VERTEX_POINT ( 'NONE', #1765 ) ;
#1365 = EDGE_CURVE ( 'NONE', #4928, #3178, #122, .T. ) ;
#1366 = ORIENTED_EDGE ( 'NONE', *, *, #460, .F. ) ;
#1367 = EDGE_CURVE ( 'NONE', #736, #4928, #3802, .T. ) ;
#1368 = DIRECTION ( 'NONE',  ( 1.000000000000000000, 1.416100796715760607E-14, 0.000000000000000000 ) ) ;
#1369 = AXIS2_PLACEMENT_3D ( 'NONE', #264, #1606, #1578 ) ;
#1370 = LINE ( 'NONE', #3165, #134 ) ;
#1371 = EDGE_CURVE ( 'NONE', #4090, #3293, #193, .T. ) ;
#1372 = VERTEX_POINT ( 'NONE', #1543 ) ;
#1373 = EDGE_CURVE ( 'NONE', #541, #1909, #4166, .T. ) ;
#1374 = DIRECTION ( 'NONE',  ( 1.404665511781869729E-14, -1.000000000000000000, -5.782411586589354089E-15 ) ) ;
#1375 = DIRECTION ( 'NONE',  ( 0.2391535557498804254, 0.000000000000000000, 0.9709817592376228657 ) ) ;
#1376 = CARTESIAN_POINT ( 'NONE',  ( 11.48712623399614152, 12.43452713242234964, 28.51586664685443040 ) ) ;
#1377 = ORIENTED_EDGE ( 'NONE', *, *, #5655, .T. ) ;
#1378 = DIRECTION ( 'NONE',  ( -1.396452398161329869E-14, 1.000000000000000000, -0.000000000000000000 ) ) ;
#1379 = CARTESIAN_POINT ( 'NONE',  ( 0.2805981671935472987, -7.934295564949414903, 8.778891084739392170 ) ) ;
#1380 = DIRECTION ( 'NONE',  ( 1.000000000000000000, 1.404665511781869571E-14, -3.070307129577856975E-16 ) ) ;
#1381 = ORIENTED_EDGE ( 'NONE', *, *, #5042, .T. ) ;
#1382 = CIRCLE ( 'NONE', #3773, 0.5000000000000004441 ) ;
#1383 = CYLINDRICAL_SURFACE ( 'NONE', #4374, 1.049999999999998934 ) ;
#1384 = CARTESIAN_POINT ( 'NONE',  ( 26.28449561181106020, -47.56547286757760418, -27.88413334813951039 ) ) ;
#1385 = LINE ( 'NONE', #4779, #714 ) ;
#1386 = AXIS2_PLACEMENT_3D ( 'NONE', #3044, #3078, #3127 ) ;
#1387 = ADVANCED_FACE ( 'NONE', ( #1958 ), #3710, .F. ) ;
#1388 = ORIENTED_EDGE ( 'NONE', *, *, #1749, .F. ) ;
#1389 = ORIENTED_EDGE ( 'NONE', *, *, #3266, .T. ) ;
#1390 = VECTOR ( 'NONE', #5068, 1000.000000000000000 ) ;
#1391 = CARTESIAN_POINT ( 'NONE',  ( 1.281599903277331531, 14.89666307320294258, 53.68476308285918464 ) ) ;
#1392 = DIRECTION ( 'NONE',  ( -1.400789206851271413E-14, 1.000000000000000000, 4.356926556559735285E-30 ) ) ;
#1393 = TOROIDAL_SURFACE ( 'NONE', #1771, 8.597314602603171707, 0.5000000000000000000 ) ;
#1394 = EDGE_LOOP ( 'NONE', ( #5741, #4707, #2695, #5505 ) ) ;
#1395 = EDGE_CURVE ( 'NONE', #1372, #4443, #479, .T. ) ;
#1396 = ORIENTED_EDGE ( 'NONE', *, *, #2404, .F. ) ;
#1397 = CARTESIAN_POINT ( 'NONE',  ( -9.815513575126123769, -47.56547286757810156, 31.51586665186150427 ) ) ;
#1398 = CARTESIAN_POINT ( 'NONE',  ( 12.83038393224381579, 15.19563592453317646, 39.42146625705789376 ) ) ;
#1399 = CIRCLE ( 'NONE', #3616, 1.050000000000000044 ) ;
#1400 = EDGE_CURVE ( 'NONE', #5722, #4789, #3166, .T. ) ;
#1401 = AXIS2_PLACEMENT_3D ( 'NONE', #3443, #5664, #243 ) ;
#1402 = DIRECTION ( 'NONE',  ( 9.712844633365329656E-17, -5.782411586589352511E-15, 1.000000000000000000 ) ) ;
#1403 = AXIS2_PLACEMENT_3D ( 'NONE', #5558, #5450, #3236 ) ;
#1404 = CARTESIAN_POINT ( 'NONE',  ( 0.8844949312964578425, 14.63452713242233649, 10.04599939627830985 ) ) ;
#1405 = CARTESIAN_POINT ( 'NONE',  ( -22.36550506870330679, 17.93452713242186647, 33.14470820415652952 ) ) ;
#1406 = CARTESIAN_POINT ( 'NONE',  ( 1.684494931296490750, 14.63452713242214287, 43.91586665186059690 ) ) ;
#1407 = CARTESIAN_POINT ( 'NONE',  ( -1.115505068703512404, -9.265472867577807747, 9.280894199316648496 ) ) ;
#1408 = ORIENTED_EDGE ( 'NONE', *, *, #1611, .T. ) ;
#1409 = EDGE_CURVE ( 'NONE', #3723, #3981, #2324, .T. ) ;
#1410 = CARTESIAN_POINT ( 'NONE',  ( -3.815513575126115331, -46.56547286757803050, 25.51586665186152558 ) ) ;
#1411 = CARTESIAN_POINT ( 'NONE',  ( 1.924837651836631469, -6.838378594302453095, 9.282652604000860563 ) ) ;
#1412 = DIRECTION ( 'NONE',  ( -1.396452398161329869E-14, 1.000000000000000000, -0.000000000000000000 ) ) ;
#1413 = ORIENTED_EDGE ( 'NONE', *, *, #4957, .F. ) ;
#1414 = ORIENTED_EDGE ( 'NONE', *, *, #2555, .T. ) ;
#1415 = DIRECTION ( 'NONE',  ( 1.396452398161329869E-14, -1.000000000000000000, 0.000000000000000000 ) ) ;
#1416 = CARTESIAN_POINT ( 'NONE',  ( -13.11550506870390365, -6.465472867577810590, 9.220953716554989299 ) ) ;
#1417 = AXIS2_PLACEMENT_3D ( 'NONE', #5047, #1016, #3334 ) ;
#1418 = CARTESIAN_POINT ( 'NONE',  ( 26.28449561181089678, -35.56547286757760418, 60.91586665186036953 ) ) ;
#1419 = ORIENTED_EDGE ( 'NONE', *, *, #1171, .T. ) ;
#1420 = VERTEX_POINT ( 'NONE', #4107 ) ;
#1421 = CARTESIAN_POINT ( 'NONE',  ( 1.684494931297009668, 14.93452713242208318, 53.78573390744289640 ) ) ;
#1422 = DIRECTION ( 'NONE',  ( -1.000000000000000000, 0.000000000000000000, 0.000000000000000000 ) ) ;
#1423 = ORIENTED_EDGE ( 'NONE', *, *, #4820, .T. ) ;
#1424 = CIRCLE ( 'NONE', #3265, 23.50000000000000000 ) ;
#1425 = ORIENTED_EDGE ( 'NONE', *, *, #1292, .F. ) ;
#1426 = CARTESIAN_POINT ( 'NONE',  ( -12.56118318260293520, -8.996089383985331978, 9.043127595761854209 ) ) ;
#1427 = DIRECTION ( 'NONE',  ( 0.000000000000000000, 1.000000000000000000, 5.782411586589354089E-15 ) ) ;
#1428 = VECTOR ( 'NONE', #2696, 1000.000000000000000 ) ;
#1429 = DIRECTION ( 'NONE',  ( 1.000000000000000000, 1.401718565583457942E-14, 8.956393675256435718E-32 ) ) ;
#1430 = ADVANCED_FACE ( 'NONE', ( #147 ), #1982, .T. ) ;
#1431 = AXIS2_PLACEMENT_3D ( 'NONE', #5755, #1775, #3534 ) ;
#1432 = CARTESIAN_POINT ( 'NONE',  ( -15.81551357512656075, -17.56547286757818682, 37.51586665186149361 ) ) ;
#1433 = CARTESIAN_POINT ( 'NONE',  ( -13.11550506870406529, 14.63452713242206826, 20.91586664184828592 ) ) ;
#1434 = ORIENTED_EDGE ( 'NONE', *, *, #2168, .F. ) ;
#1435 = CARTESIAN_POINT ( 'NONE',  ( -13.11550506870390365, -8.465472867577812366, 14.91586665186049565 ) ) ;
#1436 = CARTESIAN_POINT ( 'NONE',  ( -30.23671935318115089, -43.56547286757839288, 90.91586665186036953 ) ) ;
#1437 = EDGE_CURVE ( 'NONE', #3336, #2714, #1785, .T. ) ;
#1438 = ORIENTED_EDGE ( 'NONE', *, *, #1250, .F. ) ;
#1439 = EDGE_LOOP ( 'NONE', ( #2353, #345, #3068, #3895, #2731 ) ) ;
#1440 = EDGE_CURVE ( 'NONE', #3344, #3377, #4927, .T. ) ;
#1441 = DIRECTION ( 'NONE',  ( -1.396452398161329869E-14, 1.000000000000000000, 0.000000000000000000 ) ) ;
#1442 = SPHERICAL_SURFACE ( 'NONE', #4411, 0.5000000000000000000 ) ;
#1443 = CARTESIAN_POINT ( 'NONE',  ( -3.815513575126522117, -17.56547286757802340, 25.51586665186152558 ) ) ;
#1444 = ORIENTED_EDGE ( 'NONE', *, *, #1541, .T. ) ;
#1445 = VERTEX_POINT ( 'NONE', #1042 ) ;
#1446 = CARTESIAN_POINT ( 'NONE',  ( 1.579756412860688908, 15.43452713242180963, 53.28573390707905588 ) ) ;
#1447 = VECTOR ( 'NONE', #5618, 1000.000000000000000 ) ;
#1448 = ORIENTED_EDGE ( 'NONE', *, *, #1557, .F. ) ;
#1449 = ORIENTED_EDGE ( 'NONE', *, *, #3855, .F. ) ;
#1450 = AXIS2_PLACEMENT_3D ( 'NONE', #788, #406, #1251 ) ;
#1451 = DIRECTION ( 'NONE',  ( 1.000000000000000000, 1.321694076934708943E-14, 0.000000000000000000 ) ) ;
#1452 = VECTOR ( 'NONE', #5268, 1000.000000000000000 ) ;
#1453 = CARTESIAN_POINT ( 'NONE',  ( -2.765513575126562706, -17.56547286757800919, 37.51586665186152203 ) ) ;
#1454 = DIRECTION ( 'NONE',  ( -4.163336342344333240E-14, -1.000000000000000000, -6.938893903907222067E-15 ) ) ;
#1455 = EDGE_CURVE ( 'NONE', #4198, #3715, #2818, .T. ) ;
#1456 = SPHERICAL_SURFACE ( 'NONE', #5048, 0.5000000000000000000 ) ;
#1457 = CARTESIAN_POINT ( 'NONE',  ( -5.686719353181627135, -9.265472867577825511, 31.51586665186047753 ) ) ;
#1458 = ORIENTED_EDGE ( 'NONE', *, *, #4177, .T. ) ;
#1459 = VECTOR ( 'NONE', #4063, 1000.000000000000000 ) ;
#1460 = CIRCLE ( 'NONE', #2942, 1.050000000000000044 ) ;
#1461 = EDGE_CURVE ( 'NONE', #3317, #3711, #1316, .T. ) ;
#1462 = CARTESIAN_POINT ( 'NONE',  ( 1.339059554070058500, -8.187634654905806997, 9.090413011377313168 ) ) ;
#1463 = DIRECTION ( 'NONE',  ( -1.000000000000000000, -1.416100796715760607E-14, 0.000000000000000000 ) ) ;
#1464 = VERTEX_POINT ( 'NONE', #4165 ) ;
#1465 = ORIENTED_EDGE ( 'NONE', *, *, #4467, .T. ) ;
#1466 = CARTESIAN_POINT ( 'NONE',  ( 4.190075318293328799, -98.64468553998257505, 10.19219607155065432 ) ) ;
#1467 = CARTESIAN_POINT ( 'NONE',  ( -13.91550506870390791, 14.93452713242212049, 10.05984893471933717 ) ) ;
#1468 = DIRECTION ( 'NONE',  ( -1.000000000000000000, -1.387778780781444413E-14, 0.000000000000000000 ) ) ;
#1469 = EDGE_CURVE ( 'NONE', #3153, #5291, #4737, .T. ) ;
#1470 = AXIS2_PLACEMENT_3D ( 'NONE', #2407, #5044, #2872 ) ;
#1471 = DIRECTION ( 'NONE',  ( -1.000000000000000000, -1.396544670686653283E-14, 0.000000000000000000 ) ) ;
#1472 = ORIENTED_EDGE ( 'NONE', *, *, #566, .T. ) ;
#1473 = VERTEX_POINT ( 'NONE', #5519 ) ;
#1474 = DIRECTION ( 'NONE',  ( 1.000000000000000000, 1.396452398161329869E-14, 0.000000000000000000 ) ) ;
#1475 = AXIS2_PLACEMENT_3D ( 'NONE', #4775, #1305, #3104 ) ;
#1476 = EDGE_CURVE ( 'NONE', #5280, #3106, #2876, .T. ) ;
#1477 = ADVANCED_FACE ( 'NONE', ( #4192 ), #3764, .T. ) ;
#1478 = VECTOR ( 'NONE', #1564, 1000.000000000000000 ) ;
#1479 = ORIENTED_EDGE ( 'NONE', *, *, #1026, .T. ) ;
#1480 = AXIS2_PLACEMENT_3D ( 'NONE', #5570, #1089, #1949 ) ;
#1481 = EDGE_LOOP ( 'NONE', ( #1768, #3557, #879, #3996 ) ) ;
#1482 = CARTESIAN_POINT ( 'NONE',  ( -13.03629360684336724, -8.719620636343986320, 9.194117401467671868 ) ) ;
#1483 = CARTESIAN_POINT ( 'NONE',  ( 0.6061896968545370523, -7.491609567563249250, 53.11585212252615662 ) ) ;
#1484 = AXIS2_PLACEMENT_3D ( 'NONE', #2283, #4042, #3833 ) ;
#1485 = CARTESIAN_POINT ( 'NONE',  ( -12.84281362319850572, -7.482194683549538539, 52.81672293641999971 ) ) ;
#1486 = DIRECTION ( 'NONE',  ( 1.000000000000000000, 1.321694076934709574E-14, 0.000000000000000000 ) ) ;
#1487 = FACE_OUTER_BOUND ( 'NONE', #1971, .T. ) ;
#1488 = ORIENTED_EDGE ( 'NONE', *, *, #180, .F. ) ;
#1489 = EDGE_CURVE ( 'NONE', #3015, #567, #2156, .T. ) ;
#1490 = DIRECTION ( 'NONE',  ( -5.308253836489024862E-12, 0.000000000000000000, -1.000000000000000000 ) ) ;
#1491 = DIRECTION ( 'NONE',  ( -1.000000000000000000, -1.399742390960596265E-14, 0.000000000000000000 ) ) ;
#1492 = ORIENTED_EDGE ( 'NONE', *, *, #1749, .T. ) ;
#1493 = ORIENTED_EDGE ( 'NONE', *, *, #2976, .T. ) ;
#1494 = CARTESIAN_POINT ( 'NONE',  ( 1.549824765904403545, -7.887519597465801446, 53.87419817809744416 ) ) ;
#1495 = CARTESIAN_POINT ( 'NONE',  ( -36.18671935318123190, -35.56547286757847814, 46.61586665186048606 ) ) ;
#1496 = CARTESIAN_POINT ( 'NONE',  ( 1.684494931296480313, 15.43452713242208851, 53.28573390744290350 ) ) ;
#1497 = EDGE_LOOP ( 'NONE', ( #787, #2613, #3774, #5560 ) ) ;
#1498 = ADVANCED_FACE ( 'NONE', ( #5706 ), #20, .F. ) ;
#1499 = VERTEX_POINT ( 'NONE', #4697 ) ;
#1500 = CIRCLE ( 'NONE', #2791, 1.500000000000001332 ) ;
#1501 = CARTESIAN_POINT ( 'NONE',  ( -2.114261706053190970, 14.93452713242220042, 23.80304963345092517 ) ) ;
#1502 = ORIENTED_EDGE ( 'NONE', *, *, #3940, .F. ) ;
#1503 = EDGE_LOOP ( 'NONE', ( #2337, #4735, #5723, #3918 ) ) ;
#1504 = DIRECTION ( 'NONE',  ( 1.000000000000000000, 1.387778780781445518E-14, 0.000000000000000000 ) ) ;
#1505 = FACE_OUTER_BOUND ( 'NONE', #5433, .T. ) ;
#1506 = FACE_BOUND ( 'NONE', #5635, .T. ) ;
#1507 = CARTESIAN_POINT ( 'NONE',  ( -13.05815554777368348, -8.704039124458079257, 53.83041820280853784 ) ) ;
#1508 = CIRCLE ( 'NONE', #4751, 1.000000000000000000 ) ;
#1509 = FACE_OUTER_BOUND ( 'NONE', #708, .T. ) ;
#1510 = VECTOR ( 'NONE', #2057, 1000.000000000000000 ) ;
#1511 = CARTESIAN_POINT ( 'NONE',  ( -15.81551357512658562, -15.86547249352505240, 37.51586665186149361 ) ) ;
#1512 = ORIENTED_EDGE ( 'NONE', *, *, #3526, .T. ) ;
#1513 = ADVANCED_FACE ( 'NONE', ( #1160 ), #3458, .F. ) ;
#1514 = CARTESIAN_POINT ( 'NONE',  ( -13.81076655026970101, 14.93452713205841320, 9.559848934719614277 ) ) ;
#1515 = DIRECTION ( 'NONE',  ( 1.396452398161329869E-14, -1.000000000000000000, 0.000000000000000000 ) ) ;
#1516 = DESIGN_CONTEXT ( 'detailed design', #3201, 'design' ) ;
#1517 = EDGE_LOOP ( 'NONE', ( #845, #5116, #5146, #5270 ) ) ;
#1518 = ADVANCED_FACE ( 'NONE', ( #5648, #4759, #3428, #2159, #4222 ), #5580, .F. ) ;
#1519 = FACE_OUTER_BOUND ( 'NONE', #580, .T. ) ;
#1520 = CARTESIAN_POINT ( 'NONE',  ( 0.7989545644461795160, -8.702486475595106796, 54.10374816489753869 ) ) ;
#1521 = CARTESIAN_POINT ( 'NONE',  ( -12.83262614003880664, -7.499245831253483985, 10.20975579994870763 ) ) ;
#1522 = ORIENTED_EDGE ( 'NONE', *, *, #1872, .T. ) ;
#1523 = CARTESIAN_POINT ( 'NONE',  ( -14.20550632740206431, -6.465472867577819471, 53.41747089647812885 ) ) ;
#1524 = ORIENTED_EDGE ( 'NONE', *, *, #1000, .F. ) ;
#1525 = ORIENTED_EDGE ( 'NONE', *, *, #1296, .T. ) ;
#1526 = EDGE_CURVE ( 'NONE', #76, #1018, #5576, .T. ) ;
#1527 = CYLINDRICAL_SURFACE ( 'NONE', #3511, 0.8000000000000003775 ) ;
#1528 = EDGE_CURVE ( 'NONE', #4475, #1420, #5013, .T. ) ;
#1529 = ORIENTED_EDGE ( 'NONE', *, *, #3130, .F. ) ;
#1530 = DIRECTION ( 'NONE',  ( -1.404665511781869729E-14, 1.000000000000000000, 5.782411586589354089E-15 ) ) ;
#1531 = CARTESIAN_POINT ( 'NONE',  ( -12.32175379247676794, -8.065962385640846222, 9.959990499783282658 ) ) ;
#1532 = CYLINDRICAL_SURFACE ( 'NONE', #2099, 0.5000000000000004441 ) ;
#1533 = DIRECTION ( 'NONE',  ( 1.396452398161329869E-14, -1.000000000000000000, 0.000000000000000000 ) ) ;
#1534 = CIRCLE ( 'NONE', #2276, 0.8000000000000024869 ) ;
#1535 = CARTESIAN_POINT ( 'NONE',  ( -11.63632900744619647, -8.413513243241489192, 53.36742507126979973 ) ) ;
#1536 = VECTOR ( 'NONE', #3331, 1000.000000000000000 ) ;
#1537 = APPROVAL_PERSON_ORGANIZATION ( #2088, #795, #4719 ) ;
#1538 = LINE ( 'NONE', #3302, #56 ) ;
#1539 = CYLINDRICAL_SURFACE ( 'NONE', #1934, 0.5000000000000004441 ) ;
#1540 = EDGE_LOOP ( 'NONE', ( #2807, #5036 ) ) ;
#1541 = EDGE_CURVE ( 'NONE', #667, #5395, #765, .T. ) ;
#1542 = CARTESIAN_POINT ( 'NONE',  ( -13.51261004068445359, 14.89666307320297456, 9.660819759304375864 ) ) ;
#1543 = CARTESIAN_POINT ( 'NONE',  ( -32.68671935318106847, -47.56547286757842130, 100.9158666518603695 ) ) ;
#1544 = ORIENTED_EDGE ( 'NONE', *, *, #2311, .T. ) ;
#1545 = CARTESIAN_POINT ( 'NONE',  ( 0.9053168299987083278, 14.84392553656899949, 9.967474994723206194 ) ) ;
#1546 = CARTESIAN_POINT ( 'NONE',  ( 0.6761917974199078696, -7.363847894405479266, 53.08378446684564977 ) ) ;
#1547 = CARTESIAN_POINT ( 'NONE',  ( -3.815513575126563417, -17.56547286757802340, 37.51586665186152203 ) ) ;
#1548 = ORIENTED_EDGE ( 'NONE', *, *, #15, .F. ) ;
#1549 = DIRECTION ( 'NONE',  ( -1.401718565583457942E-14, 1.000000000000000000, 6.360652745248286106E-15 ) ) ;
#1550 = CARTESIAN_POINT ( 'NONE',  ( -13.11550506870403332, 12.43452713242201568, 42.91586665186058269 ) ) ;
#1551 = EDGE_CURVE ( 'NONE', #3147, #1672, #5209, .T. ) ;
#1552 = ORIENTED_EDGE ( 'NONE', *, *, #4510, .F. ) ;
#1553 = VERTEX_POINT ( 'NONE', #1665 ) ;
#1554 = DIRECTION ( 'NONE',  ( -0.9133818716278745420, 0.000000000000000000, -0.4071038646114296111 ) ) ;
#1555 =( BOUNDED_SURFACE ( )  B_SPLINE_SURFACE ( 3, 2, ( 
 ( #2740, #3654, #4938 ),
 ( #5359, #2249, #3225 ),
 ( #1411, #4464, #4106 ),
 ( #4006, #4031, #95 ),
 ( #3175, #4884, #5443 ),
 ( #41, #4520, #4547 ),
 ( #1818, #577, #1898 ),
 ( #1462, #5391, #146 ),
 ( #1843, #2348, #3118 ),
 ( #1351, #1379, #910 ),
 ( #3576, #2691, #3145 ),
 ( #5418, #4440, #66 ),
 ( #473, #1870, #939 ),
 ( #4965, #2716, #3604 ) ),
 .UNSPECIFIED., .F., .F., .T. ) 
 B_SPLINE_SURFACE_WITH_KNOTS ( ( 4, 2, 2, 2, 2, 2, 4 ),
 ( 3, 3 ),
 ( -2.385244779468109755E-17, 0.0005562520782786145200, 0.001112504156557252892, 0.001668756234835891156, 0.002225008313114529637, 0.003337512469671806165, 0.004450016626229082693 ),
 ( 0.000000000000000000, 1.000000000000000000 ),
 .UNSPECIFIED. ) 
 GEOMETRIC_REPRESENTATION_ITEM ( )  RATIONAL_B_SPLINE_SURFACE ( (
 ( 1.000000000000000000, 0.5810666501217875979, 1.000000000000000000),
 ( 1.000000000000000000, 0.5810676639877863092, 1.000000000000000000),
 ( 1.000000000000000000, 0.5823697860603370691, 1.000000000000000000),
 ( 1.000000000000000000, 0.5873299868849989336, 1.000000000000000000),
 ( 1.000000000000000000, 0.5910503768621869769, 1.000000000000000000),
 ( 1.000000000000000000, 0.6002644839670249199, 1.000000000000000000),
 ( 1.000000000000000000, 0.6057352103093875950, 1.000000000000000000),
 ( 1.000000000000000000, 0.6179376778897105460, 1.000000000000000000),
 ( 1.000000000000000000, 0.6246440614976643824, 1.000000000000000000),
 ( 1.000000000000000000, 0.6451681208919506361, 1.000000000000000000),
 ( 1.000000000000000000, 0.6597695718379372742, 1.000000000000000000),
 ( 1.000000000000000000, 0.6859353799851020117, 1.000000000000000000),
 ( 1.000000000000000000, 0.6978700830104399566, 1.000000000000000000),
 ( 1.000000000000000000, 0.7071067811865505703, 1.000000000000000000) ) ) 
 REPRESENTATION_ITEM ( '' )  SURFACE ( )  );
#1556 = EDGE_CURVE ( 'NONE', #5496, #244, #2468, .T. ) ;
#1557 = EDGE_CURVE ( 'NONE', #4369, #453, #1198, .T. ) ;
#1558 = ORIENTED_EDGE ( 'NONE', *, *, #1893, .F. ) ;
#1559 = AXIS2_PLACEMENT_3D ( 'NONE', #1774, #3934, #5724 ) ;
#1560 = DIRECTION ( 'NONE',  ( -1.000000000000000000, -1.387778780781444413E-14, 0.000000000000000000 ) ) ;
#1561 = DIRECTION ( 'NONE',  ( -1.404665511781869571E-14, 1.000000000000000000, 5.782411586589354878E-15 ) ) ;
#1562 = COORDINATED_UNIVERSAL_TIME_OFFSET ( 8, 0, .AHEAD. ) ;
#1563 = CARTESIAN_POINT ( 'NONE',  ( 16.28449561181089678, -35.56547286757773918, 100.9158666518603695 ) ) ;
#1564 = DIRECTION ( 'NONE',  ( 0.000000000000000000, -5.782411586589358822E-15, 1.000000000000000000 ) ) ;
#1565 = CARTESIAN_POINT ( 'NONE',  ( -12.21312001630072785, -8.160337564009257250, 54.09496831057361277 ) ) ;
#1566 = VECTOR ( 'NONE', #3351, 1000.000000000000000 ) ;
#1567 = B_SPLINE_CURVE_WITH_KNOTS ( 'NONE', 3,
 ( #3732, #4960, #2761, #1979, #1955, #3275, #2321, #1067, #4601, #5415, #3197, #143, #119, #1895, #3652, #2528, #3761, #762 ),
 .UNSPECIFIED., .F., .F.,
 ( 4, 2, 2, 2, 2, 2, 2, 2, 4 ),
 ( 0.000000000000000000, 0.0005727079395626493525, 0.001145415879125298705, 0.001718123818687947949, 0.002290831758250597410, 0.002863539697813246871, 0.003436247637375895898, 0.004008955576938545359, 0.004581663516501194820 ),
 .UNSPECIFIED. ) ;
#1568 = CIRCLE ( 'NONE', #1299, 2.000000000000000000 ) ;
#1569 = DIRECTION ( 'NONE',  ( 1.000000000000000000, 1.400510696201459836E-14, 0.000000000000000000 ) ) ;
#1570 = CARTESIAN_POINT ( 'NONE',  ( -13.42386760130649925, 14.87442715085982670, 53.31161775150244608 ) ) ;
#1571 = APPROVAL ( #4747, '未指定' ) ;
#1572 = CARTESIAN_POINT ( 'NONE',  ( -0.1155050687035076296, 14.63452713242212333, 42.91586665186059690 ) ) ;
#1573 = DIRECTION ( 'NONE',  ( -1.000000000000000000, -1.387778780781444413E-14, 0.000000000000000000 ) ) ;
#1574 = VERTEX_POINT ( 'NONE', #2504 ) ;
#1575 = EDGE_CURVE ( 'NONE', #3800, #2917, #1229, .T. ) ;
#1576 = CARTESIAN_POINT ( 'NONE',  ( 0.9546420637520557362, 15.00648207955705615, 9.674044449142803259 ) ) ;
#1577 = LINE ( 'NONE', #202, #5452 ) ;
#1578 = DIRECTION ( 'NONE',  ( -1.000000000000000000, -1.387778780781444413E-14, 0.000000000000000000 ) ) ;
#1579 = ORIENTED_EDGE ( 'NONE', *, *, #727, .T. ) ;
#1580 = FACE_OUTER_BOUND ( 'NONE', #2821, .T. ) ;
#1581 = VECTOR ( 'NONE', #3799, 1000.000000000000000 ) ;
#1582 = DIRECTION ( 'NONE',  ( 8.366024754528249718E-29, -5.955883934187037954E-15, 1.000000000000000000 ) ) ;
#1583 = AXIS2_PLACEMENT_3D ( 'NONE', #3022, #2091, #3849 ) ;
#1584 = ORIENTED_EDGE ( 'NONE', *, *, #637, .T. ) ;
#1585 = ORIENTED_EDGE ( 'NONE', *, *, #1256, .T. ) ;
#1586 = DIRECTION ( 'NONE',  ( -0.3247230962324583192, 0.000000000000000000, -0.9458091302018635238 ) ) ;
#1587 = CARTESIAN_POINT ( 'NONE',  ( 0.8844949312964618393, -6.465472867577807037, 10.04599939627818905 ) ) ;
#1588 = DIRECTION ( 'NONE',  ( 1.404665511781869729E-14, -1.000000000000000000, -5.782411586589354089E-15 ) ) ;
#1589 = ORIENTED_EDGE ( 'NONE', *, *, #4957, .T. ) ;
#1590 = DIRECTION ( 'NONE',  ( -1.404665511781869571E-14, 1.000000000000000000, 5.782411586589354089E-15 ) ) ;
#1591 = CARTESIAN_POINT ( 'NONE',  ( -12.11550506870390187, 12.43452713242192154, 43.91586665186058269 ) ) ;
#1592 = DIRECTION ( 'NONE',  ( -1.000000000000000000, -1.400789206851272044E-14, 2.360167994526271885E-16 ) ) ;
#1593 = CARTESIAN_POINT ( 'NONE',  ( -5.686719353181761250, 0.4345271324219524001, 31.51586665186033187 ) ) ;
#1594 = CARTESIAN_POINT ( 'NONE',  ( -13.81028392443621122, -7.888883410398535467, 53.56741390606554631 ) ) ;
#1595 = ORIENTED_EDGE ( 'NONE', *, *, #925, .T. ) ;
#1596 = EDGE_CURVE ( 'NONE', #4449, #5232, #3878, .T. ) ;
#1597 = DIRECTION ( 'NONE',  ( -0.2391535557498814246, 0.000000000000000000, 0.9709817592376225326 ) ) ;
#1598 = CARTESIAN_POINT ( 'NONE',  ( -37.18671935318173638, 0.4345271324215083109, 17.41586665186047966 ) ) ;
#1599 = CARTESIAN_POINT ( 'NONE',  ( -13.91550506870390791, 14.93452713242187180, 52.97188436900191277 ) ) ;
#1600 = CARTESIAN_POINT ( 'NONE',  ( -13.91550506870391324, 15.43452713242192331, 43.91586665186059690 ) ) ;
#1601 = EDGE_CURVE ( 'NONE', #287, #886, #1290, .T. ) ;
#1602 = AXIS2_PLACEMENT_3D ( 'NONE', #4488, #3173, #522 ) ;
#1603 = ORIENTED_EDGE ( 'NONE', *, *, #859, .F. ) ;
#1604 = AXIS2_PLACEMENT_3D ( 'NONE', #3195, #5322, #59 ) ;
#1605 = CARTESIAN_POINT ( 'NONE',  ( 1.642371509523975259, -7.723197905110708028, 53.84388729788288686 ) ) ;
#1606 = DIRECTION ( 'NONE',  ( 8.024708101613470763E-29, -5.782411586589354089E-15, 1.000000000000000000 ) ) ;
#1607 = ORIENTED_EDGE ( 'NONE', *, *, #2311, .F. ) ;
#1608 = DIRECTION ( 'NONE',  ( 1.000000000000000000, 1.387778780781445360E-14, 0.000000000000000000 ) ) ;
#1609 = AXIS2_PLACEMENT_3D ( 'NONE', #2609, #3528, #888 ) ;
#1610 = DIRECTION ( 'NONE',  ( -1.396452398161329869E-14, 1.000000000000000000, -0.000000000000000000 ) ) ;
#1611 = EDGE_CURVE ( 'NONE', #3871, #2236, #4710, .T. ) ;
#1612 = VERTEX_POINT ( 'NONE', #3886 ) ;
#1613 = ORIENTED_EDGE ( 'NONE', *, *, #2480, .F. ) ;
#1614 = CARTESIAN_POINT ( 'NONE',  ( -37.18671935318123190, -35.56547286757849236, 46.61586665186048606 ) ) ;
#1615 = DIRECTION ( 'NONE',  ( -1.400789206851272044E-14, 1.000000000000000000, 0.000000000000000000 ) ) ;
#1616 = AXIS2_PLACEMENT_3D ( 'NONE', #1962, #3740, #5527 ) ;
#1617 = CARTESIAN_POINT ( 'NONE',  ( 1.830647034336471579, 15.43452713242216845, 39.92181401409186492 ) ) ;
#1618 = ORIENTED_EDGE ( 'NONE', *, *, #5509, .T. ) ;
#1619 = AXIS2_PLACEMENT_3D ( 'NONE', #4785, #2972, #4281 ) ;
#1620 = CARTESIAN_POINT ( 'NONE',  ( 1.684494931294914455, 15.43452713242209029, 52.98573390744289924 ) ) ;
#1621 = CARTESIAN_POINT ( 'NONE',  ( -13.08843624715633069, -6.879788543388846378, 9.184282744815860156 ) ) ;
#1622 = CARTESIAN_POINT ( 'NONE',  ( 4.966548987767096436E-13, -35.56547286757796655, 0.000000000000000000 ) ) ;
#1623 = DIRECTION ( 'NONE',  ( -1.000000000000000000, -1.396544670686648865E-14, 0.000000000000000000 ) ) ;
#1624 = DIRECTION ( 'NONE',  ( 0.000000000000000000, 5.782411586589354089E-15, -1.000000000000000000 ) ) ;
#1625 = ORIENTED_EDGE ( 'NONE', *, *, #3910, .F. ) ;
#1626 = CARTESIAN_POINT ( 'NONE',  ( -32.68671935317995292, -127.2964486156975283, 100.9158666518603695 ) ) ;
#1627 = DIRECTION ( 'NONE',  ( 0.000000000000000000, 1.000000000000000000, 6.938893903907222067E-15 ) ) ;
#1628 = DIRECTION ( 'NONE',  ( -0.000000000000000000, 0.000000000000000000, -1.000000000000000000 ) ) ;
#1629 = CARTESIAN_POINT ( 'NONE',  ( -14.76551357512615503, -46.56547286757819393, 37.51586665186149361 ) ) ;
#1630 = AXIS2_PLACEMENT_3D ( 'NONE', #317, #3858, #1101 ) ;
#1631 = EDGE_CURVE ( 'NONE', #1820, #495, #5679, .T. ) ;
#1632 = VECTOR ( 'NONE', #71, 1000.000000000000000 ) ;
#1633 = ORIENTED_EDGE ( 'NONE', *, *, #4906, .F. ) ;
#1634 = DIRECTION ( 'NONE',  ( -0.4071038646114296111, 6.881588521593871506E-16, -0.9133818716278745420 ) ) ;
#1635 = CARTESIAN_POINT ( 'NONE',  ( -22.15839828751676066, 17.93452713242188423, 30.64470820415653307 ) ) ;
#1636 = VECTOR ( 'NONE', #469, 1000.000000000000000 ) ;
#1637 = DIRECTION ( 'NONE',  ( 0.000000000000000000, 1.000000000000000000, 5.955883934187037954E-15 ) ) ;
#1638 = EDGE_LOOP ( 'NONE', ( #4152, #1993, #3950 ) ) ;
#1639 = CARTESIAN_POINT ( 'NONE',  ( 12.42550038474285579, 12.43452713242227325, 42.91586665186058269 ) ) ;
#1640 = EDGE_CURVE ( 'NONE', #3708, #3229, #2859, .T. ) ;
#1641 = DIRECTION ( 'NONE',  ( -1.000000000000000000, -1.400789206851271887E-14, -5.012361748854192143E-12 ) ) ;
#1642 = ORIENTED_EDGE ( 'NONE', *, *, #5193, .T. ) ;
#1643 = ORIENTED_EDGE ( 'NONE', *, *, #1009, .T. ) ;
#1644 = DIRECTION ( 'NONE',  ( -1.396452398161329869E-14, 1.000000000000000000, -0.000000000000000000 ) ) ;
#1645 = DIRECTION ( 'NONE',  ( 1.404665511781869571E-14, -1.000000000000000000, -5.782411586589354878E-15 ) ) ;
#1646 = AXIS2_PLACEMENT_3D ( 'NONE', #1547, #1362, #233 ) ;
#1647 = ADVANCED_FACE ( 'NONE', ( #2594 ), #3776, .T. ) ;
#1648 = ADVANCED_FACE ( 'NONE', ( #286 ), #2301, .T. ) ;
#1649 = LINE ( 'NONE', #2545, #1681 ) ;
#1650 = AXIS2_PLACEMENT_3D ( 'NONE', #3286, #3743, #2357 ) ;
#1651 = EDGE_CURVE ( 'NONE', #1323, #3864, #3058, .T. ) ;
#1652 = ORIENTED_EDGE ( 'NONE', *, *, #72, .T. ) ;
#1653 = DIRECTION ( 'NONE',  ( 0.000000000000000000, -0.000000000000000000, 1.000000000000000000 ) ) ;
#1654 = ADVANCED_FACE ( 'NONE', ( #4214 ), #5640, .T. ) ;
#1655 = CARTESIAN_POINT ( 'NONE',  ( -12.94349610373334336, -7.310037860005338395, 9.145371180162150893 ) ) ;
#1656 = CARTESIAN_POINT ( 'NONE',  ( -35.18671935318172928, 0.4345271324215360664, 19.41586665186047966 ) ) ;
#1657 = DIRECTION ( 'NONE',  ( 1.000000000000000000, 1.387778780781444413E-14, 0.000000000000000000 ) ) ;
#1659 = VECTOR ( 'NONE', #4518, 1000.000000000000000 ) ;
#1658 = CARTESIAN_POINT ( 'NONE',  ( -23.36550506870327126, 16.72742035123531679, 32.64470820415652241 ) ) ;
#1660 = ORIENTED_EDGE ( 'NONE', *, *, #5159, .T. ) ;
#1661 = CARTESIAN_POINT ( 'NONE',  ( -22.51195167811004083, 18.28808052301513953, 32.64470820415652241 ) ) ;
#1662 = CARTESIAN_POINT ( 'NONE',  ( -13.21647591798396704, 15.03742222005965168, 52.82297002686594567 ) ) ;
#1663 = CIRCLE ( 'NONE', #822, 2.450000000000000622 ) ;
#1664 = CYLINDRICAL_SURFACE ( 'NONE', #3097, 0.5000000000000004441 ) ;
#1665 = CARTESIAN_POINT ( 'NONE',  ( -11.30682791330380610, -9.265472867577804195, 8.697795309776342521 ) ) ;
#1666 = CIRCLE ( 'NONE', #3691, 1.000000000000000888 ) ;
#1667 = CIRCLE ( 'NONE', #359, 0.5000000000000004441 ) ;
#1668 = ORIENTED_EDGE ( 'NONE', *, *, #5509, .F. ) ;
#1669 = CARTESIAN_POINT ( 'NONE',  ( 1.192857463899317905, 14.87442715086032763, 9.406266013776493295 ) ) ;
#1670 = CARTESIAN_POINT ( 'NONE',  ( 16.28449561181088612, -35.56547286757773918, -27.88413334813953526 ) ) ;
#1671 = CARTESIAN_POINT ( 'NONE',  ( -1.115505068703850799, -6.465472867577807925, 20.11586665186006684 ) ) ;
#1672 = VERTEX_POINT ( 'NONE', #3815 ) ;
#1673 = CARTESIAN_POINT ( 'NONE',  ( 11.48712623399614152, 12.43452713242235141, 28.51586664685443040 ) ) ;
#1674 = AXIS2_PLACEMENT_3D ( 'NONE', #5215, #293, #1705 ) ;
#1675 = CARTESIAN_POINT ( 'NONE',  ( 11.48712623399609889, 14.93452713242233720, 34.51586664685444106 ) ) ;
#1676 = ORIENTED_EDGE ( 'NONE', *, *, #2574, .F. ) ;
#1677 = EDGE_LOOP ( 'NONE', ( #557, #391, #4699, #4923 ) ) ;
#1678 = DIRECTION ( 'NONE',  ( -1.000000000000000000, -1.396452398161329869E-14, 0.000000000000000000 ) ) ;
#1679 = DIRECTION ( 'NONE',  ( -1.000000000000000000, -2.312964634635742957E-16, 8.182551283185372052E-29 ) ) ;
#1680 = EDGE_CURVE ( 'NONE', #4572, #5056, #5550, .T. ) ;
#1681 = VECTOR ( 'NONE', #446, 1000.000000000000000 ) ;
#1682 = DIRECTION ( 'NONE',  ( 1.000000000000000000, 1.416100796715762342E-14, 0.000000000000000000 ) ) ;
#1683 = AXIS2_PLACEMENT_3D ( 'NONE', #3893, #4356, #3924 ) ;
#1684 = EDGE_CURVE ( 'NONE', #5722, #1117, #3408, .T. ) ;
#1685 = ORIENTED_EDGE ( 'NONE', *, *, #1858, .T. ) ;
#1686 = ADVANCED_FACE ( 'NONE', ( #785 ), #2461, .T. ) ;
#1687 = CARTESIAN_POINT ( 'NONE',  ( -25.83219030821270934, 0.4345271324216679054, 19.41586665186047611 ) ) ;
#1688 = CARTESIAN_POINT ( 'NONE',  ( 12.88449493129608747, 12.43452713242232655, 35.01586664685443395 ) ) ;
#1689 = COORDINATED_UNIVERSAL_TIME_OFFSET ( 8, 0, .AHEAD. ) ;
#1690 = DIRECTION ( 'NONE',  ( 1.000000000000000000, 1.396452398161329869E-14, 0.000000000000000000 ) ) ;
#1691 = LINE ( 'NONE', #757, #4515 ) ;
#1692 = CARTESIAN_POINT ( 'NONE',  ( -32.68671935318114663, -43.56547286757842841, -27.88413334813953526 ) ) ;
#1693 = EDGE_CURVE ( 'NONE', #3307, #3621, #1691, .T. ) ;
#1694 = ORIENTED_EDGE ( 'NONE', *, *, #5477, .F. ) ;
#1695 = AXIS2_PLACEMENT_3D ( 'NONE', #4548, #3252, #1463 ) ;
#1696 = DIRECTION ( 'NONE',  ( 1.000000000000000000, 1.404665511781869571E-14, -3.070307129577856975E-16 ) ) ;
#1697 = FACE_OUTER_BOUND ( 'NONE', #2054, .T. ) ;
#1698 = LINE ( 'NONE', #2067, #3648 ) ;
#1699 = CARTESIAN_POINT ( 'NONE',  ( 3.634494931297031606, -5.065930435712743041, 31.51586664685432382 ) ) ;
#1700 = VERTEX_POINT ( 'NONE', #3450 ) ;
#1701 = FACE_OUTER_BOUND ( 'NONE', #3466, .T. ) ;
#1702 = DIRECTION ( 'NONE',  ( -1.400789206851271413E-14, 1.000000000000000000, 4.356926556559735285E-30 ) ) ;
#1703 = DIRECTION ( 'NONE',  ( -8.320308772263069674E-29, 5.955883934187037954E-15, -1.000000000000000000 ) ) ;
#1704 = VERTEX_POINT ( 'NONE', #5228 ) ;
#1705 = DIRECTION ( 'NONE',  ( -1.000000000000000000, -1.412425262204650104E-14, 0.000000000000000000 ) ) ;
#1706 = DIRECTION ( 'NONE',  ( 1.396452398161329869E-14, -1.000000000000000000, 0.000000000000000000 ) ) ;
#1707 = VERTEX_POINT ( 'NONE', #1219 ) ;
#1708 = VERTEX_POINT ( 'NONE', #4628 ) ;
#1709 = CARTESIAN_POINT ( 'NONE',  ( -0.1155050687035071300, 12.43452713242209562, 43.91586665186058269 ) ) ;
#1710 = CARTESIAN_POINT ( 'NONE',  ( -23.36550506870325350, 15.43452713242187357, 29.64470820415651531 ) ) ;
#1711 = VECTOR ( 'NONE', #3093, 1000.000000000000000 ) ;
#1712 = EDGE_LOOP ( 'NONE', ( #418, #2984, #3699, #1846 ) ) ;
#1713 = ADVANCED_FACE ( 'NONE', ( #5167 ), #5100, .T. ) ;
#1714 = ORIENTED_EDGE ( 'NONE', *, *, #2641, .F. ) ;
#1715 = LINE ( 'NONE', #4450, #1941 ) ;
#1716 = CARTESIAN_POINT ( 'NONE',  ( -20.86550506870325350, 15.43452713242190910, 29.64470820415651175 ) ) ;
#1717 = CARTESIAN_POINT ( 'NONE',  ( -0.1155050687038248342, 14.63452713242226189, 19.11586664184828521 ) ) ;
#1718 = LINE ( 'NONE', #968, #4123 ) ;
#1719 = DIRECTION ( 'NONE',  ( 1.396452398161329869E-14, -1.000000000000000000, -0.000000000000000000 ) ) ;
#1720 = ORIENTED_EDGE ( 'NONE', *, *, #2606, .T. ) ;
#1721 = ORIENTED_EDGE ( 'NONE', *, *, #1945, .F. ) ;
#1722 = CARTESIAN_POINT ( 'NONE',  ( -13.11550506870390365, 14.63452713242211622, 10.35984893471933432 ) ) ;
#1723 = EDGE_CURVE ( 'NONE', #4549, #1445, #658, .T. ) ;
#1724 = DIRECTION ( 'NONE',  ( -1.097100319163247187E-16, 5.782411586589352511E-15, -1.000000000000000000 ) ) ;
#1725 = DIRECTION ( 'NONE',  ( -1.000000000000000000, -1.404665511781869413E-14, -8.122354130609953751E-29 ) ) ;
#1726 = EDGE_CURVE ( 'NONE', #394, #5480, #3234, .T. ) ;
#1727 = CARTESIAN_POINT ( 'NONE',  ( -13.91550506870549953, 14.93452713242211871, 10.35984893471933610 ) ) ;
#1728 = DIRECTION ( 'NONE',  ( 9.712844633365195303E-17, 2.246546613868526491E-32, 1.000000000000000000 ) ) ;
#1729 = FACE_BOUND ( 'NONE', #1987, .T. ) ;
#1730 = CARTESIAN_POINT ( 'NONE',  ( -22.36550506870331390, 18.43452713242205832, 1.065960232838132064E-13 ) ) ;
#1731 = ORIENTED_EDGE ( 'NONE', *, *, #4494, .T. ) ;
#1732 = LINE ( 'NONE', #1289, #1711 ) ;
#1733 = VECTOR ( 'NONE', #5158, 1000.000000000000000 ) ;
#1734 = AXIS2_PLACEMENT_3D ( 'NONE', #1670, #1318, #3090 ) ;
#1735 = DIRECTION ( 'NONE',  ( -1.000000000000000000, -1.156482317317871607E-14, 0.000000000000000000 ) ) ;
#1736 = ORIENTED_EDGE ( 'NONE', *, *, #1985, .F. ) ;
#1737 = AXIS2_PLACEMENT_3D ( 'NONE', #3425, #2405, #2093 ) ;
#1738 = ORIENTED_EDGE ( 'NONE', *, *, #424, .T. ) ;
#1739 = FACE_OUTER_BOUND ( 'NONE', #4089, .T. ) ;
#1740 = CARTESIAN_POINT ( 'NONE',  ( 0.09763254002063001535, -8.076336694907377378, 9.697186206519308627 ) ) ;
#1741 = ADVANCED_FACE ( 'NONE', ( #2431 ), #4749, .T. ) ;
#1742 = VERTEX_POINT ( 'NONE', #2090 ) ;
#1743 = ORIENTED_EDGE ( 'NONE', *, *, #3630, .T. ) ;
#1744 = VERTEX_POINT ( 'NONE', #279 ) ;
#1745 = FACE_OUTER_BOUND ( 'NONE', #989, .T. ) ;
#1746 = AXIS2_PLACEMENT_3D ( 'NONE', #833, #2610, #4360 ) ;
#1747 = CARTESIAN_POINT ( 'NONE',  ( -20.86550506870328903, 17.93452713242190555, 30.14470820415652597 ) ) ;
#1748 = CARTESIAN_POINT ( 'NONE',  ( -13.11550506870390365, 14.63452713242206649, 19.11586664184828877 ) ) ;
#1749 = EDGE_CURVE ( 'NONE', #4946, #4300, #2896, .T. ) ;
#1750 = LINE ( 'NONE', #5607, #2702 ) ;
#1751 = ORIENTED_EDGE ( 'NONE', *, *, #3625, .T. ) ;
#1752 = ORIENTED_EDGE ( 'NONE', *, *, #3358, .T. ) ;
#1753 = CARTESIAN_POINT ( 'NONE',  ( -13.44687591860318321, 15.43452713242211516, 10.05984893471934072 ) ) ;
#1754 = ADVANCED_FACE ( 'NONE', ( #690 ), #4658, .F. ) ;
#1755 = DIRECTION ( 'NONE',  ( -0.000000000000000000, -0.000000000000000000, 1.000000000000000000 ) ) ;
#1756 = EDGE_CURVE ( 'NONE', #3106, #5245, #5199, .T. ) ;
#1757 = ORIENTED_EDGE ( 'NONE', *, *, #187, .F. ) ;
#1758 = CYLINDRICAL_SURFACE ( 'NONE', #3746, 2.449999999999993960 ) ;
#1759 = CARTESIAN_POINT ( 'NONE',  ( 16.28449561181101046, -43.56547286757773918, 90.91586665186036953 ) ) ;
#1760 = VECTOR ( 'NONE', #5251, 1000.000000000000000 ) ;
#1761 = CARTESIAN_POINT ( 'NONE',  ( -13.11550506870390365, -6.603669270546115300, 52.67188436900227799 ) ) ;
#1762 = ORIENTED_EDGE ( 'NONE', *, *, #1026, .F. ) ;
#1763 = LINE ( 'NONE', #2658, #3459 ) ;
#1764 = VECTOR ( 'NONE', #336, 1000.000000000000000 ) ;
#1765 = CARTESIAN_POINT ( 'NONE',  ( 10.83449561181088505, -35.56547286757781734, -27.88413334813953526 ) ) ;
#1766 = VECTOR ( 'NONE', #3847, 1000.000000000000000 ) ;
#1767 = AXIS2_PLACEMENT_3D ( 'NONE', #3646, #2366, #3162 ) ;
#1768 = ORIENTED_EDGE ( 'NONE', *, *, #3299, .T. ) ;
#1769 = DIRECTION ( 'NONE',  ( -1.000000000000000000, -1.387778780781444413E-14, 0.000000000000000000 ) ) ;
#1770 = FACE_OUTER_BOUND ( 'NONE', #4918, .T. ) ;
#1771 = AXIS2_PLACEMENT_3D ( 'NONE', #3403, #2104, #3467 ) ;
#1772 = ORIENTED_EDGE ( 'NONE', *, *, #3855, .T. ) ;
#1773 = EDGE_LOOP ( 'NONE', ( #1002, #4066, #4136, #824 ) ) ;
#1774 = CARTESIAN_POINT ( 'NONE',  ( -23.36550506870327126, 16.72742035123532744, 30.64470820415652597 ) ) ;
#1775 = DIRECTION ( 'NONE',  ( -1.404665511781869571E-14, 1.000000000000000000, 5.782411586589354089E-15 ) ) ;
#1776 = FACE_OUTER_BOUND ( 'NONE', #640, .T. ) ;
#1777 = VERTEX_POINT ( 'NONE', #2030 ) ;
#1778 = ORIENTED_EDGE ( 'NONE', *, *, #4637, .T. ) ;
#1779 = DIRECTION ( 'NONE',  ( 1.400789206851272044E-14, -1.000000000000000000, -0.000000000000000000 ) ) ;
#1780 = CARTESIAN_POINT ( 'NONE',  ( -12.11550506870390187, 14.63452713242194925, 43.91586665186059690 ) ) ;
#1781 = EDGE_CURVE ( 'NONE', #4198, #1237, #2222, .T. ) ;
#1782 = EDGE_CURVE ( 'NONE', #1777, #2365, #1666, .T. ) ;
#1783 = CARTESIAN_POINT ( 'NONE',  ( -13.11550506870390187, 12.43452713242198904, 31.51586664685442685 ) ) ;
#1784 = AXIS2_PLACEMENT_3D ( 'NONE', #1197, #1725, #4313 ) ;
#1785 =( BOUNDED_CURVE ( )  B_SPLINE_CURVE ( 3, ( #4994, #5470, #3278, #4605 ),
 .UNSPECIFIED., .F., .T. ) 
 B_SPLINE_CURVE_WITH_KNOTS ( ( 4, 4 ),
 ( 4.712388980384695891, 6.283185307179586232 ),
 .UNSPECIFIED. ) 
 CURVE ( )  GEOMETRIC_REPRESENTATION_ITEM ( )  RATIONAL_B_SPLINE_CURVE ( ( 1.000000000000000000, 0.8047378541243663808, 0.8047378541243663808, 1.000000000000000000 ) ) 
 REPRESENTATION_ITEM ( '' )  );
#1786 = DIRECTION ( 'NONE',  ( 1.000000000000000000, 0.000000000000000000, 0.000000000000000000 ) ) ;
#1787 = CARTESIAN_POINT ( 'NONE',  ( 10.83449561181094190, -38.56547286757781734, 90.91586665186036953 ) ) ;
#1788 = CARTESIAN_POINT ( 'NONE',  ( -34.18671935318114663, -43.56547286757844972, 90.91586665186036953 ) ) ;
#1789 = ORIENTED_EDGE ( 'NONE', *, *, #1325, .T. ) ;
#1790 = FACE_OUTER_BOUND ( 'NONE', #5161, .T. ) ;
#1791 = EDGE_CURVE ( 'NONE', #1811, #1072, #4427, .T. ) ;
#1792 = FACE_OUTER_BOUND ( 'NONE', #4379, .T. ) ;
#1793 = LINE ( 'NONE', #3605, #3313 ) ;
#1794 = TOROIDAL_SURFACE ( 'NONE', #5015, 0.3000000000000000444, 0.5000000000000000000 ) ;
#1795 = ORIENTED_EDGE ( 'NONE', *, *, #4324, .F. ) ;
#1796 = DIRECTION ( 'NONE',  ( -1.396452398161330027E-14, 1.000000000000000000, -0.000000000000000000 ) ) ;
#1797 = DIRECTION ( 'NONE',  ( -1.000000000000000000, -1.398620802506299458E-14, 0.000000000000000000 ) ) ;
#1798 = EDGE_CURVE ( 'NONE', #3293, #3837, #4696, .T. ) ;
#1799 = ORIENTED_EDGE ( 'NONE', *, *, #4728, .T. ) ;
#1800 = ORIENTED_EDGE ( 'NONE', *, *, #998, .F. ) ;
#1801 = AXIS2_PLACEMENT_3D ( 'NONE', #2136, #5654, #5557 ) ;
#1802 = DIRECTION ( 'NONE',  ( 1.387778780781444413E-14, -1.000000000000000000, 0.000000000000000000 ) ) ;
#1803 = AXIS2_PLACEMENT_3D ( 'NONE', #2591, #380, #4784 ) ;
#1804 = DIRECTION ( 'NONE',  ( -1.000000000000000000, -1.413947154500601891E-14, 0.000000000000000000 ) ) ;
#1805 = CYLINDRICAL_SURFACE ( 'NONE', #3240, 2.000000000000000000 ) ;
#1806 = VECTOR ( 'NONE', #4832, 1000.000000000000000 ) ;
#1807 = ORIENTED_EDGE ( 'NONE', *, *, #5373, .T. ) ;
#1808 = ORIENTED_EDGE ( 'NONE', *, *, #5265, .T. ) ;
#1809 = LINE ( 'NONE', #378, #3490 ) ;
#1810 = DIRECTION ( 'NONE',  ( -1.000000000000000000, 0.000000000000000000, 4.336808689942015369E-15 ) ) ;
#1811 = VERTEX_POINT ( 'NONE', #1572 ) ;
#1812 = CARTESIAN_POINT ( 'NONE',  ( 1.684494931299088893, 14.93452713242234431, 9.245999396278337557 ) ) ;
#1813 = DIRECTION ( 'NONE',  ( 1.000000000000000000, 0.000000000000000000, 0.000000000000000000 ) ) ;
#1814 = CARTESIAN_POINT ( 'NONE',  ( -31.18671935318114308, -43.56547286757840709, -27.88413334813953526 ) ) ;
#1815 = ORIENTED_EDGE ( 'NONE', *, *, #504, .T. ) ;
#1816 = LINE ( 'NONE', #4857, #3816 ) ;
#1817 = EDGE_CURVE ( 'NONE', #4549, #3723, #3709, .T. ) ;
#1818 = CARTESIAN_POINT ( 'NONE',  ( 1.552461066583613825, -7.883218428718222981, 9.158388997054922598 ) ) ;
#1819 = CARTESIAN_POINT ( 'NONE',  ( -9.815513575126123769, -47.56547286757810156, 31.51586665186150427 ) ) ;
#1820 = VERTEX_POINT ( 'NONE', #198 ) ;
#1821 = CARTESIAN_POINT ( 'NONE',  ( -23.86550506870326060, 15.93452713242185936, 30.64470820415652241 ) ) ;
#1822 = DIRECTION ( 'NONE',  ( -1.396452398161329869E-14, 1.000000000000000000, -0.000000000000000000 ) ) ;
#1823 = AXIS2_PLACEMENT_3D ( 'NONE', #3248, #3599, #2373 ) ;
#1824 = DIRECTION ( 'NONE',  ( -1.404665511781869571E-14, 1.000000000000000000, 5.782411586589354089E-15 ) ) ;
#1825 = VECTOR ( 'NONE', #4491, 1000.000000000000000 ) ;
#1826 = CIRCLE ( 'NONE', #2562, 3.000000000000000888 ) ;
#1827 = ORIENTED_EDGE ( 'NONE', *, *, #1409, .T. ) ;
#1828 = ORIENTED_EDGE ( 'NONE', *, *, #2517, .T. ) ;
#1829 = CARTESIAN_POINT ( 'NONE',  ( 1.475096467529598998, 15.41370520902426122, 53.27792568616884950 ) ) ;
#1830 = DIRECTION ( 'NONE',  ( -8.122354130609947025E-29, 5.782411586589354089E-15, -1.000000000000000000 ) ) ;
#1831 = EDGE_LOOP ( 'NONE', ( #1366, #3667, #928, #4073 ) ) ;
#1832 = EDGE_CURVE ( 'NONE', #3672, #4725, #5076, .T. ) ;
#1833 = VERTEX_POINT ( 'NONE', #5104 ) ;
#1834 = DIRECTION ( 'NONE',  ( 0.9073902374670399507, 1.259256917444993871E-14, -0.4202891349410654565 ) ) ;
#1835 = AXIS2_PLACEMENT_3D ( 'NONE', #5500, #2386, #1906 ) ;
#1836 = CARTESIAN_POINT ( 'NONE',  ( -13.11550506870390365, 12.43452713242216667, 19.11586664184827455 ) ) ;
#1837 = CARTESIAN_POINT ( 'NONE',  ( 0.8844949312956800203, 15.10315628252385523, 9.870263464990243207 ) ) ;
#1838 = DIRECTION ( 'NONE',  ( -7.417683851908123543E-16, -1.035844240379966874E-29, 1.000000000000000000 ) ) ;
#1839 = DIRECTION ( 'NONE',  ( 0.000000000000000000, 1.000000000000000000, 8.673617379884030739E-15 ) ) ;
#1840 = CARTESIAN_POINT ( 'NONE',  ( -12.10305579456674252, -8.223139790695990214, 53.17259490243124276 ) ) ;
#1841 = ORIENTED_EDGE ( 'NONE', *, *, #3986, .F. ) ;
#1842 = DIRECTION ( 'NONE',  ( -1.000000000000000000, -1.387778780781444413E-14, 0.000000000000000000 ) ) ;
#1843 = CARTESIAN_POINT ( 'NONE',  ( 1.216458828322604546, -8.329793565372593633, 9.052215697207339318 ) ) ;
#1844 = FACE_OUTER_BOUND ( 'NONE', #4633, .T. ) ;
#1845 = AXIS2_PLACEMENT_3D ( 'NONE', #856, #1610, #885 ) ;
#1846 = ORIENTED_EDGE ( 'NONE', *, *, #4088, .T. ) ;
#1847 = AXIS2_PLACEMENT_3D ( 'NONE', #3587, #1880, #1910 ) ;
#1848 = ORIENTED_EDGE ( 'NONE', *, *, #2277, .T. ) ;
#1849 = DIRECTION ( 'NONE',  ( 1.000000000000000000, 1.404665511781869729E-14, -1.445602896646525897E-16 ) ) ;
#1850 = DIRECTION ( 'NONE',  ( 1.000000000000000000, 1.387778780781444413E-14, 0.000000000000000000 ) ) ;
#1851 = CARTESIAN_POINT ( 'NONE',  ( -22.15839828751676777, 18.43452713242188423, 30.64470820415653307 ) ) ;
#1852 = ORIENTED_EDGE ( 'NONE', *, *, #970, .T. ) ;
#1853 = ORIENTED_EDGE ( 'NONE', *, *, #436, .T. ) ;
#1854 = ADVANCED_FACE ( 'NONE', ( #732 ), #4499, .T. ) ;
#1855 = AXIS2_PLACEMENT_3D ( 'NONE', #3086, #5676, #929 ) ;
#1856 = CARTESIAN_POINT ( 'NONE',  ( 0.8844949312957077758, 14.67380409362593063, 53.09047247065308994 ) ) ;
#1857 = DIRECTION ( 'NONE',  ( -1.404665511781869571E-14, 1.000000000000000000, 5.782411586589354089E-15 ) ) ;
#1858 = EDGE_CURVE ( 'NONE', #1820, #4108, #166, .T. ) ;
#1859 = VERTEX_POINT ( 'NONE', #694 ) ;
#1860 = ORIENTED_EDGE ( 'NONE', *, *, #504, .F. ) ;
#1861 = CARTESIAN_POINT ( 'NONE',  ( -13.79587218248637903, -7.912278285358341101, 9.459007182014723014 ) ) ;
#1862 = CARTESIAN_POINT ( 'NONE',  ( 0.3739184842871535741, -7.806495379305225413, 53.21841360710006796 ) ) ;
#1863 = VECTOR ( 'NONE', #2600, 1000.000000000000000 ) ;
#1864 = CIRCLE ( 'NONE', #2233, 1.500000000000001332 ) ;
#1865 = DIRECTION ( 'NONE',  ( 1.396989743957924894E-14, -1.000000000000000000, -0.000000000000000000 ) ) ;
#1866 = AXIS2_PLACEMENT_3D ( 'NONE', #353, #4767, #389 ) ;
#1867 = DIRECTION ( 'NONE',  ( 1.396452398161329869E-14, -1.000000000000000000, 0.000000000000000000 ) ) ;
#1868 = ORIENTED_EDGE ( 'NONE', *, *, #2074, .F. ) ;
#1869 = CYLINDRICAL_SURFACE ( 'NONE', #397, 1.049999999999999822 ) ;
#1870 = CARTESIAN_POINT ( 'NONE',  ( -0.6724315394302670112, -8.444157334920406655, 8.555252826546629663 ) ) ;
#1871 = CYLINDRICAL_SURFACE ( 'NONE', #5406, 1.000000000000000888 ) ;
#1872 = EDGE_CURVE ( 'NONE', #3908, #2572, #2395, .T. ) ;
#1873 = ORIENTED_EDGE ( 'NONE', *, *, #5070, .F. ) ;
#1874 = ORIENTED_EDGE ( 'NONE', *, *, #4183, .T. ) ;
#1875 = DIRECTION ( 'NONE',  ( -1.396452398161329869E-14, 1.000000000000000000, 0.000000000000000000 ) ) ;
#1876 = FACE_OUTER_BOUND ( 'NONE', #2706, .T. ) ;
#1877 = CARTESIAN_POINT ( 'NONE',  ( -32.68671935318126032, -35.56547286757842841, 90.91586665186036953 ) ) ;
#1878 = VERTEX_POINT ( 'NONE', #5518 ) ;
#1879 = VERTEX_POINT ( 'NONE', #256 ) ;
#1880 = DIRECTION ( 'NONE',  ( -1.404665511781869571E-14, 1.000000000000000000, 5.782411586589354089E-15 ) ) ;
#1881 = ADVANCED_FACE ( 'NONE', ( #2436 ), #4191, .T. ) ;
#1882 = ORIENTED_EDGE ( 'NONE', *, *, #5330, .F. ) ;
#1883 = AXIS2_PLACEMENT_3D ( 'NONE', #5090, #2888, #1678 ) ;
#1884 = AXIS2_PLACEMENT_3D ( 'NONE', #1010, #2734, #1810 ) ;
#1885 = ORIENTED_EDGE ( 'NONE', *, *, #3744, .T. ) ;
#1886 = DIRECTION ( 'NONE',  ( -2.312964634635738027E-16, 1.000000000000000000, 5.782411586589354089E-15 ) ) ;
#1887 = EDGE_CURVE ( 'NONE', #3887, #377, #224, .T. ) ;
#1888 = FACE_OUTER_BOUND ( 'NONE', #1005, .T. ) ;
#1889 = AXIS2_PLACEMENT_3D ( 'NONE', #3230, #1904, #2383 ) ;
#1890 = CARTESIAN_POINT ( 'NONE',  ( 16.28449561181099625, -43.56547286757773918, -27.88413334813953526 ) ) ;
#1891 = AXIS2_PLACEMENT_3D ( 'NONE', #4868, #5225, #458 ) ;
#1892 = ADVANCED_FACE ( 'NONE', ( #5261 ), #5614, .F. ) ;
#1893 = EDGE_CURVE ( 'NONE', #2891, #3287, #4372, .T. ) ;
#1894 = FACE_OUTER_BOUND ( 'NONE', #3970, .T. ) ;
#1895 = CARTESIAN_POINT ( 'NONE',  ( -14.04573221262934091, -7.401188616370692586, 53.47910022345332237 ) ) ;
#1896 = ORIENTED_EDGE ( 'NONE', *, *, #2105, .F. ) ;
#1897 = EDGE_CURVE ( 'NONE', #3715, #3429, #4292, .T. ) ;
#1898 = CARTESIAN_POINT ( 'NONE',  ( 0.6141563243706326114, -7.478148268050989422, 9.919494618639351557 ) ) ;
#1899 = DIRECTION ( 'NONE',  ( -1.000000000000000000, -1.387778780781444413E-14, 0.000000000000000000 ) ) ;
#1900 = AXIS2_PLACEMENT_3D ( 'NONE', #5208, #1228, #2559 ) ;
#1901 = EDGE_LOOP ( 'NONE', ( #3653, #621, #4171, #1140 ) ) ;
#1902 = ORIENTED_EDGE ( 'NONE', *, *, #5689, .T. ) ;
#1903 = ADVANCED_FACE ( 'NONE', ( #3394 ), #1664, .T. ) ;
#1904 = DIRECTION ( 'NONE',  ( -1.396452398161329869E-14, 1.000000000000000000, 0.000000000000000000 ) ) ;
#1905 = CARTESIAN_POINT ( 'NONE',  ( 10.83449561181089926, -35.56547286757781734, 90.91586665186036953 ) ) ;
#1906 = DIRECTION ( 'NONE',  ( -1.000000000000000000, -1.387778780781444413E-14, 6.938893903907222067E-15 ) ) ;
#1907 = LINE ( 'NONE', #4972, #2204 ) ;
#1908 = ORIENTED_EDGE ( 'NONE', *, *, #1781, .T. ) ;
#1909 = VERTEX_POINT ( 'NONE', #3457 ) ;
#1910 = DIRECTION ( 'NONE',  ( -1.000000000000000000, -1.404665511781869571E-14, 3.703720435437010913E-31 ) ) ;
#1911 = AXIS2_PLACEMENT_3D ( 'NONE', #1257, #5267, #3089 ) ;
#1912 = AXIS2_PLACEMENT_3D ( 'NONE', #1467, #3205, #4011 ) ;
#1913 = ORIENTED_EDGE ( 'NONE', *, *, #5508, .T. ) ;
#1914 = VERTEX_POINT ( 'NONE', #5647 ) ;
#1915 = DIRECTION ( 'NONE',  ( 1.000000000000000000, 1.387778780781445676E-14, 0.000000000000000000 ) ) ;
#1916 = EDGE_CURVE ( 'NONE', #84, #5421, #1344, .T. ) ;
#1917 = PRODUCT_DEFINITION_FORMATION_WITH_SPECIFIED_SOURCE ( '任何', '', #1044, .NOT_KNOWN. ) ;
#1918 = CARTESIAN_POINT ( 'NONE',  ( 12.38449493129604839, 14.93452713242254681, 7.906034269714597485E-14 ) ) ;
#1919 = CARTESIAN_POINT ( 'NONE',  ( -27.23671935318126103, -35.56547286757835025, -27.88413334813953526 ) ) ;
#1920 = VECTOR ( 'NONE', #2044, 1000.000000000000000 ) ;
#1921 = CARTESIAN_POINT ( 'NONE',  ( 1.684494931294886921, 14.93452713242234076, 10.04599939627833827 ) ) ;
#1922 = DIRECTION ( 'NONE',  ( 1.000000000000000000, 1.404665511781869729E-14, -1.445602896646525897E-16 ) ) ;
#1923 = ORIENTED_EDGE ( 'NONE', *, *, #1222, .F. ) ;
#1924 = TOROIDAL_SURFACE ( 'NONE', #697, 5.449999999999998401, 3.000000000000000000 ) ;
#1925 = AXIS2_PLACEMENT_3D ( 'NONE', #3717, #2017, #707 ) ;
#1926 = CARTESIAN_POINT ( 'NONE',  ( 16.28449561181217931, -127.2964486156968320, 90.91586665186036953 ) ) ;
#1927 = DIRECTION ( 'NONE',  ( -1.396452398161329869E-14, 1.000000000000000000, -0.000000000000000000 ) ) ;
#1928 = ORIENTED_EDGE ( 'NONE', *, *, #5003, .F. ) ;
#1929 = ORIENTED_EDGE ( 'NONE', *, *, #864, .T. ) ;
#1930 = EDGE_CURVE ( 'NONE', #4684, #1909, #3488, .T. ) ;
#1931 = DIRECTION ( 'NONE',  ( 1.000000000000000000, 1.396452398161330027E-14, 0.000000000000000000 ) ) ;
#1932 = FACE_OUTER_BOUND ( 'NONE', #3608, .T. ) ;
#1933 = CYLINDRICAL_SURFACE ( 'NONE', #1616, 0.5000000000000004441 ) ;
#1934 = AXIS2_PLACEMENT_3D ( 'NONE', #984, #1922, #4990 ) ;
#1935 = CARTESIAN_POINT ( 'NONE',  ( -5.686719353181761250, 0.4345271324219524001, 31.51586665186033187 ) ) ;
#1936 = EDGE_CURVE ( 'NONE', #3932, #4198, #4386, .T. ) ;
#1937 = EDGE_CURVE ( 'NONE', #4326, #3153, #1054, .T. ) ;
#1938 = ORIENTED_EDGE ( 'NONE', *, *, #4913, .F. ) ;
#1939 = ORIENTED_EDGE ( 'NONE', *, *, #5668, .T. ) ;
#1940 = LINE ( 'NONE', #3263, #3315 ) ;
#1941 = VECTOR ( 'NONE', #2116, 1000.000000000000000 ) ;
#1942 = AXIS2_PLACEMENT_3D ( 'NONE', #2903, #5019, #4634 ) ;
#1943 = VERTEX_POINT ( 'NONE', #5294 ) ;
#1944 = TOROIDAL_SURFACE ( 'NONE', #167, 1.800000000000000044, 0.8000000000000000444 ) ;
#1945 = EDGE_CURVE ( 'NONE', #1707, #3369, #2999, .T. ) ;
#1946 = VERTEX_POINT ( 'NONE', #4344 ) ;
#1947 = LINE ( 'NONE', #160, #2303 ) ;
#1948 = DIRECTION ( 'NONE',  ( 0.7071067811865339170, 0.7071067811865612285, 3.271025955591220644E-15 ) ) ;
#1949 = DIRECTION ( 'NONE',  ( -1.000000000000000000, -1.416100796715760607E-14, 0.000000000000000000 ) ) ;
#1950 = AXIS2_PLACEMENT_3D ( 'NONE', #2419, #4505, #5404 ) ;
#1951 = CARTESIAN_POINT ( 'NONE',  ( -13.11550506870389121, -6.465472867577824800, 53.84143474957177489 ) ) ;
#1952 = ADVANCED_FACE ( 'NONE', ( #4400 ), #408, .F. ) ;
#1953 = DIRECTION ( 'NONE',  ( 0.000000000000000000, 1.000000000000000000, 1.146322379288228578E-15 ) ) ;
#1954 = AXIS2_PLACEMENT_3D ( 'NONE', #2114, #2083, #1682 ) ;
#1955 = CARTESIAN_POINT ( 'NONE',  ( -12.22026870589125735, -9.128765553437901303, 54.09006658013517921 ) ) ;
#1956 = ORIENTED_EDGE ( 'NONE', *, *, #752, .F. ) ;
#1957 = DIRECTION ( 'NONE',  ( -1.000000000000000000, -1.387778780781444413E-14, 0.000000000000000000 ) ) ;
#1958 = FACE_OUTER_BOUND ( 'NONE', #5004, .T. ) ;
#1959 = ORIENTED_EDGE ( 'NONE', *, *, #2911, .T. ) ;
#1960 = CARTESIAN_POINT ( 'NONE',  ( 17.78449561181107086, -47.56547286757771786, 90.91586665186036953 ) ) ;
#1961 = CARTESIAN_POINT ( 'NONE',  ( -0.2354278180006430521, -8.266122118614955383, 53.46220130844558582 ) ) ;
#1962 = CARTESIAN_POINT ( 'NONE',  ( -22.15839828751676066, 17.93452713242206187, 1.037048174905185574E-13 ) ) ;
#1963 = ORIENTED_EDGE ( 'NONE', *, *, #5571, .F. ) ;
#1964 = DIRECTION ( 'NONE',  ( 0.000000000000000000, 0.000000000000000000, -1.000000000000000000 ) ) ;
#1965 = CARTESIAN_POINT ( 'NONE',  ( 1.884494931296520015, -15.86547249352480371, 42.91586665186041927 ) ) ;
#1966 = EDGE_LOOP ( 'NONE', ( #1353, #238, #5281, #4218 ) ) ;
#1967 = ORIENTED_EDGE ( 'NONE', *, *, #3719, .T. ) ;
#1968 = VECTOR ( 'NONE', #2790, 1000.000000000000000 ) ;
#1969 = EDGE_CURVE ( 'NONE', #5328, #212, #3915, .T. ) ;
#1970 = EDGE_CURVE ( 'NONE', #2365, #4744, #342, .T. ) ;
#1971 = EDGE_LOOP ( 'NONE', ( #3088, #2518, #155, #4576 ) ) ;
#1972 = CARTESIAN_POINT ( 'NONE',  ( 1.684494931296487419, 14.93452713242208851, 53.28573390744290350 ) ) ;
#1973 = CARTESIAN_POINT ( 'NONE',  ( -11.68354429097603742, -9.247568439324826528, 8.793100879750472387 ) ) ;
#1974 = CARTESIAN_POINT ( 'NONE',  ( 16.28449561181088612, -35.56547286757773918, -27.88413334813953526 ) ) ;
#1975 = CARTESIAN_POINT ( 'NONE',  ( -12.74375879036543857, -8.904011707347354587, 53.93183142861930435 ) ) ;
#1976 = CIRCLE ( 'NONE', #3355, 0.8000000000000003775 ) ;
#1977 = DIRECTION ( 'NONE',  ( 1.396452398161329869E-14, -1.000000000000000000, 0.000000000000000000 ) ) ;
#1978 = AXIS2_PLACEMENT_3D ( 'NONE', #4663, #2971, #1252 ) ;
#1979 = CARTESIAN_POINT ( 'NONE',  ( -12.04086930913305586, -9.180089949359995671, 54.14129852894843964 ) ) ;
#1980 = VERTEX_POINT ( 'NONE', #4312 ) ;
#1981 = CARTESIAN_POINT ( 'NONE',  ( -13.91550506870337856, 14.93452713242211516, 9.559848934719335389 ) ) ;
#1982 = PLANE ( 'NONE',  #1417 ) ;
#1983 = ORIENTED_EDGE ( 'NONE', *, *, #1994, .T. ) ;
#1984 = CARTESIAN_POINT ( 'NONE',  ( -0.7636498703231682228, -9.265472863182504071, 54.49523375235911260 ) ) ;
#1985 = EDGE_CURVE ( 'NONE', #4027, #2423, #4758, .T. ) ;
#1986 = CARTESIAN_POINT ( 'NONE',  ( -23.69338478573692441, -35.56547286757830051, 46.61586665186049316 ) ) ;
#1987 = EDGE_LOOP ( 'NONE', ( #1544, #1234 ) ) ;
#1988 = LINE ( 'NONE', #4612, #3883 ) ;
#1989 = CARTESIAN_POINT ( 'NONE',  ( -4.865513575126545476, -15.86547249352489608, 25.51586665186152558 ) ) ;
#1990 = EDGE_LOOP ( 'NONE', ( #3718, #4524, #1963, #4936 ) ) ;
#1991 = EDGE_LOOP ( 'NONE', ( #2886, #5528, #3969, #4866 ) ) ;
#1992 = CYLINDRICAL_SURFACE ( 'NONE', #3387, 10.00000000000000178 ) ;
#1993 = ORIENTED_EDGE ( 'NONE', *, *, #5070, .T. ) ;
#1994 = EDGE_CURVE ( 'NONE', #4231, #3336, #1698, .T. ) ;
#1995 = CARTESIAN_POINT ( 'NONE',  ( -13.11550506870390365, 14.63452713242187109, 52.67188436900190851 ) ) ;
#1996 = CARTESIAN_POINT ( 'NONE',  ( -11.11550506870390365, -8.465472867577810590, 9.474580717166441346 ) ) ;
#1997 = DATE_AND_TIME ( #4656, #145 ) ;
#1998 = LINE ( 'NONE', #5099, #2596 ) ;
#1999 = VECTOR ( 'NONE', #601, 1000.000000000000000 ) ;
#2000 = CARTESIAN_POINT ( 'NONE',  ( 12.51627051686674186, 15.43452713242242424, 23.61230324780868983 ) ) ;
#2001 = CARTESIAN_POINT ( 'NONE',  ( -13.04900719608730242, -6.993906635259873994, 52.70789691581686043 ) ) ;
#2002 = EDGE_CURVE ( 'NONE', #2940, #1708, #2806, .T. ) ;
#2003 = VECTOR ( 'NONE', #3487, 1000.000000000000000 ) ;
#2004 = CC_DESIGN_APPROVAL ( #2779, ( #1267 ) ) ;
#2005 = ADVANCED_FACE ( 'NONE', ( #3824 ), #314, .F. ) ;
#2006 = CYLINDRICAL_SURFACE ( 'NONE', #4962, 1.000000000000000888 ) ;
#2007 = DIRECTION ( 'NONE',  ( -1.396452398161329869E-14, 1.000000000000000000, 0.000000000000000000 ) ) ;
#2008 = CARTESIAN_POINT ( 'NONE',  ( -13.74245491884002135, 15.43452710432252140, 9.559848962819108564 ) ) ;
#2009 = DIRECTION ( 'NONE',  ( 0.000000000000000000, 0.000000000000000000, -1.000000000000000000 ) ) ;
#2010 = ORIENTED_EDGE ( 'NONE', *, *, #3174, .F. ) ;
#2011 = VECTOR ( 'NONE', #1822, 1000.000000000000000 ) ;
#2012 = CARTESIAN_POINT ( 'NONE',  ( 1.281599903277313546, 14.89666307320319660, 9.346970220862038659 ) ) ;
#2013 = DIRECTION ( 'NONE',  ( -1.445602896647411886E-16, 6.308085367188386494E-15, -1.000000000000000000 ) ) ;
#2014 = CARTESIAN_POINT ( 'NONE',  ( -13.11550506870390542, -6.742107823033633984, 10.35984893471871260 ) ) ;
#2015 = ORIENTED_EDGE ( 'NONE', *, *, #647, .T. ) ;
#2016 = CARTESIAN_POINT ( 'NONE',  ( 16.28449561181101046, -43.56547286757773918, 90.91586665186036953 ) ) ;
#2017 = DIRECTION ( 'NONE',  ( 1.000000000000000000, -0.000000000000000000, 0.000000000000000000 ) ) ;
#2018 = ORIENTED_EDGE ( 'NONE', *, *, #3451, .F. ) ;
#2019 = ORIENTED_EDGE ( 'NONE', *, *, #4040, .T. ) ;
#2020 = CARTESIAN_POINT ( 'NONE',  ( -37.18671935318123900, -35.56547286757849236, 38.61586665186047895 ) ) ;
#2021 = LINE ( 'NONE', #4619, #4514 ) ;
#2022 = LINE ( 'NONE', #2987, #1733 ) ;
#2023 = ORIENTED_EDGE ( 'NONE', *, *, #1455, .T. ) ;
#2024 = CIRCLE ( 'NONE', #4804, 1.500000000000001332 ) ;
#2025 = DIRECTION ( 'NONE',  ( -1.000000000000000000, -1.404665511781869571E-14, 0.000000000000000000 ) ) ;
#2026 = CARTESIAN_POINT ( 'NONE',  ( -12.76771547993916656, -7.623845631061218597, 9.095505496487913177 ) ) ;
#2027 = PERSON_AND_ORGANIZATION ( #2414, #4586 ) ;
#2028 = LINE ( 'NONE', #3785, #1390 ) ;
#2029 = EDGE_CURVE ( 'NONE', #4300, #2629, #2350, .T. ) ;
#2030 = CARTESIAN_POINT ( 'NONE',  ( -12.11550506870390187, 14.63452713242195458, 42.91586665186059690 ) ) ;
#2031 = AXIS2_PLACEMENT_3D ( 'NONE', #4392, #5697, #2674 ) ;
#2032 = CARTESIAN_POINT ( 'NONE',  ( -12.98767419070175322, -7.200739963123578669, 53.87425894689059902 ) ) ;
#2033 = CIRCLE ( 'NONE', #1767, 15.00000000000000000 ) ;
#2034 = ORIENTED_EDGE ( 'NONE', *, *, #1183, .T. ) ;
#2035 = AXIS2_PLACEMENT_3D ( 'NONE', #2733, #5351, #1368 ) ;
#2036 = CARTESIAN_POINT ( 'NONE',  ( -11.11550506870390187, -9.265472867577813076, 53.55715258655452260 ) ) ;
#2037 = DIRECTION ( 'NONE',  ( 1.401122857913396143E-14, -1.000000000000000000, -6.308085367188388861E-15 ) ) ;
#2038 = EDGE_CURVE ( 'NONE', #3429, #3103, #956, .T. ) ;
#2039 = CARTESIAN_POINT ( 'NONE',  ( -13.11550506870469945, 14.73926569563211864, 10.32057197351550748 ) ) ;
#2040 = DIRECTION ( 'NONE',  ( 1.000000000000000000, 1.387778780781444413E-14, 0.000000000000000000 ) ) ;
#2041 = ORIENTED_EDGE ( 'NONE', *, *, #4527, .F. ) ;
#2042 = CARTESIAN_POINT ( 'NONE',  ( -23.36550506870326060, 15.93452713242185581, 33.14470820415651531 ) ) ;
#2043 = CARTESIAN_POINT ( 'NONE',  ( -0.8132257153505711988, -8.454800544255896000, 54.50542588549920708 ) ) ;
#2044 = DIRECTION ( 'NONE',  ( 2.312964634635743450E-16, -1.000000000000000000, -0.000000000000000000 ) ) ;
#2045 = ORIENTED_EDGE ( 'NONE', *, *, #433, .F. ) ;
#2046 = FACE_OUTER_BOUND ( 'NONE', #3819, .T. ) ;
#2047 = FACE_OUTER_BOUND ( 'NONE', #2213, .T. ) ;
#2048 = CIRCLE ( 'NONE', #4153, 8.097314602603171707 ) ;
#2049 = ORIENTED_EDGE ( 'NONE', *, *, #3266, .F. ) ;
#2050 = ORIENTED_EDGE ( 'NONE', *, *, #3372, .T. ) ;
#2051 = LINE ( 'NONE', #1614, #3914 ) ;
#2052 = CARTESIAN_POINT ( 'NONE',  ( 0.7760370054152944119, -7.128603902614101706, 9.994329054263161538 ) ) ;
#2053 = FACE_OUTER_BOUND ( 'NONE', #3276, .T. ) ;
#2054 = EDGE_LOOP ( 'NONE', ( #4535, #3413 ) ) ;
#2055 = B_SPLINE_CURVE_WITH_KNOTS ( 'NONE', 3,
 ( #2737, #1761, #2218, #4461, #3170, #2188, #5739, #1287, #1840, #3521, #4935, #3980, #1348, #2656 ),
 .UNSPECIFIED., .F., .F.,
 ( 4, 2, 2, 2, 2, 2, 4 ),
 ( 4.361889655260575107E-17, 0.0004077381108649966450, 0.0008154762217299495967, 0.001630952443459859945, 0.002446428665189768342, 0.002854166776054718312, 0.003261904886919669150 ),
 .UNSPECIFIED. ) ;
#2056 = CARTESIAN_POINT ( 'NONE',  ( -37.18671935318123190, -35.56547286757849236, 16.41586665186047966 ) ) ;
#2057 = DIRECTION ( 'NONE',  ( 1.396452398161329869E-14, -1.000000000000000000, 0.000000000000000000 ) ) ;
#2058 = MECHANICAL_CONTEXT ( 'NONE', #4977, 'mechanical' ) ;
#2059 = FACE_BOUND ( 'NONE', #419, .T. ) ;
#2060 = EDGE_CURVE ( 'NONE', #4000, #2305, #5135, .T. ) ;
#2061 = DIRECTION ( 'NONE',  ( 1.404665511781869413E-14, -1.000000000000000000, -5.782411586589354089E-15 ) ) ;
#2062 = CARTESIAN_POINT ( 'NONE',  ( 12.38449493129608392, 12.43452713242224839, 34.51586664685442685 ) ) ;
#2063 = EDGE_CURVE ( 'NONE', #4326, #5401, #4661, .T. ) ;
#2064 = ORIENTED_EDGE ( 'NONE', *, *, #4599, .F. ) ;
#2065 = CARTESIAN_POINT ( 'NONE',  ( -42.68671935318126742, -35.56547286757856341, -27.88413334813952460 ) ) ;
#2066 = DIRECTION ( 'NONE',  ( 1.000000000000000000, 1.400510696201458889E-14, 0.000000000000000000 ) ) ;
#2067 = CARTESIAN_POINT ( 'NONE',  ( 0.8844949312964758281, 14.63452713242234005, 9.474561272471939688 ) ) ;
#2068 = DIRECTION ( 'NONE',  ( 1.402851773444435856E-14, -1.000000000000000000, 7.888609052210116302E-31 ) ) ;
#2069 = VECTOR ( 'NONE', #4408, 1000.000000000000000 ) ;
#2070 = ADVANCED_FACE ( 'NONE', ( #2785 ), #5436, .T. ) ;
#2071 = ORIENTED_EDGE ( 'NONE', *, *, #3020, .T. ) ;
#2072 = CARTESIAN_POINT ( 'NONE',  ( 1.511444781430952622, 15.43452710432243080, 9.245999424377764342 ) ) ;
#2073 = DIRECTION ( 'NONE',  ( 0.000000000000000000, 1.000000000000000000, 6.308085367188386494E-15 ) ) ;
#2074 = EDGE_CURVE ( 'NONE', #4975, #396, #1370, .T. ) ;
#2075 = PLANE ( 'NONE',  #2316 ) ;
#2076 = ORIENTED_EDGE ( 'NONE', *, *, #1337, .F. ) ;
#2077 = LINE ( 'NONE', #5182, #1241 ) ;
#2078 = DIRECTION ( 'NONE',  ( -1.000000000000000000, -1.412425262204649789E-14, -1.614200299662456896E-15 ) ) ;
#2079 = ORIENTED_EDGE ( 'NONE', *, *, #2784, .T. ) ;
#2080 = ORIENTED_EDGE ( 'NONE', *, *, #4422, .T. ) ;
#2081 = CARTESIAN_POINT ( 'NONE',  ( 1.781911860164661521, 14.93452713242209029, 53.26947664650345615 ) ) ;
#2082 = DIRECTION ( 'NONE',  ( -1.000000000000000000, -1.734723475976806148E-14, 0.000000000000000000 ) ) ;
#2083 = DIRECTION ( 'NONE',  ( -1.396452398161329869E-14, 1.000000000000000000, -0.000000000000000000 ) ) ;
#2084 = EDGE_LOOP ( 'NONE', ( #3239, #3752, #5192, #946 ) ) ;
#2085 = VECTOR ( 'NONE', #1429, 1000.000000000000000 ) ;
#2086 = CYLINDRICAL_SURFACE ( 'NONE', #731, 0.5000000000000004441 ) ;
#2087 = CARTESIAN_POINT ( 'NONE',  ( -11.24673462949910707, -8.465472867577810590, 9.519831436435875816 ) ) ;
#2088 = PERSON_AND_ORGANIZATION ( #2414, #4586 ) ;
#2089 = LINE ( 'NONE', #3105, #1766 ) ;
#2090 = CARTESIAN_POINT ( 'NONE',  ( -23.69338478573718376, -35.56547286757830051, 16.41586665186047966 ) ) ;
#2091 = DIRECTION ( 'NONE',  ( -1.404665511781869571E-14, 1.000000000000000000, 5.782411586589354089E-15 ) ) ;
#2092 = ORIENTED_EDGE ( 'NONE', *, *, #3383, .F. ) ;
#2093 = DIRECTION ( 'NONE',  ( -1.000000000000000000, -1.399343603954624442E-14, 5.551115123125782702E-15 ) ) ;
#2094 = CARTESIAN_POINT ( 'NONE',  ( -13.70610660493858646, 14.92671891114778404, 53.45106244560408015 ) ) ;
#2095 = DIRECTION ( 'NONE',  ( -1.404665511781869413E-14, 1.000000000000000000, 0.000000000000000000 ) ) ;
#2096 = DIRECTION ( 'NONE',  ( -1.404665511781869729E-14, 1.000000000000000000, 5.782411586589354089E-15 ) ) ;
#2097 = ADVANCED_FACE ( 'NONE', ( #2240 ), #4849, .T. ) ;
#2098 = TOROIDAL_SURFACE ( 'NONE', #2191, 23.00000000000000000, 0.5000000000000000000 ) ;
#2099 = AXIS2_PLACEMENT_3D ( 'NONE', #625, #5387, #1088 ) ;
#2100 = ORIENTED_EDGE ( 'NONE', *, *, #855, .T. ) ;
#2101 = DIRECTION ( 'NONE',  ( 0.000000000000000000, 0.000000000000000000, 1.000000000000000000 ) ) ;
#2102 = LINE ( 'NONE', #5651, #4683 ) ;
#2103 = ORIENTED_EDGE ( 'NONE', *, *, #925, .F. ) ;
#2104 = DIRECTION ( 'NONE',  ( -1.404665511781869571E-14, 1.000000000000000000, 5.782411586589354089E-15 ) ) ;
#2105 = EDGE_CURVE ( 'NONE', #4865, #3510, #3834, .T. ) ;
#2106 = EDGE_CURVE ( 'NONE', #1833, #5266, #3649, .T. ) ;
#2107 = DIRECTION ( 'NONE',  ( 1.224646799147353207E-16, 1.710160959569917786E-30, 1.000000000000000000 ) ) ;
#2108 = ORIENTED_EDGE ( 'NONE', *, *, #4146, .F. ) ;
#2109 = ORIENTED_EDGE ( 'NONE', *, *, #3541, .F. ) ;
#2110 = FACE_OUTER_BOUND ( 'NONE', #387, .T. ) ;
#2111 = CARTESIAN_POINT ( 'NONE',  ( -24.36550506870326060, 15.93452713242185581, 30.14470820415652241 ) ) ;
#2112 = EDGE_CURVE ( 'NONE', #4924, #212, #3974, .T. ) ;
#2113 = ADVANCED_FACE ( 'NONE', ( #3626 ), #2914, .T. ) ;
#2114 = CARTESIAN_POINT ( 'NONE',  ( -32.68671935318121768, -38.56547286757842841, -27.88413334813953526 ) ) ;
#2115 = ORIENTED_EDGE ( 'NONE', *, *, #2445, .T. ) ;
#2116 = DIRECTION ( 'NONE',  ( 1.000000000000000000, 1.404665511781869571E-14, 2.599684951800732511E-31 ) ) ;
#2117 = PLANE ( 'NONE',  #5606 ) ;
#2118 = SECURITY_CLASSIFICATION_LEVEL ( 'unclassified' ) ;
#2119 = PLANE ( 'NONE',  #4522 ) ;
#2120 = CARTESIAN_POINT ( 'NONE',  ( 12.88449493129605017, 15.06654257649751649, 23.60991927961711312 ) ) ;
#2121 = CARTESIAN_POINT ( 'NONE',  ( 12.38449493129605017, 14.93452713242234431, 35.01586664685444816 ) ) ;
#2122 = VECTOR ( 'NONE', #1184, 1000.000000000000000 ) ;
#2123 = ORIENTED_EDGE ( 'NONE', *, *, #1723, .F. ) ;
#2124 = CARTESIAN_POINT ( 'NONE',  ( 1.884494931296115228, 15.43452713242216845, 39.92181401409186492 ) ) ;
#2125 = DIRECTION ( 'NONE',  ( 1.000000000000000000, 1.404665511781869571E-14, -2.367168085707625232E-30 ) ) ;
#2126 = AXIS2_PLACEMENT_3D ( 'NONE', #3674, #3702, #5460 ) ;
#2127 = CARTESIAN_POINT ( 'NONE',  ( -1.115505068703850799, -6.465472867577807925, 20.11586665186051448 ) ) ;
#2128 = DIRECTION ( 'NONE',  ( 1.000000000000000000, 1.387778780781444413E-14, 0.000000000000000000 ) ) ;
#2129 = AXIS2_PLACEMENT_3D ( 'NONE', #4282, #791, #2040 ) ;
#2130 = VECTOR ( 'NONE', #3624, 1000.000000000000000 ) ;
#2131 = ORIENTED_EDGE ( 'NONE', *, *, #1183, .F. ) ;
#2132 = CARTESIAN_POINT ( 'NONE',  ( -32.68671935317997423, -127.2964486156975283, -37.88413334813953526 ) ) ;
#2133 = FACE_OUTER_BOUND ( 'NONE', #2624, .T. ) ;
#2134 = CARTESIAN_POINT ( 'NONE',  ( 1.684494931296480313, 15.43452713242208851, 53.28573390744290350 ) ) ;
#2135 = EDGE_LOOP ( 'NONE', ( #4961, #4808, #3670, #3695 ) ) ;
#2136 = CARTESIAN_POINT ( 'NONE',  ( 3.634494931296750497, 14.93452713242223595, 31.51586664685444106 ) ) ;
#2137 = EDGE_CURVE ( 'NONE', #5665, #1315, #4955, .T. ) ;
#2138 = CARTESIAN_POINT ( 'NONE',  ( 12.88449493129605017, 14.93452713242241892, 23.60991927961703496 ) ) ;
#2139 = EDGE_LOOP ( 'NONE', ( #297, #5504 ) ) ;
#2140 = ORIENTED_EDGE ( 'NONE', *, *, #827, .T. ) ;
#2141 = FACE_OUTER_BOUND ( 'NONE', #270, .T. ) ;
#2142 = AXIS2_PLACEMENT_3D ( 'NONE', #1203, #3401, #3368 ) ;
#2143 = AXIS2_PLACEMENT_3D ( 'NONE', #3509, #1624, #1189 ) ;
#2144 = ORIENTED_EDGE ( 'NONE', *, *, #4798, .F. ) ;
#2145 = ORIENTED_EDGE ( 'NONE', *, *, #3734, .T. ) ;
#2146 = EDGE_CURVE ( 'NONE', #3510, #1311, #983, .T. ) ;
#2147 = SPHERICAL_SURFACE ( 'NONE', #3872, 0.5000000000000000000 ) ;
#2148 = FACE_OUTER_BOUND ( 'NONE', #2662, .T. ) ;
#2149 = DIRECTION ( 'NONE',  ( 1.396452398161329869E-14, -1.000000000000000000, 0.000000000000000000 ) ) ;
#2150 = EDGE_CURVE ( 'NONE', #5348, #427, #4100, .T. ) ;
#2151 = FACE_OUTER_BOUND ( 'NONE', #1712, .T. ) ;
#2152 = CARTESIAN_POINT ( 'NONE',  ( -12.11550506870390187, 14.63452713242209313, 19.11586664184828521 ) ) ;
#2153 = ORIENTED_EDGE ( 'NONE', *, *, #1371, .F. ) ;
#2154 = EDGE_CURVE ( 'NONE', #5366, #5333, #5, .T. ) ;
#2155 = ORIENTED_EDGE ( 'NONE', *, *, #1693, .T. ) ;
#2156 = CIRCLE ( 'NONE', #5686, 1.500000000000001332 ) ;
#2157 = CARTESIAN_POINT ( 'NONE',  ( 21.73449561181088541, -35.56547286757766102, -27.88413334813953526 ) ) ;
#2158 = CARTESIAN_POINT ( 'NONE',  ( -23.36550506870327126, 16.72742035123532744, 30.64470820415652597 ) ) ;
#2159 = FACE_BOUND ( 'NONE', #3321, .T. ) ;
#2160 = DIRECTION ( 'NONE',  ( -0.3713906763541050537, 0.000000000000000000, 0.9284766908852587486 ) ) ;
#2161 = DIRECTION ( 'NONE',  ( 0.000000000000000000, 0.000000000000000000, -1.000000000000000000 ) ) ;
#2162 = CARTESIAN_POINT ( 'NONE',  ( -23.36550506870325350, 15.43452713242186825, 30.64470820415651886 ) ) ;
#2163 = EDGE_LOOP ( 'NONE', ( #4255, #4416, #120, #3185 ) ) ;
#2164 = CARTESIAN_POINT ( 'NONE',  ( -35.13671935318114237, -43.56547286757846393, 90.91586665186036953 ) ) ;
#2165 = FACE_OUTER_BOUND ( 'NONE', #5620, .T. ) ;
#2166 = AXIS2_PLACEMENT_3D ( 'NONE', #4914, #416, #3603 ) ;
#2167 = ORIENTED_EDGE ( 'NONE', *, *, #3983, .T. ) ;
#2168 = EDGE_CURVE ( 'NONE', #3991, #3607, #2212, .T. ) ;
#2169 = DIRECTION ( 'NONE',  ( 1.000000000000000000, 1.396452398161329869E-14, 0.000000000000000000 ) ) ;
#2170 = CARTESIAN_POINT ( 'NONE',  ( -13.11550506870469945, 14.81026306371019530, 9.891219784617810262 ) ) ;
#2171 = VECTOR ( 'NONE', #5246, 1000.000000000000000 ) ;
#2172 = ORIENTED_EDGE ( 'NONE', *, *, #1325, .F. ) ;
#2173 = ORIENTED_EDGE ( 'NONE', *, *, #1684, .F. ) ;
#2174 = CIRCLE ( 'NONE', #407, 0.5000000000000004441 ) ;
#2175 = CARTESIAN_POINT ( 'NONE',  ( -13.91550506870391324, 15.43452713242206720, 19.11586664184829587 ) ) ;
#2176 = CARTESIAN_POINT ( 'NONE',  ( 0.8844949312964891508, 21.57367679050796383, 42.91586665186046190 ) ) ;
#2177 = CYLINDRICAL_SURFACE ( 'NONE', #2031, 0.5000000000000004441 ) ;
#2178 = VECTOR ( 'NONE', #4483, 1000.000000000000000 ) ;
#2179 = CARTESIAN_POINT ( 'NONE',  ( -37.18671935318174349, 0.4345271324215083109, 24.41586665186047966 ) ) ;
#2180 = EDGE_LOOP ( 'NONE', ( #614, #4202 ) ) ;
#2181 = EDGE_LOOP ( 'NONE', ( #3804, #2754, #237, #1076, #2756 ) ) ;
#2182 = CARTESIAN_POINT ( 'NONE',  ( 1.884494931296122999, 12.43452713242212582, 42.91586665186058269 ) ) ;
#2183 = EDGE_CURVE ( 'NONE', #2413, #4018, #115, .T. ) ;
#2184 = DIRECTION ( 'NONE',  ( 0.3713906763541050537, 5.154081000242941689E-15, -0.9284766908852587486 ) ) ;
#2185 = ORIENTED_EDGE ( 'NONE', *, *, #2146, .T. ) ;
#2186 = LINE ( 'NONE', #905, #5151 ) ;
#2187 = DIRECTION ( 'NONE',  ( -1.000000000000000000, -1.402863332746461321E-14, 0.000000000000000000 ) ) ;
#2188 = CARTESIAN_POINT ( 'NONE',  ( -12.84607218783640903, -7.503060412360451181, 52.81534507061591910 ) ) ;
#2189 = ORIENTED_EDGE ( 'NONE', *, *, #5241, .F. ) ;
#2190 = DIRECTION ( 'NONE',  ( -0.9073902374599701615, -9.676227457924919058E-15, -0.4202891349563288026 ) ) ;
#2191 = AXIS2_PLACEMENT_3D ( 'NONE', #2472, #4762, #3738 ) ;
#2192 = AXIS2_PLACEMENT_3D ( 'NONE', #3472, #4862, #3989 ) ;
#2193 = CYLINDRICAL_SURFACE ( 'NONE', #2990, 15.00000000000000000 ) ;
#2194 = ORIENTED_EDGE ( 'NONE', *, *, #1782, .T. ) ;
#2195 = AXIS2_PLACEMENT_3D ( 'NONE', #3360, #2936, #4694 ) ;
#2196 = VECTOR ( 'NONE', #62, 1000.000000000000000 ) ;
#2197 = CARTESIAN_POINT ( 'NONE',  ( -42.68671935318126032, -35.56547286757856341, 2.115866651860455416 ) ) ;
#2198 = DIRECTION ( 'NONE',  ( -1.400789206851272044E-14, 1.000000000000000000, 0.000000000000000000 ) ) ;
#2199 = VERTEX_POINT ( 'NONE', #4876 ) ;
#2200 = VERTEX_POINT ( 'NONE', #3596 ) ;
#2201 = CARTESIAN_POINT ( 'NONE',  ( 16.28449561181120941, -57.56547286757774629, 90.91586665186036953 ) ) ;
#2202 = AXIS2_PLACEMENT_3D ( 'NONE', #612, #2013, #2073 ) ;
#2203 = CARTESIAN_POINT ( 'NONE',  ( 11.48712623399610777, 14.93452713242237273, 28.01586664685444461 ) ) ;
#2204 = VECTOR ( 'NONE', #4922, 1000.000000000000000 ) ;
#2205 = DIRECTION ( 'NONE',  ( -0.000000000000000000, 1.000000000000000000, 1.163328072630582536E-14 ) ) ;
#2206 = EDGE_CURVE ( 'NONE', #5493, #100, #5201, .T. ) ;
#2207 = VERTEX_POINT ( 'NONE', #4905 ) ;
#2208 = ORIENTED_EDGE ( 'NONE', *, *, #604, .F. ) ;
#2209 = ADVANCED_FACE ( 'NONE', ( #931 ), #617, .T. ) ;
#2210 = FACE_OUTER_BOUND ( 'NONE', #5609, .T. ) ;
#2211 = VECTOR ( 'NONE', #10, 1000.000000000000000 ) ;
#2212 = LINE ( 'NONE', #1343, #5337 ) ;
#2213 = EDGE_LOOP ( 'NONE', ( #4361, #2194, #1757, #5346 ) ) ;
#2214 = EDGE_CURVE ( 'NONE', #4794, #3800, #274, .T. ) ;
#2215 = CARTESIAN_POINT ( 'NONE',  ( -23.86550506870326060, 15.93452713242184871, 32.64470820415651531 ) ) ;
#2216 = CARTESIAN_POINT ( 'NONE',  ( 16.28449561181092875, -38.56547286757773918, -27.88413334813953526 ) ) ;
#2217 = AXIS2_PLACEMENT_3D ( 'NONE', #1245, #25, #4364 ) ;
#2218 = CARTESIAN_POINT ( 'NONE',  ( -13.10133948341599464, -6.738893888181404002, 52.67962748756553282 ) ) ;
#2219 = ORIENTED_EDGE ( 'NONE', *, *, #2954, .T. ) ;
#2220 = LINE ( 'NONE', #3956, #2069 ) ;
#2221 = DIRECTION ( 'NONE',  ( 1.404665511781869413E-14, -1.000000000000000000, -5.782411586589353300E-15 ) ) ;
#2222 = CIRCLE ( 'NONE', #454, 8.097314602603169931 ) ;
#2223 = FACE_OUTER_BOUND ( 'NONE', #4670, .T. ) ;
#2224 = AXIS2_PLACEMENT_3D ( 'NONE', #1622, #4720, #3271 ) ;
#2225 = ORIENTED_EDGE ( 'NONE', *, *, #3940, .T. ) ;
#2226 = CARTESIAN_POINT ( 'NONE',  ( -15.81551357512612022, -46.56547286757820814, 25.51586665186146519 ) ) ;
#2227 = CARTESIAN_POINT ( 'NONE',  ( 0.3744842571415635257, -7.805837777161256597, 9.813565073045570131 ) ) ;
#2228 = AXIS2_PLACEMENT_3D ( 'NONE', #2016, #5242, #3770 ) ;
#2229 = EDGE_CURVE ( 'NONE', #3107, #567, #4101, .T. ) ;
#2230 = ORIENTED_EDGE ( 'NONE', *, *, #2319, .F. ) ;
#2231 = ORIENTED_EDGE ( 'NONE', *, *, #4790, .F. ) ;
#2232 = DIRECTION ( 'NONE',  ( -1.404665511781869571E-14, 1.000000000000000000, 5.782411586589354089E-15 ) ) ;
#2233 = AXIS2_PLACEMENT_3D ( 'NONE', #3452, #1719, #786 ) ;
#2234 = DIRECTION ( 'NONE',  ( 0.000000000000000000, -1.000000000000000000, -5.782411586589354089E-15 ) ) ;
#2235 = CARTESIAN_POINT ( 'NONE',  ( -5.686719353181627135, -9.265472867577798866, 31.51586665186047753 ) ) ;
#2236 = VERTEX_POINT ( 'NONE', #1919 ) ;
#2237 = ORIENTED_EDGE ( 'NONE', *, *, #4597, .F. ) ;
#2238 = ADVANCED_FACE ( 'NONE', ( #4215 ), #4128, .T. ) ;
#2239 = CARTESIAN_POINT ( 'NONE',  ( -13.91550506870391324, 15.43452713242212049, 10.05984893471934072 ) ) ;
#2240 = FACE_OUTER_BOUND ( 'NONE', #1096, .T. ) ;
#2241 = EDGE_CURVE ( 'NONE', #4425, #1301, #628, .T. ) ;
#2242 = EDGE_LOOP ( 'NONE', ( #1377, #3402, #4200, #513 ) ) ;
#2243 = AXIS2_PLACEMENT_3D ( 'NONE', #4885, #911, #96 ) ;
#2244 = CARTESIAN_POINT ( 'NONE',  ( 16.28449561181090033, -35.56547286757773918, 90.91586665186036953 ) ) ;
#2245 = CARTESIAN_POINT ( 'NONE',  ( -23.31551357512615041, -45.56547286757828630, 31.51586665186150427 ) ) ;
#2246 = CARTESIAN_POINT ( 'NONE',  ( -32.68671935318121768, -38.56547286757842841, 90.91586665186036953 ) ) ;
#2247 = ORIENTED_EDGE ( 'NONE', *, *, #5080, .F. ) ;
#2248 = DIRECTION ( 'NONE',  ( 2.312964634635738027E-16, -1.000000000000000000, -5.782411586589354878E-15 ) ) ;
#2249 = CARTESIAN_POINT ( 'NONE',  ( 0.8844949293770121290, -6.573991987420915173, 8.925500086703809899 ) ) ;
#2250 = DIRECTION ( 'NONE',  ( -1.396452398161329869E-14, 1.000000000000000000, -0.000000000000000000 ) ) ;
#2251 = ORIENTED_EDGE ( 'NONE', *, *, #1367, .T. ) ;
#2252 = EDGE_CURVE ( 'NONE', #2199, #4550, #4070, .T. ) ;
#2253 = LINE ( 'NONE', #5334, #5323 ) ;
#2254 = CARTESIAN_POINT ( 'NONE',  ( -36.18671935318173638, 0.4345271324215264630, 45.61586665186048606 ) ) ;
#2255 = DIRECTION ( 'NONE',  ( -1.000000000000000000, -1.398418533199191934E-14, 1.006056498704454634E-16 ) ) ;
#2256 = ORIENTED_EDGE ( 'NONE', *, *, #491, .T. ) ;
#2257 = EDGE_LOOP ( 'NONE', ( #3506, #3098, #927, #5598 ) ) ;
#2258 = AXIS2_PLACEMENT_3D ( 'NONE', #3777, #5118, #1142 ) ;
#2259 = CARTESIAN_POINT ( 'NONE',  ( 1.125527205606919212, 15.24791018883472660, 53.59911696385633917 ) ) ;
#2260 = CARTESIAN_POINT ( 'NONE',  ( -11.11550506870390365, -6.465472867577810590, 14.91586665186049565 ) ) ;
#2261 = ORIENTED_EDGE ( 'NONE', *, *, #3137, .T. ) ;
#2262 = ORIENTED_EDGE ( 'NONE', *, *, #3759, .T. ) ;
#2263 = DIRECTION ( 'NONE',  ( 1.000000000000000000, 1.416100796715762342E-14, 0.000000000000000000 ) ) ;
#2264 = CARTESIAN_POINT ( 'NONE',  ( -14.20550632740072317, -6.465472867577819471, 53.41747089647864755 ) ) ;
#2265 = ORIENTED_EDGE ( 'NONE', *, *, #1250, .T. ) ;
#2266 = DIRECTION ( 'NONE',  ( -1.000000000000000000, -1.416100796715761553E-14, 0.000000000000000000 ) ) ;
#2267 = DIRECTION ( 'NONE',  ( -8.320308772263069674E-29, 5.955883934187037954E-15, -1.000000000000000000 ) ) ;
#2268 = ORIENTED_EDGE ( 'NONE', *, *, #3826, .F. ) ;
#2269 = CARTESIAN_POINT ( 'NONE',  ( -13.11550506870390365, -6.465472867577811478, 20.11586665186051448 ) ) ;
#2270 = CARTESIAN_POINT ( 'NONE',  ( 11.03043529818244295, -5.065930435712658664, 34.81231471454862714 ) ) ;
#2271 = LINE ( 'NONE', #962, #5489 ) ;
#2272 = ORIENTED_EDGE ( 'NONE', *, *, #1631, .T. ) ;
#2273 = EDGE_LOOP ( 'NONE', ( #269, #2849, #5457, #3444 ) ) ;
#2274 = FACE_BOUND ( 'NONE', #2841, .T. ) ;
#2275 = CARTESIAN_POINT ( 'NONE',  ( 0.8844949312964912602, 12.43452713242210450, 43.91586665186058269 ) ) ;
#2276 = AXIS2_PLACEMENT_3D ( 'NONE', #262, #3829, #4732 ) ;
#2277 = EDGE_CURVE ( 'NONE', #4108, #4744, #3151, .T. ) ;
#2278 = LINE ( 'NONE', #1418, #5735 ) ;
#2279 = EDGE_CURVE ( 'NONE', #900, #3317, #4814, .T. ) ;
#2280 = ORIENTED_EDGE ( 'NONE', *, *, #3910, .T. ) ;
#2281 = VERTEX_POINT ( 'NONE', #5230 ) ;
#2282 = CARTESIAN_POINT ( 'NONE',  ( 0.9264968817397492007, 14.92851653868450512, 53.27972331370619941 ) ) ;
#2283 = CARTESIAN_POINT ( 'NONE',  ( -23.69338478573741114, 0.4345271324216956610, 46.61586665186047895 ) ) ;
#2284 = ORIENTED_EDGE ( 'NONE', *, *, #141, .F. ) ;
#2285 = ORIENTED_EDGE ( 'NONE', *, *, #2370, .T. ) ;
#2286 = CARTESIAN_POINT ( 'NONE',  ( -14.20550632740072317, -6.658511828196135518, 9.614262407242351927 ) ) ;
#2287 = CARTESIAN_POINT ( 'NONE',  ( -0.9843245496098439462, -8.465472867577810590, 53.71308254906752211 ) ) ;
#2288 = CARTESIAN_POINT ( 'NONE',  ( 3.634494931296786024, 12.43452713242229635, 20.11586664184827100 ) ) ;
#2289 = CYLINDRICAL_SURFACE ( 'NONE', #4207, 0.5000000000000004441 ) ;
#2290 = DIRECTION ( 'NONE',  ( -1.396452398161329869E-14, 1.000000000000000000, -0.000000000000000000 ) ) ;
#2291 = ORIENTED_EDGE ( 'NONE', *, *, #1371, .T. ) ;
#2292 = DIRECTION ( 'NONE',  ( -0.7071067811865614505, 0.7071067811865336949, 0.000000000000000000 ) ) ;
#2293 = PLANE ( 'NONE',  #2362 ) ;
#2294 = CARTESIAN_POINT ( 'NONE',  ( 0.8844949312964917043, 14.63452713242208958, 52.98573390744289924 ) ) ;
#2295 = AXIS2_PLACEMENT_3D ( 'NONE', #3863, #5656, #1735 ) ;
#2296 = ORIENTED_EDGE ( 'NONE', *, *, #1103, .F. ) ;
#2297 = ORIENTED_EDGE ( 'NONE', *, *, #3094, .F. ) ;
#2298 = DIRECTION ( 'NONE',  ( -1.000000000000000000, -1.321694076934707365E-14, 0.000000000000000000 ) ) ;
#2299 = LINE ( 'NONE', #4036, #1459 ) ;
#2300 = EDGE_CURVE ( 'NONE', #3510, #1473, #4532, .T. ) ;
#2301 = TOROIDAL_SURFACE ( 'NONE', #1001, 5.450000000000001954, 3.000000000000000000 ) ;
#2302 = CARTESIAN_POINT ( 'NONE',  ( 12.38449493129605194, 14.93452713242234431, 35.01586664685444816 ) ) ;
#2303 = VECTOR ( 'NONE', #1886, 1000.000000000000000 ) ;
#2304 = EDGE_CURVE ( 'NONE', #5751, #178, #843, .T. ) ;
#2305 = VERTEX_POINT ( 'NONE', #372 ) ;
#2306 = ORIENTED_EDGE ( 'NONE', *, *, #702, .F. ) ;
#2307 = CIRCLE ( 'NONE', #4902, 22.70000000000000284 ) ;
#2308 = DIRECTION ( 'NONE',  ( 1.000000000000000000, 1.416100796715760607E-14, 0.000000000000000000 ) ) ;
#2309 = CARTESIAN_POINT ( 'NONE',  ( 1.884494931296096354, -8.465472867577808813, 14.91586665186049565 ) ) ;
#2310 = VERTEX_POINT ( 'NONE', #3389 ) ;
#2311 = EDGE_CURVE ( 'NONE', #4550, #2199, #1864, .T. ) ;
#2312 = EDGE_LOOP ( 'NONE', ( #4837, #2642, #3615, #2172 ) ) ;
#2313 = CARTESIAN_POINT ( 'NONE',  ( 26.28449561181089322, -35.56547286757760418, -27.88413334813953526 ) ) ;
#2314 = EDGE_CURVE ( 'NONE', #2742, #1208, #402, .T. ) ;
#2315 = LINE ( 'NONE', #3164, #2130 ) ;
#2316 = AXIS2_PLACEMENT_3D ( 'NONE', #5111, #1703, #1637 ) ;
#2317 = VECTOR ( 'NONE', #2462, 1000.000000000000000 ) ;
#2318 = CARTESIAN_POINT ( 'NONE',  ( 0.8844949312957887111, 12.43452713242218444, 31.51586664685434513 ) ) ;
#2319 = EDGE_CURVE ( 'NONE', #4744, #3887, #1750, .T. ) ;
#2320 = DIRECTION ( 'NONE',  ( 0.000000000000000000, -1.084202172485501673E-15, 1.000000000000000000 ) ) ;
#2321 = CARTESIAN_POINT ( 'NONE',  ( -12.72576826138693917, -8.913710788248394579, 53.93748298744251457 ) ) ;
#2322 = ORIENTED_EDGE ( 'NONE', *, *, #3525, .F. ) ;
#2323 = CARTESIAN_POINT ( 'NONE',  ( -32.68671935318114663, -43.56547286757842841, -27.88413334813953526 ) ) ;
#2324 = CIRCLE ( 'NONE', #564, 22.70000000000000284 ) ;
#2325 = VERTEX_POINT ( 'NONE', #280 ) ;
#2326 = ORIENTED_EDGE ( 'NONE', *, *, #4833, .T. ) ;
#2327 = DIRECTION ( 'NONE',  ( -1.000000000000000000, -1.387778780781444413E-14, 0.000000000000000000 ) ) ;
#2328 = DIRECTION ( 'NONE',  ( -1.000000000000000000, 0.000000000000000000, 0.000000000000000000 ) ) ;
#2329 = CARTESIAN_POINT ( 'NONE',  ( -36.18671935318173638, 0.4345271324215211894, 45.61586665186048606 ) ) ;
#2330 = PLANE ( 'NONE',  #438 ) ;
#2331 = ORIENTED_EDGE ( 'NONE', *, *, #3326, .T. ) ;
#2332 = ORIENTED_EDGE ( 'NONE', *, *, #4097, .F. ) ;
#2333 = CARTESIAN_POINT ( 'NONE',  ( 1.051500934944302745, 15.16516457340420310, 53.51637134842589205 ) ) ;
#2334 = VERTEX_POINT ( 'NONE', #2967 ) ;
#2335 = CIRCLE ( 'NONE', #1801, 8.097314602603171707 ) ;
#2336 = AXIS2_PLACEMENT_3D ( 'NONE', #1780, #4932, #465 ) ;
#2337 = ORIENTED_EDGE ( 'NONE', *, *, #3807, .F. ) ;
#2338 = DIRECTION ( 'NONE',  ( 1.404665511781869571E-14, -1.000000000000000000, -5.782411586589354878E-15 ) ) ;
#2339 = CARTESIAN_POINT ( 'NONE',  ( -35.13671935318114237, -43.56547286757846393, 90.91586665186036953 ) ) ;
#2340 = AXIS2_PLACEMENT_3D ( 'NONE', #1354, #5363, #2169 ) ;
#2341 = EDGE_CURVE ( 'NONE', #4090, #5493, #2584, .T. ) ;
#2342 = CARTESIAN_POINT ( 'NONE',  ( 3.634494931296785580, 12.43452713242222352, 31.51586664685442685 ) ) ;
#2343 = TOROIDAL_SURFACE ( 'NONE', #5426, 8.597314602603169931, 0.5000000000000000000 ) ;
#2344 = CARTESIAN_POINT ( 'NONE',  ( -20.71550438818979245, 13.53452713242197092, 20.11586665186063172 ) ) ;
#2345 = CARTESIAN_POINT ( 'NONE',  ( 1.684494931296163900, 15.43452713242228747, 19.11586664184834916 ) ) ;
#2346 = ORIENTED_EDGE ( 'NONE', *, *, #510, .T. ) ;
#2347 = ADVANCED_FACE ( 'NONE', ( #3481 ), #5700, .T. ) ;
#2348 = CARTESIAN_POINT ( 'NONE',  ( 0.5167520141314921878, -7.645390177505640317, 8.837499840958015440 ) ) ;
#2349 = DIRECTION ( 'NONE',  ( -2.312964634635742957E-16, 1.000000000000000000, -0.000000000000000000 ) ) ;
#2350 = CIRCLE ( 'NONE', #2633, 2.000000000000000000 ) ;
#2351 = EDGE_CURVE ( 'NONE', #3391, #5665, #2871, .T. ) ;
#2352 = ORIENTED_EDGE ( 'NONE', *, *, #2497, .T. ) ;
#2353 = ORIENTED_EDGE ( 'NONE', *, *, #2926, .T. ) ;
#2354 = CYLINDRICAL_SURFACE ( 'NONE', #83, 0.4999999999999982236 ) ;
#2355 = CYLINDRICAL_SURFACE ( 'NONE', #986, 1.500000000000001332 ) ;
#2356 = DIRECTION ( 'NONE',  ( -1.396452398161329869E-14, 1.000000000000000000, -0.000000000000000000 ) ) ;
#2357 = DIRECTION ( 'NONE',  ( -1.387778780781444413E-14, 1.000000000000000000, 0.000000000000000000 ) ) ;
#2358 = ORIENTED_EDGE ( 'NONE', *, *, #5623, .T. ) ;
#2359 = ORIENTED_EDGE ( 'NONE', *, *, #4251, .T. ) ;
#2360 = CARTESIAN_POINT ( 'NONE',  ( -32.68671935318108979, -47.56547286757842130, 90.91586665186036953 ) ) ;
#2361 =( BOUNDED_CURVE ( )  B_SPLINE_CURVE ( 3, ( #2637, #2170, #3897, #19 ),
 .UNSPECIFIED., .F., .T. ) 
 B_SPLINE_CURVE_WITH_KNOTS ( ( 4, 4 ),
 ( 4.712388980384689674, 6.283185307175275014 ),
 .UNSPECIFIED. ) 
 CURVE ( )  GEOMETRIC_REPRESENTATION_ITEM ( )  RATIONAL_B_SPLINE_CURVE ( ( 1.000000000000000000, 0.8047378541243649375, 0.8047378541243649375, 1.000000000000000000 ) ) 
 REPRESENTATION_ITEM ( '' )  );
#2362 = AXIS2_PLACEMENT_3D ( 'NONE', #1435, #3199, #2101 ) ;
#2363 = VECTOR ( 'NONE', #1178, 1000.000000000000000 ) ;
#2364 = ORIENTED_EDGE ( 'NONE', *, *, #3373, .T. ) ;
#2365 = VERTEX_POINT ( 'NONE', #2552 ) ;
#2366 = DIRECTION ( 'NONE',  ( 1.404665511781869571E-14, -1.000000000000000000, -5.782411586589354089E-15 ) ) ;
#2367 = AXIS2_PLACEMENT_3D ( 'NONE', #5355, #5038, #1375 ) ;
#2368 = CARTESIAN_POINT ( 'NONE',  ( -2.114261706052483536, -35.56547286757799498, 23.80304963345071201 ) ) ;
#2369 = DIRECTION ( 'NONE',  ( -0.3713906763541052203, -5.154081000242944056E-15, -0.9284766908852586376 ) ) ;
#2370 = EDGE_CURVE ( 'NONE', #5395, #4027, #5169, .T. ) ;
#2371 = CARTESIAN_POINT ( 'NONE',  ( -11.11550506870390542, -8.465472867577810590, 53.55715258655452260 ) ) ;
#2372 = CIRCLE ( 'NONE', #1646, 1.050000000000000933 ) ;
#2373 = DIRECTION ( 'NONE',  ( -1.000000000000000000, -1.387778780781444413E-14, 0.000000000000000000 ) ) ;
#2374 = DIRECTION ( 'NONE',  ( -1.402851773444435856E-14, 1.000000000000000000, -7.888609052210116302E-31 ) ) ;
#2375 = ORIENTED_EDGE ( 'NONE', *, *, #2976, .F. ) ;
#2376 = CIRCLE ( 'NONE', #4919, 0.3000000000000001554 ) ;
#2377 = DIRECTION ( 'NONE',  ( -1.000000000000000000, -1.445602896647340297E-14, 1.156482317317871725E-15 ) ) ;
#2378 = CARTESIAN_POINT ( 'NONE',  ( 21.73449561181094225, -38.56547286757766813, 90.91586665186036953 ) ) ;
#2379 = ADVANCED_FACE ( 'NONE', ( #4690 ), #723, .F. ) ;
#2380 = ORIENTED_EDGE ( 'NONE', *, *, #1440, .T. ) ;
#2381 = VERTEX_POINT ( 'NONE', #309 ) ;
#2382 = EDGE_CURVE ( 'NONE', #1056, #3715, #2975, .T. ) ;
#2383 = DIRECTION ( 'NONE',  ( -1.000000000000000000, -1.416100796715764393E-14, 0.000000000000000000 ) ) ;
#2384 = CARTESIAN_POINT ( 'NONE',  ( -0.1214942744444331285, -8.205775125861848096, 53.41927412579022416 ) ) ;
#2385 = EDGE_CURVE ( 'NONE', #5702, #920, #3156, .T. ) ;
#2386 = DIRECTION ( 'NONE',  ( 1.401718565583457942E-14, -1.000000000000000000, -6.360652745248286895E-15 ) ) ;
#2387 = ORIENTED_EDGE ( 'NONE', *, *, #523, .T. ) ;
#2388 = VECTOR ( 'NONE', #4161, 1000.000000000000114 ) ;
#2389 = LINE ( 'NONE', #3342, #4154 ) ;
#2390 = ORIENTED_EDGE ( 'NONE', *, *, #5499, .T. ) ;
#2391 = ORIENTED_EDGE ( 'NONE', *, *, #3719, .F. ) ;
#2392 = EDGE_CURVE ( 'NONE', #4507, #2640, #4823, .T. ) ;
#2393 = LINE ( 'NONE', #1115, #712 ) ;
#2394 = CIRCLE ( 'NONE', #5547, 1.000000000000000888 ) ;
#2395 = CIRCLE ( 'NONE', #5660, 2.999999999999999112 ) ;
#2396 = VERTEX_POINT ( 'NONE', #4306 ) ;
#2397 = AXIS2_PLACEMENT_3D ( 'NONE', #1974, #1533, #4627 ) ;
#2398 = DIRECTION ( 'NONE',  ( -1.396989743957924894E-14, 1.000000000000000000, -3.822474335437906928E-33 ) ) ;
#2399 = DIRECTION ( 'NONE',  ( -1.000000000000000000, -1.734723475976807094E-14, 0.000000000000000000 ) ) ;
#2400 = CARTESIAN_POINT ( 'NONE',  ( -36.18671935318174349, 0.4345271324215211894, 46.61586665186048606 ) ) ;
#2401 = DIRECTION ( 'NONE',  ( -1.404665511781869413E-14, 1.000000000000000000, 0.000000000000000000 ) ) ;
#2402 = AXIS2_PLACEMENT_3D ( 'NONE', #2309, #4897, #645 ) ;
#2403 = CARTESIAN_POINT ( 'NONE',  ( -12.69469925337217298, -7.699759633533357572, 52.89197006699628645 ) ) ;
#2404 = EDGE_CURVE ( 'NONE', #2917, #1056, #5200, .T. ) ;
#2405 = DIRECTION ( 'NONE',  ( 1.401718565583457942E-14, -1.000000000000000000, -6.360652745248286895E-15 ) ) ;
#2406 = AXIS2_PLACEMENT_3D ( 'NONE', #2342, #2898, #4629 ) ;
#2407 = CARTESIAN_POINT ( 'NONE',  ( 16.28449561181094296, -38.56547286757773918, 90.91586665186036953 ) ) ;
#2408 = EDGE_LOOP ( 'NONE', ( #533, #3474, #81, #4055 ) ) ;
#2409 = VECTOR ( 'NONE', #585, 1000.000000000000000 ) ;
#2410 = CARTESIAN_POINT ( 'NONE',  ( -13.11550506870469945, 14.63452713242211622, 10.35984893471933788 ) ) ;
#2411 = CARTESIAN_POINT ( 'NONE',  ( -4.462819671306383462, 12.43452713242210983, 31.51586664685442685 ) ) ;
#2412 = EDGE_CURVE ( 'NONE', #4090, #1704, #930, .T. ) ;
#2413 = VERTEX_POINT ( 'NONE', #2648 ) ;
#2414 = PERSON ( '未指定', '未指定', '未指定', ('未指定'), ('未指定'), ('未指定') ) ;
#2415 = DIRECTION ( 'NONE',  ( -1.402851773444435856E-14, 1.000000000000000000, -7.888609052210116302E-31 ) ) ;
#2416 = CARTESIAN_POINT ( 'NONE',  ( -0.9544050058144045723, -8.465472867577807037, 54.53445046837061483 ) ) ;
#2417 = DIRECTION ( 'NONE',  ( 0.000000000000000000, 1.000000000000000000, 5.782411586589354089E-15 ) ) ;
#2418 = ORIENTED_EDGE ( 'NONE', *, *, #3052, .F. ) ;
#2419 = CARTESIAN_POINT ( 'NONE',  ( 1.684494931296174780, 14.63452713242228675, 19.11586664184834561 ) ) ;
#2420 = ADVANCED_FACE ( 'NONE', ( #4394 ), #1309, .T. ) ;
#2421 = LINE ( 'NONE', #3693, #5171 ) ;
#2422 = EDGE_LOOP ( 'NONE', ( #3747, #4084, #705, #2855, #818, #2509 ) ) ;
#2423 = VERTEX_POINT ( 'NONE', #3869 ) ;
#2424 = VECTOR ( 'NONE', #607, 1000.000000000000000 ) ;
#2425 = DIRECTION ( 'NONE',  ( -1.404665511781869571E-14, 1.000000000000000000, 5.782411586589354878E-15 ) ) ;
#2426 = EDGE_LOOP ( 'NONE', ( #3011, #3685, #1448, #1438 ) ) ;
#2427 = EDGE_CURVE ( 'NONE', #3769, #3941, #3073, .T. ) ;
#2428 = LINE ( 'NONE', #718, #2486 ) ;
#2429 = CARTESIAN_POINT ( 'NONE',  ( -12.90526389970430543, -7.367776594703651760, 10.24756940530149052 ) ) ;
#2430 = CARTESIAN_POINT ( 'NONE',  ( -35.18671935318172928, 0.4345271324215360664, 43.61586665186047895 ) ) ;
#2431 = FACE_OUTER_BOUND ( 'NONE', #3475, .T. ) ;
#2432 = DIRECTION ( 'NONE',  ( 1.396452398161329869E-14, -1.000000000000000000, -0.000000000000000000 ) ) ;
#2433 = AXIS2_PLACEMENT_3D ( 'NONE', #12, #2248, #5358 ) ;
#2434 = CARTESIAN_POINT ( 'NONE',  ( -23.36550506870327126, 16.72742035123533100, 30.14470820415652597 ) ) ;
#2435 = FACE_OUTER_BOUND ( 'NONE', #3227, .T. ) ;
#2436 = FACE_OUTER_BOUND ( 'NONE', #2273, .T. ) ;
#2437 = CARTESIAN_POINT ( 'NONE',  ( -20.86550506870328903, 17.93452713242190555, 30.14470820415652597 ) ) ;
#2438 = TOROIDAL_SURFACE ( 'NONE', #2644, 0.3000000000000000444, 0.5000000000000000000 ) ;
#2439 = ORIENTED_EDGE ( 'NONE', *, *, #3233, .F. ) ;
#2440 = CARTESIAN_POINT ( 'NONE',  ( 1.475096467532159838, 14.92671891114824767, 9.266821319675637270 ) ) ;
#2441 = CARTESIAN_POINT ( 'NONE',  ( -25.83219030821270223, 0.4345271324216679054, 43.61586665186048606 ) ) ;
#2442 = DIRECTION ( 'NONE',  ( -1.396452398161329869E-14, 1.000000000000000000, 0.000000000000000000 ) ) ;
#2443 = VERTEX_POINT ( 'NONE', #749 ) ;
#2444 = DIRECTION ( 'NONE',  ( 1.396452398161329869E-14, -1.000000000000000000, 0.000000000000000000 ) ) ;
#2445 = EDGE_CURVE ( 'NONE', #995, #1744, #2048, .T. ) ;
#2446 = DIRECTION ( 'NONE',  ( -1.404665511781869571E-14, 1.000000000000000000, 5.782411586589354089E-15 ) ) ;
#2447 = EDGE_LOOP ( 'NONE', ( #4117, #3842, #1444, #4295, #3083, #1479 ) ) ;
#2448 = ORIENTED_EDGE ( 'NONE', *, *, #4040, .F. ) ;
#2449 = EDGE_CURVE ( 'NONE', #1879, #5318, #1649, .T. ) ;
#2450 = CARTESIAN_POINT ( 'NONE',  ( -2.298218735060982288E-13, 18.43452713242220398, 30.64470820415650820 ) ) ;
#2451 = CARTESIAN_POINT ( 'NONE',  ( -15.81551357512658562, -15.86547249352505240, 37.51586665186149361 ) ) ;
#2452 = EDGE_CURVE ( 'NONE', #4703, #3510, #3381, .T. ) ;
#2453 = CARTESIAN_POINT ( 'NONE',  ( 3.634494931296785580, 12.43452713242222352, 31.51586664685442685 ) ) ;
#2454 = ORIENTED_EDGE ( 'NONE', *, *, #2038, .F. ) ;
#2455 = ADVANCED_FACE ( 'NONE', ( #4773 ), #1180, .T. ) ;
#2456 = CARTESIAN_POINT ( 'NONE',  ( -9.815513575126150414, -45.56547286757810156, 31.51586665186150427 ) ) ;
#2457 = CARTESIAN_POINT ( 'NONE',  ( -11.58505168082464820, -8.425556509316509235, 8.767556596648558909 ) ) ;
#2458 = SHAPE_DEFINITION_REPRESENTATION ( #627, #4768 ) ;
#2459 = CARTESIAN_POINT ( 'NONE',  ( -42.68671935318043609, -94.56547286757857762, 2.115866651860455416 ) ) ;
#2460 = VECTOR ( 'NONE', #45, 1000.000000000000000 ) ;
#2461 = CYLINDRICAL_SURFACE ( 'NONE', #4143, 0.5000000000000004441 ) ;
#2462 = DIRECTION ( 'NONE',  ( -1.396452398161330027E-14, 1.000000000000000000, -0.000000000000000000 ) ) ;
#2463 = CIRCLE ( 'NONE', #2195, 23.00000000000000000 ) ;
#2464 = VECTOR ( 'NONE', #1948, 1000.000000000000000 ) ;
#2465 = DIRECTION ( 'NONE',  ( 0.000000000000000000, 5.637851296924618324E-15, -1.000000000000000000 ) ) ;
#2466 = CARTESIAN_POINT ( 'NONE',  ( -13.11550506878706024, 14.70651509872811502, 52.74387233530366359 ) ) ;
#2467 = DIRECTION ( 'NONE',  ( 1.445602896647339666E-14, -1.000000000000000000, 0.000000000000000000 ) ) ;
#2468 = LINE ( 'NONE', #3854, #4613 ) ;
#2469 = ORIENTED_EDGE ( 'NONE', *, *, #4790, .T. ) ;
#2470 = CIRCLE ( 'NONE', #4691, 15.00000000000000000 ) ;
#2471 = VECTOR ( 'NONE', #2255, 1000.000000000000000 ) ;
#2472 = CARTESIAN_POINT ( 'NONE',  ( -5.686719353181967307, 14.93452713242210450, 31.51586665186062319 ) ) ;
#2473 = CARTESIAN_POINT ( 'NONE',  ( 0.4862538111625325232, -8.901896029864808213, 54.19120038093898728 ) ) ;
#2474 = CARTESIAN_POINT ( 'NONE',  ( -13.11550506870390365, -6.465472867577811478, 42.91586665186046901 ) ) ;
#2475 = ORIENTED_EDGE ( 'NONE', *, *, #466, .F. ) ;
#2476 = CARTESIAN_POINT ( 'NONE',  ( -0.1155050687038360613, 15.43452713242226082, 19.11586664184828877 ) ) ;
#2477 = DIRECTION ( 'NONE',  ( 1.396452398161329869E-14, -1.000000000000000000, -0.000000000000000000 ) ) ;
#2478 = EDGE_LOOP ( 'NONE', ( #383, #1135, #3076, #5357 ) ) ;
#2479 = EDGE_LOOP ( 'NONE', ( #1800, #4122, #5729, #3238 ) ) ;
#2480 = EDGE_CURVE ( 'NONE', #2396, #531, #4442, .T. ) ;
#2481 = CARTESIAN_POINT ( 'NONE',  ( -0.1155050687038248342, 14.63452713242227254, 19.11586664184828521 ) ) ;
#2482 = CARTESIAN_POINT ( 'NONE',  ( 0.8844949312964632826, -6.602134736200765630, 10.04599939627863137 ) ) ;
#2483 = DIRECTION ( 'NONE',  ( -1.000000000000000000, -1.404665511781869571E-14, -2.048537417326218835E-31 ) ) ;
#2484 = VERTEX_POINT ( 'NONE', #13 ) ;
#2485 = ADVANCED_FACE ( 'NONE', ( #3412 ), #806, .T. ) ;
#2486 = VECTOR ( 'NONE', #2991, 1000.000000000000000 ) ;
#2487 = FACE_OUTER_BOUND ( 'NONE', #1991, .T. ) ;
#2488 = CARTESIAN_POINT ( 'NONE',  ( -12.84084014435111953, -7.485468119951558919, 10.21399384410381472 ) ) ;
#2489 = APPLICATION_PROTOCOL_DEFINITION ( 'international standard', 'config_control_design', 1994, #4977 ) ;
#2490 = CARTESIAN_POINT ( 'NONE',  ( -5.686719353181627135, -8.465472867577810590, 31.51586665186047753 ) ) ;
#2491 = AXIS2_PLACEMENT_3D ( 'NONE', #2551, #4305, #4187 ) ;
#2492 = CARTESIAN_POINT ( 'NONE',  ( -12.11550506870390187, 14.63452713242193859, 43.91586665186059690 ) ) ;
#2493 = CIRCLE ( 'NONE', #5190, 1.500000000000001332 ) ;
#2494 = DIRECTION ( 'NONE',  ( 1.396452398161329869E-14, -1.000000000000000000, -0.000000000000000000 ) ) ;
#2495 = ADVANCED_FACE ( 'NONE', ( #4206 ), #2577, .F. ) ;
#2496 = AXIS2_PLACEMENT_3D ( 'NONE', #623, #4930, #4593 ) ;
#2497 = EDGE_CURVE ( 'NONE', #3106, #1018, #301, .T. ) ;
#2498 = ORIENTED_EDGE ( 'NONE', *, *, #1611, .F. ) ;
#2499 = CIRCLE ( 'NONE', #2776, 1.000000000000000888 ) ;
#2500 = CARTESIAN_POINT ( 'NONE',  ( -20.86550506870328903, 17.93452713242190555, 30.14470820415652597 ) ) ;
#2501 = CARTESIAN_POINT ( 'NONE',  ( -21.36550506870328903, 17.93452713242189844, 30.14470820415652597 ) ) ;
#2502 = ADVANCED_FACE ( 'NONE', ( #2053 ), #2516, .F. ) ;
#2503 = CARTESIAN_POINT ( 'NONE',  ( -13.91550506870470905, 15.43452713242211871, 9.559848934719337166 ) ) ;
#2504 = CARTESIAN_POINT ( 'NONE',  ( -20.71550438818938034, -15.86547249352488898, 20.11586665186045764 ) ) ;
#2505 = ORIENTED_EDGE ( 'NONE', *, *, #4637, .F. ) ;
#2506 = CARTESIAN_POINT ( 'NONE',  ( 1.355538440376057308, 15.38694800507196803, 9.293578523628001520 ) ) ;
#2507 = CARTESIAN_POINT ( 'NONE',  ( -0.9838897285844869778, -8.465472867577808813, 53.71295739779005629 ) ) ;
#2508 = CARTESIAN_POINT ( 'NONE',  ( 1.944273408282449322, -98.64468553998258926, 9.289352092116191173 ) ) ;
#2509 = ORIENTED_EDGE ( 'NONE', *, *, #523, .F. ) ;
#2510 = DIRECTION ( 'NONE',  ( 1.000000000000000000, 1.387778780781445360E-14, 0.000000000000000000 ) ) ;
#2511 = CARTESIAN_POINT ( 'NONE',  ( -0.7669790921968540065, -9.265472867577800642, 8.535815107672178215 ) ) ;
#2512 = ORIENTED_EDGE ( 'NONE', *, *, #1090, .T. ) ;
#2513 = ORIENTED_EDGE ( 'NONE', *, *, #1300, .F. ) ;
#2514 = CARTESIAN_POINT ( 'NONE',  ( 3.634494931296786024, 12.43452713242215069, 42.91586665186058269 ) ) ;
#2515 = DIRECTION ( 'NONE',  ( -1.396452398161330027E-14, 1.000000000000000000, -0.000000000000000000 ) ) ;
#2516 = PLANE ( 'NONE',  #4022 ) ;
#2517 = EDGE_CURVE ( 'NONE', #3827, #1704, #2022, .T. ) ;
#2518 = ORIENTED_EDGE ( 'NONE', *, *, #2571, .F. ) ;
#2519 = AXIS2_PLACEMENT_3D ( 'NONE', #3825, #4730, #5615 ) ;
#2520 = LINE ( 'NONE', #5096, #999 ) ;
#2521 = PERSON_AND_ORGANIZATION_ROLE ( 'design_owner' ) ;
#2522 = CARTESIAN_POINT ( 'NONE',  ( -16.86551357512652416, -17.56547286757820103, 25.51586665186146519 ) ) ;
#2523 = DIRECTION ( 'NONE',  ( 1.000000000000000000, 2.312964634635742957E-16, -8.228267265450552097E-29 ) ) ;
#2524 = DIRECTION ( 'NONE',  ( -1.401718565583457942E-14, 1.000000000000000000, 6.360652745248286106E-15 ) ) ;
#2525 = VERTEX_POINT ( 'NONE', #4743 ) ;
#2526 = ADVANCED_FACE ( 'NONE', ( #1792 ), #779, .F. ) ;
#2527 = CARTESIAN_POINT ( 'NONE',  ( -0.1155050687038248342, 14.63452713242224945, 20.91586664184828592 ) ) ;
#2528 = CARTESIAN_POINT ( 'NONE',  ( -14.18510142302710975, -6.847263529538801130, 53.42543781458478946 ) ) ;
#2529 = CARTESIAN_POINT ( 'NONE',  ( -13.11550506870390365, 14.63452713242186753, 53.28311596804328332 ) ) ;
#2530 = DIRECTION ( 'NONE',  ( -1.404665511781869571E-14, 1.000000000000000000, 5.782411586589354089E-15 ) ) ;
#2531 = CIRCLE ( 'NONE', #1130, 0.4999999999999982236 ) ;
#2532 = ORIENTED_EDGE ( 'NONE', *, *, #2911, .F. ) ;
#2533 = AXIS2_PLACEMENT_3D ( 'NONE', #253, #2037, #5578 ) ;
#2534 = ADVANCED_FACE ( 'NONE', ( #2890 ), #799, .T. ) ;
#2535 = CARTESIAN_POINT ( 'NONE',  ( -1.115505068703850799, -8.465472867577808813, 20.11586665186050027 ) ) ;
#2536 = DIRECTION ( 'NONE',  ( -1.000000000000000000, 0.000000000000000000, 0.000000000000000000 ) ) ;
#2537 = DIRECTION ( 'NONE',  ( -1.396452398161330027E-14, 1.000000000000000000, -0.000000000000000000 ) ) ;
#2538 = EDGE_LOOP ( 'NONE', ( #432, #506 ) ) ;
#2539 = CARTESIAN_POINT ( 'NONE',  ( 1.830647034336471579, 15.43452713242216845, 39.92181401409186492 ) ) ;
#2540 = CYLINDRICAL_SURFACE ( 'NONE', #5278, 0.8000000000000003775 ) ;
#2541 = ORIENTED_EDGE ( 'NONE', *, *, #3273, .T. ) ;
#2542 = EDGE_LOOP ( 'NONE', ( #4602, #3958, #2798, #3268 ) ) ;
#2543 = DIRECTION ( 'NONE',  ( -1.000000000000000000, -1.417305988883178616E-14, 0.000000000000000000 ) ) ;
#2544 = DIRECTION ( 'NONE',  ( 1.396452398161329869E-14, -1.000000000000000000, 0.000000000000000000 ) ) ;
#2545 = CARTESIAN_POINT ( 'NONE',  ( -37.18671935318173638, 0.4345271324215083109, 16.41586665186047966 ) ) ;
#2546 = ORIENTED_EDGE ( 'NONE', *, *, #4820, .F. ) ;
#2547 = LINE ( 'NONE', #4685, #3056 ) ;
#2548 = CARTESIAN_POINT ( 'NONE',  ( -23.71905845929655143, 17.08097374182859340, 30.64470820415652952 ) ) ;
#2549 = PERSON_AND_ORGANIZATION_ROLE ( 'creator' ) ;
#2550 = CARTESIAN_POINT ( 'NONE',  ( -13.91550506870125226, 14.93452713242212226, 9.559848934719335389 ) ) ;
#2551 = CARTESIAN_POINT ( 'NONE',  ( -5.686719353181973524, 15.43452713242211161, 31.51586665186062319 ) ) ;
#2552 = CARTESIAN_POINT ( 'NONE',  ( -13.11550506870390365, 14.63452713242192260, 43.91586665186059690 ) ) ;
#2553 = EDGE_LOOP ( 'NONE', ( #576, #4799, #4109, #5446 ) ) ;
#2554 = CIRCLE ( 'NONE', #3288, 2.449999999999998845 ) ;
#2555 = EDGE_CURVE ( 'NONE', #3429, #3769, #4788, .T. ) ;
#2556 = CARTESIAN_POINT ( 'NONE',  ( 3.684486424873878008, -47.56547286757791682, 31.51586665186150427 ) ) ;
#2557 =( BOUNDED_SURFACE ( )  B_SPLINE_SURFACE ( 3, 2, ( 
 ( #1127, #2998, #313 ),
 ( #693, #2558, #2902 ),
 ( #2094, #4757, #1158 ),
 ( #4280, #789, #5234 ),
 ( #1570, #5646, #5174 ),
 ( #3332, #4695, #3884 ),
 ( #5207, #4250, #1662 ),
 ( #3361, #1194, #3823 ),
 ( #4632, #2466, #4190 ),
 ( #5103, #2937, #4220 ) ),
 .UNSPECIFIED., .F., .F., .F. ) 
 B_SPLINE_SURFACE_WITH_KNOTS ( ( 4, 2, 2, 2, 4 ),
 ( 3, 3 ),
 ( 6.283185307179588897, 6.675884388878312592, 7.068583470577037176, 7.461282552275760871, 7.853981633974484566 ),
 ( 0.000000000000000000, 1.000000000000000000 ),
 .UNSPECIFIED. ) 
 GEOMETRIC_REPRESENTATION_ITEM ( )  RATIONAL_B_SPLINE_SURFACE ( (
 ( 1.000000000000000000, 0.7071067811865463515, 1.000000000000000000),
 ( 1.000000000000000000, 0.7066755680766302339, 1.000000000000000000),
 ( 1.000000000000000000, 0.7265519905602346729, 1.000000000000000000),
 ( 1.000000000000000000, 0.7876782491369674899, 1.000000000000000000),
 ( 1.000000000000000000, 0.8282380880839775861, 1.000000000000000000),
 ( 1.000000000000000000, 0.9038127194848981638, 1.000000000000000000),
 ( 1.000000000000000000, 0.9386557168471351131, 1.000000000000000000),
 ( 1.000000000000000000, 0.9867291229151750054, 1.000000000000000000),
 ( 1.000000000000000000, 1.000158630594222497, 1.000000000000000000),
 ( 1.000000000000000000, 1.000000000000000000, 1.000000000000000000) ) ) 
 REPRESENTATION_ITEM ( '' )  SURFACE ( )  );
#2558 = CARTESIAN_POINT ( 'NONE',  ( -13.74245491883993076, 15.43452710432230823, 53.47188434090167419 ) ) ;
#2559 = DIRECTION ( 'NONE',  ( -1.396452398161329869E-14, 1.000000000000000000, 0.000000000000000000 ) ) ;
#2560 = DIRECTION ( 'NONE',  ( 1.396452398161329869E-14, -1.000000000000000000, 0.000000000000000000 ) ) ;
#2561 = VECTOR ( 'NONE', #3539, 1000.000000000000000 ) ;
#2562 = AXIS2_PLACEMENT_3D ( 'NONE', #5011, #1033, #1813 ) ;
#2563 = ADVANCED_FACE ( 'NONE', ( #2763 ), #1015, .T. ) ;
#2564 = ORIENTED_EDGE ( 'NONE', *, *, #3948, .T. ) ;
#2565 = CARTESIAN_POINT ( 'NONE',  ( 0.9854657805749406085, 14.78561279028623154, 9.643104308640554123 ) ) ;
#2566 = CARTESIAN_POINT ( 'NONE',  ( 5.410478540034195483, 15.38054914236551518, 23.37080370701177756 ) ) ;
#2567 = LINE ( 'NONE', #5619, #1308 ) ;
#2568 = EDGE_LOOP ( 'NONE', ( #5561, #5185, #174, #1255 ) ) ;
#2569 = CARTESIAN_POINT ( 'NONE',  ( -13.91550506870549953, 14.93452713242186825, 52.67188436900190851 ) ) ;
#2570 = CARTESIAN_POINT ( 'NONE',  ( 0.3047907925036710819, -8.993790493827836130, 8.791803498276745898 ) ) ;
#2571 = EDGE_CURVE ( 'NONE', #2775, #2640, #121, .T. ) ;
#2572 = VERTEX_POINT ( 'NONE', #4915 ) ;
#2573 = ORIENTED_EDGE ( 'NONE', *, *, #1791, .T. ) ;
#2574 = EDGE_CURVE ( 'NONE', #2310, #5018, #552, .T. ) ;
#2575 = LINE ( 'NONE', #5219, #5320 ) ;
#2576 = CARTESIAN_POINT ( 'NONE',  ( -37.18671935318173638, 0.4345271324215083109, 45.61586665186048606 ) ) ;
#2577 = CYLINDRICAL_SURFACE ( 'NONE', #52, 1.049999999999998934 ) ;
#2578 = ADVANCED_FACE ( 'NONE', ( #4057 ), #1555, .T. ) ;
#2579 = ORIENTED_EDGE ( 'NONE', *, *, #5541, .F. ) ;
#2580 = CARTESIAN_POINT ( 'NONE',  ( -13.91550506870549953, 14.93452713242211871, 10.35984893471933610 ) ) ;
#2581 = DIRECTION ( 'NONE',  ( -1.404665511781869571E-14, 1.000000000000000000, 5.782411586589354089E-15 ) ) ;
#2582 = DIRECTION ( 'NONE',  ( -3.708841925954062758E-16, -5.179221201899836470E-30, -1.000000000000000000 ) ) ;
#2583 = LINE ( 'NONE', #4229, #1181 ) ;
#2584 = LINE ( 'NONE', #2062, #374 ) ;
#2585 = AXIS2_PLACEMENT_3D ( 'NONE', #3549, #2764, #447 ) ;
#2586 = VERTEX_POINT ( 'NONE', #961 ) ;
#2587 = AXIS2_PLACEMENT_3D ( 'NONE', #3726, #3753, #1118 ) ;
#2588 = EDGE_CURVE ( 'NONE', #1946, #1744, #498, .T. ) ;
#2589 = ORIENTED_EDGE ( 'NONE', *, *, #1400, .T. ) ;
#2590 = DIRECTION ( 'NONE',  ( -1.404665511781869571E-14, 1.000000000000000000, 5.782411586589354878E-15 ) ) ;
#2591 = CARTESIAN_POINT ( 'NONE',  ( -20.86550506870329613, 18.43452713242188779, 33.14470820415652952 ) ) ;
#2592 = AXIS2_PLACEMENT_3D ( 'NONE', #1972, #3269, #1058 ) ;
#2593 = DIRECTION ( 'NONE',  ( 1.000000000000000000, 1.404665511781869413E-14, 8.122354130609963841E-29 ) ) ;
#2594 = FACE_OUTER_BOUND ( 'NONE', #3565, .T. ) ;
#2595 = ADVANCED_FACE ( 'NONE', ( #524 ), #2293, .F. ) ;
#2596 = VECTOR ( 'NONE', #2928, 1000.000000000000000 ) ;
#2597 = VERTEX_POINT ( 'NONE', #4256 ) ;
#2598 = CARTESIAN_POINT ( 'NONE',  ( -37.18671935318174349, 0.4345271324215083109, 24.41586665186047966 ) ) ;
#2599 = CARTESIAN_POINT ( 'NONE',  ( 5.424564833075088188, 15.43452713242231411, 23.23975503744807369 ) ) ;
#2600 = DIRECTION ( 'NONE',  ( -1.404665511781869571E-14, 1.000000000000000000, 5.782411586589354878E-15 ) ) ;
#2601 = VERTEX_POINT ( 'NONE', #2977 ) ;
#2602 = DIRECTION ( 'NONE',  ( -0.4202891349563292467, 0.000000000000000000, 0.9073902374599699394 ) ) ;
#2603 = EDGE_CURVE ( 'NONE', #4367, #3708, #5081, .T. ) ;
#2604 = CARTESIAN_POINT ( 'NONE',  ( 1.924111060765020698, -6.845052929833641997, 9.282401403568618647 ) ) ;
#2605 = ADVANCED_FACE ( 'NONE', ( #289 ), #3925, .T. ) ;
#2606 = EDGE_CURVE ( 'NONE', #3202, #3981, #1534, .T. ) ;
#2607 = VERTEX_POINT ( 'NONE', #3766 ) ;
#2608 = ORIENTED_EDGE ( 'NONE', *, *, #5740, .F. ) ;
#2609 = CARTESIAN_POINT ( 'NONE',  ( -20.86550506870328903, 17.93452713242189134, 32.64470820415652952 ) ) ;
#2610 = DIRECTION ( 'NONE',  ( -1.404665511781869729E-14, 1.000000000000000000, 5.782411586589354089E-15 ) ) ;
#2611 = VECTOR ( 'NONE', #1233, 1000.000000000000000 ) ;
#2612 = AXIS2_PLACEMENT_3D ( 'NONE', #4843, #1588, #1243 ) ;
#2613 = ORIENTED_EDGE ( 'NONE', *, *, #3350, .T. ) ;
#2614 = ORIENTED_EDGE ( 'NONE', *, *, #969, .T. ) ;
#2615 = DIRECTION ( 'NONE',  ( 0.000000000000000000, 0.000000000000000000, -1.000000000000000000 ) ) ;
#2616 = DIRECTION ( 'NONE',  ( -1.404665511781869571E-14, 1.000000000000000000, 5.782411586589354089E-15 ) ) ;
#2617 = FACE_OUTER_BOUND ( 'NONE', #608, .T. ) ;
#2618 = DIRECTION ( 'NONE',  ( 1.000000000000000000, 1.321694076934709574E-14, 0.000000000000000000 ) ) ;
#2619 = ORIENTED_EDGE ( 'NONE', *, *, #2038, .T. ) ;
#2620 = ORIENTED_EDGE ( 'NONE', *, *, #2749, .T. ) ;
#2621 = CARTESIAN_POINT ( 'NONE',  ( -4.865513575126158230, -46.56547286757804471, 37.51586665186152203 ) ) ;
#2622 = DIRECTION ( 'NONE',  ( -1.000000000000000000, -1.387778780781444413E-14, 0.000000000000000000 ) ) ;
#2623 = DIRECTION ( 'NONE',  ( -1.000000000000000000, -1.404665511781869571E-14, -1.227679387292136566E-31 ) ) ;
#2624 = EDGE_LOOP ( 'NONE', ( #996, #2359, #2667, #5134 ) ) ;
#2625 = CARTESIAN_POINT ( 'NONE',  ( -4.865513575126522383, -17.56547286757803761, 25.51586665186152558 ) ) ;
#2626 = LINE ( 'NONE', #4733, #1452 ) ;
#2627 = EDGE_CURVE ( 'NONE', #3229, #2207, #3942, .T. ) ;
#2628 = CYLINDRICAL_SURFACE ( 'NONE', #3134, 2.450000000000000622 ) ;
#2629 = VERTEX_POINT ( 'NONE', #2535 ) ;
#2630 = CARTESIAN_POINT ( 'NONE',  ( 5.438342828257026973, 15.43452713242221819, 39.92181401409186492 ) ) ;
#2631 = CARTESIAN_POINT ( 'NONE',  ( -4.865513575126115597, -46.56547286757804471, 25.51586665186152558 ) ) ;
#2632 = CIRCLE ( 'NONE', #4180, 0.4999999999999997224 ) ;
#2633 = AXIS2_PLACEMENT_3D ( 'NONE', #2127, #3885, #2681 ) ;
#2634 = ORIENTED_EDGE ( 'NONE', *, *, #2074, .T. ) ;
#2635 = ORIENTED_EDGE ( 'NONE', *, *, #4597, .T. ) ;
#2636 = CYLINDRICAL_SURFACE ( 'NONE', #1609, 0.5000000000000004441 ) ;
#2637 = CARTESIAN_POINT ( 'NONE',  ( -13.11550506870390365, 14.63452713242211622, 10.35984893471933432 ) ) ;
#2638 = EDGE_CURVE ( 'NONE', #1056, #2607, #87, .T. ) ;
#2639 = VECTOR ( 'NONE', #1849, 1000.000000000000000 ) ;
#2640 = VERTEX_POINT ( 'NONE', #3004 ) ;
#2641 = EDGE_CURVE ( 'NONE', #5665, #3391, #5053, .T. ) ;
#2642 = ORIENTED_EDGE ( 'NONE', *, *, #1099, .T. ) ;
#2643 = ORIENTED_EDGE ( 'NONE', *, *, #4076, .T. ) ;
#2644 = AXIS2_PLACEMENT_3D ( 'NONE', #838, #2616, #3935 ) ;
#2645 = DIRECTION ( 'NONE',  ( -1.000000000000000000, -1.404665511781869571E-14, 3.703720435437168559E-31 ) ) ;
#2646 = CARTESIAN_POINT ( 'NONE',  ( 12.88449493129633083, -5.065930435712566293, 23.60991927961691772 ) ) ;
#2647 = AXIS2_PLACEMENT_3D ( 'NONE', #90, #548, #1454 ) ;
#2648 = CARTESIAN_POINT ( 'NONE',  ( -20.71550438818978179, 12.43452713242195351, 20.11586665186063883 ) ) ;
#2649 = EDGE_LOOP ( 'NONE', ( #780, #587, #2475, #4262 ) ) ;
#2650 = ORIENTED_EDGE ( 'NONE', *, *, #484, .T. ) ;
#2651 = LINE ( 'NONE', #2182, #1166 ) ;
#2652 = CARTESIAN_POINT ( 'NONE',  ( 26.28449561181106020, -47.56547286757760418, 60.91586665186036953 ) ) ;
#2653 = ORIENTED_EDGE ( 'NONE', *, *, #4422, .F. ) ;
#2654 = DIRECTION ( 'NONE',  ( 1.396452398161329869E-14, -1.000000000000000000, 0.000000000000000000 ) ) ;
#2655 = DIRECTION ( 'NONE',  ( -1.000000000000000000, -1.399742390960596265E-14, 0.000000000000000000 ) ) ;
#2656 = CARTESIAN_POINT ( 'NONE',  ( -11.11550506870390365, -8.465472867577812366, 53.55715258655452260 ) ) ;
#2657 = ORIENTED_EDGE ( 'NONE', *, *, #3226, .T. ) ;
#2658 = CARTESIAN_POINT ( 'NONE',  ( -21.36550506870329613, 18.43452713242189844, 30.14470820415652952 ) ) ;
#2659 = AXIS2_PLACEMENT_3D ( 'NONE', #4001, #3569, #347 ) ;
#2660 = VECTOR ( 'NONE', #4742, 1000.000000000000000 ) ;
#2661 = CARTESIAN_POINT ( 'NONE',  ( -1.115505068703512626, -8.465472867577810590, 9.280894199316648496 ) ) ;
#2662 = EDGE_LOOP ( 'NONE', ( #835, #5408, #2358, #449 ) ) ;
#2663 = LOCAL_TIME ( 16, 56, 49.00000000000000000, #2894 ) ;
#2664 = DIRECTION ( 'NONE',  ( 1.000000000000000000, 1.321694076934710363E-14, 0.000000000000000000 ) ) ;
#2665 = CARTESIAN_POINT ( 'NONE',  ( -0.8554967891048972373, -8.452708454771242330, 9.358097001325248243 ) ) ;
#2666 = ADVANCED_FACE ( 'NONE', ( #2908 ), #2098, .T. ) ;
#2667 = ORIENTED_EDGE ( 'NONE', *, *, #4216, .F. ) ;
#2668 = EDGE_LOOP ( 'NONE', ( #210, #403, #586, #4894 ) ) ;
#2669 = CIRCLE ( 'NONE', #5064, 0.5000000000000004441 ) ;
#2670 = LINE ( 'NONE', #1687, #5748 ) ;
#2671 = CIRCLE ( 'NONE', #2941, 14.49999999999999822 ) ;
#2672 = FACE_OUTER_BOUND ( 'NONE', #4470, .T. ) ;
#2673 = AXIS2_PLACEMENT_3D ( 'NONE', #2302, #3906, #480 ) ;
#2674 = DIRECTION ( 'NONE',  ( -1.404665511781869256E-14, 1.000000000000000000, 0.000000000000000000 ) ) ;
#2675 = VERTEX_POINT ( 'NONE', #2042 ) ;
#2676 = ORIENTED_EDGE ( 'NONE', *, *, #4755, .T. ) ;
#2677 = CARTESIAN_POINT ( 'NONE',  ( 11.48712623399610777, 14.93452713242237273, 28.01586664685444461 ) ) ;
#2678 = ADVANCED_FACE ( 'NONE', ( #5211 ), #3308, .F. ) ;
#2679 = AXIS2_PLACEMENT_3D ( 'NONE', #1407, #852, #3545 ) ;
#2680 = EDGE_CURVE ( 'NONE', #2396, #3871, #5437, .T. ) ;
#2681 = DIRECTION ( 'NONE',  ( 0.000000000000000000, 1.000000000000000000, 5.204170427930421283E-15 ) ) ;
#2682 = ADVANCED_FACE ( 'NONE', ( #8 ), #5354, .T. ) ;
#2683 = ORIENTED_EDGE ( 'NONE', *, *, #1172, .T. ) ;
#2684 = CARTESIAN_POINT ( 'NONE',  ( -38.13671935318121342, -38.56547286757850657, -27.88413334813953526 ) ) ;
#2685 = CYLINDRICAL_SURFACE ( 'NONE', #4963, 2.000000000000000000 ) ;
#2686 = AXIS2_PLACEMENT_3D ( 'NONE', #4895, #2615, #922 ) ;
#2687 = DIRECTION ( 'NONE',  ( -1.000000000000000000, -1.416100796715760607E-14, 0.000000000000000000 ) ) ;
#2688 = ORIENTED_EDGE ( 'NONE', *, *, #3257, .T. ) ;
#2689 = EDGE_CURVE ( 'NONE', #3711, #5324, #3484, .T. ) ;
#2690 = CYLINDRICAL_SURFACE ( 'NONE', #2433, 1.000000000000000888 ) ;
#2691 = CARTESIAN_POINT ( 'NONE',  ( 0.07516803568316855755, -8.109285838989295669, 8.727847085348432898 ) ) ;
#2692 = VECTOR ( 'NONE', #4133, 1000.000000000000000 ) ;
#2693 = DIRECTION ( 'NONE',  ( 1.396452398161329869E-14, -1.000000000000000000, -0.000000000000000000 ) ) ;
#2694 = AXIS2_PLACEMENT_3D ( 'NONE', #2459, #1592, #3756 ) ;
#2695 = ORIENTED_EDGE ( 'NONE', *, *, #5345, .F. ) ;
#2696 = DIRECTION ( 'NONE',  ( 1.097100319163328415E-16, -6.360652745248285317E-15, 1.000000000000000000 ) ) ;
#2697 = CARTESIAN_POINT ( 'NONE',  ( -22.15839828751676421, 17.93452713242187002, 32.64470820415652952 ) ) ;
#2698 = VECTOR ( 'NONE', #5370, 1000.000000000000000 ) ;
#2699 = ORIENTED_EDGE ( 'NONE', *, *, #1365, .F. ) ;
#2700 = ORIENTED_EDGE ( 'NONE', *, *, #1395, .F. ) ;
#2701 = DIRECTION ( 'NONE',  ( -1.401718565583457942E-14, 1.000000000000000000, 6.360652745248286106E-15 ) ) ;
#2702 = VECTOR ( 'NONE', #4339, 1000.000000000000000 ) ;
#2703 = DIRECTION ( 'NONE',  ( -1.000000000000000000, -1.416100796715764393E-14, 0.000000000000000000 ) ) ;
#2704 = CIRCLE ( 'NONE', #648, 1.500000000000001332 ) ;
#2705 = CARTESIAN_POINT ( 'NONE',  ( -42.68671935318123900, -35.56547286757856341, 90.91586665186032690 ) ) ;
#2706 = EDGE_LOOP ( 'NONE', ( #2251, #1295, #443 ) ) ;
#2707 = ORIENTED_EDGE ( 'NONE', *, *, #15, .T. ) ;
#2708 = CARTESIAN_POINT ( 'NONE',  ( 8.437206556002241342, 9.734527132422325479, 28.51586664685441974 ) ) ;
#2709 = ADVANCED_FACE ( 'NONE', ( #36 ), #1758, .F. ) ;
#2710 = VERTEX_POINT ( 'NONE', #1317 ) ;
#2711 = DIRECTION ( 'NONE',  ( 0.000000000000000000, -1.000000000000000000, 0.000000000000000000 ) ) ;
#2712 = CARTESIAN_POINT ( 'NONE',  ( 16.28449561181106375, -47.56547286757774629, -37.88413334813954236 ) ) ;
#2713 = CARTESIAN_POINT ( 'NONE',  ( -30.23671935318121839, -38.56547286757839288, -27.88413334813953526 ) ) ;
#2714 = VERTEX_POINT ( 'NONE', #1812 ) ;
#2715 = CARTESIAN_POINT ( 'NONE',  ( 11.48712623399613264, 12.43452713242231411, 35.01586664685444106 ) ) ;
#2716 = CARTESIAN_POINT ( 'NONE',  ( -0.9544050058144165627, -8.465472867577807037, 8.497282835350345565 ) ) ;
#2717 = CARTESIAN_POINT ( 'NONE',  ( 1.884494931296125664, 12.43452713242225016, 23.60991927961701720 ) ) ;
#2718 = ORIENTED_EDGE ( 'NONE', *, *, #4527, .T. ) ;
#2719 = ORIENTED_EDGE ( 'NONE', *, *, #1011, .T. ) ;
#2720 = DIRECTION ( 'NONE',  ( -1.396452398161330027E-14, 1.000000000000000000, -0.000000000000000000 ) ) ;
#2721 = CYLINDRICAL_SURFACE ( 'NONE', #5153, 2.000000000000000000 ) ;
#2722 = DIRECTION ( 'NONE',  ( -1.000000000000000000, -1.401718565583457942E-14, 0.000000000000000000 ) ) ;
#2723 = VERTEX_POINT ( 'NONE', #5325 ) ;
#2724 = VERTEX_POINT ( 'NONE', #2625 ) ;
#2725 = VECTOR ( 'NONE', #909, 1000.000000000000000 ) ;
#2726 = CARTESIAN_POINT ( 'NONE',  ( 1.281599903275424390, 15.33355630783703383, 53.24786984822371494 ) ) ;
#2727 = AXIS2_PLACEMENT_3D ( 'NONE', #3323, #1120, #2893 ) ;
#2728 = EDGE_CURVE ( 'NONE', #1208, #4090, #5237, .T. ) ;
#2729 = DIRECTION ( 'NONE',  ( 1.000000000000000000, 1.400510696201459836E-14, 0.000000000000000000 ) ) ;
#2730 = ORIENTED_EDGE ( 'NONE', *, *, #5145, .T. ) ;
#2731 = ORIENTED_EDGE ( 'NONE', *, *, #1437, .T. ) ;
#2732 = CARTESIAN_POINT ( 'NONE',  ( -22.51195167811004083, 18.28808052301515374, 30.14470820415653307 ) ) ;
#2733 = CARTESIAN_POINT ( 'NONE',  ( 16.28449561181094296, -38.56547286757773918, 90.91586665186036953 ) ) ;
#2734 = DIRECTION ( 'NONE',  ( -4.336808689942081634E-15, 4.336808689941959360E-15, -1.000000000000000000 ) ) ;
#2735 = ADVANCED_FACE ( 'NONE', ( #1346 ), #4350, .F. ) ;
#2736 = CARTESIAN_POINT ( 'NONE',  ( -0.1155050687038360613, 15.43452713242225016, 20.91586664184828948 ) ) ;
#2737 = CARTESIAN_POINT ( 'NONE',  ( -13.11550506870390365, -6.465472867577810590, 52.67188436900178061 ) ) ;
#2738 = ORIENTED_EDGE ( 'NONE', *, *, #4709, .F. ) ;
#2739 = DIRECTION ( 'NONE',  ( -1.000000000000000000, -1.321694076934710363E-14, 0.000000000000000000 ) ) ;
#2740 = CARTESIAN_POINT ( 'NONE',  ( 1.944273408282476412, -6.465472867577799043, 9.289352092117177051 ) ) ;
#2741 = CYLINDRICAL_SURFACE ( 'NONE', #2243, 8.097314602603169931 ) ;
#2742 = VERTEX_POINT ( 'NONE', #4376 ) ;
#2743 = ORIENTED_EDGE ( 'NONE', *, *, #475, .T. ) ;
#2744 = DIRECTION ( 'NONE',  ( 2.312964634635742957E-16, -1.000000000000000000, 0.000000000000000000 ) ) ;
#2745 = DIRECTION ( 'NONE',  ( -1.000000000000000000, -1.387778780781444413E-14, 0.000000000000000000 ) ) ;
#2746 = AXIS2_PLACEMENT_3D ( 'NONE', #412, #3493, #3139 ) ;
#2747 = DIRECTION ( 'NONE',  ( 0.000000000000000000, 1.000000000000000000, 5.955883934187037954E-15 ) ) ;
#2748 = AXIS2_PLACEMENT_3D ( 'NONE', #549, #1193, #4159 ) ;
#2749 = EDGE_CURVE ( 'NONE', #394, #148, #4853, .T. ) ;
#2750 = EDGE_LOOP ( 'NONE', ( #2050, #5407, #1270, #3614 ) ) ;
#2751 = EDGE_LOOP ( 'NONE', ( #5417, #4038, #3551, #2041 ) ) ;
#2752 = CARTESIAN_POINT ( 'NONE',  ( 0.8844949312957087750, 14.63452713242208070, 52.98573390744288503 ) ) ;
#2753 = DIRECTION ( 'NONE',  ( 0.000000000000000000, 1.000000000000000000, 0.000000000000000000 ) ) ;
#2754 = ORIENTED_EDGE ( 'NONE', *, *, #4891, .T. ) ;
#2755 = AXIS2_PLACEMENT_3D ( 'NONE', #4999, #4552, #503 ) ;
#2756 = ORIENTED_EDGE ( 'NONE', *, *, #2877, .T. ) ;
#2757 = CARTESIAN_POINT ( 'NONE',  ( -23.36550506870326060, 15.93452713242185226, 33.64470820415651531 ) ) ;
#2758 = CARTESIAN_POINT ( 'NONE',  ( -5.686719353181258541, -35.56547286757805182, 31.51586665186033187 ) ) ;
#2759 = CARTESIAN_POINT ( 'NONE',  ( -14.76551357512611951, -46.56547286757819393, 25.51586665186146519 ) ) ;
#2760 = CARTESIAN_POINT ( 'NONE',  ( -23.86550506870327482, 16.93452713242186292, 30.64470820415652952 ) ) ;
#2761 = CARTESIAN_POINT ( 'NONE',  ( -11.67783943782295175, -9.248180994243336173, 54.24012394266918591 ) ) ;
#2762 = EDGE_LOOP ( 'NONE', ( #4980, #2387, #3469, #5429 ) ) ;
#2763 = FACE_OUTER_BOUND ( 'NONE', #2799, .T. ) ;
#2764 = DIRECTION ( 'NONE',  ( -1.404665511781869571E-14, 1.000000000000000000, 5.782411586589354089E-15 ) ) ;
#2765 = ORIENTED_EDGE ( 'NONE', *, *, #3492, .F. ) ;
#2766 = B_SPLINE_CURVE_WITH_KNOTS ( 'NONE', 3,
 ( #2835, #2286, #137, #4952, #4046, #85, #1861, #3192, #3623, #5409, #1482, #5434, #1426, #3245, #5009, #2808, #1032, #980 ),
 .UNSPECIFIED., .F., .F.,
 ( 4, 2, 2, 2, 2, 2, 2, 2, 4 ),
 ( 0.000000000000000000, 0.0005763538508174075644, 0.001152707701634815129, 0.001729061552452222693, 0.002305415403269630258, 0.002881769254087038039, 0.003458123104904445386, 0.004034476955721852734, 0.004610830806539260515 ),
 .UNSPECIFIED. ) ;
#2767 = ORIENTED_EDGE ( 'NONE', *, *, #2392, .F. ) ;
#2768 = DIRECTION ( 'NONE',  ( -1.000000000000000000, -1.301042606982604847E-14, -8.463559325920481268E-29 ) ) ;
#2769 = DIRECTION ( 'NONE',  ( -1.000000000000000000, -1.445602896647339666E-14, 0.000000000000000000 ) ) ;
#2770 = EDGE_CURVE ( 'NONE', #5301, #2827, #880, .T. ) ;
#2771 = CIRCLE ( 'NONE', #4614, 0.5000000000000022204 ) ;
#2772 = DIRECTION ( 'NONE',  ( 2.312964634635742957E-16, -1.000000000000000000, 0.000000000000000000 ) ) ;
#2773 = AXIS2_PLACEMENT_3D ( 'NONE', #1048, #2415, #2822 ) ;
#2774 = EDGE_LOOP ( 'NONE', ( #3304, #728, #1913, #2498 ) ) ;
#2775 = VERTEX_POINT ( 'NONE', #2215 ) ;
#2776 = AXIS2_PLACEMENT_3D ( 'NONE', #4322, #266, #2981 ) ;
#2777 = ADVANCED_FACE ( 'NONE', ( #1701 ), #5709, .T. ) ;
#2778 = CARTESIAN_POINT ( 'NONE',  ( 1.044761548794048922, 15.12616459981862427, 53.17009795771695480 ) ) ;
#2779 = APPROVAL ( #5165, '未指定' ) ;
#2780 = ORIENTED_EDGE ( 'NONE', *, *, #444, .F. ) ;
#2781 = ORIENTED_EDGE ( 'NONE', *, *, #3174, .T. ) ;
#2782 = LINE ( 'NONE', #4536, #5285 ) ;
#2783 = CARTESIAN_POINT ( 'NONE',  ( -0.4796082135011419112, -8.366056326290614464, 53.54975056263476318 ) ) ;
#2784 = EDGE_CURVE ( 'NONE', #5074, #4407, #3661, .T. ) ;
#2785 = FACE_OUTER_BOUND ( 'NONE', #3657, .T. ) ;
#2786 = DIRECTION ( 'NONE',  ( -0.7071067811865339170, -0.7071067811865612285, -3.271025955591220644E-15 ) ) ;
#2787 = DIRECTION ( 'NONE',  ( -1.000000000000000000, -1.387778780781444413E-14, 0.000000000000000000 ) ) ;
#2788 = VERTEX_POINT ( 'NONE', #3031 ) ;
#2789 = DIRECTION ( 'NONE',  ( -1.401122857913396143E-14, 1.000000000000000000, 6.308085367188388861E-15 ) ) ;
#2790 = DIRECTION ( 'NONE',  ( 1.000000000000000000, 1.445602896647339666E-14, -0.000000000000000000 ) ) ;
#2791 = AXIS2_PLACEMENT_3D ( 'NONE', #525, #4966, #1352 ) ;
#2792 = EDGE_LOOP ( 'NONE', ( #1852, #5210, #3788 ) ) ;
#2793 = ORIENTED_EDGE ( 'NONE', *, *, #4787, .T. ) ;
#2794 = CARTESIAN_POINT ( 'NONE',  ( -32.68671935318114663, -43.56547286757842841, -27.88413334813953526 ) ) ;
#2795 = CARTESIAN_POINT ( 'NONE',  ( -13.91550506870390436, -6.465472867577810590, 10.35984893471871260 ) ) ;
#2796 = CARTESIAN_POINT ( 'NONE',  ( 13.83449561181099696, -43.56547286757777471, -27.88413334813953526 ) ) ;
#2797 = DIRECTION ( 'NONE',  ( 0.000000000000000000, -1.000000000000000000, -6.938893903907228378E-15 ) ) ;
#2798 = ORIENTED_EDGE ( 'NONE', *, *, #801, .F. ) ;
#2799 = EDGE_LOOP ( 'NONE', ( #3376, #1277, #1488, #1721 ) ) ;
#2800 = ADVANCED_FACE ( 'NONE', ( #4318 ), #3111, .F. ) ;
#2801 = EDGE_CURVE ( 'NONE', #2710, #4425, #2186, .T. ) ;
#2802 = CARTESIAN_POINT ( 'NONE',  ( 1.192857463897567749, 15.27426051492269465, 53.22563392588076425 ) ) ;
#2803 = ADVANCED_FACE ( 'NONE', ( #3919 ), #5349, .T. ) ;
#2804 = ORIENTED_EDGE ( 'NONE', *, *, #74, .T. ) ;
#2805 = AXIS2_PLACEMENT_3D ( 'NONE', #5661, #775, #4204 ) ;
#2806 = CIRCLE ( 'NONE', #4864, 0.5000000000000004441 ) ;
#2807 = ORIENTED_EDGE ( 'NONE', *, *, #395, .F. ) ;
#2808 = CARTESIAN_POINT ( 'NONE',  ( -11.67745270267106505, -9.248160127607656378, 8.791516644343671416 ) ) ;
#2809 = DIRECTION ( 'NONE',  ( 1.224646799147353207E-16, 1.710160959569917786E-30, 1.000000000000000000 ) ) ;
#2810 = CARTESIAN_POINT ( 'NONE',  ( 0.8844949312964957011, -6.465472867577807037, 52.98573390744233791 ) ) ;
#2811 = TOROIDAL_SURFACE ( 'NONE', #4278, 5.449999999999996625, 3.000000000000000000 ) ;
#2812 = EDGE_CURVE ( 'NONE', #4083, #3359, #4434, .T. ) ;
#2813 = CARTESIAN_POINT ( 'NONE',  ( -13.07800898083843677, -6.880579688659650195, 53.85056488272613251 ) ) ;
#2814 = PLANE ( 'NONE',  #975 ) ;
#2815 = LINE ( 'NONE', #4571, #1190 ) ;
#2816 = ORIENTED_EDGE ( 'NONE', *, *, #637, .F. ) ;
#2817 = CARTESIAN_POINT ( 'NONE',  ( -13.51261004068640048, 15.33355630783843893, 10.09771299393848132 ) ) ;
#2818 = LINE ( 'NONE', #2411, #2424 ) ;
#2819 = VECTOR ( 'NONE', #3109, 1000.000000000000000 ) ;
#2820 = ORIENTED_EDGE ( 'NONE', *, *, #4308, .T. ) ;
#2821 = EDGE_LOOP ( 'NONE', ( #3215, #5236, #5362, #2131 ) ) ;
#2822 = DIRECTION ( 'NONE',  ( 1.000000000000000000, 1.321694076934709574E-14, 0.000000000000000000 ) ) ;
#2823 = CARTESIAN_POINT ( 'NONE',  ( 0.1968925253041899082, -7.980229524417358888, 53.29288413007330405 ) ) ;
#2824 = CARTESIAN_POINT ( 'NONE',  ( -11.37362570022066599, -8.452839020298943851, 9.565990407098713177 ) ) ;
#2825 = ORIENTED_EDGE ( 'NONE', *, *, #4314, .T. ) ;
#2826 = DIRECTION ( 'NONE',  ( 3.944304526105171131E-31, -5.782411586589358822E-15, 1.000000000000000000 ) ) ;
#2827 = VERTEX_POINT ( 'NONE', #3222 ) ;
#2828 = VERTEX_POINT ( 'NONE', #519 ) ;
#2829 = CARTESIAN_POINT ( 'NONE',  ( -21.31551357512654121, -17.56547286757826498, 31.51586665186150427 ) ) ;
#2830 = VECTOR ( 'NONE', #1012, 1000.000000000000000 ) ;
#2831 = EDGE_CURVE ( 'NONE', #2413, #1574, #4078, .T. ) ;
#2832 = AXIS2_PLACEMENT_3D ( 'NONE', #2245, #2809, #5067 ) ;
#2833 = ORIENTED_EDGE ( 'NONE', *, *, #17, .F. ) ;
#2834 = EDGE_LOOP ( 'NONE', ( #5649, #5274, #3602, #2780 ) ) ;
#2835 = CARTESIAN_POINT ( 'NONE',  ( -14.20550632740072317, -6.465472867577809701, 9.614262407242351927 ) ) ;
#2836 = CARTESIAN_POINT ( 'NONE',  ( -14.20550632231417865, -6.845587069745174169, 9.614262405263902522 ) ) ;
#2837 = PLANE ( 'NONE',  #2224 ) ;
#2838 = CARTESIAN_POINT ( 'NONE',  ( -13.11550506870390365, -6.465472867577810590, 52.67188436900229220 ) ) ;
#2839 = VECTOR ( 'NONE', #2356, 1000.000000000000000 ) ;
#2840 = CARTESIAN_POINT ( 'NONE',  ( 1.843800271246069267, -7.220683848318182108, 53.77666321333786925 ) ) ;
#2841 = EDGE_LOOP ( 'NONE', ( #2743, #1929 ) ) ;
#2842 = CC_DESIGN_PERSON_AND_ORGANIZATION_ASSIGNMENT ( #217, #334, ( #1917 ) ) ;
#2843 = CARTESIAN_POINT ( 'NONE',  ( -13.11550506870469945, 14.63452713242211622, 10.35984893471933965 ) ) ;
#2844 = DIRECTION ( 'NONE',  ( 1.000000000000000000, 2.292586091599304413E-16, -1.834068873279443530E-15 ) ) ;
#2845 = ORIENTED_EDGE ( 'NONE', *, *, #1832, .F. ) ;
#2846 = CARTESIAN_POINT ( 'NONE',  ( -32.68671935318108979, -47.56547286757842130, -27.88413334813953526 ) ) ;
#2847 = CARTESIAN_POINT ( 'NONE',  ( -0.2091234047758082082, -9.177380507211871929, 54.36934540255288795 ) ) ;
#2848 = CARTESIAN_POINT ( 'NONE',  ( -29.18671935318196731, 14.93452713242177410, 31.51586665186047753 ) ) ;
#2849 = ORIENTED_EDGE ( 'NONE', *, *, #4177, .F. ) ;
#2850 = CYLINDRICAL_SURFACE ( 'NONE', #3517, 1.050000000000001377 ) ;
#2851 = CIRCLE ( 'NONE', #1283, 0.4999999999999982236 ) ;
#2852 = LINE ( 'NONE', #1965, #4888 ) ;
#2853 = AXIS2_PLACEMENT_3D ( 'NONE', #837, #865, #2645 ) ;
#2854 = VERTEX_POINT ( 'NONE', #2736 ) ;
#2855 = ORIENTED_EDGE ( 'NONE', *, *, #3836, .F. ) ;
#2856 = LINE ( 'NONE', #3411, #4051 ) ;
#2857 = AXIS2_PLACEMENT_3D ( 'NONE', #3204, #4969, #2327 ) ;
#2858 = ADVANCED_FACE ( 'NONE', ( #3627 ), #3651, .F. ) ;
#2859 = CIRCLE ( 'NONE', #4807, 0.5000000000000004441 ) ;
#2860 = ORIENTED_EDGE ( 'NONE', *, *, #3658, .T. ) ;
#2861 = VECTOR ( 'NONE', #4777, 1000.000000000000000 ) ;
#2862 = PLANE ( 'NONE',  #829 ) ;
#2863 = CARTESIAN_POINT ( 'NONE',  ( -11.30682791330380788, -9.265472867577807747, 8.697795309776342521 ) ) ;
#2864 = DIRECTION ( 'NONE',  ( 0.000000000000000000, -1.000000000000000000, -6.308085367188386494E-15 ) ) ;
#2865 = CARTESIAN_POINT ( 'NONE',  ( -20.86550506870329613, 18.43452713242190555, 30.14470820415652952 ) ) ;
#2866 = CARTESIAN_POINT ( 'NONE',  ( 12.83038393224276419, 15.19563592453553014, 23.61026703666882653 ) ) ;
#2867 = CARTESIAN_POINT ( 'NONE',  ( -12.32386790540383714, -8.064448766340722941, 53.07077389515074373 ) ) ;
#2868 = EDGE_CURVE ( 'NONE', #1473, #4045, #5414, .T. ) ;
#2869 = VECTOR ( 'NONE', #882, 1000.000000000000000 ) ;
#2870 = CARTESIAN_POINT ( 'NONE',  ( 1.199210553648013766, -8.348394474340368632, 53.98481971862506867 ) ) ;
#2871 = CIRCLE ( 'NONE', #3430, 1.050000000000000488 ) ;
#2872 = DIRECTION ( 'NONE',  ( 1.000000000000000000, 1.396452398161330027E-14, 0.000000000000000000 ) ) ;
#2873 = ORIENTED_EDGE ( 'NONE', *, *, #4146, .T. ) ;
#2874 = AXIS2_PLACEMENT_3D ( 'NONE', #5001, #1582, #2797 ) ;
#2875 = CARTESIAN_POINT ( 'NONE',  ( -13.11550506878706024, 14.70651509872555174, 10.28786096841517939 ) ) ;
#2876 = LINE ( 'NONE', #2437, #4260 ) ;
#2877 = EDGE_CURVE ( 'NONE', #4425, #2525, #4112, .T. ) ;
#2878 = ORIENTED_EDGE ( 'NONE', *, *, #2214, .T. ) ;
#2879 = CARTESIAN_POINT ( 'NONE',  ( 0.9264968817397006839, 14.92851653868465789, 9.752009990015240604 ) ) ;
#2880 = CARTESIAN_POINT ( 'NONE',  ( 0.6123373585078817349, -7.481220532459534667, 53.11306348844568959 ) ) ;
#2881 = DIRECTION ( 'NONE',  ( -1.396452398161329869E-14, 1.000000000000000000, -0.000000000000000000 ) ) ;
#2882 = ORIENTED_EDGE ( 'NONE', *, *, #2603, .T. ) ;
#2883 = DIRECTION ( 'NONE',  ( -1.000000000000000000, -1.404665511781869571E-14, -5.991902853473150317E-30 ) ) ;
#2884 = CARTESIAN_POINT ( 'NONE',  ( 1.215865781194181094, 15.43452713242207786, 53.28573390744288218 ) ) ;
#2885 = EDGE_CURVE ( 'NONE', #178, #2396, #3706, .T. ) ;
#2886 = ORIENTED_EDGE ( 'NONE', *, *, #5634, .F. ) ;
#2887 = ORIENTED_EDGE ( 'NONE', *, *, #4755, .F. ) ;
#2888 = DIRECTION ( 'NONE',  ( -1.396452398161329869E-14, 1.000000000000000000, 0.000000000000000000 ) ) ;
#2889 = DIRECTION ( 'NONE',  ( 1.000000000000000000, 1.321694076934709574E-14, 0.000000000000000000 ) ) ;
#2890 = FACE_OUTER_BOUND ( 'NONE', #2242, .T. ) ;
#2891 = VERTEX_POINT ( 'NONE', #5491 ) ;
#2892 = FACE_OUTER_BOUND ( 'NONE', #2447, .T. ) ;
#2893 = DIRECTION ( 'NONE',  ( 1.000000000000000000, 1.387778780781445676E-14, 0.000000000000000000 ) ) ;
#2894 = COORDINATED_UNIVERSAL_TIME_OFFSET ( 8, 0, .AHEAD. ) ;
#2895 = CARTESIAN_POINT ( 'NONE',  ( -32.68671935318125321, -35.56547286757842841, -37.88413334813953526 ) ) ;
#2896 = LINE ( 'NONE', #3848, #3054 ) ;
#2897 = AXIS2_PLACEMENT_3D ( 'NONE', #5113, #1136, #4228 ) ;
#2898 = DIRECTION ( 'NONE',  ( -1.401718565583457942E-14, 1.000000000000000000, 6.360652745248286895E-15 ) ) ;
#2899 = EDGE_CURVE ( 'NONE', #5245, #2940, #5466, .T. ) ;
#2900 = CIRCLE ( 'NONE', #579, 0.5000000000000004441 ) ;
#2901 = CARTESIAN_POINT ( 'NONE',  ( 0.3039290801133469055, -8.994283593113033604, 54.24016754571597687 ) ) ;
#2902 = CARTESIAN_POINT ( 'NONE',  ( -13.81076655027230515, 15.43452713242215069, 52.97188436863805805 ) ) ;
#2903 = CARTESIAN_POINT ( 'NONE',  ( -0.1155050687035076296, 14.63452713242212688, 42.11586665186059264 ) ) ;
#2904 = DIRECTION ( 'NONE',  ( -1.400789206851272044E-14, 1.000000000000000000, 1.751623080406021728E-46 ) ) ;
#2905 = ADVANCED_FACE ( 'NONE', ( #1509 ), #5719, .T. ) ;
#2906 = AXIS2_PLACEMENT_3D ( 'NONE', #1274, #5669, #1804 ) ;
#2907 = ORIENTED_EDGE ( 'NONE', *, *, #4048, .F. ) ;
#2908 = FACE_OUTER_BOUND ( 'NONE', #3633, .T. ) ;
#2909 = CARTESIAN_POINT ( 'NONE',  ( 16.28449561181092875, -38.56547286757773918, -27.88413334813953526 ) ) ;
#2910 = DIRECTION ( 'NONE',  ( 3.117823127310333221E-14, 7.211414630518214623E-30, -1.000000000000000000 ) ) ;
#2911 = EDGE_CURVE ( 'NONE', #2891, #3147, #3574, .T. ) ;
#2912 = ORIENTED_EDGE ( 'NONE', *, *, #3326, .F. ) ;
#2913 = CARTESIAN_POINT ( 'NONE',  ( 12.42550038474310092, -18.86547249352465272, 42.91586665186039795 ) ) ;
#2914 = TOROIDAL_SURFACE ( 'NONE', #3371, 5.450000000000000178, 3.000000000000000000 ) ;
#2915 = CARTESIAN_POINT ( 'NONE',  ( 16.28449561181105665, -47.56547286757773918, -27.88413334813953526 ) ) ;
#2916 = ADVANCED_FACE ( 'NONE', ( #1894 ), #1456, .T. ) ;
#2917 = VERTEX_POINT ( 'NONE', #4460 ) ;
#2918 = VERTEX_POINT ( 'NONE', #4570 ) ;
#2919 = CARTESIAN_POINT ( 'NONE',  ( 0.8844949312961748467, 14.63452713242228675, 19.11586664184832074 ) ) ;
#2920 = CARTESIAN_POINT ( 'NONE',  ( 12.88449493129605017, 14.93452713242241714, 23.60991927961703141 ) ) ;
#2921 = EDGE_CURVE ( 'NONE', #2200, #84, #5438, .T. ) ;
#2922 = EDGE_CURVE ( 'NONE', #2723, #900, #2554, .T. ) ;
#2923 = DIRECTION ( 'NONE',  ( -1.404665511781869571E-14, 1.000000000000000000, 5.782411586589354089E-15 ) ) ;
#2924 = ORIENTED_EDGE ( 'NONE', *, *, #3451, .T. ) ;
#2925 = DIRECTION ( 'NONE',  ( -1.000000000000000000, -1.409359931862543532E-14, -7.417683851908123543E-16 ) ) ;
#2926 = EDGE_CURVE ( 'NONE', #2714, #937, #1262, .T. ) ;
#2927 = CARTESIAN_POINT ( 'NONE',  ( -11.99273034774121349, -8.267485322819851490, 9.813186294301946333 ) ) ;
#2928 = DIRECTION ( 'NONE',  ( -1.000000000000000000, -1.404665511781869571E-14, -2.599684951800732511E-31 ) ) ;
#2929 = AXIS2_PLACEMENT_3D ( 'NONE', #2684, #3951, #1786 ) ;
#2930 = AXIS2_PLACEMENT_3D ( 'NONE', #2111, #422, #860 ) ;
#2931 = DIRECTION ( 'NONE',  ( 1.401718565583457942E-14, -1.000000000000000000, -6.360652745248286895E-15 ) ) ;
#2932 = CARTESIAN_POINT ( 'NONE',  ( -15.81551357512652523, -17.56547286757818682, 25.51586665186146519 ) ) ;
#2933 = VECTOR ( 'NONE', #2970, 1000.000000000000000 ) ;
#2934 = CIRCLE ( 'NONE', #5255, 2.999999999999999112 ) ;
#2935 = ORIENTED_EDGE ( 'NONE', *, *, #2029, .F. ) ;
#2936 = DIRECTION ( 'NONE',  ( -1.404665511781869571E-14, 1.000000000000000000, 5.782411586589354089E-15 ) ) ;
#2937 = CARTESIAN_POINT ( 'NONE',  ( -13.11550506870469945, 14.63452713242187997, 52.67188436900190140 ) ) ;
#2938 = CARTESIAN_POINT ( 'NONE',  ( -13.18565220116106040, 15.00648207955764590, 9.987893987584659072 ) ) ;
#2939 = CARTESIAN_POINT ( 'NONE',  ( 11.48712623399610777, 14.93452713242237273, 28.01586664685444461 ) ) ;
#2940 = VERTEX_POINT ( 'NONE', #493 ) ;
#2941 = AXIS2_PLACEMENT_3D ( 'NONE', #794, #4351, #2655 ) ;
#2942 = AXIS2_PLACEMENT_3D ( 'NONE', #1443, #4012, #5365 ) ;
#2943 = CARTESIAN_POINT ( 'NONE',  ( 1.281599903275378205, 15.33355630783727896, 9.783863455497469275 ) ) ;
#2944 = CARTESIAN_POINT ( 'NONE',  ( 0.2646409851330925322, -7.934329108942893782, 54.25679239147203248 ) ) ;
#2945 = ADVANCED_FACE ( 'NONE', ( #4024 ), #2814, .F. ) ;
#2946 = DIRECTION ( 'NONE',  ( 1.000000000000000000, 1.321694076934710363E-14, 0.000000000000000000 ) ) ;
#2947 = ORIENTED_EDGE ( 'NONE', *, *, #1111, .T. ) ;
#2948 = DIRECTION ( 'NONE',  ( 0.000000000000000000, 0.000000000000000000, 1.000000000000000000 ) ) ;
#2949 = CARTESIAN_POINT ( 'NONE',  ( 1.199936519004160207, -8.347572273955002231, 9.047138920230315406 ) ) ;
#2950 = ORIENTED_EDGE ( 'NONE', *, *, #3301, .F. ) ;
#2951 = ORIENTED_EDGE ( 'NONE', *, *, #5148, .F. ) ;
#2952 = FACE_OUTER_BOUND ( 'NONE', #4830, .T. ) ;
#2953 = DIRECTION ( 'NONE',  ( -1.000000000000000000, -1.387778780781445360E-14, 0.000000000000000000 ) ) ;
#2954 = EDGE_CURVE ( 'NONE', #5245, #736, #4516, .T. ) ;
#2955 = CIRCLE ( 'NONE', #3678, 2.449999999999997513 ) ;
#2956 = CARTESIAN_POINT ( 'NONE',  ( 1.884494931296089471, 15.06697027401502176, 39.42181401409186492 ) ) ;
#2957 = ORIENTED_EDGE ( 'NONE', *, *, #3299, .F. ) ;
#2958 = ADVANCED_FACE ( 'NONE', ( #4485 ), #2289, .F. ) ;
#2959 = AXIS2_PLACEMENT_3D ( 'NONE', #1501, #4561, #49 ) ;
#2960 = FACE_OUTER_BOUND ( 'NONE', #375, .T. ) ;
#2961 = CARTESIAN_POINT ( 'NONE',  ( 1.684494931296482312, -98.64468553998270295, 10.04599939627768102 ) ) ;
#2962 = CALENDAR_DATE ( 2026, 8, 7 ) ;
#2963 = CARTESIAN_POINT ( 'NONE',  ( 11.48712623399611843, 15.43452713242233187, 35.01586664685444816 ) ) ;
#2964 = VECTOR ( 'NONE', #2523, 1000.000000000000000 ) ;
#2965 = DIRECTION ( 'NONE',  ( -1.000000000000000000, 0.000000000000000000, 1.006056498704454634E-16 ) ) ;
#2966 = CIRCLE ( 'NONE', #5289, 0.8000000000000003775 ) ;
#2967 = CARTESIAN_POINT ( 'NONE',  ( 1.781911860164618000, 15.43452713242234253, 9.762256657217784905 ) ) ;
#2968 = EDGE_LOOP ( 'NONE', ( #3796, #2950, #3505, #2997 ) ) ;
#2969 = AXIS2_PLACEMENT_3D ( 'NONE', #205, #1830, #2753 ) ;
#2970 = DIRECTION ( 'NONE',  ( 1.400789206851272044E-14, -1.000000000000000000, -0.000000000000000000 ) ) ;
#2971 = DIRECTION ( 'NONE',  ( -1.396452398161329869E-14, 1.000000000000000000, 0.000000000000000000 ) ) ;
#2972 = DIRECTION ( 'NONE',  ( -1.404665511781869571E-14, 1.000000000000000000, 5.782411586589354089E-15 ) ) ;
#2973 = DIRECTION ( 'NONE',  ( 1.000000000000000000, 1.402851773444435856E-14, 0.000000000000000000 ) ) ;
#2974 = ORIENTED_EDGE ( 'NONE', *, *, #1680, .T. ) ;
#2975 = CIRCLE ( 'NONE', #1583, 8.097314602603169931 ) ;
#2976 = EDGE_CURVE ( 'NONE', #4105, #4976, #3665, .T. ) ;
#2977 = CARTESIAN_POINT ( 'NONE',  ( 26.28449561181089678, -35.56547286757760418, -27.88413334813951039 ) ) ;
#2978 = CARTESIAN_POINT ( 'NONE',  ( 16.28449561181089678, -35.56547286757773918, -37.88413334813954236 ) ) ;
#2979 = DIRECTION ( 'NONE',  ( -1.400789206851271413E-14, 1.000000000000000000, 4.356926556559735285E-30 ) ) ;
#2980 = VERTEX_POINT ( 'NONE', #2434 ) ;
#2981 = DIRECTION ( 'NONE',  ( -1.000000000000000000, -1.387778780781444413E-14, 0.000000000000000000 ) ) ;
#2982 = CARTESIAN_POINT ( 'NONE',  ( 1.684494931296490527, 14.63452713242214820, 42.91586665186042637 ) ) ;
#2983 = ORIENTED_EDGE ( 'NONE', *, *, #2206, .F. ) ;
#2984 = ORIENTED_EDGE ( 'NONE', *, *, #4573, .T. ) ;
#2985 = CYLINDRICAL_SURFACE ( 'NONE', #3183, 23.50000000000000000 ) ;
#2986 = CARTESIAN_POINT ( 'NONE',  ( -13.11550506870390365, 13.53452713242215033, 42.91586665186058980 ) ) ;
#2987 = CARTESIAN_POINT ( 'NONE',  ( 12.38449493129604129, 15.43452713242254681, 8.195154849044064913E-14 ) ) ;
#2988 = ORIENTED_EDGE ( 'NONE', *, *, #2412, .F. ) ;
#2989 = EDGE_CURVE ( 'NONE', #5692, #3865, #3291, .T. ) ;
#2990 = AXIS2_PLACEMENT_3D ( 'NONE', #3957, #42, #5743 ) ;
#2991 = DIRECTION ( 'NONE',  ( -1.419319207617387336E-14, 1.000000000000000000, 6.308085367188388072E-15 ) ) ;
#2992 = CARTESIAN_POINT ( 'NONE',  ( -11.11550506870390365, -6.465472867577810590, 20.11586665186051448 ) ) ;
#2993 = DIRECTION ( 'NONE',  ( 1.000000000000000000, 1.445602896647339666E-14, 0.000000000000000000 ) ) ;
#2994 = DIRECTION ( 'NONE',  ( 1.396989743957924894E-14, -1.000000000000000000, 3.822474335437906928E-33 ) ) ;
#2995 = ADVANCED_FACE ( 'NONE', ( #4662 ), #2006, .F. ) ;
#2996 = DIRECTION ( 'NONE',  ( 1.396452398161329869E-14, -1.000000000000000000, 0.000000000000000000 ) ) ;
#2997 = ORIENTED_EDGE ( 'NONE', *, *, #3020, .F. ) ;
#2998 = CARTESIAN_POINT ( 'NONE',  ( -13.91550506870470905, 15.43452713242187180, 53.47188436900189856 ) ) ;
#2999 = LINE ( 'NONE', #816, #1149 ) ;
#3000 = DIRECTION ( 'NONE',  ( -1.404665511781869571E-14, 1.000000000000000000, 5.782411586589354878E-15 ) ) ;
#3001 = ORIENTED_EDGE ( 'NONE', *, *, #2341, .F. ) ;
#3002 =( BOUNDED_CURVE ( )  B_SPLINE_CURVE ( 3, ( #5260, #3055, #4817, #1313 ),
 .UNSPECIFIED., .F., .T. ) 
 B_SPLINE_CURVE_WITH_KNOTS ( ( 4, 4 ),
 ( -1.776356839400250465E-15, 1.570796326794899223 ),
 .UNSPECIFIED. ) 
 CURVE ( )  GEOMETRIC_REPRESENTATION_ITEM ( )  RATIONAL_B_SPLINE_CURVE ( ( 1.000000000000000000, 0.8047378541243640493, 0.8047378541243640493, 1.000000000000000000 ) ) 
 REPRESENTATION_ITEM ( '' )  );
#3003 = CIRCLE ( 'NONE', #4469, 1.000000000000000888 ) ;
#3004 = CARTESIAN_POINT ( 'NONE',  ( -23.86550506870327126, 16.72742035123530968, 32.64470820415652241 ) ) ;
#3005 = CARTESIAN_POINT ( 'NONE',  ( -35.18671935318123190, -35.56547286757846393, 19.41586665186047966 ) ) ;
#3006 = LINE ( 'NONE', #3891, #4531 ) ;
#3007 = ORIENTED_EDGE ( 'NONE', *, *, #3868, .T. ) ;
#3008 = DIRECTION ( 'NONE',  ( 1.404665511781869571E-14, -1.000000000000000000, -5.782411586589354089E-15 ) ) ;
#3009 = CARTESIAN_POINT ( 'NONE',  ( 1.541274034904012380, -7.901669976215266900, 9.154759486840530869 ) ) ;
#3010 = VERTEX_POINT ( 'NONE', #1066 ) ;
#3011 = ORIENTED_EDGE ( 'NONE', *, *, #5340, .T. ) ;
#3012 = CARTESIAN_POINT ( 'NONE',  ( 16.28449561181101046, -43.56547286757773918, 90.91586665186036953 ) ) ;
#3013 = CARTESIAN_POINT ( 'NONE',  ( 0.8844949312961755128, 12.43452713242226260, 19.11586664184830653 ) ) ;
#3014 = DIRECTION ( 'NONE',  ( 1.404665511781869571E-14, -1.000000000000000000, -5.782411586589354089E-15 ) ) ;
#3015 = VERTEX_POINT ( 'NONE', #5611 ) ;
#3016 = CARTESIAN_POINT ( 'NONE',  ( -20.71550438818979245, 13.53452713242183236, 42.91586665186058980 ) ) ;
#3017 = DIRECTION ( 'NONE',  ( -2.312964634635743450E-16, 1.000000000000000000, 0.000000000000000000 ) ) ;
#3018 =( NAMED_UNIT ( * ) SI_UNIT ( $, .STERADIAN. ) SOLID_ANGLE_UNIT ( ) );
#3019 = FACE_OUTER_BOUND ( 'NONE', #863, .T. ) ;
#3020 = EDGE_CURVE ( 'NONE', #5421, #4326, #5645, .T. ) ;
#3021 = DIRECTION ( 'NONE',  ( -1.000000000000000000, -1.396452398161329869E-14, 0.000000000000000000 ) ) ;
#3022 = CARTESIAN_POINT ( 'NONE',  ( 3.634494931296750941, 14.93452713242224306, 31.51586664685444106 ) ) ;
#3023 = EDGE_LOOP ( 'NONE', ( #1388, #55, #2010, #2935 ) ) ;
#3024 = VECTOR ( 'NONE', #4934, 1000.000000000000000 ) ;
#3025 = CARTESIAN_POINT ( 'NONE',  ( -21.36550506870329613, 18.43452713242188423, 32.64470820415652952 ) ) ;
#3026 = FACE_OUTER_BOUND ( 'NONE', #3527, .T. ) ;
#3027 = DIRECTION ( 'NONE',  ( -1.396989743957924894E-14, 1.000000000000000000, 0.000000000000000000 ) ) ;
#3028 = CARTESIAN_POINT ( 'NONE',  ( -32.68671935318126032, -35.56547286757842841, -27.88413334813953526 ) ) ;
#3029 = AXIS2_PLACEMENT_3D ( 'NONE', #2216, #3570, #3270 ) ;
#3030 = EDGE_LOOP ( 'NONE', ( #467, #1928, #677, #1585 ) ) ;
#3031 = CARTESIAN_POINT ( 'NONE',  ( 11.48712623399609178, 15.43452713242233187, 35.01586664685444816 ) ) ;
#3032 = FACE_OUTER_BOUND ( 'NONE', #4967, .T. ) ;
#3033 = LINE ( 'NONE', #4764, #5361 ) ;
#3034 = VERTEX_POINT ( 'NONE', #1661 ) ;
#3035 = CARTESIAN_POINT ( 'NONE',  ( -13.11550506870390365, 14.93452713242211871, 10.35984893471933610 ) ) ;
#3036 = CARTESIAN_POINT ( 'NONE',  ( -38.13671935318121342, -38.56547286757850657, 90.91586665186036953 ) ) ;
#3037 = EDGE_CURVE ( 'NONE', #2525, #3202, #1191, .T. ) ;
#3038 = ORIENTED_EDGE ( 'NONE', *, *, #5592, .T. ) ;
#3039 = ORIENTED_EDGE ( 'NONE', *, *, #7, .F. ) ;
#3040 = DIRECTION ( 'NONE',  ( -1.000000000000000000, -1.387778780781444413E-14, 0.000000000000000000 ) ) ;
#3041 = FACE_OUTER_BOUND ( 'NONE', #3064, .T. ) ;
#3042 = ORIENTED_EDGE ( 'NONE', *, *, #1726, .F. ) ;
#3043 = ORIENTED_EDGE ( 'NONE', *, *, #5163, .F. ) ;
#3044 = CARTESIAN_POINT ( 'NONE',  ( 16.28449561181105665, -47.56547286757773918, -27.88413334813953526 ) ) ;
#3045 = FACE_OUTER_BOUND ( 'NONE', #3644, .T. ) ;
#3046 = CARTESIAN_POINT ( 'NONE',  ( -13.91550506870390436, -6.465472867577810590, 52.67188436900229220 ) ) ;
#3047 = FACE_OUTER_BOUND ( 'NONE', #4033, .T. ) ;
#3048 = CARTESIAN_POINT ( 'NONE',  ( -13.44687591860317966, 14.93452713242188423, 53.47188436900191277 ) ) ;
#3049 = AXIS2_PLACEMENT_3D ( 'NONE', #3036, #2107, #744 ) ;
#3050 = VERTEX_POINT ( 'NONE', #2065 ) ;
#3051 = CIRCLE ( 'NONE', #2217, 0.8000000000000000444 ) ;
#3052 = EDGE_CURVE ( 'NONE', #2236, #3871, #4401, .T. ) ;
#3053 = ORIENTED_EDGE ( 'NONE', *, *, #5156, .T. ) ;
#3054 = VECTOR ( 'NONE', #3786, 1000.000000000000000 ) ;
#3055 = CARTESIAN_POINT ( 'NONE',  ( -20.86550506870329613, 18.22742035123534166, 33.14470820415652952 ) ) ;
#3056 = VECTOR ( 'NONE', #5065, 1000.000000000000000 ) ;
#3057 = DIRECTION ( 'NONE',  ( -1.000000000000000000, -1.392523712765744556E-14, 0.000000000000000000 ) ) ;
#3058 = LINE ( 'NONE', #3327, #1764 ) ;
#3059 = EDGE_CURVE ( 'NONE', #1117, #1420, #1538, .T. ) ;
#3060 = CIRCLE ( 'NONE', #456, 10.00000000000000178 ) ;
#3061 = ORIENTED_EDGE ( 'NONE', *, *, #4196, .F. ) ;
#3062 = DIRECTION ( 'NONE',  ( -1.396452398161329869E-14, 1.000000000000000000, -0.000000000000000000 ) ) ;
#3063 = LINE ( 'NONE', #4911, #4067 ) ;
#3064 = EDGE_LOOP ( 'NONE', ( #5177, #1772, #4259, #4321 ) ) ;
#3065 = DIRECTION ( 'NONE',  ( 1.301042606982604690E-14, -1.000000000000000000, 0.000000000000000000 ) ) ;
#3066 = EDGE_CURVE ( 'NONE', #2854, #4045, #3947, .T. ) ;
#3067 = CARTESIAN_POINT ( 'NONE',  ( 1.845667639380672576, -7.213615105994988674, 9.255703518335698377 ) ) ;
#3068 = ORIENTED_EDGE ( 'NONE', *, *, #3372, .F. ) ;
#3069 = ORIENTED_EDGE ( 'NONE', *, *, #5193, .F. ) ;
#3070 = DIRECTION ( 'NONE',  ( 2.360167994526271885E-16, 0.000000000000000000, 1.000000000000000000 ) ) ;
#3071 = DIRECTION ( 'NONE',  ( 1.404665511781869571E-14, -1.000000000000000000, -5.782411586589354089E-15 ) ) ;
#3072 = VECTOR ( 'NONE', #414, 1000.000000000000000 ) ;
#3073 = CIRCLE ( 'NONE', #5567, 8.597314602603169931 ) ;
#3074 = ADVANCED_FACE ( 'NONE', ( #3851 ), #5102, .F. ) ;
#3075 = ORIENTED_EDGE ( 'NONE', *, *, #1756, .F. ) ;
#3076 = ORIENTED_EDGE ( 'NONE', *, *, #970, .F. ) ;
#3077 = EDGE_LOOP ( 'NONE', ( #3069, #4362, #4611, #1249, #281 ) ) ;
#3078 = DIRECTION ( 'NONE',  ( 1.396452398161329869E-14, -1.000000000000000000, 0.000000000000000000 ) ) ;
#3079 = CARTESIAN_POINT ( 'NONE',  ( -21.07261184988984581, 18.43452713242190200, 30.35181498534307920 ) ) ;
#3080 = DIRECTION ( 'NONE',  ( -1.000000000000000000, 0.000000000000000000, 3.708841925954062758E-16 ) ) ;
#3081 = DIRECTION ( 'NONE',  ( -1.387778780781444413E-14, 1.000000000000000000, 0.000000000000000000 ) ) ;
#3082 = VECTOR ( 'NONE', #2250, 1000.000000000000000 ) ;
#3083 = ORIENTED_EDGE ( 'NONE', *, *, #4903, .T. ) ;
#3084 = EDGE_CURVE ( 'NONE', #2281, #3723, #5441, .T. ) ;
#3085 = ORIENTED_EDGE ( 'NONE', *, *, #3492, .T. ) ;
#3086 = CARTESIAN_POINT ( 'NONE',  ( 1.781911860164624439, 14.93452713242233365, 9.762256657217777800 ) ) ;
#3087 = DIRECTION ( 'NONE',  ( 0.000000000000000000, 1.000000000000000000, 5.782411586589343045E-15 ) ) ;
#3088 = ORIENTED_EDGE ( 'NONE', *, *, #2392, .T. ) ;
#3089 = DIRECTION ( 'NONE',  ( 0.000000000000000000, -1.000000000000000000, -5.955883934187037954E-15 ) ) ;
#3090 = DIRECTION ( 'NONE',  ( 1.000000000000000000, 1.400510696201458889E-14, 0.000000000000000000 ) ) ;
#3091 = CARTESIAN_POINT ( 'NONE',  ( 1.781911860164653749, 15.43452713242209029, 53.26947664650345615 ) ) ;
#3092 = ORIENTED_EDGE ( 'NONE', *, *, #229, .F. ) ;
#3093 = DIRECTION ( 'NONE',  ( -1.404665511781869729E-14, 1.000000000000000000, 5.782411586589354089E-15 ) ) ;
#3094 = EDGE_CURVE ( 'NONE', #4789, #2334, #2463, .T. ) ;
#3095 = DIRECTION ( 'NONE',  ( 1.000000000000000000, 1.404665511781870202E-14, -1.156482317317874092E-15 ) ) ;
#3096 = CIRCLE ( 'NONE', #572, 0.5000000000000028866 ) ;
#3097 = AXIS2_PLACEMENT_3D ( 'NONE', #5678, #1724, #3087 ) ;
#3098 = ORIENTED_EDGE ( 'NONE', *, *, #5275, .F. ) ;
#3099 = DIRECTION ( 'NONE',  ( -3.117823127310333221E-14, -5.782411586589792696E-15, 1.000000000000000000 ) ) ;
#3100 = FACE_OUTER_BOUND ( 'NONE', #54, .T. ) ;
#3101 = VECTOR ( 'NONE', #126, 1000.000000000000000 ) ;
#3102 = ORIENTED_EDGE ( 'NONE', *, *, #1916, .T. ) ;
#3103 = VERTEX_POINT ( 'NONE', #729 ) ;
#3104 = DIRECTION ( 'NONE',  ( -1.000000000000000000, -1.387778780781444413E-14, 0.000000000000000000 ) ) ;
#3105 = CARTESIAN_POINT ( 'NONE',  ( 12.42550038485755870, -18.86547249352465272, 20.11586665186050027 ) ) ;
#3106 = VERTEX_POINT ( 'NONE', #2500 ) ;
#3107 = VERTEX_POINT ( 'NONE', #283 ) ;
#3108 = CARTESIAN_POINT ( 'NONE',  ( 12.38449493129604306, 15.43452713242238517, 28.01586664685445172 ) ) ;
#3109 = DIRECTION ( 'NONE',  ( -0.000000000000000000, -6.391086490440882650E-15, 1.000000000000000000 ) ) ;
#3110 = ORIENTED_EDGE ( 'NONE', *, *, #2279, .F. ) ;
#3111 = PLANE ( 'NONE',  #890 ) ;
#3112 = CARTESIAN_POINT ( 'NONE',  ( -37.18671935318123900, -35.56547286757849236, 24.41586665186047966 ) ) ;
#3113 = CARTESIAN_POINT ( 'NONE',  ( -0.9544050058144147863, -9.265472867577802418, 8.497282835350340235 ) ) ;
#3114 = ORIENTED_EDGE ( 'NONE', *, *, #3329, .F. ) ;
#3115 = CYLINDRICAL_SURFACE ( 'NONE', #2166, 1.049999999999999822 ) ;
#3116 = AXIS2_PLACEMENT_3D ( 'NONE', #4909, #1284, #933 ) ;
#3117 = VECTOR ( 'NONE', #358, 1000.000000000000000 ) ;
#3118 = CARTESIAN_POINT ( 'NONE',  ( 0.3823249935435918956, -7.797130509116844799, 9.816935729046466719 ) ) ;
#3119 = FACE_OUTER_BOUND ( 'NONE', #5374, .T. ) ;
#3120 = ORIENTED_EDGE ( 'NONE', *, *, #5589, .F. ) ;
#3121 = AXIS2_PLACEMENT_3D ( 'NONE', #4244, #5538, #277 ) ;
#3122 = CARTESIAN_POINT ( 'NONE',  ( 12.38449493129608392, 12.43452713242236918, 28.01586664685443040 ) ) ;
#3123 = CARTESIAN_POINT ( 'NONE',  ( -12.11550506870391253, 15.43452713242208141, 20.91586664184828948 ) ) ;
#3124 = ORIENTED_EDGE ( 'NONE', *, *, #3976, .F. ) ;
#3125 = EDGE_LOOP ( 'NONE', ( #4317, #1752, #1238, #4606 ) ) ;
#3126 = AXIS2_PLACEMENT_3D ( 'NONE', #483, #2442, #2703 ) ;
#3127 = DIRECTION ( 'NONE',  ( 1.000000000000000000, 1.387778780781444413E-14, 0.000000000000000000 ) ) ;
#3128 = FACE_OUTER_BOUND ( 'NONE', #849, .T. ) ;
#3129 = CARTESIAN_POINT ( 'NONE',  ( -3.815513575126157075, -46.56547286757803050, 37.51586665186152203 ) ) ;
#3130 = EDGE_CURVE ( 'NONE', #5432, #1372, #3822, .T. ) ;
#3131 = ORIENTED_EDGE ( 'NONE', *, *, #2922, .T. ) ;
#3132 = ORIENTED_EDGE ( 'NONE', *, *, #3373, .F. ) ;
#3133 = CARTESIAN_POINT ( 'NONE',  ( 0.1888156628235848067, -7.987140152654167657, 53.29620925930866804 ) ) ;
#3134 = AXIS2_PLACEMENT_3D ( 'NONE', #4378, #4881, #2687 ) ;
#3135 = ADVANCED_FACE ( 'NONE', ( #4279 ), #431, .T. ) ;
#3136 = DIRECTION ( 'NONE',  ( 1.000000000000000000, 1.321694076934708943E-14, 0.000000000000000000 ) ) ;
#3137 = EDGE_CURVE ( 'NONE', #3050, #4781, #1809, .T. ) ;
#3138 = ORIENTED_EDGE ( 'NONE', *, *, #2351, .F. ) ;
#3139 = DIRECTION ( 'NONE',  ( -1.000000000000000000, -1.734723475976806148E-14, 0.000000000000000000 ) ) ;
#3140 = CARTESIAN_POINT ( 'NONE',  ( -22.01195167811003373, 18.08097374182861827, 30.14470820415652952 ) ) ;
#3141 = VECTOR ( 'NONE', #2701, 1000.000000000000000 ) ;
#3142 = CARTESIAN_POINT ( 'NONE',  ( -13.91550506870391324, 15.43452713242192331, 43.91586665186060401 ) ) ;
#3143 = ORIENTED_EDGE ( 'NONE', *, *, #1651, .F. ) ;
#3144 = CARTESIAN_POINT ( 'NONE',  ( -1.115505068703502412, -8.465472867577810590, 53.75083910440431367 ) ) ;
#3145 = CARTESIAN_POINT ( 'NONE',  ( -0.1156289578999184497, -8.216690623405485283, 9.612545569356175434 ) ) ;
#3146 = DIRECTION ( 'NONE',  ( 3.944304526106107373E-31, 5.782411586589359611E-15, -1.000000000000000000 ) ) ;
#3147 = VERTEX_POINT ( 'NONE', #846 ) ;
#3148 = CYLINDRICAL_SURFACE ( 'NONE', #401, 0.8000000000000001554 ) ;
#3149 = CARTESIAN_POINT ( 'NONE',  ( -36.18671935318123190, -35.56547286757847814, 17.41586665186047966 ) ) ;
#3150 = AXIS2_PLACEMENT_3D ( 'NONE', #4926, #949, #2729 ) ;
#3151 =( BOUNDED_CURVE ( )  B_SPLINE_CURVE ( 3, ( #5290, #3048, #4723, #5257 ),
 .UNSPECIFIED., .F., .T. ) 
 B_SPLINE_CURVE_WITH_KNOTS ( ( 4, 4 ),
 ( 0.000000000000000000, 1.570796326794893449 ),
 .UNSPECIFIED. ) 
 CURVE ( )  GEOMETRIC_REPRESENTATION_ITEM ( )  RATIONAL_B_SPLINE_CURVE ( ( 1.000000000000000000, 0.8047378541243658256, 0.8047378541243658256, 1.000000000000000000 ) ) 
 REPRESENTATION_ITEM ( '' )  );
#3152 = CARTESIAN_POINT ( 'NONE',  ( 0.8844949312964904831, 14.63452713242214287, 43.91586665186059690 ) ) ;
#3153 = VERTEX_POINT ( 'NONE', #5206 ) ;
#3154 = VERTEX_POINT ( 'NONE', #3108 ) ;
#3155 = CARTESIAN_POINT ( 'NONE',  ( 0.9546420637520487418, 15.00648207955686964, 53.35768885457855504 ) ) ;
#3156 = CIRCLE ( 'NONE', #4348, 11.50000000000000178 ) ;
#3157 = AXIS2_PLACEMENT_3D ( 'NONE', #5478, #5503, #646 ) ;
#3158 = DIRECTION ( 'NONE',  ( 1.000000000000000000, 2.214540607629966587E-16, 0.000000000000000000 ) ) ;
#3159 = ADVANCED_FACE ( 'NONE', ( #5233 ), #4783, .T. ) ;
#3160 = VERTEX_POINT ( 'NONE', #2157 ) ;
#3161 = ORIENTED_EDGE ( 'NONE', *, *, #5659, .F. ) ;
#3162 = DIRECTION ( 'NONE',  ( -1.000000000000000000, -1.399343603954624442E-14, 0.000000000000000000 ) ) ;
#3163 = EDGE_CURVE ( 'NONE', #1612, #3865, #2651, .T. ) ;
#3164 = CARTESIAN_POINT ( 'NONE',  ( -12.11550506870390187, 15.43452713242207253, 20.11586664184829232 ) ) ;
#3165 = CARTESIAN_POINT ( 'NONE',  ( 1.684494931296480313, 15.43452713242208674, 53.55717203124930847 ) ) ;
#3166 = CIRCLE ( 'NONE', #3445, 14.49999999999999822 ) ;
#3167 = EDGE_CURVE ( 'NONE', #3377, #5348, #4399, .T. ) ;
#3168 = DIRECTION ( 'NONE',  ( -1.000000000000000000, -1.445602896647339666E-14, 0.000000000000000000 ) ) ;
#3169 = CARTESIAN_POINT ( 'NONE',  ( -11.11550506870390365, -6.465472867577810590, 14.91586665186049565 ) ) ;
#3170 = CARTESIAN_POINT ( 'NONE',  ( -13.00487887529230413, -7.134897423226446378, 52.73162173721719626 ) ) ;
#3171 = EDGE_CURVE ( 'NONE', #937, #3010, #803, .T. ) ;
#3172 = ORIENTED_EDGE ( 'NONE', *, *, #1339, .T. ) ;
#3173 = DIRECTION ( 'NONE',  ( 0.000000000000000000, 0.000000000000000000, -1.000000000000000000 ) ) ;
#3174 = EDGE_CURVE ( 'NONE', #2629, #1266, #3455, .T. ) ;
#3175 = CARTESIAN_POINT ( 'NONE',  ( 1.791445656002149445, -7.381469217425729035, 9.237330736359179895 ) ) ;
#3176 = DIRECTION ( 'NONE',  ( 0.000000000000000000, -5.782411586589358822E-15, 1.000000000000000000 ) ) ;
#3177 = ORIENTED_EDGE ( 'NONE', *, *, #4393, .T. ) ;
#3178 = VERTEX_POINT ( 'NONE', #3025 ) ;
#3179 = EDGE_CURVE ( 'NONE', #521, #4731, #514, .T. ) ;
#3180 = FACE_OUTER_BOUND ( 'NONE', #2542, .T. ) ;
#3181 = DIRECTION ( 'NONE',  ( -0.000000000000000000, 1.000000000000000000, 1.163328072630582576E-15 ) ) ;
#3182 = ADVANCED_FACE ( 'NONE', ( #2210 ), #3998, .T. ) ;
#3183 = AXIS2_PLACEMENT_3D ( 'NONE', #240, #3806, #2543 ) ;
#3184 = CARTESIAN_POINT ( 'NONE',  ( -32.68671935318114663, -43.56547286757842841, 90.91586665186036953 ) ) ;
#3185 = ORIENTED_EDGE ( 'NONE', *, *, #3948, .F. ) ;
#3186 = ORIENTED_EDGE ( 'NONE', *, *, #311, .T. ) ;
#3187 = CARTESIAN_POINT ( 'NONE',  ( 1.355538440376146792, 15.38694800507158789, 53.73815478009321112 ) ) ;
#3188 = DIRECTION ( 'NONE',  ( 2.312964634637546490E-16, -1.000000000000000000, -5.782411586589787174E-15 ) ) ;
#3189 = ORIENTED_EDGE ( 'NONE', *, *, #4557, .T. ) ;
#3190 = CIRCLE ( 'NONE', #681, 2.000000000000000000 ) ;
#3191 = ORIENTED_EDGE ( 'NONE', *, *, #1887, .T. ) ;
#3192 = CARTESIAN_POINT ( 'NONE',  ( -13.57810918631997055, -8.214898898217905199, 9.380163008583483730 ) ) ;
#3193 = ADVANCED_FACE ( 'NONE', ( #4875 ), #5703, .T. ) ;
#3194 = CARTESIAN_POINT ( 'NONE',  ( 16.28449561181099980, -43.56547286757773918, -27.88413334813953526 ) ) ;
#3195 = CARTESIAN_POINT ( 'NONE',  ( -21.26195167811004438, 18.83097374182863248, 30.64470820415653662 ) ) ;
#3196 = DIRECTION ( 'NONE',  ( -1.404665511781869256E-14, 1.000000000000000000, 0.000000000000000000 ) ) ;
#3197 = CARTESIAN_POINT ( 'NONE',  ( -13.58040896420224541, -8.212229749752427921, 53.65075262146689283 ) ) ;
#3198 = VERTEX_POINT ( 'NONE', #2556 ) ;
#3199 = DIRECTION ( 'NONE',  ( -1.000000000000000000, 0.000000000000000000, 0.000000000000000000 ) ) ;
#3200 = LINE ( 'NONE', #940, #1084 ) ;
#3201 = APPLICATION_CONTEXT ( 'configuration controlled 3d designs of mechanical parts and assemblies' ) ;
#3202 = VERTEX_POINT ( 'NONE', #30 ) ;
#3203 = EDGE_LOOP ( 'NONE', ( #3546, #2153, #1331 ) ) ;
#3204 = CARTESIAN_POINT ( 'NONE',  ( -32.68671935318114663, -43.56547286757842841, 90.91586665186036953 ) ) ;
#3205 = DIRECTION ( 'NONE',  ( -1.000000000000000000, -1.387778780777760906E-14, -5.308253836489024862E-12 ) ) ;
#3206 = VECTOR ( 'NONE', #820, 1000.000000000000000 ) ;
#3207 = AXIS2_PLACEMENT_3D ( 'NONE', #776, #2544, #4298 ) ;
#3208 = DIRECTION ( 'NONE',  ( 1.396452398161329869E-14, -1.000000000000000000, -0.000000000000000000 ) ) ;
#3209 = EDGE_CURVE ( 'NONE', #2325, #649, #4370, .T. ) ;
#3210 = AXIS2_PLACEMENT_3D ( 'NONE', #1342, #3944, #435 ) ;
#3211 = CIRCLE ( 'NONE', #3666, 14.99999999999991118 ) ;
#3212 = ORIENTED_EDGE ( 'NONE', *, *, #4630, .T. ) ;
#3213 = ORIENTED_EDGE ( 'NONE', *, *, #3945, .T. ) ;
#3214 = CARTESIAN_POINT ( 'NONE',  ( 1.475096467532164946, 14.92671891114799365, 53.76491198404558958 ) ) ;
#3215 = ORIENTED_EDGE ( 'NONE', *, *, #3404, .F. ) ;
#3216 = AXIS2_PLACEMENT_3D ( 'NONE', #3689, #3580, #4473 ) ;
#3217 = EDGE_LOOP ( 'NONE', ( #2924, #3212, #1360, #1738 ) ) ;
#3218 = VECTOR ( 'NONE', #5427, 1000.000000000000000 ) ;
#3219 = FACE_OUTER_BOUND ( 'NONE', #932, .T. ) ;
#3220 = CARTESIAN_POINT ( 'NONE',  ( -0.8558775747144008461, -8.452697034157445444, 53.67374428705826972 ) ) ;
#3221 = AXIS2_PLACEMENT_3D ( 'NONE', #3249, #1095, #2787 ) ;
#3222 = CARTESIAN_POINT ( 'NONE',  ( 12.88449493129608570, 12.43452713242237273, 28.01586664685443040 ) ) ;
#3223 = CYLINDRICAL_SURFACE ( 'NONE', #3221, 0.5000000000000004441 ) ;
#3224 = VERTEX_POINT ( 'NONE', #2239 ) ;
#3225 = CARTESIAN_POINT ( 'NONE',  ( 0.8844949312964630606, -6.599871170239573814, 10.04599939477391679 ) ) ;
#3226 = EDGE_CURVE ( 'NONE', #3224, #4703, #4127, .T. ) ;
#3227 = EDGE_LOOP ( 'NONE', ( #1685, #1848, #265 ) ) ;
#3228 = CIRCLE ( 'NONE', #2587, 0.5000000000000004441 ) ;
#3229 = VERTEX_POINT ( 'NONE', #4310 ) ;
#3230 = CARTESIAN_POINT ( 'NONE',  ( -32.68671935318114663, -43.56547286757842841, 90.91586665186036953 ) ) ;
#3231 = CARTESIAN_POINT ( 'NONE',  ( -1.115505068703503966, -6.465472867577807925, 42.91586665186046190 ) ) ;
#3232 = LINE ( 'NONE', #2796, #2839 ) ;
#3233 = EDGE_CURVE ( 'NONE', #302, #3769, #4846, .T. ) ;
#3234 = CIRCLE ( 'NONE', #734, 23.49999999999997868 ) ;
#3235 = VECTOR ( 'NONE', #2369, 1000.000000000000114 ) ;
#3236 = DIRECTION ( 'NONE',  ( 0.000000000000000000, 5.204170427930416550E-15, -1.000000000000000000 ) ) ;
#3237 = VECTOR ( 'NONE', #2398, 1000.000000000000000 ) ;
#3238 = ORIENTED_EDGE ( 'NONE', *, *, #1945, .T. ) ;
#3239 = ORIENTED_EDGE ( 'NONE', *, *, #3059, .F. ) ;
#3240 = AXIS2_PLACEMENT_3D ( 'NONE', #2260, #1964, #1422 ) ;
#3241 = DIRECTION ( 'NONE',  ( -1.401718565583457942E-14, 1.000000000000000000, 6.360652745248286895E-15 ) ) ;
#3242 = EDGE_CURVE ( 'NONE', #5245, #3178, #3002, .T. ) ;
#3243 = ORIENTED_EDGE ( 'NONE', *, *, #4363, .F. ) ;
#3244 = ORIENTED_EDGE ( 'NONE', *, *, #4568, .F. ) ;
#3245 = CARTESIAN_POINT ( 'NONE',  ( -12.21691558443130354, -9.129923584323423214, 8.940685793074539589 ) ) ;
#3246 = CARTESIAN_POINT ( 'NONE',  ( 0.6711185389938745249, -7.374038700143408676, 53.08611982161703935 ) ) ;
#3247 = CARTESIAN_POINT ( 'NONE',  ( 8.437206556002168512, 14.93452713242233010, 28.01586664685444816 ) ) ;
#3248 = CARTESIAN_POINT ( 'NONE',  ( -32.68671935318095478, -57.56547286757843551, 90.91586665186036953 ) ) ;
#3249 = CARTESIAN_POINT ( 'NONE',  ( -23.36550506870329613, 18.43452713242185581, 32.64470820415652952 ) ) ;
#3250 = ORIENTED_EDGE ( 'NONE', *, *, #5156, .F. ) ;
#3251 = CARTESIAN_POINT ( 'NONE',  ( -13.21647591798389954, 15.03742222005973339, 10.20876327685543750 ) ) ;
#3252 = DIRECTION ( 'NONE',  ( -1.396452398161329869E-14, 1.000000000000000000, -0.000000000000000000 ) ) ;
#3253 = EDGE_LOOP ( 'NONE', ( #830, #2380 ) ) ;
#3254 = ORIENTED_EDGE ( 'NONE', *, *, #4709, .T. ) ;
#3255 = DIRECTION ( 'NONE',  ( 0.7071067811865339170, 0.7071067811865612285, 4.088782444489015057E-15 ) ) ;
#3256 = CARTESIAN_POINT ( 'NONE',  ( -0.5765163095752589006, -9.247463358524749211, 54.45429234403599139 ) ) ;
#3257 = EDGE_CURVE ( 'NONE', #937, #2334, #259, .T. ) ;
#3258 = CARTESIAN_POINT ( 'NONE',  ( -35.13671935318114947, -43.56547286757846393, -27.88413334813953526 ) ) ;
#3259 = VECTOR ( 'NONE', #4302, 1000.000000000000000 ) ;
#3260 = EDGE_LOOP ( 'NONE', ( #3501, #2882, #874, #3143 ) ) ;
#3261 = ORIENTED_EDGE ( 'NONE', *, *, #1756, .T. ) ;
#3262 = ADVANCED_FACE ( 'NONE', ( #4901 ), #4983, .F. ) ;
#3263 = CARTESIAN_POINT ( 'NONE',  ( -35.18671935318172928, 0.4345271324215360664, 43.61586665186047895 ) ) ;
#3264 = ORIENTED_EDGE ( 'NONE', *, *, #379, .T. ) ;
#3265 = AXIS2_PLACEMENT_3D ( 'NONE', #4704, #4355, #4883 ) ;
#3266 = EDGE_CURVE ( 'NONE', #4592, #4179, #4457, .T. ) ;
#3267 = AXIS2_PLACEMENT_3D ( 'NONE', #341, #2007, #5546 ) ;
#3268 = ORIENTED_EDGE ( 'NONE', *, *, #2784, .F. ) ;
#3269 = DIRECTION ( 'NONE',  ( -1.000000000000000000, -1.387778780781444256E-14, 5.220216620083201902E-12 ) ) ;
#3270 = DIRECTION ( 'NONE',  ( 1.000000000000000000, 1.396452398161329711E-14, 0.000000000000000000 ) ) ;
#3271 = DIRECTION ( 'NONE',  ( 1.000000000000000000, 1.396452398161329869E-14, 0.000000000000000000 ) ) ;
#3272 = CARTESIAN_POINT ( 'NONE',  ( 0.8844949312964918153, 14.93452713242207608, 52.98573390744289924 ) ) ;
#3273 = EDGE_CURVE ( 'NONE', #5123, #5624, #2493, .T. ) ;
#3274 = CARTESIAN_POINT ( 'NONE',  ( -35.13671935318114947, -43.56547286757846393, -27.88413334813953526 ) ) ;
#3275 = CARTESIAN_POINT ( 'NONE',  ( -12.56193379836308388, -8.995650327134638857, 53.98836530863600558 ) ) ;
#3276 = EDGE_LOOP ( 'NONE', ( #2738, #4845, #260, #1589 ) ) ;
#3277 = CARTESIAN_POINT ( 'NONE',  ( -13.13632696740783068, 14.84392553656958036, 10.28132453316418449 ) ) ;
#3278 = CARTESIAN_POINT ( 'NONE',  ( 1.215865781194173545, 14.93452713242233010, 9.245999396278323346 ) ) ;
#3279 = EDGE_CURVE ( 'NONE', #531, #2396, #5086, .T. ) ;
#3280 = EDGE_LOOP ( 'NONE', ( #1046, #3261, #844, #4455, #4815, #4900 ) ) ;
#3281 = CARTESIAN_POINT ( 'NONE',  ( -15.81551357512615397, -46.56547286757820814, 37.51586665186149361 ) ) ;
#3282 = CARTESIAN_POINT ( 'NONE',  ( 0.6991157212623845263, -7.332078811619695990, 54.14932027575172668 ) ) ;
#3283 = CYLINDRICAL_SURFACE ( 'NONE', #3396, 2.449999999999993960 ) ;
#3284 = ORIENTED_EDGE ( 'NONE', *, *, #5571, .T. ) ;
#3285 = DIRECTION ( 'NONE',  ( 1.396452398161330027E-14, -1.000000000000000000, -0.000000000000000000 ) ) ;
#3286 = CARTESIAN_POINT ( 'NONE',  ( 12.38449493129605017, 14.93452713242238517, 28.01586664685444816 ) ) ;
#3287 = VERTEX_POINT ( 'NONE', #58 ) ;
#3288 = AXIS2_PLACEMENT_3D ( 'NONE', #4544, #573, #2266 ) ;
#3289 = EDGE_LOOP ( 'NONE', ( #2653, #1625, #5181, #4882 ) ) ;
#3290 = DIRECTION ( 'NONE',  ( -1.000000000000000000, -1.321694076934707365E-14, 0.000000000000000000 ) ) ;
#3291 = CIRCLE ( 'NONE', #1737, 15.00000000000000000 ) ;
#3292 = CIRCLE ( 'NONE', #5633, 0.4999999999999982236 ) ;
#3293 = VERTEX_POINT ( 'NONE', #4020 ) ;
#3294 = LINE ( 'NONE', #3811, #2122 ) ;
#3295 = CARTESIAN_POINT ( 'NONE',  ( -12.98736099233700259, -7.201512431964466110, 9.157388694371967119 ) ) ;
#3296 = CARTESIAN_POINT ( 'NONE',  ( 12.88449493129608747, 12.43452713242225194, 39.42181401409184360 ) ) ;
#3297 = FACE_OUTER_BOUND ( 'NONE', #3461, .T. ) ;
#3298 = EDGE_CURVE ( 'NONE', #4731, #3607, #921, .T. ) ;
#3299 = EDGE_CURVE ( 'NONE', #3827, #3837, #914, .T. ) ;
#3300 = CARTESIAN_POINT ( 'NONE',  ( -12.57890527803662550, -8.987875718654242618, 53.98317946259705735 ) ) ;
#3301 = EDGE_CURVE ( 'NONE', #3153, #2980, #982, .T. ) ;
#3302 = CARTESIAN_POINT ( 'NONE',  ( 12.88449493129606971, 13.53452713242240435, 23.60991927961702430 ) ) ;
#3303 = LINE ( 'NONE', #169, #1659 ) ;
#3304 = ORIENTED_EDGE ( 'NONE', *, *, #2680, .F. ) ;
#3305 = CARTESIAN_POINT ( 'NONE',  ( 12.88449493129605017, 14.93452713242241714, 23.60991927961703141 ) ) ;
#3306 = DIRECTION ( 'NONE',  ( 1.000000000000000000, 1.387778780781445360E-14, 0.000000000000000000 ) ) ;
#3307 = VERTEX_POINT ( 'NONE', #3594 ) ;
#3308 = PLANE ( 'NONE',  #5248 ) ;
#3309 = DIRECTION ( 'NONE',  ( -1.000000000000000000, -1.399343603954624442E-14, -1.850371707708594366E-15 ) ) ;
#3310 = CARTESIAN_POINT ( 'NONE',  ( -11.98468676969028657, -8.271272663291416194, 9.809749629371163238 ) ) ;
#3311 = ORIENTED_EDGE ( 'NONE', *, *, #1970, .T. ) ;
#3312 = FACE_OUTER_BOUND ( 'NONE', #2668, .T. ) ;
#3313 = VECTOR ( 'NONE', #1380, 1000.000000000000000 ) ;
#3314 = LINE ( 'NONE', #5087, #1110 ) ;
#3315 = VECTOR ( 'NONE', #565, 1000.000000000000000 ) ;
#3316 = VERTEX_POINT ( 'NONE', #2339 ) ;
#3317 = VERTEX_POINT ( 'NONE', #4126 ) ;
#3318 =( BOUNDED_CURVE ( )  B_SPLINE_CURVE ( 3, ( #1747, #1306, #3079, #867 ),
 .UNSPECIFIED., .F., .T. ) 
 B_SPLINE_CURVE_WITH_KNOTS ( ( 4, 4 ),
 ( 3.141592653589793560, 4.712388980384689674 ),
 .UNSPECIFIED. ) 
 CURVE ( )  GEOMETRIC_REPRESENTATION_ITEM ( )  RATIONAL_B_SPLINE_CURVE ( ( 1.000000000000000000, 0.8047378541243650485, 0.8047378541243650485, 1.000000000000000000 ) ) 
 REPRESENTATION_ITEM ( '' )  );
#3319 = DIRECTION ( 'NONE',  ( -5.012361748854192143E-12, -7.031521682434635056E-26, 1.000000000000000000 ) ) ;
#3320 = CIRCLE ( 'NONE', #2126, 0.5000000000000006661 ) ;
#3321 = EDGE_LOOP ( 'NONE', ( #5688, #3244 ) ) ;
#3322 = DIRECTION ( 'NONE',  ( -1.404665511781869571E-14, 1.000000000000000000, 5.782411586589354089E-15 ) ) ;
#3323 = CARTESIAN_POINT ( 'NONE',  ( -5.686719353181258541, -35.56547286757805182, 31.51586665186033187 ) ) ;
#3324 = APPROVAL_DATE_TIME ( #5638, #795 ) ;
#3325 = LINE ( 'NONE', #2963, #89 ) ;
#3326 = EDGE_CURVE ( 'NONE', #4760, #3317, #3421, .T. ) ;
#3327 = CARTESIAN_POINT ( 'NONE',  ( 3.634494931296786024, 12.43452713242224306, 28.51586664685443040 ) ) ;
#3328 = CARTESIAN_POINT ( 'NONE',  ( -12.83458826105761474, -7.519002078312869486, 53.91705128889279308 ) ) ;
#3329 = EDGE_CURVE ( 'NONE', #5366, #1473, #2315, .T. ) ;
#3330 = AXIS2_PLACEMENT_3D ( 'NONE', #5300, #4486, #1319 ) ;
#3331 = DIRECTION ( 'NONE',  ( 1.404665511781869413E-14, -1.000000000000000000, -5.782411586589354089E-15 ) ) ;
#3332 = CARTESIAN_POINT ( 'NONE',  ( -13.27577168620310744, 14.81889118269585204, 53.16352183639849471 ) ) ;
#3333 = CARTESIAN_POINT ( 'NONE',  ( -13.91550506870603598, 15.43452713242211516, 10.05984893471934072 ) ) ;
#3334 = DIRECTION ( 'NONE',  ( -1.404665511781869729E-14, 1.000000000000000000, 0.000000000000000000 ) ) ;
#3335 = ADVANCED_FACE ( 'NONE', ( #1888 ), #3647, .T. ) ;
#3336 = VERTEX_POINT ( 'NONE', #953 ) ;
#3337 = CARTESIAN_POINT ( 'NONE',  ( 1.051500934944258336, 15.16516457340455482, 9.515361955295137619 ) ) ;
#3338 = CARTESIAN_POINT ( 'NONE',  ( -0.6012834168815118785, -8.402549753056280935, 53.59135463679292855 ) ) ;
#3339 = LINE ( 'NONE', #4226, #1581 ) ;
#3340 = ORIENTED_EDGE ( 'NONE', *, *, #1557, .T. ) ;
#3341 = CYLINDRICAL_SURFACE ( 'NONE', #2897, 1.500000000000001332 ) ;
#3342 = CARTESIAN_POINT ( 'NONE',  ( 12.42550038474301388, -15.86547249352465627, 42.91586665186058980 ) ) ;
#3343 = EDGE_CURVE ( 'NONE', #148, #3991, #735, .T. ) ;
#3344 = VERTEX_POINT ( 'NONE', #1453 ) ;
#3345 = EDGE_LOOP ( 'NONE', ( #4354, #4506, #1083, #2262 ) ) ;
#3346 = CARTESIAN_POINT ( 'NONE',  ( 1.684486424873459898, -17.56547286757794524, 31.51586665186150427 ) ) ;
#3347 = DIRECTION ( 'NONE',  ( 1.404665511781869729E-14, -1.000000000000000000, -5.782411586589354089E-15 ) ) ;
#3348 = CARTESIAN_POINT ( 'NONE',  ( -0.1155050687035076296, 14.63452713242211978, 43.91586665186059690 ) ) ;
#3349 = ORIENTED_EDGE ( 'NONE', *, *, #294, .F. ) ;
#3350 = EDGE_CURVE ( 'NONE', #3981, #4425, #3473, .T. ) ;
#3351 = DIRECTION ( 'NONE',  ( 1.396989743957924894E-14, -1.000000000000000000, 3.822474335437906928E-33 ) ) ;
#3352 = CARTESIAN_POINT ( 'NONE',  ( -14.12466393054537228, -7.218822049566746557, 9.582409781536325610 ) ) ;
#3353 = DIRECTION ( 'NONE',  ( -2.312964634635742957E-16, 1.000000000000000000, -0.000000000000000000 ) ) ;
#3354 = CARTESIAN_POINT ( 'NONE',  ( 3.634494931296786024, 12.43452713242222352, 31.51586664685442685 ) ) ;
#3355 = AXIS2_PLACEMENT_3D ( 'NONE', #4438, #388, #3065 ) ;
#3356 = CARTESIAN_POINT ( 'NONE',  ( -12.76801597277485634, -7.623368941389623288, 53.93614153646536380 ) ) ;
#3357 = VECTOR ( 'NONE', #2184, 1000.000000000000000 ) ;
#3358 = EDGE_CURVE ( 'NONE', #1946, #1208, #1667, .T. ) ;
#3359 = VERTEX_POINT ( 'NONE', #2895 ) ;
#3360 = CARTESIAN_POINT ( 'NONE',  ( -5.686719353181973524, 15.43452713242211161, 31.51586665186062319 ) ) ;
#3361 = CARTESIAN_POINT ( 'NONE',  ( -13.13632696740761041, 14.71305153397698184, 52.88128277314827841 ) ) ;
#3362 = CARTESIAN_POINT ( 'NONE',  ( -13.58654857778499903, 15.38694800507236948, 9.607428062069748975 ) ) ;
#3363 = CARTESIAN_POINT ( 'NONE',  ( -37.18671935318174349, 0.4345271324215083109, 24.41586665186047966 ) ) ;
#3364 = CIRCLE ( 'NONE', #876, 9.999999999999998224 ) ;
#3365 = ORIENTED_EDGE ( 'NONE', *, *, #2300, .F. ) ;
#3366 = DIRECTION ( 'NONE',  ( -1.000000000000000000, -1.404665511781869571E-14, 5.460873910928280628E-31 ) ) ;
#3367 = CARTESIAN_POINT ( 'NONE',  ( -0.9544050058144045723, -9.265472867577809524, 54.53445046837061483 ) ) ;
#3368 = DIRECTION ( 'NONE',  ( -1.000000000000000000, -1.445602896647339351E-14, 0.000000000000000000 ) ) ;
#3369 = VERTEX_POINT ( 'NONE', #1563 ) ;
#3370 = CARTESIAN_POINT ( 'NONE',  ( -13.11550506870390365, -8.465472867577812366, 14.91586665186049565 ) ) ;
#3371 = AXIS2_PLACEMENT_3D ( 'NONE', #4050, #5411, #437 ) ;
#3372 = EDGE_CURVE ( 'NONE', #4946, #5440, #2966, .T. ) ;
#3373 = EDGE_CURVE ( 'NONE', #1266, #972, #2307, .T. ) ;
#3374 = CARTESIAN_POINT ( 'NONE',  ( 3.634494931296743392, 15.43452713242224128, 31.51586664685444106 ) ) ;
#3375 = CC_DESIGN_PERSON_AND_ORGANIZATION_ASSIGNMENT ( #5197, #2549, ( #1917 ) ) ;
#3376 = ORIENTED_EDGE ( 'NONE', *, *, #1220, .F. ) ;
#3377 = VERTEX_POINT ( 'NONE', #755 ) ;
#3378 = DIRECTION ( 'NONE',  ( -1.000000000000000000, -1.387778780781445676E-14, 0.000000000000000000 ) ) ;
#3379 = DIRECTION ( 'NONE',  ( 2.312964634635743450E-16, -1.000000000000000000, -0.000000000000000000 ) ) ;
#3380 = ADVANCED_FACE ( 'NONE', ( #4157 ), #689, .T. ) ;
#3381 = LINE ( 'NONE', #4714, #3700 ) ;
#3382 = ORIENTED_EDGE ( 'NONE', *, *, #4068, .F. ) ;
#3383 = EDGE_CURVE ( 'NONE', #1704, #2788, #3325, .T. ) ;
#3384 = CARTESIAN_POINT ( 'NONE',  ( -13.11550506870390365, -6.736983012034330365, 10.35984893280416586 ) ) ;
#3385 = DIRECTION ( 'NONE',  ( 1.404665511781869729E-14, -1.000000000000000000, -5.782411586589354089E-15 ) ) ;
#3386 = VECTOR ( 'NONE', #1374, 1000.000000000000000 ) ;
#3387 = AXIS2_PLACEMENT_3D ( 'NONE', #5563, #1615, #2953 ) ;
#3388 = DIRECTION ( 'NONE',  ( 8.673617379884027583E-16, -0.000000000000000000, 1.000000000000000000 ) ) ;
#3389 = CARTESIAN_POINT ( 'NONE',  ( 12.42550038485768127, -35.56547286757779602, 20.11586665186043632 ) ) ;
#3390 = APPROVAL_PERSON_ORGANIZATION ( #3448, #2779, #3755 ) ;
#3391 = VERTEX_POINT ( 'NONE', #2522 ) ;
#3392 = DIRECTION ( 'NONE',  ( 1.404380626547629331E-14, -1.000000000000000000, 0.000000000000000000 ) ) ;
#3393 = CYLINDRICAL_SURFACE ( 'NONE', #2533, 15.00000000000000000 ) ;
#3394 = FACE_OUTER_BOUND ( 'NONE', #1481, .T. ) ;
#3395 = CARTESIAN_POINT ( 'NONE',  ( -36.18671935318123190, -35.56547286757847814, 45.61586665186048606 ) ) ;
#3396 = AXIS2_PLACEMENT_3D ( 'NONE', #1104, #4114, #643 ) ;
#3397 = ORIENTED_EDGE ( 'NONE', *, *, #4782, .T. ) ;
#3398 = CIRCLE ( 'NONE', #2673, 0.5000000000000004441 ) ;
#3399 = CARTESIAN_POINT ( 'NONE',  ( 1.125527205607000480, 15.24791018883488469, 9.432616339864866362 ) ) ;
#3400 = CARTESIAN_POINT ( 'NONE',  ( 1.944273408282511495, -6.465472867577807925, 53.74238121160380643 ) ) ;
#3401 = DIRECTION ( 'NONE',  ( 1.404665511781869571E-14, -1.000000000000000000, -5.782411586589354089E-15 ) ) ;
#3402 = ORIENTED_EDGE ( 'NONE', *, *, #369, .F. ) ;
#3403 = CARTESIAN_POINT ( 'NONE',  ( 3.634494931296750497, 14.93452713242223950, 31.51586664685444106 ) ) ;
#3404 = EDGE_CURVE ( 'NONE', #4725, #5056, #2771, .T. ) ;
#3405 = CARTESIAN_POINT ( 'NONE',  ( 0.4691122108347774433, -8.911292364522367393, 8.835867311983244932 ) ) ;
#3406 = EDGE_LOOP ( 'NONE', ( #1330, #1525, #4120, #3585 ) ) ;
#3407 = ORIENTED_EDGE ( 'NONE', *, *, #2382, .F. ) ;
#3408 = B_SPLINE_CURVE_WITH_KNOTS ( 'NONE', 3,
 ( #3420, #2000, #5130, #2866, #2120, #3879 ),
 .UNSPECIFIED., .F., .F.,
 ( 4, 2, 4 ),
 ( -3.910993297322843271E-05, 0.0003559228477290907536, 0.0007509556284314098653 ),
 .UNSPECIFIED. ) ;
#3409 = ADVANCED_FACE ( 'NONE', ( #1153 ), #5539, .F. ) ;
#3410 = DIRECTION ( 'NONE',  ( -1.396452398161329869E-14, 1.000000000000000000, -0.000000000000000000 ) ) ;
#3411 = CARTESIAN_POINT ( 'NONE',  ( 1.944273408282484850, -98.64468553998285927, 53.74238121160372827 ) ) ;
#3412 = FACE_OUTER_BOUND ( 'NONE', #2163, .T. ) ;
#3413 = ORIENTED_EDGE ( 'NONE', *, *, #2304, .T. ) ;
#3414 = EDGE_CURVE ( 'NONE', #2854, #5339, #1998, .T. ) ;
#3415 = TOROIDAL_SURFACE ( 'NONE', #4603, 13.50000000000000178, 2.000000000000000000 ) ;
#3416 = PLANE ( 'NONE',  #3515 ) ;
#3417 = CARTESIAN_POINT ( 'NONE',  ( -13.90079555833183989, -7.728698085507204496, 9.498025889441404246 ) ) ;
#3418 = CARTESIAN_POINT ( 'NONE',  ( -34.18671935318108979, -47.56547286757844262, -27.88413334813953526 ) ) ;
#3419 = AXIS2_PLACEMENT_3D ( 'NONE', #1599, #3735, #1490 ) ;
#3420 = CARTESIAN_POINT ( 'NONE',  ( 12.38449493129604306, 15.43452713242241181, 23.61316553479781177 ) ) ;
#3421 = CIRCLE ( 'NONE', #2035, 2.450000000000000622 ) ;
#3422 = DIRECTION ( 'NONE',  ( 0.000000000000000000, -1.387778780781444413E-14, 1.000000000000000000 ) ) ;
#3423 = ORIENTED_EDGE ( 'NONE', *, *, #288, .T. ) ;
#3424 = CIRCLE ( 'NONE', #743, 23.50000000000000000 ) ;
#3425 = CARTESIAN_POINT ( 'NONE',  ( -2.114261706182857470, 12.43452713242209562, 39.22868367033048287 ) ) ;
#3426 = CARTESIAN_POINT ( 'NONE',  ( -20.86550506870326060, 15.93452713242188956, 33.14470820415651531 ) ) ;
#3427 = DIRECTION ( 'NONE',  ( -1.000000000000000000, -1.404665511781869413E-14, -8.122354130609953751E-29 ) ) ;
#3428 = FACE_BOUND ( 'NONE', #5745, .T. ) ;
#3429 = VERTEX_POINT ( 'NONE', #4213 ) ;
#3430 = AXIS2_PLACEMENT_3D ( 'NONE', #2932, #842, #2618 ) ;
#3431 = AXIS2_PLACEMENT_3D ( 'NONE', #1935, #2477, #1471 ) ;
#3432 = CARTESIAN_POINT ( 'NONE',  ( 0.8844949312956744691, 14.63452713242231518, 10.04599939627831340 ) ) ;
#3433 = LINE ( 'NONE', #3005, #5160 ) ;
#3434 = FACE_OUTER_BOUND ( 'NONE', #3023, .T. ) ;
#3435 = VERTEX_POINT ( 'NONE', #1122 ) ;
#3436 = DIRECTION ( 'NONE',  ( 0.000000000000000000, -6.360652745248286895E-15, 1.000000000000000000 ) ) ;
#3437 = CARTESIAN_POINT ( 'NONE',  ( -0.9544050058144147863, -9.265472867577802418, 8.497282835350340235 ) ) ;
#3438 = ORIENTED_EDGE ( 'NONE', *, *, #2831, .T. ) ;
#3439 = ORIENTED_EDGE ( 'NONE', *, *, #5600, .F. ) ;
#3440 = ADVANCED_FACE ( 'NONE', ( #2059, #247, #5604, #1506, #3297, #5039 ), #2837, .F. ) ;
#3441 = LINE ( 'NONE', #2450, #5699 ) ;
#3442 = LINE ( 'NONE', #1269, #4398 ) ;
#3443 = CARTESIAN_POINT ( 'NONE',  ( -13.91550506870390436, 14.63452713242208958, 14.91586665186062888 ) ) ;
#3444 = ORIENTED_EDGE ( 'NONE', *, *, #1476, .F. ) ;
#3445 = AXIS2_PLACEMENT_3D ( 'NONE', #3684, #4575, #1491 ) ;
#3446 = LINE ( 'NONE', #3016, #1760 ) ;
#3447 = DIRECTION ( 'NONE',  ( -8.320308772263069674E-29, 5.955883934187037954E-15, -1.000000000000000000 ) ) ;
#3448 = PERSON_AND_ORGANIZATION ( #2414, #4586 ) ;
#3449 = CARTESIAN_POINT ( 'NONE',  ( -23.86550506870329613, 15.43452713242184515, 33.64470820415651531 ) ) ;
#3450 = CARTESIAN_POINT ( 'NONE',  ( -20.71550438818938034, -15.86547249352512168, 42.91586665186041927 ) ) ;
#3451 = EDGE_CURVE ( 'NONE', #4014, #3034, #2028, .T. ) ;
#3452 = CARTESIAN_POINT ( 'NONE',  ( 16.28449561181101402, -43.56547286757773918, 90.91586665186036953 ) ) ;
#3453 = CC_DESIGN_PERSON_AND_ORGANIZATION_ASSIGNMENT ( #2027, #5670, ( #1267 ) ) ;
#3454 = EDGE_LOOP ( 'NONE', ( #4997, #5117, #5107, #2185, #4248, #492 ) ) ;
#3455 = LINE ( 'NONE', #901, #701 ) ;
#3456 = ADVANCED_FACE ( 'NONE', ( #4596 ), #4271, .F. ) ;
#3457 = CARTESIAN_POINT ( 'NONE',  ( -31.18671935318114308, -43.56547286757840709, 90.91586665186036953 ) ) ;
#3458 = CYLINDRICAL_SURFACE ( 'NONE', #4836, 8.097314602603171707 ) ;
#3459 = VECTOR ( 'NONE', #40, 1000.000000000000000 ) ;
#3460 = ADVANCED_FACE ( 'NONE', ( #3704 ), #5488, .T. ) ;
#3461 = EDGE_LOOP ( 'NONE', ( #2825, #5644, #47, #759, #2103, #110, #2100, #3656 ) ) ;
#3462 = AXIS2_PLACEMENT_3D ( 'NONE', #1511, #2374, #5439 ) ;
#3463 = CARTESIAN_POINT ( 'NONE',  ( -13.11550506870389299, 2.434527132421957507, 42.91586665186052585 ) ) ;
#3464 = LINE ( 'NONE', #906, #1636 ) ;
#3465 = CARTESIAN_POINT ( 'NONE',  ( 12.38449493129605017, 14.93452713242238517, 28.01586664685444816 ) ) ;
#3466 = EDGE_LOOP ( 'NONE', ( #527, #2845, #48, #2230, #3720 ) ) ;
#3467 = DIRECTION ( 'NONE',  ( -1.000000000000000000, -1.404665511781869571E-14, 3.703720435437010913E-31 ) ) ;
#3468 = DIRECTION ( 'NONE',  ( 0.000000000000000000, -1.000000000000000000, -8.673617379884030739E-15 ) ) ;
#3469 = ORIENTED_EDGE ( 'NONE', *, *, #2063, .F. ) ;
#3470 = VERTEX_POINT ( 'NONE', #192 ) ;
#3471 = CARTESIAN_POINT ( 'NONE',  ( 12.42550038474266216, 12.43452713242227503, 42.91586665186057559 ) ) ;
#3472 = CARTESIAN_POINT ( 'NONE',  ( -37.18671935318174349, 0.4345271324215083109, 38.61586665186047895 ) ) ;
#3473 = B_SPLINE_CURVE_WITH_KNOTS ( 'NONE', 3,
 ( #517, #2287, #3220, #1007, #2783, #3675, #5461, #4047, #3133, #1862, #595, #1483, #3246, #5012, #1034, #2810 ),
 .UNSPECIFIED., .F., .F.,
 ( 4, 2, 2, 2, 2, 2, 2, 4 ),
 ( 8.673617379884035472E-19, 0.0004038109784211522013, 0.0008076219568423035353, 0.001211432935263454707, 0.001615243913684606203, 0.002019054892105757483, 0.002422865870526908546, 0.003230487827369215009 ),
 .UNSPECIFIED. ) ;
#3474 = ORIENTED_EDGE ( 'NONE', *, *, #5634, .T. ) ;
#3475 = EDGE_LOOP ( 'NONE', ( #3902, #2092, #2988, #415 ) ) ;
#3476 = LINE ( 'NONE', #4390, #3686 ) ;
#3477 = DIRECTION ( 'NONE',  ( 1.000000000000000000, 2.312964634635743450E-16, -9.712844633365194070E-17 ) ) ;
#3478 = DIRECTION ( 'NONE',  ( 1.000000000000000000, 1.387778780781444256E-14, 9.629649721936161329E-29 ) ) ;
#3479 = DIRECTION ( 'NONE',  ( 1.000000000000000000, 2.312964634635742957E-16, 0.000000000000000000 ) ) ;
#3480 = EDGE_CURVE ( 'NONE', #3160, #1364, #4813, .T. ) ;
#3481 = FACE_OUTER_BOUND ( 'NONE', #1966, .T. ) ;
#3482 = VERTEX_POINT ( 'NONE', #2430 ) ;
#3483 = EDGE_LOOP ( 'NONE', ( #2860, #2619, #3382, #603 ) ) ;
#3484 = CIRCLE ( 'NONE', #4397, 5.450000000000000178 ) ;
#3485 = CIRCLE ( 'NONE', #976, 2.999999999999999112 ) ;
#3486 = EDGE_CURVE ( 'NONE', #4928, #3034, #3514, .T. ) ;
#3487 = DIRECTION ( 'NONE',  ( -1.000000000000000000, -1.404665511781869729E-14, 1.445602896646525897E-16 ) ) ;
#3488 = LINE ( 'NONE', #1253, #1333 ) ;
#3489 = DIRECTION ( 'NONE',  ( 1.396452398161329869E-14, -1.000000000000000000, 0.000000000000000000 ) ) ;
#3490 = VECTOR ( 'NONE', #1779, 1000.000000000000000 ) ;
#3491 = FACE_OUTER_BOUND ( 'NONE', #2426, .T. ) ;
#3492 = EDGE_CURVE ( 'NONE', #4781, #4083, #632, .T. ) ;
#3493 = DIRECTION ( 'NONE',  ( -1.404665511781869571E-14, 1.000000000000000000, 5.782411586589354878E-15 ) ) ;
#3494 = DIRECTION ( 'NONE',  ( 0.000000000000000000, 6.938893903907222067E-15, -1.000000000000000000 ) ) ;
#3495 = CARTESIAN_POINT ( 'NONE',  ( -0.1155050687035076296, 14.63452713242211978, 43.91586665186059690 ) ) ;
#3496 = ADVANCED_FACE ( 'NONE', ( #2617 ), #4869, .F. ) ;
#3497 = ORIENTED_EDGE ( 'NONE', *, *, #2241, .T. ) ;
#3498 = CARTESIAN_POINT ( 'NONE',  ( 5.424564833076827242, 15.43452713242221819, 39.79197825626063434 ) ) ;
#3499 = FACE_OUTER_BOUND ( 'NONE', #2834, .T. ) ;
#3500 = VERTEX_POINT ( 'NONE', #430 ) ;
#3501 = ORIENTED_EDGE ( 'NONE', *, *, #17, .T. ) ;
#3502 = LINE ( 'NONE', #2197, #1043 ) ;
#3503 = CARTESIAN_POINT ( 'NONE',  ( -0.6018475805549939883, -8.402704286210290974, 9.440188443112527139 ) ) ;
#3504 = ORIENTED_EDGE ( 'NONE', *, *, #3179, .T. ) ;
#3505 = ORIENTED_EDGE ( 'NONE', *, *, #1937, .F. ) ;
#3506 = ORIENTED_EDGE ( 'NONE', *, *, #5313, .F. ) ;
#3507 = CARTESIAN_POINT ( 'NONE',  ( 3.634494931296750941, 14.93452713242224306, 31.51586664685444106 ) ) ;
#3508 = FACE_OUTER_BOUND ( 'NONE', #1169, .T. ) ;
#3509 = CARTESIAN_POINT ( 'NONE',  ( -13.91550506870390436, 14.63452713242208958, 14.91586665186062888 ) ) ;
#3510 = VERTEX_POINT ( 'NONE', #1748 ) ;
#3511 = AXIS2_PLACEMENT_3D ( 'NONE', #5189, #2425, #2082 ) ;
#3512 = ORIENTED_EDGE ( 'NONE', *, *, #2899, .F. ) ;
#3513 = AXIS2_PLACEMENT_3D ( 'NONE', #3028, #3489, #3795 ) ;
#3514 = CIRCLE ( 'NONE', #1199, 0.5000000000000004441 ) ;
#3515 = AXIS2_PLACEMENT_3D ( 'NONE', #5601, #4717, #332 ) ;
#3516 = DIRECTION ( 'NONE',  ( 1.401718565583457942E-14, -1.000000000000000000, -6.360652745248286895E-15 ) ) ;
#3517 = AXIS2_PLACEMENT_3D ( 'NONE', #3129, #1392, #5085 ) ;
#3518 = ORIENTED_EDGE ( 'NONE', *, *, #2137, .T. ) ;
#3519 = DIRECTION ( 'NONE',  ( -1.000000000000000000, -1.416100796715764393E-14, 0.000000000000000000 ) ) ;
#3520 = DIRECTION ( 'NONE',  ( 1.396989743957924894E-14, -1.000000000000000000, 0.000000000000000000 ) ) ;
#3521 = CARTESIAN_POINT ( 'NONE',  ( -11.74964436240160204, -8.366533024012259290, 53.32000439414652959 ) ) ;
#3522 = EDGE_LOOP ( 'NONE', ( #2804, #5377, #4019, #2247 ) ) ;
#3523 = CARTESIAN_POINT ( 'NONE',  ( 5.410478540034125317, 15.38054914236542281, 39.66092958669712942 ) ) ;
#3524 = DIRECTION ( 'NONE',  ( 0.7071067811865614505, -0.7071067811865336949, 0.000000000000000000 ) ) ;
#3525 = EDGE_CURVE ( 'NONE', #3672, #3887, #834, .T. ) ;
#3526 = EDGE_CURVE ( 'NONE', #1777, #1980, #4365, .T. ) ;
#3527 = EDGE_LOOP ( 'NONE', ( #3512, #2219, #1660, #5455, #22 ) ) ;
#3528 = DIRECTION ( 'NONE',  ( 1.000000000000000000, 1.445602896647339666E-14, 0.000000000000000000 ) ) ;
#3529 = CARTESIAN_POINT ( 'NONE',  ( 12.38449493129606793, 15.43452713242238517, 28.01586664685445172 ) ) ;
#3530 = ADVANCED_FACE ( 'NONE', ( #3508 ), #3880, .T. ) ;
#3531 = VERTEX_POINT ( 'NONE', #1307 ) ;
#3532 = VERTEX_POINT ( 'NONE', #3418 ) ;
#3533 = CARTESIAN_POINT ( 'NONE',  ( -5.686719353181967307, 14.93452713242210450, 31.51586665186062319 ) ) ;
#3534 = DIRECTION ( 'NONE',  ( -1.000000000000000000, -1.404665511781869571E-14, -1.227679387292136566E-31 ) ) ;
#3535 = CARTESIAN_POINT ( 'NONE',  ( -2.652619366635735643E-13, 18.43452713242238161, 1.065960232838150744E-13 ) ) ;
#3536 = AXIS2_PLACEMENT_3D ( 'NONE', #5077, #1515, #3306 ) ;
#3537 = ORIENTED_EDGE ( 'NONE', *, *, #5540, .F. ) ;
#3538 = VERTEX_POINT ( 'NONE', #4842 ) ;
#3539 = DIRECTION ( 'NONE',  ( -1.400789206851271413E-14, 1.000000000000000000, 4.356926556559735285E-30 ) ) ;
#3540 = CLOSED_SHELL ( 'NONE', ( #4446, #622, #1648, #3530, #1387, #2709, #1210, #1892, #4974, #4093, #2495, #4513, #1119, #3694, #82, #1329, #1647, #4178, #4315, #4941, #4150, #4801, #3900, #2858, #3409, #5317, #3440, #1069, #2735, #2502, #404, #139, #4537, #1513, #1430, #3692, #4468, #630, #2379, #4672, #763, #3909, #2595, #5582, #5423, #5622, #3380, #1713, #3682, #5133, #1477, #1654, #2563, #104, #2526, #5375, #5694, #3677, #360, #686, #1356, #5295, #3553, #4223, #3262, #3159, #5631, #2420, #4761, #3182, #2238, #4979, #326, #570, #3335, #4847, #4992, #3556, #2666, #3821, #3135, #1030, #1903, #1741, #4835, #53, #2678, #1145, #1518, #5336, #4330, #3721, #5062, #4294, #4013, #4797, #108, #2995, #5535, #1061, #3937, #2905, #2605, #4252, #726, #3613, #2578, #596, #826, #2803, #725, #2485, #5106, #1854, #3, #5483, #1125, #114, #3193, #2209, #5031, #2777, #3898, #1147, #683, #2534, #2347, #2682, #2097, #21, #2800, #3496, #4650, #4686, #2005, #3751, #2945, #5202, #4102, #223, #1334, #665, #3456, #5521, #4099, #936, #183, #4426, #563, #5125, #5731, #2113, #4368, #3460, #3074, #1952, #717, #3560, #532, #1881, #993, #682, #2070, #165, #4284, #1754, #1686, #2455, #5341, #1498, #1223, #4493, #2958, #5254, #2916, #902, #610 ) ) ;
#3541 = EDGE_CURVE ( 'NONE', #3359, #3050, #3060, .T. ) ;
#3542 = DIRECTION ( 'NONE',  ( 0.000000000000000000, -6.360652745248286895E-15, 1.000000000000000000 ) ) ;
#3543 = DIRECTION ( 'NONE',  ( -1.301042606982604690E-14, 1.000000000000000000, 0.000000000000000000 ) ) ;
#3544 = DIRECTION ( 'NONE',  ( 1.396452398161329869E-14, -1.000000000000000000, 0.000000000000000000 ) ) ;
#3545 = DIRECTION ( 'NONE',  ( -0.2013750786113709113, 0.000000000000000000, 0.9795142049578781096 ) ) ;
#3546 = ORIENTED_EDGE ( 'NONE', *, *, #887, .T. ) ;
#3547 = DIRECTION ( 'NONE',  ( -0.000000000000000000, 5.782411586589354089E-15, -1.000000000000000000 ) ) ;
#3548 = DIRECTION ( 'NONE',  ( 1.000000000000000000, 2.312964634635743450E-16, 3.117823127310333221E-14 ) ) ;
#3549 = CARTESIAN_POINT ( 'NONE',  ( -13.91550506870550663, 15.43452713242211871, 10.35984893471933965 ) ) ;
#3550 = AXIS2_PLACEMENT_3D ( 'NONE', #2569, #352, #2883 ) ;
#3551 = ORIENTED_EDGE ( 'NONE', *, *, #5080, .T. ) ;
#3552 = DIRECTION ( 'NONE',  ( 1.000000000000000000, 0.000000000000000000, 3.035766082959411784E-14 ) ) ;
#3553 = ADVANCED_FACE ( 'NONE', ( #839 ), #2119, .T. ) ;
#3554 = LINE ( 'NONE', #2986, #2660 ) ;
#3555 = TOROIDAL_SURFACE ( 'NONE', #5420, 5.449999999999996625, 3.000000000000000000 ) ;
#3556 = ADVANCED_FACE ( 'NONE', ( #3877 ), #2177, .T. ) ;
#3557 = ORIENTED_EDGE ( 'NONE', *, *, #1798, .F. ) ;
#3558 = EDGE_LOOP ( 'NONE', ( #3850, #2699, #4004, #4193 ) ) ;
#3559 = DIRECTION ( 'NONE',  ( 1.404665511781869571E-14, -1.000000000000000000, -5.782411586589354089E-15 ) ) ;
#3560 = ADVANCED_FACE ( 'NONE', ( #1776 ), #307, .F. ) ;
#3561 = CYLINDRICAL_SURFACE ( 'NONE', #1144, 3.000000000000000000 ) ;
#3562 = DIRECTION ( 'NONE',  ( 0.000000000000000000, -0.000000000000000000, 1.000000000000000000 ) ) ;
#3563 = VECTOR ( 'NONE', #1865, 1000.000000000000000 ) ;
#3564 = ORIENTED_EDGE ( 'NONE', *, *, #5049, .T. ) ;
#3565 = EDGE_LOOP ( 'NONE', ( #1633, #2080, #3537, #3340 ) ) ;
#3566 = CARTESIAN_POINT ( 'NONE',  ( 12.88449493129604839, 15.06654257649626416, 39.42181401409186492 ) ) ;
#3567 = DIRECTION ( 'NONE',  ( -1.396452398161329869E-14, 1.000000000000000000, 0.000000000000000000 ) ) ;
#3568 = ORIENTED_EDGE ( 'NONE', *, *, #2112, .T. ) ;
#3569 = DIRECTION ( 'NONE',  ( -1.404665511781869571E-14, 1.000000000000000000, 5.782411586589354089E-15 ) ) ;
#3570 = DIRECTION ( 'NONE',  ( 1.396452398161329869E-14, -1.000000000000000000, 0.000000000000000000 ) ) ;
#3571 = CARTESIAN_POINT ( 'NONE',  ( -3.815513575126522117, -17.56547286757802340, 25.51586665186152558 ) ) ;
#3572 = ORIENTED_EDGE ( 'NONE', *, *, #3094, .T. ) ;
#3573 = CARTESIAN_POINT ( 'NONE',  ( 3.979930750813545526, 14.93452713242236740, 10.64589119028134867 ) ) ;
#3574 = CIRCLE ( 'NONE', #1064, 1.050000000000000488 ) ;
#3575 = AXIS2_PLACEMENT_3D ( 'NONE', #934, #4025, #2864 ) ;
#3576 = CARTESIAN_POINT ( 'NONE',  ( 0.4947546438424582083, -8.917177726542874439, 8.840622360435812510 ) ) ;
#3577 = CYLINDRICAL_SURFACE ( 'NONE', #77, 0.5000000000000004441 ) ;
#3578 = ORIENTED_EDGE ( 'NONE', *, *, #1887, .F. ) ;
#3579 = CARTESIAN_POINT ( 'NONE',  ( 17.78449561181119520, -57.56547286757772497, -27.88413334813953526 ) ) ;
#3580 = DIRECTION ( 'NONE',  ( 1.396452398161330027E-14, -1.000000000000000000, -0.000000000000000000 ) ) ;
#3581 = EDGE_CURVE ( 'NONE', #1208, #2788, #4236, .T. ) ;
#3582 = CARTESIAN_POINT ( 'NONE',  ( -36.18671935318123190, -35.56547286757847814, 16.41586665186047966 ) ) ;
#3583 = EDGE_CURVE ( 'NONE', #5018, #4475, #2089, .T. ) ;
#3584 = VERTEX_POINT ( 'NONE', #2550 ) ;
#3585 = ORIENTED_EDGE ( 'NONE', *, *, #1172, .F. ) ;
#3586 = AXIS2_PLACEMENT_3D ( 'NONE', #3465, #4702, #4734 ) ;
#3587 = CARTESIAN_POINT ( 'NONE',  ( 3.634494931296750497, 14.93452713242223950, 31.51586664685444106 ) ) ;
#3588 = CARTESIAN_POINT ( 'NONE',  ( 21.73449561181089962, -35.56547286757766102, 90.91586665186036953 ) ) ;
#3589 = ORIENTED_EDGE ( 'NONE', *, *, #4272, .F. ) ;
#3590 = EDGE_CURVE ( 'NONE', #3198, #5702, #1568, .T. ) ;
#3591 = EDGE_CURVE ( 'NONE', #1372, #1707, #335, .T. ) ;
#3592 = ORIENTED_EDGE ( 'NONE', *, *, #4913, .T. ) ;
#3593 = EDGE_CURVE ( 'NONE', #1708, #2381, #810, .T. ) ;
#3594 = CARTESIAN_POINT ( 'NONE',  ( -37.18671935318174349, 0.4345271324215083109, 38.61586665186047895 ) ) ;
#3595 = CIRCLE ( 'NONE', #5203, 13.50000000000000178 ) ;
#3596 = CARTESIAN_POINT ( 'NONE',  ( -22.51195167811004083, 18.28808052301515019, 30.64470820415653662 ) ) ;
#3597 = CIRCLE ( 'NONE', #538, 0.5000000000000004441 ) ;
#3598 = CARTESIAN_POINT ( 'NONE',  ( 1.215865781194153783, 15.43452713242233010, 9.745999396278328675 ) ) ;
#3599 = DIRECTION ( 'NONE',  ( -1.396452398161330027E-14, 1.000000000000000000, -0.000000000000000000 ) ) ;
#3600 = LINE ( 'NONE', #2400, #1065 ) ;
#3601 = DIRECTION ( 'NONE',  ( 0.7071067811865611175, -0.7071067811865339170, -4.088782444488920393E-15 ) ) ;
#3602 = ORIENTED_EDGE ( 'NONE', *, *, #5034, .T. ) ;
#3603 = DIRECTION ( 'NONE',  ( -1.000000000000000000, -1.321694076934710363E-14, 0.000000000000000000 ) ) ;
#3604 = CARTESIAN_POINT ( 'NONE',  ( -1.115505068703511737, -8.465472867577808813, 9.280894199316643167 ) ) ;
#3605 = CARTESIAN_POINT ( 'NONE',  ( 1.884494931296122999, 12.43452713242212582, 42.91586665186058269 ) ) ;
#3606 = VECTOR ( 'NONE', #4566, 1000.000000000000000 ) ;
#3607 = VERTEX_POINT ( 'NONE', #1275 ) ;
#3608 = EDGE_LOOP ( 'NONE', ( #3954, #2375, #3423, #209 ) ) ;
#3609 = B_SPLINE_CURVE_WITH_KNOTS ( 'NONE', 3,
 ( #496, #4380, #5329, #3523, #3498, #2630 ),
 .UNSPECIFIED., .F., .F.,
 ( 4, 2, 4 ),
 ( 1.734723475976807094E-18, 0.0003916760297609919381, 0.0007833520595219821414 ),
 .UNSPECIFIED. ) ;
#3610 = CARTESIAN_POINT ( 'NONE',  ( -21.26195167811004438, 18.83097374182862538, 32.64470820415652952 ) ) ;
#3611 = LINE ( 'NONE', #916, #2011 ) ;
#3612 = DIRECTION ( 'NONE',  ( -1.401718565583457942E-14, 1.000000000000000000, 6.360652745248286895E-15 ) ) ;
#3613 = ADVANCED_FACE ( 'NONE', ( #3019 ), #1944, .T. ) ;
#3614 = ORIENTED_EDGE ( 'NONE', *, *, #5157, .F. ) ;
#3615 = ORIENTED_EDGE ( 'NONE', *, *, #433, .T. ) ;
#3616 = AXIS2_PLACEMENT_3D ( 'NONE', #3571, #907, #3953 ) ;
#3617 = CARTESIAN_POINT ( 'NONE',  ( 0.8844949312957087750, 14.63452713242206471, 52.98573390744289213 ) ) ;
#3618 = VECTOR ( 'NONE', #2494, 1000.000000000000000 ) ;
#3619 = CIRCLE ( 'NONE', #2874, 2.000000000000000000 ) ;
#3620 = LINE ( 'NONE', #485, #4144 ) ;
#3621 = VERTEX_POINT ( 'NONE', #3905 ) ;
#3622 = ORIENTED_EDGE ( 'NONE', *, *, #3037, .T. ) ;
#3623 = CARTESIAN_POINT ( 'NONE',  ( -13.45579302860162763, -8.353337101672172693, 9.336778280183311907 ) ) ;
#3624 = DIRECTION ( 'NONE',  ( 0.000000000000000000, 1.000000000000000000, 5.782411586589354089E-15 ) ) ;
#3625 = EDGE_CURVE ( 'NONE', #4326, #2775, #3620, .T. ) ;
#3626 = FACE_OUTER_BOUND ( 'NONE', #1901, .T. ) ;
#3627 = FACE_OUTER_BOUND ( 'NONE', #2751, .T. ) ;
#3628 = FACE_BOUND ( 'NONE', #4065, .T. ) ;
#3629 = ORIENTED_EDGE ( 'NONE', *, *, #5659, .T. ) ;
#3630 = EDGE_CURVE ( 'NONE', #3941, #3715, #4241, .T. ) ;
#3631 = DIRECTION ( 'NONE',  ( 1.396989743957924894E-14, -1.000000000000000000, 0.000000000000000000 ) ) ;
#3632 = LINE ( 'NONE', #1436, #3082 ) ;
#3633 = EDGE_LOOP ( 'NONE', ( #4860, #2688, #2297, #2225 ) ) ;
#3634 = VERTEX_POINT ( 'NONE', #2705 ) ;
#3635 = FACE_OUTER_BOUND ( 'NONE', #853, .T. ) ;
#3636 = CARTESIAN_POINT ( 'NONE',  ( -0.1155050687038244317, 12.43452713242224483, 20.11586664184827100 ) ) ;
#3637 = DIRECTION ( 'NONE',  ( 1.396452398161329869E-14, -1.000000000000000000, 0.000000000000000000 ) ) ;
#3638 = ORIENTED_EDGE ( 'NONE', *, *, #4196, .T. ) ;
#3639 = ORIENTED_EDGE ( 'NONE', *, *, #3762, .T. ) ;
#3640 = AXIS2_PLACEMENT_3D ( 'NONE', #3960, #915, #2664 ) ;
#3641 = CARTESIAN_POINT ( 'NONE',  ( 1.579756412863240200, 14.93452713205838123, 53.78573390744316640 ) ) ;
#3642 = ORIENTED_EDGE ( 'NONE', *, *, #3645, .T. ) ;
#3643 = CIRCLE ( 'NONE', #5704, 1.500000000000004885 ) ;
#3644 = EDGE_LOOP ( 'NONE', ( #109, #2108, #3832, #2064 ) ) ;
#3645 = EDGE_CURVE ( 'NONE', #3336, #4946, #1988, .T. ) ;
#3646 = CARTESIAN_POINT ( 'NONE',  ( -2.114261706053190970, 14.93452713242220042, 23.80304963345092517 ) ) ;
#3647 = CYLINDRICAL_SURFACE ( 'NONE', #547, 0.5000000000000004441 ) ;
#3648 = VECTOR ( 'NONE', #5733, 1000.000000000000000 ) ;
#3649 = LINE ( 'NONE', #2318, #2178 ) ;
#3650 = EDGE_CURVE ( 'NONE', #649, #4231, #3975, .T. ) ;
#3651 = CYLINDRICAL_SURFACE ( 'NONE', #1823, 1.500000000000001332 ) ;
#3652 = CARTESIAN_POINT ( 'NONE',  ( -14.10579673867896489, -7.217711995140038361, 53.45603397840013571 ) ) ;
#3653 = ORIENTED_EDGE ( 'NONE', *, *, #5630, .F. ) ;
#3654 = CARTESIAN_POINT ( 'NONE',  ( 0.8844949312964967003, -6.465472867577796379, 8.925500087121172044 ) ) ;
#3655 = CARTESIAN_POINT ( 'NONE',  ( -20.86550506870329613, 18.43452713242189134, 32.64470820415652952 ) ) ;
#3656 = ORIENTED_EDGE ( 'NONE', *, *, #3541, .T. ) ;
#3657 = EDGE_LOOP ( 'NONE', ( #461, #4388, #1923, #4774 ) ) ;
#3658 = EDGE_CURVE ( 'NONE', #3932, #3429, #5529, .T. ) ;
#3659 = FACE_OUTER_BOUND ( 'NONE', #4831, .T. ) ;
#3660 = DIRECTION ( 'NONE',  ( 1.396452398161329869E-14, -1.000000000000000000, 0.000000000000000000 ) ) ;
#3661 = CIRCLE ( 'NONE', #3116, 2.999999999999999112 ) ;
#3662 = CIRCLE ( 'NONE', #1162, 1.000000000000000888 ) ;
#3663 = LINE ( 'NONE', #5000, #5168 ) ;
#3664 = CARTESIAN_POINT ( 'NONE',  ( 12.42550038495839360, -35.56547286757778892, 6.228110283993597670E-11 ) ) ;
#3665 = CIRCLE ( 'NONE', #2748, 11.50000000000000178 ) ;
#3666 = AXIS2_PLACEMENT_3D ( 'NONE', #2368, #3544, #5326 ) ;
#3667 = ORIENTED_EDGE ( 'NONE', *, *, #1640, .T. ) ;
#3668 = ORIENTED_EDGE ( 'NONE', *, *, #361, .F. ) ;
#3669 = CARTESIAN_POINT ( 'NONE',  ( 12.38449493129605017, 14.93452713242238517, 28.01586664685444816 ) ) ;
#3670 = ORIENTED_EDGE ( 'NONE', *, *, #3480, .F. ) ;
#3671 = VECTOR ( 'NONE', #943, 1000.000000000000000 ) ;
#3672 = VERTEX_POINT ( 'NONE', #1523 ) ;
#3673 = AXIS2_PLACEMENT_3D ( 'NONE', #5698, #2772, #3479 ) ;
#3674 = CARTESIAN_POINT ( 'NONE',  ( -23.36550506870327126, 16.72742035123531323, 32.64470820415652241 ) ) ;
#3675 = CARTESIAN_POINT ( 'NONE',  ( -0.2411267499974815431, -8.268815555412215801, 53.46429899196512281 ) ) ;
#3676 = CARTESIAN_POINT ( 'NONE',  ( -12.61252715097049482, -7.819966620657429424, 53.98093418944527855 ) ) ;
#3677 = ADVANCED_FACE ( 'NONE', ( #27 ), #1805, .F. ) ;
#3678 = AXIS2_PLACEMENT_3D ( 'NONE', #1039, #2290, #4104 ) ;
#3679 = DIRECTION ( 'NONE',  ( 1.404665511781869571E-14, -1.000000000000000000, -5.782411586589354089E-15 ) ) ;
#3680 = FACE_OUTER_BOUND ( 'NONE', #609, .T. ) ;
#3681 = EDGE_LOOP ( 'NONE', ( #4387, #1548, #1815 ) ) ;
#3682 = ADVANCED_FACE ( 'NONE', ( #4452 ), #4949, .T. ) ;
#3683 = CARTESIAN_POINT ( 'NONE',  ( -13.15750701914866383, 14.92851653868513573, 10.06585952845710352 ) ) ;
#3684 = CARTESIAN_POINT ( 'NONE',  ( -2.114261706053197631, 15.43452713242220753, 23.80304963345092872 ) ) ;
#3685 = ORIENTED_EDGE ( 'NONE', *, *, #4863, .T. ) ;
#3686 = VECTOR ( 'NONE', #3992, 1000.000000000000000 ) ;
#3687 = ORIENTED_EDGE ( 'NONE', *, *, #1526, .F. ) ;
#3688 = PLANE ( 'NONE',  #870 ) ;
#3689 = CARTESIAN_POINT ( 'NONE',  ( -9.815513575126541213, -17.56547286757810511, 31.51586665186150427 ) ) ;
#3690 = CARTESIAN_POINT ( 'NONE',  ( 16.28449561181090033, -35.56547286757774629, 90.91586665186036953 ) ) ;
#3691 = AXIS2_PLACEMENT_3D ( 'NONE', #2492, #4246, #1957 ) ;
#3692 = ADVANCED_FACE ( 'NONE', ( #179 ), #5344, .F. ) ;
#3693 = CARTESIAN_POINT ( 'NONE',  ( -42.68671935318123900, -35.56547286757856341, 100.9158666518603695 ) ) ;
#3694 = ADVANCED_FACE ( 'NONE', ( #4071 ), #3716, .F. ) ;
#3695 = ORIENTED_EDGE ( 'NONE', *, *, #4871, .F. ) ;
#3696 = ORIENTED_EDGE ( 'NONE', *, *, #1021, .T. ) ;
#3697 = CARTESIAN_POINT ( 'NONE',  ( -9.815513575126150414, -45.56547286757810156, 31.51586665186150427 ) ) ;
#3698 = EDGE_CURVE ( 'NONE', #1811, #1777, #5502, .T. ) ;
#3699 = ORIENTED_EDGE ( 'NONE', *, *, #255, .F. ) ;
#3700 = VECTOR ( 'NONE', #4651, 1000.000000000000000 ) ;
#3701 = ORIENTED_EDGE ( 'NONE', *, *, #5205, .F. ) ;
#3702 = DIRECTION ( 'NONE',  ( -0.7071067811865371366, -0.7071067811865580088, -4.906538933386865084E-15 ) ) ;
#3703 = FACE_OUTER_BOUND ( 'NONE', #1831, .T. ) ;
#3704 = FACE_OUTER_BOUND ( 'NONE', #3280, .T. ) ;
#3705 = DIRECTION ( 'NONE',  ( 1.000000000000000000, 1.404665511781869571E-14, -5.460873910928280628E-31 ) ) ;
#3706 = LINE ( 'NONE', #3274, #3024 ) ;
#3707 = FACE_OUTER_BOUND ( 'NONE', #105, .T. ) ;
#3708 = VERTEX_POINT ( 'NONE', #51 ) ;
#3709 = LINE ( 'NONE', #4164, #2692 ) ;
#3710 = CYLINDRICAL_SURFACE ( 'NONE', #1695, 2.450000000000000622 ) ;
#3711 = VERTEX_POINT ( 'NONE', #3588 ) ;
#3712 = CARTESIAN_POINT ( 'NONE',  ( 1.884494931296096354, -8.465472867577808813, 14.91586665186049565 ) ) ;
#3713 = CARTESIAN_POINT ( 'NONE',  ( 0.06270425813195427966, -8.100351684469931257, 54.30611566721563577 ) ) ;
#3714 = CARTESIAN_POINT ( 'NONE',  ( -11.74735359908416577, -8.367355399750922018, 9.710790143273079877 ) ) ;
#3715 = VERTEX_POINT ( 'NONE', #1363 ) ;
#3716 = CYLINDRICAL_SURFACE ( 'NONE', #5666, 11.50000000000000178 ) ;
#3717 = CARTESIAN_POINT ( 'NONE',  ( -22.15839828751676066, 17.93452713242188423, 30.64470820415653307 ) ) ;
#3718 = ORIENTED_EDGE ( 'NONE', *, *, #2627, .T. ) ;
#3719 = EDGE_CURVE ( 'NONE', #3154, #5722, #1077, .T. ) ;
#3720 = ORIENTED_EDGE ( 'NONE', *, *, #2277, .F. ) ;
#3721 = ADVANCED_FACE ( 'NONE', ( #3312 ), #2850, .F. ) ;
#3722 = DIRECTION ( 'NONE',  ( 0.4071038646114296666, 4.237275786613965302E-15, -0.9133818716278745420 ) ) ;
#3723 = VERTEX_POINT ( 'NONE', #459 ) ;
#3724 = CIRCLE ( 'NONE', #5595, 10.00000000000000178 ) ;
#3725 = CIRCLE ( 'NONE', #1242, 8.597314602603171707 ) ;
#3726 = CARTESIAN_POINT ( 'NONE',  ( -23.36550506870327126, 16.72742035123531679, 32.64470820415651531 ) ) ;
#3727 = CARTESIAN_POINT ( 'NONE',  ( -12.74298359408348880, -8.904332502242679581, 9.099666702556284292 ) ) ;
#3728 = FACE_OUTER_BOUND ( 'NONE', #482, .T. ) ;
#3729 = DIRECTION ( 'NONE',  ( 0.000000000000000000, 1.084202172485503961E-14, -1.000000000000000000 ) ) ;
#3730 = CARTESIAN_POINT ( 'NONE',  ( -13.10836164477483301, -6.671999190468143048, 53.84309031327072148 ) ) ;
#3731 = CARTESIAN_POINT ( 'NONE',  ( 0.9290861777965824242, -8.601574522930954814, 54.06583338741285161 ) ) ;
#3732 = CARTESIAN_POINT ( 'NONE',  ( -11.30682791330380610, -9.265472867577816629, 54.33393799394462320 ) ) ;
#3733 = ORIENTED_EDGE ( 'NONE', *, *, #2922, .F. ) ;
#3734 = EDGE_CURVE ( 'NONE', #1553, #486, #3424, .T. ) ;
#3735 = DIRECTION ( 'NONE',  ( 1.000000000000000000, 1.387778780781444256E-14, -5.308253836489024862E-12 ) ) ;
#3736 = DIRECTION ( 'NONE',  ( -1.000000000000000000, 0.000000000000000000, 0.000000000000000000 ) ) ;
#3737 = ORIENTED_EDGE ( 'NONE', *, *, #215, .F. ) ;
#3738 = DIRECTION ( 'NONE',  ( -1.000000000000000000, -1.404665511781869571E-14, -1.227679387292136566E-31 ) ) ;
#3739 = DIRECTION ( 'NONE',  ( 1.404665511781869571E-14, -1.000000000000000000, -5.782411586589354089E-15 ) ) ;
#3740 = DIRECTION ( 'NONE',  ( 3.944304526105115955E-31, -5.782411586589358822E-15, 1.000000000000000000 ) ) ;
#3741 = EDGE_LOOP ( 'NONE', ( #950, #2718 ) ) ;
#3742 = CARTESIAN_POINT ( 'NONE',  ( 12.38449493129604129, 15.43452713242254681, 8.195154849044064913E-14 ) ) ;
#3743 = DIRECTION ( 'NONE',  ( 1.000000000000000000, 1.387778780781444256E-14, 9.629649721936161329E-29 ) ) ;
#3744 = EDGE_CURVE ( 'NONE', #2586, #4407, #173, .T. ) ;
#3745 = ORIENTED_EDGE ( 'NONE', *, *, #4871, .T. ) ;
#3746 = AXIS2_PLACEMENT_3D ( 'NONE', #850, #3978, #3519 ) ;
#3747 = ORIENTED_EDGE ( 'NONE', *, *, #1292, .T. ) ;
#3748 = CARTESIAN_POINT ( 'NONE',  ( 12.42550038495815912, -18.86547249352465627, 6.228110283993598962E-11 ) ) ;
#3749 = AXIS2_PLACEMENT_3D ( 'NONE', #1157, #1977, #1569 ) ;
#3750 = CC_DESIGN_APPROVAL ( #795, ( #1917 ) ) ;
#3751 = ADVANCED_FACE ( 'NONE', ( #509 ), #4478, .F. ) ;
#3752 = ORIENTED_EDGE ( 'NONE', *, *, #5148, .T. ) ;
#3753 = DIRECTION ( 'NONE',  ( 1.387778780781425165E-14, 1.387778780781479597E-14, 1.000000000000000000 ) ) ;
#3754 = CARTESIAN_POINT ( 'NONE',  ( -13.11550506870390365, -6.465472867577810590, 10.35984893471871437 ) ) ;
#3755 = APPROVAL_ROLE ( '' ) ;
#3756 = DIRECTION ( 'NONE',  ( 1.400789206851272044E-14, -1.000000000000000000, 0.000000000000000000 ) ) ;
#3757 = DIRECTION ( 'NONE',  ( 1.387778780781444413E-14, -1.000000000000000000, 0.000000000000000000 ) ) ;
#3758 = CARTESIAN_POINT ( 'NONE',  ( -13.00890989386755692, -7.123150148655962077, 52.72946585358917559 ) ) ;
#3759 = EDGE_CURVE ( 'NONE', #69, #4479, #4716, .T. ) ;
#3760 = DIRECTION ( 'NONE',  ( -1.000000000000000000, -1.404380626547629489E-14, -3.045265052598992611E-28 ) ) ;
#3761 = CARTESIAN_POINT ( 'NONE',  ( -14.20550632740072494, -6.658336975311256012, 53.41747089647865465 ) ) ;
#3762 = EDGE_CURVE ( 'NONE', #1859, #5496, #638, .T. ) ;
#3763 = CARTESIAN_POINT ( 'NONE',  ( -13.42386760130664491, 14.87442715086006828, 9.720115552218642208 ) ) ;
#3764 = CYLINDRICAL_SURFACE ( 'NONE', #760, 10.00000000000000178 ) ;
#3765 = ORIENTED_EDGE ( 'NONE', *, *, #4906, .T. ) ;
#3766 = CARTESIAN_POINT ( 'NONE',  ( 1.830647034336403189, 15.43452713242226615, 23.10991927961703851 ) ) ;
#3767 = LINE ( 'NONE', #4169, #3943 ) ;
#3768 = CARTESIAN_POINT ( 'NONE',  ( -14.20550632740220998, 14.93452713242211161, 9.614262407242936348 ) ) ;
#3769 = VERTEX_POINT ( 'NONE', #2539 ) ;
#3770 = DIRECTION ( 'NONE',  ( -1.000000000000000000, -1.416100796715761553E-14, 0.000000000000000000 ) ) ;
#3771 = CIRCLE ( 'NONE', #5071, 9.999999999999998224 ) ;
#3772 = CARTESIAN_POINT ( 'NONE',  ( 0.8844949312957114396, 15.10315628252360654, 53.16146983873097298 ) ) ;
#3773 = AXIS2_PLACEMENT_3D ( 'NONE', #299, #3722, #1554 ) ;
#3774 = ORIENTED_EDGE ( 'NONE', *, *, #2801, .F. ) ;
#3775 = ORIENTED_EDGE ( 'NONE', *, *, #3698, .F. ) ;
#3776 = TOROIDAL_SURFACE ( 'NONE', #4233, 23.00000000000000000, 0.5000000000000000000 ) ;
#3777 = CARTESIAN_POINT ( 'NONE',  ( 8.437206556002241342, 9.734527132422291729, 34.51586664685441974 ) ) ;
#3778 = CARTESIAN_POINT ( 'NONE',  ( -13.11550506870390365, 14.63452713242187109, 52.67188436900190851 ) ) ;
#3779 = VECTOR ( 'NONE', #245, 1000.000000000000000 ) ;
#3780 = CARTESIAN_POINT ( 'NONE',  ( 1.884494931296090137, 14.93452713242217378, 39.42181401409185781 ) ) ;
#3781 = EDGE_LOOP ( 'NONE', ( #355, #5112, #872, #3042, #2620, #836, #990, #4991, #3564, #3622, #4174, #320, #106, #2280 ) ) ;
#3782 = AXIS2_PLACEMENT_3D ( 'NONE', #2708, #5380, #1427 ) ;
#3783 = LINE ( 'NONE', #2056, #4331 ) ;
#3784 = CYLINDRICAL_SURFACE ( 'NONE', #32, 0.8000000000000000444 ) ;
#3785 = CARTESIAN_POINT ( 'NONE',  ( -22.36550506870331390, 18.43452713242187002, 32.64470820415652241 ) ) ;
#3786 = DIRECTION ( 'NONE',  ( -3.117823127310333221E-14, -7.211414630518214623E-30, 1.000000000000000000 ) ) ;
#3787 = CARTESIAN_POINT ( 'NONE',  ( -11.37550150996836962, -8.465472867577810590, 53.46750033234202704 ) ) ;
#3788 = ORIENTED_EDGE ( 'NONE', *, *, #311, .F. ) ;
#3789 = VECTOR ( 'NONE', #796, 1000.000000000000000 ) ;
#3790 = EDGE_CURVE ( 'NONE', #900, #2723, #4149, .T. ) ;
#3791 = DIRECTION ( 'NONE',  ( -0.9709817592376225326, -2.105481065618449450E-15, -0.2391535557498814524 ) ) ;
#3792 = AXIS2_PLACEMENT_3D ( 'NONE', #659, #2432, #3938 ) ;
#3793 = FACE_OUTER_BOUND ( 'NONE', #770, .T. ) ;
#3794 = DIRECTION ( 'NONE',  ( 1.097100319163247187E-16, -5.782411586589352511E-15, 1.000000000000000000 ) ) ;
#3795 = DIRECTION ( 'NONE',  ( 1.000000000000000000, 1.400510696201459836E-14, 0.000000000000000000 ) ) ;
#3796 = ORIENTED_EDGE ( 'NONE', *, *, #4971, .F. ) ;
#3797 = CARTESIAN_POINT ( 'NONE',  ( 0.8921489315391109010, 14.78030764799138375, 9.900218880708980151 ) ) ;
#3798 = CARTESIAN_POINT ( 'NONE',  ( -0.2862267313921139644, -8.301092444959811800, 54.38874027748097006 ) ) ;
#3799 = DIRECTION ( 'NONE',  ( -1.396452398161329869E-14, 1.000000000000000000, 0.000000000000000000 ) ) ;
#3800 = VERTEX_POINT ( 'NONE', #673 ) ;
#3801 = PLANE ( 'NONE',  #4940 ) ;
#3802 = CIRCLE ( 'NONE', #5308, 0.5000000000000004441 ) ;
#3803 = CARTESIAN_POINT ( 'NONE',  ( -11.11550506870390365, -6.465472867577810590, 42.91586665186046901 ) ) ;
#3804 = ORIENTED_EDGE ( 'NONE', *, *, #5049, .F. ) ;
#3805 = ORIENTED_EDGE ( 'NONE', *, *, #4722, .T. ) ;
#3807 = EDGE_CURVE ( 'NONE', #5730, #5328, #4618, .T. ) ;
#3806 = DIRECTION ( 'NONE',  ( -1.404665511781869571E-14, 1.000000000000000000, 5.782411586589354878E-15 ) ) ;
#3808 = CARTESIAN_POINT ( 'NONE',  ( 0.6716231346155074888, -7.373133031235842516, 9.945844405688534451 ) ) ;
#3809 = CARTESIAN_POINT ( 'NONE',  ( 1.858511322559398105, 15.38054914236537662, 39.66092958669712942 ) ) ;
#3810 = ORIENTED_EDGE ( 'NONE', *, *, #3298, .F. ) ;
#3811 = CARTESIAN_POINT ( 'NONE',  ( 12.88449493129608747, 12.43452713242230345, 39.42181401409184360 ) ) ;
#3812 = CARTESIAN_POINT ( 'NONE',  ( -12.52118572997156498, -7.915610336239556233, 9.024410598216890733 ) ) ;
#3813 = DATE_TIME_ROLE ( 'classification_date' ) ;
#3814 = DIRECTION ( 'NONE',  ( -1.000000000000000000, -1.387778780781444413E-14, 0.000000000000000000 ) ) ;
#3815 = CARTESIAN_POINT ( 'NONE',  ( -14.76551357512658491, -15.86547249352503819, 37.51586665186149361 ) ) ;
#3816 = VECTOR ( 'NONE', #4028, 1000.000000000000000 ) ;
#3817 = DIRECTION ( 'NONE',  ( -1.396452398161329869E-14, 1.000000000000000000, 0.000000000000000000 ) ) ;
#3818 = AXIS2_PLACEMENT_3D ( 'NONE', #764, #3516, #3057 ) ;
#3819 = EDGE_LOOP ( 'NONE', ( #3311, #4034, #3191, #2189, #3007, #5250 ) ) ;
#3820 = AXIS2_PLACEMENT_3D ( 'NONE', #4110, #1441, #5447 ) ;
#3821 = ADVANCED_FACE ( 'NONE', ( #321 ), #1393, .T. ) ;
#3822 = LINE ( 'NONE', #1626, #2933 ) ;
#3823 = CARTESIAN_POINT ( 'NONE',  ( -13.13632696740777028, 14.84392553656919489, 52.75040877055691624 ) ) ;
#3824 = FACE_OUTER_BOUND ( 'NONE', #3882, .T. ) ;
#3825 = CARTESIAN_POINT ( 'NONE',  ( -2.114261706053156331, 12.43452713242219865, 23.80304963345091096 ) ) ;
#3826 = EDGE_CURVE ( 'NONE', #3941, #2607, #1008, .T. ) ;
#3827 = VERTEX_POINT ( 'NONE', #798 ) ;
#3828 = EDGE_CURVE ( 'NONE', #4976, #4105, #4995, .T. ) ;
#3829 = DIRECTION ( 'NONE',  ( -0.9795142049578783316, 0.000000000000000000, 0.2013750786113704949 ) ) ;
#3830 = PLANE ( 'NONE',  #897 ) ;
#3831 = CARTESIAN_POINT ( 'NONE',  ( -2.765513575126586243, -15.86547249352486944, 37.51586665186152203 ) ) ;
#3832 = ORIENTED_EDGE ( 'NONE', *, *, #4782, .F. ) ;
#3833 = DIRECTION ( 'NONE',  ( -1.000000000000000000, 0.000000000000000000, 5.142460426830928873E-16 ) ) ;
#3834 = CIRCLE ( 'NONE', #1884, 0.8000000000000003775 ) ;
#3835 = CARTESIAN_POINT ( 'NONE',  ( 0.9306846170465830070, -8.600216905349896024, 8.966371764505568720 ) ) ;
#3836 = EDGE_CURVE ( 'NONE', #2443, #2381, #2499, .T. ) ;
#3837 = VERTEX_POINT ( 'NONE', #706 ) ;
#3838 = ORIENTED_EDGE ( 'NONE', *, *, #5373, .F. ) ;
#3839 = DIRECTION ( 'NONE',  ( 0.9458091302018629687, 1.312573841563499799E-14, -0.3247230962324603176 ) ) ;
#3840 = DIRECTION ( 'NONE',  ( -1.400789206851271413E-14, 1.000000000000000000, 4.356926556559735285E-30 ) ) ;
#3841 = CARTESIAN_POINT ( 'NONE',  ( 3.634494931296743836, 15.43452713242224128, 31.51586664685444106 ) ) ;
#3842 = ORIENTED_EDGE ( 'NONE', *, *, #5205, .T. ) ;
#3843 = EDGE_CURVE ( 'NONE', #3634, #5432, #4466, .T. ) ;
#3844 = CYLINDRICAL_SURFACE ( 'NONE', #1475, 1.500000000000001332 ) ;
#3845 = CARTESIAN_POINT ( 'NONE',  ( -12.69300154378563228, -7.701869369201900462, 10.13891502170658399 ) ) ;
#3846 = COORDINATED_UNIVERSAL_TIME_OFFSET ( 8, 0, .AHEAD. ) ;
#3847 = DIRECTION ( 'NONE',  ( -1.401122857913396143E-14, 1.000000000000000000, 6.308085367188388861E-15 ) ) ;
#3848 = CARTESIAN_POINT ( 'NONE',  ( 0.8844949312961478682, -6.465472867577807037, 20.11586665186012723 ) ) ;
#3849 = DIRECTION ( 'NONE',  ( -1.000000000000000000, -1.413947154500602206E-14, 0.000000000000000000 ) ) ;
#3850 = ORIENTED_EDGE ( 'NONE', *, *, #3242, .T. ) ;
#3851 = FACE_OUTER_BOUND ( 'NONE', #3939, .T. ) ;
#3852 = CYLINDRICAL_SURFACE ( 'NONE', #4753, 0.5000000000000004441 ) ;
#3853 = DIRECTION ( 'NONE',  ( -1.000000000000000000, -1.416100796715760607E-14, 0.000000000000000000 ) ) ;
#3854 = CARTESIAN_POINT ( 'NONE',  ( -29.18671935318037214, -98.64468553998317191, 31.51586665185996594 ) ) ;
#3855 = EDGE_CURVE ( 'NONE', #3103, #1946, #2335, .T. ) ;
#3856 = CIRCLE ( 'NONE', #3586, 0.5000000000000004441 ) ;
#3857 = ORIENTED_EDGE ( 'NONE', *, *, #5451, .T. ) ;
#3858 = DIRECTION ( 'NONE',  ( -1.396452398161329869E-14, 1.000000000000000000, -0.000000000000000000 ) ) ;
#3859 = DIRECTION ( 'NONE',  ( -1.396452398161329869E-14, 1.000000000000000000, 0.000000000000000000 ) ) ;
#3860 = LINE ( 'NONE', #1134, #4821 ) ;
#3861 = ORIENTED_EDGE ( 'NONE', *, *, #2106, .T. ) ;
#3862 = DIRECTION ( 'NONE',  ( -1.396452398161329869E-14, 1.000000000000000000, -0.000000000000000000 ) ) ;
#3863 = CARTESIAN_POINT ( 'NONE',  ( -13.91550506870550663, 15.43452713242187357, 52.67188436900190851 ) ) ;
#3864 = VERTEX_POINT ( 'NONE', #1673 ) ;
#3865 = VERTEX_POINT ( 'NONE', #1639 ) ;
#3866 = CARTESIAN_POINT ( 'NONE',  ( 0.8844949312961746246, 15.43452713242227503, 19.11586664184832429 ) ) ;
#3867 = DIRECTION ( 'NONE',  ( 1.000000000000000000, 1.404665511781869571E-14, -5.460873910928280628E-31 ) ) ;
#3868 = EDGE_CURVE ( 'NONE', #1081, #5481, #2077, .T. ) ;
#3869 = CARTESIAN_POINT ( 'NONE',  ( -35.18671935318123900, -35.56547286757846393, 19.41586665186047966 ) ) ;
#3870 = AXIS2_PLACEMENT_3D ( 'NONE', #4176, #3840, #3290 ) ;
#3871 = VERTEX_POINT ( 'NONE', #1235 ) ;
#3872 = AXIS2_PLACEMENT_3D ( 'NONE', #4419, #4840, #4335 ) ;
#3873 = DIRECTION ( 'NONE',  ( -1.396452398161330027E-14, 1.000000000000000000, -0.000000000000000000 ) ) ;
#3874 = EDGE_CURVE ( 'NONE', #649, #2854, #5026, .T. ) ;
#3875 = DIRECTION ( 'NONE',  ( 1.000000000000000000, 1.387778780781441100E-14, 0.000000000000000000 ) ) ;
#3876 = PERSON_AND_ORGANIZATION ( #2414, #4586 ) ;
#3877 = FACE_OUTER_BOUND ( 'NONE', #1345, .T. ) ;
#3878 = CIRCLE ( 'NONE', #2129, 1.500000000000001332 ) ;
#3879 = CARTESIAN_POINT ( 'NONE',  ( 12.88449493129605017, 14.93452713242241892, 23.60991927961703496 ) ) ;
#3880 = TOROIDAL_SURFACE ( 'NONE', #4713, 5.449999999999998401, 3.000000000000000000 ) ;
#3881 = DIRECTION ( 'NONE',  ( -1.000000000000000000, -1.387778780781444413E-14, 0.000000000000000000 ) ) ;
#3882 = EDGE_LOOP ( 'NONE', ( #501, #159, #11, #4232 ) ) ;
#3883 = VECTOR ( 'NONE', #3188, 1000.000000000000000 ) ;
#3884 = CARTESIAN_POINT ( 'NONE',  ( -13.27577168620386772, 15.12616459981979666, 52.85624841927596407 ) ) ;
#3885 = DIRECTION ( 'NONE',  ( -8.320308772263069674E-29, 5.955883934187037954E-15, -1.000000000000000000 ) ) ;
#3886 = CARTESIAN_POINT ( 'NONE',  ( 0.8844949312963646948, 12.43452713242201568, 42.91586665186058269 ) ) ;
#3887 = VERTEX_POINT ( 'NONE', #5587 ) ;
#3888 = CIRCLE ( 'NONE', #3431, 23.49999999999990408 ) ;
#3889 = DIRECTION ( 'NONE',  ( -1.400789206851272044E-14, 1.000000000000000000, 3.503246160812042677E-46 ) ) ;
#3890 = DIRECTION ( 'NONE',  ( 1.000000000000000000, 1.321694076934709574E-14, 0.000000000000000000 ) ) ;
#3891 = CARTESIAN_POINT ( 'NONE',  ( 13.83449561181101117, -43.56547286757777471, 90.91586665186036953 ) ) ;
#3892 = ORIENTED_EDGE ( 'NONE', *, *, #5347, .T. ) ;
#3893 = CARTESIAN_POINT ( 'NONE',  ( -5.686719353181627135, -9.265472867577811300, 31.51586665186047753 ) ) ;
#3894 = ORIENTED_EDGE ( 'NONE', *, *, #2060, .T. ) ;
#3895 = ORIENTED_EDGE ( 'NONE', *, *, #3645, .F. ) ;
#3896 = CARTESIAN_POINT ( 'NONE',  ( 16.28449561181089678, -35.56547286757773918, -27.88413334813953526 ) ) ;
#3897 = CARTESIAN_POINT ( 'NONE',  ( -13.44687591860317610, 14.93452713242212226, 9.559848934719337166 ) ) ;
#3898 = ADVANCED_FACE ( 'NONE', ( #1580 ), #300, .T. ) ;
#3899 = ORIENTED_EDGE ( 'NONE', *, *, #2427, .F. ) ;
#3900 = ADVANCED_FACE ( 'NONE', ( #4643 ), #3341, .F. ) ;
#3901 = AXIS2_PLACEMENT_3D ( 'NONE', #636, #1927, #1129 ) ;
#3902 = ORIENTED_EDGE ( 'NONE', *, *, #3581, .T. ) ;
#3903 = DIRECTION ( 'NONE',  ( -1.000000000000000000, -1.301042606982604690E-14, 0.000000000000000000 ) ) ;
#3904 = CARTESIAN_POINT ( 'NONE',  ( -13.11550506870389299, 2.434527132422089402, 20.11586664184821771 ) ) ;
#3905 = CARTESIAN_POINT ( 'NONE',  ( -37.18671935318173638, 0.4345271324215083109, 45.61586665186048606 ) ) ;
#3906 = DIRECTION ( 'NONE',  ( 0.000000000000000000, 0.000000000000000000, -1.000000000000000000 ) ) ;
#3907 = CARTESIAN_POINT ( 'NONE',  ( 11.48712623399611843, 13.53452713242233507, 34.51586664685443395 ) ) ;
#3908 = VERTEX_POINT ( 'NONE', #2913 ) ;
#3909 = ADVANCED_FACE ( 'NONE', ( #2046 ), #3801, .F. ) ;
#3910 = EDGE_CURVE ( 'NONE', #4725, #244, #1424, .T. ) ;
#3911 = VERTEX_POINT ( 'NONE', #3982 ) ;
#3912 =( BOUNDED_CURVE ( )  B_SPLINE_CURVE ( 3, ( #236, #3772, #2884, #1496 ),
 .UNSPECIFIED., .F., .T. ) 
 B_SPLINE_CURVE_WITH_KNOTS ( ( 4, 4 ),
 ( 4.712388980384710102, 6.283185307179586232 ),
 .UNSPECIFIED. ) 
 CURVE ( )  GEOMETRIC_REPRESENTATION_ITEM ( )  RATIONAL_B_SPLINE_CURVE ( ( 1.000000000000000000, 0.8047378541243698225, 0.8047378541243698225, 1.000000000000000000 ) ) 
 REPRESENTATION_ITEM ( '' )  );
#3913 = CARTESIAN_POINT ( 'NONE',  ( -13.91550506870391324, 15.43452713242212049, 10.05984893471934072 ) ) ;
#3914 = VECTOR ( 'NONE', #710, 1000.000000000000000 ) ;
#3915 = LINE ( 'NONE', #2652, #312 ) ;
#3916 = CARTESIAN_POINT ( 'NONE',  ( 2.226309392385471911E-13, -15.86547249352483036, 2.095718851371383804E-29 ) ) ;
#3917 = AXIS2_PLACEMENT_3D ( 'NONE', #832, #1297, #502 ) ;
#3918 = ORIENTED_EDGE ( 'NONE', *, *, #4542, .F. ) ;
#3919 = FACE_OUTER_BOUND ( 'NONE', #1057, .T. ) ;
#3920 = LINE ( 'NONE', #348, #1447 ) ;
#3921 = CARTESIAN_POINT ( 'NONE',  ( -2.765513575126156365, -46.56547286757802340, 37.51586665186152203 ) ) ;
#3922 = EDGE_LOOP ( 'NONE', ( #2155, #5472, #4417, #1359, #2793, #1182 ) ) ;
#3923 = CARTESIAN_POINT ( 'NONE',  ( 4.190075317933808385, -35.56547286757790260, 52.83953723233589272 ) ) ;
#3924 = DIRECTION ( 'NONE',  ( 1.000000000000000000, 2.312964634635742957E-16, 0.000000000000000000 ) ) ;
#3925 =( BOUNDED_SURFACE ( )  B_SPLINE_SURFACE ( 3, 2, ( 
 ( #738, #1164, #5650 ),
 ( #5583, #2072, #5524 ),
 ( #2440, #2506, #1201 ),
 ( #2012, #3399, #2943 ),
 ( #1669, #3337, #4225 ),
 ( #5142, #1576, #793 ),
 ( #2565, #2879, #4667 ),
 ( #4700, #3797, #1545 ),
 ( #5617, #668, #5178 ),
 ( #4194, #230, #3432 ) ),
 .UNSPECIFIED., .F., .F., .T. ) 
 B_SPLINE_SURFACE_WITH_KNOTS ( ( 4, 2, 2, 2, 4 ),
 ( 3, 3 ),
 ( 6.283185307179586232, 6.675884388878310816, 7.068583470577034511, 7.461282552275758206, 7.853981633974482790 ),
 ( 0.000000000000000000, 1.000000000000000000 ),
 .UNSPECIFIED. ) 
 GEOMETRIC_REPRESENTATION_ITEM ( )  RATIONAL_B_SPLINE_SURFACE ( (
 ( 1.000000000000000000, 0.7071067811865463515, 1.000000000000000000),
 ( 1.000000000000000000, 0.7066755680767012882, 1.000000000000000000),
 ( 1.000000000000000000, 0.7265519905601425243, 1.000000000000000000),
 ( 1.000000000000000000, 0.7876782491370620809, 1.000000000000000000),
 ( 1.000000000000000000, 0.8282380880839399495, 1.000000000000000000),
 ( 1.000000000000000000, 0.9038127194849405743, 1.000000000000000000),
 ( 1.000000000000000000, 0.9386557168471708623, 1.000000000000000000),
 ( 1.000000000000000000, 0.9867291229151455845, 1.000000000000000000),
 ( 1.000000000000000000, 1.000158630594245590, 1.000000000000000000),
 ( 1.000000000000000000, 1.000000000000000000, 1.000000000000000000) ) ) 
 REPRESENTATION_ITEM ( '' )  SURFACE ( )  );
#3926 = CIRCLE ( 'NONE', #2906, 8.097314602603171707 ) ;
#3927 = EDGE_LOOP ( 'NONE', ( #3284, #5186, #4357, #1396 ) ) ;
#3928 = ORIENTED_EDGE ( 'NONE', *, *, #3066, .T. ) ;
#3929 = CARTESIAN_POINT ( 'NONE',  ( 12.88449493129608570, 12.43452713242239938, 23.60991927961702785 ) ) ;
#3930 = CARTESIAN_POINT ( 'NONE',  ( -0.4772210035176924214, -8.365194717294569315, 9.482821267183156877 ) ) ;
#3931 = ORIENTED_EDGE ( 'NONE', *, *, #4680, .F. ) ;
#3932 = VERTEX_POINT ( 'NONE', #445 ) ;
#3933 = VERTEX_POINT ( 'NONE', #5742 ) ;
#3934 = DIRECTION ( 'NONE',  ( -1.387778780781444256E-14, 1.000000000000000000, 6.938893903907221278E-15 ) ) ;
#3935 = DIRECTION ( 'NONE',  ( -1.000000000000000000, -1.404665511781869571E-14, -5.991902853473119489E-30 ) ) ;
#3936 = DIRECTION ( 'NONE',  ( 1.445602896647339666E-14, -1.000000000000000000, -5.782411586589358822E-15 ) ) ;
#3937 = ADVANCED_FACE ( 'NONE', ( #1790 ), #2690, .F. ) ;
#3938 = DIRECTION ( 'NONE',  ( -1.000000000000000000, -1.387778780781444413E-14, 0.000000000000000000 ) ) ;
#3939 = EDGE_LOOP ( 'NONE', ( #1939, #4060, #2352, #2512, #4389 ) ) ;
#3940 = EDGE_CURVE ( 'NONE', #4789, #3010, #2632, .T. ) ;
#3941 = VERTEX_POINT ( 'NONE', #5302 ) ;
#3942 = CIRCLE ( 'NONE', #511, 0.5000000000000004441 ) ;
#3943 = VECTOR ( 'NONE', #669, 1000.000000000000000 ) ;
#3944 = DIRECTION ( 'NONE',  ( -1.404665511781869571E-14, 1.000000000000000000, 5.782411586589354089E-15 ) ) ;
#3945 = EDGE_CURVE ( 'NONE', #1777, #807, #1976, .T. ) ;
#3946 = DIRECTION ( 'NONE',  ( -1.400789206851271413E-14, 1.000000000000000000, 4.356926556559735285E-30 ) ) ;
#3947 = CIRCLE ( 'NONE', #4682, 0.8000000000000003775 ) ;
#3948 = EDGE_CURVE ( 'NONE', #4865, #3224, #4828, .T. ) ;
#3949 = AXIS2_PLACEMENT_3D ( 'NONE', #5738, #441, #3520 ) ;
#3950 = ORIENTED_EDGE ( 'NONE', *, *, #3581, .F. ) ;
#3951 = DIRECTION ( 'NONE',  ( 1.224646799147353207E-16, 1.710160959569917786E-30, 1.000000000000000000 ) ) ;
#3952 = CARTESIAN_POINT ( 'NONE',  ( 5.384494931297432174, 15.06697027401515854, 23.60991927961703496 ) ) ;
#3953 = DIRECTION ( 'NONE',  ( 1.000000000000000000, 1.321694076934710047E-14, 0.000000000000000000 ) ) ;
#3954 = ORIENTED_EDGE ( 'NONE', *, *, #639, .F. ) ;
#3955 = EDGE_CURVE ( 'NONE', #3316, #2918, #854, .T. ) ;
#3956 = CARTESIAN_POINT ( 'NONE',  ( 0.8844949312964909272, 12.43452713242201213, 43.91586665186058269 ) ) ;
#3957 = CARTESIAN_POINT ( 'NONE',  ( -2.114261706182682943, -2.737831625344542926E-13, 39.22868367033041892 ) ) ;
#3958 = ORIENTED_EDGE ( 'NONE', *, *, #1176, .T. ) ;
#3959 = TOROIDAL_SURFACE ( 'NONE', #3673, 22.70000000000000284, 0.8000000000000000444 ) ;
#3960 = CARTESIAN_POINT ( 'NONE',  ( -3.815513575126545653, -15.86547249352488187, 25.51586665186152558 ) ) ;
#3961 = CARTESIAN_POINT ( 'NONE',  ( -0.1221350944908183439, -8.220071029829874476, 9.610104869181771647 ) ) ;
#3962 = ORIENTED_EDGE ( 'NONE', *, *, #756, .T. ) ;
#3963 = ORIENTED_EDGE ( 'NONE', *, *, #600, .F. ) ;
#3964 = AXIS2_PLACEMENT_3D ( 'NONE', #1457, #4079, #5073 ) ;
#3965 = LINE ( 'NONE', #5342, #3141 ) ;
#3966 = CARTESIAN_POINT ( 'NONE',  ( -32.68671935318108979, -47.56547286757842130, 90.91586665186036953 ) ) ;
#3967 = CARTESIAN_POINT ( 'NONE',  ( -12.11550506870390187, 12.43452713242201391, 42.91586665186058269 ) ) ;
#3968 = EDGE_CURVE ( 'NONE', #1744, #2742, #116, .T. ) ;
#3969 = ORIENTED_EDGE ( 'NONE', *, *, #3590, .T. ) ;
#3970 = EDGE_LOOP ( 'NONE', ( #2635, #2676, #2767 ) ) ;
#3971 = VECTOR ( 'NONE', #2096, 1000.000000000000000 ) ;
#3972 = DIRECTION ( 'NONE',  ( -1.000000000000000000, -1.387778780781444413E-14, 0.000000000000000000 ) ) ;
#3973 = AXIS2_PLACEMENT_3D ( 'NONE', #5726, #2149, #5227 ) ;
#3974 = LINE ( 'NONE', #518, #3563 ) ;
#3975 = CIRCLE ( 'NONE', #1950, 0.8000000000000001554 ) ;
#3976 = EDGE_CURVE ( 'NONE', #3103, #302, #3609, .T. ) ;
#3977 = EDGE_LOOP ( 'NONE', ( #1163, #4080, #5653 ) ) ;
#3978 = DIRECTION ( 'NONE',  ( -1.396452398161329869E-14, 1.000000000000000000, -0.000000000000000000 ) ) ;
#3979 = DIRECTION ( 'NONE',  ( 1.224646799147353207E-16, 1.710160959569917786E-30, 1.000000000000000000 ) ) ;
#3980 = CARTESIAN_POINT ( 'NONE',  ( -11.37390124947926928, -8.452853869149347332, 53.46565030359779058 ) ) ;
#3981 = VERTEX_POINT ( 'NONE', #3144 ) ;
#3982 = CARTESIAN_POINT ( 'NONE',  ( -2.765513575126521850, -17.56547286757800919, 25.51586665186152558 ) ) ;
#3983 = EDGE_CURVE ( 'NONE', #3981, #1445, #1321, .T. ) ;
#3984 = DIRECTION ( 'NONE',  ( 1.400789206851271571E-14, -1.000000000000000000, 0.000000000000000000 ) ) ;
#3985 = DIRECTION ( 'NONE',  ( 1.396452398161329869E-14, -1.000000000000000000, 0.000000000000000000 ) ) ;
#3986 = EDGE_CURVE ( 'NONE', #3178, #2828, #1763, .T. ) ;
#3987 = ORIENTED_EDGE ( 'NONE', *, *, #3807, .T. ) ;
#3988 = CYLINDRICAL_SURFACE ( 'NONE', #5032, 1.500000000000001332 ) ;
#3989 = DIRECTION ( 'NONE',  ( 0.3713906763541051648, 0.000000000000000000, 0.9284766908852586376 ) ) ;
#3990 = VERTEX_POINT ( 'NONE', #2269 ) ;
#3991 = VERTEX_POINT ( 'NONE', #3923 ) ;
#3992 = DIRECTION ( 'NONE',  ( 1.000000000000000000, 1.409359931862544006E-14, -3.708841925954063251E-16 ) ) ;
#3993 = DIRECTION ( 'NONE',  ( 1.396452398161329869E-14, -1.000000000000000000, 0.000000000000000000 ) ) ;
#3994 = DIRECTION ( 'NONE',  ( 2.312964634635742957E-16, -1.000000000000000000, 0.000000000000000000 ) ) ;
#3995 = AXIS2_PLACEMENT_3D ( 'NONE', #4665, #4345, #382 ) ;
#3996 = ORIENTED_EDGE ( 'NONE', *, *, #2517, .F. ) ;
#3997 = EDGE_LOOP ( 'NONE', ( #4333, #1618 ) ) ;
#3998 = SPHERICAL_SURFACE ( 'NONE', #4778, 0.5000000000000000000 ) ;
#3999 = DIRECTION ( 'NONE',  ( -1.400789206851271413E-14, 1.000000000000000000, 4.356926556559735285E-30 ) ) ;
#4000 = VERTEX_POINT ( 'NONE', #1350 ) ;
#4001 = CARTESIAN_POINT ( 'NONE',  ( -12.11550506870390187, 14.63452713242209136, 19.11586664184828521 ) ) ;
#4002 = DIRECTION ( 'NONE',  ( 1.396452398161329869E-14, -1.000000000000000000, 0.000000000000000000 ) ) ;
#4003 = DIRECTION ( 'NONE',  ( -1.396452398161329869E-14, 1.000000000000000000, -0.000000000000000000 ) ) ;
#4004 = ORIENTED_EDGE ( 'NONE', *, *, #1367, .F. ) ;
#4005 = CARTESIAN_POINT ( 'NONE',  ( -1.115505068703503522, -8.465472867577810590, 42.91586665186046190 ) ) ;
#4006 = CARTESIAN_POINT ( 'NONE',  ( 1.848942102869384652, -7.201324615159875542, 9.256814260566457619 ) ) ;
#4007 = CARTESIAN_POINT ( 'NONE',  ( -0.1155050687038243068, 12.43452713242225016, 19.11586664184827455 ) ) ;
#4008 = CIRCLE ( 'NONE', #4649, 23.50000000000000000 ) ;
#4009 = ORIENTED_EDGE ( 'NONE', *, *, #2183, .F. ) ;
#4010 = FACE_BOUND ( 'NONE', #1192, .T. ) ;
#4011 = DIRECTION ( 'NONE',  ( 5.308253836489024862E-12, -2.081668171172166620E-14, -1.000000000000000000 ) ) ;
#4012 = DIRECTION ( 'NONE',  ( -1.396452398161329869E-14, 1.000000000000000000, -0.000000000000000000 ) ) ;
#4013 = ADVANCED_FACE ( 'NONE', ( #5271 ), #3115, .F. ) ;
#4014 = VERTEX_POINT ( 'NONE', #472 ) ;
#4015 = ORIENTED_EDGE ( 'NONE', *, *, #411, .F. ) ;
#4016 = FACE_OUTER_BOUND ( 'NONE', #1990, .T. ) ;
#4017 = CARTESIAN_POINT ( 'NONE',  ( -9.815513575126541213, -17.56547286757810511, 31.51586665186150427 ) ) ;
#4018 = VERTEX_POINT ( 'NONE', #5713 ) ;
#4019 = ORIENTED_EDGE ( 'NONE', *, *, #1373, .F. ) ;
#4020 = CARTESIAN_POINT ( 'NONE',  ( 12.88449493129605194, 14.93452713242235141, 35.01586664685444816 ) ) ;
#4021 = DIRECTION ( 'NONE',  ( 1.000000000000000000, 1.404665511781869729E-14, -1.445602896646525897E-16 ) ) ;
#4022 = AXIS2_PLACEMENT_3D ( 'NONE', #5564, #5632, #3984 ) ;
#4023 = CARTESIAN_POINT ( 'NONE',  ( 12.38449493129606971, 13.53452713242238126, 28.51586664685443750 ) ) ;
#4024 = FACE_OUTER_BOUND ( 'NONE', #3030, .T. ) ;
#4025 = DIRECTION ( 'NONE',  ( 1.445602896647411886E-16, -6.308085367188386494E-15, 1.000000000000000000 ) ) ;
#4026 = DIRECTION ( 'NONE',  ( -1.404665511781869571E-14, 1.000000000000000000, 5.782411586589354089E-15 ) ) ;
#4027 = VERTEX_POINT ( 'NONE', #938 ) ;
#4028 = DIRECTION ( 'NONE',  ( -1.000000000000000000, -1.402851773444435856E-14, -3.491356724044029649E-31 ) ) ;
#4029 = AXIS2_PLACEMENT_3D ( 'NONE', #5319, #875, #814 ) ;
#4030 = CC_DESIGN_APPROVAL ( #1571, ( #965 ) ) ;
#4031 = CARTESIAN_POINT ( 'NONE',  ( 0.8430371333921085064, -6.895504822998108629, 8.916304909110493782 ) ) ;
#4032 = DIRECTION ( 'NONE',  ( -1.401718565583457942E-14, 1.000000000000000000, 6.360652745248286895E-15 ) ) ;
#4033 = EDGE_LOOP ( 'NONE', ( #913, #5204, #2608, #3132 ) ) ;
#4034 = ORIENTED_EDGE ( 'NONE', *, *, #2319, .T. ) ;
#4035 = LINE ( 'NONE', #3929, #1428 ) ;
#4036 = CARTESIAN_POINT ( 'NONE',  ( -23.86550506870327126, 16.72742035123532389, 30.14470820415652597 ) ) ;
#4037 = FACE_OUTER_BOUND ( 'NONE', #1260, .T. ) ;
#4038 = ORIENTED_EDGE ( 'NONE', *, *, #5010, .T. ) ;
#4039 = ORIENTED_EDGE ( 'NONE', *, *, #497, .F. ) ;
#4040 = EDGE_CURVE ( 'NONE', #3500, #1574, #1816, .T. ) ;
#4041 = CARTESIAN_POINT ( 'NONE',  ( 0.9053168299987031098, 14.84392553656866021, 53.06425830899790697 ) ) ;
#4042 = DIRECTION ( 'NONE',  ( -5.142460426830928873E-16, -7.181201195497786139E-30, -1.000000000000000000 ) ) ;
#4043 = ORIENTED_EDGE ( 'NONE', *, *, #2060, .F. ) ;
#4044 = EDGE_CURVE ( 'NONE', #3933, #4703, #1261, .T. ) ;
#4045 = VERTEX_POINT ( 'NONE', #825 ) ;
#4046 = CARTESIAN_POINT ( 'NONE',  ( -14.04476843138412434, -7.403697863887641617, 9.552266750700599829 ) ) ;
#4047 = CARTESIAN_POINT ( 'NONE',  ( 0.08656759974202286878, -8.069047782227301013, 53.33788181458625388 ) ) ;
#4048 = EDGE_CURVE ( 'NONE', #883, #5402, #2220, .T. ) ;
#4049 = AXIS2_PLACEMENT_3D ( 'NONE', #3803, #4293, #322 ) ;
#4050 = CARTESIAN_POINT ( 'NONE',  ( 16.28449561181094296, -38.56547286757773918, 90.91586665186036953 ) ) ;
#4051 = VECTOR ( 'NONE', #1645, 1000.000000000000000 ) ;
#4052 = CARTESIAN_POINT ( 'NONE',  ( -1.960101576359992564E-13, 15.93452713242217733, 33.64470820415651531 ) ) ;
#4053 = VECTOR ( 'NONE', #4096, 1000.000000000000000 ) ;
#4054 = CYLINDRICAL_SURFACE ( 'NONE', #4129, 0.8000000000000003775 ) ;
#4055 = ORIENTED_EDGE ( 'NONE', *, *, #3590, .F. ) ;
#4056 = CARTESIAN_POINT ( 'NONE',  ( -32.68671935318108979, -47.56547286757842841, -37.88413334813953526 ) ) ;
#4057 = FACE_OUTER_BOUND ( 'NONE', #2750, .T. ) ;
#4058 = FACE_OUTER_BOUND ( 'NONE', #750, .T. ) ;
#4059 = AXIS2_PLACEMENT_3D ( 'NONE', #3535, #3936, #2993 ) ;
#4060 = ORIENTED_EDGE ( 'NONE', *, *, #1476, .T. ) ;
#4061 = EDGE_LOOP ( 'NONE', ( #2657, #1642, #5720 ) ) ;
#4062 = CARTESIAN_POINT ( 'NONE',  ( -14.02425554071682789, 15.43452713242211871, 10.08025398691570906 ) ) ;
#4063 = DIRECTION ( 'NONE',  ( 8.968310171678829254E-44, 5.782411586589359611E-15, -1.000000000000000000 ) ) ;
#4064 = DIRECTION ( 'NONE',  ( -1.000000000000000000, -1.412425262204649789E-14, 0.000000000000000000 ) ) ;
#4065 = EDGE_LOOP ( 'NONE', ( #4347, #471 ) ) ;
#4066 = ORIENTED_EDGE ( 'NONE', *, *, #3350, .F. ) ;
#4067 = VECTOR ( 'NONE', #470, 1000.000000000000000 ) ;
#4068 = EDGE_CURVE ( 'NONE', #995, #3103, #1732, .T. ) ;
#4069 = CARTESIAN_POINT ( 'NONE',  ( 1.684494931295697828, 15.43452713242208318, 53.78573390744289640 ) ) ;
#4070 = CIRCLE ( 'NONE', #3792, 1.500000000000001332 ) ;
#4071 = FACE_OUTER_BOUND ( 'NONE', #2553, .T. ) ;
#4072 = EDGE_LOOP ( 'NONE', ( #2115, #4645, #959, #4856, #1652, #43, #5575, #1795, #4480, #3638, #1579, #5035, #2513, #4009, #133, #3039, #985, #5244, #3172, #4577, #1141, #5715, #746, #5007, #4462, #481, #2878, #918, #439, #292, #2144 ) ) ;
#4073 = ORIENTED_EDGE ( 'NONE', *, *, #239, .F. ) ;
#4074 = CARTESIAN_POINT ( 'NONE',  ( -37.18671935318173638, 0.4345271324215083109, 16.41586665186047966 ) ) ;
#4075 = CARTESIAN_POINT ( 'NONE',  ( -37.18671935318123900, -35.56547286757849236, 38.61586665186047895 ) ) ;
#4076 = EDGE_CURVE ( 'NONE', #736, #3034, #2531, .T. ) ;
#4077 = DIRECTION ( 'NONE',  ( -1.404665511781869571E-14, 1.000000000000000000, 5.782411586589354878E-15 ) ) ;
#4078 = LINE ( 'NONE', #2344, #5625 ) ;
#4079 = DIRECTION ( 'NONE',  ( 2.312964634635742957E-16, -1.000000000000000000, 0.000000000000000000 ) ) ;
#4080 = ORIENTED_EDGE ( 'NONE', *, *, #4971, .T. ) ;
#4081 = CARTESIAN_POINT ( 'NONE',  ( 12.42550038485755870, -18.86547249352465272, 20.11586665186050027 ) ) ;
#4082 = DIRECTION ( 'NONE',  ( 1.396452398161329869E-14, -1.000000000000000000, -0.000000000000000000 ) ) ;
#4083 = VERTEX_POINT ( 'NONE', #4056 ) ;
#4084 = ORIENTED_EDGE ( 'NONE', *, *, #1327, .T. ) ;
#4085 = FACE_OUTER_BOUND ( 'NONE', #5397, .T. ) ;
#4086 = CARTESIAN_POINT ( 'NONE',  ( -12.68296575534979986, -7.714575869683200082, 10.13389368522148715 ) ) ;
#4087 = FACE_OUTER_BOUND ( 'NONE', #4072, .T. ) ;
#4088 = EDGE_CURVE ( 'NONE', #2775, #2443, #5412, .T. ) ;
#4089 = EDGE_LOOP ( 'NONE', ( #1230, #2816, #2079, #977 ) ) ;
#4090 = VERTEX_POINT ( 'NONE', #94 ) ;
#4091 = CIRCLE ( 'NONE', #5124, 2.450000000000000622 ) ;
#4092 = CARTESIAN_POINT ( 'NONE',  ( 0.8844949313813496028, 14.70651509872599405, 53.05772187374694937 ) ) ;
#4093 = ADVANCED_FACE ( 'NONE', ( #4937 ), #1869, .F. ) ;
#4094 = ORIENTED_EDGE ( 'NONE', *, *, #4163, .T. ) ;
#4095 = ORIENTED_EDGE ( 'NONE', *, *, #1969, .F. ) ;
#4096 = DIRECTION ( 'NONE',  ( -0.000000000000000000, 5.782411586589358822E-15, -1.000000000000000000 ) ) ;
#4097 = EDGE_CURVE ( 'NONE', #5402, #2597, #4848, .T. ) ;
#4098 = CARTESIAN_POINT ( 'NONE',  ( -23.36550506870329613, 18.43452713242187002, 30.14470820415653307 ) ) ;
#4099 = ADVANCED_FACE ( 'NONE', ( #2952 ), #271, .F. ) ;
#4100 = CIRCLE ( 'NONE', #5610, 1.050000000000000933 ) ;
#4101 = LINE ( 'NONE', #140, #2317 ) ;
#4102 = ADVANCED_FACE ( 'NONE', ( #298 ), #5188, .T. ) ;
#4103 = DIRECTION ( 'NONE',  ( -1.000000000000000000, -1.404665511781869571E-14, -5.991902853473119489E-30 ) ) ;
#4104 = DIRECTION ( 'NONE',  ( 1.000000000000000000, 1.416100796715762342E-14, 0.000000000000000000 ) ) ;
#4105 = VERTEX_POINT ( 'NONE', #3346 ) ;
#4106 = CARTESIAN_POINT ( 'NONE',  ( 0.8710848500181734844, -6.731834100921148867, 10.03952797554470067 ) ) ;
#4107 = CARTESIAN_POINT ( 'NONE',  ( 12.88449493129608570, 12.43452713242240293, 23.60991927961701720 ) ) ;
#4108 = VERTEX_POINT ( 'NONE', #4741 ) ;
#4109 = ORIENTED_EDGE ( 'NONE', *, *, #5264, .T. ) ;
#4110 = CARTESIAN_POINT ( 'NONE',  ( 16.28449561181099625, -43.56547286757773918, -27.88413334813953526 ) ) ;
#4111 = DIRECTION ( 'NONE',  ( -9.712844633365195303E-17, -2.246546613868526491E-32, -1.000000000000000000 ) ) ;
#4112 = CIRCLE ( 'NONE', #598, 0.8000000000000020428 ) ;
#4113 = CIRCLE ( 'NONE', #4874, 1.000000000000000888 ) ;
#4114 = DIRECTION ( 'NONE',  ( -1.396452398161329869E-14, 1.000000000000000000, -0.000000000000000000 ) ) ;
#4115 = CARTESIAN_POINT ( 'NONE',  ( -0.1155050687035188706, 15.43452713242212937, 42.11586665186059975 ) ) ;
#4116 = AXIS2_PLACEMENT_3D ( 'NONE', #4825, #4405, #2187 ) ;
#4117 = ORIENTED_EDGE ( 'NONE', *, *, #2449, .T. ) ;
#4118 = ORIENTED_EDGE ( 'NONE', *, *, #2341, .T. ) ;
#4119 = CARTESIAN_POINT ( 'NONE',  ( 0.9854657805750336452, 14.78561279028602904, 53.38862899508082904 ) ) ;
#4120 = ORIENTED_EDGE ( 'NONE', *, *, #344, .T. ) ;
#4121 = VECTOR ( 'NONE', #4610, 1000.000000000000000 ) ;
#4122 = ORIENTED_EDGE ( 'NONE', *, *, #3130, .T. ) ;
#4123 = VECTOR ( 'NONE', #2747, 1000.000000000000000 ) ;
#4124 = CARTESIAN_POINT ( 'NONE',  ( -2.114261706182183786, -35.56547286757799498, 39.22868367033030523 ) ) ;
#4125 = CARTESIAN_POINT ( 'NONE',  ( 17.78449561181100336, -43.56547286757771786, -27.88413334813953526 ) ) ;
#4126 = CARTESIAN_POINT ( 'NONE',  ( 18.73449561181094225, -38.56547286757771076, 90.91586665186036953 ) ) ;
#4127 =( BOUNDED_CURVE ( )  B_SPLINE_CURVE ( 3, ( #3913, #1753, #340, #1722 ),
 .UNSPECIFIED., .F., .T. ) 
 B_SPLINE_CURVE_WITH_KNOTS ( ( 4, 4 ),
 ( 6.018531076210110289E-31, 1.570796326794901221 ),
 .UNSPECIFIED. ) 
 CURVE ( )  GEOMETRIC_REPRESENTATION_ITEM ( )  RATIONAL_B_SPLINE_CURVE ( ( 1.000000000000000000, 0.8047378541243639383, 0.8047378541243639383, 1.000000000000000000 ) ) 
 REPRESENTATION_ITEM ( '' )  );
#4128 = CYLINDRICAL_SURFACE ( 'NONE', #1310, 0.5000000000000004441 ) ;
#4129 = AXIS2_PLACEMENT_3D ( 'NONE', #1433, #4131, #550 ) ;
#4130 = DIRECTION ( 'NONE',  ( 1.400789206851271571E-14, -1.000000000000000000, -5.955883934187037954E-15 ) ) ;
#4131 = DIRECTION ( 'NONE',  ( -1.000000000000000000, -1.404665511781869571E-14, -2.599684951800732511E-31 ) ) ;
#4132 = ORIENTED_EDGE ( 'NONE', *, *, #3790, .T. ) ;
#4133 = DIRECTION ( 'NONE',  ( 0.000000000000000000, 0.000000000000000000, 1.000000000000000000 ) ) ;
#4134 = CARTESIAN_POINT ( 'NONE',  ( -23.36550506870326060, 15.93452713242187180, 29.64470820415651886 ) ) ;
#4135 = EDGE_CURVE ( 'NONE', #2601, #5517, #3724, .T. ) ;
#4136 = ORIENTED_EDGE ( 'NONE', *, *, #2606, .F. ) ;
#4137 = AXIS2_PLACEMENT_3D ( 'NONE', #2360, #5482, #1055 ) ;
#4138 = CC_DESIGN_PERSON_AND_ORGANIZATION_ASSIGNMENT ( #5226, #2521, ( #1044 ) ) ;
#4139 = DIRECTION ( 'NONE',  ( -8.122354130609947025E-29, 5.782411586589354089E-15, -1.000000000000000000 ) ) ;
#4140 = CARTESIAN_POINT ( 'NONE',  ( 0.5163339180868502520, -7.646005772524881117, 54.19433734974436589 ) ) ;
#4141 = LINE ( 'NONE', #177, #4121 ) ;
#4142 = ORIENTED_EDGE ( 'NONE', *, *, #3658, .F. ) ;
#4143 = AXIS2_PLACEMENT_3D ( 'NONE', #5672, #2061, #1657 ) ;
#4144 = VECTOR ( 'NONE', #79, 1000.000000000000000 ) ;
#4145 = FACE_OUTER_BOUND ( 'NONE', #1638, .T. ) ;
#4146 = EDGE_CURVE ( 'NONE', #521, #144, #3096, .T. ) ;
#4147 = EDGE_LOOP ( 'NONE', ( #2707, #16, #4616, #892 ) ) ;
#4148 = ORIENTED_EDGE ( 'NONE', *, *, #4307, .T. ) ;
#4149 = CIRCLE ( 'NONE', #2228, 2.449999999999998845 ) ;
#4150 = ADVANCED_FACE ( 'NONE', ( #1211 ), #4770, .F. ) ;
#4151 = CARTESIAN_POINT ( 'NONE',  ( 1.215865781194185979, 14.93452713242208318, 53.78573390744290350 ) ) ;
#4152 = ORIENTED_EDGE ( 'NONE', *, *, #3358, .F. ) ;
#4153 = AXIS2_PLACEMENT_3D ( 'NONE', #2453, #1146, #4681 ) ;
#4154 = VECTOR ( 'NONE', #4584, 1000.000000000000000 ) ;
#4155 = DIRECTION ( 'NONE',  ( 1.396452398161329869E-14, -1.000000000000000000, 0.000000000000000000 ) ) ;
#4156 = CARTESIAN_POINT ( 'NONE',  ( -12.23077203363505383, -9.125611129355268858, 8.944684999697116723 ) ) ;
#4157 = FACE_OUTER_BOUND ( 'NONE', #526, .T. ) ;
#4158 = CARTESIAN_POINT ( 'NONE',  ( -12.61001746802820733, -7.800840416291880075, 52.93412308990419035 ) ) ;
#4159 = DIRECTION ( 'NONE',  ( 1.000000000000000000, 1.387778780781445518E-14, 0.000000000000000000 ) ) ;
#4160 =( BOUNDED_SURFACE ( )  B_SPLINE_SURFACE ( 3, 2, ( 
 ( #5369, #4069, #1421 ),
 ( #1446, #1028, #3641 ),
 ( #1829, #3187, #3214 ),
 ( #2726, #2259, #1391 ),
 ( #2802, #2333, #4948 ),
 ( #2778, #3155, #4477 ),
 ( #4925, #2282, #4119 ),
 ( #4041, #589, #78 ),
 ( #5403, #4092, #1856 ),
 ( #3617, #973, #2752 ) ),
 .UNSPECIFIED., .F., .F., .F. ) 
 B_SPLINE_SURFACE_WITH_KNOTS ( ( 4, 2, 2, 2, 4 ),
 ( 3, 3 ),
 ( 6.283185307179586232, 6.675884388878309927, 7.068583470577033623, 7.461282552275758206, 7.853981633974481902 ),
 ( 0.000000000000000000, 1.000000000000000000 ),
 .UNSPECIFIED. ) 
 GEOMETRIC_REPRESENTATION_ITEM ( )  RATIONAL_B_SPLINE_SURFACE ( (
 ( 1.000000000000000000, 0.7071067811865475727, 1.000000000000000000),
 ( 1.000000000000000000, 0.7066755680766270142, 1.000000000000000000),
 ( 1.000000000000000000, 0.7265519905602434436, 1.000000000000000000),
 ( 1.000000000000000000, 0.7876782491369668238, 1.000000000000000000),
 ( 1.000000000000000000, 0.8282380880840342074, 1.000000000000000000),
 ( 1.000000000000000000, 0.9038127194848533108, 1.000000000000000000),
 ( 1.000000000000000000, 0.9386557168471445500, 1.000000000000000000),
 ( 1.000000000000000000, 0.9867291229151726739, 1.000000000000000000),
 ( 1.000000000000000000, 1.000158630594228271, 1.000000000000000000),
 ( 1.000000000000000000, 1.000000000000000000, 1.000000000000000000) ) ) 
 REPRESENTATION_ITEM ( '' )  SURFACE ( )  );
#4161 = DIRECTION ( 'NONE',  ( -0.3713906763541052203, -5.154081000242944056E-15, -0.9284766908852586376 ) ) ;
#4162 = ORIENTED_EDGE ( 'NONE', *, *, #5382, .F. ) ;
#4163 = EDGE_CURVE ( 'NONE', #813, #2200, #4554, .T. ) ;
#4164 = CARTESIAN_POINT ( 'NONE',  ( -11.11550506870390365, -8.465472867577812366, 53.81077958716598886 ) ) ;
#4165 = CARTESIAN_POINT ( 'NONE',  ( -16.86551357512654903, -15.86547249352506661, 25.51586665186146519 ) ) ;
#4166 = CIRCLE ( 'NONE', #657, 1.500000000000001332 ) ;
#4167 = EDGE_LOOP ( 'NONE', ( #2912, #455, #4951, #4583 ) ) ;
#4168 = CARTESIAN_POINT ( 'NONE',  ( -42.68671935318107558, -47.56547286757856341, 90.91586665186036953 ) ) ;
#4169 = CARTESIAN_POINT ( 'NONE',  ( 17.78449561181120941, -57.56547286757772497, 90.91586665186036953 ) ) ;
#4170 = CARTESIAN_POINT ( 'NONE',  ( -12.09737356062742819, -8.212523662793310919, 9.858801736022259732 ) ) ;
#4171 = ORIENTED_EDGE ( 'NONE', *, *, #1461, .T. ) ;
#4172 = DIRECTION ( 'NONE',  ( 1.000000000000000000, 1.387778780781445518E-14, 0.000000000000000000 ) ) ;
#4173 = DIRECTION ( 'NONE',  ( -1.000000000000000000, -1.156482317317870818E-14, 0.000000000000000000 ) ) ;
#4174 = ORIENTED_EDGE ( 'NONE', *, *, #604, .T. ) ;
#4175 = ORIENTED_EDGE ( 'NONE', *, *, #869, .F. ) ;
#4176 = CARTESIAN_POINT ( 'NONE',  ( -15.81551357512615397, -46.56547286757820814, 37.51586665186149361 ) ) ;
#4177 = EDGE_CURVE ( 'NONE', #2828, #813, #3441, .T. ) ;
#4178 = ADVANCED_FACE ( 'NONE', ( #2110 ), #2985, .T. ) ;
#4179 = VERTEX_POINT ( 'NONE', #2020 ) ;
#4180 = AXIS2_PLACEMENT_3D ( 'NONE', #3573, #2190, #2602 ) ;
#4181 = CIRCLE ( 'NONE', #2727, 23.50000000000000000 ) ;
#4182 = FACE_BOUND ( 'NONE', #2422, .T. ) ;
#4183 = EDGE_CURVE ( 'NONE', #1943, #2413, #2575, .T. ) ;
#4184 = CARTESIAN_POINT ( 'NONE',  ( -13.05972627222456239, -7.003579426074500347, 10.32908065263019282 ) ) ;
#4185 = DATE_TIME_ROLE ( 'creation_date' ) ;
#4186 = CARTESIAN_POINT ( 'NONE',  ( -22.15839828751676066, 17.93452713242187002, 32.64470820415652952 ) ) ;
#4187 = DIRECTION ( 'NONE',  ( -1.000000000000000000, -1.402863332746461321E-14, 0.000000000000000000 ) ) ;
#4188 = CARTESIAN_POINT ( 'NONE',  ( -12.90571919920505373, -7.366946441762527442, 52.78392667764618551 ) ) ;
#4189 = CARTESIAN_POINT ( 'NONE',  ( 0.4681222683954798791, -8.911716894698299640, 54.19612543850970354 ) ) ;
#4190 = CARTESIAN_POINT ( 'NONE',  ( -13.11550506870470123, 14.73926569563207778, 52.71116133020565542 ) ) ;
#4191 = CYLINDRICAL_SURFACE ( 'NONE', #4556, 0.5000000000000004441 ) ;
#4192 = FACE_OUTER_BOUND ( 'NONE', #4340, .T. ) ;
#4193 = ORIENTED_EDGE ( 'NONE', *, *, #2954, .F. ) ;
#4194 = CARTESIAN_POINT ( 'NONE',  ( 0.8844949312956744691, 14.63452713242232939, 10.04599939627831340 ) ) ;
#4195 = CARTESIAN_POINT ( 'NONE',  ( -0.6769890786941656913, -8.429573116842126623, 54.47623360034006623 ) ) ;
#4196 = EDGE_CURVE ( 'NONE', #2597, #1980, #328, .T. ) ;
#4197 = CARTESIAN_POINT ( 'NONE',  ( 1.944273408281044224, 14.93452713242208318, 53.74238121160433934 ) ) ;
#4198 = VERTEX_POINT ( 'NONE', #1239 ) ;
#4199 = DIRECTION ( 'NONE',  ( 1.000000000000000000, 1.387778780781445676E-14, 0.000000000000000000 ) ) ;
#4200 = ORIENTED_EDGE ( 'NONE', *, *, #1791, .F. ) ;
#4201 = VECTOR ( 'NONE', #2786, 1000.000000000000000 ) ;
#4202 = ORIENTED_EDGE ( 'NONE', *, *, #2641, .T. ) ;
#4203 = CIRCLE ( 'NONE', #1734, 5.450000000000000178 ) ;
#4204 = DIRECTION ( 'NONE',  ( -1.000000000000000000, -1.387778780781444413E-14, 0.000000000000000000 ) ) ;
#4205 = LINE ( 'NONE', #241, #2363 ) ;
#4206 = FACE_OUTER_BOUND ( 'NONE', #5022, .T. ) ;
#4207 = AXIS2_PLACEMENT_3D ( 'NONE', #4052, #91, #3196 ) ;
#4208 = AXIS2_PLACEMENT_3D ( 'NONE', #4287, #3062, #3890 ) ;
#4209 = ORIENTED_EDGE ( 'NONE', *, *, #1220, .T. ) ;
#4210 = EDGE_CURVE ( 'NONE', #4179, #886, #2051, .T. ) ;
#4211 = DIRECTION ( 'NONE',  ( 1.396452398161329869E-14, -1.000000000000000000, 0.000000000000000000 ) ) ;
#4212 = CARTESIAN_POINT ( 'NONE',  ( -12.61169570361350978, -7.820922807237230323, 9.050559304901245383 ) ) ;
#4213 = CARTESIAN_POINT ( 'NONE',  ( 1.884494931296090137, 14.93452713242217378, 39.42181401409185781 ) ) ;
#4214 = FACE_OUTER_BOUND ( 'NONE', #1503, .T. ) ;
#4215 = FACE_OUTER_BOUND ( 'NONE', #2478, .T. ) ;
#4216 = EDGE_CURVE ( 'NONE', #5266, #4231, #4327, .T. ) ;
#4217 = CIRCLE ( 'NONE', #5262, 0.8000000000000003775 ) ;
#4218 = ORIENTED_EDGE ( 'NONE', *, *, #1631, .F. ) ;
#4219 = CARTESIAN_POINT ( 'NONE',  ( 1.785166012075192876, -7.399102811044812711, 53.79651604872501025 ) ) ;
#4220 = CARTESIAN_POINT ( 'NONE',  ( -13.11550506870469945, 14.63452713242188530, 52.67188436900190140 ) ) ;
#4221 = CARTESIAN_POINT ( 'NONE',  ( -13.70610660493854027, 14.92671891114802740, 9.580670858117178668 ) ) ;
#4222 = FACE_OUTER_BOUND ( 'NONE', #5473, .T. ) ;
#4223 = ADVANCED_FACE ( 'NONE', ( #2141 ), #1114, .F. ) ;
#4224 = ORIENTED_EDGE ( 'NONE', *, *, #1551, .T. ) ;
#4225 = CARTESIAN_POINT ( 'NONE',  ( 1.192857463897603498, 15.27426051492301085, 9.806099377840370224 ) ) ;
#4226 = CARTESIAN_POINT ( 'NONE',  ( -36.18671935318173638, 0.4345271324215222997, 16.41586665186047966 ) ) ;
#4227 = ORIENTED_EDGE ( 'NONE', *, *, #2427, .T. ) ;
#4228 = DIRECTION ( 'NONE',  ( -1.000000000000000000, -1.387778780781444413E-14, 0.000000000000000000 ) ) ;
#4229 = CARTESIAN_POINT ( 'NONE',  ( -22.15839828751676777, 18.43452713242186647, 33.14470820415652952 ) ) ;
#4230 = CIRCLE ( 'NONE', #2686, 2.999999999999999112 ) ;
#4231 = VERTEX_POINT ( 'NONE', #2919 ) ;
#4232 = ORIENTED_EDGE ( 'NONE', *, *, #869, .T. ) ;
#4233 = AXIS2_PLACEMENT_3D ( 'NONE', #5176, #2530, #2623 ) ;
#4234 = DIRECTION ( 'NONE',  ( -1.404665511781869571E-14, 1.000000000000000000, 5.782411586589354089E-15 ) ) ;
#4235 = CARTESIAN_POINT ( 'NONE',  ( 0.8706379111822792893, -6.736006612135540195, 10.03931178850304562 ) ) ;
#4236 = CIRCLE ( 'NONE', #4429, 0.5000000000000004441 ) ;
#4237 = CIRCLE ( 'NONE', #5552, 15.00000000000000000 ) ;
#4238 = CARTESIAN_POINT ( 'NONE',  ( 1.878511960232743583, 15.19637826028674610, 39.47635884839402109 ) ) ;
#4239 = EDGE_LOOP ( 'NONE', ( #4277, #5002, #2957, #5311 ) ) ;
#4240 = EDGE_CURVE ( 'NONE', #3607, #144, #4008, .T. ) ;
#4241 = CIRCLE ( 'NONE', #2969, 0.5000000000000004441 ) ;
#4242 = DIRECTION ( 'NONE',  ( -1.000000000000000000, -1.156482317317871607E-14, 0.000000000000000000 ) ) ;
#4243 = CARTESIAN_POINT ( 'NONE',  ( -37.18671935318173638, 0.4345271324215083109, 17.41586665186047966 ) ) ;
#4244 = CARTESIAN_POINT ( 'NONE',  ( 0.000000000000000000, 0.000000000000000000, 0.000000000000000000 ) ) ;
#4245 = CARTESIAN_POINT ( 'NONE',  ( 11.48712623399609889, 14.93452713242233365, 35.01586664685444816 ) ) ;
#4246 = DIRECTION ( 'NONE',  ( -1.404665511781869571E-14, 1.000000000000000000, 5.782411586589354089E-15 ) ) ;
#4247 = DIRECTION ( 'NONE',  ( -1.404665511781869571E-14, 1.000000000000000000, 5.782411586589354089E-15 ) ) ;
#4248 = ORIENTED_EDGE ( 'NONE', *, *, #7, .T. ) ;
#4249 = CARTESIAN_POINT ( 'NONE',  ( 1.321250333415275202, -8.209596737090132379, 53.94690171867666351 ) ) ;
#4250 = CARTESIAN_POINT ( 'NONE',  ( -13.15750701914871357, 14.92851653868485684, 52.96587377526472551 ) ) ;
#4251 = EDGE_CURVE ( 'NONE', #4045, #4231, #1508, .T. ) ;
#4252 = ADVANCED_FACE ( 'NONE', ( #5154 ), #3148, .T. ) ;
#4253 = CARTESIAN_POINT ( 'NONE',  ( -13.70610660494113375, 15.41370520902479058, 10.06765715599342847 ) ) ;
#4254 = DIRECTION ( 'NONE',  ( -1.000000000000000000, -1.403235433633173066E-14, 0.000000000000000000 ) ) ;
#4255 = ORIENTED_EDGE ( 'NONE', *, *, #2105, .T. ) ;
#4256 = CARTESIAN_POINT ( 'NONE',  ( -0.1155050687035069773, 12.43452713242209917, 42.91586665186058269 ) ) ;
#4257 = CARTESIAN_POINT ( 'NONE',  ( -2.114261706182892553, 14.93452713242211694, 39.22868367033049708 ) ) ;
#4258 = LINE ( 'NONE', #291, #2611 ) ;
#4259 = ORIENTED_EDGE ( 'NONE', *, *, #2588, .T. ) ;
#4260 = VECTOR ( 'NONE', #225, 1000.000000000000000 ) ;
#4261 = CARTESIAN_POINT ( 'NONE',  ( 12.42550038495811826, -15.86547249352465627, 6.228110283993598962E-11 ) ) ;
#4262 = ORIENTED_EDGE ( 'NONE', *, *, #534, .F. ) ;
#4263 = ORIENTED_EDGE ( 'NONE', *, *, #3591, .F. ) ;
#4264 = DIRECTION ( 'NONE',  ( 1.404665511781869571E-14, -1.000000000000000000, -5.782411586589354089E-15 ) ) ;
#4265 = CARTESIAN_POINT ( 'NONE',  ( 1.684494931299097331, 14.93452713242208496, 53.78573390744290350 ) ) ;
#4266 = CARTESIAN_POINT ( 'NONE',  ( -23.36550506870327126, 16.72742035123532744, 30.64470820415652597 ) ) ;
#4267 = EDGE_LOOP ( 'NONE', ( #618, #2650, #462, #4546 ) ) ;
#4268 = CARTESIAN_POINT ( 'NONE',  ( -13.11550506870390365, 14.63452713242211622, 10.35984893471933432 ) ) ;
#4269 = CARTESIAN_POINT ( 'NONE',  ( -11.44864601798828296, -8.452820087130579196, 8.732725218838039538 ) ) ;
#4270 = PERSON_AND_ORGANIZATION_ROLE ( 'creator' ) ;
#4271 = CYLINDRICAL_SURFACE ( 'NONE', #1480, 2.450000000000000622 ) ;
#4272 = EDGE_CURVE ( 'NONE', #2484, #394, #4384, .T. ) ;
#4273 = CARTESIAN_POINT ( 'NONE',  ( 8.437206556002168512, 14.93452713242228924, 35.01586664685444816 ) ) ;
#4274 = VECTOR ( 'NONE', #3547, 1000.000000000000000 ) ;
#4275 = DIRECTION ( 'NONE',  ( -1.000000000000000000, -1.392523712765744556E-14, 0.000000000000000000 ) ) ;
#4276 = AXIS2_PLACEMENT_3D ( 'NONE', #284, #5612, #2066 ) ;
#4277 = ORIENTED_EDGE ( 'NONE', *, *, #3298, .T. ) ;
#4278 = AXIS2_PLACEMENT_3D ( 'NONE', #175, #1415, #1931 ) ;
#4279 = FACE_OUTER_BOUND ( 'NONE', #4239, .T. ) ;
#4280 = CARTESIAN_POINT ( 'NONE',  ( -13.51261004068441096, 14.89666307320273297, 53.37091354441684388 ) ) ;
#4281 = DIRECTION ( 'NONE',  ( -1.000000000000000000, -1.413947154500602206E-14, 0.000000000000000000 ) ) ;
#4282 = CARTESIAN_POINT ( 'NONE',  ( 16.28449561181107086, -47.56547286757773918, 90.91586665186036953 ) ) ;
#4283 = EDGE_CURVE ( 'NONE', #2827, #1323, #4653, .T. ) ;
#4284 = ADVANCED_FACE ( 'NONE', ( #5276 ), #2636, .T. ) ;
#4285 = VERTEX_POINT ( 'NONE', #70 ) ;
#4286 = CARTESIAN_POINT ( 'NONE',  ( 1.844425029529450200, 15.43452713242226437, 23.23975503744690130 ) ) ;
#4287 = CARTESIAN_POINT ( 'NONE',  ( -15.81551357512656075, -17.56547286757818682, 37.51586665186149361 ) ) ;
#4288 = EDGE_CURVE ( 'NONE', #3470, #1040, #4851, .T. ) ;
#4289 = CARTESIAN_POINT ( 'NONE',  ( -23.69338478573761719, 0.4345271324217023778, 46.61586665186047895 ) ) ;
#4290 = ORIENTED_EDGE ( 'NONE', *, *, #2680, .T. ) ;
#4291 = DIRECTION ( 'NONE',  ( 1.000000000000000000, 1.416100796715760607E-14, 0.000000000000000000 ) ) ;
#4292 = CIRCLE ( 'NONE', #1619, 8.097314602603169931 ) ;
#4293 = DIRECTION ( 'NONE',  ( 8.366024754528249718E-29, -5.955883934187037954E-15, 1.000000000000000000 ) ) ;
#4294 = ADVANCED_FACE ( 'NONE', ( #4414 ), #1383, .F. ) ;
#4295 = ORIENTED_EDGE ( 'NONE', *, *, #5330, .T. ) ;
#4296 = ORIENTED_EDGE ( 'NONE', *, *, #4543, .T. ) ;
#4297 = DIRECTION ( 'NONE',  ( -1.000000000000000000, -1.396989743957924894E-14, -0.000000000000000000 ) ) ;
#4298 = DIRECTION ( 'NONE',  ( 1.000000000000000000, 1.387778780781445518E-14, 0.000000000000000000 ) ) ;
#4299 = DIRECTION ( 'NONE',  ( 1.000000000000000000, -0.000000000000000000, 0.000000000000000000 ) ) ;
#4300 = VERTEX_POINT ( 'NONE', #4802 ) ;
#4301 = CARTESIAN_POINT ( 'NONE',  ( -31.18671935318108623, -47.56547286757839998, 90.91586665186036953 ) ) ;
#4302 = DIRECTION ( 'NONE',  ( -1.404665511781869729E-14, 1.000000000000000000, 5.782411586589354089E-15 ) ) ;
#4303 = DIRECTION ( 'NONE',  ( 0.000000000000000000, -1.192622389734051880E-14, 1.000000000000000000 ) ) ;
#4304 = AXIS2_PLACEMENT_3D ( 'NONE', #3348, #2923, #2483 ) ;
#4305 = DIRECTION ( 'NONE',  ( -1.404665511781869571E-14, 1.000000000000000000, 5.782411586589354089E-15 ) ) ;
#4306 = CARTESIAN_POINT ( 'NONE',  ( -35.13671935318122053, -38.56547286757846393, -27.88413334813953526 ) ) ;
#4307 = EDGE_CURVE ( 'NONE', #1878, #5624, #942, .T. ) ;
#4308 = EDGE_CURVE ( 'NONE', #5232, #4550, #477, .T. ) ;
#4309 = ORIENTED_EDGE ( 'NONE', *, *, #702, .T. ) ;
#4310 = CARTESIAN_POINT ( 'NONE',  ( 11.03043529818216939, 14.93452713242236207, 28.21941857916015906 ) ) ;
#4311 = FACE_BOUND ( 'NONE', #5305, .T. ) ;
#4312 = CARTESIAN_POINT ( 'NONE',  ( -12.11550506870390009, 12.43452713242193042, 42.91586665186058269 ) ) ;
#4313 = DIRECTION ( 'NONE',  ( -1.387778780781444413E-14, 1.000000000000000000, 0.000000000000000000 ) ) ;
#4314 = EDGE_CURVE ( 'NONE', #3050, #3634, #3502, .T. ) ;
#4315 = ADVANCED_FACE ( 'NONE', ( #5306 ), #3988, .F. ) ;
#4316 = CIRCLE ( 'NONE', #2142, 1.800000000000000044 ) ;
#4317 = ORIENTED_EDGE ( 'NONE', *, *, #2588, .F. ) ;
#4318 = FACE_OUTER_BOUND ( 'NONE', #716, .T. ) ;
#4319 = PLANE ( 'NONE',  #3949 ) ;
#4320 = CYLINDRICAL_SURFACE ( 'NONE', #1078, 2.000000000000000000 ) ;
#4321 = ORIENTED_EDGE ( 'NONE', *, *, #2445, .F. ) ;
#4322 = CARTESIAN_POINT ( 'NONE',  ( -23.36550506870325350, 15.43452713242185581, 32.64470820415651531 ) ) ;
#4323 = EDGE_CURVE ( 'NONE', #4725, #4108, #5599, .T. ) ;
#4324 = EDGE_CURVE ( 'NONE', #5402, #1612, #2253, .T. ) ;
#4325 = FACE_OUTER_BOUND ( 'NONE', #4267, .T. ) ;
#4326 = VERTEX_POINT ( 'NONE', #1821 ) ;
#4327 = LINE ( 'NONE', #3866, #777 ) ;
#4328 = CYLINDRICAL_SURFACE ( 'NONE', #2930, 0.5000000000000004441 ) ;
#4329 = CIRCLE ( 'NONE', #4049, 1.999999999999999112 ) ;
#4330 = ADVANCED_FACE ( 'NONE', ( #2274, #421, #4010, #4359, #392 ), #18, .T. ) ;
#4331 = VECTOR ( 'NONE', #4654, 1000.000000000000000 ) ;
#4332 = ORIENTED_EDGE ( 'NONE', *, *, #5140, .F. ) ;
#4333 = ORIENTED_EDGE ( 'NONE', *, *, #3480, .T. ) ;
#4334 = CIRCLE ( 'NONE', #737, 0.5000000000000004441 ) ;
#4335 = DIRECTION ( 'NONE',  ( -1.000000000000000000, -1.387778780781444413E-14, 0.000000000000000000 ) ) ;
#4336 = CARTESIAN_POINT ( 'NONE',  ( 13.83449561181092768, -38.56547286757777471, -27.88413334813953526 ) ) ;
#4337 = CARTESIAN_POINT ( 'NONE',  ( -12.11550506870391253, 15.43452713242196062, 42.11586665186059975 ) ) ;
#4338 = AXIS2_PLACEMENT_3D ( 'NONE', #3046, #2205, #4303 ) ;
#4339 = DIRECTION ( 'NONE',  ( 0.000000000000000000, -1.000000000000000000, -5.782411586589354878E-15 ) ) ;
#4340 = EDGE_LOOP ( 'NONE', ( #2765, #5534, #2109, #4816 ) ) ;
#4341 = ORIENTED_EDGE ( 'NONE', *, *, #1138, .F. ) ;
#4342 = CARTESIAN_POINT ( 'NONE',  ( 1.684494931296163678, 15.43452713242228747, 19.11586664184833850 ) ) ;
#4343 = PLANE ( 'NONE',  #1803 ) ;
#4344 = CARTESIAN_POINT ( 'NONE',  ( 11.03043529818216051, 14.93452713242232832, 34.81231471454874082 ) ) ;
#4345 = DIRECTION ( 'NONE',  ( -1.404665511781869571E-14, 1.000000000000000000, 5.782411586589354089E-15 ) ) ;
#4346 = AXIS2_PLACEMENT_3D ( 'NONE', #3495, #5269, #4436 ) ;
#4347 = ORIENTED_EDGE ( 'NONE', *, *, #4467, .F. ) ;
#4348 = AXIS2_PLACEMENT_3D ( 'NONE', #5642, #2996, #338 ) ;
#4349 = AXIS2_PLACEMENT_3D ( 'NONE', #3374, #4381, #2078 ) ;
#4350 = PLANE ( 'NONE',  #1911 ) ;
#4351 = DIRECTION ( 'NONE',  ( -1.404665511781869571E-14, 1.000000000000000000, 5.782411586589354089E-15 ) ) ;
#4352 = EDGE_CURVE ( 'NONE', #1420, #2827, #4035, .T. ) ;
#4353 = DIRECTION ( 'NONE',  ( 1.880790961315658331E-29, 8.673617379884032317E-15, -1.000000000000000000 ) ) ;
#4354 = ORIENTED_EDGE ( 'NONE', *, *, #50, .F. ) ;
#4355 = DIRECTION ( 'NONE',  ( 1.404665511781869571E-14, -1.000000000000000000, -5.782411586589354089E-15 ) ) ;
#4356 = DIRECTION ( 'NONE',  ( 2.312964634635742957E-16, -1.000000000000000000, 0.000000000000000000 ) ) ;
#4357 = ORIENTED_EDGE ( 'NONE', *, *, #2638, .F. ) ;
#4358 = ORIENTED_EDGE ( 'NONE', *, *, #1138, .T. ) ;
#4359 = FACE_BOUND ( 'NONE', #3253, .T. ) ;
#4360 = DIRECTION ( 'NONE',  ( -1.000000000000000000, -1.403235433633173066E-14, 0.000000000000000000 ) ) ;
#4361 = ORIENTED_EDGE ( 'NONE', *, *, #3526, .F. ) ;
#4362 = ORIENTED_EDGE ( 'NONE', *, *, #4044, .F. ) ;
#4363 = EDGE_CURVE ( 'NONE', #3865, #3908, #5717, .T. ) ;
#4364 = DIRECTION ( 'NONE',  ( -1.000000000000000000, -1.301042606982605321E-14, 8.673617379884035472E-15 ) ) ;
#4365 = LINE ( 'NONE', #3967, #2861 ) ;
#4366 = DIRECTION ( 'NONE',  ( -1.000000000000000000, -1.416100796715760607E-14, 0.000000000000000000 ) ) ;
#4367 = VERTEX_POINT ( 'NONE', #1268 ) ;
#4368 = ADVANCED_FACE ( 'NONE', ( #1739 ), #3555, .T. ) ;
#4369 = VERTEX_POINT ( 'NONE', #4062 ) ;
#4370 = LINE ( 'NONE', #4342, #1265 ) ;
#4371 = AXIS2_PLACEMENT_3D ( 'NONE', #1709, #679, #357 ) ;
#4372 = LINE ( 'NONE', #4818, #118 ) ;
#4373 = DIRECTION ( 'NONE',  ( 1.000000000000000000, 1.396452398161329711E-14, 0.000000000000000000 ) ) ;
#4374 = AXIS2_PLACEMENT_3D ( 'NONE', #2226, #4472, #4444 ) ;
#4375 = DIRECTION ( 'NONE',  ( -1.000000000000000000, -1.404665511781869571E-14, -5.991902853473150317E-30 ) ) ;
#4376 = CARTESIAN_POINT ( 'NONE',  ( 11.48712623399613264, 12.43452713242231411, 34.51586664685442685 ) ) ;
#4377 = DIRECTION ( 'NONE',  ( -0.7071067811865614505, 0.7071067811865336949, 0.000000000000000000 ) ) ;
#4378 = CARTESIAN_POINT ( 'NONE',  ( 16.28449561181099625, -43.56547286757773918, -27.88413334813953526 ) ) ;
#4379 = EDGE_LOOP ( 'NONE', ( #1983, #3642, #1492, #4332, #3861, #4562 ) ) ;
#4380 = CARTESIAN_POINT ( 'NONE',  ( 5.384494931297417963, 15.06697027401506617, 39.42181401409185781 ) ) ;
#4381 = DIRECTION ( 'NONE',  ( 1.404665511781869571E-14, -1.000000000000000000, -5.782411586589354089E-15 ) ) ;
#4382 = ORIENTED_EDGE ( 'NONE', *, *, #3874, .F. ) ;
#4383 = ORIENTED_EDGE ( 'NONE', *, *, #5451, .F. ) ;
#4384 = LINE ( 'NONE', #5746, #1806 ) ;
#4385 = CARTESIAN_POINT ( 'NONE',  ( -42.68671935318041477, -94.56547286757857762, 90.91586665186035532 ) ) ;
#4386 = CIRCLE ( 'NONE', #3818, 8.097314602603169931 ) ;
#4387 = ORIENTED_EDGE ( 'NONE', *, *, #1437, .F. ) ;
#4388 = ORIENTED_EDGE ( 'NONE', *, *, #5668, .F. ) ;
#4389 = ORIENTED_EDGE ( 'NONE', *, *, #3301, .T. ) ;
#4390 = CARTESIAN_POINT ( 'NONE',  ( -35.18671935318172928, 0.4345271324215360664, 19.41586665186047966 ) ) ;
#4391 = PLANE ( 'NONE',  #1891 ) ;
#4392 = CARTESIAN_POINT ( 'NONE',  ( -1.761923935203646079E-13, 14.93452713242214180, 39.92181401409186492 ) ) ;
#4393 = EDGE_CURVE ( 'NONE', #3010, #964, #966, .T. ) ;
#4394 = FACE_OUTER_BOUND ( 'NONE', #5259, .T. ) ;
#4395 = ORIENTED_EDGE ( 'NONE', *, *, #3698, .T. ) ;
#4396 = ORIENTED_EDGE ( 'NONE', *, *, #1090, .F. ) ;
#4397 = AXIS2_PLACEMENT_3D ( 'NONE', #2244, #2654, #5737 ) ;
#4398 = VECTOR ( 'NONE', #1679, 1000.000000000000000 ) ;
#4399 = LINE ( 'NONE', #2621, #2561 ) ;
#4400 = FACE_OUTER_BOUND ( 'NONE', #5045, .T. ) ;
#4401 = CIRCLE ( 'NONE', #3749, 5.449999999999996625 ) ;
#4402 = TOROIDAL_SURFACE ( 'NONE', #3029, 5.450000000000001954, 3.000000000000000000 ) ;
#4403 = ORIENTED_EDGE ( 'NONE', *, *, #4541, .T. ) ;
#4404 = DIRECTION ( 'NONE',  ( 1.000000000000000000, 1.404665511781869571E-14, 2.599684951800732511E-31 ) ) ;
#4405 = DIRECTION ( 'NONE',  ( -1.404665511781869571E-14, 1.000000000000000000, 5.782411586589354089E-15 ) ) ;
#4406 = CARTESIAN_POINT ( 'NONE',  ( 1.684494931299097331, 14.93452713242208496, 53.78573390744290350 ) ) ;
#4407 = VERTEX_POINT ( 'NONE', #611 ) ;
#4408 = DIRECTION ( 'NONE',  ( 2.312964634635738027E-16, -1.000000000000000000, -5.782411586589356455E-15 ) ) ;
#4409 = CARTESIAN_POINT ( 'NONE',  ( -20.86550506870329613, 18.43452713242190555, 30.14470820415652952 ) ) ;
#4410 = CARTESIAN_POINT ( 'NONE',  ( -13.11550506870390365, 12.43452713242206720, 19.11586664184827455 ) ) ;
#4411 = AXIS2_PLACEMENT_3D ( 'NONE', #2697, #4890, #4970 ) ;
#4412 = ORIENTED_EDGE ( 'NONE', *, *, #5574, .F. ) ;
#4413 = CIRCLE ( 'NONE', #1650, 0.5000000000000004441 ) ;
#4414 = FACE_OUTER_BOUND ( 'NONE', #709, .T. ) ;
#4415 = PLANE ( 'NONE',  #2192 ) ;
#4416 = ORIENTED_EDGE ( 'NONE', *, *, #2452, .F. ) ;
#4417 = ORIENTED_EDGE ( 'NONE', *, *, #4272, .T. ) ;
#4418 = AXIS2_PLACEMENT_3D ( 'NONE', #2246, #4003, #38 ) ;
#4419 = CARTESIAN_POINT ( 'NONE',  ( 12.38449493129605017, 14.93452713242234431, 35.01586664685444816 ) ) ;
#4420 = FACE_OUTER_BOUND ( 'NONE', #2649, .T. ) ;
#4421 = DIRECTION ( 'NONE',  ( -1.000000000000000000, -1.404665511781869571E-14, -2.599684951800732511E-31 ) ) ;
#4422 = EDGE_CURVE ( 'NONE', #244, #4572, #2900, .T. ) ;
#4423 = ORIENTED_EDGE ( 'NONE', *, *, #1528, .F. ) ;
#4424 = AXIS2_PLACEMENT_3D ( 'NONE', #214, #685, #1086 ) ;
#4425 = VERTEX_POINT ( 'NONE', #4998 ) ;
#4426 = ADVANCED_FACE ( 'NONE', ( #4085, #1019 ), #641, .T. ) ;
#4427 = CIRCLE ( 'NONE', #1942, 0.8000000000000003775 ) ;
#4428 = DIRECTION ( 'NONE',  ( 8.024708101613470763E-29, -5.782411586589354089E-15, 1.000000000000000000 ) ) ;
#4429 = AXIS2_PLACEMENT_3D ( 'NONE', #368, #3478, #5315 ) ;
#4430 = DIRECTION ( 'NONE',  ( -1.000000000000000000, -1.387778780781444413E-14, 0.000000000000000000 ) ) ;
#4431 = VECTOR ( 'NONE', #1549, 1000.000000000000000 ) ;
#4432 = ORIENTED_EDGE ( 'NONE', *, *, #3163, .T. ) ;
#4433 = EDGE_CURVE ( 'NONE', #773, #3316, #1338, .T. ) ;
#4434 = LINE ( 'NONE', #2132, #5520 ) ;
#4435 = DIRECTION ( 'NONE',  ( -1.000000000000000000, 0.000000000000000000, 0.000000000000000000 ) ) ;
#4436 = DIRECTION ( 'NONE',  ( -1.000000000000000000, -1.387778780781445676E-14, 0.000000000000000000 ) ) ;
#4437 = ORIENTED_EDGE ( 'NONE', *, *, #2989, .F. ) ;
#4438 = CARTESIAN_POINT ( 'NONE',  ( -12.11550506870390187, 14.63452713242195991, 42.11586665186059264 ) ) ;
#4439 = EDGE_CURVE ( 'NONE', #178, #5751, #4091, .T. ) ;
#4440 = CARTESIAN_POINT ( 'NONE',  ( -0.3989590514979312053, -8.361090142573617712, 8.616516436175631455 ) ) ;
#4441 = DIRECTION ( 'NONE',  ( 1.000000000000000000, 1.398620802506299458E-14, 0.000000000000000000 ) ) ;
#4442 = CIRCLE ( 'NONE', #1954, 2.449999999999997513 ) ;
#4443 = VERTEX_POINT ( 'NONE', #4168 ) ;
#4444 = DIRECTION ( 'NONE',  ( -1.000000000000000000, -1.321694076934711467E-14, 0.000000000000000000 ) ) ;
#4445 = CARTESIAN_POINT ( 'NONE',  ( -12.11550506870391253, 15.43452713242194818, 43.91586665186060401 ) ) ;
#4446 = ADVANCED_FACE ( 'NONE', ( #3180 ), #2811, .T. ) ;
#4447 = LINE ( 'NONE', #3664, #3218 ) ;
#4448 = ORIENTED_EDGE ( 'NONE', *, *, #249, .F. ) ;
#4449 = VERTEX_POINT ( 'NONE', #1960 ) ;
#4450 = CARTESIAN_POINT ( 'NONE',  ( -0.1155050687035091145, 15.43452713242212937, 42.11586665186059975 ) ) ;
#4451 = CARTESIAN_POINT ( 'NONE',  ( -12.31124715141256054, -8.073718212086804513, 9.955147359270483776 ) ) ;
#4452 = FACE_OUTER_BOUND ( 'NONE', #2479, .T. ) ;
#4453 = VECTOR ( 'NONE', #343, 1000.000000000000000 ) ;
#4454 = ORIENTED_EDGE ( 'NONE', *, *, #590, .F. ) ;
#4455 = ORIENTED_EDGE ( 'NONE', *, *, #2002, .T. ) ;
#4456 = EDGE_CURVE ( 'NONE', #2607, #29, #991, .T. ) ;
#4457 = LINE ( 'NONE', #4075, #3235 ) ;
#4458 = DIRECTION ( 'NONE',  ( -1.000000000000000000, -1.416100796715760607E-14, 0.000000000000000000 ) ) ;
#4459 = EDGE_LOOP ( 'NONE', ( #331, #5501, #3696, #1024 ) ) ;
#4460 = CARTESIAN_POINT ( 'NONE',  ( 5.384494931297431286, 14.93452713242231056, 23.60991927961703141 ) ) ;
#4461 = CARTESIAN_POINT ( 'NONE',  ( -13.04643778269192289, -7.003800120476718405, 52.70928035445881221 ) ) ;
#4462 = ORIENTED_EDGE ( 'NONE', *, *, #1651, .T. ) ;
#4463 = DIRECTION ( 'NONE',  ( 1.401718565583457942E-14, -1.000000000000000000, -6.360652745248286895E-15 ) ) ;
#4464 = CARTESIAN_POINT ( 'NONE',  ( 0.8764570165189689011, -6.680212164710292555, 8.923771855225362870 ) ) ;
#4465 = CARTESIAN_POINT ( 'NONE',  ( -23.36550506870327126, 16.72742035123532744, 30.64470820415652597 ) ) ;
#4466 = CIRCLE ( 'NONE', #954, 10.00000000000000178 ) ;
#4467 = EDGE_CURVE ( 'NONE', #3532, #3107, #4560, .T. ) ;
#4468 = ADVANCED_FACE ( 'NONE', ( #1519 ), #3688, .F. ) ;
#4469 = AXIS2_PLACEMENT_3D ( 'NONE', #1591, #4718, #754 ) ;
#4470 = EDGE_LOOP ( 'NONE', ( #2268, #1743, #3407, #4530 ) ) ;
#4471 = ORIENTED_EDGE ( 'NONE', *, *, #4363, .T. ) ;
#4472 = DIRECTION ( 'NONE',  ( -1.400789206851271413E-14, 1.000000000000000000, 4.356926556559735285E-30 ) ) ;
#4473 = DIRECTION ( 'NONE',  ( 1.000000000000000000, 1.387778780781445518E-14, 0.000000000000000000 ) ) ;
#4474 = DIRECTION ( 'NONE',  ( 1.404665511781869571E-14, -1.000000000000000000, -5.782411586589354089E-15 ) ) ;
#4475 = VERTEX_POINT ( 'NONE', #582 ) ;
#4476 = ORIENTED_EDGE ( 'NONE', *, *, #1400, .F. ) ;
#4477 = CARTESIAN_POINT ( 'NONE',  ( 1.044761548795009931, 14.81889118269605810, 53.47737137484094916 ) ) ;
#4478 = PLANE ( 'NONE',  #1484 ) ;
#4479 = VERTEX_POINT ( 'NONE', #101 ) ;
#4480 = ORIENTED_EDGE ( 'NONE', *, *, #4097, .T. ) ;
#4481 = LINE ( 'NONE', #2732, #4053 ) ;
#4482 = DIRECTION ( 'NONE',  ( 0.000000000000000000, 1.000000000000000000, 5.782411586589343045E-15 ) ) ;
#4483 = DIRECTION ( 'NONE',  ( 3.117823127310333221E-14, 6.360652745248724712E-15, -1.000000000000000000 ) ) ;
#4484 = VECTOR ( 'NONE', #4993, 1000.000000000000000 ) ;
#4485 = FACE_OUTER_BOUND ( 'NONE', #1112, .T. ) ;
#4486 = DIRECTION ( 'NONE',  ( -1.000000000000000000, -1.387778780777799560E-14, -5.252742685257767035E-12 ) ) ;
#4487 = ORIENTED_EDGE ( 'NONE', *, *, #5740, .T. ) ;
#4488 = CARTESIAN_POINT ( 'NONE',  ( -24.36550506870326060, 15.93452713242184160, 32.64470820415651531 ) ) ;
#4489 = AXIS2_PLACEMENT_3D ( 'NONE', #5732, #2590, #463 ) ;
#4490 = LOCAL_TIME ( 16, 56, 49.00000000000000000, #5098 ) ;
#4491 = DIRECTION ( 'NONE',  ( 1.404665511781869729E-14, -1.000000000000000000, -5.782411586589354089E-15 ) ) ;
#4492 = DIRECTION ( 'NONE',  ( 1.396452398161329869E-14, -1.000000000000000000, 0.000000000000000000 ) ) ;
#4493 = ADVANCED_FACE ( 'NONE', ( #3659 ), #2354, .T. ) ;
#4494 = EDGE_CURVE ( 'NONE', #5339, #1473, #4989, .T. ) ;
#4495 = ORIENTED_EDGE ( 'NONE', *, *, #2146, .F. ) ;
#4496 = ORIENTED_EDGE ( 'NONE', *, *, #373, .F. ) ;
#4497 = DIRECTION ( 'NONE',  ( 1.000000000000000000, 2.312964634635742957E-16, 0.000000000000000000 ) ) ;
#4498 = CARTESIAN_POINT ( 'NONE',  ( -37.18671935318174349, 0.4345271324215083109, 24.41586665186047966 ) ) ;
#4499 =( BOUNDED_SURFACE ( )  B_SPLINE_SURFACE ( 3, 2, ( 
 ( #3333, #2503, #1981 ),
 ( #5579, #2008, #1514 ),
 ( #4253, #3362, #4221 ),
 ( #2817, #5494, #1542 ),
 ( #285, #1128, #3763 ),
 ( #1159, #2938, #1097 ),
 ( #3251, #3683, #171 ),
 ( #3277, #1070, #5469 ),
 ( #2039, #2875, #4664 ),
 ( #606, #2410, #2843 ) ),
 .UNSPECIFIED., .F., .F., .F. ) 
 B_SPLINE_SURFACE_WITH_KNOTS ( ( 4, 2, 2, 2, 4 ),
 ( 3, 3 ),
 ( 6.283185307179588897, 6.675884388878312592, 7.068583470577037176, 7.461282552275760871, 7.853981633974484566 ),
 ( 0.000000000000000000, 1.000000000000000000 ),
 .UNSPECIFIED. ) 
 GEOMETRIC_REPRESENTATION_ITEM ( )  RATIONAL_B_SPLINE_SURFACE ( (
 ( 1.000000000000000000, 0.7071067811865463515, 1.000000000000000000),
 ( 1.000000000000000000, 0.7066755680766824144, 1.000000000000000000),
 ( 1.000000000000000000, 0.7265519905601605100, 1.000000000000000000),
 ( 1.000000000000000000, 0.7876782491370381001, 1.000000000000000000),
 ( 1.000000000000000000, 0.8282380880839101955, 1.000000000000000000),
 ( 1.000000000000000000, 0.9038127194849642221, 1.000000000000000000),
 ( 1.000000000000000000, 0.9386557168472048351, 1.000000000000000000),
 ( 1.000000000000000000, 0.9867291229151081700, 1.000000000000000000),
 ( 1.000000000000000000, 1.000158630594273124, 1.000000000000000000),
 ( 1.000000000000000000, 1.000000000000000000, 1.000000000000000000) ) ) 
 REPRESENTATION_ITEM ( '' )  SURFACE ( )  );
#4500 = DIRECTION ( 'NONE',  ( -1.402851773444435856E-14, 1.000000000000000000, -7.888609052210116302E-31 ) ) ;
#4501 = VECTOR ( 'NONE', #680, 1000.000000000000000 ) ;
#4502 = ORIENTED_EDGE ( 'NONE', *, *, #1897, .T. ) ;
#4503 = ORIENTED_EDGE ( 'NONE', *, *, #424, .F. ) ;
#4504 = CARTESIAN_POINT ( 'NONE',  ( 16.28449561181094296, -38.56547286757773918, 90.91586665186036953 ) ) ;
#4505 = DIRECTION ( 'NONE',  ( -3.035766082959411784E-14, -4.336808689942443721E-15, 1.000000000000000000 ) ) ;
#4506 = ORIENTED_EDGE ( 'NONE', *, *, #671, .F. ) ;
#4507 = VERTEX_POINT ( 'NONE', #5023 ) ;
#4508 = DIRECTION ( 'NONE',  ( 1.000000000000000000, 1.387778780781444256E-14, 9.629649721936161329E-29 ) ) ;
#4509 = DIRECTION ( 'NONE',  ( -1.097100319163247187E-16, 5.782411586589352511E-15, -1.000000000000000000 ) ) ;
#4510 = EDGE_CURVE ( 'NONE', #1315, #1464, #4809, .T. ) ;
#4511 = VECTOR ( 'NONE', #3095, 1000.000000000000000 ) ;
#4512 = DIRECTION ( 'NONE',  ( -0.000000000000000000, -1.000000000000000000, -5.782411586589354089E-15 ) ) ;
#4513 = ADVANCED_FACE ( 'NONE', ( #3635 ), #5424, .F. ) ;
#4514 = VECTOR ( 'NONE', #2515, 1000.000000000000000 ) ;
#4515 = VECTOR ( 'NONE', #3388, 1000.000000000000000 ) ;
#4516 = LINE ( 'NONE', #1405, #4956 ) ;
#4517 = CIRCLE ( 'NONE', #2857, 1.500000000000001332 ) ;
#4518 = DIRECTION ( 'NONE',  ( -1.000000000000000000, -1.409359931862543532E-14, -7.417683851908123543E-16 ) ) ;
#4519 = ORIENTED_EDGE ( 'NONE', *, *, #4251, .F. ) ;
#4520 = CARTESIAN_POINT ( 'NONE',  ( 0.7457764361571562750, -7.222058876136386196, 8.893632312923648087 ) ) ;
#4521 = DIRECTION ( 'NONE',  ( -0.7071067811865336949, -0.7071067811865614505, -4.906538933386889539E-15 ) ) ;
#4522 = AXIS2_PLACEMENT_3D ( 'NONE', #2646, #400, #1218 ) ;
#4523 = ORIENTED_EDGE ( 'NONE', *, *, #1062, .T. ) ;
#4524 = ORIENTED_EDGE ( 'NONE', *, *, #756, .F. ) ;
#4525 = CARTESIAN_POINT ( 'NONE',  ( -32.68671935318121768, -38.56547286757842841, 90.91586665186036953 ) ) ;
#4526 = FACE_OUTER_BOUND ( 'NONE', #1497, .T. ) ;
#4527 = EDGE_CURVE ( 'NONE', #1909, #541, #4517, .T. ) ;
#4528 = CARTESIAN_POINT ( 'NONE',  ( -15.81551357512655009, -15.86547249352505240, 25.51586665186146519 ) ) ;
#4529 = VERTEX_POINT ( 'NONE', #515 ) ;
#4530 = ORIENTED_EDGE ( 'NONE', *, *, #2638, .T. ) ;
#4531 = VECTOR ( 'NONE', #386, 1000.000000000000000 ) ;
#4532 = CIRCLE ( 'NONE', #4622, 1.000000000000000888 ) ;
#4533 = ORIENTED_EDGE ( 'NONE', *, *, #4573, .F. ) ;
#4534 = EDGE_CURVE ( 'NONE', #3435, #3991, #4237, .T. ) ;
#4535 = ORIENTED_EDGE ( 'NONE', *, *, #4439, .T. ) ;
#4536 = CARTESIAN_POINT ( 'NONE',  ( -14.20550632740076580, -98.64468553998281664, 9.614262407242335939 ) ) ;
#4537 = ADVANCED_FACE ( 'NONE', ( #3219 ), #1092, .T. ) ;
#4538 = DIRECTION ( 'NONE',  ( -1.000000000000000000, -1.387778780781444413E-14, 0.000000000000000000 ) ) ;
#4539 = CIRCLE ( 'NONE', #5216, 1.000000000000000000 ) ;
#4540 = CARTESIAN_POINT ( 'NONE',  ( -12.52312796688272911, -7.913819123860813320, 54.00676561590028513 ) ) ;
#4541 = EDGE_CURVE ( 'NONE', #2597, #1811, #1947, .T. ) ;
#4542 = EDGE_CURVE ( 'NONE', #5328, #2601, #5378, .T. ) ;
#4543 = EDGE_CURVE ( 'NONE', #3010, #1117, #2033, .T. ) ;
#4544 = CARTESIAN_POINT ( 'NONE',  ( 16.28449561181101046, -43.56547286757773918, 90.91586665186036953 ) ) ;
#4545 = FACE_OUTER_BOUND ( 'NONE', #4167, .T. ) ;
#4546 = ORIENTED_EDGE ( 'NONE', *, *, #3167, .F. ) ;
#4547 = CARTESIAN_POINT ( 'NONE',  ( 0.6766396505525407168, -7.363045507446875249, 9.948153885944424957 ) ) ;
#4548 = CARTESIAN_POINT ( 'NONE',  ( 16.28449561181099625, -43.56547286757773918, -27.88413334813953526 ) ) ;
#4549 = VERTEX_POINT ( 'NONE', #5037 ) ;
#4550 = VERTEX_POINT ( 'NONE', #5486 ) ;
#4551 = DIRECTION ( 'NONE',  ( -1.000000000000000000, -1.416100796715760607E-14, 0.000000000000000000 ) ) ;
#4552 = DIRECTION ( 'NONE',  ( -1.396452398161329869E-14, 1.000000000000000000, -0.000000000000000000 ) ) ;
#4553 = CARTESIAN_POINT ( 'NONE',  ( -12.89846829602606171, -7.381325568165800100, 10.24401508058342536 ) ) ;
#4554 = CIRCLE ( 'NONE', #1332, 0.5000000000000004441 ) ;
#4555 = CARTESIAN_POINT ( 'NONE',  ( 1.684494931294879816, 15.43452713242233898, 10.04599939627834182 ) ) ;
#4556 = AXIS2_PLACEMENT_3D ( 'NONE', #1041, #2377, #2467 ) ;
#4557 = EDGE_CURVE ( 'NONE', #453, #5273, #2782, .T. ) ;
#4558 = ORIENTED_EDGE ( 'NONE', *, *, #466, .T. ) ;
#4559 = ORIENTED_EDGE ( 'NONE', *, *, #1817, .F. ) ;
#4560 = CIRCLE ( 'NONE', #123, 1.500000000000004885 ) ;
#4561 = DIRECTION ( 'NONE',  ( -1.404665511781869571E-14, 1.000000000000000000, 5.782411586589354089E-15 ) ) ;
#4562 = ORIENTED_EDGE ( 'NONE', *, *, #4216, .T. ) ;
#4563 = EDGE_LOOP ( 'NONE', ( #2781, #2364, #2346, #3043 ) ) ;
#4564 = CARTESIAN_POINT ( 'NONE',  ( -3.815513575126587398, -15.86547249352488187, 37.51586665186152203 ) ) ;
#4565 = FACE_OUTER_BOUND ( 'NONE', #3483, .T. ) ;
#4566 = DIRECTION ( 'NONE',  ( -1.404665511781869413E-14, 1.000000000000000000, 5.782411586589354089E-15 ) ) ;
#4567 = AXIS2_PLACEMENT_3D ( 'NONE', #1890, #3567, #4458 ) ;
#4568 = EDGE_CURVE ( 'NONE', #427, #5348, #354, .T. ) ;
#4569 = CARTESIAN_POINT ( 'NONE',  ( -12.42530929549761787, -7.982439145833867045, 53.02318226797751066 ) ) ;
#4570 = CARTESIAN_POINT ( 'NONE',  ( -35.13671935318121342, -38.56547286757846393, 90.91586665186036953 ) ) ;
#4571 = CARTESIAN_POINT ( 'NONE',  ( -21.31551357512654477, -17.56547286757826498, 31.51586665186150427 ) ) ;
#4572 = VERTEX_POINT ( 'NONE', #4982 ) ;
#4573 = EDGE_CURVE ( 'NONE', #2381, #2675, #4334, .T. ) ;
#4574 = DIRECTION ( 'NONE',  ( 8.366024754528249718E-29, -5.955883934187037954E-15, 1.000000000000000000 ) ) ;
#4575 = DIRECTION ( 'NONE',  ( -1.404665511781869571E-14, 1.000000000000000000, 5.782411586589354089E-15 ) ) ;
#4576 = ORIENTED_EDGE ( 'NONE', *, *, #5608, .F. ) ;
#4577 = ORIENTED_EDGE ( 'NONE', *, *, #2106, .F. ) ;
#4578 = DIRECTION ( 'NONE',  ( 1.000000000000000000, 1.396452398161330027E-14, 0.000000000000000000 ) ) ;
#4579 = CARTESIAN_POINT ( 'NONE',  ( -0.8547733543186597505, -8.452608932514342754, 53.67340976706001499 ) ) ;
#4580 = AXIS2_PLACEMENT_3D ( 'NONE', #713, #3548, #1116 ) ;
#4581 = AXIS2_PLACEMENT_3D ( 'NONE', #4445, #5425, #2769 ) ;
#4582 = DIRECTION ( 'NONE',  ( 1.000000000000000000, 1.398620802506299458E-14, 0.000000000000000000 ) ) ;
#4583 = ORIENTED_EDGE ( 'NONE', *, *, #1461, .F. ) ;
#4584 = DIRECTION ( 'NONE',  ( 1.400789206851271887E-14, -1.000000000000000000, -2.024984935016582165E-30 ) ) ;
#4585 = EDGE_CURVE ( 'NONE', #3538, #3198, #5376, .T. ) ;
#4586 = ORGANIZATION ( '未指定', '未指定', '' ) ;
#4587 = ORIENTED_EDGE ( 'NONE', *, *, #2137, .F. ) ;
#4588 = ORIENTED_EDGE ( 'NONE', *, *, #3593, .F. ) ;
#4589 = CARTESIAN_POINT ( 'NONE',  ( -32.68671935318121768, -38.56547286757842841, -27.88413334813953526 ) ) ;
#4590 = ORIENTED_EDGE ( 'NONE', *, *, #873, .T. ) ;
#4591 = VECTOR ( 'NONE', #4793, 1000.000000000000000 ) ;
#4592 = VERTEX_POINT ( 'NONE', #189 ) ;
#4593 = DIRECTION ( 'NONE',  ( -1.000000000000000000, -1.404665511781869571E-14, -1.227679387292136566E-31 ) ) ;
#4594 = CARTESIAN_POINT ( 'NONE',  ( -11.84763373059344715, -8.345346517410995091, 8.836499594337006158 ) ) ;
#4595 = LINE ( 'NONE', #3112, #2196 ) ;
#4596 = FACE_OUTER_BOUND ( 'NONE', #5338, .T. ) ;
#4597 = EDGE_CURVE ( 'NONE', #4507, #4014, #3320, .T. ) ;
#4598 = CARTESIAN_POINT ( 'NONE',  ( -11.86324869565780915, -8.352744967413631372, 54.19163753388479421 ) ) ;
#4599 = EDGE_CURVE ( 'NONE', #500, #396, #5079, .T. ) ;
#4600 = CARTESIAN_POINT ( 'NONE',  ( -0.2205610791670373216, -9.180110534626706453, 54.37206149668512722 ) ) ;
#4601 = CARTESIAN_POINT ( 'NONE',  ( -13.18678549054003923, -8.604418226881064058, 53.78735782368526941 ) ) ;
#4602 = ORIENTED_EDGE ( 'NONE', *, *, #566, .F. ) ;
#4603 = AXIS2_PLACEMENT_3D ( 'NONE', #2456, #4211, #5568 ) ;
#4604 = DIRECTION ( 'NONE',  ( 0.000000000000000000, -1.000000000000000000, -6.938893903907230744E-15 ) ) ;
#4605 = CARTESIAN_POINT ( 'NONE',  ( 1.684494931299088893, 14.93452713242234431, 9.245999396278337557 ) ) ;
#4606 = ORIENTED_EDGE ( 'NONE', *, *, #3968, .F. ) ;
#4607 = AXIS2_PLACEMENT_3D ( 'NONE', #1397, #952, #1504 ) ;
#4608 = DIRECTION ( 'NONE',  ( 1.000000000000000000, 1.387778780781441100E-14, 0.000000000000000000 ) ) ;
#4609 = CARTESIAN_POINT ( 'NONE',  ( 0.09425974160556656323, -8.063339730939691918, 53.33479900754876013 ) ) ;
#4610 = DIRECTION ( 'NONE',  ( 1.396452398161330027E-14, -1.000000000000000000, -0.000000000000000000 ) ) ;
#4611 = ORIENTED_EDGE ( 'NONE', *, *, #5405, .T. ) ;
#4612 = CARTESIAN_POINT ( 'NONE',  ( 0.8844949312964629495, -6.465472867577787497, 10.04599939627818905 ) ) ;
#4613 = VECTOR ( 'NONE', #3000, 1000.000000000000000 ) ;
#4614 = AXIS2_PLACEMENT_3D ( 'NONE', #656, #5129, #4688 ) ;
#4615 = FACE_OUTER_BOUND ( 'NONE', #947, .T. ) ;
#4616 = ORIENTED_EDGE ( 'NONE', *, *, #3650, .F. ) ;
#4617 = ORIENTED_EDGE ( 'NONE', *, *, #3630, .F. ) ;
#4618 = CIRCLE ( 'NONE', #5471, 10.00000000000000178 ) ;
#4619 = CARTESIAN_POINT ( 'NONE',  ( -34.18671935318095478, -57.56547286757844972, 90.91586665186036953 ) ) ;
#4620 = ORIENTED_EDGE ( 'NONE', *, *, #1365, .T. ) ;
#4621 = AXIS2_PLACEMENT_3D ( 'NONE', #350, #4353, #5213 ) ;
#4622 = AXIS2_PLACEMENT_3D ( 'NONE', #2152, #4247, #3881 ) ;
#4623 = VECTOR ( 'NONE', #1173, 1000.000000000000000 ) ;
#4624 = FACE_OUTER_BOUND ( 'NONE', #1271, .T. ) ;
#4625 = CARTESIAN_POINT ( 'NONE',  ( -11.97503768620810227, -8.291147355303532862, 8.870988354773039930 ) ) ;
#4626 = DIRECTION ( 'NONE',  ( 0.000000000000000000, 0.000000000000000000, -1.000000000000000000 ) ) ;
#4627 = DIRECTION ( 'NONE',  ( 1.000000000000000000, 1.400510696201458889E-14, 0.000000000000000000 ) ) ;
#4628 = CARTESIAN_POINT ( 'NONE',  ( -20.86550506870325350, 15.43452713242188601, 33.64470820415651531 ) ) ;
#4629 = DIRECTION ( 'NONE',  ( -1.000000000000000000, -1.392523712765744241E-14, 0.000000000000000000 ) ) ;
#4630 = EDGE_CURVE ( 'NONE', #3034, #2200, #4481, .T. ) ;
#4631 = CARTESIAN_POINT ( 'NONE',  ( 1.944273408282511051, -6.657290590509040484, 53.74238121160379933 ) ) ;
#4632 = CARTESIAN_POINT ( 'NONE',  ( -13.11550506870469768, 14.67380409362564286, 52.77662293221187184 ) ) ;
#4633 = EDGE_LOOP ( 'NONE', ( #4950, #3243, #4437, #1799, #4800, #1434, #5586 ) ) ;
#4634 = DIRECTION ( 'NONE',  ( 1.404380626547629331E-14, -1.000000000000000000, 0.000000000000000000 ) ) ;
#4635 = DIRECTION ( 'NONE',  ( 1.404665511781869729E-14, -1.000000000000000000, -5.782411586589354089E-15 ) ) ;
#4636 = AXIS2_PLACEMENT_3D ( 'NONE', #2378, #2009, #3736 ) ;
#4637 = EDGE_CURVE ( 'NONE', #5273, #1553, #2766, .T. ) ;
#4638 = ORIENTED_EDGE ( 'NONE', *, *, #3826, .T. ) ;
#4639 = CARTESIAN_POINT ( 'NONE',  ( 11.48712623399613264, 14.93452713242236918, 28.51586664685444816 ) ) ;
#4640 = DIRECTION ( 'NONE',  ( 1.000000000000000000, 1.416100796715760607E-14, 0.000000000000000000 ) ) ;
#4641 = CYLINDRICAL_SURFACE ( 'NONE', #615, 1.000000000000000888 ) ;
#4642 = ORIENTED_EDGE ( 'NONE', *, *, #2728, .T. ) ;
#4643 = FACE_OUTER_BOUND ( 'NONE', #2312, .T. ) ;
#4644 = DIRECTION ( 'NONE',  ( -1.404665511781869571E-14, 1.000000000000000000, 5.782411586589354878E-15 ) ) ;
#4645 = ORIENTED_EDGE ( 'NONE', *, *, #3968, .T. ) ;
#4646 = ORIENTED_EDGE ( 'NONE', *, *, #4933, .F. ) ;
#4647 = DIRECTION ( 'NONE',  ( 9.813077866773572396E-15, 1.361838123766440703E-28, 1.000000000000000000 ) ) ;
#4648 = LINE ( 'NONE', #2920, #4501 ) ;
#4649 = AXIS2_PLACEMENT_3D ( 'NONE', #1177, #4264, #5593 ) ;
#4650 = ADVANCED_FACE ( 'NONE', ( #593 ), #545, .F. ) ;
#4651 = DIRECTION ( 'NONE',  ( 0.000000000000000000, -5.782411586589354089E-15, 1.000000000000000000 ) ) ;
#4652 = ORIENTED_EDGE ( 'NONE', *, *, #751, .F. ) ;
#4653 = CIRCLE ( 'NONE', #303, 0.5000000000000004441 ) ;
#4654 = DIRECTION ( 'NONE',  ( -1.000000000000000000, -1.388464315244376345E-14, -0.000000000000000000 ) ) ;
#4655 = LINE ( 'NONE', #4243, #1510 ) ;
#4656 = CALENDAR_DATE ( 2026, 8, 7 ) ;
#4657 = CARTESIAN_POINT ( 'NONE',  ( 1.684494931296462550, -6.465472867577807037, 10.04599939627821392 ) ) ;
#4658 = CYLINDRICAL_SURFACE ( 'NONE', #540, 0.5000000000000004441 ) ;
#4659 = VECTOR ( 'NONE', #895, 1000.000000000000000 ) ;
#4660 = CARTESIAN_POINT ( 'NONE',  ( -13.05455965250597750, -6.987387210217326228, 53.85646681996049523 ) ) ;
#4661 = CIRCLE ( 'NONE', #2647, 0.5000000000000004441 ) ;
#4662 = FACE_OUTER_BOUND ( 'NONE', #1175, .T. ) ;
#4663 = CARTESIAN_POINT ( 'NONE',  ( -32.68671935318114663, -43.56547286757842841, -27.88413334813953526 ) ) ;
#4664 = CARTESIAN_POINT ( 'NONE',  ( -13.11550506870469945, 14.67380409362571747, 10.25511037150956106 ) ) ;
#4665 = CARTESIAN_POINT ( 'NONE',  ( -23.36550506870326060, 15.93452713242186469, 30.64470820415652241 ) ) ;
#4666 = ORIENTED_EDGE ( 'NONE', *, *, #1300, .T. ) ;
#4667 = CARTESIAN_POINT ( 'NONE',  ( 0.9854657805741952048, 15.03742222005886298, 9.894913738414366833 ) ) ;
#4668 = CARTESIAN_POINT ( 'NONE',  ( 0.3211254592441909472, -8.986381820309226498, 54.23564041465881047 ) ) ;
#4669 = SPHERICAL_SURFACE ( 'NONE', #1369, 0.5000000000000000000 ) ;
#4670 = EDGE_LOOP ( 'NONE', ( #3102, #831, #2887, #4503 ) ) ;
#4671 = CARTESIAN_POINT ( 'NONE',  ( -9.815513575126541213, -17.56547286757810511, 31.51586665186150427 ) ) ;
#4672 = ADVANCED_FACE ( 'NONE', ( #4182, #4624 ), #2862, .T. ) ;
#4673 = CARTESIAN_POINT ( 'NONE',  ( -5.686719353180372138, -98.64468553998283085, 31.51586665185996594 ) ) ;
#4674 = ORIENTED_EDGE ( 'NONE', *, *, #4048, .T. ) ;
#4675 = VECTOR ( 'NONE', #3366, 1000.000000000000000 ) ;
#4676 = ORIENTED_EDGE ( 'NONE', *, *, #5263, .T. ) ;
#4677 = VECTOR ( 'NONE', #1326, 1000.000000000000000 ) ;
#4678 = DIRECTION ( 'NONE',  ( 1.000000000000000000, 1.387778780781445360E-14, 0.000000000000000000 ) ) ;
#4679 = FACE_OUTER_BOUND ( 'NONE', #2774, .T. ) ;
#4680 = EDGE_CURVE ( 'NONE', #100, #3293, #2547, .T. ) ;
#4681 = DIRECTION ( 'NONE',  ( -1.000000000000000000, -1.392523712765744241E-14, 0.000000000000000000 ) ) ;
#4682 = AXIS2_PLACEMENT_3D ( 'NONE', #2527, #3760, #3392 ) ;
#4683 = VECTOR ( 'NONE', #1702, 1000.000000000000000 ) ;
#4684 = VERTEX_POINT ( 'NONE', #4301 ) ;
#4685 = CARTESIAN_POINT ( 'NONE',  ( 12.88449493129607148, 13.53452713242235106, 35.01586664685444106 ) ) ;
#4686 = ADVANCED_FACE ( 'NONE', ( #2892 ), #3416, .T. ) ;
#4687 = CARTESIAN_POINT ( 'NONE',  ( -13.11550506870390365, -6.465472867577808813, 9.190298554149235244 ) ) ;
#4688 = DIRECTION ( 'NONE',  ( -0.3625015733710758581, 0.000000000000000000, 0.9319831593454328544 ) ) ;
#4689 = CARTESIAN_POINT ( 'NONE',  ( 1.884494931296112563, -8.465472867577807037, 42.91586665186046190 ) ) ;
#4690 = FACE_OUTER_BOUND ( 'NONE', #197, .T. ) ;
#4691 = AXIS2_PLACEMENT_3D ( 'NONE', #4257, #3739, #3309 ) ;
#4692 = CIRCLE ( 'NONE', #154, 1.050000000000000488 ) ;
#4693 = ORIENTED_EDGE ( 'NONE', *, *, #5413, .T. ) ;
#4694 = DIRECTION ( 'NONE',  ( -1.000000000000000000, -1.402863332746461321E-14, 0.000000000000000000 ) ) ;
#4695 = CARTESIAN_POINT ( 'NONE',  ( -13.18565220116098047, 15.00648207955747893, 53.04383931613654823 ) ) ;
#4696 = LINE ( 'NONE', #3305, #5187 ) ;
#4697 = CARTESIAN_POINT ( 'NONE',  ( -25.83219030821278395, 0.4345271324216685160, 19.41586665186047611 ) ) ;
#4698 = AXIS2_PLACEMENT_3D ( 'NONE', #2162, #4026, #935 ) ;
#4699 = ORIENTED_EDGE ( 'NONE', *, *, #4728, .F. ) ;
#4700 = CARTESIAN_POINT ( 'NONE',  ( 0.9053168299987482959, 14.71305153397748455, 9.836600992131003807 ) ) ;
#4701 = CARTESIAN_POINT ( 'NONE',  ( 0.5840878275993223179, -7.543815914808796208, 54.17751963845331886 ) ) ;
#4702 = DIRECTION ( 'NONE',  ( -6.938893903907317519E-15, 6.938893903907125037E-15, -1.000000000000000000 ) ) ;
#4703 = VERTEX_POINT ( 'NONE', #4268 ) ;
#4704 = CARTESIAN_POINT ( 'NONE',  ( -5.686719353181967307, 14.93452713242210450, 31.51586665186062319 ) ) ;
#4705 = CARTESIAN_POINT ( 'NONE',  ( 1.944273408282477078, -6.657172147703067644, 9.289352092117177051 ) ) ;
#4706 = CIRCLE ( 'NONE', #5279, 0.8000000000000003775 ) ;
#4707 = ORIENTED_EDGE ( 'NONE', *, *, #229, .T. ) ;
#4708 = ORIENTED_EDGE ( 'NONE', *, *, #1489, .F. ) ;
#4709 = EDGE_CURVE ( 'NONE', #1574, #1700, #5194, .T. ) ;
#4710 = CIRCLE ( 'NONE', #3513, 5.449999999999996625 ) ;
#4711 = DIRECTION ( 'NONE',  ( -1.000000000000000000, 6.938893903907222067E-15, 6.938893903907222067E-15 ) ) ;
#4712 = CARTESIAN_POINT ( 'NONE',  ( -30.23671935318121839, -38.56547286757839288, 90.91586665186036953 ) ) ;
#4713 = AXIS2_PLACEMENT_3D ( 'NONE', #5288, #896, #5198 ) ;
#4714 = CARTESIAN_POINT ( 'NONE',  ( -13.11550506870390365, 14.63452713242206649, 19.11586664184828166 ) ) ;
#4715 = EDGE_LOOP ( 'NONE', ( #650, #28, #1502, #4476 ) ) ;
#4716 = CIRCLE ( 'NONE', #926, 2.450000000000000622 ) ;
#4717 = DIRECTION ( 'NONE',  ( -1.396452398161329869E-14, 1.000000000000000000, 0.000000000000000000 ) ) ;
#4718 = DIRECTION ( 'NONE',  ( -1.401718565583457942E-14, 1.000000000000000000, 6.360652745248286895E-15 ) ) ;
#4719 = APPROVAL_ROLE ( '' ) ;
#4720 = DIRECTION ( 'NONE',  ( 1.396452398161329869E-14, -1.000000000000000000, 0.000000000000000000 ) ) ;
#4721 = DIRECTION ( 'NONE',  ( 1.396452398161329869E-14, -1.000000000000000000, -0.000000000000000000 ) ) ;
#4722 = EDGE_CURVE ( 'NONE', #5517, #5730, #5162, .T. ) ;
#4723 = CARTESIAN_POINT ( 'NONE',  ( -13.11550506870470301, 14.81026306370995727, 53.14051351910342902 ) ) ;
#4724 = EDGE_CURVE ( 'NONE', #5232, #4449, #1004, .T. ) ;
#4725 = VERTEX_POINT ( 'NONE', #4745 ) ;
#4726 = CARTESIAN_POINT ( 'NONE',  ( -12.11550506870390187, 2.434527132422095175, 19.11586664184821416 ) ) ;
#4727 = LINE ( 'NONE', #3426, #5231 ) ;
#4728 = EDGE_CURVE ( 'NONE', #5692, #3837, #2428, .T. ) ;
#4729 = CARTESIAN_POINT ( 'NONE',  ( -23.86550506870329613, 18.43452713242186292, 30.14470820415653307 ) ) ;
#4730 = DIRECTION ( 'NONE',  ( 1.401718565583457942E-14, -1.000000000000000000, -6.360652745248286895E-15 ) ) ;
#4731 = VERTEX_POINT ( 'NONE', #5126 ) ;
#4732 = DIRECTION ( 'NONE',  ( 0.2013750786113699398, 0.000000000000000000, 0.9795142049578782206 ) ) ;
#4733 = CARTESIAN_POINT ( 'NONE',  ( 3.634494931296786024, 12.43452713242220398, 34.51586664685442685 ) ) ;
#4734 = DIRECTION ( 'NONE',  ( -1.000000000000000000, 0.000000000000000000, 6.938893903907222067E-15 ) ) ;
#4735 = ORIENTED_EDGE ( 'NONE', *, *, #4722, .F. ) ;
#4736 = CARTESIAN_POINT ( 'NONE',  ( -32.68671935318123900, -35.56547286757842841, 90.91586665186036953 ) ) ;
#4737 = CIRCLE ( 'NONE', #1027, 0.5000000000000004441 ) ;
#4738 = CARTESIAN_POINT ( 'NONE',  ( 1.323937879855691335, -8.206389074180849619, 9.085670771650743660 ) ) ;
#4739 = ORIENTED_EDGE ( 'NONE', *, *, #2063, .T. ) ;
#4740 = ORIENTED_EDGE ( 'NONE', *, *, #2300, .T. ) ;
#4741 = CARTESIAN_POINT ( 'NONE',  ( -13.91550506870125226, 14.93452713242186825, 53.47188436900191277 ) ) ;
#4742 = DIRECTION ( 'NONE',  ( 0.000000000000000000, -1.000000000000000000, -5.955883934187037954E-15 ) ) ;
#4743 = CARTESIAN_POINT ( 'NONE',  ( 1.944273408282511495, -6.465472867577807925, 53.74238121160380643 ) ) ;
#4744 = VERTEX_POINT ( 'NONE', #1995 ) ;
#4745 = CARTESIAN_POINT ( 'NONE',  ( -14.20550632740236807, 14.93452713242185759, 53.41747089647824964 ) ) ;
#4746 = DIRECTION ( 'NONE',  ( 0.000000000000000000, 1.000000000000000000, 5.204170427930421283E-15 ) ) ;
#4747 = APPROVAL_STATUS ( 'not_yet_approved' ) ;
#4748 = DIRECTION ( 'NONE',  ( 0.000000000000000000, 0.000000000000000000, -1.000000000000000000 ) ) ;
#4749 = CYLINDRICAL_SURFACE ( 'NONE', #631, 0.5000000000000004441 ) ;
#4750 = B_SPLINE_CURVE_WITH_KNOTS ( 'NONE', 3,
 ( #3437, #2511, #1236, #828, #800, #2570, #3405, #5149, #3835, #2949, #4738, #3009, #4829, #772, #3067, #2604, #4705, #5217 ),
 .UNSPECIFIED., .F., .F.,
 ( 4, 2, 2, 2, 2, 2, 2, 2, 4 ),
 ( 0.000000000000000000, 0.0005697067344730869605, 0.001139413468946173921, 0.001709120203419260773, 0.002278826937892347842, 0.002848533672365434911, 0.003418240406838521546, 0.003987947141311608615, 0.004557653875784695684 ),
 .UNSPECIFIED. ) ;
#4751 = AXIS2_PLACEMENT_3D ( 'NONE', #2481, #4234, #3378 ) ;
#4752 = CARTESIAN_POINT ( 'NONE',  ( 1.884494931296122333, 14.93452713242226260, 23.60991927961703496 ) ) ;
#4753 = AXIS2_PLACEMENT_3D ( 'NONE', #2501, #662, #1627 ) ;
#4754 = ORIENTED_EDGE ( 'NONE', *, *, #3171, .T. ) ;
#4755 = EDGE_CURVE ( 'NONE', #4014, #2640, #3228, .T. ) ;
#4756 = DIRECTION ( 'NONE',  ( 3.117823127310333221E-14, 7.211414630518214623E-30, -1.000000000000000000 ) ) ;
#4757 = CARTESIAN_POINT ( 'NONE',  ( -13.58654857778510561, 15.38694800507204619, 53.42430524165157379 ) ) ;
#4758 = LINE ( 'NONE', #5705, #3357 ) ;
#4759 = FACE_BOUND ( 'NONE', #5218, .T. ) ;
#4760 = VERTEX_POINT ( 'NONE', #5510 ) ;
#4761 = ADVANCED_FACE ( 'NONE', ( #5636 ), #2086, .T. ) ;
#4762 = DIRECTION ( 'NONE',  ( -1.404665511781869571E-14, 1.000000000000000000, 5.782411586589354089E-15 ) ) ;
#4763 = DIRECTION ( 'NONE',  ( 1.000000000000000000, 1.409359931862544006E-14, -3.708841925954063251E-16 ) ) ;
#4764 = CARTESIAN_POINT ( 'NONE',  ( -24.36550506870325350, 15.43452713242203167, 8.331025182461773543E-14 ) ) ;
#4765 = ORIENTED_EDGE ( 'NONE', *, *, #444, .T. ) ;
#4766 = DIRECTION ( 'NONE',  ( -1.000000000000000000, -1.445602896647339351E-14, 0.000000000000000000 ) ) ;
#4767 = DIRECTION ( 'NONE',  ( -1.400789206851271413E-14, 1.000000000000000000, 4.356926556559735285E-30 ) ) ;
#4768 = ADVANCED_BREP_SHAPE_REPRESENTATION ( '底座优化', ( #5094, #3121 ), #5054 ) ;
#4769 = ORIENTED_EDGE ( 'NONE', *, *, #1556, .T. ) ;
#4770 = CYLINDRICAL_SURFACE ( 'NONE', #2805, 1.500000000000001332 ) ;
#4771 = CARTESIAN_POINT ( 'NONE',  ( -14.20550632740072317, -6.465472867577809701, 9.614262407242351927 ) ) ;
#4772 =( BOUNDED_CURVE ( )  B_SPLINE_CURVE ( 3, ( #1143, #5061, #4151, #4265 ),
 .UNSPECIFIED., .F., .T. ) 
 B_SPLINE_CURVE_WITH_KNOTS ( ( 4, 4 ),
 ( 4.712388980384703885, 6.283185307179586232 ),
 .UNSPECIFIED. ) 
 CURVE ( )  GEOMETRIC_REPRESENTATION_ITEM ( )  RATIONAL_B_SPLINE_CURVE ( ( 1.000000000000000000, 0.8047378541243683792, 0.8047378541243683792, 1.000000000000000000 ) ) 
 REPRESENTATION_ITEM ( '' )  );
#4773 = FACE_OUTER_BOUND ( 'NONE', #3977, .T. ) ;
#4774 = ORIENTED_EDGE ( 'NONE', *, *, #2921, .F. ) ;
#4775 = CARTESIAN_POINT ( 'NONE',  ( 16.28449561181119520, -57.56547286757774629, -27.88413334813953526 ) ) ;
#4776 = LINE ( 'NONE', #5696, #4859 ) ;
#4777 = DIRECTION ( 'NONE',  ( -0.000000000000000000, -1.000000000000000000, -5.782411586589354089E-15 ) ) ;
#4778 = AXIS2_PLACEMENT_3D ( 'NONE', #2677, #4428, #1279 ) ;
#4779 = CARTESIAN_POINT ( 'NONE',  ( -37.18671935318174349, 0.4345271324215083109, 38.61586665186047895 ) ) ;
#4780 = DIRECTION ( 'NONE',  ( 1.387778780781444256E-14, -1.000000000000000000, -1.387778780781444256E-14 ) ) ;
#4781 = VERTEX_POINT ( 'NONE', #753 ) ;
#4782 = EDGE_CURVE ( 'NONE', #396, #521, #5184, .T. ) ;
#4783 = CYLINDRICAL_SURFACE ( 'NONE', #5727, 0.5000000000000004441 ) ;
#4784 = DIRECTION ( 'NONE',  ( 0.000000000000000000, -1.000000000000000000, -5.782411586589353300E-15 ) ) ;
#4785 = CARTESIAN_POINT ( 'NONE',  ( 3.634494931296750941, 14.93452713242224306, 31.51586664685444106 ) ) ;
#4786 = DIRECTION ( 'NONE',  ( 1.404665511781869729E-14, -1.000000000000000000, -5.782411586589354089E-15 ) ) ;
#4787 = EDGE_CURVE ( 'NONE', #5480, #3482, #2520, .T. ) ;
#4788 = B_SPLINE_CURVE_WITH_KNOTS ( 'NONE', 3,
 ( #3780, #2956, #4238, #3809, #5597, #1617 ),
 .UNSPECIFIED., .F., .F.,
 ( 4, 2, 4 ),
 ( 1.734723475976807094E-18, 0.0003916760297609925344, 0.0007833520595219833340 ),
 .UNSPECIFIED. ) ;
#4789 = VERTEX_POINT ( 'NONE', #781 ) ;
#4790 = EDGE_CURVE ( 'NONE', #1742, #858, #3783, .T. ) ;
#4791 = CARTESIAN_POINT ( 'NONE',  ( -13.11550506870406529, 14.63452713242194569, 42.11586665186059264 ) ) ;
#4792 = CARTESIAN_POINT ( 'NONE',  ( -29.18671935318125676, -35.56547286757837867, 31.51586665186047753 ) ) ;
#4793 = DIRECTION ( 'NONE',  ( -1.396452398161330027E-14, 1.000000000000000000, -0.000000000000000000 ) ) ;
#4794 = VERTEX_POINT ( 'NONE', #304 ) ;
#4795 = DIRECTION ( 'NONE',  ( -0.000000000000000000, 1.000000000000000000, 5.782411586589354878E-15 ) ) ;
#4796 = DIRECTION ( 'NONE',  ( 1.000000000000000000, 1.387778780781444413E-14, 0.000000000000000000 ) ) ;
#4797 = ADVANCED_FACE ( 'NONE', ( #2487 ), #3415, .T. ) ;
#4798 = EDGE_CURVE ( 'NONE', #995, #3932, #3294, .T. ) ;
#4799 = ORIENTED_EDGE ( 'NONE', *, *, #639, .T. ) ;
#4800 = ORIENTED_EDGE ( 'NONE', *, *, #5416, .T. ) ;
#4801 = ADVANCED_FACE ( 'NONE', ( #2960 ), #3844, .F. ) ;
#4802 = CARTESIAN_POINT ( 'NONE',  ( 0.8844949312961486454, -6.465472867577800820, 20.11586665186012723 ) ) ;
#4803 = CYLINDRICAL_SURFACE ( 'NONE', #1746, 8.097314602603171707 ) ;
#4804 = AXIS2_PLACEMENT_3D ( 'NONE', #5588, #5243, #5272 ) ;
#4805 = CIRCLE ( 'NONE', #1559, 0.5000000000000004441 ) ;
#4806 = ORIENTED_EDGE ( 'NONE', *, *, #3625, .F. ) ;
#4807 = AXIS2_PLACEMENT_3D ( 'NONE', #2939, #4786, #817 ) ;
#4808 = ORIENTED_EDGE ( 'NONE', *, *, #5707, .T. ) ;
#4809 = CIRCLE ( 'NONE', #2773, 1.050000000000000488 ) ;
#4810 = DIRECTION ( 'NONE',  ( -1.000000000000000000, -1.404665511781869571E-14, 3.703720435437168559E-31 ) ) ;
#4811 = CARTESIAN_POINT ( 'NONE',  ( -32.68671935318126032, -35.56547286757842841, -27.88413334813953526 ) ) ;
#4812 = PLANE ( 'NONE',  #1038 ) ;
#4813 = CIRCLE ( 'NONE', #2397, 5.450000000000000178 ) ;
#4814 = LINE ( 'NONE', #5728, #4917 ) ;
#4815 = ORIENTED_EDGE ( 'NONE', *, *, #1327, .F. ) ;
#4816 = ORIENTED_EDGE ( 'NONE', *, *, #2812, .F. ) ;
#4817 = CARTESIAN_POINT ( 'NONE',  ( -21.07261184988984581, 18.43452713242188779, 32.93760142296998339 ) ) ;
#4818 = CARTESIAN_POINT ( 'NONE',  ( -16.86551357512615823, -46.56547286757822235, 37.51586665186149361 ) ) ;
#4819 = CARTESIAN_POINT ( 'NONE',  ( 16.28449561181092875, -38.56547286757773918, -27.88413334813953526 ) ) ;
#4820 = EDGE_CURVE ( 'NONE', #1499, #1859, #2670, .T. ) ;
#4821 = VECTOR ( 'NONE', #2979, 1000.000000000000000 ) ;
#4822 = DIRECTION ( 'NONE',  ( -1.404665511781869571E-14, 1.000000000000000000, 5.782411586589354089E-15 ) ) ;
#4823 = CIRCLE ( 'NONE', #98, 0.5000000000000004441 ) ;
#4824 = DIRECTION ( 'NONE',  ( 0.000000000000000000, 1.000000000000000000, 5.782411586589354089E-15 ) ) ;
#4825 = CARTESIAN_POINT ( 'NONE',  ( -5.686719353181973524, 15.43452713242211161, 31.51586665186062319 ) ) ;
#4826 = DIRECTION ( 'NONE',  ( -1.008934894313868291E-43, -5.782411586589358822E-15, 1.000000000000000000 ) ) ;
#4827 = ORIENTED_EDGE ( 'NONE', *, *, #1596, .T. ) ;
#4828 = LINE ( 'NONE', #65, #4274 ) ;
#4829 = CARTESIAN_POINT ( 'NONE',  ( 1.633905605068433964, -7.739804325341691715, 9.185060805251451299 ) ) ;
#4830 = EDGE_LOOP ( 'NONE', ( #3110, #3733, #4765, #2331 ) ) ;
#4831 = EDGE_LOOP ( 'NONE', ( #2643, #2018, #2237, #405 ) ) ;
#4832 = DIRECTION ( 'NONE',  ( 1.000000000000000000, 1.388464315244350786E-14, -5.142460426830928873E-16 ) ) ;
#4833 = EDGE_CURVE ( 'NONE', #4285, #1878, #349, .T. ) ;
#4834 = CARTESIAN_POINT ( 'NONE',  ( -20.86550506870328903, 17.93452713242188779, 33.14470820415652952 ) ) ;
#4835 = ADVANCED_FACE ( 'NONE', ( #5224 ), #2147, .T. ) ;
#4836 = AXIS2_PLACEMENT_3D ( 'NONE', #1699, #315, #4254 ) ;
#4837 = ORIENTED_EDGE ( 'NONE', *, *, #4307, .F. ) ;
#4838 = ORIENTED_EDGE ( 'NONE', *, *, #3233, .T. ) ;
#4839 = ORIENTED_EDGE ( 'NONE', *, *, #671, .T. ) ;
#4840 = DIRECTION ( 'NONE',  ( 8.024708101613470763E-29, -5.782411586589354089E-15, 1.000000000000000000 ) ) ;
#4841 = FACE_OUTER_BOUND ( 'NONE', #487, .T. ) ;
#4842 = CARTESIAN_POINT ( 'NONE',  ( -23.31551357512612199, -47.56547286757829340, 31.51586665186150427 ) ) ;
#4843 = CARTESIAN_POINT ( 'NONE',  ( 12.38449493129612300, 9.734527132422385876, 28.01586664685441619 ) ) ;
#4844 = EDGE_LOOP ( 'NONE', ( #4487, #2505, #1244, #3092 ) ) ;
#4845 = ORIENTED_EDGE ( 'NONE', *, *, #2831, .F. ) ;
#4846 = LINE ( 'NONE', #2124, #2003 ) ;
#4847 = ADVANCED_FACE ( 'NONE', ( #457 ), #5371, .T. ) ;
#4848 = CIRCLE ( 'NONE', #4371, 1.000000000000000000 ) ;
#4849 = TOROIDAL_SURFACE ( 'NONE', #2336, 1.800000000000000044, 0.8000000000000000444 ) ;
#4850 = DIRECTION ( 'NONE',  ( -1.387778780781444413E-14, 1.000000000000000000, 0.000000000000000000 ) ) ;
#4851 = CIRCLE ( 'NONE', #3640, 1.049999999999999822 ) ;
#4852 = ORIENTED_EDGE ( 'NONE', *, *, #1936, .T. ) ;
#4853 = LINE ( 'NONE', #5681, #1161 ) ;
#4854 = CYLINDRICAL_SURFACE ( 'NONE', #57, 1.000000000000000888 ) ;
#4855 = LINE ( 'NONE', #5388, #2211 ) ;
#4856 = ORIENTED_EDGE ( 'NONE', *, *, #2206, .T. ) ;
#4857 = CARTESIAN_POINT ( 'NONE',  ( -20.71550438818938034, -15.86547249352512168, 20.11586665186045764 ) ) ;
#4858 = DIRECTION ( 'NONE',  ( 1.396452398161329869E-14, -1.000000000000000000, -0.000000000000000000 ) ) ;
#4859 = VECTOR ( 'NONE', #809, 1000.000000000000000 ) ;
#4860 = ORIENTED_EDGE ( 'NONE', *, *, #3171, .F. ) ;
#4861 = CARTESIAN_POINT ( 'NONE',  ( -32.68671935318095478, -57.56547286757843551, -27.88413334813953526 ) ) ;
#4862 = DIRECTION ( 'NONE',  ( -0.9284766908852587486, -1.296573501623615218E-14, 0.3713906763541052203 ) ) ;
#4863 = EDGE_CURVE ( 'NONE', #3584, #453, #4706, .T. ) ;
#4864 = AXIS2_PLACEMENT_3D ( 'NONE', #1314, #3427, #4850 ) ;
#4865 = VERTEX_POINT ( 'NONE', #2175 ) ;
#4866 = ORIENTED_EDGE ( 'NONE', *, *, #5264, .F. ) ;
#4867 = DIRECTION ( 'NONE',  ( 1.396452398161329869E-14, -1.000000000000000000, -0.000000000000000000 ) ) ;
#4868 = CARTESIAN_POINT ( 'NONE',  ( -37.18671935318174349, 0.4345271324215083109, 24.41586665186047966 ) ) ;
#4869 = PLANE ( 'NONE',  #1003 ) ;
#4870 = ORIENTED_EDGE ( 'NONE', *, *, #5223, .T. ) ;
#4871 = EDGE_CURVE ( 'NONE', #4479, #3160, #4230, .T. ) ;
#4872 = ORIENTED_EDGE ( 'NONE', *, *, #5540, .T. ) ;
#4873 = VECTOR ( 'NONE', #2789, 1000.000000000000000 ) ;
#4874 = AXIS2_PLACEMENT_3D ( 'NONE', #3149, #3660, #1850 ) ;
#4875 = FACE_OUTER_BOUND ( 'NONE', #2181, .T. ) ;
#4876 = CARTESIAN_POINT ( 'NONE',  ( 17.78449561181101757, -43.56547286757771786, 90.91586665186036953 ) ) ;
#4877 = CIRCLE ( 'NONE', #2832, 2.000000000000001776 ) ;
#4878 = ORIENTED_EDGE ( 'NONE', *, *, #2770, .F. ) ;
#4879 = CARTESIAN_POINT ( 'NONE',  ( 12.88449493129608747, 12.43452713242237273, 28.01586664685443040 ) ) ;
#4880 = LINE ( 'NONE', #3140, #2464 ) ;
#4881 = DIRECTION ( 'NONE',  ( -1.396452398161329869E-14, 1.000000000000000000, -0.000000000000000000 ) ) ;
#4882 = ORIENTED_EDGE ( 'NONE', *, *, #1680, .F. ) ;
#4883 = DIRECTION ( 'NONE',  ( -1.000000000000000000, -1.402542384832312146E-14, 2.746030353461158411E-14 ) ) ;
#4884 = CARTESIAN_POINT ( 'NONE',  ( 0.8173895616169145617, -7.005047862189158536, 8.910490320803505782 ) ) ;
#4885 = CARTESIAN_POINT ( 'NONE',  ( 3.634494931296786024, 12.43452713242222352, 31.51586664685442685 ) ) ;
#4886 = VECTOR ( 'NONE', #923, 1000.000000000000000 ) ;
#4887 = ORIENTED_EDGE ( 'NONE', *, *, #4163, .F. ) ;
#4888 = VECTOR ( 'NONE', #1051, 1000.000000000000000 ) ;
#4889 = DIRECTION ( 'NONE',  ( 1.401718565583457942E-14, -1.000000000000000000, -6.360652745248286895E-15 ) ) ;
#4890 = DIRECTION ( 'NONE',  ( 0.000000000000000000, 1.000000000000000000, 0.000000000000000000 ) ) ;
#4891 = EDGE_CURVE ( 'NONE', #144, #500, #3051, .T. ) ;
#4892 = EDGE_CURVE ( 'NONE', #813, #5280, #3597, .T. ) ;
#4893 = ORIENTED_EDGE ( 'NONE', *, *, #1036, .F. ) ;
#4894 = ORIENTED_EDGE ( 'NONE', *, *, #2150, .T. ) ;
#4895 = CARTESIAN_POINT ( 'NONE',  ( 21.73449561181092804, -38.56547286757766813, -27.88413334813953526 ) ) ;
#4896 = LINE ( 'NONE', #5343, #4886 ) ;
#4897 = DIRECTION ( 'NONE',  ( 2.312964634635742957E-16, -1.000000000000000000, 0.000000000000000000 ) ) ;
#4898 = EDGE_LOOP ( 'NONE', ( #2306, #1204, #591, #2049, #4454, #4162, #544, #3439, #1736, #1209, #157, #2231, #4652, #3629, #1603, #1047, #1025 ) ) ;
#4899 = AXIS2_PLACEMENT_3D ( 'NONE', #3669, #3347, #5594 ) ;
#4900 = ORIENTED_EDGE ( 'NONE', *, *, #1526, .T. ) ;
#4901 = FACE_OUTER_BOUND ( 'NONE', #3260, .T. ) ;
#4902 = AXIS2_PLACEMENT_3D ( 'NONE', #2490, #3353, #1060 ) ;
#4903 = EDGE_CURVE ( 'NONE', #5008, #1499, #3476, .T. ) ;
#4904 = B_SPLINE_CURVE_WITH_KNOTS ( 'NONE', 3,
 ( #1587, #2482, #4235, #272, #2052, #3808, #5277, #5247, #2227, #1740, #3961, #3930, #3503, #2665, #5335, #1240 ),
 .UNSPECIFIED., .F., .F.,
 ( 4, 2, 2, 2, 2, 2, 2, 4 ),
 ( 3.430262154957124801E-17, 0.0004034069935337600710, 0.0008068139870674857729, 0.001210220980601211692, 0.001613627974134937285, 0.002420441961202390423, 0.002823848954736116884, 0.003227255948269843345 ),
 .UNSPECIFIED. ) ;
#4905 = CARTESIAN_POINT ( 'NONE',  ( 11.48712623399609889, 15.43452713242237273, 28.01586664685444816 ) ) ;
#4906 = EDGE_CURVE ( 'NONE', #244, #453, #5463, .T. ) ;
#4907 = AXIS2_PLACEMENT_3D ( 'NONE', #4671, #742, #1170 ) ;
#4908 = ORIENTED_EDGE ( 'NONE', *, *, #3414, .T. ) ;
#4909 = CARTESIAN_POINT ( 'NONE',  ( -27.23671935318121839, -38.56547286757835025, 90.91586665186036953 ) ) ;
#4910 = CARTESIAN_POINT ( 'NONE',  ( -30.23671935318115089, -43.56547286757839288, -27.88413334813953526 ) ) ;
#4911 = CARTESIAN_POINT ( 'NONE',  ( -11.11550506870390365, -8.465472867577812366, 20.11586665186053935 ) ) ;
#4912 = ORIENTED_EDGE ( 'NONE', *, *, #2252, .F. ) ;
#4913 = EDGE_CURVE ( 'NONE', #1237, #1056, #3965, .T. ) ;
#4914 = CARTESIAN_POINT ( 'NONE',  ( -3.815513575126115331, -46.56547286757803050, 25.51586665186152558 ) ) ;
#4915 = CARTESIAN_POINT ( 'NONE',  ( 9.425500384743008553, -15.86547249352469890, 42.91586665186041927 ) ) ;
#4916 = LINE ( 'NONE', #1322, #4511 ) ;
#4917 = VECTOR ( 'NONE', #5673, 1000.000000000000000 ) ;
#4918 = EDGE_LOOP ( 'NONE', ( #4739, #3668, #64, #4806 ) ) ;
#4919 = AXIS2_PLACEMENT_3D ( 'NONE', #4555, #2446, #4173 ) ;
#4920 = CARTESIAN_POINT ( 'NONE',  ( 1.684494931296143694, 14.63452713242227965, 20.11586665186010947 ) ) ;
#4921 = CARTESIAN_POINT ( 'NONE',  ( -4.865513575126588997, -15.86547249352489608, 37.51586665186152203 ) ) ;
#4922 = DIRECTION ( 'NONE',  ( -1.000000000000000000, -1.400789206851272044E-14, 1.445602896646528116E-16 ) ) ;
#4923 = ORIENTED_EDGE ( 'NONE', *, *, #72, .F. ) ;
#4924 = VERTEX_POINT ( 'NONE', #366 ) ;
#4925 = CARTESIAN_POINT ( 'NONE',  ( 0.9854657805742621512, 15.03742222005870310, 53.13681956530693640 ) ) ;
#4926 = CARTESIAN_POINT ( 'NONE',  ( -32.68671935318126032, -35.56547286757842841, 90.91586665186036953 ) ) ;
#4927 = CIRCLE ( 'NONE', #3901, 1.050000000000000933 ) ;
#4928 = VERTEX_POINT ( 'NONE', #428 ) ;
#4929 = ORIENTED_EDGE ( 'NONE', *, *, #4456, .T. ) ;
#4930 = DIRECTION ( 'NONE',  ( -1.404665511781869571E-14, 1.000000000000000000, 5.782411586589354089E-15 ) ) ;
#4931 = CARTESIAN_POINT ( 'NONE',  ( 12.38449493129604484, 15.43452713242231944, 39.41856775907999832 ) ) ;
#4932 = DIRECTION ( 'NONE',  ( -1.404665511781869571E-14, 1.000000000000000000, 5.782411586589354089E-15 ) ) ;
#4933 = EDGE_CURVE ( 'NONE', #807, #1072, #1715, .T. ) ;
#4934 = DIRECTION ( 'NONE',  ( -1.396452398161329869E-14, 1.000000000000000000, -0.000000000000000000 ) ) ;
#4935 = CARTESIAN_POINT ( 'NONE',  ( -11.62565108318364082, -8.403565454519210220, 53.36963136895417392 ) ) ;
#4936 = ORIENTED_EDGE ( 'NONE', *, *, #86, .F. ) ;
#4937 = FACE_OUTER_BOUND ( 'NONE', #5684, .T. ) ;
#4938 = CARTESIAN_POINT ( 'NONE',  ( 0.8844949312964630606, -6.465472867577807037, 10.04599939627862781 ) ) ;
#4939 = CARTESIAN_POINT ( 'NONE',  ( -23.36550506870327126, 16.72742035123533100, 30.14470820415652597 ) ) ;
#4940 = AXIS2_PLACEMENT_3D ( 'NONE', #3370, #5147, #2948 ) ;
#4941 = ADVANCED_FACE ( 'NONE', ( #1745 ), #894, .F. ) ;
#4942 = ORIENTED_EDGE ( 'NONE', *, *, #534, .T. ) ;
#4943 = ORIENTED_EDGE ( 'NONE', *, *, #5372, .T. ) ;
#4944 = DIRECTION ( 'NONE',  ( 1.396452398161329869E-14, -1.000000000000000000, 0.000000000000000000 ) ) ;
#4945 = FACE_OUTER_BOUND ( 'NONE', #3406, .T. ) ;
#4946 = VERTEX_POINT ( 'NONE', #5667 ) ;
#4947 = ORIENTED_EDGE ( 'NONE', *, *, #4892, .T. ) ;
#4948 = CARTESIAN_POINT ( 'NONE',  ( 1.192857463899228865, 14.87442715086003275, 53.62546728994462342 ) ) ;
#4949 = PLANE ( 'NONE',  #5757 ) ;
#4950 = ORIENTED_EDGE ( 'NONE', *, *, #1021, .F. ) ;
#4951 = ORIENTED_EDGE ( 'NONE', *, *, #2689, .F. ) ;
#4952 = CARTESIAN_POINT ( 'NONE',  ( -14.10389450664006006, -7.224756453015475977, 9.574967871958733667 ) ) ;
#4953 = DIRECTION ( 'NONE',  ( -1.396452398161329869E-14, 1.000000000000000000, -0.000000000000000000 ) ) ;
#4954 =( BOUNDED_CURVE ( )  B_SPLINE_CURVE ( 3, ( #5456, #5533, #5629, #3778 ),
 .UNSPECIFIED., .F., .T. ) 
 B_SPLINE_CURVE_WITH_KNOTS ( ( 4, 4 ),
 ( 9.027796614315164558E-31, 1.570796326794906994 ),
 .UNSPECIFIED. ) 
 CURVE ( )  GEOMETRIC_REPRESENTATION_ITEM ( )  RATIONAL_B_SPLINE_CURVE ( ( 1.000000000000000000, 0.8047378541243626060, 0.8047378541243626060, 1.000000000000000000 ) ) 
 REPRESENTATION_ITEM ( '' )  );
#4955 = LINE ( 'NONE', #2759, #409 ) ;
#4956 = VECTOR ( 'NONE', #3168, 1000.000000000000000 ) ;
#4957 = EDGE_CURVE ( 'NONE', #4018, #1700, #3446, .T. ) ;
#4958 = CIRCLE ( 'NONE', #5627, 1.000000000000000888 ) ;
#4959 = CARTESIAN_POINT ( 'NONE',  ( -20.86550506870329613, 18.43452713242188779, 33.14470820415652952 ) ) ;
#4960 = CARTESIAN_POINT ( 'NONE',  ( -11.49369941261714168, -9.265472867577818405, 54.28791139961994361 ) ) ;
#4961 = ORIENTED_EDGE ( 'NONE', *, *, #3759, .F. ) ;
#4962 = AXIS2_PLACEMENT_3D ( 'NONE', #4726, #5136, #2465 ) ;
#4963 = AXIS2_PLACEMENT_3D ( 'NONE', #3169, #4626, #4435 ) ;
#4964 = EDGE_CURVE ( 'NONE', #4794, #3229, #5754, .T. ) ;
#4965 = CARTESIAN_POINT ( 'NONE',  ( -0.9544050058144147863, -9.265472867577802418, 8.497282835350340235 ) ) ;
#4966 = DIRECTION ( 'NONE',  ( 1.396452398161329869E-14, -1.000000000000000000, -0.000000000000000000 ) ) ;
#4967 = EDGE_LOOP ( 'NONE', ( #4095, #1080, #1595, #3568 ) ) ;
#4968 = ORIENTED_EDGE ( 'NONE', *, *, #3874, .T. ) ;
#4969 = DIRECTION ( 'NONE',  ( 1.396452398161329869E-14, -1.000000000000000000, -0.000000000000000000 ) ) ;
#4970 = DIRECTION ( 'NONE',  ( 1.000000000000000000, 0.000000000000000000, 0.000000000000000000 ) ) ;
#4971 = EDGE_CURVE ( 'NONE', #2980, #5421, #4805, .T. ) ;
#4972 = CARTESIAN_POINT ( 'NONE',  ( 12.88449493129608570, 12.43452713242240293, 23.60991927961701720 ) ) ;
#4973 = CIRCLE ( 'NONE', #242, 2.450000000000000622 ) ;
#4974 = ADVANCED_FACE ( 'NONE', ( #5312 ), #1195, .T. ) ;
#4975 = VERTEX_POINT ( 'NONE', #997 ) ;
#4976 = VERTEX_POINT ( 'NONE', #2829 ) ;
#4977 = APPLICATION_CONTEXT ( 'configuration controlled 3d designs of mechanical parts and assemblies' ) ;
#4978 = CARTESIAN_POINT ( 'NONE',  ( -12.11550506870390187, 12.43452713242208141, 19.11586664184827455 ) ) ;
#4979 = ADVANCED_FACE ( 'NONE', ( #4016 ), #4985, .T. ) ;
#4980 = ORIENTED_EDGE ( 'NONE', *, *, #1469, .T. ) ;
#4981 = ORIENTED_EDGE ( 'NONE', *, *, #4324, .T. ) ;
#4982 = CARTESIAN_POINT ( 'NONE',  ( -28.68671935318197441, 15.43452713242178831, 31.51586665186062319 ) ) ;
#4983 = PLANE ( 'NONE',  #3782 ) ;
#4984 = CARTESIAN_POINT ( 'NONE',  ( 12.38449493129608392, 12.43452713242232477, 35.01586664685443395 ) ) ;
#4985 = TOROIDAL_SURFACE ( 'NONE', #1847, 8.597314602603171707, 0.5000000000000000000 ) ;
#4986 = VECTOR ( 'NONE', #5139, 1000.000000000000000 ) ;
#4987 = VECTOR ( 'NONE', #5253, 1000.000000000000000 ) ;
#4988 = CARTESIAN_POINT ( 'NONE',  ( -0.1155050687038153279, 14.63452713242225478, 20.11586664184828521 ) ) ;
#4989 = CIRCLE ( 'NONE', #1293, 0.8000000000000003775 ) ;
#4990 = DIRECTION ( 'NONE',  ( -1.387778780781444413E-14, 1.000000000000000000, 0.000000000000000000 ) ) ;
#4991 = ORIENTED_EDGE ( 'NONE', *, *, #4240, .T. ) ;
#4992 = ADVANCED_FACE ( 'NONE', ( #508 ), #164, .T. ) ;
#4993 = DIRECTION ( 'NONE',  ( -1.404665511781869413E-14, 1.000000000000000000, 5.782411586589353300E-15 ) ) ;
#4994 = CARTESIAN_POINT ( 'NONE',  ( 0.8844949312964578425, 14.63452713242233649, 10.04599939627830985 ) ) ;
#4995 = CIRCLE ( 'NONE', #4907, 11.50000000000000178 ) ;
#4996 = ORIENTED_EDGE ( 'NONE', *, *, #2002, .F. ) ;
#4997 = ORIENTED_EDGE ( 'NONE', *, *, #5345, .T. ) ;
#4998 = CARTESIAN_POINT ( 'NONE',  ( 0.8844949312964957011, -6.465472867577807037, 52.98573390744233791 ) ) ;
#4999 = CARTESIAN_POINT ( 'NONE',  ( -5.686719353181258541, -35.56547286757805182, 31.51586665186033187 ) ) ;
#5000 = CARTESIAN_POINT ( 'NONE',  ( -13.11550506870390365, 15.43452713242193397, 43.91586665186060401 ) ) ;
#5001 = CARTESIAN_POINT ( 'NONE',  ( -1.115505068703503966, -6.465472867577807925, 42.91586665186046901 ) ) ;
#5002 = ORIENTED_EDGE ( 'NONE', *, *, #5416, .F. ) ;
#5003 = EDGE_CURVE ( 'NONE', #3482, #4592, #1940, .T. ) ;
#5004 = EDGE_LOOP ( 'NONE', ( #4043, #507, #4693, #861 ) ) ;
#5005 = EDGE_CURVE ( 'NONE', #1311, #5366, #2394, .T. ) ;
#5006 = FACE_OUTER_BOUND ( 'NONE', #339, .T. ) ;
#5007 = ORIENTED_EDGE ( 'NONE', *, *, #4283, .T. ) ;
#5008 = VERTEX_POINT ( 'NONE', #107 ) ;
#5009 = CARTESIAN_POINT ( 'NONE',  ( -12.03832847956146601, -9.180659164702298369, 8.889730639838839821 ) ) ;
#5010 = EDGE_CURVE ( 'NONE', #4684, #1914, #452, .T. ) ;
#5011 = CARTESIAN_POINT ( 'NONE',  ( 10.83449561181092591, -38.56547286757781734, -27.88413334813953526 ) ) ;
#5012 = CARTESIAN_POINT ( 'NONE',  ( 0.8273331422692018489, -7.009019403518603752, 53.01359156446514476 ) ) ;
#5013 = CIRCLE ( 'NONE', #2519, 15.00000000000000000 ) ;
#5014 = CARTESIAN_POINT ( 'NONE',  ( -12.94490784854373011, -7.306931982850348284, 53.88596949495119048 ) ) ;
#5015 = AXIS2_PLACEMENT_3D ( 'NONE', #1727, #4822, #4375 ) ;
#5016 = CARTESIAN_POINT ( 'NONE',  ( -23.36550506870327126, 16.72742035123531323, 32.64470820415652241 ) ) ;
#5017 = FACE_BOUND ( 'NONE', #1264, .T. ) ;
#5018 = VERTEX_POINT ( 'NONE', #5431 ) ;
#5019 = DIRECTION ( 'NONE',  ( -1.000000000000000000, -1.404380626547626176E-14, -6.090530105197944641E-29 ) ) ;
#5020 = CARTESIAN_POINT ( 'NONE',  ( -22.15839828751676066, 17.93452713242187357, 32.64470820415652952 ) ) ;
#5021 = EDGE_LOOP ( 'NONE', ( #2573, #4646, #93, #3775 ) ) ;
#5022 = EDGE_LOOP ( 'NONE', ( #1714, #3518, #132, #364 ) ) ;
#5023 = CARTESIAN_POINT ( 'NONE',  ( -23.36550506870327126, 16.72742035123530968, 33.14470820415652241 ) ) ;
#5024 = CARTESIAN_POINT ( 'NONE',  ( 0.9477042821994361432, -8.586132186716600501, 54.06035611244463723 ) ) ;
#5025 = FACE_OUTER_BOUND ( 'NONE', #774, .T. ) ;
#5026 = CIRCLE ( 'NONE', #206, 1.800000000000000044 ) ;
#5027 = SPHERICAL_SURFACE ( 'NONE', #1925, 0.5000000000000000000 ) ;
#5028 = CIRCLE ( 'NONE', #5643, 5.449999999999996625 ) ;
#5029 = EDGE_LOOP ( 'NONE', ( #3131, #4132 ) ) ;
#5030 = EDGE_LOOP ( 'NONE', ( #1465, #857, #4708, #356 ) ) ;
#5031 = ADVANCED_FACE ( 'NONE', ( #5006 ), #4160, .T. ) ;
#5032 = AXIS2_PLACEMENT_3D ( 'NONE', #4861, #2720, #3040 ) ;
#5033 = DIRECTION ( 'NONE',  ( -1.000000000000000000, -1.387778780781444413E-14, 0.000000000000000000 ) ) ;
#5034 = EDGE_CURVE ( 'NONE', #3317, #4760, #1663, .T. ) ;
#5035 = ORIENTED_EDGE ( 'NONE', *, *, #3868, .F. ) ;
#5036 = ORIENTED_EDGE ( 'NONE', *, *, #4288, .F. ) ;
#5037 = CARTESIAN_POINT ( 'NONE',  ( -11.11550506870390365, -8.465472867577810590, 42.91586665186046190 ) ) ;
#5038 = DIRECTION ( 'NONE',  ( -0.9709817592376230877, 0.000000000000000000, 0.2391535557498799258 ) ) ;
#5039 = FACE_BOUND ( 'NONE', #4898, .T. ) ;
#5040 = CARTESIAN_POINT ( 'NONE',  ( -14.05101375957521448, -7.386221060493065593, 53.47708168395682549 ) ) ;
#5041 = EDGE_CURVE ( 'NONE', #1820, #4744, #4954, .T. ) ;
#5042 = EDGE_CURVE ( 'NONE', #5301, #4367, #1286, .T. ) ;
#5043 = DIRECTION ( 'NONE',  ( -1.396452398161329869E-14, 1.000000000000000000, -0.000000000000000000 ) ) ;
#5044 = DIRECTION ( 'NONE',  ( 1.396452398161329869E-14, -1.000000000000000000, 0.000000000000000000 ) ) ;
#5045 = EDGE_LOOP ( 'NONE', ( #5292, #3892, #2071, #1751 ) ) ;
#5046 = CARTESIAN_POINT ( 'NONE',  ( -14.20550632740076757, -98.64468553998308664, 53.41747089647759594 ) ) ;
#5047 = CARTESIAN_POINT ( 'NONE',  ( 12.88449493129633083, -5.065930435712566293, 23.60991927961691772 ) ) ;
#5048 = AXIS2_PLACEMENT_3D ( 'NONE', #5016, #5386, #2711 ) ;
#5049 = EDGE_CURVE ( 'NONE', #144, #2525, #2856, .T. ) ;
#5050 = ORIENTED_EDGE ( 'NONE', *, *, #1395, .T. ) ;
#5051 = DIRECTION ( 'NONE',  ( -1.400789206851271413E-14, 1.000000000000000000, 4.356926556559735285E-30 ) ) ;
#5052 = CARTESIAN_POINT ( 'NONE',  ( 0.7454469222078097257, -7.222816826176984506, 54.13818021981439443 ) ) ;
#5053 = CIRCLE ( 'NONE', #1630, 1.050000000000000488 ) ;
#5054 =( GEOMETRIC_REPRESENTATION_CONTEXT ( 3 ) GLOBAL_UNCERTAINTY_ASSIGNED_CONTEXT ( ( #1045 ) ) GLOBAL_UNIT_ASSIGNED_CONTEXT ( ( #1059, #191, #3018 ) ) REPRESENTATION_CONTEXT ( 'NONE', 'WORKASPACE' ) );
#5055 = DIRECTION ( 'NONE',  ( 1.000000000000000000, 1.387778780781445991E-14, 6.938893903907229955E-15 ) ) ;
#5056 = VERTEX_POINT ( 'NONE', #748 ) ;
#5057 = CARTESIAN_POINT ( 'NONE',  ( -12.11550506870389121, 14.63452713242195458, 42.91586665186059690 ) ) ;
#5058 = CYLINDRICAL_SURFACE ( 'NONE', #1403, 1.000000000000000888 ) ;
#5059 = EDGE_LOOP ( 'NONE', ( #4403, #4395, #1512, #3061 ) ) ;
#5060 = ORIENTED_EDGE ( 'NONE', *, *, #497, .T. ) ;
#5061 = CARTESIAN_POINT ( 'NONE',  ( 0.8844949312957131049, 14.81026306371014911, 53.45436305754442685 ) ) ;
#5062 = ADVANCED_FACE ( 'NONE', ( #711 ), #5119, .F. ) ;
#5063 = ORIENTED_EDGE ( 'NONE', *, *, #1897, .F. ) ;
#5064 = AXIS2_PLACEMENT_3D ( 'NONE', #613, #5449, #1468 ) ;
#5065 = DIRECTION ( 'NONE',  ( -1.404665511781869729E-14, 1.000000000000000000, 5.782411586589354089E-15 ) ) ;
#5066 = CARTESIAN_POINT ( 'NONE',  ( -12.32181362665290258, -8.084720530903855007, 8.967495672426521125 ) ) ;
#5067 = DIRECTION ( 'NONE',  ( 1.000000000000000000, 0.000000000000000000, 0.000000000000000000 ) ) ;
#5068 = DIRECTION ( 'NONE',  ( 0.7071067811865339170, 0.7071067811865612285, 4.088782444489014268E-15 ) ) ;
#5069 = CARTESIAN_POINT ( 'NONE',  ( -13.59561596025319474, -8.193474339455235622, 53.64531291936643953 ) ) ;
#5070 = EDGE_CURVE ( 'NONE', #1946, #2788, #1382, .T. ) ;
#5071 = AXIS2_PLACEMENT_3D ( 'NONE', #5304, #3985, #5392 ) ;
#5072 = DIRECTION ( 'NONE',  ( 1.156482317317955344E-15, -5.782411586589337523E-15, 1.000000000000000000 ) ) ;
#5073 = DIRECTION ( 'NONE',  ( 1.000000000000000000, 2.214540607629966587E-16, 0.000000000000000000 ) ) ;
#5074 = VERTEX_POINT ( 'NONE', #4712 ) ;
#5075 = AXIS2_PLACEMENT_3D ( 'NONE', #3533, #3559, #5695 ) ;
#5076 = LINE ( 'NONE', #5046, #5379 ) ;
#5077 = CARTESIAN_POINT ( 'NONE',  ( -32.68671935318106847, -47.56547286757842130, 90.91586665186036953 ) ) ;
#5078 = VERTEX_POINT ( 'NONE', #5506 ) ;
#5079 = CIRCLE ( 'NONE', #2592, 0.5000000000000004441 ) ;
#5080 = EDGE_CURVE ( 'NONE', #1914, #541, #2021, .T. ) ;
#5081 = LINE ( 'NONE', #4639, #4675 ) ;
#5082 = FACE_OUTER_BOUND ( 'NONE', #1773, .T. ) ;
#5083 = CARTESIAN_POINT ( 'NONE',  ( 26.28449561181106020, -47.56547286757760418, 90.91586665186035532 ) ) ;
#5084 = ORIENTED_EDGE ( 'NONE', *, *, #2868, .F. ) ;
#5085 = DIRECTION ( 'NONE',  ( -1.000000000000000000, -1.321694076934708469E-14, 0.000000000000000000 ) ) ;
#5086 = CIRCLE ( 'NONE', #5663, 2.449999999999997513 ) ;
#5087 = CARTESIAN_POINT ( 'NONE',  ( -20.86550506870326060, 15.93452713242190377, 30.14470820415651886 ) ) ;
#5088 = ORIENTED_EDGE ( 'NONE', *, *, #4933, .T. ) ;
#5089 = ORIENTED_EDGE ( 'NONE', *, *, #1551, .F. ) ;
#5090 = CARTESIAN_POINT ( 'NONE',  ( -5.686719353181761250, 0.4345271324219524001, 31.51586665186033187 ) ) ;
#5091 = FACE_OUTER_BOUND ( 'NONE', #1131, .T. ) ;
#5092 = ORIENTED_EDGE ( 'NONE', *, *, #3257, .F. ) ;
#5093 = CIRCLE ( 'NONE', #5393, 1.049999999999999822 ) ;
#5094 = MANIFOLD_SOLID_BREP ( '圆角38', #3540 ) ;
#5095 = AXIS2_PLACEMENT_3D ( 'NONE', #4261, #1641, #1263 ) ;
#5096 = CARTESIAN_POINT ( 'NONE',  ( -35.18671935318172928, 0.4345271324215360664, 43.61586665186047895 ) ) ;
#5097 = CARTESIAN_POINT ( 'NONE',  ( -13.80742368207691939, -7.893466219956391861, 9.463267049741700632 ) ) ;
#5098 = COORDINATED_UNIVERSAL_TIME_OFFSET ( 8, 0, .AHEAD. ) ;
#5099 = CARTESIAN_POINT ( 'NONE',  ( -12.11550506870390187, 15.43452713242208141, 20.91586664184828948 ) ) ;
#5100 = PLANE ( 'NONE',  #5750 ) ;
#5101 = CARTESIAN_POINT ( 'NONE',  ( -11.68369682627121975, -9.265472860551106749, 54.24111489018362420 ) ) ;
#5102 = PLANE ( 'NONE',  #979 ) ;
#5103 = CARTESIAN_POINT ( 'NONE',  ( -13.11550506870469945, 14.63452713242187642, 52.67188436900189430 ) ) ;
#5104 = CARTESIAN_POINT ( 'NONE',  ( 0.8844949312963646948, 12.43452713242216134, 20.11586664184827455 ) ) ;
#5105 = CARTESIAN_POINT ( 'NONE',  ( -5.686719353181627135, -8.465472867577810590, 31.51586665186047753 ) ) ;
#5106 = ADVANCED_FACE ( 'NONE', ( #651 ), #1527, .T. ) ;
#5107 = ORIENTED_EDGE ( 'NONE', *, *, #2452, .T. ) ;
#5108 = EDGE_CURVE ( 'NONE', #1301, #500, #4772, .T. ) ;
#5109 = CARTESIAN_POINT ( 'NONE',  ( 1.884494931296087472, 14.93452713242226437, 23.60991927961703851 ) ) ;
#5110 = CARTESIAN_POINT ( 'NONE',  ( 1.944273408281155247, -6.465472867577799043, 9.289352092116722304 ) ) ;
#5111 = CARTESIAN_POINT ( 'NONE',  ( -20.71550438818979245, 13.53452713242197092, 20.11586665186063172 ) ) ;
#5112 = ORIENTED_EDGE ( 'NONE', *, *, #5382, .T. ) ;
#5113 = CARTESIAN_POINT ( 'NONE',  ( 16.28449561181119520, -57.56547286757774629, -27.88413334813953526 ) ) ;
#5114 = DIRECTION ( 'NONE',  ( -1.000000000000000000, -1.417305988883178616E-14, 0.000000000000000000 ) ) ;
#5115 = EDGE_CURVE ( 'NONE', #5018, #3908, #1082, .T. ) ;
#5116 = ORIENTED_EDGE ( 'NONE', *, *, #5309, .T. ) ;
#5117 = ORIENTED_EDGE ( 'NONE', *, *, #4044, .T. ) ;
#5118 = DIRECTION ( 'NONE',  ( 8.176962869719229832E-29, -5.782411586589354089E-15, 1.000000000000000000 ) ) ;
#5119 = CYLINDRICAL_SURFACE ( 'NONE', #3870, 1.050000000000002265 ) ;
#5120 = VECTOR ( 'NONE', #4795, 1000.000000000000000 ) ;
#5121 = AXIS2_PLACEMENT_3D ( 'NONE', #4729, #2593, #2095 ) ;
#5122 = DIRECTION ( 'NONE',  ( -1.000000000000000000, -1.412425262204650104E-14, -3.228400599324914581E-15 ) ) ;
#5123 = VERTEX_POINT ( 'NONE', #5155 ) ;
#5124 = AXIS2_PLACEMENT_3D ( 'NONE', #2794, #1875, #4551 ) ;
#5125 = ADVANCED_FACE ( 'NONE', ( #4679 ), #1924, .T. ) ;
#5126 = CARTESIAN_POINT ( 'NONE',  ( 3.979930750462531197, 15.43452713242212759, 52.38584211360254272 ) ) ;
#5127 = CARTESIAN_POINT ( 'NONE',  ( -13.47231995828510520, -8.335643447080107293, 9.342581136792784235 ) ) ;
#5128 = APPROVAL_DATE_TIME ( #1121, #1571 ) ;
#5129 = DIRECTION ( 'NONE',  ( -0.9319831593454318552, -1.113661074207265945E-14, -0.3625015733710789112 ) ) ;
#5130 = CARTESIAN_POINT ( 'NONE',  ( 12.64613012973079620, 15.38010745674569968, 23.61145907776158026 ) ) ;
#5131 = AXIS2_PLACEMENT_3D ( 'NONE', #2176, #3477, #3017 ) ;
#5132 = CARTESIAN_POINT ( 'NONE',  ( -13.11550506870390365, -6.600667129327328020, 52.67188437075034102 ) ) ;
#5133 = ADVANCED_FACE ( 'NONE', ( #5091 ), #1992, .T. ) ;
#5134 = ORIENTED_EDGE ( 'NONE', *, *, #1339, .F. ) ;
#5135 = CIRCLE ( 'NONE', #4567, 2.450000000000000622 ) ;
#5136 = DIRECTION ( 'NONE',  ( 0.000000000000000000, -1.000000000000000000, -5.782411586589354089E-15 ) ) ;
#5137 = CARTESIAN_POINT ( 'NONE',  ( -23.69338478573690665, -35.56547286757830051, 46.61586665186047895 ) ) ;
#5138 = DIRECTION ( 'NONE',  ( -1.404665511781869571E-14, 1.000000000000000000, 5.782411586589354878E-15 ) ) ;
#5139 = DIRECTION ( 'NONE',  ( -0.000000000000000000, 5.782411586589354089E-15, -1.000000000000000000 ) ) ;
#5140 = EDGE_CURVE ( 'NONE', #1833, #4300, #2393, .T. ) ;
#5141 = ORIENTED_EDGE ( 'NONE', *, *, #1575, .F. ) ;
#5142 = CARTESIAN_POINT ( 'NONE',  ( 1.044761548794890693, 14.81889118269626771, 9.554361928880366506 ) ) ;
#5143 = CARTESIAN_POINT ( 'NONE',  ( 1.864362873736574722, -7.214865018680683306, 53.77020269170467515 ) ) ;
#5144 = LINE ( 'NONE', #1168, #4591 ) ;
#5145 = EDGE_CURVE ( 'NONE', #1672, #3287, #5170, .T. ) ;
#5146 = ORIENTED_EDGE ( 'NONE', *, *, #3279, .T. ) ;
#5147 = DIRECTION ( 'NONE',  ( -1.000000000000000000, 0.000000000000000000, 0.000000000000000000 ) ) ;
#5148 = EDGE_CURVE ( 'NONE', #1117, #5301, #4648, .T. ) ;
#5149 = CARTESIAN_POINT ( 'NONE',  ( 0.7835025680542371251, -8.713723507596000672, 8.923548032663131124 ) ) ;
#5150 = ORIENTED_EDGE ( 'NONE', *, *, #1000, .T. ) ;
#5151 = VECTOR ( 'NONE', #1728, 1000.000000000000000 ) ;
#5152 = EDGE_LOOP ( 'NONE', ( #698, #4039, #2322, #426 ) ) ;
#5153 = AXIS2_PLACEMENT_3D ( 'NONE', #3231, #4111, #2328 ) ;
#5154 = FACE_OUTER_BOUND ( 'NONE', #4147, .T. ) ;
#5155 = CARTESIAN_POINT ( 'NONE',  ( 14.78449561181099980, -43.56547286757776050, -27.88413334813953526 ) ) ;
#5156 = EDGE_CURVE ( 'NONE', #4443, #4781, #4205, .T. ) ;
#5157 = EDGE_CURVE ( 'NONE', #4946, #1266, #4904, .T. ) ;
#5158 = DIRECTION ( 'NONE',  ( -1.097100319163247187E-16, 5.782411586589352511E-15, -1.000000000000000000 ) ) ;
#5159 = EDGE_CURVE ( 'NONE', #736, #4507, #5747, .T. ) ;
#5160 = VECTOR ( 'NONE', #4763, 1000.000000000000000 ) ;
#5161 = EDGE_LOOP ( 'NONE', ( #2907, #2256, #1349, #2332 ) ) ;
#5162 = LINE ( 'NONE', #653, #1566 ) ;
#5163 = EDGE_CURVE ( 'NONE', #2629, #4529, #3442, .T. ) ;
#5164 = CARTESIAN_POINT ( 'NONE',  ( -12.21270046836424683, -8.160690245595755954, 8.936643655858000912 ) ) ;
#5165 = APPROVAL_STATUS ( 'not_yet_approved' ) ;
#5166 = DIRECTION ( 'NONE',  ( -1.396452398161330027E-14, 1.000000000000000000, -0.000000000000000000 ) ) ;
#5167 = FACE_OUTER_BOUND ( 'NONE', #170, .T. ) ;
#5168 = VECTOR ( 'NONE', #2417, 1000.000000000000000 ) ;
#5169 = LINE ( 'NONE', #2179, #3618 ) ;
#5170 = CIRCLE ( 'NONE', #1273, 1.050000000000000488 ) ;
#5171 = VECTOR ( 'NONE', #1023, 1000.000000000000000 ) ;
#5172 = ORIENTED_EDGE ( 'NONE', *, *, #2801, .T. ) ;
#5173 = CARTESIAN_POINT ( 'NONE',  ( 1.633196124933083526, -7.741032817430165913, 53.84690437631017801 ) ) ;
#5174 = CARTESIAN_POINT ( 'NONE',  ( -13.42386760130840351, 15.27426051492376935, 52.91178438743977352 ) ) ;
#5175 = DIRECTION ( 'NONE',  ( 1.361838123766456173E-28, -9.813077866773684414E-15, 1.000000000000000000 ) ) ;
#5176 = CARTESIAN_POINT ( 'NONE',  ( -5.686719353181967307, 14.93452713242210450, 31.51586665186062319 ) ) ;
#5177 = ORIENTED_EDGE ( 'NONE', *, *, #4068, .T. ) ;
#5178 = CARTESIAN_POINT ( 'NONE',  ( 0.8844949312956728038, 14.73926569563210798, 10.00672243507457004 ) ) ;
#5179 = CARTESIAN_POINT ( 'NONE',  ( 1.944273403044617154, -6.842535308400729654, 53.74238121340212615 ) ) ;
#5180 = DIRECTION ( 'NONE',  ( -1.402851773444435856E-14, 1.000000000000000000, -7.888609052210116302E-31 ) ) ;
#5181 = ORIENTED_EDGE ( 'NONE', *, *, #3404, .T. ) ;
#5182 = CARTESIAN_POINT ( 'NONE',  ( -13.11550506870390187, 12.43452713242198904, 31.51586664685442685 ) ) ;
#5183 = CYLINDRICAL_SURFACE ( 'NONE', #1866, 1.050000000000001377 ) ;
#5184 = CIRCLE ( 'NONE', #629, 0.2999999999999999334 ) ;
#5185 = ORIENTED_EDGE ( 'NONE', *, *, #2868, .T. ) ;
#5186 = ORIENTED_EDGE ( 'NONE', *, *, #4456, .F. ) ;
#5187 = VECTOR ( 'NONE', #3794, 1000.000000000000000 ) ;
#5188 = PLANE ( 'NONE',  #1883 ) ;
#5189 = CARTESIAN_POINT ( 'NONE',  ( -13.91550506870390436, -98.64468553998270295, 10.35984893471867885 ) ) ;
#5190 = AXIS2_PLACEMENT_3D ( 'NONE', #3194, #88, #4538 ) ;
#5191 = CARTESIAN_POINT ( 'NONE',  ( -15.81551357512612022, -46.56547286757820814, 25.51586665186146519 ) ) ;
#5192 = ORIENTED_EDGE ( 'NONE', *, *, #2770, .T. ) ;
#5193 = EDGE_CURVE ( 'NONE', #4703, #3584, #2361, .T. ) ;
#5194 = LINE ( 'NONE', #1215, #3779 ) ;
#5195 = CC_DESIGN_DATE_AND_TIME_ASSIGNMENT ( #1997, #3813, ( #1267 ) ) ;
#5196 = CARTESIAN_POINT ( 'NONE',  ( -13.59315540527881083, -8.196427970796202445, 9.385542276406651396 ) ) ;
#5197 = PERSON_AND_ORGANIZATION ( #2414, #4586 ) ;
#5198 = DIRECTION ( 'NONE',  ( 1.000000000000000000, 1.396452398161330027E-14, 0.000000000000000000 ) ) ;
#5199 = LINE ( 'NONE', #248, #1478 ) ;
#5200 = LINE ( 'NONE', #4752, #464 ) ;
#5201 = CIRCLE ( 'NONE', #5297, 0.5000000000000004441 ) ;
#5202 = ADVANCED_FACE ( 'NONE', ( #3100 ), #4415, .F. ) ;
#5203 = AXIS2_PLACEMENT_3D ( 'NONE', #1819, #1412, #5332 ) ;
#5204 = ORIENTED_EDGE ( 'NONE', *, *, #3734, .F. ) ;
#5205 = EDGE_CURVE ( 'NONE', #5318, #667, #4958, .T. ) ;
#5206 = CARTESIAN_POINT ( 'NONE',  ( -23.36550506870326060, 15.93452713242186825, 30.14470820415652241 ) ) ;
#5207 = CARTESIAN_POINT ( 'NONE',  ( -13.21647591798334176, 14.78561279028582298, 53.07477945663873697 ) ) ;
#5208 = CARTESIAN_POINT ( 'NONE',  ( -37.18671935318173638, 0.4345271324215083109, 46.61586665186048606 ) ) ;
#5209 = LINE ( 'NONE', #1629, #5464 ) ;
#5210 = ORIENTED_EDGE ( 'NONE', *, *, #5042, .F. ) ;
#5211 = FACE_OUTER_BOUND ( 'NONE', #5059, .T. ) ;
#5212 = CARTESIAN_POINT ( 'NONE',  ( -27.23671935318121839, -38.56547286757835025, -27.88413334813953526 ) ) ;
#5213 = DIRECTION ( 'NONE',  ( 0.000000000000000000, 1.000000000000000000, 8.673617379884030739E-15 ) ) ;
#5214 = ORIENTED_EDGE ( 'NONE', *, *, #5574, .T. ) ;
#5215 = CARTESIAN_POINT ( 'NONE',  ( 3.634494931296743836, 15.43452713242224128, 31.51586664685444106 ) ) ;
#5216 = AXIS2_PLACEMENT_3D ( 'NONE', #4007, #4032, #67 ) ;
#5217 = CARTESIAN_POINT ( 'NONE',  ( 1.944273408281155247, -6.465472867577799043, 9.289352092116722304 ) ) ;
#5218 = EDGE_LOOP ( 'NONE', ( #5701, #1552 ) ) ;
#5219 = CARTESIAN_POINT ( 'NONE',  ( -20.71550438818978179, 12.43452713242195351, 20.11586665186063883 ) ) ;
#5220 = DIRECTION ( 'NONE',  ( -1.396452398161329869E-14, 1.000000000000000000, 0.000000000000000000 ) ) ;
#5221 = DIRECTION ( 'NONE',  ( -1.400789206851271413E-14, 1.000000000000000000, 4.356926556559735285E-30 ) ) ;
#5222 = ORIENTED_EDGE ( 'NONE', *, *, #1036, .T. ) ;
#5223 = EDGE_CURVE ( 'NONE', #5339, #4865, #891, .T. ) ;
#5224 = FACE_OUTER_BOUND ( 'NONE', #3203, .T. ) ;
#5225 = DIRECTION ( 'NONE',  ( 1.000000000000000000, 1.396452398161329869E-14, 8.673617379884035472E-16 ) ) ;
#5226 = PERSON_AND_ORGANIZATION ( #2414, #4586 ) ;
#5227 = DIRECTION ( 'NONE',  ( 1.000000000000000000, 1.387778780781445360E-14, 0.000000000000000000 ) ) ;
#5228 = CARTESIAN_POINT ( 'NONE',  ( 12.38449493129604306, 15.43452713242234609, 35.01586664685444816 ) ) ;
#5229 = AXIS2_PLACEMENT_3D ( 'NONE', #2715, #4463, #1842 ) ;
#5230 = CARTESIAN_POINT ( 'NONE',  ( -11.30682791330380610, -9.265472867577816629, 54.33393799394462320 ) ) ;
#5231 = VECTOR ( 'NONE', #2125, 1000.000000000000000 ) ;
#5232 = VERTEX_POINT ( 'NONE', #5662 ) ;
#5233 = FACE_OUTER_BOUND ( 'NONE', #3125, .T. ) ;
#5234 = CARTESIAN_POINT ( 'NONE',  ( -13.51261004068640048, 15.33355630783819912, 52.93402030978272421 ) ) ;
#5235 = DIRECTION ( 'NONE',  ( 0.000000000000000000, -5.782411586589354089E-15, 1.000000000000000000 ) ) ;
#5236 = ORIENTED_EDGE ( 'NONE', *, *, #4323, .T. ) ;
#5237 = LINE ( 'NONE', #468, #3206 ) ;
#5238 = CARTESIAN_POINT ( 'NONE',  ( 5.384494931297431286, 14.93452713242231056, 23.60991927961703141 ) ) ;
#5239 = LINE ( 'NONE', #823, #3789 ) ;
#5240 = ORIENTED_EDGE ( 'NONE', *, *, #2885, .T. ) ;
#5241 = EDGE_CURVE ( 'NONE', #1081, #377, #3554, .T. ) ;
#5242 = DIRECTION ( 'NONE',  ( -1.396452398161329869E-14, 1.000000000000000000, 0.000000000000000000 ) ) ;
#5243 = DIRECTION ( 'NONE',  ( 1.396452398161329869E-14, -1.000000000000000000, -0.000000000000000000 ) ) ;
#5244 = ORIENTED_EDGE ( 'NONE', *, *, #2154, .T. ) ;
#5245 = VERTEX_POINT ( 'NONE', #4834 ) ;
#5246 = DIRECTION ( 'NONE',  ( 1.404665511781869571E-14, -1.000000000000000000, -5.782411586589354878E-15 ) ) ;
#5247 = CARTESIAN_POINT ( 'NONE',  ( 0.4594134626315402037, -7.705200296996826737, 9.850539354874378262 ) ) ;
#5248 = AXIS2_PLACEMENT_3D ( 'NONE', #3463, #5298, #4824 ) ;
#5249 = ORIENTED_EDGE ( 'NONE', *, *, #3059, .T. ) ;
#5250 = ORIENTED_EDGE ( 'NONE', *, *, #187, .T. ) ;
#5251 = DIRECTION ( 'NONE',  ( 1.400789206851271571E-14, -1.000000000000000000, -5.955883934187037954E-15 ) ) ;
#5252 = PLANE ( 'NONE',  #5131 ) ;
#5253 = DIRECTION ( 'NONE',  ( -1.000000000000000000, -1.404665511781869571E-14, 2.367168085707625232E-30 ) ) ;
#5254 = ADVANCED_FACE ( 'NONE', ( #1770 ), #4328, .F. ) ;
#5255 = AXIS2_PLACEMENT_3D ( 'NONE', #1787, #3979, #161 ) ;
#5256 = CARTESIAN_POINT ( 'NONE',  ( -21.31551357512615397, -45.56547286757826498, 31.51586665186150427 ) ) ;
#5257 = CARTESIAN_POINT ( 'NONE',  ( -13.11550506870390365, 14.63452713242187109, 52.67188436900190851 ) ) ;
#5258 = EDGE_LOOP ( 'NONE', ( #5712, #4341, #1873, #1449 ) ) ;
#5259 = EDGE_LOOP ( 'NONE', ( #4878, #1381, #2833, #5716 ) ) ;
#5260 = CARTESIAN_POINT ( 'NONE',  ( -20.86550506870328903, 17.93452713242188779, 33.14470820415652952 ) ) ;
#5261 = FACE_OUTER_BOUND ( 'NONE', #1517, .T. ) ;
#5262 = AXIS2_PLACEMENT_3D ( 'NONE', #2795, #3181, #583 ) ;
#5263 = EDGE_CURVE ( 'NONE', #4443, #3634, #889, .T. ) ;
#5264 = EDGE_CURVE ( 'NONE', #920, #5702, #1179, .T. ) ;
#5265 = EDGE_CURVE ( 'NONE', #2207, #3154, #329, .T. ) ;
#5266 = VERTEX_POINT ( 'NONE', #3013 ) ;
#5267 = DIRECTION ( 'NONE',  ( 8.366024754528249718E-29, -5.955883934187037954E-15, 1.000000000000000000 ) ) ;
#5268 = DIRECTION ( 'NONE',  ( 1.000000000000000000, 1.401718565583457942E-14, -7.164919495203369567E-31 ) ) ;
#5269 = DIRECTION ( 'NONE',  ( -1.404665511781869571E-14, 1.000000000000000000, 5.782411586589354089E-15 ) ) ;
#5270 = ORIENTED_EDGE ( 'NONE', *, *, #2885, .F. ) ;
#5271 = FACE_OUTER_BOUND ( 'NONE', #310, .T. ) ;
#5272 = DIRECTION ( 'NONE',  ( -1.000000000000000000, -1.387778780781444413E-14, 0.000000000000000000 ) ) ;
#5273 = VERTEX_POINT ( 'NONE', #4771 ) ;
#5274 = ORIENTED_EDGE ( 'NONE', *, *, #2279, .T. ) ;
#5275 = EDGE_CURVE ( 'NONE', #886, #3621, #805, .T. ) ;
#5276 = FACE_OUTER_BOUND ( 'NONE', #3558, .T. ) ;
#5277 = CARTESIAN_POINT ( 'NONE',  ( 0.6081784497062486805, -7.488315772406786586, 9.916781023354253932 ) ) ;
#5278 = AXIS2_PLACEMENT_3D ( 'NONE', #2982, #5714, #3468 ) ;
#5279 = AXIS2_PLACEMENT_3D ( 'NONE', #2580, #2232, #3903 ) ;
#5280 = VERTEX_POINT ( 'NONE', #5691 ) ;
#5281 = ORIENTED_EDGE ( 'NONE', *, *, #436, .F. ) ;
#5282 = AXIS2_PLACEMENT_3D ( 'NONE', #3395, #2560, #2128 ) ;
#5283 = EDGE_LOOP ( 'NONE', ( #4383, #4827, #2820, #4912 ) ) ;
#5284 = VECTOR ( 'NONE', #1690, 1000.000000000000000 ) ;
#5285 = VECTOR ( 'NONE', #2338, 1000.000000000000000 ) ;
#5286 = DIRECTION ( 'NONE',  ( -1.000000000000000000, -1.387778780781444413E-14, 0.000000000000000000 ) ) ;
#5287 = DIRECTION ( 'NONE',  ( -1.000000000000000000, 0.000000000000000000, -5.012361748854192143E-12 ) ) ;
#5288 = CARTESIAN_POINT ( 'NONE',  ( -32.68671935318121768, -38.56547286757842841, -27.88413334813953526 ) ) ;
#5289 = AXIS2_PLACEMENT_3D ( 'NONE', #4657, #278, #3729 ) ;
#5290 = CARTESIAN_POINT ( 'NONE',  ( -13.91550506870125226, 14.93452713242186825, 53.47188436900191277 ) ) ;
#5291 = VERTEX_POINT ( 'NONE', #1710 ) ;
#5292 = ORIENTED_EDGE ( 'NONE', *, *, #2571, .T. ) ;
#5293 = CARTESIAN_POINT ( 'NONE',  ( 11.48712623399637955, -5.065930435712653335, 35.01586664685433448 ) ) ;
#5294 = CARTESIAN_POINT ( 'NONE',  ( -13.11550506870403332, 12.43452713242216134, 20.11586664184827455 ) ) ;
#5295 = ADVANCED_FACE ( 'NONE', ( #3041 ), #4803, .F. ) ;
#5296 = ORIENTED_EDGE ( 'NONE', *, *, #113, .T. ) ;
#5297 = AXIS2_PLACEMENT_3D ( 'NONE', #4984, #903, #4430 ) ;
#5298 = DIRECTION ( 'NONE',  ( -8.096357281091939700E-29, 5.782411586589354089E-15, -1.000000000000000000 ) ) ;
#5299 = CARTESIAN_POINT ( 'NONE',  ( 0.8844949312964873744, -6.465472867577807925, 54.10623321659983986 ) ) ;
#5300 = CARTESIAN_POINT ( 'NONE',  ( 1.684494931296462550, 14.93452713242234076, 9.745999396278337557 ) ) ;
#5301 = VERTEX_POINT ( 'NONE', #393 ) ;
#5302 = CARTESIAN_POINT ( 'NONE',  ( -4.962819671306426095, 15.43452713242212226, 31.51586664685444816 ) ) ;
#5303 = EDGE_CURVE ( 'NONE', #5078, #858, #4113, .T. ) ;
#5304 = CARTESIAN_POINT ( 'NONE',  ( 16.28449561181106731, -47.56547286757774629, 90.91586665186036953 ) ) ;
#5305 = EDGE_LOOP ( 'NONE', ( #1156, #2683 ) ) ;
#5306 = FACE_OUTER_BOUND ( 'NONE', #5030, .T. ) ;
#5307 = CARTESIAN_POINT ( 'NONE',  ( -21.26195167811004438, 18.83097374182862183, 33.14470820415652952 ) ) ;
#5308 = AXIS2_PLACEMENT_3D ( 'NONE', #5020, #1071, #5495 ) ;
#5309 = EDGE_CURVE ( 'NONE', #5751, #531, #3611, .T. ) ;
#5310 = ORIENTED_EDGE ( 'NONE', *, *, #4288, .T. ) ;
#5311 = ORIENTED_EDGE ( 'NONE', *, *, #5499, .F. ) ;
#5312 = FACE_OUTER_BOUND ( 'NONE', #2408, .T. ) ;
#5313 = EDGE_CURVE ( 'NONE', #3621, #2484, #3662, .T. ) ;
#5314 = DIRECTION ( 'NONE',  ( 1.000000000000000000, 1.387778780781444256E-14, 9.629649721936161329E-29 ) ) ;
#5315 = DIRECTION ( 'NONE',  ( -1.387778780781444413E-14, 1.000000000000000000, 0.000000000000000000 ) ) ;
#5316 = ORIENTED_EDGE ( 'NONE', *, *, #3955, .T. ) ;
#5317 = ADVANCED_FACE ( 'NONE', ( #4945 ), #2355, .F. ) ;
#5318 = VERTEX_POINT ( 'NONE', #967 ) ;
#5319 = CARTESIAN_POINT ( 'NONE',  ( -5.686719353181973524, 15.43452713242211161, 31.51586665186062319 ) ) ;
#5320 = VECTOR ( 'NONE', #4297, 1000.000000000000000 ) ;
#5321 = VECTOR ( 'NONE', #5235, 1000.000000000000000 ) ;
#5322 = DIRECTION ( 'NONE',  ( 0.7071067811865339170, 0.7071067811865612285, 3.271025955591220249E-15 ) ) ;
#5323 = VECTOR ( 'NONE', #44, 1000.000000000000000 ) ;
#5324 = VERTEX_POINT ( 'NONE', #1905 ) ;
#5325 = CARTESIAN_POINT ( 'NONE',  ( 13.83449561181101117, -43.56547286757777471, 90.91586665186036953 ) ) ;
#5326 = DIRECTION ( 'NONE',  ( 1.000000000000000000, 1.387778780781453880E-14, 0.000000000000000000 ) ) ;
#5327 = FACE_OUTER_BOUND ( 'NONE', #3345, .T. ) ;
#5328 = VERTEX_POINT ( 'NONE', #1384 ) ;
#5329 = CARTESIAN_POINT ( 'NONE',  ( 5.390477902360770734, 15.19637826028679228, 39.47635884839400688 ) ) ;
#5330 = EDGE_CURVE ( 'NONE', #5395, #5008, #1355, .T. ) ;
#5331 = DIRECTION ( 'NONE',  ( 1.000000000000000000, 1.387778780781445360E-14, 0.000000000000000000 ) ) ;
#5332 = DIRECTION ( 'NONE',  ( 1.000000000000000000, 1.387778780781445518E-14, 0.000000000000000000 ) ) ;
#5333 = VERTEX_POINT ( 'NONE', #3636 ) ;
#5334 = CARTESIAN_POINT ( 'NONE',  ( 0.8844949312964900390, 12.43452713242218444, 31.51586664685442685 ) ) ;
#5335 = CARTESIAN_POINT ( 'NONE',  ( -0.9844019736971604262, -8.465472867577805260, 9.318628470347382731 ) ) ;
#5336 = ADVANCED_FACE ( 'NONE', ( #1932 ), #5448, .F. ) ;
#5337 = VECTOR ( 'NONE', #4077, 1000.000000000000000 ) ;
#5338 = EDGE_LOOP ( 'NONE', ( #184, #1113, #5240, #5736 ) ) ;
#5339 = VERTEX_POINT ( 'NONE', #3123 ) ;
#5340 = EDGE_CURVE ( 'NONE', #3224, #3584, #1358, .T. ) ;
#5341 = ADVANCED_FACE ( 'NONE', ( #1876 ), #1442, .T. ) ;
#5342 = CARTESIAN_POINT ( 'NONE',  ( 1.884494931296122777, 12.43452713242225016, 23.60991927961702075 ) ) ;
#5343 = CARTESIAN_POINT ( 'NONE',  ( -23.69338478573759232, 0.4345271324217025999, 16.41586665186051874 ) ) ;
#5344 = PLANE ( 'NONE',  #2402 ) ;
#5345 = EDGE_CURVE ( 'NONE', #3990, #3933, #5399, .T. ) ;
#5346 = ORIENTED_EDGE ( 'NONE', *, *, #727, .F. ) ;
#5347 = EDGE_CURVE ( 'NONE', #2640, #5421, #2299, .T. ) ;
#5348 = VERTEX_POINT ( 'NONE', #4921 ) ;
#5349 = TOROIDAL_SURFACE ( 'NONE', #2659, 1.800000000000000044, 0.8000000000000000444 ) ;
#5350 = APPROVAL_PERSON_ORGANIZATION ( #3876, #1571, #1152 ) ;
#5351 = DIRECTION ( 'NONE',  ( -1.396452398161329869E-14, 1.000000000000000000, -0.000000000000000000 ) ) ;
#5352 = CARTESIAN_POINT ( 'NONE',  ( -3.815513575126587398, -15.86547249352488187, 37.51586665186152203 ) ) ;
#5353 = ORIENTED_EDGE ( 'NONE', *, *, #2214, .F. ) ;
#5354 = CYLINDRICAL_SURFACE ( 'NONE', #423, 0.8000000000000003775 ) ;
#5355 = CARTESIAN_POINT ( 'NONE',  ( -11.11550506870390365, -9.265472867577811300, 9.474580717166437793 ) ) ;
#5356 = FACE_OUTER_BOUND ( 'NONE', #3217, .T. ) ;
#5357 = ORIENTED_EDGE ( 'NONE', *, *, #5265, .F. ) ;
#5358 = DIRECTION ( 'NONE',  ( 0.000000000000000000, 5.637851296924618324E-15, -1.000000000000000000 ) ) ;
#5359 = CARTESIAN_POINT ( 'NONE',  ( 1.944273403746759943, -6.653630491272916281, 9.289352090559935604 ) ) ;
#5360 = DIRECTION ( 'NONE',  ( 1.000000000000000000, 1.387778780781441100E-14, 0.000000000000000000 ) ) ;
#5361 = VECTOR ( 'NONE', #704, 1000.000000000000000 ) ;
#5362 = ORIENTED_EDGE ( 'NONE', *, *, #1858, .F. ) ;
#5363 = DIRECTION ( 'NONE',  ( 1.396452398161329869E-14, -1.000000000000000000, 0.000000000000000000 ) ) ;
#5364 = LINE ( 'NONE', #992, #3671 ) ;
#5365 = DIRECTION ( 'NONE',  ( 1.000000000000000000, 1.321694076934710047E-14, 0.000000000000000000 ) ) ;
#5366 = VERTEX_POINT ( 'NONE', #102 ) ;
#5367 = EDGE_LOOP ( 'NONE', ( #2448, #4558, #971, #2719, #5459, #1294, #5484, #5296, #2140, #1874, #3438 ) ) ;
#5368 = CIRCLE ( 'NONE', #346, 1.500000000000004885 ) ;
#5369 = CARTESIAN_POINT ( 'NONE',  ( 1.684494931294392872, 15.43452713242208318, 53.28573390744289640 ) ) ;
#5370 = DIRECTION ( 'NONE',  ( -1.097100319163247187E-16, 5.782411586589352511E-15, -1.000000000000000000 ) ) ;
#5371 = TOROIDAL_SURFACE ( 'NONE', #2853, 8.597314602603169931, 0.5000000000000000000 ) ;
#5372 = EDGE_CURVE ( 'NONE', #1301, #883, #5364, .T. ) ;
#5373 = EDGE_CURVE ( 'NONE', #495, #807, #227, .T. ) ;
#5374 = EDGE_LOOP ( 'NONE', ( #4852, #2023, #4502, #4142 ) ) ;
#5375 = ADVANCED_FACE ( 'NONE', ( #4526 ), #2721, .F. ) ;
#5376 = CIRCLE ( 'NONE', #4607, 13.50000000000000178 ) ;
#5377 = ORIENTED_EDGE ( 'NONE', *, *, #1930, .T. ) ;
#5378 = LINE ( 'NONE', #2313, #3237 ) ;
#5379 = VECTOR ( 'NONE', #5138, 1000.000000000000000 ) ;
#5380 = DIRECTION ( 'NONE',  ( -8.176962869719229832E-29, 5.782411586589354089E-15, -1.000000000000000000 ) ) ;
#5381 = AXIS2_PLACEMENT_3D ( 'NONE', #2865, #626, #2401 ) ;
#5382 = EDGE_CURVE ( 'NONE', #5496, #3531, #5721, .T. ) ;
#5383 = CARTESIAN_POINT ( 'NONE',  ( 5.384494931297442832, 14.93452713242222174, 39.42181401409185781 ) ) ;
#5384 = B_SPLINE_CURVE_WITH_KNOTS ( 'NONE', 3,
 ( #1050, #152, #2824, #128, #3714, #3310, #4170, #4451, #203, #1075, #4086, #1521, #4553, #670, #2014, #584 ),
 .UNSPECIFIED., .F., .F.,
 ( 4, 2, 2, 2, 2, 2, 2, 4 ),
 ( 1.734723475976807094E-18, 0.0004082736263768143073, 0.0008165472527536268800, 0.001224820879130439398, 0.001633094505507252025, 0.002041368131884064435, 0.002449641758260877062, 0.003266189011014502316 ),
 .UNSPECIFIED. ) ;
#5385 = LINE ( 'NONE', #4023, #3259 ) ;
#5386 = DIRECTION ( 'NONE',  ( 1.000000000000000000, 0.000000000000000000, 0.000000000000000000 ) ) ;
#5387 = DIRECTION ( 'NONE',  ( -1.404665511781869729E-14, 1.000000000000000000, 5.782411586589354089E-15 ) ) ;
#5388 = CARTESIAN_POINT ( 'NONE',  ( 9.425500384958116484, -15.86547249352469890, 4.724401759337341319E-11 ) ) ;
#5389 = ORIENTED_EDGE ( 'NONE', *, *, #420, .T. ) ;
#5390 = DIRECTION ( 'NONE',  ( -0.7071067811865336949, -0.7071067811865614505, -4.906538933386820908E-15 ) ) ;
#5391 = CARTESIAN_POINT ( 'NONE',  ( 0.5856512068369111867, -7.541324717332936522, 8.854600122875913470 ) ) ;
#5392 = DIRECTION ( 'NONE',  ( 1.000000000000000000, 1.387778780781445991E-14, 0.000000000000000000 ) ) ;
#5393 = AXIS2_PLACEMENT_3D ( 'NONE', #740, #5180, #2946 ) ;
#5394 = AXIS2_PLACEMENT_3D ( 'NONE', #1692, #3817, #4366 ) ;
#5395 = VERTEX_POINT ( 'NONE', #1020 ) ;
#5396 = CIRCLE ( 'NONE', #4349, 8.597314602603171707 ) ;
#5397 = EDGE_LOOP ( 'NONE', ( #4839, #3894 ) ) ;
#5398 = CARTESIAN_POINT ( 'NONE',  ( -28.68671935318196731, 14.93452713242178120, 31.51586665186062319 ) ) ;
#5399 = LINE ( 'NONE', #1416, #2460 ) ;
#5400 = CARTESIAN_POINT ( 'NONE',  ( 26.28449561181089678, -35.56547286757760418, -37.88413334813954236 ) ) ;
#5401 = VERTEX_POINT ( 'NONE', #478 ) ;
#5402 = VERTEX_POINT ( 'NONE', #2275 ) ;
#5403 = CARTESIAN_POINT ( 'NONE',  ( 0.8844949312957054444, 14.73926569563198541, 53.02501086864654667 ) ) ;
#5404 = DIRECTION ( 'NONE',  ( 1.000000000000000000, 0.000000000000000000, 3.035766082959411784E-14 ) ) ;
#5405 = EDGE_CURVE ( 'NONE', #3933, #5273, #4217, .T. ) ;
#5406 = AXIS2_PLACEMENT_3D ( 'NONE', #988, #2693, #4441 ) ;
#5407 = ORIENTED_EDGE ( 'NONE', *, *, #1111, .F. ) ;
#5408 = ORIENTED_EDGE ( 'NONE', *, *, #752, .T. ) ;
#5409 = CARTESIAN_POINT ( 'NONE',  ( -13.18518570472783935, -8.605780488358286462, 9.243833310750860122 ) ) ;
#5410 = DIRECTION ( 'NONE',  ( -1.396452398161329869E-14, 1.000000000000000000, -0.000000000000000000 ) ) ;
#5411 = DIRECTION ( 'NONE',  ( 1.396452398161329869E-14, -1.000000000000000000, 0.000000000000000000 ) ) ;
#5412 = CIRCLE ( 'NONE', #1602, 0.5000000000000004441 ) ;
#5413 = EDGE_CURVE ( 'NONE', #4479, #69, #4973, .T. ) ;
#5414 = LINE ( 'NONE', #4988, #1999 ) ;
#5415 = CARTESIAN_POINT ( 'NONE',  ( -13.45635708295331945, -8.352679717532160097, 53.69475392398321389 ) ) ;
#5416 = EDGE_CURVE ( 'NONE', #3837, #3607, #2470, .T. ) ;
#5417 = ORIENTED_EDGE ( 'NONE', *, *, #1930, .F. ) ;
#5418 = CARTESIAN_POINT ( 'NONE',  ( -0.1965410753315870451, -9.192092192198813905, 8.663399237397429786 ) ) ;
#5419 = CARTESIAN_POINT ( 'NONE',  ( -14.76551357512654938, -15.86547249352503819, 25.51586665186146519 ) ) ;
#5420 = AXIS2_PLACEMENT_3D ( 'NONE', #4525, #1073, #4578 ) ;
#5421 = VERTEX_POINT ( 'NONE', #231 ) ;
#5422 = ORIENTED_EDGE ( 'NONE', *, *, #5005, .F. ) ;
#5423 = ADVANCED_FACE ( 'NONE', ( #5584 ), #5554, .F. ) ;
#5424 = CYLINDRICAL_SURFACE ( 'NONE', #5753, 1.050000000000002265 ) ;
#5425 = DIRECTION ( 'NONE',  ( 1.404665511781869571E-14, -1.000000000000000000, -5.782411586589354089E-15 ) ) ;
#5426 = AXIS2_PLACEMENT_3D ( 'NONE', #3507, #2581, #4810 ) ;
#5427 = DIRECTION ( 'NONE',  ( 5.012361748854192143E-12, 6.999524584639553957E-26, -1.000000000000000000 ) ) ;
#5428 = ORIENTED_EDGE ( 'NONE', *, *, #2555, .F. ) ;
#5429 = ORIENTED_EDGE ( 'NONE', *, *, #1937, .T. ) ;
#5430 = AXIS2_PLACEMENT_3D ( 'NONE', #2158, #5175, #877 ) ;
#5431 = CARTESIAN_POINT ( 'NONE',  ( 12.42550038485755870, -18.86547249352465627, 20.11586665186050027 ) ) ;
#5432 = VERTEX_POINT ( 'NONE', #1074 ) ;
#5433 = EDGE_LOOP ( 'NONE', ( #792, #156, #3745, #1668 ) ) ;
#5434 = CARTESIAN_POINT ( 'NONE',  ( -12.72499788143365507, -8.914033739118478294, 9.094016445727937992 ) ) ;
#5435 = DIRECTION ( 'NONE',  ( 1.000000000000000000, 1.387778780781445676E-14, -1.771632486103973270E-15 ) ) ;
#5436 = CYLINDRICAL_SURFACE ( 'NONE', #1604, 0.4999999999999982236 ) ;
#5437 = CIRCLE ( 'NONE', #2929, 3.000000000000002665 ) ;
#5438 = LINE ( 'NONE', #2760, #4201 ) ;
#5439 = DIRECTION ( 'NONE',  ( 1.000000000000000000, 1.321694076934709574E-14, 0.000000000000000000 ) ) ;
#5440 = VERTEX_POINT ( 'NONE', #5110 ) ;
#5441 = CIRCLE ( 'NONE', #232, 0.7999999999999978240 ) ;
#5442 = CIRCLE ( 'NONE', #4116, 23.00000000000000000 ) ;
#5443 = CARTESIAN_POINT ( 'NONE',  ( 0.7790484285383773022, -7.119755975022434846, 9.995748979785233246 ) ) ;
#5444 = DIRECTION ( 'NONE',  ( -1.000000000000000000, -1.387778780781444413E-14, 0.000000000000000000 ) ) ;
#5445 = ORIENTED_EDGE ( 'NONE', *, *, #4433, .T. ) ;
#5446 = ORIENTED_EDGE ( 'NONE', *, *, #288, .F. ) ;
#5447 = DIRECTION ( 'NONE',  ( -1.000000000000000000, -1.396452398161329869E-14, 0.000000000000000000 ) ) ;
#5448 = CYLINDRICAL_SURFACE ( 'NONE', #3216, 11.50000000000000178 ) ;
#5449 = DIRECTION ( 'NONE',  ( -1.404665511781869571E-14, 1.000000000000000000, 5.782411586589354089E-15 ) ) ;
#5450 = DIRECTION ( 'NONE',  ( 0.000000000000000000, -1.000000000000000000, -5.782411586589354089E-15 ) ) ;
#5451 = EDGE_CURVE ( 'NONE', #4449, #2199, #3767, .T. ) ;
#5452 = VECTOR ( 'NONE', #1133, 1000.000000000000000 ) ;
#5453 = TOROIDAL_SURFACE ( 'NONE', #904, 1.000000000000000000, 0.5000000000000000000 ) ;
#5454 = ORIENTED_EDGE ( 'NONE', *, *, #898, .F. ) ;
#5455 = ORIENTED_EDGE ( 'NONE', *, *, #5608, .T. ) ;
#5456 = CARTESIAN_POINT ( 'NONE',  ( -13.91550506870391324, 15.43452713242187180, 52.97188436900191277 ) ) ;
#5457 = ORIENTED_EDGE ( 'NONE', *, *, #129, .F. ) ;
#5458 = AXIS2_PLACEMENT_3D ( 'NONE', #196, #1867, #634 ) ;
#5459 = ORIENTED_EDGE ( 'NONE', *, *, #5140, .T. ) ;
#5460 = DIRECTION ( 'NONE',  ( 0.7071067811865580088, -0.7071067811865372477, 0.000000000000000000 ) ) ;
#5461 = CARTESIAN_POINT ( 'NONE',  ( -0.1279799141748290126, -8.209383781670034352, 53.42173755075730668 ) ) ;
#5462 = CARTESIAN_POINT ( 'NONE',  ( -12.06167846759118056, -9.192729392544530143, 54.13752404743241442 ) ) ;
#5463 = CIRCLE ( 'NONE', #5075, 23.50000000000000000 ) ;
#5464 = VECTOR ( 'NONE', #695, 1000.000000000000000 ) ;
#5465 = AXIS2_PLACEMENT_3D ( 'NONE', #162, #1834, #112 ) ;
#5466 = LINE ( 'NONE', #4959, #2830 ) ;
#5467 = FACE_OUTER_BOUND ( 'NONE', #3927, .T. ) ;
#5468 = ORIENTED_EDGE ( 'NONE', *, *, #411, .T. ) ;
#5469 = CARTESIAN_POINT ( 'NONE',  ( -13.13632696740775607, 14.71305153397726961, 10.15045053057261448 ) ) ;
#5470 = CARTESIAN_POINT ( 'NONE',  ( 0.8844949312956894572, 14.81026306371039780, 9.577370246176785784 ) ) ;
#5471 = AXIS2_PLACEMENT_3D ( 'NONE', #1205, #2444, #1608 ) ;
#5472 = ORIENTED_EDGE ( 'NONE', *, *, #5313, .T. ) ;
#5473 = EDGE_LOOP ( 'NONE', ( #5150, #4942, #2019, #3254 ) ) ;
#5474 = DIRECTION ( 'NONE',  ( 1.301042606982604690E-14, -1.000000000000000000, 0.000000000000000000 ) ) ;
#5475 = CARTESIAN_POINT ( 'NONE',  ( 1.215716188550313825, -8.330635965952890132, 53.97974800848111698 ) ) ;
#5476 = DIRECTION ( 'NONE',  ( 1.396452398161329869E-14, -1.000000000000000000, 0.000000000000000000 ) ) ;
#5477 = EDGE_CURVE ( 'NONE', #5008, #2423, #1577, .T. ) ;
#5478 = CARTESIAN_POINT ( 'NONE',  ( 11.48712623399609889, 14.93452713242233365, 35.01586664685444816 ) ) ;
#5479 = AXIS2_PLACEMENT_3D ( 'NONE', #2121, #871, #3081 ) ;
#5480 = VERTEX_POINT ( 'NONE', #2441 ) ;
#5481 = VERTEX_POINT ( 'NONE', #1165 ) ;
#5482 = DIRECTION ( 'NONE',  ( 1.396452398161329869E-14, -1.000000000000000000, 0.000000000000000000 ) ) ;
#5483 = ADVANCED_FACE ( 'NONE', ( #5082 ), #5559, .T. ) ;
#5484 = ORIENTED_EDGE ( 'NONE', *, *, #5163, .T. ) ;
#5485 = EDGE_LOOP ( 'NONE', ( #68, #5590, #1938, #5454 ) ) ;
#5486 = CARTESIAN_POINT ( 'NONE',  ( 14.78449561181101402, -43.56547286757776050, 90.91586665186036953 ) ) ;
#5487 = CARTESIAN_POINT ( 'NONE',  ( 12.38449493129604306, 15.43452713242241181, 23.61316553479781177 ) ) ;
#5488 = PLANE ( 'NONE',  #5381 ) ;
#5489 = VECTOR ( 'NONE', #3176, 1000.000000000000000 ) ;
#5490 = DIRECTION ( 'NONE',  ( -1.387778780781444413E-14, 1.000000000000000000, 0.000000000000000000 ) ) ;
#5491 = CARTESIAN_POINT ( 'NONE',  ( -16.86551357512656324, -17.56547286757820103, 37.51586665186149361 ) ) ;
#5492 = PLANE ( 'NONE',  #5458 ) ;
#5493 = VERTEX_POINT ( 'NONE', #851 ) ;
#5494 = CARTESIAN_POINT ( 'NONE',  ( -13.35653734301607720, 15.24791018883565386, 9.746465878306759478 ) ) ;
#5495 = DIRECTION ( 'NONE',  ( 1.387778780781444413E-14, -1.000000000000000000, 0.000000000000000000 ) ) ;
#5496 = VERTEX_POINT ( 'NONE', #4792 ) ;
#5497 = DIRECTION ( 'NONE',  ( -0.7071067811865614505, 0.7071067811865336949, 0.000000000000000000 ) ) ;
#5498 = CARTESIAN_POINT ( 'NONE',  ( -1.115505068703501967, -8.465472867577808813, 53.75083910440431367 ) ) ;
#5499 = EDGE_CURVE ( 'NONE', #4731, #3827, #2671, .T. ) ;
#5500 = CARTESIAN_POINT ( 'NONE',  ( 11.48712623399614152, 12.43452713242235319, 28.01586664685443040 ) ) ;
#5501 = ORIENTED_EDGE ( 'NONE', *, *, #5115, .T. ) ;
#5502 = LINE ( 'NONE', #5057, #1206 ) ;
#5503 = DIRECTION ( 'NONE',  ( 8.024708101613470763E-29, -5.782411586589354089E-15, 1.000000000000000000 ) ) ;
#5504 = ORIENTED_EDGE ( 'NONE', *, *, #5010, .F. ) ;
#5505 = ORIENTED_EDGE ( 'NONE', *, *, #113, .F. ) ;
#5506 = CARTESIAN_POINT ( 'NONE',  ( -37.18671935318123190, -35.56547286757849236, 17.41586665186047966 ) ) ;
#5507 = EDGE_LOOP ( 'NONE', ( #99, #5749, #1584, #23 ) ) ;
#5508 = EDGE_CURVE ( 'NONE', #531, #2236, #3485, .T. ) ;
#5509 = EDGE_CURVE ( 'NONE', #1364, #3160, #4203, .T. ) ;
#5510 = CARTESIAN_POINT ( 'NONE',  ( 13.83449561181094012, -38.56547286757777471, 90.91586665186036953 ) ) ;
#5511 = CARTESIAN_POINT ( 'NONE',  ( -12.10640883585734962, -8.207515463289643876, 9.862771382213589177 ) ) ;
#5512 = CARTESIAN_POINT ( 'NONE',  ( 16.28449561181120941, -57.56547286757774629, 90.91586665186036953 ) ) ;
#5513 = CARTESIAN_POINT ( 'NONE',  ( -11.99319978536918185, -8.267189189431654484, 53.21833477166482851 ) ) ;
#5514 = EDGE_CURVE ( 'NONE', #4045, #5333, #3920, .T. ) ;
#5515 = CARTESIAN_POINT ( 'NONE',  ( -0.7668817932853801977, -9.265472867577809524, 54.49589819268808810 ) ) ;
#5516 = CARTESIAN_POINT ( 'NONE',  ( -37.18671935318174349, 0.4345271324215083109, 38.61586665186047895 ) ) ;
#5517 = VERTEX_POINT ( 'NONE', #2978 ) ;
#5518 = CARTESIAN_POINT ( 'NONE',  ( 17.78449561181105665, -47.56547286757771786, -27.88413334813953526 ) ) ;
#5519 = CARTESIAN_POINT ( 'NONE',  ( -12.11550506870390187, 14.63452713242208780, 20.11586664184828877 ) ) ;
#5520 = VECTOR ( 'NONE', #3889, 1000.000000000000000 ) ;
#5521 = ADVANCED_FACE ( 'NONE', ( #5710, #1729 ), #3830, .T. ) ;
#5522 =( BOUNDED_CURVE ( )  B_SPLINE_CURVE ( 3, ( #60, #3598, #1837, #1404 ),
 .UNSPECIFIED., .F., .T. ) 
 B_SPLINE_CURVE_WITH_KNOTS ( ( 4, 4 ),
 ( 0.000000000000000000, 1.570796326794882569 ),
 .UNSPECIFIED. ) 
 CURVE ( )  GEOMETRIC_REPRESENTATION_ITEM ( )  RATIONAL_B_SPLINE_CURVE ( ( 1.000000000000000000, 0.8047378541243681571, 0.8047378541243681571, 1.000000000000000000 ) ) 
 REPRESENTATION_ITEM ( '' )  );
#5523 = ORIENTED_EDGE ( 'NONE', *, *, #5303, .F. ) ;
#5524 = CARTESIAN_POINT ( 'NONE',  ( 1.579756412860649162, 15.43452713242206364, 9.745999396642043067 ) ) ;
#5525 = CARTESIAN_POINT ( 'NONE',  ( 0.3818125941275073987, -7.797732223248164729, 53.21502013324548130 ) ) ;
#5526 = LOCAL_TIME ( 16, 56, 49.00000000000000000, #3846 ) ;
#5527 = DIRECTION ( 'NONE',  ( 0.000000000000000000, -1.000000000000000000, -5.782411586589343045E-15 ) ) ;
#5528 = ORIENTED_EDGE ( 'NONE', *, *, #1302, .F. ) ;
#5529 = LINE ( 'NONE', #537, #4431 ) ;
#5530 = CYLINDRICAL_SURFACE ( 'NONE', #182, 23.50000000000000000 ) ;
#5531 = ORIENTED_EDGE ( 'NONE', *, *, #5108, .T. ) ;
#5532 = ORIENTED_EDGE ( 'NONE', *, *, #3414, .F. ) ;
#5533 = CARTESIAN_POINT ( 'NONE',  ( -13.44687591860317966, 15.43452713242187713, 52.97188436900190567 ) ) ;
#5534 = ORIENTED_EDGE ( 'NONE', *, *, #3137, .F. ) ;
#5535 = ADVANCED_FACE ( 'NONE', ( #2133 ), #4854, .F. ) ;
#5536 = CARTESIAN_POINT ( 'NONE',  ( -1.889868300770927012E-13, 15.43452713242237273, 8.331025182461971705E-14 ) ) ;
#5537 = FACE_OUTER_BOUND ( 'NONE', #1439, .T. ) ;
#5538 = DIRECTION ( 'NONE',  ( 0.000000000000000000, 0.000000000000000000, 1.000000000000000000 ) ) ;
#5539 = CYLINDRICAL_SURFACE ( 'NONE', #5752, 1.500000000000001332 ) ;
#5540 = EDGE_CURVE ( 'NONE', #4369, #4572, #5442, .T. ) ;
#5541 = EDGE_CURVE ( 'NONE', #2742, #5493, #2626, .T. ) ;
#5542 = CARTESIAN_POINT ( 'NONE',  ( 26.28449561181217931, -127.2964486156966899, -37.88413334813954236 ) ) ;
#5543 = CARTESIAN_POINT ( 'NONE',  ( -13.47288332848107295, -8.334987435433973246, 53.68895150994907794 ) ) ;
#5544 = CIRCLE ( 'NONE', #3049, 3.000000000000002665 ) ;
#5545 = CARTESIAN_POINT ( 'NONE',  ( -0.9544050058144049054, -9.265472867577818405, 54.53445046837061483 ) ) ;
#5546 = DIRECTION ( 'NONE',  ( -1.000000000000000000, -1.416100796715760607E-14, 0.000000000000000000 ) ) ;
#5547 = AXIS2_PLACEMENT_3D ( 'NONE', #4978, #3241, #5033 ) ;
#5548 = CARTESIAN_POINT ( 'NONE',  ( -13.11550506870390365, -6.465472867577810590, 42.91586665186049743 ) ) ;
#5549 = CARTESIAN_POINT ( 'NONE',  ( -32.68671935317997423, -127.2964486156975283, -27.88413334813953526 ) ) ;
#5550 = CIRCLE ( 'NONE', #2491, 23.00000000000000000 ) ;
#5551 = ORIENTED_EDGE ( 'NONE', *, *, #801, .T. ) ;
#5552 = AXIS2_PLACEMENT_3D ( 'NONE', #4124, #4155, #1915 ) ;
#5553 = CARTESIAN_POINT ( 'NONE',  ( 1.878511960232659872, 15.19637826028683136, 23.55537444531490721 ) ) ;
#5554 = PLANE ( 'NONE',  #2202 ) ;
#5555 = FACE_OUTER_BOUND ( 'NONE', #2792, .T. ) ;
#5556 = ORIENTED_EDGE ( 'NONE', *, *, #4964, .T. ) ;
#5557 = DIRECTION ( 'NONE',  ( -1.000000000000000000, -1.413947154500601891E-14, 0.000000000000000000 ) ) ;
#5558 = CARTESIAN_POINT ( 'NONE',  ( -12.11550506870390187, -8.465472867577979343, 43.91586665186046901 ) ) ;
#5559 =( BOUNDED_SURFACE ( )  B_SPLINE_SURFACE ( 3, 2, ( 
 ( #3367, #2416, #5498 ),
 ( #1984, #2043, #2507 ),
 ( #3256, #4195, #4579 ),
 ( #2847, #290, #3338 ),
 ( #1102, #3798, #1049 ),
 ( #4668, #700, #1961 ),
 ( #2473, #3713, #2384 ),
 ( #1520, #2944, #4609 ),
 ( #5024, #263, #2823 ),
 ( #5475, #4140, #5525 ),
 ( #176, #4701, #642 ),
 ( #1494, #3282, #2880 ),
 ( #1605, #5052, #1546 ),
 ( #5143, #1202, #821 ),
 ( #5179, #5682, #385 ),
 ( #3400, #5299, #1258 ) ),
 .UNSPECIFIED., .F., .F., .F. ) 
 B_SPLINE_SURFACE_WITH_KNOTS ( ( 4, 2, 2, 2, 2, 2, 2, 4 ),
 ( 3, 3 ),
 ( -2.168404344971008868E-19, 0.0005562616995467031767, 0.001112523399093406570, 0.001668785098640109855, 0.002225046798186813141, 0.002781308497733516426, 0.003337570197280219711, 0.004450093596373626281 ),
 ( 0.000000000000000000, 1.000000000000000000 ),
 .UNSPECIFIED. ) 
 GEOMETRIC_REPRESENTATION_ITEM ( )  RATIONAL_B_SPLINE_SURFACE ( (
 ( 1.000000000000000000, 0.7071067811865466846, 1.000000000000000000),
 ( 1.000000000000000000, 0.7024211393236847734, 1.000000000000000000),
 ( 1.000000000000000000, 0.6972129474095716262, 1.000000000000000000),
 ( 1.000000000000000000, 0.6857954506296466413, 1.000000000000000000),
 ( 1.000000000000000000, 0.6795197670305469506, 1.000000000000000000),
 ( 1.000000000000000000, 0.6663463071631395840, 1.000000000000000000),
 ( 1.000000000000000000, 0.6595084511676853056, 1.000000000000000000),
 ( 1.000000000000000000, 0.6455683068826988391, 1.000000000000000000),
 ( 1.000000000000000000, 0.6383973253065891029, 1.000000000000000000),
 ( 1.000000000000000000, 0.6246843512710806845, 1.000000000000000000),
 ( 1.000000000000000000, 0.6180931263665284670, 1.000000000000000000),
 ( 1.000000000000000000, 0.6058909304712217780, 1.000000000000000000),
 ( 1.000000000000000000, 0.6003035700720593670, 1.000000000000000000),
 ( 1.000000000000000000, 0.5865261320703176739, 1.000000000000000000),
 ( 1.000000000000000000, 0.5809948946559534422, 1.000000000000000000),
 ( 1.000000000000000000, 0.5810666501217697233, 1.000000000000000000) ) ) 
 REPRESENTATION_ITEM ( '' )  SURFACE ( )  );
#5560 = ORIENTED_EDGE ( 'NONE', *, *, #1062, .F. ) ;
#5561 = ORIENTED_EDGE ( 'NONE', *, *, #3329, .T. ) ;
#5562 = DIRECTION ( 'NONE',  ( -2.312964634637546490E-16, 1.000000000000000000, 5.782411586589356455E-15 ) ) ;
#5563 = CARTESIAN_POINT ( 'NONE',  ( -32.68671935318041477, -94.56547286757843551, 90.91586665186036953 ) ) ;
#5564 = CARTESIAN_POINT ( 'NONE',  ( -20.71550438818979245, 13.53452713242183236, 42.91586665186058980 ) ) ;
#5565 = EDGE_LOOP ( 'NONE', ( #1340, #644 ) ) ;
#5566 = CIRCLE ( 'NONE', #4698, 1.000000000000000888 ) ;
#5567 = AXIS2_PLACEMENT_3D ( 'NONE', #3841, #3014, #5122 ) ;
#5568 = DIRECTION ( 'NONE',  ( 1.000000000000000000, 1.396452398161329869E-14, 0.000000000000000000 ) ) ;
#5569 = CARTESIAN_POINT ( 'NONE',  ( -11.62801534942721560, -8.402971550502099873, 9.663027483120279371 ) ) ;
#5570 = CARTESIAN_POINT ( 'NONE',  ( -32.68671935318114663, -43.56547286757842841, -27.88413334813953526 ) ) ;
#5571 = EDGE_CURVE ( 'NONE', #2917, #29, #5613, .T. ) ;
#5572 = CARTESIAN_POINT ( 'NONE',  ( -20.86550506870326060, 15.93452713242190733, 29.64470820415651531 ) ) ;
#5573 = CARTESIAN_POINT ( 'NONE',  ( -14.18584241198862017, -6.840502170520688097, 53.42514773557192598 ) ) ;
#5574 = EDGE_CURVE ( 'NONE', #3147, #2891, #703, .T. ) ;
#5575 = ORIENTED_EDGE ( 'NONE', *, *, #3163, .F. ) ;
#5576 = CIRCLE ( 'NONE', #1784, 0.5000000000000004441 ) ;
#5577 = CARTESIAN_POINT ( 'NONE',  ( -20.86550506870329613, 18.43452713242190555, 30.14470820415652952 ) ) ;
#5578 = DIRECTION ( 'NONE',  ( 1.000000000000000000, 1.387778780781445676E-14, 0.000000000000000000 ) ) ;
#5579 = CARTESIAN_POINT ( 'NONE',  ( -13.81076655027230515, 15.43452713242239405, 10.05984893508304268 ) ) ;
#5580 = PLANE ( 'NONE',  #1225 ) ;
#5581 = ORIENTED_EDGE ( 'NONE', *, *, #3383, .T. ) ;
#5582 = ADVANCED_FACE ( 'NONE', ( #3032 ), #4319, .F. ) ;
#5583 = CARTESIAN_POINT ( 'NONE',  ( 1.579756412863230430, 14.93452713205863525, 9.245999396278060445 ) ) ;
#5584 = FACE_OUTER_BOUND ( 'NONE', #5485, .T. ) ;
#5585 = LINE ( 'NONE', #319, #1920 ) ;
#5586 = ORIENTED_EDGE ( 'NONE', *, *, #4534, .F. ) ;
#5587 = CARTESIAN_POINT ( 'NONE',  ( -13.11550506870390365, -6.465472867577810590, 52.67188436900178061 ) ) ;
#5588 = CARTESIAN_POINT ( 'NONE',  ( -32.68671935318114663, -43.56547286757842841, -27.88413334813953526 ) ) ;
#5589 = EDGE_CURVE ( 'NONE', #2200, #5280, #3292, .T. ) ;
#5590 = ORIENTED_EDGE ( 'NONE', *, *, #2404, .T. ) ;
#5591 = ORIENTED_EDGE ( 'NONE', *, *, #5241, .T. ) ;
#5592 = EDGE_CURVE ( 'NONE', #3391, #1464, #2102, .T. ) ;
#5593 = DIRECTION ( 'NONE',  ( -1.000000000000000000, -1.402542384832312146E-14, 2.834611977766357232E-14 ) ) ;
#5594 = DIRECTION ( 'NONE',  ( 1.000000000000000000, 1.387778780781444413E-14, 0.000000000000000000 ) ) ;
#5595 = AXIS2_PLACEMENT_3D ( 'NONE', #3896, #1644, #4678 ) ;
#5596 = VECTOR ( 'NONE', #1628, 1000.000000000000000 ) ;
#5597 = CARTESIAN_POINT ( 'NONE',  ( 1.844425029527479332, 15.43452713242217023, 39.79197825626179252 ) ) ;
#5598 = ORIENTED_EDGE ( 'NONE', *, *, #5689, .F. ) ;
#5599 = CIRCLE ( 'NONE', #3917, 0.8000000000000003775 ) ;
#5600 = EDGE_CURVE ( 'NONE', #2423, #1859, #3433, .T. ) ;
#5601 = CARTESIAN_POINT ( 'NONE',  ( -5.686719353181761250, 0.4345271324219524001, 31.51586665186033187 ) ) ;
#5602 = CARTESIAN_POINT ( 'NONE',  ( -12.83325979499042724, -7.521162965244621468, 9.114302596996301631 ) ) ;
#5603 = CALENDAR_DATE ( 2026, 8, 7 ) ;
#5604 = FACE_BOUND ( 'NONE', #5565, .T. ) ;
#5605 = CARTESIAN_POINT ( 'NONE',  ( 16.28449561181106375, -47.56547286757774629, -27.88413334813953526 ) ) ;
#5606 = AXIS2_PLACEMENT_3D ( 'NONE', #3904, #399, #2234 ) ;
#5607 = CARTESIAN_POINT ( 'NONE',  ( -13.11550506870390365, -6.465472867577829241, 52.67188436900178061 ) ) ;
#5608 = EDGE_CURVE ( 'NONE', #4507, #2675, #3464, .T. ) ;
#5609 = EDGE_LOOP ( 'NONE', ( #766, #1312, #2284 ) ) ;
#5610 = AXIS2_PLACEMENT_3D ( 'NONE', #5352, #490, #3136 ) ;
#5611 = CARTESIAN_POINT ( 'NONE',  ( -34.18671935318114663, -43.56547286757844972, -27.88413334813953526 ) ) ;
#5612 = DIRECTION ( 'NONE',  ( 1.396452398161329869E-14, -1.000000000000000000, 0.000000000000000000 ) ) ;
#5613 = B_SPLINE_CURVE_WITH_KNOTS ( 'NONE', 3,
 ( #5238, #3952, #768, #2566, #2599, #1285 ),
 .UNSPECIFIED., .F., .F.,
 ( 4, 2, 4 ),
 ( 0.000000000000000000, 0.0003916760297609907454, 0.0007833520595219814909 ),
 .UNSPECIFIED. ) ;
#5614 = CYLINDRICAL_SURFACE ( 'NONE', #866, 2.450000000000000622 ) ;
#5615 = DIRECTION ( 'NONE',  ( -1.000000000000000000, -1.399343603954624442E-14, -5.319818659662208160E-15 ) ) ;
#5616 = ORIENTED_EDGE ( 'NONE', *, *, #3242, .F. ) ;
#5617 = CARTESIAN_POINT ( 'NONE',  ( 0.8844949312956772447, 14.67380409362606919, 9.941260833068163549 ) ) ;
#5618 = DIRECTION ( 'NONE',  ( 2.312964634637546490E-16, -1.000000000000000000, -5.782411586589354089E-15 ) ) ;
#5619 = CARTESIAN_POINT ( 'NONE',  ( 14.78449561181119343, -57.56547286757776760, -27.88413334813953526 ) ) ;
#5620 = EDGE_LOOP ( 'NONE', ( #1720, #204, #2, #2208 ) ) ;
#5621 = DIRECTION ( 'NONE',  ( -1.396452398161329869E-14, 1.000000000000000000, -0.000000000000000000 ) ) ;
#5622 = ADVANCED_FACE ( 'NONE', ( #4565 ), #594, .F. ) ;
#5623 = EDGE_CURVE ( 'NONE', #5078, #4027, #4595, .T. ) ;
#5624 = VERTEX_POINT ( 'NONE', #4125 ) ;
#5625 = VECTOR ( 'NONE', #4130, 1000.000000000000000 ) ;
#5626 = EDGE_LOOP ( 'NONE', ( #4617, #3899, #5428, #5063 ) ) ;
#5627 = AXIS2_PLACEMENT_3D ( 'NONE', #1298, #5220, #1797 ) ;
#5628 = DIRECTION ( 'NONE',  ( -1.000000000000000000, -1.401718565583457942E-14, -8.956393675256435718E-32 ) ) ;
#5629 = CARTESIAN_POINT ( 'NONE',  ( -13.11550506870469945, 15.10315628252340048, 52.84762030028996094 ) ) ;
#5630 = EDGE_CURVE ( 'NONE', #4760, #5324, #2934, .T. ) ;
#5631 = ADVANCED_FACE ( 'NONE', ( #3703 ), #1532, .T. ) ;
#5632 = DIRECTION ( 'NONE',  ( -1.000000000000000000, -1.400789206851271571E-14, -8.419674203489785150E-29 ) ) ;
#5633 = AXIS2_PLACEMENT_3D ( 'NONE', #1635, #318, #4377 ) ;
#5634 = EDGE_CURVE ( 'NONE', #3538, #920, #4877, .T. ) ;
#5635 = EDGE_LOOP ( 'NONE', ( #5551, #1885 ) ) ;
#5636 = FACE_OUTER_BOUND ( 'NONE', #568, .T. ) ;
#5637 = CARTESIAN_POINT ( 'NONE',  ( -11.49702389881578846, -9.265472863183626728, 8.744640727614322984 ) ) ;
#5638 = DATE_AND_TIME ( #1217, #2663 ) ;
#5639 = CARTESIAN_POINT ( 'NONE',  ( 3.684486424873850474, -45.56547286757791682, 31.51586665186150427 ) ) ;
#5640 = CYLINDRICAL_SURFACE ( 'NONE', #919, 10.00000000000000178 ) ;
#5641 = CIRCLE ( 'NONE', #3126, 2.449999999999993960 ) ;
#5642 = CARTESIAN_POINT ( 'NONE',  ( -9.815513575126150414, -45.56547286757810156, 31.51586665186150427 ) ) ;
#5643 = AXIS2_PLACEMENT_3D ( 'NONE', #1877, #3637, #505 ) ;
#5644 = ORIENTED_EDGE ( 'NONE', *, *, #3843, .T. ) ;
#5645 = LINE ( 'NONE', #195, #1536 ) ;
#5646 = CARTESIAN_POINT ( 'NONE',  ( -13.28251107235339035, 15.16516457340497759, 53.20252180998421920 ) ) ;
#5647 = CARTESIAN_POINT ( 'NONE',  ( -34.18671935318108979, -47.56547286757844262, 90.91586665186036953 ) ) ;
#5648 = FACE_BOUND ( 'NONE', #1540, .T. ) ;
#5649 = ORIENTED_EDGE ( 'NONE', *, *, #3790, .F. ) ;
#5650 = CARTESIAN_POINT ( 'NONE',  ( 1.684494931294367337, 15.43452713242233720, 9.745999396278341109 ) ) ;
#5651 = CARTESIAN_POINT ( 'NONE',  ( -16.86551357512611915, -46.56547286757822235, 25.51586665186146519 ) ) ;
#5652 = DIRECTION ( 'NONE',  ( -1.000000000000000000, 0.000000000000000000, -3.122502256758252770E-14 ) ) ;
#5653 = ORIENTED_EDGE ( 'NONE', *, *, #1916, .F. ) ;
#5654 = DIRECTION ( 'NONE',  ( -1.404665511781869571E-14, 1.000000000000000000, 5.782411586589354089E-15 ) ) ;
#5655 = EDGE_CURVE ( 'NONE', #883, #4975, #327, .T. ) ;
#5656 = DIRECTION ( 'NONE',  ( -1.404665511781869571E-14, 1.000000000000000000, 5.782411586589354089E-15 ) ) ;
#5657 = ORIENTED_EDGE ( 'NONE', *, *, #4724, .T. ) ;
#5658 = ORIENTED_EDGE ( 'NONE', *, *, #1009, .F. ) ;
#5659 = EDGE_CURVE ( 'NONE', #964, #2310, #3211, .T. ) ;
#5660 = AXIS2_PLACEMENT_3D ( 'NONE', #663, #4574, #4604 ) ;
#5661 = CARTESIAN_POINT ( 'NONE',  ( -32.68671935318095478, -57.56547286757843551, 90.91586665186036953 ) ) ;
#5662 = CARTESIAN_POINT ( 'NONE',  ( 14.78449561181106908, -47.56547286757776050, 90.91586665186036953 ) ) ;
#5663 = AXIS2_PLACEMENT_3D ( 'NONE', #488, #4953, #2263 ) ;
#5664 = DIRECTION ( 'NONE',  ( 0.000000000000000000, 5.782411586589354089E-15, -1.000000000000000000 ) ) ;
#5665 = VERTEX_POINT ( 'NONE', #1347 ) ;
#5666 = AXIS2_PLACEMENT_3D ( 'NONE', #4017, #3285, #4172 ) ;
#5667 = CARTESIAN_POINT ( 'NONE',  ( 0.8844949312964618393, -6.465472867577807037, 10.04599939627818905 ) ) ;
#5668 = EDGE_CURVE ( 'NONE', #2980, #5280, #4880, .T. ) ;
#5669 = DIRECTION ( 'NONE',  ( -1.404665511781869571E-14, 1.000000000000000000, 5.782411586589354089E-15 ) ) ;
#5670 = PERSON_AND_ORGANIZATION_ROLE ( 'classification_officer' ) ;
#5671 = CARTESIAN_POINT ( 'NONE',  ( -42.68671935318106847, -47.56547286757856341, 100.9158666518603695 ) ) ;
#5672 = CARTESIAN_POINT ( 'NONE',  ( -23.36550506870329613, 18.43452713242186647, 30.64470820415653662 ) ) ;
#5673 = DIRECTION ( 'NONE',  ( -1.396452398161329869E-14, 1.000000000000000000, -0.000000000000000000 ) ) ;
#5674 = VECTOR ( 'NONE', #1248, 1000.000000000000000 ) ;
#5675 = ORIENTED_EDGE ( 'NONE', *, *, #475, .F. ) ;
#5676 = DIRECTION ( 'NONE',  ( 0.9458091302018626356, 1.067019681726717391E-14, 0.3247230962324608727 ) ) ;
#5677 = FACE_OUTER_BOUND ( 'NONE', #1224, .T. ) ;
#5678 = CARTESIAN_POINT ( 'NONE',  ( 12.38449493129604839, 14.93452713242254681, 7.906034269714597485E-14 ) ) ;
#5679 = LINE ( 'NONE', #1600, #4986 ) ;
#5680 = EDGE_LOOP ( 'NONE', ( #2541, #1789 ) ) ;
#5681 = CARTESIAN_POINT ( 'NONE',  ( -23.69338478573741114, 0.4345271324216956610, 46.61586665186047895 ) ) ;
#5682 = CARTESIAN_POINT ( 'NONE',  ( 0.8844949290972629052, -6.682226028187169931, 54.10623321707563349 ) ) ;
#5683 = CARTESIAN_POINT ( 'NONE',  ( 5.438342828257026973, 15.43452713242221819, 39.92181401409186492 ) ) ;
#5684 = EDGE_LOOP ( 'NONE', ( #1341, #1200, #5310, #2296 ) ) ;
#5685 = CARTESIAN_POINT ( 'NONE',  ( 16.28449561181092875, -38.56547286757773918, -27.88413334813953526 ) ) ;
#5686 = AXIS2_PLACEMENT_3D ( 'NONE', #2323, #4082, #1899 ) ;
#5687 = FACE_OUTER_BOUND ( 'NONE', #797, .T. ) ;
#5688 = ORIENTED_EDGE ( 'NONE', *, *, #2150, .F. ) ;
#5689 = EDGE_CURVE ( 'NONE', #2484, #287, #3600, .T. ) ;
#5690 = DIRECTION ( 'NONE',  ( -1.000000000000000000, -1.445602896647340297E-14, 1.156482317317871725E-15 ) ) ;
#5691 = CARTESIAN_POINT ( 'NONE',  ( -22.15839828751676066, 17.93452713242188779, 30.14470820415652952 ) ) ;
#5692 = VERTEX_POINT ( 'NONE', #3296 ) ;
#5693 = ORIENTED_EDGE ( 'NONE', *, *, #3828, .T. ) ;
#5694 = ADVANCED_FACE ( 'NONE', ( #3728 ), #2685, .F. ) ;
#5695 = DIRECTION ( 'NONE',  ( -1.000000000000000000, -1.402542384832312146E-14, -6.200713701363906445E-15 ) ) ;
#5696 = CARTESIAN_POINT ( 'NONE',  ( 12.88449493129608570, 12.43452713242239938, 23.60991927961702785 ) ) ;
#5697 = DIRECTION ( 'NONE',  ( 1.000000000000000000, 1.404665511781869729E-14, -1.445602896646525897E-16 ) ) ;
#5698 = CARTESIAN_POINT ( 'NONE',  ( -5.686719353181627135, -9.265472867577811300, 31.51586665186047753 ) ) ;
#5699 = VECTOR ( 'NONE', #5690, 1000.000000000000000 ) ;
#5700 = CYLINDRICAL_SURFACE ( 'NONE', #2143, 0.8000000000000003775 ) ;
#5701 = ORIENTED_EDGE ( 'NONE', *, *, #873, .F. ) ;
#5702 = VERTEX_POINT ( 'NONE', #37 ) ;
#5703 = CYLINDRICAL_SURFACE ( 'NONE', #4489, 0.8000000000000000444 ) ;
#5704 = AXIS2_PLACEMENT_3D ( 'NONE', #3966, #3993, #3875 ) ;
#5705 = CARTESIAN_POINT ( 'NONE',  ( -37.18671935318123900, -35.56547286757849236, 24.41586665186047966 ) ) ;
#5706 = FACE_OUTER_BOUND ( 'NONE', #2762, .T. ) ;
#5707 = EDGE_CURVE ( 'NONE', #69, #1364, #1826, .T. ) ;
#5708 = CARTESIAN_POINT ( 'NONE',  ( 3.634494931296743392, 15.43452713242224128, 31.51586664685444106 ) ) ;
#5709 = CYLINDRICAL_SURFACE ( 'NONE', #2746, 0.8000000000000003775 ) ;
#5710 = FACE_OUTER_BOUND ( 'NONE', #5029, .T. ) ;
#5711 = LINE ( 'NONE', #3921, #3072 ) ;
#5712 = ORIENTED_EDGE ( 'NONE', *, *, #3976, .T. ) ;
#5713 = CARTESIAN_POINT ( 'NONE',  ( -20.71550438818978179, 12.43452713242180785, 42.91586665186058980 ) ) ;
#5714 = DIRECTION ( 'NONE',  ( 9.712844633365329656E-17, -5.782411586589353300E-15, 1.000000000000000000 ) ) ;
#5715 = ORIENTED_EDGE ( 'NONE', *, *, #1528, .T. ) ;
#5716 = ORIENTED_EDGE ( 'NONE', *, *, #4283, .F. ) ;
#5717 = LINE ( 'NONE', #3471, #2171 ) ;
#5718 = CARTESIAN_POINT ( 'NONE',  ( -12.11550506870391253, 15.43452713242209207, 19.11586664184828877 ) ) ;
#5719 = TOROIDAL_SURFACE ( 'NONE', #324, 0.3000000000000000444, 0.5000000000000000000 ) ;
#5720 = ORIENTED_EDGE ( 'NONE', *, *, #5340, .F. ) ;
#5721 = CIRCLE ( 'NONE', #2755, 23.50000000000000000 ) ;
#5722 = VERTEX_POINT ( 'NONE', #5487 ) ;
#5723 = ORIENTED_EDGE ( 'NONE', *, *, #4135, .F. ) ;
#5724 = DIRECTION ( 'NONE',  ( -1.000000000000000000, -1.387778780781444413E-14, 0.000000000000000000 ) ) ;
#5725 = FACE_OUTER_BOUND ( 'NONE', #3289, .T. ) ;
#5726 = CARTESIAN_POINT ( 'NONE',  ( -32.68671935318108979, -47.56547286757842130, -27.88413334813953526 ) ) ;
#5727 = AXIS2_PLACEMENT_3D ( 'NONE', #5293, #4, #3972 ) ;
#5728 = CARTESIAN_POINT ( 'NONE',  ( 18.73449561181101330, -43.56547286757770365, 90.91586665186036953 ) ) ;
#5729 = ORIENTED_EDGE ( 'NONE', *, *, #3591, .T. ) ;
#5730 = VERTEX_POINT ( 'NONE', #2712 ) ;
#5731 = ADVANCED_FACE ( 'NONE', ( #1505 ), #4402, .T. ) ;
#5732 = CARTESIAN_POINT ( 'NONE',  ( 1.684494931296516729, -98.64468553998295874, 52.98573390744223843 ) ) ;
#5733 = DIRECTION ( 'NONE',  ( 3.117823127310333221E-14, 5.782411586589794273E-15, -1.000000000000000000 ) ) ;
#5734 = VECTOR ( 'NONE', #3867, 1000.000000000000000 ) ;
#5735 = VECTOR ( 'NONE', #1276, 1000.000000000000000 ) ;
#5736 = ORIENTED_EDGE ( 'NONE', *, *, #2480, .T. ) ;
#5737 = DIRECTION ( 'NONE',  ( 1.000000000000000000, 1.400510696201458889E-14, 0.000000000000000000 ) ) ;
#5738 = CARTESIAN_POINT ( 'NONE',  ( 26.28449561181106020, -47.56547286757760418, 60.91586665186036953 ) ) ;
#5739 = CARTESIAN_POINT ( 'NONE',  ( -12.69195159512020155, -7.722902704458806333, 52.89481356175001281 ) ) ;
#5740 = EDGE_CURVE ( 'NONE', #972, #1553, #981, .T. ) ;
#5741 = ORIENTED_EDGE ( 'NONE', *, *, #510, .F. ) ;
#5742 = CARTESIAN_POINT ( 'NONE',  ( -13.11550506870390365, -6.465472867577810590, 10.35984893471871260 ) ) ;
#5743 = DIRECTION ( 'NONE',  ( 1.000000000000000000, 1.404665511781869571E-14, 0.000000000000000000 ) ) ;
#5744 = TOROIDAL_SURFACE ( 'NONE', #1470, 5.450000000000000178, 3.000000000000000000 ) ;
#5745 = EDGE_LOOP ( 'NONE', ( #684, #1068 ) ) ;
#5746 = CARTESIAN_POINT ( 'NONE',  ( -23.69338478573741114, 0.4345271324216956610, 46.61586665186047895 ) ) ;
#5747 = LINE ( 'NONE', #5307, #4677 ) ;
#5748 = VECTOR ( 'NONE', #4867, 1000.000000000000000 ) ;
#5749 = ORIENTED_EDGE ( 'NONE', *, *, #1337, .T. ) ;
#5750 = AXIS2_PLACEMENT_3D ( 'NONE', #5542, #1188, #2965 ) ;
#5751 = VERTEX_POINT ( 'NONE', #4910 ) ;
#5752 = AXIS2_PLACEMENT_3D ( 'NONE', #5512, #5166, #1187 ) ;
#5753 = AXIS2_PLACEMENT_3D ( 'NONE', #3281, #5051, #2298 ) ;
#5754 = LINE ( 'NONE', #1272, #1085 ) ;
#5755 = CARTESIAN_POINT ( 'NONE',  ( -5.686719353181967307, 14.93452713242210450, 31.51586665186062319 ) ) ;
#5756 = DIRECTION ( 'NONE',  ( 1.000000000000000000, 0.000000000000000000, 1.387778780781444413E-14 ) ) ;
#5757 = AXIS2_PLACEMENT_3D ( 'NONE', #974, #3562, #1106 ) ;
ENDSEC;
END-ISO-10303-21;
