ISO-10303-21;
HEADER;
FILE_DESCRIPTION (( 'STEP AP203' ),
    '1' );
FILE_NAME ('手柄.STEP',
    '2026-06-24T07:33:16',
    ( '' ),
    ( '' ),
    'SwSTEP 2.0',
    'SolidWorks 2021',
    '' );
FILE_SCHEMA (( 'CONFIG_CONTROL_DESIGN' ));
ENDSEC;

DATA;
#1 = VERTEX_POINT ( 'NONE', #2076 ) ;
#2 = AXIS2_PLACEMENT_3D ( 'NONE', #2344, #2896, #508 ) ;
#3 = CYLINDRICAL_SURFACE ( 'NONE', #1454, 3.999999999999999556 ) ;
#4 = CC_DESIGN_DATE_AND_TIME_ASSIGNMENT ( #2185, #942, ( #2445 ) ) ;
#5 = VERTEX_POINT ( 'NONE', #2304 ) ;
#6 = ADVANCED_FACE ( 'NONE', ( #2618, #1265, #3353, #1783, #2320, #997 ), #981, .T. ) ;
#7 = EDGE_CURVE ( 'NONE', #1715, #984, #3099, .T. ) ;
#8 = AXIS2_PLACEMENT_3D ( 'NONE', #2661, #2907, #769 ) ;
#9 = LINE ( 'NONE', #3194, #1127 ) ;
#10 = DIRECTION ( 'NONE',  ( 0.000000000000000000, 0.000000000000000000, -1.000000000000000000 ) ) ;
#11 = CIRCLE ( 'NONE', #970, 1.000000000000000888 ) ;
#12 = FACE_OUTER_BOUND ( 'NONE', #1641, .T. ) ;
#13 = CARTESIAN_POINT ( 'NONE',  ( 11.08484584279066887, -13.89999999999994351, 22.34559559884482738 ) ) ;
#14 = ORIENTED_EDGE ( 'NONE', *, *, #656, .T. ) ;
#15 = CARTESIAN_POINT ( 'NONE',  ( -28.04037162758983825, -45.37523624983521842, 7.150000000000555467 ) ) ;
#16 = ORIENTED_EDGE ( 'NONE', *, *, #2461, .F. ) ;
#17 = LINE ( 'NONE', #1090, #1047 ) ;
#18 = ORIENTED_EDGE ( 'NONE', *, *, #3407, .T. ) ;
#19 = CYLINDRICAL_SURFACE ( 'NONE', #2687, 1.799999999999999600 ) ;
#20 = EDGE_LOOP ( 'NONE', ( #1100, #191, #1667, #3173 ) ) ;
#21 = FACE_OUTER_BOUND ( 'NONE', #560, .T. ) ;
#22 = CARTESIAN_POINT ( 'NONE',  ( -23.73472924169848497, -39.02082716983183985, -76.84999999999944009 ) ) ;
#23 = EDGE_CURVE ( 'NONE', #2232, #2616, #2828, .T. ) ;
#24 = CARTESIAN_POINT ( 'NONE',  ( 1.750000000000865530, 4.299999994993379815, 31.90820322406346676 ) ) ;
#25 = DIRECTION ( 'NONE',  ( 1.000000000000000000, 0.000000000000000000, 0.000000000000000000 ) ) ;
#26 = ORIENTED_EDGE ( 'NONE', *, *, #2577, .T. ) ;
#27 = CARTESIAN_POINT ( 'NONE',  ( -34.61371824795290308, -116.3881976102952365, 5.860285695562161834 ) ) ;
#28 = ORIENTED_EDGE ( 'NONE', *, *, #1662, .F. ) ;
#29 = ADVANCED_FACE ( 'NONE', ( #463 ), #1282, .T. ) ;
#30 = DIRECTION ( 'NONE',  ( -1.000000000000000000, -0.000000000000000000, -0.000000000000000000 ) ) ;
#31 = VERTEX_POINT ( 'NONE', #1534 ) ;
#32 = LINE ( 'NONE', #1107, #974 ) ;
#33 = ORIENTED_EDGE ( 'NONE', *, *, #88, .T. ) ;
#34 = DIRECTION ( 'NONE',  ( 1.000000000000000000, -0.000000000000000000, -0.000000000000000000 ) ) ;
#35 = CYLINDRICAL_SURFACE ( 'NONE', #725, 4.000000000000000000 ) ;
#36 = CARTESIAN_POINT ( 'NONE',  ( -14.79053055541071693, -121.5342601206750146, 7.150000000000555467 ) ) ;
#37 = CARTESIAN_POINT ( 'NONE',  ( -15.24999999999913314, -8.899999999999943512, 18.00000000000000000 ) ) ;
#38 = VERTEX_POINT ( 'NONE', #1515 ) ;
#39 = CARTESIAN_POINT ( 'NONE',  ( 17.25000000000087041, 3.799999994993326968, 34.97273648376064870 ) ) ;
#40 = EDGE_CURVE ( 'NONE', #849, #2639, #712, .T. ) ;
#41 = ORIENTED_EDGE ( 'NONE', *, *, #23, .F. ) ;
#42 = FACE_OUTER_BOUND ( 'NONE', #3016, .T. ) ;
#43 = VERTEX_POINT ( 'NONE', #3117 ) ;
#44 = EDGE_CURVE ( 'NONE', #1683, #930, #2550, .T. ) ;
#45 = APPROVAL_PERSON_ORGANIZATION ( #396, #2634, #1253 ) ;
#46 = DIRECTION ( 'NONE',  ( 1.000000000000000000, 1.577021341797097560E-16, 0.000000000000000000 ) ) ;
#47 = CIRCLE ( 'NONE', #1072, 1.000000000000000888 ) ;
#48 = ORIENTED_EDGE ( 'NONE', *, *, #731, .T. ) ;
#49 = AXIS2_PLACEMENT_3D ( 'NONE', #2592, #1272, #1852 ) ;
#50 = DIRECTION ( 'NONE',  ( 1.734723475976807094E-16, -1.000000000000000000, 0.000000000000000000 ) ) ;
#51 = CARTESIAN_POINT ( 'NONE',  ( 17.25000000000087041, -13.89999999999994351, 2.000000000000001776 ) ) ;
#52 = DIRECTION ( 'NONE',  ( 1.000000000000000000, 0.000000000000000000, 0.000000000000000000 ) ) ;
#53 = CARTESIAN_POINT ( 'NONE',  ( -34.81657034545184359, -116.3606119430080952, 21.41433291628702662 ) ) ;
#54 = CIRCLE ( 'NONE', #2354, 3.999999999999999112 ) ;
#55 = FACE_OUTER_BOUND ( 'NONE', #1838, .T. ) ;
#56 = ORIENTED_EDGE ( 'NONE', *, *, #1284, .F. ) ;
#57 = DIRECTION ( 'NONE',  ( 0.000000000000000000, 0.000000000000000000, -1.000000000000000000 ) ) ;
#58 = ORIENTED_EDGE ( 'NONE', *, *, #2805, .T. ) ;
#59 = CIRCLE ( 'NONE', #2395, 2.000000000000000000 ) ;
#60 = VECTOR ( 'NONE', #681, 1000.000000000000114 ) ;
#61 = CYLINDRICAL_SURFACE ( 'NONE', #2702, 1.600000000000000755 ) ;
#62 = ORIENTED_EDGE ( 'NONE', *, *, #285, .F. ) ;
#63 = CARTESIAN_POINT ( 'NONE',  ( -34.81657034545185070, -116.3606119430080952, 21.15000000000055991 ) ) ;
#64 = ADVANCED_FACE ( 'NONE', ( #3138 ), #755, .T. ) ;
#65 = ADVANCED_FACE ( 'NONE', ( #494 ), #222, .F. ) ;
#66 = AXIS2_PLACEMENT_3D ( 'NONE', #3192, #516, #2688 ) ;
#67 = EDGE_CURVE ( 'NONE', #3199, #502, #2460, .T. ) ;
#68 = CARTESIAN_POINT ( 'NONE',  ( -17.33020048645542488, -40.22556240314679599, 25.15000000000055991 ) ) ;
#69 = ORIENTED_EDGE ( 'NONE', *, *, #1303, .F. ) ;
#70 = DIRECTION ( 'NONE',  ( 0.000000000000000000, -0.4999999999999998890, 0.8660254037844385966 ) ) ;
#71 = DIRECTION ( 'NONE',  ( -1.000000000000000000, -1.577021341797097560E-16, -0.000000000000000000 ) ) ;
#72 = CARTESIAN_POINT ( 'NONE',  ( -17.33020048645542133, -40.22556240314680309, 3.150000000000555023 ) ) ;
#73 = CARTESIAN_POINT ( 'NONE',  ( -15.06758610304859047, -13.89999999999994351, 25.15000000000055635 ) ) ;
#74 = DIRECTION ( 'NONE',  ( -0.000000000000000000, -0.000000000000000000, -1.000000000000000000 ) ) ;
#75 = ORIENTED_EDGE ( 'NONE', *, *, #450, .T. ) ;
#76 = CARTESIAN_POINT ( 'NONE',  ( -19.51289968761172133, 1.862683469007563763, 7.150000000000555467 ) ) ;
#77 = VERTEX_POINT ( 'NONE', #3166 ) ;
#78 = DIRECTION ( 'NONE',  ( 0.000000000000000000, -1.000000000000000000, 0.000000000000000000 ) ) ;
#79 = ORIENTED_EDGE ( 'NONE', *, *, #587, .T. ) ;
#80 = CIRCLE ( 'NONE', #1656, 1.000000000000000888 ) ;
#81 = DIRECTION ( 'NONE',  ( 1.000000000000000000, 0.000000000000000000, 0.000000000000000000 ) ) ;
#82 = LINE ( 'NONE', #954, #3329 ) ;
#83 = FACE_OUTER_BOUND ( 'NONE', #1286, .T. ) ;
#84 = VERTEX_POINT ( 'NONE', #521 ) ;
#85 = LINE ( 'NONE', #400, #2572 ) ;
#86 = EDGE_CURVE ( 'NONE', #2083, #1717, #1907, .T. ) ;
#87 = DIRECTION ( 'NONE',  ( -0.1736481776669341615, -0.9848077530122073542, -0.000000000000000000 ) ) ;
#88 = EDGE_CURVE ( 'NONE', #857, #1559, #303, .T. ) ;
#89 = DIRECTION ( 'NONE',  ( -0.000000000000000000, -0.000000000000000000, -1.000000000000000000 ) ) ;
#90 = DIRECTION ( 'NONE',  ( -1.000000000000000000, 0.000000000000000000, 0.000000000000000000 ) ) ;
#91 = CARTESIAN_POINT ( 'NONE',  ( 6.399683432602494726, -13.89999999999994351, 3.310390933843939010 ) ) ;
#92 = ORIENTED_EDGE ( 'NONE', *, *, #3433, .F. ) ;
#93 = DIRECTION ( 'NONE',  ( -1.000000000000000000, 0.000000000000000000, 0.000000000000000000 ) ) ;
#94 = ORIENTED_EDGE ( 'NONE', *, *, #1845, .T. ) ;
#95 = AXIS2_PLACEMENT_3D ( 'NONE', #524, #2156, #2373 ) ;
#96 = CARTESIAN_POINT ( 'NONE',  ( -16.74999999999913314, -13.89999999999994351, 7.150000000000553690 ) ) ;
#97 = LOCAL_TIME ( 15, 33, 16.00000000000000000, #1466 ) ;
#98 = EDGE_LOOP ( 'NONE', ( #1248, #2255, #2452, #1740, #1648, #26 ) ) ;
#99 = AXIS2_PLACEMENT_3D ( 'NONE', #1299, #241, #737 ) ;
#100 = EDGE_CURVE ( 'NONE', #1002, #740, #2662, .T. ) ;
#101 = CYLINDRICAL_SURFACE ( 'NONE', #1834, 1.000000000000000000 ) ;
#102 = AXIS2_PLACEMENT_3D ( 'NONE', #908, #1187, #1988 ) ;
#103 = DIRECTION ( 'NONE',  ( 0.000000000000000000, 1.199084766825474603E-16, -1.000000000000000000 ) ) ;
#104 = CARTESIAN_POINT ( 'NONE',  ( -15.24999999999913491, -3.399999999999943512, 12.50000000000000178 ) ) ;
#105 = ORIENTED_EDGE ( 'NONE', *, *, #507, .T. ) ;
#106 = PERSON_AND_ORGANIZATION ( #298, #2846 ) ;
#107 = CC_DESIGN_PERSON_AND_ORGANIZATION_ASSIGNMENT ( #724, #1728, ( #1527 ) ) ;
#108 = VECTOR ( 'NONE', #1929, 1000.000000000000000 ) ;
#109 = LINE ( 'NONE', #2242, #673 ) ;
#110 = DIRECTION ( 'NONE',  ( 1.734723475976807094E-16, -1.000000000000000000, 0.000000000000000000 ) ) ;
#111 = ORIENTED_EDGE ( 'NONE', *, *, #114, .T. ) ;
#112 = DIRECTION ( 'NONE',  ( 0.000000000000000000, 0.000000000000000000, 1.000000000000000000 ) ) ;
#113 = AXIS2_PLACEMENT_3D ( 'NONE', #3315, #1613, #2409 ) ;
#114 = EDGE_CURVE ( 'NONE', #1183, #2414, #2959, .T. ) ;
#115 = CARTESIAN_POINT ( 'NONE',  ( -16.74999999999913314, -13.89999999999994351, 23.49314575050818021 ) ) ;
#116 = ADVANCED_FACE ( 'NONE', ( #1847 ), #2894, .F. ) ;
#117 = CARTESIAN_POINT ( 'NONE',  ( 6.752274233491196043, -13.89999999999994529, 3.402732769557212489 ) ) ;
#118 = ORIENTED_EDGE ( 'NONE', *, *, #2892, .T. ) ;
#119 = DIRECTION ( 'NONE',  ( -1.000000000000000000, 0.000000000000000000, 0.000000000000000000 ) ) ;
#120 = ORIENTED_EDGE ( 'NONE', *, *, #604, .F. ) ;
#121 = ORIENTED_EDGE ( 'NONE', *, *, #1359, .T. ) ;
#122 = VECTOR ( 'NONE', #1050, 1000.000000000000000 ) ;
#123 = FACE_BOUND ( 'NONE', #1317, .T. ) ;
#124 = CIRCLE ( 'NONE', #571, 1.000000000000000888 ) ;
#125 = DIRECTION ( 'NONE',  ( -0.000000000000000000, -0.000000000000000000, -1.000000000000000000 ) ) ;
#126 = CYLINDRICAL_SURFACE ( 'NONE', #2499, 1.000000000000000888 ) ;
#127 = DIRECTION ( 'NONE',  ( 0.000000000000000000, 0.000000000000000000, 1.000000000000000000 ) ) ;
#128 = ORIENTED_EDGE ( 'NONE', *, *, #2220, .T. ) ;
#129 = AXIS2_PLACEMENT_3D ( 'NONE', #3131, #458, #3094 ) ;
#130 = LINE ( 'NONE', #3256, #2069 ) ;
#131 = CARTESIAN_POINT ( 'NONE',  ( 15.25000000000087397, -5.700000000000617462, 6.499999999998713918 ) ) ;
#132 = EDGE_LOOP ( 'NONE', ( #3207, #1076, #1800, #252 ) ) ;
#133 = CARTESIAN_POINT ( 'NONE',  ( 0.000000000000000000, 0.000000000000000000, 3.150000000000555023 ) ) ;
#134 = CARTESIAN_POINT ( 'NONE',  ( -34.29272752347481656, -116.4322240271317952, 23.15386570137678035 ) ) ;
#135 = CARTESIAN_POINT ( 'NONE',  ( 10.24394392549532107, -13.89999999999994351, 5.266580792165326486 ) ) ;
#136 = DIRECTION ( 'NONE',  ( 0.000000000000000000, 0.000000000000000000, 1.000000000000000000 ) ) ;
#137 = EDGE_CURVE ( 'NONE', #1802, #3155, #59, .T. ) ;
#138 = EDGE_CURVE ( 'NONE', #1821, #3037, #3437, .T. ) ;
#139 = ORIENTED_EDGE ( 'NONE', *, *, #3124, .F. ) ;
#140 = CIRCLE ( 'NONE', #2977, 4.000000000000000000 ) ;
#141 = CARTESIAN_POINT ( 'NONE',  ( -20.92471613209713155, -37.57599170203148020, -76.84999999999944009 ) ) ;
#142 = ORIENTED_EDGE ( 'NONE', *, *, #264, .T. ) ;
#143 = EDGE_LOOP ( 'NONE', ( #1015, #1275 ) ) ;
#144 = CIRCLE ( 'NONE', #2541, 5.000000000000000888 ) ;
#145 = DIRECTION ( 'NONE',  ( -1.000000000000000000, 0.000000000000000000, 0.000000000000000000 ) ) ;
#146 = FACE_OUTER_BOUND ( 'NONE', #526, .T. ) ;
#147 = CIRCLE ( 'NONE', #3096, 1.600000000000001643 ) ;
#148 = CARTESIAN_POINT ( 'NONE',  ( 17.25000000000087041, -13.89999999999994351, 25.99999999999999645 ) ) ;
#149 = DIRECTION ( 'NONE',  ( -1.000000000000000000, 4.733165431326068731E-30, -1.499999999999977831E-14 ) ) ;
#150 = LINE ( 'NONE', #692, #578 ) ;
#151 = LINE ( 'NONE', #1764, #515 ) ;
#152 = VERTEX_POINT ( 'NONE', #2387 ) ;
#153 = ORIENTED_EDGE ( 'NONE', *, *, #1254, .T. ) ;
#154 = LINE ( 'NONE', #3300, #3121 ) ;
#155 = LINE ( 'NONE', #428, #60 ) ;
#156 = DIRECTION ( 'NONE',  ( 0.000000000000000000, 0.000000000000000000, -1.000000000000000000 ) ) ;
#157 = DIRECTION ( 'NONE',  ( 0.000000000000000000, 0.000000000000000000, 1.000000000000000000 ) ) ;
#158 = EDGE_CURVE ( 'NONE', #1853, #1309, #1580, .T. ) ;
#159 = VECTOR ( 'NONE', #1981, 1000.000000000000000 ) ;
#160 = ORIENTED_EDGE ( 'NONE', *, *, #2225, .T. ) ;
#161 = ORIENTED_EDGE ( 'NONE', *, *, #472, .F. ) ;
#162 = DIRECTION ( 'NONE',  ( 1.000000000000000000, -0.000000000000000000, -0.000000000000000000 ) ) ;
#163 = AXIS2_PLACEMENT_3D ( 'NONE', #1453, #1415, #2747 ) ;
#164 = CARTESIAN_POINT ( 'NONE',  ( 15.25000000000087041, 11.10000000000005649, 1.499999999999994449 ) ) ;
#165 = EDGE_CURVE ( 'NONE', #276, #594, #2219, .T. ) ;
#166 = ADVANCED_FACE ( 'NONE', ( #2155, #1035, #271, #554, #802, #2096 ), #1628, .F. ) ;
#167 = AXIS2_PLACEMENT_3D ( 'NONE', #2883, #739, #1807 ) ;
#168 = CALENDAR_DATE ( 2026, 24, 6 ) ;
#169 = DIRECTION ( 'NONE',  ( 1.000000000000000000, -0.000000000000000000, -0.000000000000000000 ) ) ;
#170 = FACE_OUTER_BOUND ( 'NONE', #2023, .T. ) ;
#171 = ORIENTED_EDGE ( 'NONE', *, *, #1771, .F. ) ;
#172 = CARTESIAN_POINT ( 'NONE',  ( -15.24999999999913491, -3.399999999999942180, 23.50000000000000000 ) ) ;
#173 = CARTESIAN_POINT ( 'NONE',  ( 3.582228378777383426, -17.33716640099755324, 3.150000000000555023 ) ) ;
#174 = AXIS2_PLACEMENT_3D ( 'NONE', #1411, #2990, #70 ) ;
#175 = EDGE_LOOP ( 'NONE', ( #1607, #62, #326, #259 ) ) ;
#176 = DIRECTION ( 'NONE',  ( -0.000000000000000000, 1.000000000000000000, 0.000000000000000000 ) ) ;
#177 = ORIENTED_EDGE ( 'NONE', *, *, #328, .T. ) ;
#178 = ORIENTED_EDGE ( 'NONE', *, *, #1519, .F. ) ;
#179 = DIRECTION ( 'NONE',  ( 1.000000000000000000, 0.000000000000000000, 0.000000000000000000 ) ) ;
#180 = LINE ( 'NONE', #2086, #2879 ) ;
#181 = AXIS2_PLACEMENT_3D ( 'NONE', #1815, #2073, #459 ) ;
#182 = ORIENTED_EDGE ( 'NONE', *, *, #2657, .T. ) ;
#183 = APPROVAL_STATUS ( 'not_yet_approved' ) ;
#184 = ADVANCED_FACE ( 'NONE', ( #2371 ), #1082, .F. ) ;
#185 = AXIS2_PLACEMENT_3D ( 'NONE', #3098, #1803, #711 ) ;
#186 = DIRECTION ( 'NONE',  ( 7.885106708985487801E-17, 1.000000000000000000, 0.000000000000000000 ) ) ;
#187 = ORIENTED_EDGE ( 'NONE', *, *, #1042, .F. ) ;
#188 = CARTESIAN_POINT ( 'NONE',  ( 18.25000000000087397, 2.420544385083917231E-16, 0.000000000000000000 ) ) ;
#189 = EDGE_LOOP ( 'NONE', ( #1748, #617, #3285, #2072 ) ) ;
#190 = CYLINDRICAL_SURFACE ( 'NONE', #1080, 1.000000000000000888 ) ;
#191 = ORIENTED_EDGE ( 'NONE', *, *, #748, .T. ) ;
#192 = CARTESIAN_POINT ( 'NONE',  ( 15.25000000000087219, -3.048631566306498009, 7.350000000000560973 ) ) ;
#193 = ORIENTED_EDGE ( 'NONE', *, *, #100, .T. ) ;
#194 = ORIENTED_EDGE ( 'NONE', *, *, #1887, .F. ) ;
#195 = B_SPLINE_CURVE_WITH_KNOTS ( 'NONE', 3,
 ( #1151, #3321, #2268, #135, #662, #2026, #1433, #117, #91, #1209, #384, #1455 ),
 .UNSPECIFIED., .F., .F.,
 ( 4, 2, 2, 2, 2, 4 ),
 ( -1.414213562377081420E-05, 0.002158519166160623691, 0.004331180467945018250, 0.006503841769729413677, 0.007590172420621609656, 0.008676503071513805634 ),
 .UNSPECIFIED. ) ;
#196 = CYLINDRICAL_SURFACE ( 'NONE', #2935, 1.499999999999999556 ) ;
#197 = DIRECTION ( 'NONE',  ( 0.000000000000000000, -0.4999999999999999445, 0.8660254037844385966 ) ) ;
#198 = EDGE_LOOP ( 'NONE', ( #1139, #2735, #3334, #1884, #532, #1356, #251, #2763 ) ) ;
#199 = DIRECTION ( 'NONE',  ( -0.09502709854422725089, -0.9954746860379050100, -0.000000000000000000 ) ) ;
#200 = CARTESIAN_POINT ( 'NONE',  ( 17.25000000000087041, -4.200000005006672588, 34.99499861017198299 ) ) ;
#201 = DIRECTION ( 'NONE',  ( -1.000000000000000000, 0.000000000000000000, 0.000000000000000000 ) ) ;
#202 = ORIENTED_EDGE ( 'NONE', *, *, #847, .F. ) ;
#203 = DIRECTION ( 'NONE',  ( 0.000000000000000000, 0.000000000000000000, 1.000000000000000000 ) ) ;
#204 = ORIENTED_EDGE ( 'NONE', *, *, #2841, .F. ) ;
#205 = ADVANCED_FACE ( 'NONE', ( #2142 ), #834, .T. ) ;
#206 = ADVANCED_FACE ( 'NONE', ( #1862, #2922 ), #2649, .T. ) ;
#207 = CARTESIAN_POINT ( 'NONE',  ( -16.74999999999913314, 4.799999994993326524, 35.97273648376064870 ) ) ;
#208 = EDGE_LOOP ( 'NONE', ( #414, #3188, #2090, #1725 ) ) ;
#209 = CARTESIAN_POINT ( 'NONE',  ( 15.25000000000087397, -8.400000000000559908, 20.69999999999987850 ) ) ;
#210 = FACE_OUTER_BOUND ( 'NONE', #3443, .T. ) ;
#211 = EDGE_LOOP ( 'NONE', ( #2286, #1396, #1758, #3307 ) ) ;
#212 = FACE_BOUND ( 'NONE', #822, .T. ) ;
#213 = VECTOR ( 'NONE', #1039, 1000.000000000000000 ) ;
#214 = CARTESIAN_POINT ( 'NONE',  ( -5.949999999999125322, 14.10000000000005649, 12.14142842854285043 ) ) ;
#215 = ORIENTED_EDGE ( 'NONE', *, *, #1339, .T. ) ;
#216 = AXIS2_PLACEMENT_3D ( 'NONE', #141, #1214, #3324 ) ;
#217 = CARTESIAN_POINT ( 'NONE',  ( -29.89253158039080915, -117.2288528313427491, 7.150000000000555467 ) ) ;
#218 = CARTESIAN_POINT ( 'NONE',  ( 24.29999999999970584, 8.999999999999442224, 20.69999999999994245 ) ) ;
#219 = ORIENTED_EDGE ( 'NONE', *, *, #2365, .F. ) ;
#220 = AXIS2_PLACEMENT_3D ( 'NONE', #1452, #1165, #2709 ) ;
#221 = LINE ( 'NONE', #2056, #2583 ) ;
#222 = CYLINDRICAL_SURFACE ( 'NONE', #2965, 1.799999999999999600 ) ;
#223 = EDGE_CURVE ( 'NONE', #2630, #1717, #3195, .T. ) ;
#224 = ADVANCED_FACE ( 'NONE', ( #3227 ), #1430, .F. ) ;
#225 = DIRECTION ( 'NONE',  ( 0.000000000000000000, 0.000000000000000000, 1.000000000000000000 ) ) ;
#226 = ADVANCED_FACE ( 'NONE', ( #3047 ), #35, .T. ) ;
#227 = DIRECTION ( 'NONE',  ( -1.000000000000000000, 0.000000000000000000, -0.000000000000000000 ) ) ;
#228 = EDGE_LOOP ( 'NONE', ( #2192, #2984, #1290, #3030 ) ) ;
#229 = AXIS2_PLACEMENT_3D ( 'NONE', #1675, #1184, #50 ) ;
#230 = CARTESIAN_POINT ( 'NONE',  ( -28.04037162758984536, -45.37523624983524684, 21.15000000000055635 ) ) ;
#231 = VECTOR ( 'NONE', #3187, 1000.000000000000000 ) ;
#232 = DIRECTION ( 'NONE',  ( 0.000000000000000000, -1.000000000000000000, 0.000000000000000000 ) ) ;
#233 = ORIENTED_EDGE ( 'NONE', *, *, #3101, .T. ) ;
#234 = VECTOR ( 'NONE', #601, 1000.000000000000000 ) ;
#235 = DIRECTION ( 'NONE',  ( -0.09502709854422725089, -0.9954746860379050100, 0.000000000000000000 ) ) ;
#236 = ORIENTED_EDGE ( 'NONE', *, *, #355, .F. ) ;
#237 = VECTOR ( 'NONE', #1281, 1000.000000000000000 ) ;
#238 = CARTESIAN_POINT ( 'NONE',  ( 6.550003508321085910, 14.10000000000005649, 24.14142842854284510 ) ) ;
#239 = DIRECTION ( 'NONE',  ( 0.000000000000000000, 0.000000000000000000, 1.000000000000000000 ) ) ;
#240 = VECTOR ( 'NONE', #1529, 1000.000000000000000 ) ;
#241 = DIRECTION ( 'NONE',  ( 0.000000000000000000, -1.000000000000000000, 0.000000000000000000 ) ) ;
#242 = DIRECTION ( 'NONE',  ( 0.000000000000000000, 0.000000000000000000, 1.000000000000000000 ) ) ;
#243 = ORIENTED_EDGE ( 'NONE', *, *, #1906, .T. ) ;
#244 = ADVANCED_FACE ( 'NONE', ( #2206 ), #1970, .F. ) ;
#245 = ORIENTED_EDGE ( 'NONE', *, *, #2127, .F. ) ;
#246 = CARTESIAN_POINT ( 'NONE',  ( 17.25000000000087041, 14.10000000000005649, 25.99999999999999645 ) ) ;
#247 = EDGE_CURVE ( 'NONE', #3052, #1860, #1623, .T. ) ;
#248 = VERTEX_POINT ( 'NONE', #72 ) ;
#249 = ADVANCED_FACE ( 'NONE', ( #3244 ), #1946, .T. ) ;
#250 = DIRECTION ( 'NONE',  ( 0.000000000000000000, 0.000000000000000000, 1.000000000000000000 ) ) ;
#251 = ORIENTED_EDGE ( 'NONE', *, *, #3392, .F. ) ;
#252 = ORIENTED_EDGE ( 'NONE', *, *, #3391, .F. ) ;
#253 = DIRECTION ( 'NONE',  ( 0.000000000000000000, 0.000000000000000000, -1.000000000000000000 ) ) ;
#254 = DIRECTION ( 'NONE',  ( -1.000000000000000000, -0.000000000000000000, -0.000000000000000000 ) ) ;
#255 = DIRECTION ( 'NONE',  ( -0.1736481776669341892, -0.9848077530122074652, 0.000000000000000000 ) ) ;
#256 = CARTESIAN_POINT ( 'NONE',  ( 15.25000000000087219, -3.048631566306498009, 7.350000000000560973 ) ) ;
#257 = ORIENTED_EDGE ( 'NONE', *, *, #1956, .T. ) ;
#258 = DIRECTION ( 'NONE',  ( -1.239088197126291063E-16, -0.000000000000000000, -1.000000000000000000 ) ) ;
#259 = ORIENTED_EDGE ( 'NONE', *, *, #1162, .F. ) ;
#260 = LINE ( 'NONE', #1117, #2528 ) ;
#261 = CC_DESIGN_PERSON_AND_ORGANIZATION_ASSIGNMENT ( #3273, #2780, ( #1527 ) ) ;
#262 = ORIENTED_EDGE ( 'NONE', *, *, #2716, .F. ) ;
#263 = EDGE_CURVE ( 'NONE', #483, #2200, #1653, .T. ) ;
#264 = EDGE_CURVE ( 'NONE', #2630, #2124, #140, .T. ) ;
#265 = DIRECTION ( 'NONE',  ( 1.000000000000000000, 0.000000000000000000, 0.000000000000000000 ) ) ;
#266 = DESIGN_CONTEXT ( 'detailed design', #2338, 'design' ) ;
#267 = ORIENTED_EDGE ( 'NONE', *, *, #2431, .T. ) ;
#268 = AXIS2_PLACEMENT_3D ( 'NONE', #1951, #90, #623 ) ;
#269 = AXIS2_PLACEMENT_3D ( 'NONE', #1554, #2604, #1837 ) ;
#270 = DIRECTION ( 'NONE',  ( 0.000000000000000000, 0.000000000000000000, 1.000000000000000000 ) ) ;
#271 = FACE_BOUND ( 'NONE', #1262, .T. ) ;
#272 = DIRECTION ( 'NONE',  ( -1.000000000000000000, -0.000000000000000000, -0.000000000000000000 ) ) ;
#273 = DIRECTION ( 'NONE',  ( -0.000000000000000000, 0.000000000000000000, 1.000000000000000000 ) ) ;
#274 = ORIENTED_EDGE ( 'NONE', *, *, #914, .T. ) ;
#275 = CYLINDRICAL_SURFACE ( 'NONE', #1407, 1.600000000000000755 ) ;
#276 = VERTEX_POINT ( 'NONE', #2448 ) ;
#277 = CC_DESIGN_APPROVAL ( #2634, ( #2273 ) ) ;
#278 = CARTESIAN_POINT ( 'NONE',  ( 5.250000000000857980, -3.399999999999943512, 18.00000000000000355 ) ) ;
#279 = AXIS2_PLACEMENT_3D ( 'NONE', #1972, #2547, #3049 ) ;
#280 = AXIS2_PLACEMENT_3D ( 'NONE', #2478, #1672, #335 ) ;
#281 = ORIENTED_EDGE ( 'NONE', *, *, #3367, .T. ) ;
#282 = AXIS2_PLACEMENT_3D ( 'NONE', #905, #1966, #3028 ) ;
#283 = CARTESIAN_POINT ( 'NONE',  ( -16.74999999999913314, -13.89999999999994351, 2.000000000000001776 ) ) ;
#284 = EDGE_CURVE ( 'NONE', #2616, #1802, #1695, .T. ) ;
#285 = EDGE_CURVE ( 'NONE', #2552, #3134, #1494, .T. ) ;
#286 = ORIENTED_EDGE ( 'NONE', *, *, #544, .T. ) ;
#287 = AXIS2_PLACEMENT_3D ( 'NONE', #3080, #2612, #993 ) ;
#288 = CARTESIAN_POINT ( 'NONE',  ( 24.29999999999994742, -5.700000000000617462, 4.499999999998850697 ) ) ;
#289 = EDGE_CURVE ( 'NONE', #2184, #3129, #2246, .T. ) ;
#290 = DIRECTION ( 'NONE',  ( -1.000000000000000000, -8.068481283613057027E-17, -0.000000000000000000 ) ) ;
#291 = DIRECTION ( 'NONE',  ( 1.000000000000000000, -0.000000000000000000, -0.000000000000000000 ) ) ;
#292 = DIRECTION ( 'NONE',  ( 0.000000000000000000, -1.000000000000000000, -0.000000000000000000 ) ) ;
#293 = EDGE_LOOP ( 'NONE', ( #1173, #2848, #912, #2987 ) ) ;
#294 = CARTESIAN_POINT ( 'NONE',  ( -33.47155663095718126, -116.5472894960083323, 4.136555207707186099 ) ) ;
#295 = ORIENTED_EDGE ( 'NONE', *, *, #2088, .F. ) ;
#296 = CIRCLE ( 'NONE', #2744, 1.000000000000000888 ) ;
#297 = CARTESIAN_POINT ( 'NONE',  ( -13.74999999999913491, 2.100000000000056488, 19.79999999999999716 ) ) ;
#298 = PERSON ( '未指定', '未指定', '未指定', ('未指定'), ('未指定'), ('未指定') ) ;
#299 = ORIENTED_EDGE ( 'NONE', *, *, #165, .T. ) ;
#300 = DIRECTION ( 'NONE',  ( -1.000000000000000000, 4.733165431326068731E-30, -1.499999999999977831E-14 ) ) ;
#301 = VERTEX_POINT ( 'NONE', #2467 ) ;
#302 = LINE ( 'NONE', #2128, #2739 ) ;
#303 = LINE ( 'NONE', #2129, #2357 ) ;
#304 = EDGE_CURVE ( 'NONE', #248, #1059, #603, .T. ) ;
#305 = DIRECTION ( 'NONE',  ( -1.000000000000000000, -0.000000000000000000, -0.000000000000000000 ) ) ;
#306 = ADVANCED_FACE ( 'NONE', ( #2788 ), #1677, .F. ) ;
#307 = VECTOR ( 'NONE', #2120, 1000.000000000000000 ) ;
#308 = CARTESIAN_POINT ( 'NONE',  ( 6.752281865619120360, -13.89999999999994529, 24.89726511105931195 ) ) ;
#309 = ORIENTED_EDGE ( 'NONE', *, *, #1930, .F. ) ;
#310 = CARTESIAN_POINT ( 'NONE',  ( -31.50073990237094179, -116.8465834480596612, 3.201467662547233584 ) ) ;
#311 = ORIENTED_EDGE ( 'NONE', *, *, #2599, .T. ) ;
#312 = DIRECTION ( 'NONE',  ( 0.000000000000000000, 0.000000000000000000, -1.000000000000000000 ) ) ;
#313 = VERTEX_POINT ( 'NONE', #1949 ) ;
#314 = B_SPLINE_CURVE_WITH_KNOTS ( 'NONE', 3,
 ( #2131, #2978, #854, #2451, #308, #557, #2407, #1611, #2145, #13, #3185, #325, #2433, #1647 ),
 .UNSPECIFIED., .F., .F.,
 ( 4, 2, 2, 2, 2, 2, 4 ),
 ( 0.000000000000000000, 0.001083466125658778464, 0.002166932251317556929, 0.004333864502635119929, 0.006500796753952682930, 0.007584262879611460527, 0.008667729005270239859 ),
 .UNSPECIFIED. ) ;
#315 = CIRCLE ( 'NONE', #2706, 1.000000000000000000 ) ;
#316 = CARTESIAN_POINT ( 'NONE',  ( -13.74999999999913491, -3.399999999999943068, 14.30000000000000249 ) ) ;
#317 = ORIENTED_EDGE ( 'NONE', *, *, #2614, .T. ) ;
#318 = VERTEX_POINT ( 'NONE', #1933 ) ;
#319 = CIRCLE ( 'NONE', #1387, 1.000000000000000888 ) ;
#320 = DIRECTION ( 'NONE',  ( 0.000000000000000000, 0.000000000000000000, -1.000000000000000000 ) ) ;
#321 = DIRECTION ( 'NONE',  ( 0.000000000000000000, 0.000000000000000000, 1.000000000000000000 ) ) ;
#322 = AXIS2_PLACEMENT_3D ( 'NONE', #669, #437, #419 ) ;
#323 = DIRECTION ( 'NONE',  ( 0.9848077530122075762, -0.1736481776669341059, 0.000000000000000000 ) ) ;
#324 = DIRECTION ( 'NONE',  ( 0.000000000000000000, 0.000000000000000000, 1.000000000000000000 ) ) ;
#325 = CARTESIAN_POINT ( 'NONE',  ( 11.90533127467202057, -13.89999999999994706, 21.63314032978645685 ) ) ;
#326 = ORIENTED_EDGE ( 'NONE', *, *, #2256, .F. ) ;
#327 = DIRECTION ( 'NONE',  ( 0.000000000000000000, -1.000000000000000000, 0.000000000000000000 ) ) ;
#328 = EDGE_CURVE ( 'NONE', #2868, #3317, #2010, .T. ) ;
#329 = ADVANCED_FACE ( 'NONE', ( #340 ), #1414, .T. ) ;
#330 = ORIENTED_EDGE ( 'NONE', *, *, #2182, .T. ) ;
#331 = EDGE_CURVE ( 'NONE', #747, #488, #1574, .T. ) ;
#332 = CARTESIAN_POINT ( 'NONE',  ( -15.24999999999913314, 2.100000000000056044, 18.00000000000000000 ) ) ;
#333 = VERTEX_POINT ( 'NONE', #382 ) ;
#334 = LOCAL_TIME ( 15, 33, 16.00000000000000000, #1526 ) ;
#335 = DIRECTION ( 'NONE',  ( 0.000000000000000000, 0.000000000000000000, 1.000000000000000000 ) ) ;
#336 = AXIS2_PLACEMENT_3D ( 'NONE', #2007, #1990, #1737 ) ;
#337 = EDGE_LOOP ( 'NONE', ( #1665, #1176, #1091, #1033 ) ) ;
#338 = DIRECTION ( 'NONE',  ( 0.000000000000000000, 0.000000000000000000, -1.000000000000000000 ) ) ;
#339 = LINE ( 'NONE', #906, #417 ) ;
#340 = FACE_OUTER_BOUND ( 'NONE', #2579, .T. ) ;
#341 = DIRECTION ( 'NONE',  ( -1.000000000000000000, 0.000000000000000000, 0.000000000000000000 ) ) ;
#342 = AXIS2_PLACEMENT_3D ( 'NONE', #3348, #2598, #2263 ) ;
#343 = DIRECTION ( 'NONE',  ( 0.9954746860379050100, -0.09502709854422759783, 0.000000000000000000 ) ) ;
#344 = ORIENTED_EDGE ( 'NONE', *, *, #2038, .F. ) ;
#345 = CARTESIAN_POINT ( 'NONE',  ( -16.74999999999913314, -3.399999999999943512, 18.00000000000000355 ) ) ;
#346 = ORIENTED_EDGE ( 'NONE', *, *, #1998, .T. ) ;
#347 = AXIS2_PLACEMENT_3D ( 'NONE', #1699, #327, #57 ) ;
#348 = DIRECTION ( 'NONE',  ( 0.000000000000000000, 0.000000000000000000, -1.000000000000000000 ) ) ;
#349 = ADVANCED_FACE ( 'NONE', ( #2505 ), #2525, .F. ) ;
#350 = VERTEX_POINT ( 'NONE', #3319 ) ;
#351 = ADVANCED_FACE ( 'NONE', ( #2266 ), #101, .F. ) ;
#352 = CARTESIAN_POINT ( 'NONE',  ( -14.74999999999913314, 0.000000000000000000, 0.000000000000000000 ) ) ;
#353 = PLANE ( 'NONE',  #1150 ) ;
#354 = AXIS2_PLACEMENT_3D ( 'NONE', #1560, #1491, #422 ) ;
#355 = EDGE_CURVE ( 'NONE', #1064, #1759, #2112, .T. ) ;
#356 = EDGE_CURVE ( 'NONE', #626, #31, #3023, .T. ) ;
#357 = DIRECTION ( 'NONE',  ( 1.000000000000000000, -0.000000000000000000, -0.000000000000000000 ) ) ;
#358 = VERTEX_POINT ( 'NONE', #1198 ) ;
#359 = ORIENTED_EDGE ( 'NONE', *, *, #2675, .F. ) ;
#360 = SHAPE_DEFINITION_REPRESENTATION ( #2609, #1175 ) ;
#361 = CARTESIAN_POINT ( 'NONE',  ( 18.25000000000087397, 3.648631556293159939, 7.350000000000561862 ) ) ;
#362 = DIRECTION ( 'NONE',  ( 1.000000000000000000, -0.000000000000000000, -0.000000000000000000 ) ) ;
#363 = DIRECTION ( 'NONE',  ( 0.000000000000000000, -1.000000000000000000, -0.000000000000000000 ) ) ;
#364 = CARTESIAN_POINT ( 'NONE',  ( -15.24999999999913314, -3.399999999999942180, 23.50000000000000000 ) ) ;
#365 = DIRECTION ( 'NONE',  ( 0.000000000000000000, -8.673617379884033500E-16, 1.000000000000000000 ) ) ;
#366 = EDGE_LOOP ( 'NONE', ( #1094, #465, #3008, #460 ) ) ;
#367 = CARTESIAN_POINT ( 'NONE',  ( 15.25000000000087397, -10.89999999999994529, 33.14142842854284510 ) ) ;
#368 = ORIENTED_EDGE ( 'NONE', *, *, #1604, .F. ) ;
#369 = DIRECTION ( 'NONE',  ( 0.000000000000000000, -0.4999999999999997780, -0.8660254037844387076 ) ) ;
#370 = ORIENTED_EDGE ( 'NONE', *, *, #2972, .F. ) ;
#371 = DIRECTION ( 'NONE',  ( 1.000000000000000000, 1.577021341797097560E-16, 0.000000000000000000 ) ) ;
#372 = EDGE_CURVE ( 'NONE', #646, #2232, #2257, .T. ) ;
#373 = LINE ( 'NONE', #164, #2760 ) ;
#374 = CARTESIAN_POINT ( 'NONE',  ( 15.25000000000087397, 4.799999994993326524, 34.97273648376064870 ) ) ;
#375 = VERTEX_POINT ( 'NONE', #63 ) ;
#376 = EDGE_CURVE ( 'NONE', #1530, #682, #2493, .T. ) ;
#377 = EDGE_CURVE ( 'NONE', #2898, #2816, #319, .T. ) ;
#378 = CARTESIAN_POINT ( 'NONE',  ( 15.25000000000087397, -10.89999999999994529, 1.499999999999994449 ) ) ;
#379 = CYLINDRICAL_SURFACE ( 'NONE', #1908, 1.000000000000000888 ) ;
#380 = CIRCLE ( 'NONE', #2328, 4.000000000000000000 ) ;
#381 = ORIENTED_EDGE ( 'NONE', *, *, #1145, .T. ) ;
#382 = CARTESIAN_POINT ( 'NONE',  ( 15.25000000000087397, 4.799999994993326524, 35.97273648376064870 ) ) ;
#383 = CARTESIAN_POINT ( 'NONE',  ( -5.949999999999123546, 14.10000000000005649, 25.14142842854284865 ) ) ;
#384 = CARTESIAN_POINT ( 'NONE',  ( 5.328073795467818563, -13.89999999999994351, 3.150000000000555023 ) ) ;
#385 = ORIENTED_EDGE ( 'NONE', *, *, #1930, .T. ) ;
#386 = CARTESIAN_POINT ( 'NONE',  ( 17.25000000000087041, -3.899999999999943512, 25.99999999999999645 ) ) ;
#387 = EDGE_LOOP ( 'NONE', ( #1232, #1955, #518, #415 ) ) ;
#388 = VECTOR ( 'NONE', #1962, 1000.000000000000000 ) ;
#389 = CIRCLE ( 'NONE', #879, 4.000000000000000000 ) ;
#390 = FACE_OUTER_BOUND ( 'NONE', #2012, .T. ) ;
#391 = ORIENTED_EDGE ( 'NONE', *, *, #2203, .T. ) ;
#392 = AXIS2_PLACEMENT_3D ( 'NONE', #1159, #1688, #2720 ) ;
#393 = DIRECTION ( 'NONE',  ( -1.000000000000000000, 0.000000000000000000, 0.000000000000000000 ) ) ;
#394 = CARTESIAN_POINT ( 'NONE',  ( 6.550003508321083245, 14.10000000000005649, 11.14142842854284865 ) ) ;
#395 = DIRECTION ( 'NONE',  ( -0.8893282335446544007, -0.4572693878014847391, 0.000000000000000000 ) ) ;
#396 = PERSON_AND_ORGANIZATION ( #298, #2846 ) ;
#397 = VERTEX_POINT ( 'NONE', #418 ) ;
#398 = CALENDAR_DATE ( 2026, 24, 6 ) ;
#399 = VECTOR ( 'NONE', #2421, 1000.000000000000000 ) ;
#400 = CARTESIAN_POINT ( 'NONE',  ( 1.750000000000865530, 0.2999999949937874888, 16.97999999378772173 ) ) ;
#401 = EDGE_CURVE ( 'NONE', #747, #810, #1687, .T. ) ;
#402 = DIRECTION ( 'NONE',  ( 1.000000000000000000, 0.000000000000000000, 0.000000000000000000 ) ) ;
#403 = ORIENTED_EDGE ( 'NONE', *, *, #2402, .T. ) ;
#404 = ORIENTED_EDGE ( 'NONE', *, *, #2937, .F. ) ;
#405 = DIRECTION ( 'NONE',  ( 1.000000000000000000, 0.000000000000000000, 0.000000000000000000 ) ) ;
#406 = AXIS2_PLACEMENT_3D ( 'NONE', #809, #2392, #2682 ) ;
#407 = CARTESIAN_POINT ( 'NONE',  ( -33.83739508267493790, -116.4955387373389470, 23.79448422374722227 ) ) ;
#408 = ADVANCED_FACE ( 'NONE', ( #1177 ), #2014, .F. ) ;
#409 = CARTESIAN_POINT ( 'NONE',  ( -16.74999999999913314, 14.10000000000005649, 0.8284271247461902909 ) ) ;
#410 = ORIENTED_EDGE ( 'NONE', *, *, #1085, .F. ) ;
#411 = DIRECTION ( 'NONE',  ( -1.000000000000000000, -0.000000000000000000, -0.000000000000000000 ) ) ;
#412 = ORIENTED_EDGE ( 'NONE', *, *, #999, .F. ) ;
#413 = DIRECTION ( 'NONE',  ( -0.9848077530122073542, 0.1736481776669343002, 0.000000000000000000 ) ) ;
#414 = ORIENTED_EDGE ( 'NONE', *, *, #3308, .F. ) ;
#415 = ORIENTED_EDGE ( 'NONE', *, *, #826, .F. ) ;
#416 = AXIS2_PLACEMENT_3D ( 'NONE', #2417, #2111, #1068 ) ;
#417 = VECTOR ( 'NONE', #2503, 1000.000000000000000 ) ;
#418 = CARTESIAN_POINT ( 'NONE',  ( -15.24999999999913314, -3.399999999999943512, 13.50000000000000178 ) ) ;
#419 = DIRECTION ( 'NONE',  ( 1.000000000000000000, 0.000000000000000000, 0.000000000000000000 ) ) ;
#420 = CARTESIAN_POINT ( 'NONE',  ( 7.250000000000868638, 0.2999999949933278565, 5.850000000000560973 ) ) ;
#421 = VECTOR ( 'NONE', #186, 1000.000000000000000 ) ;
#422 = DIRECTION ( 'NONE',  ( 0.000000000000000000, 0.000000000000000000, -1.000000000000000000 ) ) ;
#423 = CARTESIAN_POINT ( 'NONE',  ( -20.92471613209713155, -37.57599170203148020, -76.84999999999944009 ) ) ;
#424 = ORIENTED_EDGE ( 'NONE', *, *, #472, .T. ) ;
#425 = ORIENTED_EDGE ( 'NONE', *, *, #1828, .T. ) ;
#426 = EDGE_CURVE ( 'NONE', #2927, #2943, #3309, .T. ) ;
#427 = DIRECTION ( 'NONE',  ( 0.000000000000000000, 0.000000000000000000, 1.000000000000000000 ) ) ;
#428 = CARTESIAN_POINT ( 'NONE',  ( -19.09563858089117971, -41.13330463621009159, 3.150000000000555023 ) ) ;
#429 = ORIENTED_EDGE ( 'NONE', *, *, #1660, .T. ) ;
#430 = EDGE_CURVE ( 'NONE', #483, #2121, #2714, .T. ) ;
#431 = EDGE_CURVE ( 'NONE', #3072, #935, #2982, .T. ) ;
#432 = FACE_OUTER_BOUND ( 'NONE', #20, .T. ) ;
#433 = ORIENTED_EDGE ( 'NONE', *, *, #377, .F. ) ;
#434 = ORIENTED_EDGE ( 'NONE', *, *, #426, .T. ) ;
#435 = AXIS2_PLACEMENT_3D ( 'NONE', #2754, #371, #878 ) ;
#436 = FACE_OUTER_BOUND ( 'NONE', #2877, .T. ) ;
#437 = DIRECTION ( 'NONE',  ( 0.000000000000000000, 0.000000000000000000, 1.000000000000000000 ) ) ;
#438 = TOROIDAL_SURFACE ( 'NONE', #1772, 9.000000000000001776, 4.000000000000000000 ) ;
#439 = DIRECTION ( 'NONE',  ( -1.000000000000000000, -6.195440985631452852E-17, 0.000000000000000000 ) ) ;
#440 = DIRECTION ( 'NONE',  ( -1.000000000000000000, 0.000000000000000000, -0.000000000000000000 ) ) ;
#441 = ORIENTED_EDGE ( 'NONE', *, *, #44, .T. ) ;
#442 = VECTOR ( 'NONE', #3286, 1000.000000000000000 ) ;
#443 = DIRECTION ( 'NONE',  ( -1.387778780781444413E-14, 0.000000000000000000, 1.000000000000000000 ) ) ;
#444 = DIRECTION ( 'NONE',  ( -0.000000000000000000, 1.199084766825474603E-16, -1.000000000000000000 ) ) ;
#445 = CARTESIAN_POINT ( 'NONE',  ( 0.000000000000000000, -10.89999999999994529, 1.499999999999994449 ) ) ;
#446 = CARTESIAN_POINT ( 'NONE',  ( -13.74999999999913491, -10.89999999999994529, 33.14142842854284510 ) ) ;
#447 = ORIENTED_EDGE ( 'NONE', *, *, #846, .F. ) ;
#448 = ADVANCED_FACE ( 'NONE', ( #1996, #2516, #899, #123, #2237, #2798 ), #614, .T. ) ;
#449 = EDGE_LOOP ( 'NONE', ( #295, #1673, #3064, #2872 ) ) ;
#450 = EDGE_CURVE ( 'NONE', #2552, #1426, #3055, .T. ) ;
#451 = CARTESIAN_POINT ( 'NONE',  ( 15.25000000000086864, 12.10000000000005649, 0.000000000000000000 ) ) ;
#452 = VECTOR ( 'NONE', #324, 1000.000000000000000 ) ;
#453 = ADVANCED_FACE ( 'NONE', ( #2818 ), #3418, .T. ) ;
#454 = CARTESIAN_POINT ( 'NONE',  ( 12.44549815588725394, -18.89999999999994529, 21.15000000000055991 ) ) ;
#455 = CIRCLE ( 'NONE', #2394, 9.000000000000001776 ) ;
#456 = APPROVAL_DATE_TIME ( #1237, #2634 ) ;
#457 = AXIS2_PLACEMENT_3D ( 'NONE', #2169, #2725, #852 ) ;
#458 = DIRECTION ( 'NONE',  ( 1.000000000000000000, -0.000000000000000000, -0.000000000000000000 ) ) ;
#459 = DIRECTION ( 'NONE',  ( 1.000000000000000000, 0.000000000000000000, 0.000000000000000000 ) ) ;
#460 = ORIENTED_EDGE ( 'NONE', *, *, #1504, .T. ) ;
#461 = AXIS2_PLACEMENT_3D ( 'NONE', #1794, #127, #3042 ) ;
#462 = LINE ( 'NONE', #1514, #1693 ) ;
#463 = FACE_OUTER_BOUND ( 'NONE', #2424, .T. ) ;
#464 = PLANE ( 'NONE',  #2080 ) ;
#465 = ORIENTED_EDGE ( 'NONE', *, *, #1235, .T. ) ;
#466 = EDGE_LOOP ( 'NONE', ( #3327, #812, #2274, #1686 ) ) ;
#467 = CARTESIAN_POINT ( 'NONE',  ( -15.24999999999913491, -3.399999999999943512, 12.50000000000000178 ) ) ;
#468 = DIRECTION ( 'NONE',  ( 0.000000000000000000, 0.000000000000000000, -1.000000000000000000 ) ) ;
#469 = VECTOR ( 'NONE', #34, 1000.000000000000000 ) ;
#470 = EDGE_LOOP ( 'NONE', ( #3193, #3301, #187, #2264 ) ) ;
#471 = EDGE_CURVE ( 'NONE', #1530, #2311, #2097, .T. ) ;
#472 = EDGE_CURVE ( 'NONE', #2121, #1426, #144, .T. ) ;
#473 = DIRECTION ( 'NONE',  ( 1.000000000000000000, -0.000000000000000000, -0.000000000000000000 ) ) ;
#474 = CARTESIAN_POINT ( 'NONE',  ( 24.29999999999969162, 8.999999999999442224, 21.69999999999994600 ) ) ;
#475 = VERTEX_POINT ( 'NONE', #1157 ) ;
#476 = DIRECTION ( 'NONE',  ( 0.8893282335446542897, 0.4572693878014851832, 0.000000000000000000 ) ) ;
#477 = ORIENTED_EDGE ( 'NONE', *, *, #3367, .F. ) ;
#478 = FACE_OUTER_BOUND ( 'NONE', #1011, .T. ) ;
#479 = DIRECTION ( 'NONE',  ( -0.000000000000000000, -0.000000000000000000, 1.000000000000000000 ) ) ;
#480 = FACE_OUTER_BOUND ( 'NONE', #189, .T. ) ;
#481 = CARTESIAN_POINT ( 'NONE',  ( 17.25000000000087041, 8.999999999999442224, 20.69999999999983942 ) ) ;
#482 = ORIENTED_EDGE ( 'NONE', *, *, #1583, .T. ) ;
#483 = VERTEX_POINT ( 'NONE', #2885 ) ;
#484 = DIRECTION ( 'NONE',  ( 0.000000000000000000, -1.000000000000000000, 0.000000000000000000 ) ) ;
#485 = CARTESIAN_POINT ( 'NONE',  ( 18.25000000000087397, -1.374315785656583300, 4.450000000000562395 ) ) ;
#486 = EDGE_LOOP ( 'NONE', ( #1561, #1071, #631, #1125, #344, #3304, #1893, #2132 ) ) ;
#487 = EDGE_CURVE ( 'NONE', #301, #38, #1044, .T. ) ;
#488 = VERTEX_POINT ( 'NONE', #2363 ) ;
#489 = ADVANCED_FACE ( 'NONE', ( #3410 ), #3320, .T. ) ;
#490 = CARTESIAN_POINT ( 'NONE',  ( 7.250000000000868638, 0.2999999949933278565, 7.350000000000560973 ) ) ;
#491 = EDGE_CURVE ( 'NONE', #682, #2581, #1234, .T. ) ;
#492 = ORIENTED_EDGE ( 'NONE', *, *, #1770, .T. ) ;
#493 = PLANE ( 'NONE',  #185 ) ;
#494 = FACE_OUTER_BOUND ( 'NONE', #2884, .T. ) ;
#495 = DIRECTION ( 'NONE',  ( 1.000000000000000000, 1.734723475976807094E-15, 0.000000000000000000 ) ) ;
#496 = DIRECTION ( 'NONE',  ( 0.000000000000000000, 0.000000000000000000, -1.000000000000000000 ) ) ;
#497 = ORIENTED_EDGE ( 'NONE', *, *, #2020, .F. ) ;
#498 = DIRECTION ( 'NONE',  ( 0.000000000000000000, 0.000000000000000000, 1.000000000000000000 ) ) ;
#499 = CARTESIAN_POINT ( 'NONE',  ( 15.25000000000087219, 2.404957546240711343E-15, 1.499999999999994449 ) ) ;
#500 = ORIENTED_EDGE ( 'NONE', *, *, #1504, .F. ) ;
#501 = DIRECTION ( 'NONE',  ( 0.000000000000000000, 0.000000000000000000, -1.000000000000000000 ) ) ;
#502 = VERTEX_POINT ( 'NONE', #3105 ) ;
#503 = CARTESIAN_POINT ( 'NONE',  ( 17.25000000000087041, 0.2999999949933284671, 2.350000000000560973 ) ) ;
#504 = DIRECTION ( 'NONE',  ( -1.000000000000000000, 4.733165431326068731E-30, -1.499999999999977831E-14 ) ) ;
#505 = ADVANCED_FACE ( 'NONE', ( #436 ), #2870, .F. ) ;
#506 = DIRECTION ( 'NONE',  ( 1.000000000000000000, 1.577021341797097560E-16, 0.000000000000000000 ) ) ;
#507 = EDGE_CURVE ( 'NONE', #2173, #1468, #315, .T. ) ;
#508 = DIRECTION ( 'NONE',  ( 1.000000000000000000, 0.000000000000000000, 0.000000000000000000 ) ) ;
#509 = ORIENTED_EDGE ( 'NONE', *, *, #1475, .T. ) ;
#510 = AXIS2_PLACEMENT_3D ( 'NONE', #361, #1985, #924 ) ;
#511 = EDGE_LOOP ( 'NONE', ( #820, #2787, #2158, #1137 ) ) ;
#512 = CIRCLE ( 'NONE', #406, 1.000000000000000000 ) ;
#513 = DIRECTION ( 'NONE',  ( 0.8893282335446544007, 0.4572693878014847391, -0.000000000000000000 ) ) ;
#514 = EDGE_LOOP ( 'NONE', ( #2647, #1708 ) ) ;
#515 = VECTOR ( 'NONE', #440, 1000.000000000000000 ) ;
#516 = DIRECTION ( 'NONE',  ( 1.000000000000000000, 0.000000000000000000, 0.000000000000000000 ) ) ;
#517 = AXIS2_PLACEMENT_3D ( 'NONE', #2633, #504, #1096 ) ;
#518 = ORIENTED_EDGE ( 'NONE', *, *, #3083, .T. ) ;
#519 = VECTOR ( 'NONE', #1313, 1000.000000000000000 ) ;
#520 = DIRECTION ( 'NONE',  ( 1.000000000000000000, -0.000000000000000000, 0.000000000000000000 ) ) ;
#521 = CARTESIAN_POINT ( 'NONE',  ( 7.550003508321085910, 14.10000000000005649, 24.14142842854284154 ) ) ;
#522 = ADVANCED_FACE ( 'NONE', ( #718 ), #2101, .F. ) ;
#523 = VECTOR ( 'NONE', #1337, 1000.000000000000000 ) ;
#524 = CARTESIAN_POINT ( 'NONE',  ( -15.24999999999913491, -3.399999999999942180, 23.50000000000000000 ) ) ;
#525 = DIRECTION ( 'NONE',  ( 0.000000000000000000, 1.000000000000000000, 0.000000000000000000 ) ) ;
#526 = EDGE_LOOP ( 'NONE', ( #94, #1013, #1007, #16 ) ) ;
#527 = CARTESIAN_POINT ( 'NONE',  ( -30.85554728175731398, -116.9594075513292069, 3.150000000000555023 ) ) ;
#528 = ADVANCED_FACE ( 'NONE', ( #3126 ), #196, .F. ) ;
#529 = ADVANCED_FACE ( 'NONE', ( #2346 ), #827, .T. ) ;
#530 = ORIENTED_EDGE ( 'NONE', *, *, #289, .F. ) ;
#531 = DIRECTION ( 'NONE',  ( -1.000000000000000000, 0.000000000000000000, -0.000000000000000000 ) ) ;
#532 = ORIENTED_EDGE ( 'NONE', *, *, #2480, .F. ) ;
#533 = PLANE ( 'NONE',  #2917 ) ;
#534 = VERTEX_POINT ( 'NONE', #3143 ) ;
#535 = CIRCLE ( 'NONE', #1372, 1.000000000000000888 ) ;
#536 = CARTESIAN_POINT ( 'NONE',  ( 17.25000000000087041, 6.299999999999406519, 5.499999999998681055 ) ) ;
#537 = DIRECTION ( 'NONE',  ( -1.000000000000000000, -0.000000000000000000, -0.000000000000000000 ) ) ;
#538 = CARTESIAN_POINT ( 'NONE',  ( -16.74999999999913314, -13.89999999999994351, 3.150000000000555023 ) ) ;
#539 = CARTESIAN_POINT ( 'NONE',  ( 15.25000000000087219, 4.299999994993379815, 31.90820322406346676 ) ) ;
#540 = ORIENTED_EDGE ( 'NONE', *, *, #138, .T. ) ;
#541 = DIRECTION ( 'NONE',  ( 1.000000000000000000, -7.885106708985487801E-17, 0.000000000000000000 ) ) ;
#542 = ORIENTED_EDGE ( 'NONE', *, *, #2179, .F. ) ;
#543 = DIRECTION ( 'NONE',  ( 0.000000000000000000, 0.000000000000000000, -1.000000000000000000 ) ) ;
#544 = EDGE_CURVE ( 'NONE', #1365, #3255, #3091, .T. ) ;
#545 = EDGE_LOOP ( 'NONE', ( #2905, #1321, #2786, #2613 ) ) ;
#546 = EDGE_CURVE ( 'NONE', #1995, #2063, #2325, .T. ) ;
#547 = FACE_OUTER_BOUND ( 'NONE', #1120, .T. ) ;
#548 = EDGE_LOOP ( 'NONE', ( #3372, #3264, #2013, #2849 ) ) ;
#549 = VECTOR ( 'NONE', #2527, 1000.000000000000000 ) ;
#550 = VECTOR ( 'NONE', #806, 1000.000000000000000 ) ;
#551 = AXIS2_PLACEMENT_3D ( 'NONE', #2198, #653, #1723 ) ;
#552 = DIRECTION ( 'NONE',  ( 0.1736481776669340782, 0.9848077530122073542, -0.000000000000000000 ) ) ;
#553 = VECTOR ( 'NONE', #1374, 1000.000000000000000 ) ;
#554 = FACE_BOUND ( 'NONE', #3050, .T. ) ;
#555 = DIRECTION ( 'NONE',  ( -1.000000000000000000, 0.000000000000000000, -0.000000000000000000 ) ) ;
#556 = EDGE_CURVE ( 'NONE', #5, #810, #2770, .T. ) ;
#557 = CARTESIAN_POINT ( 'NONE',  ( 7.786830429967189104, -13.89999999999994706, 24.54790345929099971 ) ) ;
#558 = ORIENTED_EDGE ( 'NONE', *, *, #2785, .F. ) ;
#559 = DIRECTION ( 'NONE',  ( 0.000000000000000000, 0.000000000000000000, 1.000000000000000000 ) ) ;
#560 = EDGE_LOOP ( 'NONE', ( #1087, #2006, #2596, #2160 ) ) ;
#561 = CC_DESIGN_SECURITY_CLASSIFICATION ( #2445, ( #1527 ) ) ;
#562 = DIRECTION ( 'NONE',  ( -1.000000000000000000, 0.000000000000000000, 0.000000000000000000 ) ) ;
#563 = AXIS2_PLACEMENT_3D ( 'NONE', #3213, #591, #807 ) ;
#564 = VERTEX_POINT ( 'NONE', #985 ) ;
#565 = AXIS2_PLACEMENT_3D ( 'NONE', #76, #1666, #1954 ) ;
#566 = CARTESIAN_POINT ( 'NONE',  ( 24.29999999999993321, 6.299999999999406519, 5.499999999998786748 ) ) ;
#567 = ORIENTED_EDGE ( 'NONE', *, *, #745, .F. ) ;
#568 = EDGE_CURVE ( 'NONE', #2588, #2616, #2904, .T. ) ;
#569 = CIRCLE ( 'NONE', #2520, 8.000000000000000000 ) ;
#570 = LINE ( 'NONE', #2958, #1130 ) ;
#571 = AXIS2_PLACEMENT_3D ( 'NONE', #209, #506, #1582 ) ;
#572 = CARTESIAN_POINT ( 'NONE',  ( -15.24999999999913491, -3.399999999999943512, 12.50000000000000178 ) ) ;
#573 = FACE_BOUND ( 'NONE', #143, .T. ) ;
#574 = FACE_OUTER_BOUND ( 'NONE', #1973, .T. ) ;
#575 = ORIENTED_EDGE ( 'NONE', *, *, #826, .T. ) ;
#576 = CARTESIAN_POINT ( 'NONE',  ( -34.81657034545185070, -116.3606119430080952, 7.150000000000555467 ) ) ;
#577 = ORIENTED_EDGE ( 'NONE', *, *, #1383, .T. ) ;
#578 = VECTOR ( 'NONE', #2330, 1000.000000000000227 ) ;
#579 = DIRECTION ( 'NONE',  ( 1.000000000000000000, 0.000000000000000000, 0.000000000000000000 ) ) ;
#580 = ORIENTED_EDGE ( 'NONE', *, *, #1957, .F. ) ;
#581 = DIRECTION ( 'NONE',  ( 0.000000000000000000, -1.000000000000000000, 0.000000000000000000 ) ) ;
#582 = ORIENTED_EDGE ( 'NONE', *, *, #3391, .T. ) ;
#583 = VECTOR ( 'NONE', #363, 1000.000000000000000 ) ;
#584 = ADVANCED_FACE ( 'NONE', ( #1304, #212 ), #3374, .T. ) ;
#585 = AXIS2_PLACEMENT_3D ( 'NONE', #2773, #1703, #1462 ) ;
#586 = LINE ( 'NONE', #3258, #1189 ) ;
#587 = EDGE_CURVE ( 'NONE', #2927, #2083, #3208, .T. ) ;
#588 = DIRECTION ( 'NONE',  ( -0.1736481776669341059, -0.9848077530122075762, 0.000000000000000000 ) ) ;
#589 = CARTESIAN_POINT ( 'NONE',  ( 24.29999999999972005, -8.400000000000559908, 19.70000000000001350 ) ) ;
#590 = AXIS2_PLACEMENT_3D ( 'NONE', #1306, #232, #468 ) ;
#591 = DIRECTION ( 'NONE',  ( 0.1736481776669351329, 0.9848077530122072432, 7.530789258985597283E-17 ) ) ;
#592 = EDGE_LOOP ( 'NONE', ( #2369, #608 ) ) ;
#593 = CARTESIAN_POINT ( 'NONE',  ( -13.74999999999913491, -3.399999999999942180, 23.50000000000000000 ) ) ;
#594 = VERTEX_POINT ( 'NONE', #230 ) ;
#595 = CARTESIAN_POINT ( 'NONE',  ( -6.949999999999123546, 11.10000000000005649, 24.14142842854284510 ) ) ;
#596 = ORIENTED_EDGE ( 'NONE', *, *, #2365, .T. ) ;
#597 = AXIS2_PLACEMENT_3D ( 'NONE', #2771, #3266, #413 ) ;
#598 = DIRECTION ( 'NONE',  ( 1.000000000000000000, -0.000000000000000000, 0.000000000000000000 ) ) ;
#599 = ORIENTED_EDGE ( 'NONE', *, *, #2182, .F. ) ;
#600 = CARTESIAN_POINT ( 'NONE',  ( 0.000000000000000000, -3.899999999999943512, 36.00000000000000000 ) ) ;
#601 = DIRECTION ( 'NONE',  ( -1.000000000000000000, -8.068481283613057027E-17, -0.000000000000000000 ) ) ;
#602 = AXIS2_PLACEMENT_3D ( 'NONE', #1069, #3014, #2857 ) ;
#603 = LINE ( 'NONE', #2746, #1924 ) ;
#604 = EDGE_CURVE ( 'NONE', #2943, #313, #380, .T. ) ;
#605 = DIRECTION ( 'NONE',  ( 0.000000000000000000, 0.000000000000000000, -1.000000000000000000 ) ) ;
#606 = AXIS2_PLACEMENT_3D ( 'NONE', #374, #1909, #1142 ) ;
#607 = CARTESIAN_POINT ( 'NONE',  ( 0.000000000000000000, 0.000000000000000000, 25.15000000000055991 ) ) ;
#608 = ORIENTED_EDGE ( 'NONE', *, *, #1975, .T. ) ;
#609 = CYLINDRICAL_SURFACE ( 'NONE', #565, 3.999999999999999556 ) ;
#610 = ORIENTED_EDGE ( 'NONE', *, *, #285, .T. ) ;
#611 = EDGE_CURVE ( 'NONE', #2712, #1135, #934, .T. ) ;
#612 = CARTESIAN_POINT ( 'NONE',  ( -29.89253158039080915, -118.2288528313427491, 3.150000000000555023 ) ) ;
#613 = ORIENTED_EDGE ( 'NONE', *, *, #1083, .F. ) ;
#614 = PLANE ( 'NONE',  #1495 ) ;
#615 = CYLINDRICAL_SURFACE ( 'NONE', #392, 10.00000000000000178 ) ;
#616 = VECTOR ( 'NONE', #2766, 1000.000000000000000 ) ;
#617 = ORIENTED_EDGE ( 'NONE', *, *, #1913, .F. ) ;
#618 = ORIENTED_EDGE ( 'NONE', *, *, #1886, .T. ) ;
#619 = ADVANCED_FACE ( 'NONE', ( #2815 ), #1741, .T. ) ;
#620 = DIRECTION ( 'NONE',  ( -6.195440985631452852E-17, 1.000000000000000000, -0.000000000000000000 ) ) ;
#621 = DIRECTION ( 'NONE',  ( 0.000000000000000000, 0.000000000000000000, -1.000000000000000000 ) ) ;
#622 = CARTESIAN_POINT ( 'NONE',  ( 17.25000000000087041, 6.299999999999406519, 5.499999999998681055 ) ) ;
#623 = DIRECTION ( 'NONE',  ( 0.000000000000000000, 0.000000000000000000, 1.000000000000000000 ) ) ;
#624 = CIRCLE ( 'NONE', #3288, 1.000000000000000000 ) ;
#625 = DIRECTION ( 'NONE',  ( 1.000000000000000000, 0.000000000000000000, -0.000000000000000000 ) ) ;
#626 = VERTEX_POINT ( 'NONE', #96 ) ;
#627 = CYLINDRICAL_SURFACE ( 'NONE', #347, 1.000000000000000888 ) ;
#628 = APPROVAL ( #706, '未指定' ) ;
#629 = EDGE_LOOP ( 'NONE', ( #3386, #644, #969, #2093 ) ) ;
#630 = CARTESIAN_POINT ( 'NONE',  ( -14.74999999999913314, -13.89999999999994351, 0.000000000000000000 ) ) ;
#631 = ORIENTED_EDGE ( 'NONE', *, *, #1980, .F. ) ;
#632 = ADVANCED_FACE ( 'NONE', ( #2212 ), #1174, .T. ) ;
#633 = DIRECTION ( 'NONE',  ( 1.890982267907569678E-32, -1.199084766825474603E-16, 1.000000000000000000 ) ) ;
#634 = DIRECTION ( 'NONE',  ( -1.000000000000000000, 0.000000000000000000, -0.000000000000000000 ) ) ;
#635 = DIRECTION ( 'NONE',  ( 1.000000000000000000, 0.000000000000000000, 0.000000000000000000 ) ) ;
#636 = ORIENTED_EDGE ( 'NONE', *, *, #3146, .T. ) ;
#637 = COORDINATED_UNIVERSAL_TIME_OFFSET ( 8, 0, .AHEAD. ) ;
#638 = CARTESIAN_POINT ( 'NONE',  ( -16.74999999999913314, -8.899999999999943512, 19.00000000000000000 ) ) ;
#639 = CARTESIAN_POINT ( 'NONE',  ( -13.74999999999913491, -3.399999999999942180, 23.50000000000000000 ) ) ;
#640 = ORIENTED_EDGE ( 'NONE', *, *, #2468, .T. ) ;
#641 = CARTESIAN_POINT ( 'NONE',  ( -29.89253158039080915, -117.2288528313427491, 21.15000000000055991 ) ) ;
#642 = CARTESIAN_POINT ( 'NONE',  ( 15.25000000000087397, -8.400000000000559908, 21.69999999999987850 ) ) ;
#643 = CARTESIAN_POINT ( 'NONE',  ( 24.29999999999993321, -5.700000000000617462, 5.499999999998850697 ) ) ;
#644 = ORIENTED_EDGE ( 'NONE', *, *, #2126, .F. ) ;
#645 = CARTESIAN_POINT ( 'NONE',  ( -15.04679769924827504, -118.2288528313427491, 25.15000000000055991 ) ) ;
#646 = VERTEX_POINT ( 'NONE', #630 ) ;
#647 = CARTESIAN_POINT ( 'NONE',  ( -13.74999999999913491, -8.899999999999943512, 19.79999999999999716 ) ) ;
#648 = VERTEX_POINT ( 'NONE', #3036 ) ;
#649 = DIRECTION ( 'NONE',  ( 0.000000000000000000, 1.000000000000000000, 0.000000000000000000 ) ) ;
#650 = EDGE_CURVE ( 'NONE', #1690, #2844, #2992, .T. ) ;
#651 = EDGE_CURVE ( 'NONE', #502, #1860, #1420, .T. ) ;
#652 = DIRECTION ( 'NONE',  ( 0.000000000000000000, 0.000000000000000000, -1.000000000000000000 ) ) ;
#653 = DIRECTION ( 'NONE',  ( -1.000000000000000000, -0.000000000000000000, -0.000000000000000000 ) ) ;
#654 = APPLICATION_PROTOCOL_DEFINITION ( 'international standard', 'config_control_design', 1994, #2153 ) ;
#655 = ORIENTED_EDGE ( 'NONE', *, *, #1525, .T. ) ;
#656 = EDGE_CURVE ( 'NONE', #1875, #2889, #2271, .T. ) ;
#657 = CARTESIAN_POINT ( 'NONE',  ( -16.74999999999913314, 4.877777772214800578, 35.96970720417849776 ) ) ;
#658 = DIRECTION ( 'NONE',  ( -1.000000000000000000, 0.000000000000000000, 0.000000000000000000 ) ) ;
#659 = ORIENTED_EDGE ( 'NONE', *, *, #556, .F. ) ;
#660 = DIRECTION ( 'NONE',  ( 0.000000000000000000, 0.000000000000000000, -1.000000000000000000 ) ) ;
#661 = CARTESIAN_POINT ( 'NONE',  ( -31.89464964389787127, -116.7815472525124676, 25.04431106896235804 ) ) ;
#662 = CARTESIAN_POINT ( 'NONE',  ( 9.659396361736950709, -13.89999999999994174, 4.830364972490268194 ) ) ;
#663 = ORIENTED_EDGE ( 'NONE', *, *, #3083, .F. ) ;
#664 = DIRECTION ( 'NONE',  ( 2.168404344971009361E-16, -1.000000000000000000, 0.000000000000000000 ) ) ;
#665 = ORIENTED_EDGE ( 'NONE', *, *, #865, .T. ) ;
#666 = PLANE ( 'NONE',  #216 ) ;
#667 = ORIENTED_EDGE ( 'NONE', *, *, #401, .F. ) ;
#668 = CARTESIAN_POINT ( 'NONE',  ( 24.29999999999993321, 6.299999999999406519, 5.499999999998786748 ) ) ;
#669 = CARTESIAN_POINT ( 'NONE',  ( -29.89253158039080915, -117.2288528313427491, 25.15000000000055991 ) ) ;
#670 = DIRECTION ( 'NONE',  ( 0.09502709854422725089, 0.9954746860379050100, -0.000000000000000000 ) ) ;
#671 = DIRECTION ( 'NONE',  ( -1.000000000000000000, -0.000000000000000000, -0.000000000000000000 ) ) ;
#672 = CC_DESIGN_PERSON_AND_ORGANIZATION_ASSIGNMENT ( #2281, #690, ( #2078 ) ) ;
#673 = VECTOR ( 'NONE', #2743, 1000.000000000000000 ) ;
#674 = CARTESIAN_POINT ( 'NONE',  ( -16.74999999999913314, -13.89999999999994351, 0.000000000000000000 ) ) ;
#675 = EDGE_CURVE ( 'NONE', #694, #984, #897, .T. ) ;
#676 = CARTESIAN_POINT ( 'NONE',  ( -6.949999999999125322, 14.10000000000005649, 12.14142842854285043 ) ) ;
#677 = EDGE_CURVE ( 'NONE', #3199, #3052, #1437, .T. ) ;
#678 = VERTEX_POINT ( 'NONE', #647 ) ;
#679 = CIRCLE ( 'NONE', #735, 4.000000000000000000 ) ;
#680 = FACE_OUTER_BOUND ( 'NONE', #2794, .T. ) ;
#681 = DIRECTION ( 'NONE',  ( 0.8893282335446544007, 0.4572693878014847391, -0.000000000000000000 ) ) ;
#682 = VERTEX_POINT ( 'NONE', #1718 ) ;
#683 = AXIS2_PLACEMENT_3D ( 'NONE', #2708, #1392, #2188 ) ;
#684 = DIRECTION ( 'NONE',  ( 1.000000000000000000, 0.000000000000000000, -1.239088197126291063E-16 ) ) ;
#685 = ORIENTED_EDGE ( 'NONE', *, *, #2362, .T. ) ;
#686 = ORIENTED_EDGE ( 'NONE', *, *, #556, .T. ) ;
#687 = VECTOR ( 'NONE', #2713, 1000.000000000000000 ) ;
#688 = CARTESIAN_POINT ( 'NONE',  ( 7.250000000000868638, 3.799999994993327412, 30.43045858655107949 ) ) ;
#689 = DIRECTION ( 'NONE',  ( 6.987509761568185038E-17, -0.8660254037844387076, -0.5000000000000001110 ) ) ;
#690 = PERSON_AND_ORGANIZATION_ROLE ( 'design_owner' ) ;
#691 = VECTOR ( 'NONE', #439, 1000.000000000000000 ) ;
#692 = CARTESIAN_POINT ( 'NONE',  ( 18.25000000000087397, -3.048631566306497565, 7.350000000000560973 ) ) ;
#693 = DIRECTION ( 'NONE',  ( 0.000000000000000000, 0.000000000000000000, -1.000000000000000000 ) ) ;
#694 = VERTEX_POINT ( 'NONE', #1231 ) ;
#695 = ADVANCED_FACE ( 'NONE', ( #390 ), #1460, .T. ) ;
#696 = ADVANCED_FACE ( 'NONE', ( #2513 ), #2776, .T. ) ;
#697 = CARTESIAN_POINT ( 'NONE',  ( -29.89253158039080915, -118.2288528313427491, 21.15000000000055991 ) ) ;
#698 = CARTESIAN_POINT ( 'NONE',  ( 5.250000000000857980, -8.899999999999943512, 18.00000000000000000 ) ) ;
#699 = ORIENTED_EDGE ( 'NONE', *, *, #2179, .T. ) ;
#700 = CARTESIAN_POINT ( 'NONE',  ( 12.44549815588725394, -18.89999999999994529, 7.150000000000555467 ) ) ;
#701 = ORIENTED_EDGE ( 'NONE', *, *, #651, .F. ) ;
#702 = ORIENTED_EDGE ( 'NONE', *, *, #675, .F. ) ;
#703 = CARTESIAN_POINT ( 'NONE',  ( -6.949999999999125322, 14.10000000000005649, 11.14142842854284865 ) ) ;
#704 = DIRECTION ( 'NONE',  ( -0.9848077530122074652, 0.1736481776669339394, 0.000000000000000000 ) ) ;
#705 = VECTOR ( 'NONE', #1681, 1000.000000000000000 ) ;
#706 = APPROVAL_STATUS ( 'not_yet_approved' ) ;
#707 = ADVANCED_FACE ( 'NONE', ( #2254 ), #666, .T. ) ;
#708 = DIRECTION ( 'NONE',  ( 0.000000000000000000, -0.000000000000000000, 1.000000000000000000 ) ) ;
#709 = CARTESIAN_POINT ( 'NONE',  ( -29.89253158039080915, -117.2288528313427491, 21.15000000000055991 ) ) ;
#710 = ORIENTED_EDGE ( 'NONE', *, *, #2620, .T. ) ;
#711 = DIRECTION ( 'NONE',  ( 1.239088197126291063E-16, 0.000000000000000000, 1.000000000000000000 ) ) ;
#712 = LINE ( 'NONE', #2585, #1751 ) ;
#713 = DIRECTION ( 'NONE',  ( -1.000000000000000000, -0.000000000000000000, -0.000000000000000000 ) ) ;
#714 = EDGE_LOOP ( 'NONE', ( #497, #2875, #441, #182 ) ) ;
#715 = ORIENTED_EDGE ( 'NONE', *, *, #471, .F. ) ;
#716 = EDGE_CURVE ( 'NONE', #3120, #1421, #950, .T. ) ;
#717 = ADVANCED_FACE ( 'NONE', ( #432 ), #876, .F. ) ;
#718 = FACE_OUTER_BOUND ( 'NONE', #228, .T. ) ;
#719 = AXIS2_PLACEMENT_3D ( 'NONE', #2789, #1188, #3260 ) ;
#720 = DIRECTION ( 'NONE',  ( 0.000000000000000000, -7.374825438899341529E-17, 1.000000000000000000 ) ) ;
#721 = VECTOR ( 'NONE', #2029, 1000.000000000000000 ) ;
#722 = ORIENTED_EDGE ( 'NONE', *, *, #2873, .F. ) ;
#723 = CIRCLE ( 'NONE', #1336, 1.000000000000000888 ) ;
#724 = PERSON_AND_ORGANIZATION ( #298, #2846 ) ;
#725 = AXIS2_PLACEMENT_3D ( 'NONE', #927, #588, #323 ) ;
#726 = CARTESIAN_POINT ( 'NONE',  ( -34.69003661394143734, -116.3778071719170129, 22.18558227426482077 ) ) ;
#727 = DIRECTION ( 'NONE',  ( 0.000000000000000000, 0.000000000000000000, 1.000000000000000000 ) ) ;
#728 = EDGE_LOOP ( 'NONE', ( #1905, #2107, #2998, #2666 ) ) ;
#729 = LINE ( 'NONE', #423, #797 ) ;
#730 = EDGE_LOOP ( 'NONE', ( #105, #3355, #1116, #1330 ) ) ;
#731 = EDGE_CURVE ( 'NONE', #2729, #2973, #3212, .T. ) ;
#732 = CIRCLE ( 'NONE', #1178, 1.000000000000000888 ) ;
#733 = VECTOR ( 'NONE', #395, 1000.000000000000114 ) ;
#734 = DIRECTION ( 'NONE',  ( 1.000000000000000000, -0.000000000000000000, 0.000000000000000000 ) ) ;
#735 = AXIS2_PLACEMENT_3D ( 'NONE', #2230, #2008, #2489 ) ;
#736 = DIRECTION ( 'NONE',  ( 1.000000000000000000, -0.000000000000000000, 0.000000000000000000 ) ) ;
#737 = DIRECTION ( 'NONE',  ( 0.000000000000000000, 0.000000000000000000, -1.000000000000000000 ) ) ;
#738 = EDGE_CURVE ( 'NONE', #2124, #1655, #1939, .T. ) ;
#739 = DIRECTION ( 'NONE',  ( 0.000000000000000000, 0.000000000000000000, 1.000000000000000000 ) ) ;
#740 = VERTEX_POINT ( 'NONE', #3102 ) ;
#741 = EDGE_LOOP ( 'NONE', ( #893, #758, #978, #1876 ) ) ;
#742 = DIRECTION ( 'NONE',  ( 0.000000000000000000, 0.000000000000000000, 1.000000000000000000 ) ) ;
#743 = DIRECTION ( 'NONE',  ( 1.577021341797097560E-16, -1.000000000000000000, 0.000000000000000000 ) ) ;
#744 = EDGE_CURVE ( 'NONE', #1900, #849, #1889, .T. ) ;
#745 = EDGE_CURVE ( 'NONE', #276, #152, #389, .T. ) ;
#746 = AXIS2_PLACEMENT_3D ( 'NONE', #960, #2021, #2562 ) ;
#747 = VERTEX_POINT ( 'NONE', #2322 ) ;
#748 = EDGE_CURVE ( 'NONE', #1249, #84, #1568, .T. ) ;
#749 = DIRECTION ( 'NONE',  ( -1.000000000000000000, 4.733165431326068731E-30, -1.499999999999977831E-14 ) ) ;
#750 = EDGE_LOOP ( 'NONE', ( #412, #1193, #1152, #1911 ) ) ;
#751 = CARTESIAN_POINT ( 'NONE',  ( -15.24999999999913491, -3.399999999999942180, 21.69999999999999929 ) ) ;
#752 = VECTOR ( 'NONE', #2806, 1000.000000000000000 ) ;
#753 = EDGE_LOOP ( 'NONE', ( #1573, #1018, #1261, #2289 ) ) ;
#754 = LINE ( 'NONE', #1034, #2302 ) ;
#755 = CYLINDRICAL_SURFACE ( 'NONE', #2025, 4.000000000000000000 ) ;
#756 = DIRECTION ( 'NONE',  ( 0.000000000000000000, 0.000000000000000000, -1.000000000000000000 ) ) ;
#757 = CARTESIAN_POINT ( 'NONE',  ( -16.74999999999913314, -13.89999999999994351, 36.00000000000000000 ) ) ;
#758 = ORIENTED_EDGE ( 'NONE', *, *, #284, .F. ) ;
#759 = DIRECTION ( 'NONE',  ( -0.9848077530122073542, 0.1736481776669351607, 0.000000000000000000 ) ) ;
#760 = DIRECTION ( 'NONE',  ( 1.000000000000000000, 0.000000000000000000, 0.000000000000000000 ) ) ;
#761 = EDGE_LOOP ( 'NONE', ( #2307, #530, #3369, #3389 ) ) ;
#762 = ADVANCED_FACE ( 'NONE', ( #2042 ), #3406, .F. ) ;
#763 = EDGE_CURVE ( 'NONE', #1991, #2712, #2305, .T. ) ;
#764 = CIRCLE ( 'NONE', #815, 5.000000000000000888 ) ;
#765 = DIRECTION ( 'NONE',  ( 0.000000000000000000, 0.000000000000000000, 1.000000000000000000 ) ) ;
#766 = EDGE_LOOP ( 'NONE', ( #1866, #3359, #1532, #2331 ) ) ;
#767 = EDGE_CURVE ( 'NONE', #38, #301, #3136, .T. ) ;
#768 = EDGE_CURVE ( 'NONE', #1559, #1196, #1029, .T. ) ;
#769 = DIRECTION ( 'NONE',  ( 0.000000000000000000, 0.000000000000000000, 1.000000000000000000 ) ) ;
#770 = VECTOR ( 'NONE', #2293, 1000.000000000000000 ) ;
#771 = DIRECTION ( 'NONE',  ( 0.000000000000000000, 0.000000000000000000, -1.000000000000000000 ) ) ;
#772 = CARTESIAN_POINT ( 'NONE',  ( 7.550003508321085910, 14.10000000000005649, 24.14142842854284510 ) ) ;
#773 = DIRECTION ( 'NONE',  ( 1.000000000000000000, 0.000000000000000000, 0.000000000000000000 ) ) ;
#774 = ORIENTED_EDGE ( 'NONE', *, *, #1328, .F. ) ;
#775 = CARTESIAN_POINT ( 'NONE',  ( 15.25000000000087041, 6.299999999999406519, 5.499999999998650857 ) ) ;
#776 = DIRECTION ( 'NONE',  ( 0.000000000000000000, -0.4999999999999997780, -0.8660254037844387076 ) ) ;
#777 = VECTOR ( 'NONE', #2475, 1000.000000000000227 ) ;
#778 = ORIENTED_EDGE ( 'NONE', *, *, #650, .F. ) ;
#779 = VECTOR ( 'NONE', #1777, 1000.000000000000000 ) ;
#780 = DIRECTION ( 'NONE',  ( 0.000000000000000000, -1.000000000000000000, 0.000000000000000000 ) ) ;
#781 = CC_DESIGN_DATE_AND_TIME_ASSIGNMENT ( #2034, #2001, ( #2273 ) ) ;
#782 = EDGE_LOOP ( 'NONE', ( #2697, #3159, #28, #2410 ) ) ;
#783 = EDGE_CURVE ( 'NONE', #2083, #2048, #3354, .T. ) ;
#784 = ADVANCED_FACE ( 'NONE', ( #2568, #3088 ), #464, .T. ) ;
#785 = LINE ( 'NONE', #1832, #469 ) ;
#786 = LOCAL_TIME ( 15, 33, 16.00000000000000000, #637 ) ;
#787 = CARTESIAN_POINT ( 'NONE',  ( -6.949999999999125322, 14.10000000000005649, 11.14142842854284865 ) ) ;
#788 = PLANE ( 'NONE',  #2058 ) ;
#789 = DIRECTION ( 'NONE',  ( 0.000000000000000000, -1.000000000000000000, 0.000000000000000000 ) ) ;
#790 = EDGE_LOOP ( 'NONE', ( #1919, #2209, #2704, #655 ) ) ;
#791 = AXIS2_PLACEMENT_3D ( 'NONE', #864, #2446, #1161 ) ;
#793 =( BOUNDED_CURVE ( )  B_SPLINE_CURVE ( 3, ( #1572, #2590, #1319, #2364 ),
 .UNSPECIFIED., .F., .T. ) 
 B_SPLINE_CURVE_WITH_KNOTS ( ( 4, 4 ),
 ( 1.570796326794897002, 3.141592653589792672 ),
 .UNSPECIFIED. ) 
 CURVE ( )  GEOMETRIC_REPRESENTATION_ITEM ( )  RATIONAL_B_SPLINE_CURVE ( ( 1.000000000000000000, 0.8047378541243652705, 0.8047378541243652705, 1.000000000000000000 ) ) 
 REPRESENTATION_ITEM ( '' )  );
#792 = CARTESIAN_POINT ( 'NONE',  ( -29.89253158039080915, -122.2288528313427634, 21.15000000000055991 ) ) ;
#794 = ORIENTED_EDGE ( 'NONE', *, *, #2657, .F. ) ;
#795 = LINE ( 'NONE', #2886, #933 ) ;
#796 = ORIENTED_EDGE ( 'NONE', *, *, #1583, .F. ) ;
#797 = VECTOR ( 'NONE', #203, 1000.000000000000000 ) ;
#798 = DIRECTION ( 'NONE',  ( -0.09502709854422725089, -0.9954746860379050100, 0.000000000000000000 ) ) ;
#799 = ORIENTED_EDGE ( 'NONE', *, *, #450, .F. ) ;
#800 = AXIS2_PLACEMENT_3D ( 'NONE', #2693, #1643, #270 ) ;
#801 = DIRECTION ( 'NONE',  ( 0.000000000000000000, 0.000000000000000000, -1.000000000000000000 ) ) ;
#802 = FACE_BOUND ( 'NONE', #1267, .T. ) ;
#803 = EDGE_CURVE ( 'NONE', #1027, #2690, #124, .T. ) ;
#804 = ADVANCED_FACE ( 'NONE', ( #480 ), #982, .F. ) ;
#805 = AXIS2_PLACEMENT_3D ( 'NONE', #1256, #201, #1745 ) ;
#806 = DIRECTION ( 'NONE',  ( 0.000000000000000000, 1.000000000000000000, -0.000000000000000000 ) ) ;
#807 = DIRECTION ( 'NONE',  ( -0.9848077530122072432, 0.1736481776669352162, 0.000000000000000000 ) ) ;
#808 = ORIENTED_EDGE ( 'NONE', *, *, #2468, .F. ) ;
#809 = CARTESIAN_POINT ( 'NONE',  ( 15.25000000000087397, 4.799999994993326524, 34.97273648376064870 ) ) ;
#810 = VERTEX_POINT ( 'NONE', #2637 ) ;
#811 = DIRECTION ( 'NONE',  ( 0.000000000000000000, 0.000000000000000000, 1.000000000000000000 ) ) ;
#812 = ORIENTED_EDGE ( 'NONE', *, *, #1097, .F. ) ;
#813 = DIRECTION ( 'NONE',  ( 1.000000000000000000, -0.000000000000000000, -0.000000000000000000 ) ) ;
#814 = ORIENTED_EDGE ( 'NONE', *, *, #2937, .T. ) ;
#815 = AXIS2_PLACEMENT_3D ( 'NONE', #2103, #2574, #3427 ) ;
#816 = DIRECTION ( 'NONE',  ( -1.000000000000000000, 0.000000000000000000, -0.000000000000000000 ) ) ;
#817 = CARTESIAN_POINT ( 'NONE',  ( -15.04679769924827504, -122.2288528313427634, 3.150000000000555023 ) ) ;
#818 = DIRECTION ( 'NONE',  ( 0.000000000000000000, 0.000000000000000000, 1.000000000000000000 ) ) ;
#819 = CARTESIAN_POINT ( 'NONE',  ( -34.89253158039080915, -117.2288528313427491, 7.150000000000555467 ) ) ;
#820 = ORIENTED_EDGE ( 'NONE', *, *, #2256, .T. ) ;
#821 = CARTESIAN_POINT ( 'NONE',  ( -33.83731904920954037, -116.4955493937072220, 4.505427410033498781 ) ) ;
#822 = EDGE_LOOP ( 'NONE', ( #1960, #896 ) ) ;
#823 = DIRECTION ( 'NONE',  ( -1.000000000000000000, -0.000000000000000000, -0.000000000000000000 ) ) ;
#824 = ADVANCED_FACE ( 'NONE', ( #1283 ), #2060, .F. ) ;
#825 = ORIENTED_EDGE ( 'NONE', *, *, #2457, .F. ) ;
#826 = EDGE_CURVE ( 'NONE', #3037, #2472, #2586, .T. ) ;
#827 = TOROIDAL_SURFACE ( 'NONE', #1280, 1.000000000000000000, 4.000000000000000000 ) ;
#828 = DIRECTION ( 'NONE',  ( 1.000000000000000000, -0.000000000000000000, -0.000000000000000000 ) ) ;
#829 = ORIENTED_EDGE ( 'NONE', *, *, #3084, .F. ) ;
#830 = AXIS2_PLACEMENT_3D ( 'NONE', #1098, #3167, #3211 ) ;
#831 = AXIS2_PLACEMENT_3D ( 'NONE', #3305, #1994, #3053 ) ;
#832 = VECTOR ( 'NONE', #2986, 1000.000000000000000 ) ;
#833 = CARTESIAN_POINT ( 'NONE',  ( 0.000000000000000000, 0.000000000000000000, 0.000000000000000000 ) ) ;
#834 = CYLINDRICAL_SURFACE ( 'NONE', #1171, 5.000000000000000888 ) ;
#835 = CARTESIAN_POINT ( 'NONE',  ( -16.74999999999913314, 2.100000000000056044, 16.99999999999999645 ) ) ;
#836 = DIRECTION ( 'NONE',  ( 1.000000000000000000, 0.000000000000000000, 0.000000000000000000 ) ) ;
#837 = ORIENTED_EDGE ( 'NONE', *, *, #1705, .T. ) ;
#838 = CARTESIAN_POINT ( 'NONE',  ( -32.13249010477624523, -116.7453715141502641, 3.355300054052607006 ) ) ;
#839 = EDGE_LOOP ( 'NONE', ( #1451, #2455, #2732, #3054 ) ) ;
#840 = AXIS2_PLACEMENT_3D ( 'NONE', #218, #149, #2820 ) ;
#841 = CARTESIAN_POINT ( 'NONE',  ( -16.74999999999913314, 14.10000000000005649, 36.00000000000000000 ) ) ;
#842 = CIRCLE ( 'NONE', #2851, 0.9999999999999991118 ) ;
#843 = ORIENTED_EDGE ( 'NONE', *, *, #2756, .F. ) ;
#844 = VECTOR ( 'NONE', #199, 1000.000000000000227 ) ;
#845 = ADVANCED_FACE ( 'NONE', ( #967 ), #1553, .T. ) ;
#846 = EDGE_CURVE ( 'NONE', #350, #3262, #3140, .T. ) ;
#847 = EDGE_CURVE ( 'NONE', #1690, #1382, #1168, .T. ) ;
#848 = CARTESIAN_POINT ( 'NONE',  ( -20.92471613209713155, -37.57599170203148020, 21.15000000000055635 ) ) ;
#849 = VERTEX_POINT ( 'NONE', #446 ) ;
#850 = CIRCLE ( 'NONE', #3022, 1.799999999999999600 ) ;
#851 = CARTESIAN_POINT ( 'NONE',  ( -15.24999999999913314, -3.399999999999943512, 12.50000000000000178 ) ) ;
#852 = DIRECTION ( 'NONE',  ( 1.000000000000000000, 0.000000000000000000, 0.000000000000000000 ) ) ;
#853 = CARTESIAN_POINT ( 'NONE',  ( -5.949999999999123546, 14.10000000000005649, 25.14142842854284865 ) ) ;
#854 = CARTESIAN_POINT ( 'NONE',  ( 5.688381051990060833, -13.89999999999994351, 25.11562016857968871 ) ) ;
#855 = ORIENTED_EDGE ( 'NONE', *, *, #137, .T. ) ;
#856 = CARTESIAN_POINT ( 'NONE',  ( 5.250000000000857980, -3.399999999999943512, 18.00000000000000355 ) ) ;
#857 = VERTEX_POINT ( 'NONE', #2923 ) ;
#858 = AXIS2_PLACEMENT_3D ( 'NONE', #2718, #2968, #312 ) ;
#859 = DIRECTION ( 'NONE',  ( 0.000000000000000000, 0.000000000000000000, -1.000000000000000000 ) ) ;
#860 = ORIENTED_EDGE ( 'NONE', *, *, #3201, .F. ) ;
#861 = CARTESIAN_POINT ( 'NONE',  ( -14.74999999999913314, 0.000000000000000000, 2.000000000000000000 ) ) ;
#862 = ADVANCED_FACE ( 'NONE', ( #3183 ), #788, .F. ) ;
#863 = ORIENTED_EDGE ( 'NONE', *, *, #1340, .T. ) ;
#864 = CARTESIAN_POINT ( 'NONE',  ( -29.89253158039080915, -118.2288528313427491, 7.150000000000555467 ) ) ;
#865 = EDGE_CURVE ( 'NONE', #1520, #1038, #2113, .T. ) ;
#866 = AXIS2_PLACEMENT_3D ( 'NONE', #1218, #1941, #3005 ) ;
#867 = LINE ( 'NONE', #1968, #1535 ) ;
#868 = EDGE_CURVE ( 'NONE', #626, #358, #1363, .T. ) ;
#869 = CARTESIAN_POINT ( 'NONE',  ( 5.250000000000857980, -3.399999999999942180, 23.50000000000000000 ) ) ;
#870 = CYLINDRICAL_SURFACE ( 'NONE', #946, 8.000000000000000000 ) ;
#871 = AXIS2_PLACEMENT_3D ( 'NONE', #3092, #1441, #103 ) ;
#872 = DIRECTION ( 'NONE',  ( 0.000000000000000000, 0.000000000000000000, -1.000000000000000000 ) ) ;
#873 = EDGE_LOOP ( 'NONE', ( #1603, #618, #1590, #907 ) ) ;
#874 = DIRECTION ( 'NONE',  ( 0.1736481776669341892, 0.9848077530122074652, -0.000000000000000000 ) ) ;
#875 = EDGE_LOOP ( 'NONE', ( #1601, #1984 ) ) ;
#876 = PLANE ( 'NONE',  #2941 ) ;
#877 = EDGE_LOOP ( 'NONE', ( #1438, #1104, #257, #558 ) ) ;
#878 = DIRECTION ( 'NONE',  ( 0.000000000000000000, -1.000000000000000000, 0.000000000000000000 ) ) ;
#879 = AXIS2_PLACEMENT_3D ( 'NONE', #1806, #1247, #495 ) ;
#880 = CARTESIAN_POINT ( 'NONE',  ( -16.74999999999913314, -13.89999999999994351, 3.150000000000555023 ) ) ;
#881 = ORIENTED_EDGE ( 'NONE', *, *, #2418, .T. ) ;
#882 = PERSON_AND_ORGANIZATION ( #298, #2846 ) ;
#883 = EDGE_CURVE ( 'NONE', #3377, #2626, #1344, .T. ) ;
#884 = CARTESIAN_POINT ( 'NONE',  ( -16.74999999999913314, -8.899999999999943512, 18.00000000000000000 ) ) ;
#885 = DIRECTION ( 'NONE',  ( 0.000000000000000000, 0.000000000000000000, 1.000000000000000000 ) ) ;
#886 = CIRCLE ( 'NONE', #2775, 1.799999999999999600 ) ;
#887 = DIRECTION ( 'NONE',  ( -0.000000000000000000, -0.000000000000000000, -1.000000000000000000 ) ) ;
#888 = EDGE_CURVE ( 'NONE', #2116, #3426, #3265, .T. ) ;
#889 = DIRECTION ( 'NONE',  ( -1.000000000000000000, -1.577021341797097560E-16, -0.000000000000000000 ) ) ;
#890 = ADVANCED_FACE ( 'NONE', ( #12 ), #3422, .F. ) ;
#891 = AXIS2_PLACEMENT_3D ( 'NONE', #2441, #46, #922 ) ;
#892 = DIRECTION ( 'NONE',  ( -1.387778780781445676E-14, 0.000000000000000000, 1.000000000000000000 ) ) ;
#893 = ORIENTED_EDGE ( 'NONE', *, *, #137, .F. ) ;
#894 = AXIS2_PLACEMENT_3D ( 'NONE', #1878, #3210, #239 ) ;
#895 = DIRECTION ( 'NONE',  ( 1.000000000000000000, 1.577021341797097560E-16, 0.000000000000000000 ) ) ;
#896 = ORIENTED_EDGE ( 'NONE', *, *, #3130, .T. ) ;
#897 = LINE ( 'NONE', #1500, #442 ) ;
#898 = VERTEX_POINT ( 'NONE', #2171 ) ;
#899 = FACE_BOUND ( 'NONE', #2859, .T. ) ;
#900 = VECTOR ( 'NONE', #671, 1000.000000000000000 ) ;
#901 = DIRECTION ( 'NONE',  ( 0.000000000000000000, 1.000000000000000000, 0.000000000000000000 ) ) ;
#902 = CARTESIAN_POINT ( 'NONE',  ( 7.550003508321084134, 14.10000000000005649, 12.14142842854285043 ) ) ;
#903 = VECTOR ( 'NONE', #1445, 1000.000000000000114 ) ;
#904 = ORIENTED_EDGE ( 'NONE', *, *, #1980, .T. ) ;
#905 = CARTESIAN_POINT ( 'NONE',  ( 12.44549815588725394, -18.89999999999994529, 7.150000000000555467 ) ) ;
#906 = CARTESIAN_POINT ( 'NONE',  ( 0.000000000000000000, -118.2288528313427491, 25.15000000000055991 ) ) ;
#907 = ORIENTED_EDGE ( 'NONE', *, *, #3184, .F. ) ;
#908 = CARTESIAN_POINT ( 'NONE',  ( -15.24999999999913491, -8.899999999999943512, 18.00000000000000000 ) ) ;
#909 = FACE_OUTER_BOUND ( 'NONE', #1811, .T. ) ;
#910 = AXIS2_PLACEMENT_3D ( 'NONE', #1780, #2315, #1012 ) ;
#911 = CARTESIAN_POINT ( 'NONE',  ( -24.05847288343822754, -45.75534464401216184, 7.150000000000555467 ) ) ;
#912 = ORIENTED_EDGE ( 'NONE', *, *, #2832, .F. ) ;
#913 = CARTESIAN_POINT ( 'NONE',  ( 15.25000000000087219, -4.233333338896309250, 35.99444290019108905 ) ) ;
#914 = EDGE_CURVE ( 'NONE', #1493, #318, #2960, .T. ) ;
#915 = VERTEX_POINT ( 'NONE', #1864 ) ;
#916 = DIRECTION ( 'NONE',  ( 1.000000000000000000, -0.000000000000000000, -0.000000000000000000 ) ) ;
#917 = ORIENTED_EDGE ( 'NONE', *, *, #1239, .T. ) ;
#918 = AXIS2_PLACEMENT_3D ( 'NONE', #2837, #1509, #3380 ) ;
#919 = ADVANCED_FACE ( 'NONE', ( #1610, #573 ), #2710, .T. ) ;
#920 = DIRECTION ( 'NONE',  ( -1.387778780781445676E-14, 0.000000000000000000, 1.000000000000000000 ) ) ;
#921 = CARTESIAN_POINT ( 'NONE',  ( 15.25000000000087219, 1.974315775643246118, 10.25000000000056133 ) ) ;
#922 = DIRECTION ( 'NONE',  ( 0.000000000000000000, -1.000000000000000000, 0.000000000000000000 ) ) ;
#923 = ORIENTED_EDGE ( 'NONE', *, *, #546, .T. ) ;
#924 = DIRECTION ( 'NONE',  ( 0.000000000000000000, 0.4999999999999997780, 0.8660254037844387076 ) ) ;
#925 = LINE ( 'NONE', #2222, #1965 ) ;
#926 = ORIENTED_EDGE ( 'NONE', *, *, #2431, .F. ) ;
#927 = CARTESIAN_POINT ( 'NONE',  ( -9.928654690918857995, 1.750689704146698444, 21.15000000000055991 ) ) ;
#928 = CARTESIAN_POINT ( 'NONE',  ( -16.74999999999913314, -13.89999999999994351, 21.15000000000055991 ) ) ;
#929 = CARTESIAN_POINT ( 'NONE',  ( 7.521459390826227498, -18.03175911166520962, 7.150000000000555467 ) ) ;
#930 = VERTEX_POINT ( 'NONE', #2419 ) ;
#931 = CARTESIAN_POINT ( 'NONE',  ( -14.06198994623606779, -117.4025010090096828, 3.150000000000555023 ) ) ;
#932 = ORIENTED_EDGE ( 'NONE', *, *, #2827, .F. ) ;
#933 = VECTOR ( 'NONE', #513, 1000.000000000000114 ) ;
#934 = LINE ( 'NONE', #2752, #1222 ) ;
#935 = VERTEX_POINT ( 'NONE', #1052 ) ;
#936 = CARTESIAN_POINT ( 'NONE',  ( 24.29999999999994742, 6.299999999999406519, 4.499999999998786748 ) ) ;
#937 = DIRECTION ( 'NONE',  ( 0.000000000000000000, 1.000000000000000000, 0.000000000000000000 ) ) ;
#938 = ADVANCED_FACE ( 'NONE', ( #1596 ), #2216, .T. ) ;
#939 = EDGE_CURVE ( 'NONE', #915, #2979, #2663, .T. ) ;
#940 = FACE_OUTER_BOUND ( 'NONE', #782, .T. ) ;
#941 = COORDINATED_UNIVERSAL_TIME_OFFSET ( 8, 0, .AHEAD. ) ;
#942 = DATE_TIME_ROLE ( 'classification_date' ) ;
#943 = CARTESIAN_POINT ( 'NONE',  ( -5.949999999999125322, 14.10000000000005649, 11.14142842854284865 ) ) ;
#944 = DIRECTION ( 'NONE',  ( 1.000000000000000000, -0.000000000000000000, -0.000000000000000000 ) ) ;
#945 = ORIENTED_EDGE ( 'NONE', *, *, #883, .F. ) ;
#946 = AXIS2_PLACEMENT_3D ( 'NONE', #1149, #1713, #3299 ) ;
#947 = DIRECTION ( 'NONE',  ( -1.000000000000000000, 4.733165431326068731E-30, -1.499999999999977831E-14 ) ) ;
#948 = CARTESIAN_POINT ( 'NONE',  ( -16.74999999999913314, 14.10000000000005649, 2.000000000000001776 ) ) ;
#949 = DIRECTION ( 'NONE',  ( 1.000000000000000000, -0.000000000000000000, 0.000000000000000000 ) ) ;
#950 = LINE ( 'NONE', #2011, #1288 ) ;
#951 = ORIENTED_EDGE ( 'NONE', *, *, #2418, .F. ) ;
#952 = ORIENTED_EDGE ( 'NONE', *, *, #651, .T. ) ;
#953 = CARTESIAN_POINT ( 'NONE',  ( -29.89253158039080915, -122.2288528313427634, 3.150000000000555023 ) ) ;
#954 = CARTESIAN_POINT ( 'NONE',  ( 1.925543058334268181E-14, 11.10000000000008136, 1.499999999999994449 ) ) ;
#955 = FACE_BOUND ( 'NONE', #2292, .T. ) ;
#956 = EDGE_CURVE ( 'NONE', #2348, #2116, #1879, .T. ) ;
#957 = EDGE_CURVE ( 'NONE', #1493, #1434, #2836, .T. ) ;
#958 = CIRCLE ( 'NONE', #2231, 4.000000000000000000 ) ;
#959 = FACE_OUTER_BOUND ( 'NONE', #337, .T. ) ;
#960 = CARTESIAN_POINT ( 'NONE',  ( -29.89253158039080915, -117.2288528313427491, 3.150000000000555023 ) ) ;
#961 = VERTEX_POINT ( 'NONE', #835 ) ;
#962 = AXIS2_PLACEMENT_3D ( 'NONE', #593, #3200, #1867 ) ;
#963 = DIRECTION ( 'NONE',  ( 0.000000000000000000, 0.000000000000000000, -1.000000000000000000 ) ) ;
#964 = LINE ( 'NONE', #2027, #1412 ) ;
#965 = ORIENTED_EDGE ( 'NONE', *, *, #2020, .T. ) ;
#966 = CIRCLE ( 'NONE', #2906, 5.000000000000000888 ) ;
#967 = FACE_OUTER_BOUND ( 'NONE', #2610, .T. ) ;
#968 = VERTEX_POINT ( 'NONE', #2406 ) ;
#969 = ORIENTED_EDGE ( 'NONE', *, *, #1544, .T. ) ;
#970 = AXIS2_PLACEMENT_3D ( 'NONE', #2370, #1081, #2429 ) ;
#971 = DIRECTION ( 'NONE',  ( 0.000000000000000000, 0.000000000000000000, 1.000000000000000000 ) ) ;
#972 = FACE_OUTER_BOUND ( 'NONE', #2839, .T. ) ;
#973 = CALENDAR_DATE ( 2026, 24, 6 ) ;
#974 = VECTOR ( 'NONE', #798, 1000.000000000000227 ) ;
#975 = PLANE ( 'NONE',  #1592 ) ;
#976 = ADVANCED_FACE ( 'NONE', ( #2939 ), #2911, .T. ) ;
#977 = DIRECTION ( 'NONE',  ( 0.000000000000000000, 0.000000000000000000, 1.000000000000000000 ) ) ;
#978 = ORIENTED_EDGE ( 'NONE', *, *, #568, .F. ) ;
#979 = EDGE_CURVE ( 'NONE', #38, #2690, #1112, .T. ) ;
#980 = DIRECTION ( 'NONE',  ( -1.000000000000000000, -0.000000000000000000, -0.000000000000000000 ) ) ;
#981 = PLANE ( 'NONE',  #1025 ) ;
#982 = CYLINDRICAL_SURFACE ( 'NONE', #1784, 1.000000000000000888 ) ;
#983 = ORIENTED_EDGE ( 'NONE', *, *, #3124, .T. ) ;
#984 = VERTEX_POINT ( 'NONE', #1661 ) ;
#985 = CARTESIAN_POINT ( 'NONE',  ( -16.74999999999913314, -3.899999999999943512, 36.00000000000000000 ) ) ;
#986 = DIRECTION ( 'NONE',  ( 1.000000000000000000, 0.000000000000000000, 0.000000000000000000 ) ) ;
#987 = CIRCLE ( 'NONE', #2378, 1.000000000000000000 ) ;
#988 = ORIENTED_EDGE ( 'NONE', *, *, #3146, .F. ) ;
#989 = LINE ( 'NONE', #2540, #900 ) ;
#990 = CARTESIAN_POINT ( 'NONE',  ( -34.61373476999976617, -116.3881953581068274, 22.43966320885165189 ) ) ;
#991 = CARTESIAN_POINT ( 'NONE',  ( -16.74999999999913314, -13.89999999999994351, 36.00000000000000000 ) ) ;
#992 = ORIENTED_EDGE ( 'NONE', *, *, #587, .F. ) ;
#993 = DIRECTION ( 'NONE',  ( 0.000000000000000000, 0.000000000000000000, 1.000000000000000000 ) ) ;
#994 = ORIENTED_EDGE ( 'NONE', *, *, #507, .F. ) ;
#995 = ADVANCED_FACE ( 'NONE', ( #2388 ), #3439, .T. ) ;
#996 = CARTESIAN_POINT ( 'NONE',  ( 17.25000000000087041, -3.200000005006673032, 31.58324958071143840 ) ) ;
#997 = FACE_BOUND ( 'NONE', #1271, .T. ) ;
#998 = EDGE_CURVE ( 'NONE', #1156, #1650, #2664, .T. ) ;
#999 = EDGE_CURVE ( 'NONE', #1825, #3297, #886, .T. ) ;
#1000 = CARTESIAN_POINT ( 'NONE',  ( 5.250000000000857980, -3.399999999999942180, 23.50000000000000000 ) ) ;
#1001 = CARTESIAN_POINT ( 'NONE',  ( 12.44549815588725394, -18.89999999999994529, 25.15000000000055991 ) ) ;
#1002 = VERTEX_POINT ( 'NONE', #1394 ) ;
#1003 = ORIENTED_EDGE ( 'NONE', *, *, #888, .T. ) ;
#1004 = CARTESIAN_POINT ( 'NONE',  ( 17.25000000000087041, 14.10000000000006004, 0.8284271247461917342 ) ) ;
#1005 = VECTOR ( 'NONE', #272, 1000.000000000000000 ) ;
#1006 = CARTESIAN_POINT ( 'NONE',  ( 5.250000000000857980, -3.399999999999943512, 11.50000000000000355 ) ) ;
#1007 = ORIENTED_EDGE ( 'NONE', *, *, #1145, .F. ) ;
#1008 = CIRCLE ( 'NONE', #1890, 1.799999999999999600 ) ;
#1009 = VECTOR ( 'NONE', #2678, 1000.000000000000000 ) ;
#1010 = CARTESIAN_POINT ( 'NONE',  ( 18.25000000000087397, 1.974315775643246118, 4.450000000000562395 ) ) ;
#1011 = EDGE_LOOP ( 'NONE', ( #1521, #1144, #2415, #945 ) ) ;
#1012 = DIRECTION ( 'NONE',  ( 1.000000000000000000, 0.000000000000000000, 0.000000000000000000 ) ) ;
#1013 = ORIENTED_EDGE ( 'NONE', *, *, #1340, .F. ) ;
#1014 = CIRCLE ( 'NONE', #2170, 1.000000000000000888 ) ;
#1015 = ORIENTED_EDGE ( 'NONE', *, *, #1913, .T. ) ;
#1016 = DIRECTION ( 'NONE',  ( 1.000000000000000000, -0.000000000000000000, -0.000000000000000000 ) ) ;
#1017 = CIRCLE ( 'NONE', #1901, 7.999999999999998224 ) ;
#1018 = ORIENTED_EDGE ( 'NONE', *, *, #2205, .T. ) ;
#1019 = CARTESIAN_POINT ( 'NONE',  ( 17.25000000000087041, -8.400000000000559908, 20.69999999999991047 ) ) ;
#1020 = CARTESIAN_POINT ( 'NONE',  ( 18.25000000000087397, 1.974315775643245674, 10.25000000000056133 ) ) ;
#1021 = EDGE_LOOP ( 'NONE', ( #286, #58, #2945, #582 ) ) ;
#1022 = EDGE_CURVE ( 'NONE', #1769, #2152, #2717, .T. ) ;
#1023 = DIRECTION ( 'NONE',  ( 1.000000000000000000, 1.577021341797097560E-16, 0.000000000000000000 ) ) ;
#1024 = CARTESIAN_POINT ( 'NONE',  ( -20.92471613209712089, -37.57599170203145889, 4.806854249492932496 ) ) ;
#1025 = AXIS2_PLACEMENT_3D ( 'NONE', #1552, #3087, #2864 ) ;
#1026 = CIRCLE ( 'NONE', #1479, 10.00000000000000000 ) ;
#1027 = VERTEX_POINT ( 'NONE', #642 ) ;
#1028 = ADVANCED_FACE ( 'NONE', ( #909 ), #870, .F. ) ;
#1029 = CIRCLE ( 'NONE', #3402, 1.799999999999999600 ) ;
#1030 = FACE_OUTER_BOUND ( 'NONE', #790, .T. ) ;
#1031 = CYLINDRICAL_SURFACE ( 'NONE', #840, 1.000000000000000888 ) ;
#1032 = CIRCLE ( 'NONE', #1642, 1.000000000000000888 ) ;
#1033 = ORIENTED_EDGE ( 'NONE', *, *, #2533, .T. ) ;
#1034 = CARTESIAN_POINT ( 'NONE',  ( -15.24999999999913491, -8.899999999999943512, 16.19999999999999929 ) ) ;
#1035 = FACE_BOUND ( 'NONE', #1055, .T. ) ;
#1036 = DIRECTION ( 'NONE',  ( 1.000000000000000000, 0.000000000000000000, 0.000000000000000000 ) ) ;
#1037 = CARTESIAN_POINT ( 'NONE',  ( 5.250000000000857980, -3.399999999999943512, 16.40000000000000213 ) ) ;
#1038 = VERTEX_POINT ( 'NONE', #383 ) ;
#1039 = DIRECTION ( 'NONE',  ( -1.000000000000000000, 4.733165431326068731E-30, -1.499999999999977831E-14 ) ) ;
#1040 = AXIS2_PLACEMENT_3D ( 'NONE', #641, #89, #52 ) ;
#1041 = CARTESIAN_POINT ( 'NONE',  ( 17.25000000000087041, 4.799999994993326524, 32.77422862784792557 ) ) ;
#1042 = EDGE_CURVE ( 'NONE', #1853, #2497, #2114, .T. ) ;
#1043 = ORIENTED_EDGE ( 'NONE', *, *, #2532, .F. ) ;
#1044 = CIRCLE ( 'NONE', #1378, 1.000000000000000888 ) ;
#1045 = EDGE_CURVE ( 'NONE', #488, #5, #3281, .T. ) ;
#1046 = EDGE_CURVE ( 'NONE', #1369, #1530, #2486, .T. ) ;
#1047 = VECTOR ( 'NONE', #1904, 1000.000000000000000 ) ;
#1048 = CARTESIAN_POINT ( 'NONE',  ( 17.25000000000087041, 4.799999994993326524, 34.97273648376064870 ) ) ;
#1049 = EDGE_LOOP ( 'NONE', ( #2814, #274, #2741, #580 ) ) ;
#1050 = DIRECTION ( 'NONE',  ( -1.000000000000000000, -0.000000000000000000, -0.000000000000000000 ) ) ;
#1051 = DIRECTION ( 'NONE',  ( 0.000000000000000000, 0.000000000000000000, 1.000000000000000000 ) ) ;
#1052 = CARTESIAN_POINT ( 'NONE',  ( 15.25000000000087397, -5.700000000000617462, 4.499999999998713918 ) ) ;
#1053 = VECTOR ( 'NONE', #1484, 1000.000000000000000 ) ;
#1054 = DIRECTION ( 'NONE',  ( -0.4572693878014851832, 0.8893282335446542897, 0.000000000000000000 ) ) ;
#1055 = EDGE_LOOP ( 'NONE', ( #2809, #2920 ) ) ;
#1056 = DIRECTION ( 'NONE',  ( 1.000000000000000000, 0.000000000000000000, 0.000000000000000000 ) ) ;
#1057 = ORIENTED_EDGE ( 'NONE', *, *, #3018, .F. ) ;
#1058 = DIRECTION ( 'NONE',  ( 0.000000000000000000, 0.000000000000000000, 1.000000000000000000 ) ) ;
#1059 = VERTEX_POINT ( 'NONE', #1678 ) ;
#1060 = AXIS2_PLACEMENT_3D ( 'NONE', #36, #255, #1646 ) ;
#1061 = AXIS2_PLACEMENT_3D ( 'NONE', #3408, #3119, #525 ) ;
#1062 = CARTESIAN_POINT ( 'NONE',  ( -15.24999999999913491, -3.399999999999941735, 25.30000000000000071 ) ) ;
#1063 = EDGE_CURVE ( 'NONE', #358, #2988, #1264, .T. ) ;
#1064 = VERTEX_POINT ( 'NONE', #1971 ) ;
#1065 = MANIFOLD_SOLID_BREP ( '切除-拉伸14', #1589 ) ;
#1066 = DIRECTION ( 'NONE',  ( -1.000000000000000000, 0.000000000000000000, -0.000000000000000000 ) ) ;
#1067 = CC_DESIGN_APPROVAL ( #2123, ( #2445 ) ) ;
#1068 = DIRECTION ( 'NONE',  ( 1.000000000000000000, 0.000000000000000000, 0.000000000000000000 ) ) ;
#1069 = CARTESIAN_POINT ( 'NONE',  ( -10.85129954336188796, -122.2288528313427634, 3.150000000000555023 ) ) ;
#1070 = CARTESIAN_POINT ( 'NONE',  ( 12.44549815588725394, -18.89999999999994529, 3.150000000000555023 ) ) ;
#1071 = ORIENTED_EDGE ( 'NONE', *, *, #1771, .T. ) ;
#1072 = AXIS2_PLACEMENT_3D ( 'NONE', #1134, #1345, #2961 ) ;
#1073 = DIRECTION ( 'NONE',  ( 0.000000000000000000, 0.000000000000000000, 1.000000000000000000 ) ) ;
#1074 = ORIENTED_EDGE ( 'NONE', *, *, #768, .T. ) ;
#1075 = CARTESIAN_POINT ( 'NONE',  ( -16.74999999999913314, -8.899999999999943512, 18.00000000000000000 ) ) ;
#1076 = ORIENTED_EDGE ( 'NONE', *, *, #2178, .F. ) ;
#1077 = CIRCLE ( 'NONE', #1691, 0.9999999999999991118 ) ;
#1078 = DIRECTION ( 'NONE',  ( 0.9954746860379051210, -0.09502709854422729252, 0.000000000000000000 ) ) ;
#1079 = ORIENTED_EDGE ( 'NONE', *, *, #1448, .F. ) ;
#1080 = AXIS2_PLACEMENT_3D ( 'NONE', #2094, #1755, #2288 ) ;
#1081 = DIRECTION ( 'NONE',  ( 1.000000000000000000, -0.000000000000000000, -0.000000000000000000 ) ) ;
#1082 = CYLINDRICAL_SURFACE ( 'NONE', #2842, 8.000000000000000000 ) ;
#1083 = EDGE_CURVE ( 'NONE', #3400, #318, #2283, .T. ) ;
#1084 = DIRECTION ( 'NONE',  ( 0.000000000000000000, 0.000000000000000000, 1.000000000000000000 ) ) ;
#1085 = EDGE_CURVE ( 'NONE', #1, #77, #1335, .T. ) ;
#1086 = CARTESIAN_POINT ( 'NONE',  ( -15.24999999999913314, -3.399999999999942180, 24.50000000000000000 ) ) ;
#1087 = ORIENTED_EDGE ( 'NONE', *, *, #2362, .F. ) ;
#1088 = CARTESIAN_POINT ( 'NONE',  ( 18.25000000000087397, -1.374315785656583966, 10.25000000000056133 ) ) ;
#1089 = ORIENTED_EDGE ( 'NONE', *, *, #3060, .F. ) ;
#1090 = CARTESIAN_POINT ( 'NONE',  ( 17.25000000000087041, 14.10000000000005649, 2.000000000000001776 ) ) ;
#1091 = ORIENTED_EDGE ( 'NONE', *, *, #3349, .F. ) ;
#1092 = EDGE_CURVE ( 'NONE', #2626, #682, #1617, .T. ) ;
#1093 = CARTESIAN_POINT ( 'NONE',  ( 15.25000000000087041, 8.999999999999442224, 20.69999999999980744 ) ) ;
#1094 = ORIENTED_EDGE ( 'NONE', *, *, #1123, .T. ) ;
#1095 = DIRECTION ( 'NONE',  ( 0.000000000000000000, 0.000000000000000000, 1.000000000000000000 ) ) ;
#1096 = DIRECTION ( 'NONE',  ( -1.387778780781445676E-14, 0.000000000000000000, 1.000000000000000000 ) ) ;
#1097 = EDGE_CURVE ( 'NONE', #3278, #2712, #1934, .T. ) ;
#1098 = CARTESIAN_POINT ( 'NONE',  ( 18.25000000000087397, 0.2999999949933278565, 7.350000000000560973 ) ) ;
#1099 = CARTESIAN_POINT ( 'NONE',  ( 12.44549815588725394, -18.89999999999994529, 3.150000000000555023 ) ) ;
#1100 = ORIENTED_EDGE ( 'NONE', *, *, #1564, .T. ) ;
#1101 = CARTESIAN_POINT ( 'NONE',  ( -34.00482338468253118, -116.4721591454623137, 4.711249555608271855 ) ) ;
#1102 = EDGE_CURVE ( 'NONE', #1064, #375, #2046, .T. ) ;
#1103 = EDGE_CURVE ( 'NONE', #1434, #1493, #2495, .T. ) ;
#1104 = ORIENTED_EDGE ( 'NONE', *, *, #2974, .T. ) ;
#1105 = CARTESIAN_POINT ( 'NONE',  ( 6.550003508321083245, 11.10000000000005649, 11.14142842854284865 ) ) ;
#1106 = ORIENTED_EDGE ( 'NONE', *, *, #999, .T. ) ;
#1107 = CARTESIAN_POINT ( 'NONE',  ( -19.51289968761172489, 1.862683469007563986, 25.15000000000055991 ) ) ;
#1108 = ORIENTED_EDGE ( 'NONE', *, *, #1565, .T. ) ;
#1109 = DIRECTION ( 'NONE',  ( 1.000000000000000000, -0.000000000000000000, -0.000000000000000000 ) ) ;
#1110 = DIRECTION ( 'NONE',  ( -1.000000000000000000, -0.000000000000000000, -0.000000000000000000 ) ) ;
#1111 = AXIS2_PLACEMENT_3D ( 'NONE', #3279, #1712, #3012 ) ;
#1112 = LINE ( 'NONE', #589, #3434 ) ;
#1113 = DIRECTION ( 'NONE',  ( 0.000000000000000000, 0.000000000000000000, 1.000000000000000000 ) ) ;
#1114 = ORIENTED_EDGE ( 'NONE', *, *, #2841, .T. ) ;
#1115 = CARTESIAN_POINT ( 'NONE',  ( -34.41455220836007101, -116.4154769971949861, 5.375823327028591336 ) ) ;
#1116 = ORIENTED_EDGE ( 'NONE', *, *, #431, .F. ) ;
#1117 = CARTESIAN_POINT ( 'NONE',  ( 15.25000000000087397, 3.799999994993326968, 34.97273648376064870 ) ) ;
#1118 = AXIS2_PLACEMENT_3D ( 'NONE', #2707, #620, #2186 ) ;
#1119 = EDGE_CURVE ( 'NONE', #2581, #3377, #1449, .T. ) ;
#1120 = EDGE_LOOP ( 'NONE', ( #667, #1964, #1979, #2412 ) ) ;
#1121 = AXIS2_PLACEMENT_3D ( 'NONE', #1435, #2768, #1482 ) ;
#1122 = ADVANCED_FACE ( 'NONE', ( #1273 ), #3290, .T. ) ;
#1123 = EDGE_CURVE ( 'NONE', #1473, #3426, #2538, .T. ) ;
#1124 = DIRECTION ( 'NONE',  ( 1.000000000000000000, -0.000000000000000000, -0.000000000000000000 ) ) ;
#1125 = ORIENTED_EDGE ( 'NONE', *, *, #868, .T. ) ;
#1126 = SECURITY_CLASSIFICATION_LEVEL ( 'unclassified' ) ;
#1127 = VECTOR ( 'NONE', #520, 1000.000000000000000 ) ;
#1128 = CARTESIAN_POINT ( 'NONE',  ( -13.74999999999913491, -3.399999999999942180, 21.69999999999999929 ) ) ;
#1129 = VECTOR ( 'NONE', #736, 1000.000000000000000 ) ;
#1130 = VECTOR ( 'NONE', #552, 1000.000000000000227 ) ;
#1131 = CARTESIAN_POINT ( 'NONE',  ( -15.24999999999913491, -3.399999999999942180, 23.50000000000000000 ) ) ;
#1132 = CARTESIAN_POINT ( 'NONE',  ( 6.550003508321085910, 11.10000000000005649, 25.14142842854284865 ) ) ;
#1133 = CARTESIAN_POINT ( 'NONE',  ( -34.81657034545185070, -116.3606119430080952, 21.15000000000055991 ) ) ;
#1134 = CARTESIAN_POINT ( 'NONE',  ( -16.74999999999913314, -3.399999999999942180, 23.50000000000000000 ) ) ;
#1135 = VERTEX_POINT ( 'NONE', #921 ) ;
#1136 = FACE_OUTER_BOUND ( 'NONE', #2223, .T. ) ;
#1137 = ORIENTED_EDGE ( 'NONE', *, *, #3196, .F. ) ;
#1138 = DIRECTION ( 'NONE',  ( 0.000000000000000000, 0.000000000000000000, -1.000000000000000000 ) ) ;
#1139 = ORIENTED_EDGE ( 'NONE', *, *, #544, .F. ) ;
#1140 = DIRECTION ( 'NONE',  ( 0.000000000000000000, 0.000000000000000000, 1.000000000000000000 ) ) ;
#1141 = EDGE_CURVE ( 'NONE', #2040, #3155, #2799, .T. ) ;
#1142 = DIRECTION ( 'NONE',  ( 0.000000000000000000, -1.000000000000000000, 0.000000000000000000 ) ) ;
#1143 =( BOUNDED_CURVE ( )  B_SPLINE_CURVE ( 3, ( #1767, #3335, #409, #1480 ),
 .UNSPECIFIED., .F., .T. ) 
 B_SPLINE_CURVE_WITH_KNOTS ( ( 4, 4 ),
 ( 4.712388980384689674, 6.283185307179586232 ),
 .UNSPECIFIED. ) 
 CURVE ( )  GEOMETRIC_REPRESENTATION_ITEM ( )  RATIONAL_B_SPLINE_CURVE ( ( 1.000000000000000000, 0.8047378541243649375, 0.8047378541243649375, 1.000000000000000000 ) ) 
 REPRESENTATION_ITEM ( '' )  );
#1144 = ORIENTED_EDGE ( 'NONE', *, *, #491, .F. ) ;
#1145 = EDGE_CURVE ( 'NONE', #1715, #43, #82, .T. ) ;
#1146 = LINE ( 'NONE', #657, #2403 ) ;
#1147 = CARTESIAN_POINT ( 'NONE',  ( -16.74999999999913314, 2.100000000000056044, 18.00000000000000000 ) ) ;
#1148 = CARTESIAN_POINT ( 'NONE',  ( 15.25000000000086864, -13.89999999999994351, 0.000000000000000000 ) ) ;
#1149 = CARTESIAN_POINT ( 'NONE',  ( 1.750000000000865530, 0.2999999949937874888, 24.97999999378772173 ) ) ;
#1150 = AXIS2_PLACEMENT_3D ( 'NONE', #2494, #652, #634 ) ;
#1151 = CARTESIAN_POINT ( 'NONE',  ( 12.44549815588725394, -13.89999999999994351, 7.150000000000555467 ) ) ;
#1152 = ORIENTED_EDGE ( 'NONE', *, *, #3162, .T. ) ;
#1153 = CARTESIAN_POINT ( 'NONE',  ( 15.25000000000087219, -1.374315785656584188, 10.25000000000056133 ) ) ;
#1154 = ORIENTED_EDGE ( 'NONE', *, *, #2383, .F. ) ;
#1155 = DIRECTION ( 'NONE',  ( -0.8893282335446545117, -0.4572693878014847946, 0.000000000000000000 ) ) ;
#1156 = VERTEX_POINT ( 'NONE', #2295 ) ;
#1157 = CARTESIAN_POINT ( 'NONE',  ( 4.962183382339370397, -13.89999999999994351, 25.15000000000055991 ) ) ;
#1158 = CARTESIAN_POINT ( 'NONE',  ( -15.04679769924827504, -117.2288528313427491, 25.15000000000055991 ) ) ;
#1159 = CARTESIAN_POINT ( 'NONE',  ( 0.000000000000000000, -3.899999999999943512, 25.99999999999999645 ) ) ;
#1160 = ORIENTED_EDGE ( 'NONE', *, *, #1519, .T. ) ;
#1161 = DIRECTION ( 'NONE',  ( 0.000000000000000000, 0.000000000000000000, -1.000000000000000000 ) ) ;
#1162 = EDGE_CURVE ( 'NONE', #1759, #2397, #3164, .T. ) ;
#1163 = DIRECTION ( 'NONE',  ( -1.387778780781444413E-14, 0.000000000000000000, 1.000000000000000000 ) ) ;
#1164 = AXIS2_PLACEMENT_3D ( 'NONE', #3228, #818, #2650 ) ;
#1165 = DIRECTION ( 'NONE',  ( 1.000000000000000000, 0.000000000000000000, 0.000000000000000000 ) ) ;
#1166 = APPROVAL_PERSON_ORGANIZATION ( #3093, #628, #1778 ) ;
#1167 = CARTESIAN_POINT ( 'NONE',  ( 18.25000000000087397, -1.374315785656583966, 10.25000000000056133 ) ) ;
#1168 = CIRCLE ( 'NONE', #1621, 5.000000000000000888 ) ;
#1169 = CARTESIAN_POINT ( 'NONE',  ( -15.04679769924827504, -118.2288528313427491, 21.15000000000055991 ) ) ;
#1170 = ORIENTED_EDGE ( 'NONE', *, *, #3196, .T. ) ;
#1171 = AXIS2_PLACEMENT_3D ( 'NONE', #2405, #1051, #1595 ) ;
#1172 = DIRECTION ( 'NONE',  ( 1.000000000000000000, 1.577021341797097560E-16, 0.000000000000000000 ) ) ;
#1173 = ORIENTED_EDGE ( 'NONE', *, *, #1545, .F. ) ;
#1174 = CYLINDRICAL_SURFACE ( 'NONE', #2557, 4.000000000000001776 ) ;
#1175 = ADVANCED_BREP_SHAPE_REPRESENTATION ( '手柄', ( #1065, #461 ), #1397 ) ;
#1176 = ORIENTED_EDGE ( 'NONE', *, *, #430, .T. ) ;
#1177 = FACE_OUTER_BOUND ( 'NONE', #366, .T. ) ;
#1178 = AXIS2_PLACEMENT_3D ( 'NONE', #2228, #3282, #427 ) ;
#1179 = CARTESIAN_POINT ( 'NONE',  ( 15.25000000000087219, 3.799999994993329633, 1.499999999999994671 ) ) ;
#1180 = CARTESIAN_POINT ( 'NONE',  ( 17.25000000000087041, -5.700000000000617462, 5.499999999998745004 ) ) ;
#1181 =( NAMED_UNIT ( * ) SI_UNIT ( $, .STERADIAN. ) SOLID_ANGLE_UNIT ( ) );
#1182 = AXIS2_PLACEMENT_3D ( 'NONE', #1088, #559, #2147 ) ;
#1183 = VERTEX_POINT ( 'NONE', #394 ) ;
#1184 = DIRECTION ( 'NONE',  ( -1.000000000000000000, -1.577021341797097560E-16, -0.000000000000000000 ) ) ;
#1185 = DIRECTION ( 'NONE',  ( 1.000000000000000000, 0.000000000000000000, -0.000000000000000000 ) ) ;
#1186 = ORIENTED_EDGE ( 'NONE', *, *, #2756, .T. ) ;
#1187 = DIRECTION ( 'NONE',  ( 1.000000000000000000, -0.000000000000000000, -0.000000000000000000 ) ) ;
#1188 = DIRECTION ( 'NONE',  ( 0.000000000000000000, 0.000000000000000000, 1.000000000000000000 ) ) ;
#1189 = VECTOR ( 'NONE', #885, 1000.000000000000000 ) ;
#1190 = CARTESIAN_POINT ( 'NONE',  ( -15.04679769924827504, -117.2288528313427491, 3.150000000000555023 ) ) ;
#1191 = ORIENTED_EDGE ( 'NONE', *, *, #1211, .F. ) ;
#1192 = CARTESIAN_POINT ( 'NONE',  ( 7.550003508321085022, 11.10000000000005649, 12.14142842854285043 ) ) ;
#1193 = ORIENTED_EDGE ( 'NONE', *, *, #2691, .T. ) ;
#1194 = EDGE_CURVE ( 'NONE', #2245, #1991, #3039, .T. ) ;
#1195 = CARTESIAN_POINT ( 'NONE',  ( 1.750000000000865530, 4.799999994993326524, 32.77422862784792557 ) ) ;
#1196 = VERTEX_POINT ( 'NONE', #2477 ) ;
#1197 = VECTOR ( 'NONE', #3445, 1000.000000000000114 ) ;
#1198 = CARTESIAN_POINT ( 'NONE',  ( -16.74999999999913314, -13.89999999999994351, 21.15000000000055991 ) ) ;
#1199 = FACE_OUTER_BOUND ( 'NONE', #2044, .T. ) ;
#1200 = DIRECTION ( 'NONE',  ( 0.000000000000000000, 0.000000000000000000, -1.000000000000000000 ) ) ;
#1201 = CARTESIAN_POINT ( 'NONE',  ( 15.25000000000087219, 3.799999994993327412, 32.77422862784792557 ) ) ;
#1202 = ORIENTED_EDGE ( 'NONE', *, *, #2065, .T. ) ;
#1203 = LINE ( 'NONE', #674, #3068 ) ;
#1204 = CARTESIAN_POINT ( 'NONE',  ( -15.24999999999913491, -8.899999999999943512, 19.79999999999999716 ) ) ;
#1205 = ORIENTED_EDGE ( 'NONE', *, *, #2178, .T. ) ;
#1206 = ORIENTED_EDGE ( 'NONE', *, *, #88, .F. ) ;
#1207 = DIRECTION ( 'NONE',  ( 1.000000000000000000, 0.000000000000000000, -0.000000000000000000 ) ) ;
#1208 = CARTESIAN_POINT ( 'NONE',  ( -34.41458408673258873, -116.4154726200742118, 22.92411003408207293 ) ) ;
#1209 = CARTESIAN_POINT ( 'NONE',  ( 5.688377946269966401, -13.89999999999994884, 3.184379537474563371 ) ) ;
#1210 = CARTESIAN_POINT ( 'NONE',  ( 15.25000000000087219, 3.648631556293159495, 7.350000000000561862 ) ) ;
#1211 = EDGE_CURVE ( 'NONE', #2889, #3203, #1489, .T. ) ;
#1212 = EDGE_LOOP ( 'NONE', ( #2316, #2422, #1781, #2504, #311, #215, #904, #2683, #685, #855, #2408, #2645, #2779, #3019 ) ) ;
#1213 = VECTOR ( 'NONE', #743, 1000.000000000000000 ) ;
#1214 = DIRECTION ( 'NONE',  ( -0.4572693878014847391, 0.8893282335446544007, 0.000000000000000000 ) ) ;
#1215 = ORIENTED_EDGE ( 'NONE', *, *, #611, .T. ) ;
#1216 = ORIENTED_EDGE ( 'NONE', *, *, #1278, .F. ) ;
#1217 = EDGE_CURVE ( 'NONE', #2173, #3072, #2258, .T. ) ;
#1218 = CARTESIAN_POINT ( 'NONE',  ( 15.25000000000087219, -4.200000005006672588, 32.77422862784739976 ) ) ;
#1219 = ADVANCED_FACE ( 'NONE', ( #146 ), #353, .F. ) ;
#1220 = DIRECTION ( 'NONE',  ( 1.000000000000000000, -0.000000000000000000, -0.000000000000000000 ) ) ;
#1221 = CARTESIAN_POINT ( 'NONE',  ( -10.12275893418723527, -118.0970937196774315, 7.150000000000555467 ) ) ;
#1222 = VECTOR ( 'NONE', #2733, 1000.000000000000000 ) ;
#1223 = CARTESIAN_POINT ( 'NONE',  ( 24.29999999999969162, -8.400000000000559908, 21.70000000000001350 ) ) ;
#1224 = DIRECTION ( 'NONE',  ( 1.000000000000000000, 0.000000000000000000, 0.000000000000000000 ) ) ;
#1225 = ORIENTED_EDGE ( 'NONE', *, *, #2716, .T. ) ;
#1226 = AXIS2_PLACEMENT_3D ( 'NONE', #3269, #1488, #1961 ) ;
#1227 = VECTOR ( 'NONE', #555, 1000.000000000000000 ) ;
#1228 = CYLINDRICAL_SURFACE ( 'NONE', #1629, 1.000000000000000888 ) ;
#1229 = CARTESIAN_POINT ( 'NONE',  ( -16.74999999999913314, -3.399999999999942180, 24.50000000000000000 ) ) ;
#1230 = DIRECTION ( 'NONE',  ( 0.000000000000000000, 0.000000000000000000, -1.000000000000000000 ) ) ;
#1231 = CARTESIAN_POINT ( 'NONE',  ( 15.25000000000087041, 11.10000000000005649, 33.14142842854284510 ) ) ;
#1232 = ORIENTED_EDGE ( 'NONE', *, *, #138, .F. ) ;
#1233 = EDGE_LOOP ( 'NONE', ( #447, #245, #3396, #3107 ) ) ;
#1234 = LINE ( 'NONE', #1287, #770 ) ;
#1235 = EDGE_CURVE ( 'NONE', #3426, #2166, #1464, .T. ) ;
#1236 = DIRECTION ( 'NONE',  ( -0.000000000000000000, -0.000000000000000000, 1.000000000000000000 ) ) ;
#1237 = DATE_AND_TIME ( #168, #97 ) ;
#1238 = ADVANCED_FACE ( 'NONE', ( #1199 ), #3024, .F. ) ;
#1239 = EDGE_CURVE ( 'NONE', #1683, #1851, #147, .T. ) ;
#1240 = CARTESIAN_POINT ( 'NONE',  ( -13.74999999999913491, -10.89999999999994529, 1.499999999999994449 ) ) ;
#1241 = CARTESIAN_POINT ( 'NONE',  ( -29.89253158039080915, -117.2288528313427491, 7.150000000000555467 ) ) ;
#1242 = ORIENTED_EDGE ( 'NONE', *, *, #2614, .F. ) ;
#1243 = DIRECTION ( 'NONE',  ( -1.000000000000000000, 4.733165431326068731E-30, -1.499999999999977831E-14 ) ) ;
#1244 = CARTESIAN_POINT ( 'NONE',  ( -13.74999999999913491, -3.399999999999941735, 25.30000000000000071 ) ) ;
#1245 = VERTEX_POINT ( 'NONE', #1424 ) ;
#1246 = VECTOR ( 'NONE', #1224, 1000.000000000000000 ) ;
#1247 = DIRECTION ( 'NONE',  ( -0.000000000000000000, -0.000000000000000000, -1.000000000000000000 ) ) ;
#1248 = ORIENTED_EDGE ( 'NONE', *, *, #1565, .F. ) ;
#1249 = VERTEX_POINT ( 'NONE', #1999 ) ;
#1250 = DIRECTION ( 'NONE',  ( 1.000000000000000000, -0.000000000000000000, -0.000000000000000000 ) ) ;
#1251 = DIRECTION ( 'NONE',  ( -0.000000000000000000, 1.000000000000000000, 0.000000000000000000 ) ) ;
#1252 = ORIENTED_EDGE ( 'NONE', *, *, #677, .F. ) ;
#1253 = APPROVAL_ROLE ( '' ) ;
#1254 = EDGE_CURVE ( 'NONE', #2606, #2927, #1270, .T. ) ;
#1255 = CIRCLE ( 'NONE', #3190, 5.000000000000000888 ) ;
#1256 = CARTESIAN_POINT ( 'NONE',  ( -16.74999999999913314, 4.799999994993326524, 34.97273648376064870 ) ) ;
#1257 = ORIENTED_EDGE ( 'NONE', *, *, #3202, .T. ) ;
#1258 = EDGE_CURVE ( 'NONE', #1135, #2118, #1762, .T. ) ;
#1259 = DIRECTION ( 'NONE',  ( 0.000000000000000000, 0.000000000000000000, 1.000000000000000000 ) ) ;
#1260 = EDGE_CURVE ( 'NONE', #3278, #3073, #2558, .T. ) ;
#1261 = ORIENTED_EDGE ( 'NONE', *, *, #1545, .T. ) ;
#1262 = EDGE_LOOP ( 'NONE', ( #994, #1652 ) ) ;
#1263 = CYLINDRICAL_SURFACE ( 'NONE', #1752, 2.000000000000000000 ) ;
#1264 =( BOUNDED_CURVE ( )  B_SPLINE_CURVE ( 3, ( #928, #115, #73, #3245 ),
 .UNSPECIFIED., .F., .T. ) 
 B_SPLINE_CURVE_WITH_KNOTS ( ( 4, 4 ),
 ( 0.000000000000000000, 1.570796326794895670 ),
 .UNSPECIFIED. ) 
 CURVE ( )  GEOMETRIC_REPRESENTATION_ITEM ( )  RATIONAL_B_SPLINE_CURVE ( ( 1.000000000000000000, 0.8047378541243652705, 0.8047378541243652705, 1.000000000000000000 ) ) 
 REPRESENTATION_ITEM ( '' )  );
#1265 = FACE_OUTER_BOUND ( 'NONE', #1711, .T. ) ;
#1266 = CARTESIAN_POINT ( 'NONE',  ( -10.12275893418723527, -118.0970937196774315, 3.150000000000555023 ) ) ;
#1267 = EDGE_LOOP ( 'NONE', ( #404, #2512 ) ) ;
#1268 = ORIENTED_EDGE ( 'NONE', *, *, #2109, .T. ) ;
#1269 = LINE ( 'NONE', #499, #1213 ) ;
#1270 = CIRCLE ( 'NONE', #2823, 1.000000000000000888 ) ;
#1271 = EDGE_LOOP ( 'NONE', ( #686, #2817 ) ) ;
#1272 = DIRECTION ( 'NONE',  ( 6.195440985631452852E-17, -1.000000000000000000, 0.000000000000000000 ) ) ;
#1273 = FACE_OUTER_BOUND ( 'NONE', #2887, .T. ) ;
#1274 = CARTESIAN_POINT ( 'NONE',  ( -16.74999999999913314, -3.399999999999943512, 13.50000000000000178 ) ) ;
#1275 = ORIENTED_EDGE ( 'NONE', *, *, #1022, .T. ) ;
#1276 = DIRECTION ( 'NONE',  ( -0.4572693878014851832, 0.8893282335446542897, 0.000000000000000000 ) ) ;
#1277 = ORIENTED_EDGE ( 'NONE', *, *, #7, .F. ) ;
#1278 = EDGE_CURVE ( 'NONE', #43, #694, #373, .T. ) ;
#1279 = ADVANCED_FACE ( 'NONE', ( #972 ), #2033, .F. ) ;
#1280 = AXIS2_PLACEMENT_3D ( 'NONE', #3156, #971, #2589 ) ;
#1281 = DIRECTION ( 'NONE',  ( -1.000000000000000000, 0.000000000000000000, 0.000000000000000000 ) ) ;
#1282 = PLANE ( 'NONE',  #1478 ) ;
#1283 = FACE_OUTER_BOUND ( 'NONE', #208, .T. ) ;
#1284 = EDGE_CURVE ( 'NONE', #502, #3199, #2041, .T. ) ;
#1285 = CYLINDRICAL_SURFACE ( 'NONE', #2, 5.000000000000000888 ) ;
#1286 = EDGE_LOOP ( 'NONE', ( #1598, #2949, #281, #2830 ) ) ;
#1287 = CARTESIAN_POINT ( 'NONE',  ( 17.25000000000087041, -3.200000005006673476, 34.99499861017198299 ) ) ;
#1288 = VECTOR ( 'NONE', #2290, 1000.000000000000000 ) ;
#1289 = FACE_OUTER_BOUND ( 'NONE', #466, .T. ) ;
#1290 = ORIENTED_EDGE ( 'NONE', *, *, #803, .F. ) ;
#1291 = VECTOR ( 'NONE', #2651, 1000.000000000000000 ) ;
#1292 = DIRECTION ( 'NONE',  ( 0.000000000000000000, 0.000000000000000000, 1.000000000000000000 ) ) ;
#1293 = FACE_OUTER_BOUND ( 'NONE', #2401, .T. ) ;
#1294 = ORIENTED_EDGE ( 'NONE', *, *, #2526, .F. ) ;
#1295 = CIRCLE ( 'NONE', #2901, 4.000000000000000000 ) ;
#1296 = CARTESIAN_POINT ( 'NONE',  ( -15.24999999999913491, -8.899999999999943512, 16.19999999999999929 ) ) ;
#1297 = CIRCLE ( 'NONE', #2350, 1.000000000000000888 ) ;
#1298 = CARTESIAN_POINT ( 'NONE',  ( -15.24999999999913491, 2.100000000000056044, 18.00000000000000000 ) ) ;
#1299 = CARTESIAN_POINT ( 'NONE',  ( -5.949999999999123546, 4.100000000000056488, 24.14142842854284510 ) ) ;
#1300 = DIRECTION ( 'NONE',  ( 1.000000000000000000, 0.000000000000000000, 0.000000000000000000 ) ) ;
#1301 = ORIENTED_EDGE ( 'NONE', *, *, #3122, .F. ) ;
#1302 = EDGE_CURVE ( 'NONE', #1421, #1183, #1588, .T. ) ;
#1303 = EDGE_CURVE ( 'NONE', #2681, #1421, #987, .T. ) ;
#1304 = FACE_OUTER_BOUND ( 'NONE', #875, .T. ) ;
#1305 = VECTOR ( 'NONE', #1915, 1000.000000000000000 ) ;
#1306 = CARTESIAN_POINT ( 'NONE',  ( 6.550003508321085910, 4.100000000000056488, 24.14142842854284510 ) ) ;
#1307 = VECTOR ( 'NONE', #537, 1000.000000000000000 ) ;
#1308 = AXIS2_PLACEMENT_3D ( 'NONE', #3116, #3352, #1768 ) ;
#1309 = VERTEX_POINT ( 'NONE', #3158 ) ;
#1310 = FACE_OUTER_BOUND ( 'NONE', #387, .T. ) ;
#1311 = VECTOR ( 'NONE', #823, 1000.000000000000000 ) ;
#1312 = ORIENTED_EDGE ( 'NONE', *, *, #2278, .T. ) ;
#1313 = DIRECTION ( 'NONE',  ( -1.000000000000000000, 4.733165431326068731E-30, -1.499999999999977831E-14 ) ) ;
#1314 = CARTESIAN_POINT ( 'NONE',  ( 15.25000000000086864, -13.89999999999994351, 2.000000000000001776 ) ) ;
#1315 = DIRECTION ( 'NONE',  ( -1.000000000000000000, -0.000000000000000000, -0.000000000000000000 ) ) ;
#1316 = DIRECTION ( 'NONE',  ( -1.000000000000000000, 0.000000000000000000, 0.000000000000000000 ) ) ;
#1317 = EDGE_LOOP ( 'NONE', ( #1079, #825 ) ) ;
#1318 = ORIENTED_EDGE ( 'NONE', *, *, #914, .F. ) ;
#1319 = CARTESIAN_POINT ( 'NONE',  ( -16.74999999999913314, -13.89999999999994351, 4.806854249492934272 ) ) ;
#1320 = EDGE_CURVE ( 'NONE', #1309, #898, #795, .T. ) ;
#1321 = ORIENTED_EDGE ( 'NONE', *, *, #2318, .F. ) ;
#1322 = EDGE_CURVE ( 'NONE', #2265, #1156, #1840, .T. ) ;
#1323 = CIRCLE ( 'NONE', #1432, 5.000000000000000888 ) ;
#1324 = EDGE_LOOP ( 'NONE', ( #142, #2524, #2030, #2575 ) ) ;
#1325 = PLANE ( 'NONE',  #3178 ) ;
#1326 = CARTESIAN_POINT ( 'NONE',  ( -15.24999999999913491, 2.100000000000056044, 18.00000000000000000 ) ) ;
#1327 = DIRECTION ( 'NONE',  ( -1.000000000000000000, 4.733165431326068731E-30, -1.499999999999977831E-14 ) ) ;
#1328 = EDGE_CURVE ( 'NONE', #2166, #2348, #535, .T. ) ;
#1329 = DIRECTION ( 'NONE',  ( -1.000000000000000000, -0.000000000000000000, -0.000000000000000000 ) ) ;
#1330 = ORIENTED_EDGE ( 'NONE', *, *, #1217, .F. ) ;
#1331 = CARTESIAN_POINT ( 'NONE',  ( -30.98365998563951607, -116.9356530909217753, 3.150000000000559908 ) ) ;
#1332 = ORIENTED_EDGE ( 'NONE', *, *, #956, .F. ) ;
#1333 = LINE ( 'NONE', #2439, #1197 ) ;
#1334 = ORIENTED_EDGE ( 'NONE', *, *, #2436, .F. ) ;
#1335 = CIRCLE ( 'NONE', #268, 10.00000000000000178 ) ;
#1336 = AXIS2_PLACEMENT_3D ( 'NONE', #481, #3312, #2621 ) ;
#1337 = DIRECTION ( 'NONE',  ( -1.000000000000000000, 0.000000000000000000, 0.000000000000000000 ) ) ;
#1338 = ORIENTED_EDGE ( 'NONE', *, *, #716, .F. ) ;
#1339 = EDGE_CURVE ( 'NONE', #1059, #626, #793, .T. ) ;
#1340 = EDGE_CURVE ( 'NONE', #43, #534, #1269, .T. ) ;
#1341 = CARTESIAN_POINT ( 'NONE',  ( 17.25000000000087041, -3.700000005006621961, 31.90820322406299425 ) ) ;
#1342 = DIRECTION ( 'NONE',  ( 1.000000000000000000, 0.000000000000000000, 0.000000000000000000 ) ) ;
#1343 = AXIS2_PLACEMENT_3D ( 'NONE', #1180, #1124, #1983 ) ;
#1344 = LINE ( 'NONE', #1848, #1227 ) ;
#1345 = DIRECTION ( 'NONE',  ( -1.000000000000000000, 0.000000000000000000, 0.000000000000000000 ) ) ;
#1346 = ORIENTED_EDGE ( 'NONE', *, *, #1399, .F. ) ;
#1347 = VECTOR ( 'NONE', #3242, 1000.000000000000000 ) ;
#1348 = PLANE ( 'NONE',  #1182 ) ;
#1349 = EDGE_LOOP ( 'NONE', ( #1742, #3383, #236, #3373 ) ) ;
#1350 = EDGE_CURVE ( 'NONE', #2300, #313, #1323, .T. ) ;
#1351 = FACE_OUTER_BOUND ( 'NONE', #766, .T. ) ;
#1352 = VERTEX_POINT ( 'NONE', #246 ) ;
#1353 = CIRCLE ( 'NONE', #3135, 1.000000000000000888 ) ;
#1354 = CARTESIAN_POINT ( 'NONE',  ( -27.62471613209713084, -41.02095699460825529, -76.84999999999944009 ) ) ;
#1355 = ADVANCED_FACE ( 'NONE', ( #1289 ), #2379, .F. ) ;
#1356 = ORIENTED_EDGE ( 'NONE', *, *, #2994, .T. ) ;
#1357 = ORIENTED_EDGE ( 'NONE', *, *, #1097, .T. ) ;
#1358 = EDGE_CURVE ( 'NONE', #1365, #2414, #2426, .T. ) ;
#1359 = EDGE_CURVE ( 'NONE', #1002, #2245, #2326, .T. ) ;
#1360 = TOROIDAL_SURFACE ( 'NONE', #3351, 4.000000000000000000, 4.000000000000000000 ) ;
#1361 = FACE_OUTER_BOUND ( 'NONE', #728, .T. ) ;
#1362 = DIRECTION ( 'NONE',  ( 0.000000000000000000, 0.000000000000000000, -1.000000000000000000 ) ) ;
#1363 = LINE ( 'NONE', #538, #452 ) ;
#1364 = LINE ( 'NONE', #3440, #399 ) ;
#1365 = VERTEX_POINT ( 'NONE', #2625 ) ;
#1366 = CARTESIAN_POINT ( 'NONE',  ( -31.37245707707825204, -116.8679682889530227, 3.182207955739929872 ) ) ;
#1367 = ORIENTED_EDGE ( 'NONE', *, *, #3147, .T. ) ;
#1368 = DIRECTION ( 'NONE',  ( 1.000000000000000000, 0.000000000000000000, 0.000000000000000000 ) ) ;
#1369 = VERTEX_POINT ( 'NONE', #2643 ) ;
#1370 = LINE ( 'NONE', #2933, #523 ) ;
#1371 = EDGE_LOOP ( 'NONE', ( #219, #2314, #2442, #1057, #410, #178, #2194, #702 ) ) ;
#1372 = AXIS2_PLACEMENT_3D ( 'NONE', #1041, #3128, #1810 ) ;
#1373 = CARTESIAN_POINT ( 'NONE',  ( -16.74999999999913314, -3.399999999999942180, 22.50000000000000000 ) ) ;
#1374 = DIRECTION ( 'NONE',  ( 0.000000000000000000, 0.000000000000000000, 1.000000000000000000 ) ) ;
#1375 = ADVANCED_FACE ( 'NONE', ( #2347 ), #3411, .F. ) ;
#1376 = EDGE_CURVE ( 'NONE', #2979, #2175, #764, .T. ) ;
#1377 = DIRECTION ( 'NONE',  ( -1.000000000000000000, -0.000000000000000000, -0.000000000000000000 ) ) ;
#1378 = AXIS2_PLACEMENT_3D ( 'NONE', #2045, #162, #742 ) ;
#1379 = CARTESIAN_POINT ( 'NONE',  ( -15.04679769924827504, -118.2288528313427491, 3.150000000000555023 ) ) ;
#1380 = ORIENTED_EDGE ( 'NONE', *, *, #716, .T. ) ;
#1381 = CARTESIAN_POINT ( 'NONE',  ( -34.81657034545184359, -116.3606119430081236, 7.150000000000555467 ) ) ;
#1382 = VERTEX_POINT ( 'NONE', #2047 ) ;
#1383 = EDGE_CURVE ( 'NONE', #594, #2497, #3106, .T. ) ;
#1384 = EDGE_CURVE ( 'NONE', #2166, #2479, #180, .T. ) ;
#1385 = CARTESIAN_POINT ( 'NONE',  ( -5.949999999999123546, 11.10000000000005649, 25.14142842854284865 ) ) ;
#1386 = EDGE_LOOP ( 'NONE', ( #2250, #540 ) ) ;
#1387 = AXIS2_PLACEMENT_3D ( 'NONE', #3038, #393, #1140 ) ;
#1388 = AXIS2_PLACEMENT_3D ( 'NONE', #2207, #2765, #1989 ) ;
#1389 = CARTESIAN_POINT ( 'NONE',  ( 1.750000000000865530, -4.200000005006672588, 32.77422862784739976 ) ) ;
#1390 = ORIENTED_EDGE ( 'NONE', *, *, #1845, .F. ) ;
#1391 = DIRECTION ( 'NONE',  ( 0.000000000000000000, -1.000000000000000000, 0.000000000000000000 ) ) ;
#1392 = DIRECTION ( 'NONE',  ( 1.000000000000000000, 0.000000000000000000, 0.000000000000000000 ) ) ;
#1393 = DIRECTION ( 'NONE',  ( 0.000000000000000000, 0.000000000000000000, -1.000000000000000000 ) ) ;
#1394 = CARTESIAN_POINT ( 'NONE',  ( 18.25000000000087397, -1.374315785656583300, 4.450000000000562395 ) ) ;
#1395 = PLANE ( 'NONE',  #279 ) ;
#1396 = ORIENTED_EDGE ( 'NONE', *, *, #2555, .T. ) ;
#1397 =( GEOMETRIC_REPRESENTATION_CONTEXT ( 3 ) GLOBAL_UNCERTAINTY_ASSIGNED_CONTEXT ( ( #2400 ) ) GLOBAL_UNIT_ASSIGNED_CONTEXT ( ( #3292, #2801, #1181 ) ) REPRESENTATION_CONTEXT ( 'NONE', 'WORKASPACE' ) );
#1398 = DIRECTION ( 'NONE',  ( 0.000000000000000000, -0.4999999999999997780, -0.8660254037844387076 ) ) ;
#1399 = EDGE_CURVE ( 'NONE', #31, #248, #2085, .T. ) ;
#1400 = ORIENTED_EDGE ( 'NONE', *, *, #1729, .T. ) ;
#1401 = FACE_OUTER_BOUND ( 'NONE', #714, .T. ) ;
#1402 = AXIS2_PLACEMENT_3D ( 'NONE', #911, #2529, #343 ) ;
#1403 = EDGE_CURVE ( 'NONE', #1860, #3052, #3252, .T. ) ;
#1404 = ORIENTED_EDGE ( 'NONE', *, *, #3349, .T. ) ;
#1405 = EDGE_CURVE ( 'NONE', #77, #2488, #3189, .T. ) ;
#1406 = DIRECTION ( 'NONE',  ( 0.1736481776669341615, 0.9848077530122073542, -0.000000000000000000 ) ) ;
#1407 = AXIS2_PLACEMENT_3D ( 'NONE', #856, #1920, #1073 ) ;
#1408 = DIRECTION ( 'NONE',  ( -0.9848077530122074652, 0.1736481776669341059, 0.000000000000000000 ) ) ;
#1409 = EDGE_LOOP ( 'NONE', ( #1636, #2054, #309, #243 ) ) ;
#1410 = AXIS2_PLACEMENT_3D ( 'NONE', #1131, #402, #1676 ) ;
#1411 = CARTESIAN_POINT ( 'NONE',  ( 18.25000000000087397, 1.974315775643245674, 10.25000000000056133 ) ) ;
#1412 = VECTOR ( 'NONE', #2880, 1000.000000000000000 ) ;
#1413 = CARTESIAN_POINT ( 'NONE',  ( -15.24999999999913491, -3.399999999999943512, 10.70000000000000284 ) ) ;
#1414 = CYLINDRICAL_SURFACE ( 'NONE', #1111, 5.000000000000000888 ) ;
#1415 = DIRECTION ( 'NONE',  ( -1.000000000000000000, 0.000000000000000000, 0.000000000000000000 ) ) ;
#1416 = ORIENTED_EDGE ( 'NONE', *, *, #158, .F. ) ;
#1417 = CARTESIAN_POINT ( 'NONE',  ( 15.25000000000087219, 0.2999999949937874888, 24.97999999378772173 ) ) ;
#1418 = ORIENTED_EDGE ( 'NONE', *, *, #3147, .F. ) ;
#1419 = AXIS2_PLACEMENT_3D ( 'NONE', #566, #300, #2629 ) ;
#1420 = LINE ( 'NONE', #2473, #1053 ) ;
#1421 = VERTEX_POINT ( 'NONE', #1105 ) ;
#1422 = DIRECTION ( 'NONE',  ( 0.000000000000000000, 0.000000000000000000, 1.000000000000000000 ) ) ;
#1423 = ADVANCED_FACE ( 'NONE', ( #1401 ), #61, .F. ) ;
#1424 = CARTESIAN_POINT ( 'NONE',  ( 17.25000000000087041, 4.799999994993326524, 35.97273648376064870 ) ) ;
#1425 = DIRECTION ( 'NONE',  ( 0.000000000000000000, 0.000000000000000000, -1.000000000000000000 ) ) ;
#1426 = VERTEX_POINT ( 'NONE', #2656 ) ;
#1427 = PERSON_AND_ORGANIZATION_ROLE ( 'classification_officer' ) ;
#1428 = FACE_OUTER_BOUND ( 'NONE', #1921, .T. ) ;
#1429 = DIRECTION ( 'NONE',  ( 0.000000000000000000, 0.000000000000000000, 1.000000000000000000 ) ) ;
#1430 = CYLINDRICAL_SURFACE ( 'NONE', #3006, 1.000000000000000888 ) ;
#1431 = DIRECTION ( 'NONE',  ( -1.000000000000000000, 4.733165431326068731E-30, -1.499999999999977831E-14 ) ) ;
#1432 = AXIS2_PLACEMENT_3D ( 'NONE', #454, #1523, #986 ) ;
#1433 = CARTESIAN_POINT ( 'NONE',  ( 7.786818945081567023, -13.89999999999994351, 3.752091746451571286 ) ) ;
#1434 = VERTEX_POINT ( 'NONE', #1615 ) ;
#1435 = CARTESIAN_POINT ( 'NONE',  ( -20.07657413928660617, -46.13545303818906973, 3.150000000000555023 ) ) ;
#1436 = ORIENTED_EDGE ( 'NONE', *, *, #1770, .F. ) ;
#1437 = LINE ( 'NONE', #3002, #3429 ) ;
#1438 = ORIENTED_EDGE ( 'NONE', *, *, #3177, .F. ) ;
#1439 = DIRECTION ( 'NONE',  ( 0.000000000000000000, 1.000000000000000000, 7.374825438899341529E-17 ) ) ;
#1440 = B_SPLINE_CURVE_WITH_KNOTS ( 'NONE', 3,
 ( #576, #2698, #1599, #2963, #27, #1115, #2159, #1101, #821, #294, #2174, #3442, #3425, #838, #3215, #310, #1366, #2926, #1331, #527 ),
 .UNSPECIFIED., .F., .F.,
 ( 4, 2, 2, 2, 2, 2, 2, 2, 2, 4 ),
 ( 8.673617379884035472E-19, 0.0007817726659657219359, 0.001563545331931443004, 0.002345317997897164181, 0.003127090663862885141, 0.003908863329828605668, 0.004690635995794328363, 0.005472408661760049323, 0.005863294994742904165, 0.006254181327725767681 ),
 .UNSPECIFIED. ) ;
#1441 = DIRECTION ( 'NONE',  ( 0.000000000000000000, -1.000000000000000000, -1.199084766825474603E-16 ) ) ;
#1442 = AXIS2_PLACEMENT_3D ( 'NONE', #467, #2833, #1557 ) ;
#1443 = DIRECTION ( 'NONE',  ( -0.1736481776669340782, -0.9848077530122073542, 0.000000000000000000 ) ) ;
#1444 = ORIENTED_EDGE ( 'NONE', *, *, #1956, .F. ) ;
#1445 = DIRECTION ( 'NONE',  ( -0.8893282335446544007, -0.4572693878014847391, -0.000000000000000000 ) ) ;
#1446 = EDGE_CURVE ( 'NONE', #3037, #1821, #1823, .T. ) ;
#1447 = DIRECTION ( 'NONE',  ( 0.000000000000000000, 0.000000000000000000, 1.000000000000000000 ) ) ;
#1448 = EDGE_CURVE ( 'NONE', #2366, #3262, #80, .T. ) ;
#1449 = CIRCLE ( 'NONE', #3378, 1.000000000000000888 ) ;
#1450 = AXIS2_PLACEMENT_3D ( 'NONE', #1757, #2551, #157 ) ;
#1451 = ORIENTED_EDGE ( 'NONE', *, *, #3130, .F. ) ;
#1452 = CARTESIAN_POINT ( 'NONE',  ( -15.24999999999913491, -8.899999999999943512, 18.00000000000000000 ) ) ;
#1453 = CARTESIAN_POINT ( 'NONE',  ( -16.74999999999913314, -3.399999999999943512, 12.50000000000000178 ) ) ;
#1454 = AXIS2_PLACEMENT_3D ( 'NONE', #3175, #2398, #1078 ) ;
#1455 = CARTESIAN_POINT ( 'NONE',  ( 4.962183382339370397, -13.89999999999994351, 3.150000000000555023 ) ) ;
#1456 = ORIENTED_EDGE ( 'NONE', *, *, #1469, .T. ) ;
#1457 = AXIS2_PLACEMENT_3D ( 'NONE', #3404, #1833, #2908 ) ;
#1458 = CARTESIAN_POINT ( 'NONE',  ( 6.550003508321085910, 11.10000000000005649, 24.14142842854284510 ) ) ;
#1459 = ORIENTED_EDGE ( 'NONE', *, *, #1912, .T. ) ;
#1460 = CYLINDRICAL_SURFACE ( 'NONE', #1732, 1.000000000000000888 ) ;
#1461 = ORIENTED_EDGE ( 'NONE', *, *, #1950, .F. ) ;
#1462 = DIRECTION ( 'NONE',  ( -1.000000000000000000, 0.000000000000000000, 0.000000000000000000 ) ) ;
#1463 = AXIS2_PLACEMENT_3D ( 'NONE', #2374, #3423, #1054 ) ;
#1464 = LINE ( 'NONE', #1721, #2201 ) ;
#1465 = FACE_OUTER_BOUND ( 'NONE', #3249, .T. ) ;
#1466 = COORDINATED_UNIVERSAL_TIME_OFFSET ( 8, 0, .AHEAD. ) ;
#1467 = AXIS2_PLACEMENT_3D ( 'NONE', #3170, #541, #2667 ) ;
#1468 = VERTEX_POINT ( 'NONE', #3235 ) ;
#1469 = EDGE_CURVE ( 'NONE', #3155, #2588, #17, .T. ) ;
#1470 = FACE_OUTER_BOUND ( 'NONE', #2753, .T. ) ;
#1471 = CARTESIAN_POINT ( 'NONE',  ( -14.06198994623606424, -117.4025010090096828, 3.150000000000555023 ) ) ;
#1472 = ORIENTED_EDGE ( 'NONE', *, *, #2878, .F. ) ;
#1473 = VERTEX_POINT ( 'NONE', #1855 ) ;
#1474 = DIRECTION ( 'NONE',  ( 0.000000000000000000, 0.000000000000000000, 1.000000000000000000 ) ) ;
#1475 = EDGE_CURVE ( 'NONE', #3103, #857, #2985, .T. ) ;
#1476 = CARTESIAN_POINT ( 'NONE',  ( 24.29999999999991900, 6.299999999999406519, 6.499999999998786748 ) ) ;
#1477 = ADVANCED_FACE ( 'NONE', ( #1351 ), #438, .T. ) ;
#1478 = AXIS2_PLACEMENT_3D ( 'NONE', #445, #1498, #1756 ) ;
#1479 = AXIS2_PLACEMENT_3D ( 'NONE', #2466, #71, #110 ) ;
#1480 = CARTESIAN_POINT ( 'NONE',  ( -16.74999999999913314, 14.10000000000005649, 2.000000000000001776 ) ) ;
#1481 = AXIS2_PLACEMENT_3D ( 'NONE', #1019, #1835, #2866 ) ;
#1482 = DIRECTION ( 'NONE',  ( 1.000000000000000000, 0.000000000000000000, 0.000000000000000000 ) ) ;
#1483 = ORIENTED_EDGE ( 'NONE', *, *, #223, .T. ) ;
#1484 = DIRECTION ( 'NONE',  ( 1.000000000000000000, -0.000000000000000000, -0.000000000000000000 ) ) ;
#1485 = ORIENTED_EDGE ( 'NONE', *, *, #2892, .F. ) ;
#1486 = VERTEX_POINT ( 'NONE', #1871 ) ;
#1487 = AXIS2_PLACEMENT_3D ( 'NONE', #217, #1292, #1763 ) ;
#1488 = DIRECTION ( 'NONE',  ( 0.000000000000000000, 0.000000000000000000, 1.000000000000000000 ) ) ;
#1489 = LINE ( 'NONE', #2238, #1671 ) ;
#1490 = DIRECTION ( 'NONE',  ( 1.000000000000000000, -0.000000000000000000, -0.000000000000000000 ) ) ;
#1491 = DIRECTION ( 'NONE',  ( 1.000000000000000000, -0.000000000000000000, -0.000000000000000000 ) ) ;
#1492 = CARTESIAN_POINT ( 'NONE',  ( -16.74999999999913314, -8.899999999999943512, 16.99999999999999645 ) ) ;
#1493 = VERTEX_POINT ( 'NONE', #2916 ) ;
#1494 = CIRCLE ( 'NONE', #1040, 5.000000000000000888 ) ;
#1495 = AXIS2_PLACEMENT_3D ( 'NONE', #3074, #145, #3289 ) ;
#1496 = CYLINDRICAL_SURFACE ( 'NONE', #3337, 1.000000000000000000 ) ;
#1497 = FACE_OUTER_BOUND ( 'NONE', #3323, .T. ) ;
#1498 = DIRECTION ( 'NONE',  ( 0.000000000000000000, 1.000000000000000000, 0.000000000000000000 ) ) ;
#1499 = VECTOR ( 'NONE', #1251, 1000.000000000000000 ) ;
#1500 = CARTESIAN_POINT ( 'NONE',  ( 15.25000000000087041, 11.10000000000005649, 33.14142842854284510 ) ) ;
#1501 = ORIENTED_EDGE ( 'NONE', *, *, #2481, .F. ) ;
#1502 = ORIENTED_EDGE ( 'NONE', *, *, #2576, .F. ) ;
#1503 = ADVANCED_FACE ( 'NONE', ( #42 ), #1635, .F. ) ;
#1504 = EDGE_CURVE ( 'NONE', #2479, #1473, #260, .T. ) ;
#1505 = CARTESIAN_POINT ( 'NONE',  ( -15.04679769924827504, -117.2288528313427491, 21.15000000000055991 ) ) ;
#1506 = DIRECTION ( 'NONE',  ( 0.000000000000000000, 0.4999999999999999445, -0.8660254037844385966 ) ) ;
#1507 = PLANE ( 'NONE',  #1627 ) ;
#1508 = VECTOR ( 'NONE', #369, 1000.000000000000227 ) ;
#1509 = DIRECTION ( 'NONE',  ( 1.000000000000000000, 0.000000000000000000, 0.000000000000000000 ) ) ;
#1510 = LINE ( 'NONE', #1747, #1246 ) ;
#1511 = ORIENTED_EDGE ( 'NONE', *, *, #1328, .T. ) ;
#1512 = VECTOR ( 'NONE', #341, 1000.000000000000000 ) ;
#1513 = FACE_OUTER_BOUND ( 'NONE', #750, .T. ) ;
#1514 = CARTESIAN_POINT ( 'NONE',  ( -27.62471613209713084, -41.02095699460825529, 21.15000000000055635 ) ) ;
#1515 = CARTESIAN_POINT ( 'NONE',  ( 17.25000000000087041, -8.400000000000559908, 19.69999999999990692 ) ) ;
#1516 = VECTOR ( 'NONE', #2082, 1000.000000000000000 ) ;
#1517 = DIRECTION ( 'NONE',  ( 0.000000000000000000, 0.000000000000000000, -1.000000000000000000 ) ) ;
#1518 = AXIS2_PLACEMENT_3D ( 'NONE', #2224, #405, #660 ) ;
#1519 = EDGE_CURVE ( 'NONE', #3205, #1, #2685, .T. ) ;
#1520 = VERTEX_POINT ( 'NONE', #1385 ) ;
#1521 = ORIENTED_EDGE ( 'NONE', *, *, #1119, .F. ) ;
#1522 = CARTESIAN_POINT ( 'NONE',  ( 3.582228378777384759, -17.33716640099755324, 21.15000000000055991 ) ) ;
#1523 = DIRECTION ( 'NONE',  ( 0.000000000000000000, 0.000000000000000000, 1.000000000000000000 ) ) ;
#1524 = EDGE_CURVE ( 'NONE', #740, #1991, #1333, .T. ) ;
#1525 = EDGE_CURVE ( 'NONE', #1938, #678, #2187, .T. ) ;
#1526 = COORDINATED_UNIVERSAL_TIME_OFFSET ( 8, 0, .AHEAD. ) ;
#1527 = PRODUCT_DEFINITION_FORMATION_WITH_SPECIFIED_SOURCE ( '任何', '', #2078, .NOT_KNOWN. ) ;
#1528 = CIRCLE ( 'NONE', #1402, 4.000000000000000000 ) ;
#1529 = DIRECTION ( 'NONE',  ( -1.000000000000000000, 4.733165431326068731E-30, -1.499999999999977831E-14 ) ) ;
#1530 = VERTEX_POINT ( 'NONE', #3204 ) ;
#1531 = CARTESIAN_POINT ( 'NONE',  ( -21.90565169049254379, -42.57814010401045124, 7.150000000000555467 ) ) ;
#1532 = ORIENTED_EDGE ( 'NONE', *, *, #2108, .F. ) ;
#1533 = FACE_OUTER_BOUND ( 'NONE', #2969, .T. ) ;
#1534 = CARTESIAN_POINT ( 'NONE',  ( -20.92471613209713155, -37.57599170203148020, 7.150000000000559019 ) ) ;
#1535 = VECTOR ( 'NONE', #1185, 1000.000000000000000 ) ;
#1536 = DIRECTION ( 'NONE',  ( -1.000000000000000000, -0.000000000000000000, -0.000000000000000000 ) ) ;
#1537 = EDGE_LOOP ( 'NONE', ( #2213, #2925, #2490, #1894, #330, #2333, #128, #2719, #18, #2253, #2229 ) ) ;
#1538 = ORIENTED_EDGE ( 'NONE', *, *, #2691, .F. ) ;
#1539 = AXIS2_PLACEMENT_3D ( 'NONE', #833, #253, #816 ) ;
#1540 = DIRECTION ( 'NONE',  ( 0.000000000000000000, 0.000000000000000000, 1.000000000000000000 ) ) ;
#1541 = DIRECTION ( 'NONE',  ( 6.987509761568185038E-17, -0.8660254037844388186, 0.4999999999999998335 ) ) ;
#1542 = EDGE_LOOP ( 'NONE', ( #3409, #640 ) ) ;
#1543 = FACE_BOUND ( 'NONE', #1841, .T. ) ;
#1544 = EDGE_CURVE ( 'NONE', #397, #1650, #2161, .T. ) ;
#1545 = EDGE_CURVE ( 'NONE', #1690, #313, #1885, .T. ) ;
#1546 = DIRECTION ( 'NONE',  ( 0.000000000000000000, 0.000000000000000000, 1.000000000000000000 ) ) ;
#1547 = FACE_OUTER_BOUND ( 'NONE', #2686, .T. ) ;
#1548 = EDGE_LOOP ( 'NONE', ( #1268, #829, #778, #2163 ) ) ;
#1549 = CARTESIAN_POINT ( 'NONE',  ( -6.949999999999123546, 14.10000000000005649, 24.14142842854284154 ) ) ;
#1550 = ORIENTED_EDGE ( 'NONE', *, *, #1260, .F. ) ;
#1551 = DIRECTION ( 'NONE',  ( -0.000000000000000000, -1.000000000000000000, -0.000000000000000000 ) ) ;
#1552 = CARTESIAN_POINT ( 'NONE',  ( 15.25000000000087219, 2.404957546240711343E-15, 1.499999999999994449 ) ) ;
#1553 = CYLINDRICAL_SURFACE ( 'NONE', #2669, 1.000000000000000888 ) ;
#1554 = CARTESIAN_POINT ( 'NONE',  ( 19.75000000000086686, 0.2999999949933278565, 7.350000000000560973 ) ) ;
#1555 = ORIENTED_EDGE ( 'NONE', *, *, #376, .F. ) ;
#1556 = EDGE_LOOP ( 'NONE', ( #3341, #2721, #1585, #161 ) ) ;
#1557 = DIRECTION ( 'NONE',  ( 0.000000000000000000, 0.000000000000000000, -1.000000000000000000 ) ) ;
#1558 = CARTESIAN_POINT ( 'NONE',  ( -28.04037162758984536, -45.37523624983524684, -76.84999999999944009 ) ) ;
#1559 = VERTEX_POINT ( 'NONE', #297 ) ;
#1560 = CARTESIAN_POINT ( 'NONE',  ( -15.24999999999913491, -3.399999999999942180, 23.50000000000000000 ) ) ;
#1561 = ORIENTED_EDGE ( 'NONE', *, *, #1405, .T. ) ;
#1562 = DIRECTION ( 'NONE',  ( 1.000000000000000000, -8.326672684688672475E-15, 0.000000000000000000 ) ) ;
#1563 = VERTEX_POINT ( 'NONE', #595 ) ;
#1564 = EDGE_CURVE ( 'NONE', #2681, #1249, #1668, .T. ) ;
#1565 = EDGE_CURVE ( 'NONE', #1900, #3205, #2595, .T. ) ;
#1566 = DIRECTION ( 'NONE',  ( 0.000000000000000000, 0.000000000000000000, -1.000000000000000000 ) ) ;
#1567 = DIRECTION ( 'NONE',  ( 1.000000000000000000, 0.000000000000000000, -0.000000000000000000 ) ) ;
#1568 = LINE ( 'NONE', #772, #2967 ) ;
#1569 = LINE ( 'NONE', #1020, #2119 ) ;
#1570 = ORIENTED_EDGE ( 'NONE', *, *, #431, .T. ) ;
#1571 = CARTESIAN_POINT ( 'NONE',  ( -15.24999999999913491, -3.399999999999943512, 12.50000000000000178 ) ) ;
#1572 = CARTESIAN_POINT ( 'NONE',  ( -12.68829355245615353, -13.89999999999994351, 3.150000000000555023 ) ) ;
#1573 = ORIENTED_EDGE ( 'NONE', *, *, #783, .T. ) ;
#1574 = CIRCLE ( 'NONE', #2623, 1.000000000000000000 ) ;
#1575 = CYLINDRICAL_SURFACE ( 'NONE', #1419, 1.000000000000000000 ) ;
#1576 = EDGE_LOOP ( 'NONE', ( #1436, #299, #204, #1808 ) ) ;
#1577 = AXIS2_PLACEMENT_3D ( 'NONE', #172, #2825, #338 ) ;
#1578 = CARTESIAN_POINT ( 'NONE',  ( 5.250000000000857980, 2.100000000000056044, 16.99999999999999645 ) ) ;
#1579 = VECTOR ( 'NONE', #258, 1000.000000000000000 ) ;
#1580 = LINE ( 'NONE', #22, #553 ) ;
#1581 = ADVANCED_FACE ( 'NONE', ( #2298 ), #2858, .F. ) ;
#1582 = DIRECTION ( 'NONE',  ( 0.000000000000000000, -1.000000000000000000, 0.000000000000000000 ) ) ;
#1583 = EDGE_CURVE ( 'NONE', #2600, #1969, #3397, .T. ) ;
#1584 = CARTESIAN_POINT ( 'NONE',  ( -10.12275893418723527, -118.0970937196774315, 21.15000000000055991 ) ) ;
#1585 = ORIENTED_EDGE ( 'NONE', *, *, #2382, .F. ) ;
#1586 = ORIENTED_EDGE ( 'NONE', *, *, #677, .T. ) ;
#1587 = AXIS2_PLACEMENT_3D ( 'NONE', #3436, #1861, #1095 ) ;
#1588 = LINE ( 'NONE', #3376, #1499 ) ;
#1589 = CLOSED_SHELL ( 'NONE', ( #505, #244, #2341, #1726, #249, #1684, #3240, #1644, #3413, #522, #2297, #351, #1028, #2573, #528, #1812, #306, #224, #3412, #762, #2847, #804, #890, #3221, #349, #2164, #1619, #166, #1620, #448, #2199, #2909, #3430, #2553, #6, #29, #1219, #1423, #184, #1829, #2476, #1931, #619, #2854, #1766, #116, #3100, #2340, #408, #1279, #1863, #695, #2811, #845, #2143, #329, #995, #2755, #1891, #2162, #205, #2081, #1788, #707, #1122, #2783, #2641, #938, #2951, #696, #976, #2462, #226, #632, #1826, #529, #64, #489, #2734, #1477, #1746, #3306, #453, #2853, #3040, #717, #862, #1375, #824, #1503, #2731, #3241, #2502, #1355, #1238, #2022, #2437, #2367, #206, #65, #919, #1581, #784, #1640, #584, #1849 ) ) ;
#1590 = ORIENTED_EDGE ( 'NONE', *, *, #377, .T. ) ;
#1591 = CARTESIAN_POINT ( 'NONE',  ( 5.250000000000857980, 2.100000000000056044, 18.00000000000000000 ) ) ;
#1592 = AXIS2_PLACEMENT_3D ( 'NONE', #991, #2035, #708 ) ;
#1593 = ORIENTED_EDGE ( 'NONE', *, *, #3392, .T. ) ;
#1594 = FACE_OUTER_BOUND ( 'NONE', #3169, .T. ) ;
#1595 = DIRECTION ( 'NONE',  ( 1.000000000000000000, 0.000000000000000000, 0.000000000000000000 ) ) ;
#1596 = FACE_OUTER_BOUND ( 'NONE', #1556, .T. ) ;
#1597 = LINE ( 'NONE', #1037, #1516 ) ;
#1598 = ORIENTED_EDGE ( 'NONE', *, *, #868, .F. ) ;
#1599 = CARTESIAN_POINT ( 'NONE',  ( -34.79083890739334350, -116.3640991405757603, 6.625735410952478865 ) ) ;
#1600 = EDGE_CURVE ( 'NONE', #1183, #1870, #1032, .T. ) ;
#1601 = ORIENTED_EDGE ( 'NONE', *, *, #67, .T. ) ;
#1602 = DIRECTION ( 'NONE',  ( 1.000000000000000000, 0.000000000000000000, 0.000000000000000000 ) ) ;
#1603 = ORIENTED_EDGE ( 'NONE', *, *, #1022, .F. ) ;
#1604 = EDGE_CURVE ( 'NONE', #1196, #1559, #2248, .T. ) ;
#1605 = AXIS2_PLACEMENT_3D ( 'NONE', #2852, #1602, #859 ) ;
#1606 = DIRECTION ( 'NONE',  ( -1.239088197126291063E-16, -7.676697801288408886E-33, -1.000000000000000000 ) ) ;
#1607 = ORIENTED_EDGE ( 'NONE', *, *, #2597, .F. ) ;
#1608 = DIRECTION ( 'NONE',  ( 0.000000000000000000, 0.000000000000000000, 1.000000000000000000 ) ) ;
#1609 = DIRECTION ( 'NONE',  ( 1.000000000000000000, 0.000000000000000000, 0.000000000000000000 ) ) ;
#1610 = FACE_OUTER_BOUND ( 'NONE', #2005, .T. ) ;
#1611 = CARTESIAN_POINT ( 'NONE',  ( 9.659414383438582163, -13.89999999999994706, 23.46962262620711925 ) ) ;
#1612 = ORIENTED_EDGE ( 'NONE', *, *, #1258, .F. ) ;
#1613 = DIRECTION ( 'NONE',  ( -1.000000000000000000, 0.000000000000000000, 0.000000000000000000 ) ) ;
#1614 = ORIENTED_EDGE ( 'NONE', *, *, #1141, .T. ) ;
#1615 = CARTESIAN_POINT ( 'NONE',  ( 18.25000000000087397, 0.2999999949933278565, 5.850000000000560973 ) ) ;
#1616 = EDGE_LOOP ( 'NONE', ( #509, #1186 ) ) ;
#1617 = CIRCLE ( 'NONE', #2055, 1.000000000000000000 ) ;
#1618 =( BOUNDED_CURVE ( )  B_SPLINE_CURVE ( 3, ( #68, #2496, #3041, #848 ),
 .UNSPECIFIED., .F., .T. ) 
 B_SPLINE_CURVE_WITH_KNOTS ( ( 4, 4 ),
 ( 1.570796326794896558, 3.141592653589794004 ),
 .UNSPECIFIED. ) 
 CURVE ( )  GEOMETRIC_REPRESENTATION_ITEM ( )  RATIONAL_B_SPLINE_CURVE ( ( 1.000000000000000000, 0.8047378541243648264, 0.8047378541243648264, 1.000000000000000000 ) ) 
 REPRESENTATION_ITEM ( '' )  );
#1619 = ADVANCED_FACE ( 'NONE', ( #2019 ), #975, .F. ) ;
#1620 = ADVANCED_FACE ( 'NONE', ( #1547 ), #2091, .F. ) ;
#1621 = AXIS2_PLACEMENT_3D ( 'NONE', #700, #1773, #2829 ) ;
#1622 = AXIS2_PLACEMENT_3D ( 'NONE', #861, #3254, #3168 ) ;
#1623 = CIRCLE ( 'NONE', #1518, 1.799999999999999600 ) ;
#1624 = CARTESIAN_POINT ( 'NONE',  ( -15.24999999999913314, -3.399999999999942180, 22.50000000000000000 ) ) ;
#1625 = ORIENTED_EDGE ( 'NONE', *, *, #1682, .T. ) ;
#1626 = CARTESIAN_POINT ( 'NONE',  ( -10.85129954336188796, -122.2288528313427634, 21.15000000000055991 ) ) ;
#1627 = AXIS2_PLACEMENT_3D ( 'NONE', #3077, #3059, #2856 ) ;
#1628 = PLANE ( 'NONE',  #894 ) ;
#1629 = AXIS2_PLACEMENT_3D ( 'NONE', #3085, #1243, #443 ) ;
#1630 = CARTESIAN_POINT ( 'NONE',  ( 5.250000000000857980, 2.100000000000056044, 18.00000000000000000 ) ) ;
#1631 = DIRECTION ( 'NONE',  ( 0.000000000000000000, 0.000000000000000000, -1.000000000000000000 ) ) ;
#1632 = VERTEX_POINT ( 'NONE', #3148 ) ;
#1633 = LINE ( 'NONE', #2914, #1579 ) ;
#1634 = ORIENTED_EDGE ( 'NONE', *, *, #1868, .T. ) ;
#1635 = CYLINDRICAL_SURFACE ( 'NONE', #858, 1.000000000000000888 ) ;
#1636 = ORIENTED_EDGE ( 'NONE', *, *, #1320, .F. ) ;
#1637 = AXIS2_PLACEMENT_3D ( 'NONE', #2168, #3226, #321 ) ;
#1638 = CARTESIAN_POINT ( 'NONE',  ( -30.89253158039080915, -117.2288528313427491, 25.15000000000055991 ) ) ;
#1639 = VECTOR ( 'NONE', #2845, 1000.000000000000000 ) ;
#1640 = ADVANCED_FACE ( 'NONE', ( #1030 ), #3110, .F. ) ;
#1641 = EDGE_LOOP ( 'NONE', ( #3104, #1944, #575, #233 ) ) ;
#1642 = AXIS2_PLACEMENT_3D ( 'NONE', #3347, #2284, #727 ) ;
#1643 = DIRECTION ( 'NONE',  ( 1.000000000000000000, -0.000000000000000000, -0.000000000000000000 ) ) ;
#1644 = ADVANCED_FACE ( 'NONE', ( #3362 ), #2561, .T. ) ;
#1645 = DIRECTION ( 'NONE',  ( 0.000000000000000000, 0.000000000000000000, 1.000000000000000000 ) ) ;
#1646 = DIRECTION ( 'NONE',  ( 0.9848077530122072432, -0.1736481776669352162, 0.000000000000000000 ) ) ;
#1647 = CARTESIAN_POINT ( 'NONE',  ( 12.44549815588725394, -13.89999999999994351, 21.15000000000055991 ) ) ;
#1648 = ORIENTED_EDGE ( 'NONE', *, *, #7, .T. ) ;
#1649 = FACE_OUTER_BOUND ( 'NONE', #3000, .T. ) ;
#1650 = VERTEX_POINT ( 'NONE', #1274 ) ;
#1651 = DIRECTION ( 'NONE',  ( -0.000000000000000000, -0.000000000000000000, -1.000000000000000000 ) ) ;
#1652 = ORIENTED_EDGE ( 'NONE', *, *, #1869, .F. ) ;
#1653 = CIRCLE ( 'NONE', #2095, 1.000000000000000888 ) ;
#1654 = FACE_OUTER_BOUND ( 'NONE', #1953, .T. ) ;
#1655 = VERTEX_POINT ( 'NONE', #2542 ) ;
#1656 = AXIS2_PLACEMENT_3D ( 'NONE', #1075, #562, #2195 ) ;
#1657 = EDGE_CURVE ( 'NONE', #3103, #1196, #1779, .T. ) ;
#1658 = CARTESIAN_POINT ( 'NONE',  ( -34.89253158039080915, -117.2288528313427491, 21.15000000000055991 ) ) ;
#1659 = DIRECTION ( 'NONE',  ( 1.000000000000000000, 0.000000000000000000, 0.000000000000000000 ) ) ;
#1660 = EDGE_CURVE ( 'NONE', #2245, #3278, #150, .T. ) ;
#1661 = CARTESIAN_POINT ( 'NONE',  ( -13.74999999999913491, 11.10000000000005649, 33.14142842854284510 ) ) ;
#1662 = EDGE_CURVE ( 'NONE', #2889, #1002, #3332, .T. ) ;
#1663 = AXIS2_PLACEMENT_3D ( 'NONE', #2309, #2032, #1776 ) ;
#1664 = CARTESIAN_POINT ( 'NONE',  ( 17.25000000000087041, -5.700000000000617462, 6.499999999998745004 ) ) ;
#1665 = ORIENTED_EDGE ( 'NONE', *, *, #263, .F. ) ;
#1666 = DIRECTION ( 'NONE',  ( -0.09502709854422727864, -0.9954746860379052320, 0.000000000000000000 ) ) ;
#1667 = ORIENTED_EDGE ( 'NONE', *, *, #2480, .T. ) ;
#1668 = LINE ( 'NONE', #3218, #1859 ) ;
#1669 = ORIENTED_EDGE ( 'NONE', *, *, #1384, .F. ) ;
#1670 = VECTOR ( 'NONE', #633, 1000.000000000000000 ) ;
#1671 = VECTOR ( 'NONE', #2215, 1000.000000000000000 ) ;
#1672 = DIRECTION ( 'NONE',  ( -1.000000000000000000, 0.000000000000000000, 0.000000000000000000 ) ) ;
#1673 = ORIENTED_EDGE ( 'NONE', *, *, #1950, .T. ) ;
#1674 = AXIS2_PLACEMENT_3D ( 'NONE', #2115, #2259, #789 ) ;
#1675 = CARTESIAN_POINT ( 'NONE',  ( 15.25000000000087397, 4.100000000000056488, 25.99999999999999645 ) ) ;
#1676 = DIRECTION ( 'NONE',  ( 0.000000000000000000, 0.000000000000000000, -1.000000000000000000 ) ) ;
#1677 = CYLINDRICAL_SURFACE ( 'NONE', #2167, 1.000000000000000888 ) ;
#1678 = CARTESIAN_POINT ( 'NONE',  ( -12.68829355245615353, -13.89999999999994351, 3.150000000000555023 ) ) ;
#1679 = DIRECTION ( 'NONE',  ( 1.000000000000000000, 0.000000000000000000, -0.000000000000000000 ) ) ;
#1680 = VERTEX_POINT ( 'NONE', #1240 ) ;
#1681 = DIRECTION ( 'NONE',  ( -1.000000000000000000, 0.000000000000000000, -0.000000000000000000 ) ) ;
#1682 = EDGE_CURVE ( 'NONE', #301, #1027, #2313, .T. ) ;
#1683 = VERTEX_POINT ( 'NONE', #2874 ) ;
#1684 = ADVANCED_FACE ( 'NONE', ( #959 ), #2970, .T. ) ;
#1685 = DIRECTION ( 'NONE',  ( -1.239088197126291063E-16, 0.000000000000000000, -1.000000000000000000 ) ) ;
#1686 = ORIENTED_EDGE ( 'NONE', *, *, #1194, .T. ) ;
#1687 = LINE ( 'NONE', #936, #159 ) ;
#1688 = DIRECTION ( 'NONE',  ( 1.000000000000000000, -0.000000000000000000, 0.000000000000000000 ) ) ;
#1689 = ORIENTED_EDGE ( 'NONE', *, *, #1339, .F. ) ;
#1690 = VERTEX_POINT ( 'NONE', #2611 ) ;
#1691 = AXIS2_PLACEMENT_3D ( 'NONE', #851, #3011, #2975 ) ;
#1692 = DIRECTION ( 'NONE',  ( 1.000000000000000000, 0.000000000000000000, 0.000000000000000000 ) ) ;
#1693 = VECTOR ( 'NONE', #2566, 1000.000000000000227 ) ;
#1694 = CARTESIAN_POINT ( 'NONE',  ( -5.949999999999125322, 11.10000000000005649, 11.14142842854284865 ) ) ;
#1695 = LINE ( 'NONE', #1148, #583 ) ;
#1696 = CARTESIAN_POINT ( 'NONE',  ( -34.00488709443199298, -116.4721502700016202, 23.58866541917680237 ) ) ;
#1697 = CARTESIAN_POINT ( 'NONE',  ( -14.74999999999913314, 12.10000000000005649, 0.000000000000000000 ) ) ;
#1698 = ORIENTED_EDGE ( 'NONE', *, *, #2675, .T. ) ;
#1699 = CARTESIAN_POINT ( 'NONE',  ( -5.949999999999125322, 4.100000000000056488, 12.14142842854285043 ) ) ;
#1700 = ORIENTED_EDGE ( 'NONE', *, *, #1657, .T. ) ;
#1701 = DIRECTION ( 'NONE',  ( 0.4572693878014844615, -0.8893282335446545117, 0.000000000000000000 ) ) ;
#1702 = ORIENTED_EDGE ( 'NONE', *, *, #998, .F. ) ;
#1703 = DIRECTION ( 'NONE',  ( 1.224646799147353207E-16, 1.000000000000000000, -0.000000000000000000 ) ) ;
#1704 = DIRECTION ( 'NONE',  ( 0.000000000000000000, 0.000000000000000000, 1.000000000000000000 ) ) ;
#1705 = EDGE_CURVE ( 'NONE', #3129, #1520, #2351, .T. ) ;
#1706 = EDGE_CURVE ( 'NONE', #318, #3400, #3405, .T. ) ;
#1707 = CARTESIAN_POINT ( 'NONE',  ( 5.250000000000857980, -3.399999999999942180, 22.50000000000000000 ) ) ;
#1708 = ORIENTED_EDGE ( 'NONE', *, *, #1376, .F. ) ;
#1709 = LINE ( 'NONE', #378, #108 ) ;
#1710 = CARTESIAN_POINT ( 'NONE',  ( 24.29999999999970584, -8.400000000000559908, 20.70000000000001350 ) ) ;
#1711 = EDGE_LOOP ( 'NONE', ( #1555, #3097, #317, #1698, #1003, #3363, #3356, #1459, #596, #1216, #863, #2492, #2291, #3149 ) ) ;
#1712 = DIRECTION ( 'NONE',  ( -1.000000000000000000, -0.000000000000000000, -0.000000000000000000 ) ) ;
#1713 = DIRECTION ( 'NONE',  ( 1.000000000000000000, 0.000000000000000000, 0.000000000000000000 ) ) ;
#1714 = CARTESIAN_POINT ( 'NONE',  ( 15.25000000000087219, -3.700000005006621961, 31.90820322406299425 ) ) ;
#1715 = VERTEX_POINT ( 'NONE', #1842 ) ;
#1716 = CARTESIAN_POINT ( 'NONE',  ( 15.25000000000087219, 0.2999999949937874888, 24.97999999378772173 ) ) ;
#1717 = VERTEX_POINT ( 'NONE', #2672 ) ;
#1718 = CARTESIAN_POINT ( 'NONE',  ( 15.25000000000087219, -3.200000005006673476, 34.99499861017198299 ) ) ;
#1719 = ORIENTED_EDGE ( 'NONE', *, *, #656, .F. ) ;
#1720 = CARTESIAN_POINT ( 'NONE',  ( 15.25000000000087219, -3.200000005006669923, 1.499999999999994005 ) ) ;
#1721 = CARTESIAN_POINT ( 'NONE',  ( 17.25000000000087041, 3.799999994993327412, 32.77422862784792557 ) ) ;
#1722 = AXIS2_PLACEMENT_3D ( 'NONE', #2066, #2607, #759 ) ;
#1723 = DIRECTION ( 'NONE',  ( 0.000000000000000000, 0.000000000000000000, -1.000000000000000000 ) ) ;
#1724 = MECHANICAL_CONTEXT ( 'NONE', #2153, 'mechanical' ) ;
#1725 = ORIENTED_EDGE ( 'NONE', *, *, #865, .F. ) ;
#1726 = ADVANCED_FACE ( 'NONE', ( #2427 ), #19, .F. ) ;
#1727 = EDGE_CURVE ( 'NONE', #1563, #1816, #3206, .T. ) ;
#1728 = PERSON_AND_ORGANIZATION_ROLE ( 'creator' ) ;
#1729 = EDGE_CURVE ( 'NONE', #2861, #1245, #1914, .T. ) ;
#1730 = CARTESIAN_POINT ( 'NONE',  ( -27.62471613209713439, -41.02095699460825529, 7.150000000000555467 ) ) ;
#1731 = CARTESIAN_POINT ( 'NONE',  ( 15.25000000000087219, 1.974315775643245674, 4.450000000000562395 ) ) ;
#1732 = AXIS2_PLACEMENT_3D ( 'NONE', #1195, #2795, #2534 ) ;
#1733 = ORIENTED_EDGE ( 'NONE', *, *, #3061, .T. ) ;
#1734 = CARTESIAN_POINT ( 'NONE',  ( -15.04679769924827504, -118.2288528313427491, 7.150000000000555467 ) ) ;
#1735 = CARTESIAN_POINT ( 'NONE',  ( -33.27214492520456446, -116.5757886078588257, 24.32886445255844876 ) ) ;
#1736 = VECTOR ( 'NONE', #2971, 1000.000000000000227 ) ;
#1737 = DIRECTION ( 'NONE',  ( 0.000000000000000000, 0.000000000000000000, -1.000000000000000000 ) ) ;
#1738 = ORIENTED_EDGE ( 'NONE', *, *, #1162, .T. ) ;
#1739 = LINE ( 'NONE', #2792, #2137 ) ;
#1740 = ORIENTED_EDGE ( 'NONE', *, *, #2461, .T. ) ;
#1741 = CYLINDRICAL_SURFACE ( 'NONE', #2834, 2.000000000000000000 ) ;
#1742 = ORIENTED_EDGE ( 'NONE', *, *, #3303, .F. ) ;
#1743 = CARTESIAN_POINT ( 'NONE',  ( -12.81076898795030417, -14.59459271066767982, 7.150000000000555467 ) ) ;
#1744 = DIRECTION ( 'NONE',  ( 0.000000000000000000, 0.000000000000000000, -1.000000000000000000 ) ) ;
#1745 = DIRECTION ( 'NONE',  ( 0.000000000000000000, 0.000000000000000000, 1.000000000000000000 ) ) ;
#1746 = ADVANCED_FACE ( 'NONE', ( #1874 ), #1360, .T. ) ;
#1747 = CARTESIAN_POINT ( 'NONE',  ( -6.949999999999123546, 14.10000000000005649, 25.14142842854284865 ) ) ;
#1748 = ORIENTED_EDGE ( 'NONE', *, *, #1886, .F. ) ;
#1749 = CIRCLE ( 'NONE', #3076, 1.000000000000000888 ) ;
#1750 = ORIENTED_EDGE ( 'NONE', *, *, #767, .F. ) ;
#1751 = VECTOR ( 'NONE', #949, 1000.000000000000000 ) ;
#1752 = AXIS2_PLACEMENT_3D ( 'NONE', #3368, #734, #1566 ) ;
#1753 = EDGE_CURVE ( 'NONE', #475, #2988, #1370, .T. ) ;
#1754 = DIRECTION ( 'NONE',  ( 1.000000000000000000, -0.000000000000000000, -0.000000000000000000 ) ) ;
#1755 = DIRECTION ( 'NONE',  ( 1.000000000000000000, -0.000000000000000000, 0.000000000000000000 ) ) ;
#1756 = DIRECTION ( 'NONE',  ( 0.000000000000000000, -0.000000000000000000, 1.000000000000000000 ) ) ;
#1757 = CARTESIAN_POINT ( 'NONE',  ( 17.25000000000087041, 0.2999999949937874888, 24.97999999378772173 ) ) ;
#1758 = ORIENTED_EDGE ( 'NONE', *, *, #783, .F. ) ;
#1759 = VERTEX_POINT ( 'NONE', #1638 ) ;
#1760 = AXIS2_PLACEMENT_3D ( 'NONE', #1813, #2051, #2578 ) ;
#1761 = CARTESIAN_POINT ( 'NONE',  ( -20.92471613209711379, -37.57599170203147310, 7.150000000000555467 ) ) ;
#1762 = LINE ( 'NONE', #2757, #2655 ) ;
#1763 = DIRECTION ( 'NONE',  ( 1.000000000000000000, 0.000000000000000000, 0.000000000000000000 ) ) ;
#1764 = CARTESIAN_POINT ( 'NONE',  ( -16.74999999999913314, -13.89999999999994351, 25.99999999999999645 ) ) ;
#1765 = ORIENTED_EDGE ( 'NONE', *, *, #487, .F. ) ;
#1766 = ADVANCED_FACE ( 'NONE', ( #547 ), #1575, .F. ) ;
#1767 = CARTESIAN_POINT ( 'NONE',  ( -14.74999999999913314, 12.10000000000005649, 0.000000000000000000 ) ) ;
#1768 = DIRECTION ( 'NONE',  ( 0.4572693878014844615, -0.8893282335446545117, 0.000000000000000000 ) ) ;
#1769 = VERTEX_POINT ( 'NONE', #1624 ) ;
#1770 = EDGE_CURVE ( 'NONE', #276, #1064, #32, .T. ) ;
#1771 = EDGE_CURVE ( 'NONE', #2488, #1789, #3416, .T. ) ;
#1772 = AXIS2_PLACEMENT_3D ( 'NONE', #2149, #2396, #579 ) ;
#1773 = DIRECTION ( 'NONE',  ( -0.000000000000000000, -0.000000000000000000, -1.000000000000000000 ) ) ;
#1774 = ORIENTED_EDGE ( 'NONE', *, *, #763, .F. ) ;
#1775 = ORIENTED_EDGE ( 'NONE', *, *, #979, .F. ) ;
#1776 = DIRECTION ( 'NONE',  ( -1.387778780781444413E-14, 0.000000000000000000, 1.000000000000000000 ) ) ;
#1777 = DIRECTION ( 'NONE',  ( -1.000000000000000000, -8.068481283613057027E-17, -0.000000000000000000 ) ) ;
#1778 = APPROVAL_ROLE ( '' ) ;
#1779 = LINE ( 'NONE', #1799, #3082 ) ;
#1780 = CARTESIAN_POINT ( 'NONE',  ( -20.07657413928660617, -46.13545303818906973, -76.84999999999944009 ) ) ;
#1781 = ORIENTED_EDGE ( 'NONE', *, *, #2832, .T. ) ;
#1782 = DIRECTION ( 'NONE',  ( 1.000000000000000000, 0.000000000000000000, 0.000000000000000000 ) ) ;
#1783 = FACE_BOUND ( 'NONE', #2767, .T. ) ;
#1784 = AXIS2_PLACEMENT_3D ( 'NONE', #1000, #1536, #225 ) ;
#1785 = CIRCLE ( 'NONE', #1343, 1.000000000000000000 ) ;
#1786 = DIRECTION ( 'NONE',  ( 0.000000000000000000, 0.4999999999999997780, 0.8660254037844387076 ) ) ;
#1787 = EDGE_LOOP ( 'NONE', ( #1043, #2554 ) ) ;
#1788 = ADVANCED_FACE ( 'NONE', ( #1827 ), #533, .T. ) ;
#1789 = VERTEX_POINT ( 'NONE', #2106 ) ;
#1790 = EDGE_CURVE ( 'NONE', #1969, #2063, #296, .T. ) ;
#1791 = DIRECTION ( 'NONE',  ( 1.000000000000000000, -0.000000000000000000, -0.000000000000000000 ) ) ;
#1792 = EDGE_CURVE ( 'NONE', #2175, #2979, #1255, .T. ) ;
#1793 = ORIENTED_EDGE ( 'NONE', *, *, #1662, .T. ) ;
#1794 = CARTESIAN_POINT ( 'NONE',  ( 0.000000000000000000, 0.000000000000000000, 0.000000000000000000 ) ) ;
#1795 = AXIS2_PLACEMENT_3D ( 'NONE', #1899, #2711, #2997 ) ;
#1796 = AXIS2_PLACEMENT_3D ( 'NONE', #1591, #2646, #250 ) ;
#1797 = CARTESIAN_POINT ( 'NONE',  ( -34.79084097193540970, -116.3640988611085731, 21.67424353030528650 ) ) ;
#1798 = AXIS2_PLACEMENT_3D ( 'NONE', #1190, #74, #3015 ) ;
#1799 = CARTESIAN_POINT ( 'NONE',  ( -15.24999999999913491, 2.100000000000056044, 16.19999999999999929 ) ) ;
#1800 = ORIENTED_EDGE ( 'NONE', *, *, #1358, .F. ) ;
#1801 = LINE ( 'NONE', #676, #2737 ) ;
#1802 = VERTEX_POINT ( 'NONE', #3160 ) ;
#1803 = DIRECTION ( 'NONE',  ( -1.000000000000000000, 0.000000000000000000, 1.239088197126291063E-16 ) ) ;
#1804 = CARTESIAN_POINT ( 'NONE',  ( 5.250000000000857980, -3.399999999999943512, 19.60000000000000142 ) ) ;
#1805 = CIRCLE ( 'NONE', #2301, 5.000000000000000888 ) ;
#1806 = CARTESIAN_POINT ( 'NONE',  ( -20.07657413928660617, -46.13545303818906973, 25.15000000000055991 ) ) ;
#1807 = DIRECTION ( 'NONE',  ( 1.000000000000000000, 0.000000000000000000, 0.000000000000000000 ) ) ;
#1808 = ORIENTED_EDGE ( 'NONE', *, *, #1102, .F. ) ;
#1809 = ORIENTED_EDGE ( 'NONE', *, *, #3182, .F. ) ;
#1810 = DIRECTION ( 'NONE',  ( 0.000000000000000000, -2.602085213965208275E-15, 1.000000000000000000 ) ) ;
#1811 = EDGE_LOOP ( 'NONE', ( #359, #2749, #1418, #3224 ) ) ;
#1812 = ADVANCED_FACE ( 'NONE', ( #1310 ), #2903, .F. ) ;
#1813 = CARTESIAN_POINT ( 'NONE',  ( 0.000000000000000000, 0.000000000000000000, 36.00000000000000000 ) ) ;
#1814 = ORIENTED_EDGE ( 'NONE', *, *, #1657, .F. ) ;
#1815 = CARTESIAN_POINT ( 'NONE',  ( -5.949999999999123546, 11.10000000000005649, 24.14142842854284510 ) ) ;
#1816 = VERTEX_POINT ( 'NONE', #2384 ) ;
#1817 = CYLINDRICAL_SURFACE ( 'NONE', #1308, 4.000000000000001776 ) ;
#1818 = CARTESIAN_POINT ( 'NONE',  ( 0.000000000000000000, 12.10000000000005649, 0.000000000000000000 ) ) ;
#1819 = DIRECTION ( 'NONE',  ( 1.000000000000000000, -7.885106708985487801E-17, 0.000000000000000000 ) ) ;
#1820 = DIRECTION ( 'NONE',  ( 0.000000000000000000, 0.4999999999999999445, -0.8660254037844385966 ) ) ;
#1821 = VERTEX_POINT ( 'NONE', #3431 ) ;
#1822 = CARTESIAN_POINT ( 'NONE',  ( 17.25000000000087041, 14.10000000000005649, 2.000000000000001776 ) ) ;
#1823 = CIRCLE ( 'NONE', #2544, 1.000000000000000888 ) ;
#1824 = CARTESIAN_POINT ( 'NONE',  ( -15.24999999999913491, -3.399999999999943512, 12.50000000000000178 ) ) ;
#1825 = VERTEX_POINT ( 'NONE', #1062 ) ;
#1826 = ADVANCED_FACE ( 'NONE', ( #2122 ), #3, .T. ) ;
#1827 = FACE_OUTER_BOUND ( 'NONE', #2934, .T. ) ;
#1828 = EDGE_CURVE ( 'NONE', #2988, #2569, #2139, .T. ) ;
#1829 = ADVANCED_FACE ( 'NONE', ( #2740 ), #615, .T. ) ;
#1830 = ORIENTED_EDGE ( 'NONE', *, *, #1403, .F. ) ;
#1831 = EDGE_CURVE ( 'NONE', #935, #3072, #3384, .T. ) ;
#1832 = CARTESIAN_POINT ( 'NONE',  ( -15.24999999999913491, -8.899999999999943512, 19.79999999999999716 ) ) ;
#1833 = DIRECTION ( 'NONE',  ( -0.09502709854422759783, -0.9954746860379050100, 0.000000000000000000 ) ) ;
#1834 = AXIS2_PLACEMENT_3D ( 'NONE', #668, #2214, #920 ) ;
#1835 = DIRECTION ( 'NONE',  ( 1.000000000000000000, -0.000000000000000000, -0.000000000000000000 ) ) ;
#1836 = AXIS2_PLACEMENT_3D ( 'NONE', #1743, #2819, #704 ) ;
#1837 = DIRECTION ( 'NONE',  ( 0.000000000000000000, 0.000000000000000000, -1.000000000000000000 ) ) ;
#1838 = EDGE_LOOP ( 'NONE', ( #2797, #1202 ) ) ;
#1839 = DIRECTION ( 'NONE',  ( 1.000000000000000000, -0.000000000000000000, -0.000000000000000000 ) ) ;
#1840 = LINE ( 'NONE', #1006, #3150 ) ;
#1841 = EDGE_LOOP ( 'NONE', ( #1927, #3366 ) ) ;
#1842 = CARTESIAN_POINT ( 'NONE',  ( -13.74999999999913314, 11.10000000000005649, 1.499999999999994449 ) ) ;
#1843 = ORIENTED_EDGE ( 'NONE', *, *, #2457, .T. ) ;
#1844 = AXIS2_PLACEMENT_3D ( 'NONE', #1099, #273, #25 ) ;
#1845 = EDGE_CURVE ( 'NONE', #1680, #534, #3007, .T. ) ;
#1846 = CARTESIAN_POINT ( 'NONE',  ( -15.24999999999913314, 2.100000000000056044, 19.00000000000000000 ) ) ;
#1847 = FACE_OUTER_BOUND ( 'NONE', #3186, .T. ) ;
#1848 = CARTESIAN_POINT ( 'NONE',  ( 0.000000000000000000, -4.233333338896309250, 35.99444290019108905 ) ) ;
#1849 = ADVANCED_FACE ( 'NONE', ( #1654 ), #2217, .F. ) ;
#1850 = LINE ( 'NONE', #2912, #3004 ) ;
#1851 = VERTEX_POINT ( 'NONE', #3271 ) ;
#1852 = DIRECTION ( 'NONE',  ( 1.000000000000000000, 6.195440985631452852E-17, 0.000000000000000000 ) ) ;
#1853 = VERTEX_POINT ( 'NONE', #2703 ) ;
#1854 = CIRCLE ( 'NONE', #342, 1.000000000000000888 ) ;
#1855 = CARTESIAN_POINT ( 'NONE',  ( 15.25000000000087219, 3.799999994993326968, 34.97273648376064870 ) ) ;
#1856 = AXIS2_PLACEMENT_3D ( 'NONE', #2843, #3137, #2617 ) ;
#1857 = ORIENTED_EDGE ( 'NONE', *, *, #611, .F. ) ;
#1858 = DIRECTION ( 'NONE',  ( -0.000000000000000000, -1.000000000000000000, -0.000000000000000000 ) ) ;
#1859 = VECTOR ( 'NONE', #2071, 1000.000000000000000 ) ;
#1860 = VERTEX_POINT ( 'NONE', #316 ) ;
#1861 = DIRECTION ( 'NONE',  ( -0.000000000000000000, -1.000000000000000000, -0.000000000000000000 ) ) ;
#1862 = FACE_OUTER_BOUND ( 'NONE', #1616, .T. ) ;
#1863 = ADVANCED_FACE ( 'NONE', ( #2239 ), #126, .T. ) ;
#1864 = CARTESIAN_POINT ( 'NONE',  ( 19.75000000000086686, 0.2999999949933284671, 2.350000000000560973 ) ) ;
#1865 = FACE_OUTER_BOUND ( 'NONE', #293, .T. ) ;
#1866 = ORIENTED_EDGE ( 'NONE', *, *, #604, .T. ) ;
#1867 = DIRECTION ( 'NONE',  ( 0.000000000000000000, 0.000000000000000000, -1.000000000000000000 ) ) ;
#1868 = EDGE_CURVE ( 'NONE', #2690, #1027, #2850, .T. ) ;
#1869 = EDGE_CURVE ( 'NONE', #1468, #2173, #1785, .T. ) ;
#1870 = VERTEX_POINT ( 'NONE', #902 ) ;
#1871 = CARTESIAN_POINT ( 'NONE',  ( 4.962183382339370397, -13.89999999999994351, 3.150000000000555023 ) ) ;
#1872 = ORIENTED_EDGE ( 'NONE', *, *, #356, .F. ) ;
#1873 = AXIS2_PLACEMENT_3D ( 'NONE', #2277, #689, #3310 ) ;
#1874 = FACE_OUTER_BOUND ( 'NONE', #470, .T. ) ;
#1875 = VERTEX_POINT ( 'NONE', #3222 ) ;
#1876 = ORIENTED_EDGE ( 'NONE', *, *, #1469, .F. ) ;
#1877 = CARTESIAN_POINT ( 'NONE',  ( -6.949999999999125322, 4.100000000000056488, 11.14142842854284865 ) ) ;
#1878 = CARTESIAN_POINT ( 'NONE',  ( 17.25000000000087041, -13.89999999999994351, 36.00000000000000000 ) ) ;
#1879 = LINE ( 'NONE', #24, #1005 ) ;
#1880 = AXIS2_PLACEMENT_3D ( 'NONE', #775, #1023, #484 ) ;
#1881 = DIRECTION ( 'NONE',  ( -1.000000000000000000, -0.000000000000000000, -0.000000000000000000 ) ) ;
#1882 = EDGE_LOOP ( 'NONE', ( #881, #3239, #2148, #477 ) ) ;
#1883 = PLANE ( 'NONE',  #49 ) ;
#1884 = ORIENTED_EDGE ( 'NONE', *, *, #1600, .T. ) ;
#1885 = LINE ( 'NONE', #2983, #3139 ) ;
#1886 = EDGE_CURVE ( 'NONE', #1769, #2898, #1963, .T. ) ;
#1887 = EDGE_CURVE ( 'NONE', #2769, #564, #2781, .T. ) ;
#1888 = ORIENTED_EDGE ( 'NONE', *, *, #731, .F. ) ;
#1889 = CIRCLE ( 'NONE', #2336, 10.00000000000000000 ) ;
#1890 = AXIS2_PLACEMENT_3D ( 'NONE', #2800, #1300, #496 ) ;
#1891 = ADVANCED_FACE ( 'NONE', ( #83 ), #2183, .T. ) ;
#1892 = CARTESIAN_POINT ( 'NONE',  ( 17.25000000000087041, 0.2999999949933278565, 7.350000000000560973 ) ) ;
#1893 = ORIENTED_EDGE ( 'NONE', *, *, #2576, .T. ) ;
#1894 = ORIENTED_EDGE ( 'NONE', *, *, #2599, .F. ) ;
#1895 = CARTESIAN_POINT ( 'NONE',  ( -35.85129954336188263, -118.2288528313427491, 7.150000000000555467 ) ) ;
#1896 = CARTESIAN_POINT ( 'NONE',  ( 18.25000000000087397, -1.374315785656583300, 4.450000000000562395 ) ) ;
#1897 = AXIS2_PLACEMENT_3D ( 'NONE', #37, #1881, #1631 ) ;
#1898 = CARTESIAN_POINT ( 'NONE',  ( -6.949999999999123546, 4.100000000000056488, 25.14142842854284865 ) ) ;
#1899 = CARTESIAN_POINT ( 'NONE',  ( 19.75000000000086686, 0.2999999949933278565, 7.350000000000560973 ) ) ;
#1900 = VERTEX_POINT ( 'NONE', #2463 ) ;
#1901 = AXIS2_PLACEMENT_3D ( 'NONE', #1417, #1172, #664 ) ;
#1902 = CARTESIAN_POINT ( 'NONE',  ( -16.74999999999913314, 14.10000000000005649, 2.000000000000001776 ) ) ;
#1903 = ORIENTED_EDGE ( 'NONE', *, *, #1359, .F. ) ;
#1904 = DIRECTION ( 'NONE',  ( 0.000000000000000000, 1.000000000000000000, 0.000000000000000000 ) ) ;
#1905 = ORIENTED_EDGE ( 'NONE', *, *, #2382, .T. ) ;
#1906 = EDGE_CURVE ( 'NONE', #2569, #898, #1618, .T. ) ;
#1907 = CIRCLE ( 'NONE', #416, 5.000000000000000888 ) ;
#1908 = AXIS2_PLACEMENT_3D ( 'NONE', #1710, #3296, #1163 ) ;
#1909 = DIRECTION ( 'NONE',  ( -1.000000000000000000, -1.577021341797097560E-16, -0.000000000000000000 ) ) ;
#1910 = AXIS2_PLACEMENT_3D ( 'NONE', #2359, #713, #3370 ) ;
#1911 = ORIENTED_EDGE ( 'NONE', *, *, #3202, .F. ) ;
#1912 = EDGE_CURVE ( 'NONE', #333, #648, #2946, .T. ) ;
#1913 = EDGE_CURVE ( 'NONE', #2152, #1769, #2233, .T. ) ;
#1914 = CIRCLE ( 'NONE', #2089, 1.000000000000000888 ) ;
#1915 = DIRECTION ( 'NONE',  ( -0.1736481776669341615, -0.9848077530122073542, 0.000000000000000000 ) ) ;
#1916 = DIRECTION ( 'NONE',  ( 1.000000000000000000, 0.000000000000000000, 0.000000000000000000 ) ) ;
#1917 = CARTESIAN_POINT ( 'NONE',  ( 19.75000000000086686, 0.2999999949933284671, 2.350000000000560973 ) ) ;
#1918 = FACE_OUTER_BOUND ( 'NONE', #2037, .T. ) ;
#1919 = ORIENTED_EDGE ( 'NONE', *, *, #2974, .F. ) ;
#1920 = DIRECTION ( 'NONE',  ( -1.000000000000000000, -0.000000000000000000, -0.000000000000000000 ) ) ;
#1921 = EDGE_LOOP ( 'NONE', ( #2536, #202, #2548, #599 ) ) ;
#1922 = CARTESIAN_POINT ( 'NONE',  ( 5.250000000000857980, -3.399999999999943512, 13.50000000000000178 ) ) ;
#1923 = ORIENTED_EDGE ( 'NONE', *, *, #2532, .T. ) ;
#1924 = VECTOR ( 'NONE', #2976, 1000.000000000000227 ) ;
#1925 = AXIS2_PLACEMENT_3D ( 'NONE', #2276, #3328, #3253 ) ;
#1926 = CARTESIAN_POINT ( 'NONE',  ( 0.000000000000000000, -10.89999999999994529, 1.499999999999994449 ) ) ;
#1927 = ORIENTED_EDGE ( 'NONE', *, *, #1239, .F. ) ;
#1928 = AXIS2_PLACEMENT_3D ( 'NONE', #2670, #1368, #2700 ) ;
#1929 = DIRECTION ( 'NONE',  ( -0.000000000000000000, -0.000000000000000000, 1.000000000000000000 ) ) ;
#1930 = EDGE_CURVE ( 'NONE', #2569, #152, #3238, .T. ) ;
#1931 = ADVANCED_FACE ( 'NONE', ( #1465 ), #2518, .T. ) ;
#1932 = CARTESIAN_POINT ( 'NONE',  ( 18.25000000000087397, 1.974315775643245674, 10.25000000000056133 ) ) ;
#1933 = CARTESIAN_POINT ( 'NONE',  ( 19.75000000000086686, 0.2999999949933280230, 8.850000000000562750 ) ) ;
#1934 = LINE ( 'NONE', #1167, #549 ) ;
#1935 = PLANE ( 'NONE',  #1795 ) ;
#1936 = ORIENTED_EDGE ( 'NONE', *, *, #2105, .F. ) ;
#1937 = DIRECTION ( 'NONE',  ( -0.9848077530122074652, 0.1736481776669341892, 0.000000000000000000 ) ) ;
#1938 = VERTEX_POINT ( 'NONE', #3058 ) ;
#1939 = LINE ( 'NONE', #612, #3379 ) ;
#1940 = EDGE_LOOP ( 'NONE', ( #1775, #3033, #1625, #2931 ) ) ;
#1941 = DIRECTION ( 'NONE',  ( -1.000000000000000000, -1.577021341797097560E-16, -0.000000000000000000 ) ) ;
#1942 = VECTOR ( 'NONE', #291, 1000.000000000000000 ) ;
#1943 = DIRECTION ( 'NONE',  ( 1.000000000000000000, 1.577021341797097560E-16, 0.000000000000000000 ) ) ;
#1944 = ORIENTED_EDGE ( 'NONE', *, *, #1446, .F. ) ;
#1945 = VECTOR ( 'NONE', #3154, 1000.000000000000000 ) ;
#1946 = TOROIDAL_SURFACE ( 'NONE', #457, 1.000000000000000000, 4.000000000000000000 ) ;
#1947 = PLANE ( 'NONE',  #174 ) ;
#1948 = DIRECTION ( 'NONE',  ( 1.000000000000000000, 0.000000000000000000, 0.000000000000000000 ) ) ;
#1949 = CARTESIAN_POINT ( 'NONE',  ( 7.521459390826212399, -18.03175911166528422, 21.15000000000055991 ) ) ;
#1950 = EDGE_CURVE ( 'NONE', #1309, #594, #3125, .T. ) ;
#1951 = CARTESIAN_POINT ( 'NONE',  ( -16.74999999999913314, 4.100000000000056488, 25.99999999999999645 ) ) ;
#1952 = DIRECTION ( 'NONE',  ( 0.000000000000000000, 0.000000000000000000, -1.000000000000000000 ) ) ;
#1953 = EDGE_LOOP ( 'NONE', ( #701, #2622, #1586, #3081 ) ) ;
#1954 = DIRECTION ( 'NONE',  ( 0.9954746860379051210, -0.09502709854422729252, 0.000000000000000000 ) ) ;
#1955 = ORIENTED_EDGE ( 'NONE', *, *, #2996, .T. ) ;
#1956 = EDGE_CURVE ( 'NONE', #678, #1938, #1008, .T. ) ;
#1957 = EDGE_CURVE ( 'NONE', #1434, #3400, #3141, .T. ) ;
#1958 = CARTESIAN_POINT ( 'NONE',  ( 12.73456751560201461, -24.76704265740639244, 21.15000000000055991 ) ) ;
#1959 = AXIS2_PLACEMENT_3D ( 'NONE', #607, #1113, #1679 ) ;
#1960 = ORIENTED_EDGE ( 'NONE', *, *, #2126, .T. ) ;
#1961 = DIRECTION ( 'NONE',  ( 1.000000000000000000, 0.000000000000000000, 0.000000000000000000 ) ) ;
#1962 = DIRECTION ( 'NONE',  ( -1.163025710917240798E-32, 7.374825438899341529E-17, -1.000000000000000000 ) ) ;
#1963 = LINE ( 'NONE', #1707, #832 ) ;
#1964 = ORIENTED_EDGE ( 'NONE', *, *, #331, .T. ) ;
#1965 = VECTOR ( 'NONE', #3277, 1000.000000000000000 ) ;
#1966 = DIRECTION ( 'NONE',  ( 0.000000000000000000, 0.000000000000000000, 1.000000000000000000 ) ) ;
#1967 = VECTOR ( 'NONE', #444, 1000.000000000000000 ) ;
#1968 = CARTESIAN_POINT ( 'NONE',  ( -15.04679769924827504, -122.2288528313427634, 7.150000000000555467 ) ) ;
#1969 = VERTEX_POINT ( 'NONE', #2360 ) ;
#1970 = CYLINDRICAL_SURFACE ( 'NONE', #102, 1.799999999999999600 ) ;
#1971 = CARTESIAN_POINT ( 'NONE',  ( -30.85554728175731753, -116.9594075513292069, 25.15000000000055991 ) ) ;
#1972 = CARTESIAN_POINT ( 'NONE',  ( -16.74999999999913314, 14.10000000000005649, 36.00000000000000000 ) ) ;
#1973 = EDGE_LOOP ( 'NONE', ( #567, #492, #2474, #1738, #1170, #153, #434, #3065, #2140, #425, #385 ) ) ;
#1974 = CARTESIAN_POINT ( 'NONE',  ( -15.04679769924827504, -122.2288528313427634, 7.150000000000555467 ) ) ;
#1975 = EDGE_CURVE ( 'NONE', #2063, #1969, #3268, .T. ) ;
#1976 = EDGE_LOOP ( 'NONE', ( #2824, #2701 ) ) ;
#1977 = DIRECTION ( 'NONE',  ( 0.1736481776669326349, 0.9848077530122077983, -0.000000000000000000 ) ) ;
#1978 = EDGE_CURVE ( 'NONE', #3073, #1875, #1569, .T. ) ;
#1979 = ORIENTED_EDGE ( 'NONE', *, *, #1045, .T. ) ;
#1980 = EDGE_CURVE ( 'NONE', #626, #1789, #3388, .T. ) ;
#1981 = DIRECTION ( 'NONE',  ( -1.000000000000000000, 4.733165431326068731E-30, -1.499999999999977831E-14 ) ) ;
#1982 = DIRECTION ( 'NONE',  ( -1.000000000000000000, 4.733165431326068731E-30, -1.499999999999977831E-14 ) ) ;
#1983 = DIRECTION ( 'NONE',  ( 0.000000000000000000, 0.000000000000000000, 1.000000000000000000 ) ) ;
#1984 = ORIENTED_EDGE ( 'NONE', *, *, #1284, .T. ) ;
#1985 = DIRECTION ( 'NONE',  ( -6.987509761568185038E-17, 0.8660254037844388186, -0.4999999999999998335 ) ) ;
#1986 = LINE ( 'NONE', #2724, #2358 ) ;
#1987 = ORIENTED_EDGE ( 'NONE', *, *, #2692, .T. ) ;
#1988 = DIRECTION ( 'NONE',  ( 0.000000000000000000, 0.000000000000000000, -1.000000000000000000 ) ) ;
#1989 = DIRECTION ( 'NONE',  ( 0.000000000000000000, 0.000000000000000000, -1.000000000000000000 ) ) ;
#1990 = DIRECTION ( 'NONE',  ( 1.000000000000000000, 0.000000000000000000, 0.000000000000000000 ) ) ;
#1991 = VERTEX_POINT ( 'NONE', #256 ) ;
#1992 = CARTESIAN_POINT ( 'NONE',  ( 17.25000000000087041, -3.200000005006673476, 34.99499861017198299 ) ) ;
#1993 = ORIENTED_EDGE ( 'NONE', *, *, #2736, .F. ) ;
#1994 = DIRECTION ( 'NONE',  ( 0.000000000000000000, 0.000000000000000000, 1.000000000000000000 ) ) ;
#1995 = VERTEX_POINT ( 'NONE', #2061 ) ;
#1996 = FACE_BOUND ( 'NONE', #2438, .T. ) ;
#1997 = EDGE_CURVE ( 'NONE', #2200, #3027, #1850, .T. ) ;
#1998 = EDGE_CURVE ( 'NONE', #1995, #2600, #723, .T. ) ;
#1999 = CARTESIAN_POINT ( 'NONE',  ( 7.550003508321085910, 11.10000000000005649, 24.14142842854284510 ) ) ;
#2000 = CARTESIAN_POINT ( 'NONE',  ( 18.25000000000087397, 1.974315775643246118, 4.450000000000562395 ) ) ;
#2001 = DATE_TIME_ROLE ( 'creation_date' ) ;
#2002 = EDGE_CURVE ( 'NONE', #1851, #1683, #2564, .T. ) ;
#2003 = FACE_OUTER_BOUND ( 'NONE', #1371, .T. ) ;
#2004 = DIRECTION ( 'NONE',  ( 0.000000000000000000, -1.000000000000000000, 0.000000000000000000 ) ) ;
#2005 = EDGE_LOOP ( 'NONE', ( #983, #1106 ) ) ;
#2006 = ORIENTED_EDGE ( 'NONE', *, *, #372, .T. ) ;
#2007 = CARTESIAN_POINT ( 'NONE',  ( 19.75000000000086686, 0.2999999949933278565, 7.350000000000560973 ) ) ;
#2008 = DIRECTION ( 'NONE',  ( 1.224646799147353207E-16, 1.000000000000000000, -0.000000000000000000 ) ) ;
#2009 = ORIENTED_EDGE ( 'NONE', *, *, #939, .T. ) ;
#2010 = CIRCLE ( 'NONE', #220, 1.799999999999999600 ) ;
#2011 = CARTESIAN_POINT ( 'NONE',  ( -6.876939494050947647E-16, 11.10000000000005649, 11.14142842854284865 ) ) ;
#2012 = EDGE_LOOP ( 'NONE', ( #2434, #1332, #774, #2869 ) ) ;
#2013 = ORIENTED_EDGE ( 'NONE', *, *, #1906, .F. ) ;
#2014 = PLANE ( 'NONE',  #3325 ) ;
#2015 = CIRCLE ( 'NONE', #1798, 1.000000000000000888 ) ;
#2016 = CARTESIAN_POINT ( 'NONE',  ( 24.29999999999991900, -5.700000000000617462, 6.499999999998850697 ) ) ;
#2017 = FACE_OUTER_BOUND ( 'NONE', #98, .T. ) ;
#2018 = AXIS2_PLACEMENT_3D ( 'NONE', #1458, #2510, #2210 ) ;
#2019 = FACE_OUTER_BOUND ( 'NONE', #1212, .T. ) ;
#2020 = EDGE_CURVE ( 'NONE', #1851, #2146, #1597, .T. ) ;
#2021 = DIRECTION ( 'NONE',  ( -0.000000000000000000, -0.000000000000000000, -1.000000000000000000 ) ) ;
#2022 = ADVANCED_FACE ( 'NONE', ( #940 ), #3371, .F. ) ;
#2023 = EDGE_LOOP ( 'NONE', ( #2440, #2009, #2306, #1301 ) ) ;
#2024 = CIRCLE ( 'NONE', #8, 1.600000000000000755 ) ;
#2025 = AXIS2_PLACEMENT_3D ( 'NONE', #2881, #1567, #156 ) ;
#2026 = CARTESIAN_POINT ( 'NONE',  ( 8.430504068734697043, -13.89999999999994706, 4.073866859533493923 ) ) ;
#2027 = CARTESIAN_POINT ( 'NONE',  ( 12.44549815588725394, -13.89999999999994351, 36.00000000000000000 ) ) ;
#2028 = EDGE_LOOP ( 'NONE', ( #1570, #3428 ) ) ;
#2029 = DIRECTION ( 'NONE',  ( -1.000000000000000000, -0.000000000000000000, -0.000000000000000000 ) ) ;
#2030 = ORIENTED_EDGE ( 'NONE', *, *, #2109, .F. ) ;
#2031 = ORIENTED_EDGE ( 'NONE', *, *, #2318, .T. ) ;
#2032 = DIRECTION ( 'NONE',  ( -1.000000000000000000, 4.733165431326068731E-30, -1.499999999999977831E-14 ) ) ;
#2033 = PLANE ( 'NONE',  #871 ) ;
#2034 = DATE_AND_TIME ( #973, #3009 ) ;
#2035 = DIRECTION ( 'NONE',  ( 0.000000000000000000, 1.000000000000000000, 0.000000000000000000 ) ) ;
#2036 = CYLINDRICAL_SURFACE ( 'NONE', #910, 8.000000000000000000 ) ;
#2037 = EDGE_LOOP ( 'NONE', ( #2261, #2519, #3247, #2150 ) ) ;
#2038 = EDGE_CURVE ( 'NONE', #2769, #358, #2539, .T. ) ;
#2039 = FACE_OUTER_BOUND ( 'NONE', #1021, .T. ) ;
#2040 = VERTEX_POINT ( 'NONE', #148 ) ;
#2041 = CIRCLE ( 'NONE', #2928, 1.799999999999999600 ) ;
#2042 = FACE_OUTER_BOUND ( 'NONE', #629, .T. ) ;
#2043 = EDGE_LOOP ( 'NONE', ( #1367, #48, #3414, #2918, #2900, #710, #1614, #1456, #932, #160, #1400, #118, #1669, #1511 ) ) ;
#2044 = EDGE_LOOP ( 'NONE', ( #2855, #2391, #1903, #193 ) ) ;
#2045 = CARTESIAN_POINT ( 'NONE',  ( 17.25000000000087041, -8.400000000000559908, 20.69999999999991047 ) ) ;
#2046 = B_SPLINE_CURVE_WITH_KNOTS ( 'NONE', 3,
 ( #3031, #2727, #661, #2050, #3361, #1735, #2267, #407, #1696, #134, #1208, #990, #726, #1797, #53, #1133 ),
 .UNSPECIFIED., .F., .F.,
 ( 4, 2, 2, 2, 2, 2, 2, 4 ),
 ( -3.009043098975404610E-05, 0.001546665426536408643, 0.002335043355299480563, 0.003123421284062552050, 0.003911799212825622235, 0.004700177141588694589, 0.005488555070351766076, 0.006276932999114837562 ),
 .UNSPECIFIED. ) ;
#2047 = CARTESIAN_POINT ( 'NONE',  ( 12.44549815588725394, -13.89999999999994351, 7.150000000000555467 ) ) ;
#2048 = VERTEX_POINT ( 'NONE', #1221 ) ;
#2049 = APPROVAL_DATE_TIME ( #3360, #628 ) ;
#2050 = CARTESIAN_POINT ( 'NONE',  ( -32.60873432809146522, -116.6729329451971182, 24.74528186261667528 ) ) ;
#2051 = DIRECTION ( 'NONE',  ( 0.000000000000000000, 0.000000000000000000, -1.000000000000000000 ) ) ;
#2052 = EDGE_LOOP ( 'NONE', ( #3171, #2244, #992, #3113 ) ) ;
#2053 = DIRECTION ( 'NONE',  ( -0.000000000000000000, -0.000000000000000000, -1.000000000000000000 ) ) ;
#2054 = ORIENTED_EDGE ( 'NONE', *, *, #2088, .T. ) ;
#2055 = AXIS2_PLACEMENT_3D ( 'NONE', #3048, #889, #2247 ) ;
#2056 = CARTESIAN_POINT ( 'NONE',  ( -6.949999999999123546, 11.10000000000005649, 24.14142842854284510 ) ) ;
#2057 = CARTESIAN_POINT ( 'NONE',  ( -13.74999999999913314, 11.10000000000005649, 1.499999999999994449 ) ) ;
#2058 = AXIS2_PLACEMENT_3D ( 'NONE', #1898, #2144, #2130 ) ;
#2059 = AXIS2_PLACEMENT_3D ( 'NONE', #104, #357, #1425 ) ;
#2060 = CYLINDRICAL_SURFACE ( 'NONE', #99, 1.000000000000000888 ) ;
#2061 = CARTESIAN_POINT ( 'NONE',  ( 17.25000000000087041, 8.999999999999442224, 19.69999999999983942 ) ) ;
#2062 = ORIENTED_EDGE ( 'NONE', *, *, #2203, .F. ) ;
#2063 = VERTEX_POINT ( 'NONE', #2280 ) ;
#2064 = EDGE_CURVE ( 'NONE', #2943, #475, #455, .T. ) ;
#2065 = EDGE_CURVE ( 'NONE', #915, #1632, #2840, .T. ) ;
#2066 = CARTESIAN_POINT ( 'NONE',  ( -14.06198994623606779, -117.4025010090096828, 21.15000000000055991 ) ) ;
#2067 = DIRECTION ( 'NONE',  ( -1.000000000000000000, -0.000000000000000000, -0.000000000000000000 ) ) ;
#2068 = ORIENTED_EDGE ( 'NONE', *, *, #1217, .T. ) ;
#2069 = VECTOR ( 'NONE', #1391, 1000.000000000000000 ) ;
#2070 = AXIS2_PLACEMENT_3D ( 'NONE', #2653, #2435, #1056 ) ;
#2071 = DIRECTION ( 'NONE',  ( 1.239088197126291063E-16, 7.676697801288408886E-33, 1.000000000000000000 ) ) ;
#2072 = ORIENTED_EDGE ( 'NONE', *, *, #2105, .T. ) ;
#2073 = DIRECTION ( 'NONE',  ( -6.195440985631452852E-17, 1.000000000000000000, -0.000000000000000000 ) ) ;
#2074 = EDGE_LOOP ( 'NONE', ( #917, #965, #3176, #2393 ) ) ;
#2075 = CARTESIAN_POINT ( 'NONE',  ( -16.74999999999913314, -13.89999999999994351, 25.99999999999999645 ) ) ;
#2076 = CARTESIAN_POINT ( 'NONE',  ( -16.74999999999913314, 4.100000000000058265, 36.00000000000000000 ) ) ;
#2077 = CIRCLE ( 'NONE', #1410, 1.799999999999999600 ) ;
#2078 = PRODUCT ( '手柄', '手柄', '', ( #1724 ) ) ;
#2079 = DIRECTION ( 'NONE',  ( 0.000000000000000000, 0.000000000000000000, 1.000000000000000000 ) ) ;
#2080 = AXIS2_PLACEMENT_3D ( 'NONE', #2895, #2619, #756 ) ;
#2081 = ADVANCED_FACE ( 'NONE', ( #210 ), #1285, .T. ) ;
#2082 = DIRECTION ( 'NONE',  ( -1.000000000000000000, -0.000000000000000000, -0.000000000000000000 ) ) ;
#2083 = VERTEX_POINT ( 'NONE', #1584 ) ;
#2084 = DIRECTION ( 'NONE',  ( 0.000000000000000000, 0.000000000000000000, -1.000000000000000000 ) ) ;
#2085 =( BOUNDED_CURVE ( )  B_SPLINE_CURVE ( 3, ( #3395, #1024, #3144, #2136 ),
 .UNSPECIFIED., .F., .T. ) 
 B_SPLINE_CURVE_WITH_KNOTS ( ( 4, 4 ),
 ( 0.000000000000000000, 1.570796326794898778 ),
 .UNSPECIFIED. ) 
 CURVE ( )  GEOMETRIC_REPRESENTATION_ITEM ( )  RATIONAL_B_SPLINE_CURVE ( ( 1.000000000000000000, 0.8047378541243644934, 0.8047378541243644934, 1.000000000000000000 ) ) 
 REPRESENTATION_ITEM ( '' )  );
#2086 = CARTESIAN_POINT ( 'NONE',  ( 17.25000000000087041, 3.799999994993327412, 30.43045858655107949 ) ) ;
#2087 = EDGE_CURVE ( 'NONE', #1650, #1156, #3280, .T. ) ;
#2088 = EDGE_CURVE ( 'NONE', #1309, #152, #2294, .T. ) ;
#2089 = AXIS2_PLACEMENT_3D ( 'NONE', #1048, #813, #2953 ) ;
#2090 = ORIENTED_EDGE ( 'NONE', *, *, #2317, .F. ) ;
#2091 = PLANE ( 'NONE',  #1760 ) ;
#2092 = DIRECTION ( 'NONE',  ( 0.000000000000000000, 0.000000000000000000, 1.000000000000000000 ) ) ;
#2093 = ORIENTED_EDGE ( 'NONE', *, *, #2087, .T. ) ;
#2094 = CARTESIAN_POINT ( 'NONE',  ( 0.000000000000000000, -4.200000005006672588, 34.99499861017198299 ) ) ;
#2095 = AXIS2_PLACEMENT_3D ( 'NONE', #2485, #887, #1916 ) ;
#2096 = FACE_BOUND ( 'NONE', #514, .T. ) ;
#2097 = CIRCLE ( 'NONE', #866, 1.000000000000000000 ) ;
#2098 = CARTESIAN_POINT ( 'NONE',  ( 5.250000000000857980, 2.100000000000056044, 19.00000000000000000 ) ) ;
#2099 = CARTESIAN_POINT ( 'NONE',  ( -16.74999999999913314, -13.89999999999994351, 36.00000000000000000 ) ) ;
#2100 = EDGE_LOOP ( 'NONE', ( #1538, #139, #1257, #1923 ) ) ;
#2101 = CYLINDRICAL_SURFACE ( 'NONE', #1663, 1.000000000000000888 ) ;
#2102 = VECTOR ( 'NONE', #901, 1000.000000000000000 ) ;
#2103 = CARTESIAN_POINT ( 'NONE',  ( 17.25000000000087041, 0.2999999949933278565, 7.350000000000560973 ) ) ;
#2104 = ORIENTED_EDGE ( 'NONE', *, *, #426, .F. ) ;
#2105 = EDGE_CURVE ( 'NONE', #2816, #2898, #47, .T. ) ;
#2106 = CARTESIAN_POINT ( 'NONE',  ( -16.74999999999913314, -13.89999999999994351, 2.000000000000001776 ) ) ;
#2107 = ORIENTED_EDGE ( 'NONE', *, *, #738, .F. ) ;
#2108 = EDGE_CURVE ( 'NONE', #475, #2300, #314, .T. ) ;
#2109 = EDGE_CURVE ( 'NONE', #2048, #2605, #2954, .T. ) ;
#2110 = DIRECTION ( 'NONE',  ( 2.602085213965208275E-15, 0.000000000000000000, 1.000000000000000000 ) ) ;
#2111 = DIRECTION ( 'NONE',  ( -0.000000000000000000, -0.000000000000000000, -1.000000000000000000 ) ) ;
#2112 = CIRCLE ( 'NONE', #1226, 1.000000000000000888 ) ;
#2113 = LINE ( 'NONE', #853, #550 ) ;
#2114 = CIRCLE ( 'NONE', #719, 8.000000000000000000 ) ;
#2115 = CARTESIAN_POINT ( 'NONE',  ( 15.25000000000087041, 8.999999999999442224, 20.69999999999980744 ) ) ;
#2116 = VERTEX_POINT ( 'NONE', #539 ) ;
#2117 = LINE ( 'NONE', #2980, #231 ) ;
#2118 = VERTEX_POINT ( 'NONE', #2191 ) ;
#2119 = VECTOR ( 'NONE', #1820, 1000.000000000000114 ) ;
#2120 = DIRECTION ( 'NONE',  ( -0.000000000000000000, -0.000000000000000000, -1.000000000000000000 ) ) ;
#2121 = VERTEX_POINT ( 'NONE', #819 ) ;
#2122 = FACE_OUTER_BOUND ( 'NONE', #1576, .T. ) ;
#2123 = APPROVAL ( #2498, '未指定' ) ;
#2124 = VERTEX_POINT ( 'NONE', #1379 ) ;
#2125 = CIRCLE ( 'NONE', #791, 4.000000000000000000 ) ;
#2126 = EDGE_CURVE ( 'NONE', #397, #2265, #842, .T. ) ;
#2127 = EDGE_CURVE ( 'NONE', #3236, #350, #3390, .T. ) ;
#2128 = CARTESIAN_POINT ( 'NONE',  ( 7.550003508321084134, 11.10000000000005649, 12.14142842854285043 ) ) ;
#2129 = CARTESIAN_POINT ( 'NONE',  ( -15.24999999999913491, 2.100000000000056488, 19.79999999999999716 ) ) ;
#2130 = DIRECTION ( 'NONE',  ( 1.000000000000000000, 0.000000000000000000, 0.000000000000000000 ) ) ;
#2131 = CARTESIAN_POINT ( 'NONE',  ( 4.962183382339370397, -13.89999999999994351, 25.15000000000055991 ) ) ;
#2132 = ORIENTED_EDGE ( 'NONE', *, *, #1085, .T. ) ;
#2133 = LINE ( 'NONE', #1381, #844 ) ;
#2134 = ORIENTED_EDGE ( 'NONE', *, *, #372, .F. ) ;
#2135 = CIRCLE ( 'NONE', #683, 1.799999999999999600 ) ;
#2136 = CARTESIAN_POINT ( 'NONE',  ( -17.33020048645542133, -40.22556240314680309, 3.150000000000555023 ) ) ;
#2137 = VECTOR ( 'NONE', #411, 1000.000000000000000 ) ;
#2138 = ORIENTED_EDGE ( 'NONE', *, *, #2526, .T. ) ;
#2139 = LINE ( 'NONE', #3026, #1736 ) ;
#2140 = ORIENTED_EDGE ( 'NONE', *, *, #1753, .T. ) ;
#2141 = DIRECTION ( 'NONE',  ( 0.000000000000000000, 0.000000000000000000, 1.000000000000000000 ) ) ;
#2142 = FACE_OUTER_BOUND ( 'NONE', #211, .T. ) ;
#2143 = ADVANCED_FACE ( 'NONE', ( #55, #2665 ), #1935, .T. ) ;
#2144 = DIRECTION ( 'NONE',  ( -0.000000000000000000, 0.000000000000000000, 1.000000000000000000 ) ) ;
#2145 = CARTESIAN_POINT ( 'NONE',  ( 10.24396377959543969, -13.89999999999994351, 23.03340403812402570 ) ) ;
#2146 = VERTEX_POINT ( 'NONE', #2924 ) ;
#2147 = DIRECTION ( 'NONE',  ( 1.000000000000000000, 0.000000000000000000, -0.000000000000000000 ) ) ;
#2148 = ORIENTED_EDGE ( 'NONE', *, *, #1320, .T. ) ;
#2149 = CARTESIAN_POINT ( 'NONE',  ( 12.44549815588725394, -18.89999999999994529, 21.15000000000055991 ) ) ;
#2150 = ORIENTED_EDGE ( 'NONE', *, *, #3018, .T. ) ;
#2151 = DIRECTION ( 'NONE',  ( 1.000000000000000000, 1.577021341797097560E-16, 0.000000000000000000 ) ) ;
#2152 = VERTEX_POINT ( 'NONE', #1086 ) ;
#2153 = APPLICATION_CONTEXT ( 'configuration controlled 3d designs of mechanical parts and assemblies' ) ;
#2154 = CARTESIAN_POINT ( 'NONE',  ( -21.90565169049254379, -42.57814010401045124, 3.150000000000555023 ) ) ;
#2155 = FACE_OUTER_BOUND ( 'NONE', #2043, .T. ) ;
#2156 = DIRECTION ( 'NONE',  ( 1.000000000000000000, 0.000000000000000000, 0.000000000000000000 ) ) ;
#2157 = DIRECTION ( 'NONE',  ( 0.000000000000000000, 0.000000000000000000, 1.000000000000000000 ) ) ;
#2158 = ORIENTED_EDGE ( 'NONE', *, *, #2279, .F. ) ;
#2159 = CARTESIAN_POINT ( 'NONE',  ( -34.29268630058499667, -116.4322297068539172, 5.146060821068965119 ) ) ;
#2160 = ORIENTED_EDGE ( 'NONE', *, *, #284, .T. ) ;
#2161 = LINE ( 'NONE', #1922, #1311 ) ;
#2162 = ADVANCED_FACE ( 'NONE', ( #1865 ), #2696, .F. ) ;
#2163 = ORIENTED_EDGE ( 'NONE', *, *, #2205, .F. ) ;
#2164 = ADVANCED_FACE ( 'NONE', ( #574 ), #2942, .T. ) ;
#2165 = CARTESIAN_POINT ( 'NONE',  ( -6.949999999999126210, 11.10000000000005649, 1.499999999999995337 ) ) ;
#2166 = VERTEX_POINT ( 'NONE', #3198 ) ;
#2167 = AXIS2_PLACEMENT_3D ( 'NONE', #869, #2430, #3298 ) ;
#2168 = CARTESIAN_POINT ( 'NONE',  ( -16.74999999999913314, 2.100000000000056044, 18.00000000000000000 ) ) ;
#2169 = CARTESIAN_POINT ( 'NONE',  ( -29.89253158039080915, -117.2288528313427491, 21.15000000000055991 ) ) ;
#2170 = AXIS2_PLACEMENT_3D ( 'NONE', #884, #2221, #3010 ) ;
#2171 = CARTESIAN_POINT ( 'NONE',  ( -20.92471613209713155, -37.57599170203148020, 21.15000000000055635 ) ) ;
#2172 = CARTESIAN_POINT ( 'NONE',  ( 6.550003508321085022, 14.10000000000005649, 25.14142842854284865 ) ) ;
#2173 = VERTEX_POINT ( 'NONE', #1664 ) ;
#2174 = CARTESIAN_POINT ( 'NONE',  ( -33.27202909794458208, -116.5758052486998650, 3.971044756031148371 ) ) ;
#2175 = VERTEX_POINT ( 'NONE', #2680 ) ;
#2176 = CARTESIAN_POINT ( 'NONE',  ( -16.74999999999913314, 4.100000000000056488, 36.00000000000000000 ) ) ;
#2177 = EDGE_LOOP ( 'NONE', ( #2375, #2915, #860, #2323, #2381, #926, #194, #3132 ) ) ;
#2178 = EDGE_CURVE ( 'NONE', #2414, #3120, #2728, .T. ) ;
#2179 = EDGE_CURVE ( 'NONE', #2311, #2973, #1364, .T. ) ;
#2180 = VECTOR ( 'NONE', #2339, 1000.000000000000000 ) ;
#2181 = CIRCLE ( 'NONE', #3078, 1.000000000000000000 ) ;
#2182 = EDGE_CURVE ( 'NONE', #1486, #2844, #2349, .T. ) ;
#2183 = PLANE ( 'NONE',  #3276 ) ;
#2184 = VERTEX_POINT ( 'NONE', #2172 ) ;
#2185 = DATE_AND_TIME ( #2759, #2952 ) ;
#2186 = DIRECTION ( 'NONE',  ( 1.000000000000000000, 0.000000000000000000, 0.000000000000000000 ) ) ;
#2187 = CIRCLE ( 'NONE', #2644, 1.799999999999999600 ) ;
#2188 = DIRECTION ( 'NONE',  ( 0.000000000000000000, 0.000000000000000000, -1.000000000000000000 ) ) ;
#2189 = DIRECTION ( 'NONE',  ( 0.000000000000000000, 0.000000000000000000, 1.000000000000000000 ) ) ;
#2190 = DIRECTION ( 'NONE',  ( -1.000000000000000000, -0.000000000000000000, -0.000000000000000000 ) ) ;
#2191 = CARTESIAN_POINT ( 'NONE',  ( 15.25000000000087219, 3.648631556293159495, 7.350000000000561862 ) ) ;
#2192 = ORIENTED_EDGE ( 'NONE', *, *, #487, .T. ) ;
#2193 = CYLINDRICAL_SURFACE ( 'NONE', #2636, 3.999999999999999556 ) ;
#2194 = ORIENTED_EDGE ( 'NONE', *, *, #2577, .F. ) ;
#2195 = DIRECTION ( 'NONE',  ( 0.000000000000000000, 0.000000000000000000, 1.000000000000000000 ) ) ;
#2196 = ORIENTED_EDGE ( 'NONE', *, *, #1604, .T. ) ;
#2197 = CARTESIAN_POINT ( 'NONE',  ( 6.439041044807313874, -1.135376666088778963, 25.15000000000055991 ) ) ;
#2198 = CARTESIAN_POINT ( 'NONE',  ( -15.24999999999913314, -3.399999999999942180, 23.50000000000000000 ) ) ;
#2199 = ADVANCED_FACE ( 'NONE', ( #3230, #1918 ), #1395, .T. ) ;
#2200 = VERTEX_POINT ( 'NONE', #2748 ) ;
#2201 = VECTOR ( 'NONE', #1220, 1000.000000000000000 ) ;
#2202 = LINE ( 'NONE', #1730, #903 ) ;
#2203 = EDGE_CURVE ( 'NONE', #2232, #2488, #1143, .T. ) ;
#2204 = DIRECTION ( 'NONE',  ( -1.000000000000000000, 0.000000000000000000, 0.000000000000000000 ) ) ;
#2205 = EDGE_CURVE ( 'NONE', #2048, #1690, #2469, .T. ) ;
#2206 = FACE_OUTER_BOUND ( 'NONE', #877, .T. ) ;
#2207 = CARTESIAN_POINT ( 'NONE',  ( 19.75000000000086686, 0.2999999949933278565, 7.350000000000560973 ) ) ;
#2208 = DIRECTION ( 'NONE',  ( 1.000000000000000000, 0.000000000000000000, -0.000000000000000000 ) ) ;
#2209 = ORIENTED_EDGE ( 'NONE', *, *, #328, .F. ) ;
#2210 = DIRECTION ( 'NONE',  ( 1.000000000000000000, 0.000000000000000000, 0.000000000000000000 ) ) ;
#2211 = EDGE_LOOP ( 'NONE', ( #3043, #3214, #659, #3191 ) ) ;
#2212 = FACE_OUTER_BOUND ( 'NONE', #1409, .T. ) ;
#2213 = ORIENTED_EDGE ( 'NONE', *, *, #2615, .F. ) ;
#2214 = DIRECTION ( 'NONE',  ( -1.000000000000000000, 4.733165431326068731E-30, -1.499999999999977831E-14 ) ) ;
#2215 = DIRECTION ( 'NONE',  ( -1.000000000000000000, -8.068481283613057027E-17, -0.000000000000000000 ) ) ;
#2216 = TOROIDAL_SURFACE ( 'NONE', #1164, 1.000000000000000000, 4.000000000000000000 ) ;
#2217 = CYLINDRICAL_SURFACE ( 'NONE', #2059, 1.799999999999999600 ) ;
#2218 = ORIENTED_EDGE ( 'NONE', *, *, #1524, .F. ) ;
#2219 = CIRCLE ( 'NONE', #1457, 4.000000000000000000 ) ;
#2220 = EDGE_CURVE ( 'NONE', #2605, #2124, #2015, .T. ) ;
#2221 = DIRECTION ( 'NONE',  ( -1.000000000000000000, 0.000000000000000000, 0.000000000000000000 ) ) ;
#2222 = CARTESIAN_POINT ( 'NONE',  ( 19.75000000000086686, 0.2999999949933278565, 12.35000000000056275 ) ) ;
#2223 = EDGE_LOOP ( 'NONE', ( #79, #1089, #120, #2104 ) ) ;
#2224 = CARTESIAN_POINT ( 'NONE',  ( -13.74999999999913491, -3.399999999999943512, 12.50000000000000178 ) ) ;
#2225 = EDGE_CURVE ( 'NONE', #1352, #2861, #2673, .T. ) ;
#2226 = CARTESIAN_POINT ( 'NONE',  ( -15.24999999999913491, -3.399999999999942180, 23.50000000000000000 ) ) ;
#2227 = EDGE_CURVE ( 'NONE', #1382, #1486, #195, .T. ) ;
#2228 = CARTESIAN_POINT ( 'NONE',  ( -5.949999999999123546, 14.10000000000005649, 24.14142842854284510 ) ) ;
#2229 = ORIENTED_EDGE ( 'NONE', *, *, #1997, .T. ) ;
#2230 = CARTESIAN_POINT ( 'NONE',  ( -30.89253158039080915, -117.2288528313427491, 21.15000000000055991 ) ) ;
#2231 = AXIS2_PLACEMENT_3D ( 'NONE', #697, #625, #1952 ) ;
#2232 = VERTEX_POINT ( 'NONE', #1697 ) ;
#2233 = CIRCLE ( 'NONE', #551, 1.000000000000000888 ) ;
#2234 = CARTESIAN_POINT ( 'NONE',  ( 18.25000000000087397, 3.648631556293159939, 7.350000000000561862 ) ) ;
#2235 = VECTOR ( 'NONE', #93, 1000.000000000000000 ) ;
#2236 = EDGE_LOOP ( 'NONE', ( #613, #3233 ) ) ;
#2237 = FACE_BOUND ( 'NONE', #2508, .T. ) ;
#2238 = CARTESIAN_POINT ( 'NONE',  ( 18.25000000000087397, 1.974315775643246118, 4.450000000000562395 ) ) ;
#2239 = FACE_OUTER_BOUND ( 'NONE', #3287, .T. ) ;
#2240 = ORIENTED_EDGE ( 'NONE', *, *, #1997, .F. ) ;
#2241 = CIRCLE ( 'NONE', #746, 1.000000000000000888 ) ;
#2242 = CARTESIAN_POINT ( 'NONE',  ( -13.74999999999913491, 1.084202172485436198E-15, 1.499999999999994449 ) ) ;
#2243 = FACE_OUTER_BOUND ( 'NONE', #1940, .T. ) ;
#2244 = ORIENTED_EDGE ( 'NONE', *, *, #86, .F. ) ;
#2245 = VERTEX_POINT ( 'NONE', #2790 ) ;
#2246 = LINE ( 'NONE', #1132, #3415 ) ;
#2247 = DIRECTION ( 'NONE',  ( 0.000000000000000000, -1.000000000000000000, 0.000000000000000000 ) ) ;
#2248 = CIRCLE ( 'NONE', #918, 1.799999999999999600 ) ;
#2249 = CARTESIAN_POINT ( 'NONE',  ( 12.44549815588725394, -13.89999999999994351, 21.15000000000055991 ) ) ;
#2250 = ORIENTED_EDGE ( 'NONE', *, *, #1446, .T. ) ;
#2251 = CARTESIAN_POINT ( 'NONE',  ( 15.25000000000087397, -8.400000000000559908, 19.69999999999987850 ) ) ;
#2252 = EDGE_CURVE ( 'NONE', #2497, #3027, #1528, .T. ) ;
#2253 = ORIENTED_EDGE ( 'NONE', *, *, #263, .T. ) ;
#2254 = FACE_OUTER_BOUND ( 'NONE', #1882, .T. ) ;
#2255 = ORIENTED_EDGE ( 'NONE', *, *, #744, .T. ) ;
#2256 = EDGE_CURVE ( 'NONE', #2397, #2552, #958, .T. ) ;
#2257 = LINE ( 'NONE', #352, #3161 ) ;
#2258 = LINE ( 'NONE', #2016, #2321 ) ;
#2259 = DIRECTION ( 'NONE',  ( 1.000000000000000000, 1.577021341797097560E-16, 0.000000000000000000 ) ) ;
#2260 = FACE_BOUND ( 'NONE', #2705, .T. ) ;
#2261 = ORIENTED_EDGE ( 'NONE', *, *, #2827, .T. ) ;
#2262 = CYLINDRICAL_SURFACE ( 'NONE', #113, 10.00000000000000178 ) ;
#2263 = DIRECTION ( 'NONE',  ( 0.000000000000000000, 3.469446951953611033E-15, 1.000000000000000000 ) ) ;
#2264 = ORIENTED_EDGE ( 'NONE', *, *, #3219, .F. ) ;
#2265 = VERTEX_POINT ( 'NONE', #2812 ) ;
#2266 = FACE_OUTER_BOUND ( 'NONE', #2211, .T. ) ;
#2267 = CARTESIAN_POINT ( 'NONE',  ( -33.47165836991607790, -116.5472750050533364, 24.16335386895505266 ) ) ;
#2268 = CARTESIAN_POINT ( 'NONE',  ( 11.36511623449254849, -13.89999999999994351, 6.183653482907366161 ) ) ;
#2269 = FACE_OUTER_BOUND ( 'NONE', #132, .T. ) ;
#2270 = ORIENTED_EDGE ( 'NONE', *, *, #3177, .T. ) ;
#2271 = LINE ( 'NONE', #2234, #1508 ) ;
#2272 = AXIS2_PLACEMENT_3D ( 'NONE', #1505, #1540, #179 ) ;
#2273 = PRODUCT_DEFINITION ( '未知', '', #1527, #266 ) ;
#2274 = ORIENTED_EDGE ( 'NONE', *, *, #1660, .F. ) ;
#2275 = ORIENTED_EDGE ( 'NONE', *, *, #1303, .T. ) ;
#2276 = CARTESIAN_POINT ( 'NONE',  ( -20.07657413928660617, -46.13545303818906973, 21.15000000000055635 ) ) ;
#2277 = CARTESIAN_POINT ( 'NONE',  ( 18.25000000000087397, -1.374315785656583300, 4.450000000000562395 ) ) ;
#2278 = EDGE_CURVE ( 'NONE', #1680, #849, #2487, .T. ) ;
#2279 = EDGE_CURVE ( 'NONE', #2606, #1717, #1295, .T. ) ;
#2280 = CARTESIAN_POINT ( 'NONE',  ( 15.25000000000087041, 8.999999999999442224, 19.69999999999980744 ) ) ;
#2281 = PERSON_AND_ORGANIZATION ( #298, #2846 ) ;
#2282 = VECTOR ( 'NONE', #1406, 1000.000000000000000 ) ;
#2283 = CIRCLE ( 'NONE', #1388, 1.500000000000000444 ) ;
#2284 = DIRECTION ( 'NONE',  ( -0.000000000000000000, -1.000000000000000000, -0.000000000000000000 ) ) ;
#2285 = FACE_OUTER_BOUND ( 'NONE', #2428, .T. ) ;
#2286 = ORIENTED_EDGE ( 'NONE', *, *, #223, .F. ) ;
#2287 = DIRECTION ( 'NONE',  ( -0.000000000000000000, -0.000000000000000000, 1.000000000000000000 ) ) ;
#2288 = DIRECTION ( 'NONE',  ( 0.000000000000000000, 0.000000000000000000, -1.000000000000000000 ) ) ;
#2289 = ORIENTED_EDGE ( 'NONE', *, *, #3060, .T. ) ;
#2290 = DIRECTION ( 'NONE',  ( 1.000000000000000000, 6.195440985631452852E-17, 0.000000000000000000 ) ) ;
#2291 = ORIENTED_EDGE ( 'NONE', *, *, #3201, .T. ) ;
#2292 = EDGE_LOOP ( 'NONE', ( #368, #2546 ) ) ;
#2293 = DIRECTION ( 'NONE',  ( 1.000000000000000000, -0.000000000000000000, -0.000000000000000000 ) ) ;
#2294 = CIRCLE ( 'NONE', #1463, 3.999999999999999112 ) ;
#2295 = CARTESIAN_POINT ( 'NONE',  ( -16.74999999999913314, -3.399999999999943512, 11.50000000000000355 ) ) ;
#2296 = PERSON_AND_ORGANIZATION ( #298, #2846 ) ;
#2297 = ADVANCED_FACE ( 'NONE', ( #3032 ), #1496, .F. ) ;
#2298 = FACE_OUTER_BOUND ( 'NONE', #2100, .T. ) ;
#2299 = CYLINDRICAL_SURFACE ( 'NONE', #3229, 1.499999999999999556 ) ;
#2300 = VERTEX_POINT ( 'NONE', #2249 ) ;
#2301 = AXIS2_PLACEMENT_3D ( 'NONE', #1241, #1259, #3112 ) ;
#2302 = VECTOR ( 'NONE', #1016, 1000.000000000000000 ) ;
#2303 = CARTESIAN_POINT ( 'NONE',  ( 17.25000000000087041, 14.10000000000005649, 36.00000000000000000 ) ) ;
#2304 = CARTESIAN_POINT ( 'NONE',  ( 15.25000000000087041, 6.299999999999406519, 6.499999999998650857 ) ) ;
#2305 = LINE ( 'NONE', #192, #2521 ) ;
#2306 = ORIENTED_EDGE ( 'NONE', *, *, #1376, .T. ) ;
#2307 = ORIENTED_EDGE ( 'NONE', *, *, #2640, .F. ) ;
#2308 = VECTOR ( 'NONE', #749, 1000.000000000000000 ) ;
#2309 = CARTESIAN_POINT ( 'NONE',  ( 24.29999999999970584, -8.400000000000559908, 20.70000000000001350 ) ) ;
#2310 = DIRECTION ( 'NONE',  ( 1.000000000000000000, 0.000000000000000000, 0.000000000000000000 ) ) ;
#2311 = VERTEX_POINT ( 'NONE', #1714 ) ;
#2312 = CALENDAR_DATE ( 2026, 24, 6 ) ;
#2313 = LINE ( 'NONE', #1223, #2308 ) ;
#2314 = ORIENTED_EDGE ( 'NONE', *, *, #2399, .T. ) ;
#2315 = DIRECTION ( 'NONE',  ( 0.000000000000000000, 0.000000000000000000, 1.000000000000000000 ) ) ;
#2316 = ORIENTED_EDGE ( 'NONE', *, *, #1753, .F. ) ;
#2317 = EDGE_CURVE ( 'NONE', #1038, #3255, #732, .T. ) ;
#2318 = EDGE_CURVE ( 'NONE', #1875, #2118, #154, .T. ) ;
#2319 = CYLINDRICAL_SURFACE ( 'NONE', #3346, 1.000000000000000888 ) ;
#2320 = FACE_BOUND ( 'NONE', #2028, .T. ) ;
#2321 = VECTOR ( 'NONE', #1982, 1000.000000000000000 ) ;
#2322 = CARTESIAN_POINT ( 'NONE',  ( 17.25000000000087041, 6.299999999999406519, 4.499999999998681055 ) ) ;
#2323 = ORIENTED_EDGE ( 'NONE', *, *, #40, .F. ) ;
#2324 = EDGE_LOOP ( 'NONE', ( #794, #370 ) ) ;
#2325 = LINE ( 'NONE', #3393, #213 ) ;
#2326 = LINE ( 'NONE', #485, #2483 ) ;
#2327 = ORIENTED_EDGE ( 'NONE', *, *, #1792, .T. ) ;
#2328 = AXIS2_PLACEMENT_3D ( 'NONE', #1522, #1977, #2491 ) ;
#2329 = DIRECTION ( 'NONE',  ( 1.000000000000000000, -0.000000000000000000, -0.000000000000000000 ) ) ;
#2330 = DIRECTION ( 'NONE',  ( 0.000000000000000000, 0.4999999999999997780, 0.8660254037844387076 ) ) ;
#2331 = ORIENTED_EDGE ( 'NONE', *, *, #2064, .F. ) ;
#2332 = FACE_OUTER_BOUND ( 'NONE', #839, .T. ) ;
#2333 = ORIENTED_EDGE ( 'NONE', *, *, #3084, .T. ) ;
#2334 = EDGE_CURVE ( 'NONE', #1632, #915, #3223, .T. ) ;
#2335 = VECTOR ( 'NONE', #125, 1000.000000000000000 ) ;
#2336 = AXIS2_PLACEMENT_3D ( 'NONE', #2882, #1819, #3387 ) ;
#2337 = LINE ( 'NONE', #288, #519 ) ;
#2338 = APPLICATION_CONTEXT ( 'configuration controlled 3d designs of mechanical parts and assemblies' ) ;
#2339 = DIRECTION ( 'NONE',  ( -1.000000000000000000, -0.000000000000000000, -0.000000000000000000 ) ) ;
#2340 = ADVANCED_FACE ( 'NONE', ( #680 ), #1228, .F. ) ;
#2341 = ADVANCED_FACE ( 'NONE', ( #1513 ), #2565, .F. ) ;
#2342 = VECTOR ( 'NONE', #1490, 1000.000000000000000 ) ;
#2343 = DIRECTION ( 'NONE',  ( -1.000000000000000000, 0.000000000000000000, 0.000000000000000000 ) ) ;
#2344 = CARTESIAN_POINT ( 'NONE',  ( -29.89253158039080915, -117.2288528313427491, 3.150000000000555023 ) ) ;
#2345 = ORIENTED_EDGE ( 'NONE', *, *, #1383, .F. ) ;
#2346 = FACE_OUTER_BOUND ( 'NONE', #175, .T. ) ;
#2347 = FACE_OUTER_BOUND ( 'NONE', #761, .T. ) ;
#2348 = VERTEX_POINT ( 'NONE', #2465 ) ;
#2349 = CIRCLE ( 'NONE', #3274, 9.000000000000001776 ) ;
#2350 = AXIS2_PLACEMENT_3D ( 'NONE', #3062, #3275, #320 ) ;
#2351 = LINE ( 'NONE', #2821, #691 ) ;
#2352 = CARTESIAN_POINT ( 'NONE',  ( 5.250000000000857980, -3.399999999999943512, 12.50000000000000178 ) ) ;
#2353 = ORIENTED_EDGE ( 'NONE', *, *, #1278, .T. ) ;
#2354 = AXIS2_PLACEMENT_3D ( 'NONE', #1531, #476, #1276 ) ;
#2355 = LINE ( 'NONE', #207, #237 ) ;
#2356 = DIRECTION ( 'NONE',  ( 1.000000000000000000, -0.000000000000000000, -0.000000000000000000 ) ) ;
#2357 = VECTOR ( 'NONE', #3180, 1000.000000000000000 ) ;
#2358 = VECTOR ( 'NONE', #2484, 1000.000000000000000 ) ;
#2359 = CARTESIAN_POINT ( 'NONE',  ( 5.250000000000857980, -3.399999999999943512, 12.50000000000000178 ) ) ;
#2360 = CARTESIAN_POINT ( 'NONE',  ( 15.25000000000087041, 8.999999999999442224, 21.69999999999981100 ) ) ;
#2361 = ORIENTED_EDGE ( 'NONE', *, *, #491, .T. ) ;
#2362 = EDGE_CURVE ( 'NONE', #646, #1802, #1203, .T. ) ;
#2363 = CARTESIAN_POINT ( 'NONE',  ( 17.25000000000087041, 6.299999999999406519, 6.499999999998681055 ) ) ;
#2364 = CARTESIAN_POINT ( 'NONE',  ( -16.74999999999913314, -13.89999999999994351, 7.150000000000553690 ) ) ;
#2365 = EDGE_CURVE ( 'NONE', #648, #694, #3174, .T. ) ;
#2366 = VERTEX_POINT ( 'NONE', #638 ) ;
#2367 = ADVANCED_FACE ( 'NONE', ( #3044 ), #1947, .F. ) ;
#2368 = DIRECTION ( 'NONE',  ( 1.000000000000000000, -0.000000000000000000, -0.000000000000000000 ) ) ;
#2369 = ORIENTED_EDGE ( 'NONE', *, *, #1790, .T. ) ;
#2370 = CARTESIAN_POINT ( 'NONE',  ( 17.25000000000087041, 8.999999999999442224, 20.69999999999983942 ) ) ;
#2371 = FACE_OUTER_BOUND ( 'NONE', #3046, .T. ) ;
#2372 = VECTOR ( 'NONE', #2459, 1000.000000000000000 ) ;
#2373 = DIRECTION ( 'NONE',  ( 0.000000000000000000, 0.000000000000000000, -1.000000000000000000 ) ) ;
#2374 = CARTESIAN_POINT ( 'NONE',  ( -21.90565169049254379, -42.57814010401045124, 21.15000000000055991 ) ) ;
#2375 = ORIENTED_EDGE ( 'NONE', *, *, #2620, .F. ) ;
#2376 = FACE_OUTER_BOUND ( 'NONE', #2570, .T. ) ;
#2377 = ORIENTED_EDGE ( 'NONE', *, *, #1302, .T. ) ;
#2378 = AXIS2_PLACEMENT_3D ( 'NONE', #3172, #2899, #2310 ) ;
#2379 = PLANE ( 'NONE',  #3419 ) ;
#2380 = CC_DESIGN_PERSON_AND_ORGANIZATION_ASSIGNMENT ( #882, #1427, ( #2445 ) ) ;
#2381 = ORIENTED_EDGE ( 'NONE', *, *, #744, .F. ) ;
#2382 = EDGE_CURVE ( 'NONE', #1426, #1655, #2125, .T. ) ;
#2383 = EDGE_CURVE ( 'NONE', #534, #2639, #1709, .T. ) ;
#2384 = CARTESIAN_POINT ( 'NONE',  ( -6.949999999999124434, 11.10000000000005649, 12.14142842854285043 ) ) ;
#2385 = VERTEX_POINT ( 'NONE', #1128 ) ;
#2386 = LINE ( 'NONE', #1578, #122 ) ;
#2387 = CARTESIAN_POINT ( 'NONE',  ( -21.90565169049254735, -42.57814010401045124, 25.15000000000055991 ) ) ;
#2388 = FACE_OUTER_BOUND ( 'NONE', #753, .T. ) ;
#2389 = AXIS2_PLACEMENT_3D ( 'NONE', #2432, #2679, #3197 ) ;
#2390 = CARTESIAN_POINT ( 'NONE',  ( -5.949999999999125322, 11.10000000000005649, 11.14142842854284865 ) ) ;
#2391 = ORIENTED_EDGE ( 'NONE', *, *, #1194, .F. ) ;
#2392 = DIRECTION ( 'NONE',  ( -1.000000000000000000, -1.577021341797097560E-16, -0.000000000000000000 ) ) ;
#2393 = ORIENTED_EDGE ( 'NONE', *, *, #44, .F. ) ;
#2394 = AXIS2_PLACEMENT_3D ( 'NONE', #1001, #2867, #773 ) ;
#2395 = AXIS2_PLACEMENT_3D ( 'NONE', #1314, #2938, #1645 ) ;
#2396 = DIRECTION ( 'NONE',  ( 0.000000000000000000, 0.000000000000000000, 1.000000000000000000 ) ) ;
#2397 = VERTEX_POINT ( 'NONE', #2522 ) ;
#2398 = DIRECTION ( 'NONE',  ( -0.09502709854422727864, -0.9954746860379052320, 0.000000000000000000 ) ) ;
#2399 = EDGE_CURVE ( 'NONE', #648, #2861, #1146, .T. ) ;
#2400 = UNCERTAINTY_MEASURE_WITH_UNIT (LENGTH_MEASURE( 1.000000000000000082E-05 ), #3292, 'distance_accuracy_value', 'NONE');
#2401 = EDGE_LOOP ( 'NONE', ( #814, #923, #3432, #796 ) ) ;
#2402 = EDGE_CURVE ( 'NONE', #3120, #1816, #2726, .T. ) ;
#2403 = VECTOR ( 'NONE', #2761, 1000.000000000000000 ) ;
#2404 = CARTESIAN_POINT ( 'NONE',  ( -12.68829355245615709, -13.89999999999994351, 25.15000000000055991 ) ) ;
#2405 = CARTESIAN_POINT ( 'NONE',  ( -15.04679769924827504, -117.2288528313427491, 3.150000000000555023 ) ) ;
#2406 = CARTESIAN_POINT ( 'NONE',  ( 15.25000000000087219, 0.2999999949937874888, 16.97999999378772173 ) ) ;
#2407 = CARTESIAN_POINT ( 'NONE',  ( 8.430517821212866636, -13.89999999999994351, 24.22612598175885523 ) ) ;
#2408 = ORIENTED_EDGE ( 'NONE', *, *, #1141, .F. ) ;
#2409 = DIRECTION ( 'NONE',  ( 0.000000000000000000, 0.000000000000000000, 1.000000000000000000 ) ) ;
#2410 = ORIENTED_EDGE ( 'NONE', *, *, #1211, .T. ) ;
#2411 = DIRECTION ( 'NONE',  ( 1.000000000000000000, 0.000000000000000000, 0.000000000000000000 ) ) ;
#2412 = ORIENTED_EDGE ( 'NONE', *, *, #3345, .F. ) ;
#2413 = CARTESIAN_POINT ( 'NONE',  ( -15.24999999999913491, 2.100000000000056044, 18.00000000000000000 ) ) ;
#2414 = VERTEX_POINT ( 'NONE', #943 ) ;
#2415 = ORIENTED_EDGE ( 'NONE', *, *, #1092, .F. ) ;
#2416 = CARTESIAN_POINT ( 'NONE',  ( 18.25000000000087397, 1.974315775643246118, 4.450000000000562395 ) ) ;
#2417 = CARTESIAN_POINT ( 'NONE',  ( -15.04679769924827504, -117.2288528313427491, 21.15000000000055991 ) ) ;
#2418 = EDGE_CURVE ( 'NONE', #31, #1853, #2202, .T. ) ;
#2419 = CARTESIAN_POINT ( 'NONE',  ( -16.74999999999913314, -3.399999999999943512, 19.60000000000000142 ) ) ;
#2420 = EDGE_CURVE ( 'NONE', #968, #2729, #85, .T. ) ;
#2421 = DIRECTION ( 'NONE',  ( 1.000000000000000000, 0.000000000000000000, 0.000000000000000000 ) ) ;
#2422 = ORIENTED_EDGE ( 'NONE', *, *, #2108, .T. ) ;
#2423 = FACE_BOUND ( 'NONE', #2563, .T. ) ;
#2424 = EDGE_LOOP ( 'NONE', ( #1312, #2458, #1154, #1390 ) ) ;
#2425 = ORIENTED_EDGE ( 'NONE', *, *, #1957, .T. ) ;
#2426 = CIRCLE ( 'NONE', #3365, 1.000000000000000888 ) ;
#2427 = FACE_OUTER_BOUND ( 'NONE', #3089, .T. ) ;
#2428 = EDGE_LOOP ( 'NONE', ( #3090, #2345, #1461, #1416 ) ) ;
#2429 = DIRECTION ( 'NONE',  ( 0.000000000000000000, 0.000000000000000000, 1.000000000000000000 ) ) ;
#2430 = DIRECTION ( 'NONE',  ( -1.000000000000000000, -0.000000000000000000, -0.000000000000000000 ) ) ;
#2431 = EDGE_CURVE ( 'NONE', #564, #1900, #2723, .T. ) ;
#2432 = CARTESIAN_POINT ( 'NONE',  ( 15.25000000000087219, 4.799999994993326524, 32.77422862784792557 ) ) ;
#2433 = CARTESIAN_POINT ( 'NONE',  ( 12.17630868319361426, -13.89999999999994706, 21.39077008294469096 ) ) ;
#2434 = ORIENTED_EDGE ( 'NONE', *, *, #888, .F. ) ;
#2435 = DIRECTION ( 'NONE',  ( 0.000000000000000000, 0.000000000000000000, 1.000000000000000000 ) ) ;
#2436 = EDGE_CURVE ( 'NONE', #3203, #740, #130, .T. ) ;
#2437 = ADVANCED_FACE ( 'NONE', ( #1470 ), #2501, .F. ) ;
#2438 = EDGE_LOOP ( 'NONE', ( #2671, #663 ) ) ;
#2439 = CARTESIAN_POINT ( 'NONE',  ( 15.25000000000087219, -1.374315785656583522, 4.450000000000562395 ) ) ;
#2440 = ORIENTED_EDGE ( 'NONE', *, *, #2065, .F. ) ;
#2441 = CARTESIAN_POINT ( 'NONE',  ( 15.25000000000087397, -8.400000000000559908, 20.69999999999987850 ) ) ;
#2442 = ORIENTED_EDGE ( 'NONE', *, *, #2225, .F. ) ;
#2443 = AXIS2_PLACEMENT_3D ( 'NONE', #133, #1474, #1207 ) ;
#2444 = APPROVAL_ROLE ( '' ) ;
#2445 = SECURITY_CLASSIFICATION ( '', '', #1126 ) ;
#2446 = DIRECTION ( 'NONE',  ( 1.000000000000000000, 0.000000000000000000, 0.000000000000000000 ) ) ;
#2447 = CARTESIAN_POINT ( 'NONE',  ( 6.550003508321085910, 11.10000000000005649, 25.14142842854284865 ) ) ;
#2448 = CARTESIAN_POINT ( 'NONE',  ( -24.05847288343823465, -45.75534464401217605, 25.15000000000055991 ) ) ;
#2449 = AXIS2_PLACEMENT_3D ( 'NONE', #2638, #1316, #242 ) ;
#2450 = DIRECTION ( 'NONE',  ( 1.000000000000000000, 0.000000000000000000, 0.000000000000000000 ) ) ;
#2451 = CARTESIAN_POINT ( 'NONE',  ( 6.399689522625870097, -13.89999999999993996, 24.98960773102785282 ) ) ;
#2452 = ORIENTED_EDGE ( 'NONE', *, *, #2278, .F. ) ;
#2453 = AXIS2_PLACEMENT_3D ( 'NONE', #345, #119, #136 ) ;
#2454 = CARTESIAN_POINT ( 'NONE',  ( 17.25000000000087041, 0.2999999949937874888, 16.97999999378772173 ) ) ;
#2455 = ORIENTED_EDGE ( 'NONE', *, *, #1322, .T. ) ;
#2456 = DIRECTION ( 'NONE',  ( -1.000000000000000000, -0.000000000000000000, -0.000000000000000000 ) ) ;
#2457 = EDGE_CURVE ( 'NONE', #3262, #2366, #1014, .T. ) ;
#2458 = ORIENTED_EDGE ( 'NONE', *, *, #40, .T. ) ;
#2459 = DIRECTION ( 'NONE',  ( -0.000000000000000000, -0.000000000000000000, -1.000000000000000000 ) ) ;
#2460 = CIRCLE ( 'NONE', #3399, 1.799999999999999600 ) ;
#2461 = EDGE_CURVE ( 'NONE', #1680, #1715, #109, .T. ) ;
#2462 = ADVANCED_FACE ( 'NONE', ( #1428 ), #2627, .T. ) ;
#2463 = CARTESIAN_POINT ( 'NONE',  ( -13.74999999999913491, -3.899999999999943512, 36.00000000000000000 ) ) ;
#2464 = EDGE_LOOP ( 'NONE', ( #1593, #3267, #837, #665 ) ) ;
#2465 = CARTESIAN_POINT ( 'NONE',  ( 17.25000000000087041, 4.299999994993379815, 31.90820322406346676 ) ) ;
#2466 = CARTESIAN_POINT ( 'NONE',  ( 15.25000000000087219, -3.899999999999943512, 25.99999999999999645 ) ) ;
#2467 = CARTESIAN_POINT ( 'NONE',  ( 17.25000000000087041, -8.400000000000559908, 21.69999999999991047 ) ) ;
#2468 = EDGE_CURVE ( 'NONE', #350, #3236, #1297, .T. ) ;
#2469 = LINE ( 'NONE', #929, #616 ) ;
#2470 = ORIENTED_EDGE ( 'NONE', *, *, #1978, .T. ) ;
#2471 = CARTESIAN_POINT ( 'NONE',  ( -15.24999999999913491, -3.399999999999941735, 25.30000000000000071 ) ) ;
#2472 = VERTEX_POINT ( 'NONE', #3295 ) ;
#2473 = CARTESIAN_POINT ( 'NONE',  ( -15.24999999999913491, -3.399999999999943068, 14.30000000000000249 ) ) ;
#2474 = ORIENTED_EDGE ( 'NONE', *, *, #355, .T. ) ;
#2475 = DIRECTION ( 'NONE',  ( -0.1736481776669340782, -0.9848077530122073542, 0.000000000000000000 ) ) ;
#2476 = ADVANCED_FACE ( 'NONE', ( #2003 ), #2262, .T. ) ;
#2477 = CARTESIAN_POINT ( 'NONE',  ( -13.74999999999913491, 2.100000000000056044, 16.19999999999999929 ) ) ;
#2478 = CARTESIAN_POINT ( 'NONE',  ( -16.74999999999913314, -3.899999999999943512, 25.99999999999999645 ) ) ;
#2479 = VERTEX_POINT ( 'NONE', #39 ) ;
#2480 = EDGE_CURVE ( 'NONE', #84, #1870, #1633, .T. ) ;
#2481 = EDGE_CURVE ( 'NONE', #1473, #333, #512, .T. ) ;
#2482 = APPROVAL_DATE_TIME ( #2802, #2123 ) ;
#2483 = VECTOR ( 'NONE', #197, 1000.000000000000114 ) ;
#2484 = DIRECTION ( 'NONE',  ( -1.000000000000000000, -0.000000000000000000, -0.000000000000000000 ) ) ;
#2485 = CARTESIAN_POINT ( 'NONE',  ( -29.89253158039080915, -117.2288528313427491, 3.150000000000555023 ) ) ;
#2486 = LINE ( 'NONE', #3109, #1512 ) ;
#2487 = LINE ( 'NONE', #3066, #2793 ) ;
#2488 = VERTEX_POINT ( 'NONE', #1902 ) ;
#2489 = DIRECTION ( 'NONE',  ( -1.000000000000000000, 0.000000000000000000, 0.000000000000000000 ) ) ;
#2490 = ORIENTED_EDGE ( 'NONE', *, *, #304, .T. ) ;
#2491 = DIRECTION ( 'NONE',  ( -0.9848077530122077983, 0.1736481776669325794, 0.000000000000000000 ) ) ;
#2492 = ORIENTED_EDGE ( 'NONE', *, *, #2383, .T. ) ;
#2493 = LINE ( 'NONE', #1720, #1670 ) ;
#2494 = CARTESIAN_POINT ( 'NONE',  ( 0.000000000000000000, 0.000000000000000000, 1.499999999999994449 ) ) ;
#2495 = CIRCLE ( 'NONE', #2940, 1.499999999999999556 ) ;
#2496 = CARTESIAN_POINT ( 'NONE',  ( -19.43581900151004760, -38.67347982089982139, 25.15000000000056346 ) ) ;
#2497 = VERTEX_POINT ( 'NONE', #15 ) ;
#2498 = APPROVAL_STATUS ( 'not_yet_approved' ) ;
#2499 = AXIS2_PLACEMENT_3D ( 'NONE', #1389, #635, #1200 ) ;
#2500 = AXIS2_PLACEMENT_3D ( 'NONE', #1326, #1609, #10 ) ;
#2501 = PLANE ( 'NONE',  #510 ) ;
#2502 = ADVANCED_FACE ( 'NONE', ( #1649 ), #1348, .F. ) ;
#2503 = DIRECTION ( 'NONE',  ( 1.000000000000000000, 0.000000000000000000, -0.000000000000000000 ) ) ;
#2504 = ORIENTED_EDGE ( 'NONE', *, *, #2227, .T. ) ;
#2505 = FACE_OUTER_BOUND ( 'NONE', #1537, .T. ) ;
#2506 = DIRECTION ( 'NONE',  ( 0.000000000000000000, 0.000000000000000000, -1.000000000000000000 ) ) ;
#2507 = DIRECTION ( 'NONE',  ( -1.000000000000000000, -8.068481283613057027E-17, -0.000000000000000000 ) ) ;
#2508 = EDGE_LOOP ( 'NONE', ( #3163, #1702 ) ) ;
#2509 = CC_DESIGN_APPROVAL ( #628, ( #1527 ) ) ;
#2510 = DIRECTION ( 'NONE',  ( -6.195440985631452852E-17, 1.000000000000000000, -0.000000000000000000 ) ) ;
#2511 = AXIS2_PLACEMENT_3D ( 'NONE', #3261, #1754, #365 ) ;
#2512 = ORIENTED_EDGE ( 'NONE', *, *, #1998, .F. ) ;
#2513 = FACE_OUTER_BOUND ( 'NONE', #1324, .T. ) ;
#2514 = CIRCLE ( 'NONE', #2453, 1.600000000000000755 ) ;
#2515 = EDGE_LOOP ( 'NONE', ( #1294, #2955, #2240, #2531 ) ) ;
#2516 = FACE_BOUND ( 'NONE', #2324, .T. ) ;
#2517 = DIRECTION ( 'NONE',  ( 1.000000000000000000, -7.885106708985487801E-17, 0.000000000000000000 ) ) ;
#2518 = CYLINDRICAL_SURFACE ( 'NONE', #1622, 2.000000000000000000 ) ;
#2519 = ORIENTED_EDGE ( 'NONE', *, *, #2689, .T. ) ;
#2520 = AXIS2_PLACEMENT_3D ( 'NONE', #3029, #658, #1447 ) ;
#2521 = VECTOR ( 'NONE', #1786, 1000.000000000000227 ) ;
#2522 = CARTESIAN_POINT ( 'NONE',  ( -29.89253158039080915, -118.2288528313427491, 25.15000000000055991 ) ) ;
#2523 = LINE ( 'NONE', #1471, #1305 ) ;
#2524 = ORIENTED_EDGE ( 'NONE', *, *, #2220, .F. ) ;
#2525 = PLANE ( 'NONE',  #2443 ) ;
#2526 = EDGE_CURVE ( 'NONE', #2497, #2964, #2133, .T. ) ;
#2527 = DIRECTION ( 'NONE',  ( -1.000000000000000000, -8.068481283613057027E-17, -0.000000000000000000 ) ) ;
#2528 = VECTOR ( 'NONE', #531, 1000.000000000000000 ) ;
#2529 = DIRECTION ( 'NONE',  ( -0.09502709854422759783, -0.9954746860379050100, -0.000000000000000000 ) ) ;
#2530 = LINE ( 'NONE', #1210, #3181 ) ;
#2531 = ORIENTED_EDGE ( 'NONE', *, *, #2533, .F. ) ;
#2532 = EDGE_CURVE ( 'NONE', #2385, #2751, #2796, .T. ) ;
#2533 = EDGE_CURVE ( 'NONE', #2964, #2200, #1440, .T. ) ;
#2534 = DIRECTION ( 'NONE',  ( 0.000000000000000000, 0.000000000000000000, -1.000000000000000000 ) ) ;
#2535 = ORIENTED_EDGE ( 'NONE', *, *, #1705, .F. ) ;
#2536 = ORIENTED_EDGE ( 'NONE', *, *, #2227, .F. ) ;
#2537 = DIRECTION ( 'NONE',  ( 0.000000000000000000, -7.374825438899341529E-17, 1.000000000000000000 ) ) ;
#2538 = LINE ( 'NONE', #1179, #388 ) ;
#2539 = LINE ( 'NONE', #2099, #1945 ) ;
#2540 = CARTESIAN_POINT ( 'NONE',  ( 5.250000000000857980, -8.899999999999943512, 19.00000000000000000 ) ) ;
#2541 = AXIS2_PLACEMENT_3D ( 'NONE', #2738, #1422, #81 ) ;
#2542 = CARTESIAN_POINT ( 'NONE',  ( -29.89253158039080915, -118.2288528313427491, 3.150000000000555023 ) ) ;
#2543 = CARTESIAN_POINT ( 'NONE',  ( -15.24999999999913314, -8.899999999999943512, 19.00000000000000000 ) ) ;
#2544 = AXIS2_PLACEMENT_3D ( 'NONE', #332, #2456, #1138 ) ;
#2545 = ORIENTED_EDGE ( 'NONE', *, *, #675, .T. ) ;
#2546 = ORIENTED_EDGE ( 'NONE', *, *, #768, .F. ) ;
#2547 = DIRECTION ( 'NONE',  ( 0.000000000000000000, 1.000000000000000000, 0.000000000000000000 ) ) ;
#2548 = ORIENTED_EDGE ( 'NONE', *, *, #650, .T. ) ;
#2549 = LINE ( 'NONE', #2303, #3234 ) ;
#2550 = LINE ( 'NONE', #1804, #2180 ) ;
#2551 = DIRECTION ( 'NONE',  ( -1.000000000000000000, 0.000000000000000000, 0.000000000000000000 ) ) ;
#2552 = VERTEX_POINT ( 'NONE', #792 ) ;
#2553 = ADVANCED_FACE ( 'NONE', ( #2423, #2376 ), #1883, .T. ) ;
#2554 = ORIENTED_EDGE ( 'NONE', *, *, #3162, .F. ) ;
#2555 = EDGE_CURVE ( 'NONE', #2630, #2048, #3225, .T. ) ;
#2556 = CARTESIAN_POINT ( 'NONE',  ( 17.25000000000087041, -5.700000000000617462, 5.499999999998745004 ) ) ;
#2557 = AXIS2_PLACEMENT_3D ( 'NONE', #1958, #1155, #1701 ) ;
#2558 = LINE ( 'NONE', #3270, #2102 ) ;
#2559 = FACE_BOUND ( 'NONE', #1787, .T. ) ;
#2560 = AXIS2_PLACEMENT_3D ( 'NONE', #1630, #305, #1084 ) ;
#2561 = CYLINDRICAL_SURFACE ( 'NONE', #805, 1.000000000000000888 ) ;
#2562 = DIRECTION ( 'NONE',  ( 1.000000000000000000, 0.000000000000000000, 0.000000000000000000 ) ) ;
#2563 = EDGE_LOOP ( 'NONE', ( #2668, #2981, #2535, #3293, #3318, #2275, #1338, #403 ) ) ;
#2564 = CIRCLE ( 'NONE', #1061, 1.600000000000001643 ) ;
#2565 = CYLINDRICAL_SURFACE ( 'NONE', #1577, 1.799999999999999600 ) ;
#2566 = DIRECTION ( 'NONE',  ( 0.09502709854422725089, 0.9954746860379050100, -0.000000000000000000 ) ) ;
#2567 = ORIENTED_EDGE ( 'NONE', *, *, #939, .F. ) ;
#2568 = FACE_OUTER_BOUND ( 'NONE', #2758, .T. ) ;
#2569 = VERTEX_POINT ( 'NONE', #2944 ) ;
#2570 = EDGE_LOOP ( 'NONE', ( #2353, #2545, #1277, #381 ) ) ;
#2571 = DIRECTION ( 'NONE',  ( 0.000000000000000000, 0.000000000000000000, -1.000000000000000000 ) ) ;
#2572 = VECTOR ( 'NONE', #1692, 1000.000000000000000 ) ;
#2573 = ADVANCED_FACE ( 'NONE', ( #3232 ), #275, .F. ) ;
#2574 = DIRECTION ( 'NONE',  ( 1.000000000000000000, -0.000000000000000000, -0.000000000000000000 ) ) ;
#2575 = ORIENTED_EDGE ( 'NONE', *, *, #2555, .F. ) ;
#2576 = EDGE_CURVE ( 'NONE', #564, #1, #2117, .T. ) ;
#2577 = EDGE_CURVE ( 'NONE', #984, #3205, #2957, .T. ) ;
#2578 = DIRECTION ( 'NONE',  ( -1.000000000000000000, 0.000000000000000000, -0.000000000000000000 ) ) ;
#2579 = EDGE_LOOP ( 'NONE', ( #2567, #3069, #2658, #2327 ) ) ;
#2580 = DIRECTION ( 'NONE',  ( -1.000000000000000000, 0.000000000000000000, 0.000000000000000000 ) ) ;
#2581 = VERTEX_POINT ( 'NONE', #1992 ) ;
#2582 = CIRCLE ( 'NONE', #1637, 1.000000000000000888 ) ;
#2583 = VECTOR ( 'NONE', #1551, 1000.000000000000000 ) ;
#2584 = CARTESIAN_POINT ( 'NONE',  ( -15.24999999999913491, 2.100000000000056044, 18.00000000000000000 ) ) ;
#2585 = CARTESIAN_POINT ( 'NONE',  ( -13.74999999999913491, -10.89999999999994529, 33.14142842854284510 ) ) ;
#2586 = LINE ( 'NONE', #2098, #3114 ) ;
#2587 = ORIENTED_EDGE ( 'NONE', *, *, #1103, .F. ) ;
#2588 = VERTEX_POINT ( 'NONE', #3034 ) ;
#2589 = DIRECTION ( 'NONE',  ( 1.000000000000000000, 0.000000000000000000, 0.000000000000000000 ) ) ;
#2590 = CARTESIAN_POINT ( 'NONE',  ( -15.06758610304858692, -13.89999999999994351, 3.150000000000556355 ) ) ;
#2591 = ORIENTED_EDGE ( 'NONE', *, *, #1869, .T. ) ;
#2592 = CARTESIAN_POINT ( 'NONE',  ( -6.876939494050947647E-16, 11.10000000000005649, 1.499999999999994449 ) ) ;
#2593 = PRODUCT_RELATED_PRODUCT_CATEGORY ( 'detail', '', ( #2078 ) ) ;
#2594 = DIRECTION ( 'NONE',  ( 0.000000000000000000, -3.469446951953611033E-15, 1.000000000000000000 ) ) ;
#2595 = LINE ( 'NONE', #3079, #421 ) ;
#2596 = ORIENTED_EDGE ( 'NONE', *, *, #23, .T. ) ;
#2597 = EDGE_CURVE ( 'NONE', #3134, #1759, #679, .T. ) ;
#2598 = DIRECTION ( 'NONE',  ( 1.000000000000000000, -0.000000000000000000, -0.000000000000000000 ) ) ;
#2599 = EDGE_CURVE ( 'NONE', #1486, #1059, #3051, .T. ) ;
#2600 = VERTEX_POINT ( 'NONE', #2999 ) ;
#2601 = DIRECTION ( 'NONE',  ( 0.000000000000000000, 0.000000000000000000, 1.000000000000000000 ) ) ;
#2602 = ORIENTED_EDGE ( 'NONE', *, *, #1600, .F. ) ;
#2603 = DIRECTION ( 'NONE',  ( -1.000000000000000000, 0.000000000000000000, -0.000000000000000000 ) ) ;
#2604 = DIRECTION ( 'NONE',  ( 1.000000000000000000, 0.000000000000000000, 0.000000000000000000 ) ) ;
#2605 = VERTEX_POINT ( 'NONE', #931 ) ;
#2606 = VERTEX_POINT ( 'NONE', #645 ) ;
#2607 = DIRECTION ( 'NONE',  ( 0.1736481776669352162, 0.9848077530122073542, -0.000000000000000000 ) ) ;
#2608 = DIRECTION ( 'NONE',  ( 0.000000000000000000, 0.000000000000000000, -1.000000000000000000 ) ) ;
#2609 = PRODUCT_DEFINITION_SHAPE ( 'NONE', 'NONE',  #2273 ) ;
#2610 = EDGE_LOOP ( 'NONE', ( #722, #3338, #3326, #3035 ) ) ;
#2611 = CARTESIAN_POINT ( 'NONE',  ( 7.521459390826212399, -18.03175911166528422, 7.150000000000555467 ) ) ;
#2612 = DIRECTION ( 'NONE',  ( -1.000000000000000000, -0.000000000000000000, -0.000000000000000000 ) ) ;
#2613 = ORIENTED_EDGE ( 'NONE', *, *, #3182, .T. ) ;
#2614 = EDGE_CURVE ( 'NONE', #2311, #968, #2902, .T. ) ;
#2615 = EDGE_CURVE ( 'NONE', #2956, #3027, #2628, .T. ) ;
#2616 = VERTEX_POINT ( 'NONE', #3322 ) ;
#2617 = DIRECTION ( 'NONE',  ( 0.000000000000000000, -0.000000000000000000, -1.000000000000000000 ) ) ;
#2618 = FACE_BOUND ( 'NONE', #3123, .T. ) ;
#2619 = DIRECTION ( 'NONE',  ( 1.000000000000000000, 0.000000000000000000, 0.000000000000000000 ) ) ;
#2620 = EDGE_CURVE ( 'NONE', #3377, #2040, #3394, .T. ) ;
#2621 = DIRECTION ( 'NONE',  ( 0.000000000000000000, 0.000000000000000000, 1.000000000000000000 ) ) ;
#2622 = ORIENTED_EDGE ( 'NONE', *, *, #67, .F. ) ;
#2623 = AXIS2_PLACEMENT_3D ( 'NONE', #622, #2764, #112 ) ;
#2624 = CARTESIAN_POINT ( 'NONE',  ( 16.42157287525467524, 13.27157287525386486, 1.516257052729721471E-15 ) ) ;
#2625 = CARTESIAN_POINT ( 'NONE',  ( -6.949999999999125322, 14.10000000000005649, 12.14142842854285043 ) ) ;
#2626 = VERTEX_POINT ( 'NONE', #913 ) ;
#2627 = TOROIDAL_SURFACE ( 'NONE', #282, 9.000000000000001776, 4.000000000000000000 ) ;
#2628 = CIRCLE ( 'NONE', #1121, 4.000000000000000000 ) ;
#2629 = DIRECTION ( 'NONE',  ( -1.387778780781445676E-14, 0.000000000000000000, 1.000000000000000000 ) ) ;
#2630 = VERTEX_POINT ( 'NONE', #1974 ) ;
#2631 = CIRCLE ( 'NONE', #1587, 2.000000000000000000 ) ;
#2632 = PLANE ( 'NONE',  #1539 ) ;
#2633 = CARTESIAN_POINT ( 'NONE',  ( 24.29999999999993321, -5.700000000000617462, 5.499999999998850697 ) ) ;
#2634 = APPROVAL ( #183, '未指定' ) ;
#2635 = VECTOR ( 'NONE', #479, 1000.000000000000000 ) ;
#2636 = AXIS2_PLACEMENT_3D ( 'NONE', #3248, #874, #1937 ) ;
#2637 = CARTESIAN_POINT ( 'NONE',  ( 15.25000000000087041, 6.299999999999406519, 4.499999999998650857 ) ) ;
#2638 = CARTESIAN_POINT ( 'NONE',  ( -16.74999999999913314, -3.399999999999943512, 12.50000000000000178 ) ) ;
#2639 = VERTEX_POINT ( 'NONE', #367 ) ;
#2640 = EDGE_CURVE ( 'NONE', #3129, #1249, #3127, .T. ) ;
#2641 = ADVANCED_FACE ( 'NONE', ( #3263 ), #609, .T. ) ;
#2642 = ORIENTED_EDGE ( 'NONE', *, *, #2873, .T. ) ;
#2643 = CARTESIAN_POINT ( 'NONE',  ( 17.25000000000087041, -3.200000005006673032, 32.77422862784739976 ) ) ;
#2644 = AXIS2_PLACEMENT_3D ( 'NONE', #2929, #2411, #543 ) ;
#2645 = ORIENTED_EDGE ( 'NONE', *, *, #3257, .T. ) ;
#2646 = DIRECTION ( 'NONE',  ( -1.000000000000000000, -0.000000000000000000, -0.000000000000000000 ) ) ;
#2647 = ORIENTED_EDGE ( 'NONE', *, *, #1792, .F. ) ;
#2648 = DIRECTION ( 'NONE',  ( 0.000000000000000000, -1.000000000000000000, -0.000000000000000000 ) ) ;
#2649 = PLANE ( 'NONE',  #2500 ) ;
#2650 = DIRECTION ( 'NONE',  ( 1.000000000000000000, 0.000000000000000000, 0.000000000000000000 ) ) ;
#2651 = DIRECTION ( 'NONE',  ( -0.000000000000000000, -0.000000000000000000, -1.000000000000000000 ) ) ;
#2652 = ORIENTED_EDGE ( 'NONE', *, *, #2810, .T. ) ;
#2653 = CARTESIAN_POINT ( 'NONE',  ( -15.04679769924827504, -117.2288528313427491, 7.150000000000555467 ) ) ;
#2654 = EDGE_LOOP ( 'NONE', ( #808, #3003, #1843, #92 ) ) ;
#2655 = VECTOR ( 'NONE', #1506, 1000.000000000000114 ) ;
#2656 = CARTESIAN_POINT ( 'NONE',  ( -29.89253158039080915, -122.2288528313427634, 7.150000000000555467 ) ) ;
#2657 = EDGE_CURVE ( 'NONE', #930, #2146, #2514, .T. ) ;
#2658 = ORIENTED_EDGE ( 'NONE', *, *, #3122, .T. ) ;
#2659 = CARTESIAN_POINT ( 'NONE',  ( -20.07657413928660617, -46.13545303818906973, 7.150000000000559019 ) ) ;
#2660 = ORIENTED_EDGE ( 'NONE', *, *, #1046, .T. ) ;
#2661 = CARTESIAN_POINT ( 'NONE',  ( -16.74999999999913314, -3.399999999999943512, 18.00000000000000355 ) ) ;
#2662 = LINE ( 'NONE', #1896, #2803 ) ;
#2663 = LINE ( 'NONE', #1917, #2890 ) ;
#2664 = CIRCLE ( 'NONE', #163, 0.9999999999999991118 ) ;
#2665 = FACE_BOUND ( 'NONE', #2236, .T. ) ;
#2666 = ORIENTED_EDGE ( 'NONE', *, *, #3061, .F. ) ;
#2667 = DIRECTION ( 'NONE',  ( 0.000000000000000000, 1.000000000000000000, 0.000000000000000000 ) ) ;
#2668 = ORIENTED_EDGE ( 'NONE', *, *, #1727, .F. ) ;
#2669 = AXIS2_PLACEMENT_3D ( 'NONE', #3118, #2343, #2079 ) ;
#2670 = CARTESIAN_POINT ( 'NONE',  ( -15.24999999999913491, 2.100000000000056044, 18.00000000000000000 ) ) ;
#2671 = ORIENTED_EDGE ( 'NONE', *, *, #3101, .F. ) ;
#2672 = CARTESIAN_POINT ( 'NONE',  ( -15.04679769924827504, -122.2288528313427634, 21.15000000000055991 ) ) ;
#2673 = CIRCLE ( 'NONE', #2511, 10.00000000000000178 ) ;
#2674 = ORIENTED_EDGE ( 'NONE', *, *, #2689, .F. ) ;
#2675 = EDGE_CURVE ( 'NONE', #968, #2116, #1017, .T. ) ;
#2676 = AXIS2_PLACEMENT_3D ( 'NONE', #1716, #895, #2730 ) ;
#2677 = CARTESIAN_POINT ( 'NONE',  ( 3.582228378777384759, -17.33716640099755324, 25.15000000000055991 ) ) ;
#2678 = DIRECTION ( 'NONE',  ( 0.000000000000000000, 0.000000000000000000, 1.000000000000000000 ) ) ;
#2679 = DIRECTION ( 'NONE',  ( -1.000000000000000000, -1.577021341797097560E-16, -0.000000000000000000 ) ) ;
#2680 = CARTESIAN_POINT ( 'NONE',  ( 17.25000000000087041, 0.2999999949933278565, 12.35000000000056275 ) ) ;
#2681 = VERTEX_POINT ( 'NONE', #1192 ) ;
#2682 = DIRECTION ( 'NONE',  ( 0.000000000000000000, -1.000000000000000000, 0.000000000000000000 ) ) ;
#2683 = ORIENTED_EDGE ( 'NONE', *, *, #2950, .T. ) ;
#2684 = AXIS2_PLACEMENT_3D ( 'NONE', #1895, #2893, #2141 ) ;
#2685 = LINE ( 'NONE', #2176, #3237 ) ;
#2686 = EDGE_LOOP ( 'NONE', ( #1502, #267, #1108, #1160 ) ) ;
#2687 = AXIS2_PLACEMENT_3D ( 'NONE', #2413, #2368, #501 ) ;
#2688 = DIRECTION ( 'NONE',  ( 0.000000000000000000, 0.000000000000000000, -1.000000000000000000 ) ) ;
#2689 = EDGE_CURVE ( 'NONE', #2588, #2488, #3017, .T. ) ;
#2690 = VERTEX_POINT ( 'NONE', #2251 ) ;
#2691 = EDGE_CURVE ( 'NONE', #1825, #2751, #3302, .T. ) ;
#2692 = EDGE_CURVE ( 'NONE', #1717, #2552, #1739, .T. ) ;
#2693 = CARTESIAN_POINT ( 'NONE',  ( 17.25000000000087041, 4.799999994993326524, 34.97273648376064870 ) ) ;
#2694 = DIRECTION ( 'NONE',  ( 1.000000000000000000, 0.000000000000000000, 0.000000000000000000 ) ) ;
#2695 = CARTESIAN_POINT ( 'NONE',  ( 7.250000000000868638, 0.2999999949933280230, 8.850000000000560973 ) ) ;
#2696 = CYLINDRICAL_SURFACE ( 'NONE', #1844, 5.000000000000000888 ) ;
#2697 = ORIENTED_EDGE ( 'NONE', *, *, #2436, .T. ) ;
#2698 = CARTESIAN_POINT ( 'NONE',  ( -34.81657034545184359, -116.3606119430080952, 6.885656376921911459 ) ) ;
#2699 = EDGE_LOOP ( 'NONE', ( #3314, #1444 ) ) ;
#2700 = DIRECTION ( 'NONE',  ( 0.000000000000000000, 0.000000000000000000, -1.000000000000000000 ) ) ;
#2701 = ORIENTED_EDGE ( 'NONE', *, *, #957, .T. ) ;
#2702 = AXIS2_PLACEMENT_3D ( 'NONE', #278, #3250, #811 ) ;
#2703 = CARTESIAN_POINT ( 'NONE',  ( -23.73472924169848497, -39.02082716983183985, 7.150000000000555467 ) ) ;
#2704 = ORIENTED_EDGE ( 'NONE', *, *, #2785, .T. ) ;
#2705 = EDGE_LOOP ( 'NONE', ( #3272, #1830 ) ) ;
#2706 = AXIS2_PLACEMENT_3D ( 'NONE', #2556, #1250, #498 ) ;
#2707 = CARTESIAN_POINT ( 'NONE',  ( -5.949999999999125322, 11.10000000000005649, 12.14142842854285043 ) ) ;
#2708 = CARTESIAN_POINT ( 'NONE',  ( -15.24999999999913491, -8.899999999999943512, 18.00000000000000000 ) ) ;
#2709 = DIRECTION ( 'NONE',  ( 0.000000000000000000, 0.000000000000000000, -1.000000000000000000 ) ) ;
#2710 = PLANE ( 'NONE',  #95 ) ;
#2711 = DIRECTION ( 'NONE',  ( 1.000000000000000000, 0.000000000000000000, 0.000000000000000000 ) ) ;
#2712 = VERTEX_POINT ( 'NONE', #1153 ) ;
#2713 = DIRECTION ( 'NONE',  ( 1.000000000000000000, -0.000000000000000000, -0.000000000000000000 ) ) ;
#2714 = CIRCLE ( 'NONE', #585, 4.000000000000000000 ) ;
#2715 = ORIENTED_EDGE ( 'NONE', *, *, #1046, .F. ) ;
#2716 = EDGE_CURVE ( 'NONE', #2118, #3203, #2530, .T. ) ;
#2717 = CIRCLE ( 'NONE', #3001, 1.000000000000000888 ) ;
#2718 = CARTESIAN_POINT ( 'NONE',  ( 6.550003508321083245, 4.100000000000056488, 12.14142842854285043 ) ) ;
#2719 = ORIENTED_EDGE ( 'NONE', *, *, #738, .T. ) ;
#2720 = DIRECTION ( 'NONE',  ( 0.000000000000000000, 0.000000000000000000, -1.000000000000000000 ) ) ;
#2721 = ORIENTED_EDGE ( 'NONE', *, *, #3407, .F. ) ;
#2722 = AXIS2_PLACEMENT_3D ( 'NONE', #2352, #3398, #2092 ) ;
#2723 = LINE ( 'NONE', #600, #1347 ) ;
#2724 = CARTESIAN_POINT ( 'NONE',  ( 5.250000000000857980, -3.399999999999942180, 24.50000000000000000 ) ) ;
#2725 = DIRECTION ( 'NONE',  ( 0.000000000000000000, 0.000000000000000000, 1.000000000000000000 ) ) ;
#2726 = CIRCLE ( 'NONE', #1118, 1.000000000000000000 ) ;
#2727 = CARTESIAN_POINT ( 'NONE',  ( -31.37232783718905438, -116.8635868959889308, 25.15000000000054214 ) ) ;
#2728 = LINE ( 'NONE', #2390, #3013 ) ;
#2729 = VERTEX_POINT ( 'NONE', #2454 ) ;
#2730 = DIRECTION ( 'NONE',  ( 2.168404344971009361E-16, -1.000000000000000000, 0.000000000000000000 ) ) ;
#2731 = ADVANCED_FACE ( 'NONE', ( #2269 ), #627, .F. ) ;
#2732 = ORIENTED_EDGE ( 'NONE', *, *, #998, .T. ) ;
#2733 = DIRECTION ( 'NONE',  ( 0.000000000000000000, 1.000000000000000000, 0.000000000000000000 ) ) ;
#2734 = ADVANCED_FACE ( 'NONE', ( #1136 ), #2193, .T. ) ;
#2735 = ORIENTED_EDGE ( 'NONE', *, *, #1358, .T. ) ;
#2736 = EDGE_CURVE ( 'NONE', #2956, #248, #155, .T. ) ;
#2737 = VECTOR ( 'NONE', #2807, 1000.000000000000000 ) ;
#2738 = CARTESIAN_POINT ( 'NONE',  ( -29.89253158039080915, -117.2288528313427491, 7.150000000000555467 ) ) ;
#2739 = VECTOR ( 'NONE', #2648, 1000.000000000000000 ) ;
#2740 = FACE_OUTER_BOUND ( 'NONE', #2177, .T. ) ;
#2741 = ORIENTED_EDGE ( 'NONE', *, *, #1706, .T. ) ;
#2742 = ORIENTED_EDGE ( 'NONE', *, *, #546, .F. ) ;
#2743 = DIRECTION ( 'NONE',  ( 7.885106708985487801E-17, 1.000000000000000000, 0.000000000000000000 ) ) ;
#2744 = AXIS2_PLACEMENT_3D ( 'NONE', #1093, #2151, #780 ) ;
#2745 = CARTESIAN_POINT ( 'NONE',  ( -15.24999999999913491, -3.399999999999942180, 21.69999999999999929 ) ) ;
#2746 = CARTESIAN_POINT ( 'NONE',  ( -12.81076898795030417, -14.59459271066767982, 3.150000000000555023 ) ) ;
#2747 = DIRECTION ( 'NONE',  ( 0.000000000000000000, 0.000000000000000000, 1.000000000000000000 ) ) ;
#2748 = CARTESIAN_POINT ( 'NONE',  ( -30.85554728175731398, -116.9594075513292069, 3.150000000000555023 ) ) ;
#2749 = ORIENTED_EDGE ( 'NONE', *, *, #2420, .T. ) ;
#2750 = CARTESIAN_POINT ( 'NONE',  ( 8.250000000000866862, -13.89999999999994351, 3.150000000000555023 ) ) ;
#2751 = VERTEX_POINT ( 'NONE', #1244 ) ;
#2752 = CARTESIAN_POINT ( 'NONE',  ( 15.25000000000087219, -1.374315785656584188, 10.25000000000056133 ) ) ;
#2753 = EDGE_LOOP ( 'NONE', ( #1225, #1191, #1719, #2031 ) ) ;
#2754 = CARTESIAN_POINT ( 'NONE',  ( 15.25000000000087397, -5.700000000000617462, 5.499999999998713918 ) ) ;
#2755 = ADVANCED_FACE ( 'NONE', ( #1497 ), #2813, .T. ) ;
#2756 = EDGE_CURVE ( 'NONE', #857, #3103, #2804, .T. ) ;
#2757 = CARTESIAN_POINT ( 'NONE',  ( 15.25000000000087219, 1.974315775643245230, 10.25000000000056133 ) ) ;
#2758 = EDGE_LOOP ( 'NONE', ( #177, #2270 ) ) ;
#2759 = CALENDAR_DATE ( 2026, 24, 6 ) ;
#2760 = VECTOR ( 'NONE', #1236, 1000.000000000000000 ) ;
#2761 = DIRECTION ( 'NONE',  ( 1.000000000000000000, -0.000000000000000000, -0.000000000000000000 ) ) ;
#2762 = CARTESIAN_POINT ( 'NONE',  ( -15.24999999999913491, 2.100000000000056044, 16.19999999999999929 ) ) ;
#2763 = ORIENTED_EDGE ( 'NONE', *, *, #2317, .T. ) ;
#2764 = DIRECTION ( 'NONE',  ( 1.000000000000000000, -0.000000000000000000, -0.000000000000000000 ) ) ;
#2765 = DIRECTION ( 'NONE',  ( 1.000000000000000000, 0.000000000000000000, 0.000000000000000000 ) ) ;
#2766 = DIRECTION ( 'NONE',  ( 0.1736481776669341615, 0.9848077530122073542, -0.000000000000000000 ) ) ;
#2767 = EDGE_LOOP ( 'NONE', ( #3424, #1634 ) ) ;
#2768 = DIRECTION ( 'NONE',  ( 0.000000000000000000, 0.000000000000000000, 1.000000000000000000 ) ) ;
#2769 = VERTEX_POINT ( 'NONE', #2075 ) ;
#2770 = CIRCLE ( 'NONE', #1880, 1.000000000000000000 ) ;
#2771 = CARTESIAN_POINT ( 'NONE',  ( 3.582228378777385203, -17.33716640099754613, 7.150000000000555467 ) ) ;
#2772 = ORIENTED_EDGE ( 'NONE', *, *, #1975, .F. ) ;
#2773 = CARTESIAN_POINT ( 'NONE',  ( -30.89253158039080915, -117.2288528313427491, 7.150000000000555467 ) ) ;
#2774 = CARTESIAN_POINT ( 'NONE',  ( -13.74999999999913491, -3.399999999999943512, 18.00000000000000355 ) ) ;
#2775 = AXIS2_PLACEMENT_3D ( 'NONE', #2226, #2450, #605 ) ;
#2776 = TOROIDAL_SURFACE ( 'NONE', #831, 1.000000000000000000, 4.000000000000000000 ) ;
#2777 = CARTESIAN_POINT ( 'NONE',  ( 12.73456751560201461, -24.76704265740639244, 25.15000000000055991 ) ) ;
#2778 = APPLICATION_PROTOCOL_DEFINITION ( 'international standard', 'config_control_design', 1994, #2338 ) ;
#2779 = ORIENTED_EDGE ( 'NONE', *, *, #2038, .T. ) ;
#2780 = PERSON_AND_ORGANIZATION_ROLE ( 'design_supplier' ) ;
#2781 = CIRCLE ( 'NONE', #280, 10.00000000000000178 ) ;
#2782 = DIRECTION ( 'NONE',  ( 1.000000000000000000, 0.000000000000000000, 0.000000000000000000 ) ) ;
#2783 = ADVANCED_FACE ( 'NONE', ( #3385 ), #1817, .T. ) ;
#2784 = CARTESIAN_POINT ( 'NONE',  ( -13.74999999999913491, 4.100000000000056488, 36.00000000000000000 ) ) ;
#2785 = EDGE_CURVE ( 'NONE', #2868, #1938, #754, .T. ) ;
#2786 = ORIENTED_EDGE ( 'NONE', *, *, #1978, .F. ) ;
#2787 = ORIENTED_EDGE ( 'NONE', *, *, #2692, .F. ) ;
#2788 = FACE_OUTER_BOUND ( 'NONE', #873, .T. ) ;
#2789 = CARTESIAN_POINT ( 'NONE',  ( -20.07657413928660617, -46.13545303818906973, 7.150000000000586553 ) ) ;
#2790 = CARTESIAN_POINT ( 'NONE',  ( 18.25000000000087397, -3.048631566306497565, 7.350000000000560973 ) ) ;
#2791 = ORIENTED_EDGE ( 'NONE', *, *, #1083, .T. ) ;
#2792 = CARTESIAN_POINT ( 'NONE',  ( -35.85129954336188263, -122.2288528313427634, 21.15000000000055991 ) ) ;
#2793 = VECTOR ( 'NONE', #2287, 1000.000000000000000 ) ;
#2794 = EDGE_LOOP ( 'NONE', ( #2742, #346, #482, #2772 ) ) ;
#2795 = DIRECTION ( 'NONE',  ( 1.000000000000000000, 0.000000000000000000, 0.000000000000000000 ) ) ;
#2796 = CIRCLE ( 'NONE', #962, 1.799999999999999600 ) ;
#2797 = ORIENTED_EDGE ( 'NONE', *, *, #2334, .T. ) ;
#2798 = FACE_OUTER_BOUND ( 'NONE', #486, .T. ) ;
#2799 = LINE ( 'NONE', #3331, #2335 ) ;
#2800 = CARTESIAN_POINT ( 'NONE',  ( -13.74999999999913491, -8.899999999999943512, 18.00000000000000000 ) ) ;
#2801 =( NAMED_UNIT ( * ) PLANE_ANGLE_UNIT ( ) SI_UNIT ( $, .RADIAN. ) );
#2802 = DATE_AND_TIME ( #398, #786 ) ;
#2803 = VECTOR ( 'NONE', #290, 1000.000000000000000 ) ;
#2804 = CIRCLE ( 'NONE', #2910, 1.799999999999999600 ) ;
#2805 = EDGE_CURVE ( 'NONE', #3255, #1563, #221, .T. ) ;
#2806 = DIRECTION ( 'NONE',  ( 0.000000000000000000, -1.000000000000000000, 0.000000000000000000 ) ) ;
#2807 = DIRECTION ( 'NONE',  ( 0.000000000000000000, 1.000000000000000000, 0.000000000000000000 ) ) ;
#2808 = ORIENTED_EDGE ( 'NONE', *, *, #1399, .T. ) ;
#2809 = ORIENTED_EDGE ( 'NONE', *, *, #2932, .F. ) ;
#2810 = EDGE_CURVE ( 'NONE', #2581, #1369, #2826, .T. ) ;
#2811 = ADVANCED_FACE ( 'NONE', ( #478 ), #190, .T. ) ;
#2812 = CARTESIAN_POINT ( 'NONE',  ( -15.24999999999913314, -3.399999999999943512, 11.50000000000000355 ) ) ;
#2813 = PLANE ( 'NONE',  #1856 ) ;
#2814 = ORIENTED_EDGE ( 'NONE', *, *, #957, .F. ) ;
#2815 = FACE_OUTER_BOUND ( 'NONE', #741, .T. ) ;
#2816 = VERTEX_POINT ( 'NONE', #1229 ) ;
#2817 = ORIENTED_EDGE ( 'NONE', *, *, #3345, .T. ) ;
#2818 = FACE_OUTER_BOUND ( 'NONE', #449, .T. ) ;
#2819 = DIRECTION ( 'NONE',  ( 0.1736481776669341059, 0.9848077530122075762, -0.000000000000000000 ) ) ;
#2820 = DIRECTION ( 'NONE',  ( -1.387778780781444413E-14, 0.000000000000000000, 1.000000000000000000 ) ) ;
#2821 = CARTESIAN_POINT ( 'NONE',  ( -6.876939494050947647E-16, 11.10000000000005649, 25.14142842854284865 ) ) ;
#2822 = FACE_OUTER_BOUND ( 'NONE', #3021, .T. ) ;
#2823 = AXIS2_PLACEMENT_3D ( 'NONE', #1158, #1704, #3075 ) ;
#2824 = ORIENTED_EDGE ( 'NONE', *, *, #1103, .T. ) ;
#2825 = DIRECTION ( 'NONE',  ( 1.000000000000000000, -0.000000000000000000, -0.000000000000000000 ) ) ;
#2826 = LINE ( 'NONE', #996, #1967 ) ;
#2827 = EDGE_CURVE ( 'NONE', #1352, #2588, #2549, .T. ) ;
#2828 = LINE ( 'NONE', #1818, #1129 ) ;
#2829 = DIRECTION ( 'NONE',  ( 1.000000000000000000, 0.000000000000000000, 0.000000000000000000 ) ) ;
#2830 = ORIENTED_EDGE ( 'NONE', *, *, #2891, .T. ) ;
#2831 = EDGE_LOOP ( 'NONE', ( #3417, #2470, #14, #1793, #121, #429 ) ) ;
#2832 = EDGE_CURVE ( 'NONE', #2300, #1382, #964, .T. ) ;
#2833 = DIRECTION ( 'NONE',  ( 1.000000000000000000, 0.000000000000000000, 0.000000000000000000 ) ) ;
#2834 = AXIS2_PLACEMENT_3D ( 'NONE', #3020, #78, #348 ) ;
#2835 = FACE_BOUND ( 'NONE', #2699, .T. ) ;
#2836 = CIRCLE ( 'NONE', #830, 1.499999999999999556 ) ;
#2837 = CARTESIAN_POINT ( 'NONE',  ( -13.74999999999913491, 2.100000000000056044, 18.00000000000000000 ) ) ;
#2838 = CARTESIAN_POINT ( 'NONE',  ( 18.25000000000087397, -1.374315785656583966, 10.25000000000056133 ) ) ;
#2839 = EDGE_LOOP ( 'NONE', ( #2652, #2660, #3216, #2361 ) ) ;
#2840 = CIRCLE ( 'NONE', #269, 5.000000000000000000 ) ;
#2841 = EDGE_CURVE ( 'NONE', #375, #594, #462, .T. ) ;
#2842 = AXIS2_PLACEMENT_3D ( 'NONE', #3421, #1342, #1362 ) ;
#2843 = CARTESIAN_POINT ( 'NONE',  ( -35.85129954336188263, -122.2288528313427634, 3.150000000000555023 ) ) ;
#2844 = VERTEX_POINT ( 'NONE', #173 ) ;
#2845 = DIRECTION ( 'NONE',  ( -0.000000000000000000, -0.000000000000000000, -1.000000000000000000 ) ) ;
#2846 = ORGANIZATION ( '未指定', '未指定', '' ) ;
#2847 = ADVANCED_FACE ( 'NONE', ( #3086 ), #2319, .F. ) ;
#2848 = ORIENTED_EDGE ( 'NONE', *, *, #847, .T. ) ;
#2849 = ORIENTED_EDGE ( 'NONE', *, *, #1828, .F. ) ;
#2850 = CIRCLE ( 'NONE', #891, 1.000000000000000888 ) ;
#2851 = AXIS2_PLACEMENT_3D ( 'NONE', #3246, #1329, #872 ) ;
#2852 = CARTESIAN_POINT ( 'NONE',  ( -13.74999999999913491, -3.399999999999943512, 12.50000000000000178 ) ) ;
#2853 = ADVANCED_FACE ( 'NONE', ( #2039 ), #493, .F. ) ;
#2854 = ADVANCED_FACE ( 'NONE', ( #1533 ), #1263, .T. ) ;
#2855 = ORIENTED_EDGE ( 'NONE', *, *, #1524, .T. ) ;
#2856 = DIRECTION ( 'NONE',  ( 7.885106708985487801E-17, 1.000000000000000000, 0.000000000000000000 ) ) ;
#2857 = DIRECTION ( 'NONE',  ( 0.1736481776669341615, 0.9848077530122073542, 0.000000000000000000 ) ) ;
#2858 = CYLINDRICAL_SURFACE ( 'NONE', #354, 1.799999999999999600 ) ;
#2859 = EDGE_LOOP ( 'NONE', ( #1936, #433 ) ) ;
#2860 = PLANE ( 'NONE',  #3401 ) ;
#2861 = VERTEX_POINT ( 'NONE', #2863 ) ;
#2862 = CIRCLE ( 'NONE', #181, 1.000000000000000000 ) ;
#2863 = CARTESIAN_POINT ( 'NONE',  ( 17.25000000000087041, 4.877777772214800578, 35.96970720417849776 ) ) ;
#2864 = DIRECTION ( 'NONE',  ( 1.577021341797097560E-16, -1.000000000000000000, 0.000000000000000000 ) ) ;
#2865 = VECTOR ( 'NONE', #1606, 1000.000000000000000 ) ;
#2866 = DIRECTION ( 'NONE',  ( 0.000000000000000000, 0.000000000000000000, 1.000000000000000000 ) ) ;
#2867 = DIRECTION ( 'NONE',  ( -0.000000000000000000, -0.000000000000000000, -1.000000000000000000 ) ) ;
#2868 = VERTEX_POINT ( 'NONE', #1296 ) ;
#2869 = ORIENTED_EDGE ( 'NONE', *, *, #1235, .F. ) ;
#2870 = CYLINDRICAL_SURFACE ( 'NONE', #3157, 1.799999999999999600 ) ;
#2871 = DIRECTION ( 'NONE',  ( -0.000000000000000000, -1.000000000000000000, -0.000000000000000000 ) ) ;
#2872 = ORIENTED_EDGE ( 'NONE', *, *, #745, .T. ) ;
#2873 = EDGE_CURVE ( 'NONE', #1245, #333, #2355, .T. ) ;
#2874 = CARTESIAN_POINT ( 'NONE',  ( -13.74999999999913491, -3.399999999999943512, 19.60000000000000142 ) ) ;
#2875 = ORIENTED_EDGE ( 'NONE', *, *, #2002, .T. ) ;
#2876 = CYLINDRICAL_SURFACE ( 'NONE', #287, 5.000000000000000888 ) ;
#2877 = EDGE_LOOP ( 'NONE', ( #56, #952, #3350, #1252 ) ) ;
#2878 = EDGE_CURVE ( 'NONE', #1468, #935, #2337, .T. ) ;
#2879 = VECTOR ( 'NONE', #720, 1000.000000000000000 ) ;
#2880 = DIRECTION ( 'NONE',  ( -0.000000000000000000, -0.000000000000000000, -1.000000000000000000 ) ) ;
#2881 = CARTESIAN_POINT ( 'NONE',  ( 0.000000000000000000, -118.2288528313427491, 21.15000000000055991 ) ) ;
#2882 = CARTESIAN_POINT ( 'NONE',  ( -13.74999999999913491, -3.899999999999943512, 25.99999999999999645 ) ) ;
#2883 = CARTESIAN_POINT ( 'NONE',  ( -20.07657413928660617, -46.13545303818906973, 21.15000000000058478 ) ) ;
#2884 = EDGE_LOOP ( 'NONE', ( #1206, #2913, #1700, #2196 ) ) ;
#2885 = CARTESIAN_POINT ( 'NONE',  ( -30.89253158039080915, -117.2288528313427491, 3.150000000000555023 ) ) ;
#2886 = CARTESIAN_POINT ( 'NONE',  ( -20.92471613209713155, -37.57599170203148020, 21.15000000000055635 ) ) ;
#2887 = EDGE_LOOP ( 'NONE', ( #1689, #3441, #1346, #1872 ) ) ;
#2888 = DIRECTION ( 'NONE',  ( -0.9954746860379051210, 0.09502709854422726476, 0.000000000000000000 ) ) ;
#2889 = VERTEX_POINT ( 'NONE', #2416 ) ;
#2890 = VECTOR ( 'NONE', #1377, 1000.000000000000000 ) ;
#2891 = EDGE_CURVE ( 'NONE', #898, #358, #570, .T. ) ;
#2892 = EDGE_CURVE ( 'NONE', #1245, #2479, #3025, .T. ) ;
#2893 = DIRECTION ( 'NONE',  ( -1.000000000000000000, 0.000000000000000000, 0.000000000000000000 ) ) ;
#2894 = CYLINDRICAL_SURFACE ( 'NONE', #517, 1.000000000000000000 ) ;
#2895 = CARTESIAN_POINT ( 'NONE',  ( -15.24999999999913491, -8.899999999999943512, 18.00000000000000000 ) ) ;
#2896 = DIRECTION ( 'NONE',  ( 0.000000000000000000, 0.000000000000000000, 1.000000000000000000 ) ) ;
#2897 = ORIENTED_EDGE ( 'NONE', *, *, #3330, .F. ) ;
#2898 = VERTEX_POINT ( 'NONE', #1373 ) ;
#2899 = DIRECTION ( 'NONE',  ( -6.195440985631452852E-17, 1.000000000000000000, -0.000000000000000000 ) ) ;
#2900 = ORIENTED_EDGE ( 'NONE', *, *, #1119, .T. ) ;
#2901 = AXIS2_PLACEMENT_3D ( 'NONE', #1169, #2208, #963 ) ;
#2902 = CIRCLE ( 'NONE', #2676, 7.999999999999998224 ) ;
#2903 = CYLINDRICAL_SURFACE ( 'NONE', #1796, 1.000000000000000888 ) ;
#2904 =( BOUNDED_CURVE ( )  B_SPLINE_CURVE ( 3, ( #1822, #1004, #2624, #451 ),
 .UNSPECIFIED., .F., .T. ) 
 B_SPLINE_CURVE_WITH_KNOTS ( ( 4, 4 ),
 ( 3.141592653589793116, 4.712388980384689674 ),
 .UNSPECIFIED. ) 
 CURVE ( )  GEOMETRIC_REPRESENTATION_ITEM ( )  RATIONAL_B_SPLINE_CURVE ( ( 1.000000000000000000, 0.8047378541243649375, 0.8047378541243649375, 1.000000000000000000 ) ) 
 REPRESENTATION_ITEM ( '' )  );
#2905 = ORIENTED_EDGE ( 'NONE', *, *, #1258, .T. ) ;
#2906 = AXIS2_PLACEMENT_3D ( 'NONE', #709, #2053, #1562 ) ;
#2907 = DIRECTION ( 'NONE',  ( -1.000000000000000000, 0.000000000000000000, 0.000000000000000000 ) ) ;
#2908 = DIRECTION ( 'NONE',  ( 0.9954746860379050100, -0.09502709854422759783, 0.000000000000000000 ) ) ;
#2909 = ADVANCED_FACE ( 'NONE', ( #21 ), #2632, .T. ) ;
#2910 = AXIS2_PLACEMENT_3D ( 'NONE', #2584, #1782, #3403 ) ;
#2911 = CYLINDRICAL_SURFACE ( 'NONE', #1060, 3.999999999999999556 ) ;
#2912 = CARTESIAN_POINT ( 'NONE',  ( -23.64281738794551657, -41.40106538878517028, 3.150000000000555023 ) ) ;
#2913 = ORIENTED_EDGE ( 'NONE', *, *, #1475, .F. ) ;
#2914 = CARTESIAN_POINT ( 'NONE',  ( 7.550003508321084134, 14.10000000000005649, 11.14142842854284865 ) ) ;
#2915 = ORIENTED_EDGE ( 'NONE', *, *, #883, .T. ) ;
#2916 = CARTESIAN_POINT ( 'NONE',  ( 18.25000000000087397, 0.2999999949933280230, 8.850000000000560973 ) ) ;
#2917 = AXIS2_PLACEMENT_3D ( 'NONE', #1354, #2888, #235 ) ;
#2918 = ORIENTED_EDGE ( 'NONE', *, *, #2810, .F. ) ;
#2919 = DIRECTION ( 'NONE',  ( 0.000000000000000000, 0.000000000000000000, 1.000000000000000000 ) ) ;
#2920 = ORIENTED_EDGE ( 'NONE', *, *, #331, .F. ) ;
#2921 = CYLINDRICAL_SURFACE ( 'NONE', #2684, 4.000000000000000000 ) ;
#2922 = FACE_BOUND ( 'NONE', #1386, .T. ) ;
#2923 = CARTESIAN_POINT ( 'NONE',  ( -15.24999999999913491, 2.100000000000056488, 19.79999999999999716 ) ) ;
#2924 = CARTESIAN_POINT ( 'NONE',  ( -16.74999999999913314, -3.399999999999943512, 16.40000000000000213 ) ) ;
#2925 = ORIENTED_EDGE ( 'NONE', *, *, #2736, .T. ) ;
#2926 = CARTESIAN_POINT ( 'NONE',  ( -31.11466943676326835, -116.9123266863397959, 3.156466670414244113 ) ) ;
#2927 = VERTEX_POINT ( 'NONE', #3151 ) ;
#2928 = AXIS2_PLACEMENT_3D ( 'NONE', #1824, #760, #2608 ) ;
#2929 = CARTESIAN_POINT ( 'NONE',  ( -13.74999999999913491, -8.899999999999943512, 18.00000000000000000 ) ) ;
#2930 = EDGE_CURVE ( 'NONE', #1870, #2681, #302, .T. ) ;
#2931 = ORIENTED_EDGE ( 'NONE', *, *, #1868, .F. ) ;
#2932 = EDGE_CURVE ( 'NONE', #488, #747, #2181, .T. ) ;
#2933 = CARTESIAN_POINT ( 'NONE',  ( 8.250000000000866862, -13.89999999999994351, 25.15000000000055991 ) ) ;
#2934 = EDGE_LOOP ( 'NONE', ( #1114, #577, #2138, #636 ) ) ;
#2935 = AXIS2_PLACEMENT_3D ( 'NONE', #3342, #1791, #2571 ) ;
#2936 = LINE ( 'NONE', #1626, #2966 ) ;
#2937 = EDGE_CURVE ( 'NONE', #2600, #1995, #11, .T. ) ;
#2938 = DIRECTION ( 'NONE',  ( -0.000000000000000000, -1.000000000000000000, -0.000000000000000000 ) ) ;
#2939 = FACE_OUTER_BOUND ( 'NONE', #1548, .T. ) ;
#2940 = AXIS2_PLACEMENT_3D ( 'NONE', #2995, #473, #1546 ) ;
#2941 = AXIS2_PLACEMENT_3D ( 'NONE', #3070, #684, #1685 ) ;
#2942 = PLANE ( 'NONE',  #1959 ) ;
#2943 = VERTEX_POINT ( 'NONE', #2677 ) ;
#2944 = CARTESIAN_POINT ( 'NONE',  ( -17.33020048645542488, -40.22556240314679599, 25.15000000000055991 ) ) ;
#2945 = ORIENTED_EDGE ( 'NONE', *, *, #1727, .T. ) ;
#2946 = CIRCLE ( 'NONE', #606, 1.000000000000000000 ) ;
#2947 = AXIS2_PLACEMENT_3D ( 'NONE', #3152, #254, #771 ) ;
#2948 = DIRECTION ( 'NONE',  ( -0.000000000000000000, 0.000000000000000000, 1.000000000000000000 ) ) ;
#2949 = ORIENTED_EDGE ( 'NONE', *, *, #356, .T. ) ;
#2950 = EDGE_CURVE ( 'NONE', #1789, #646, #2631, .T. ) ;
#2951 = ADVANCED_FACE ( 'NONE', ( #1361 ), #2921, .T. ) ;
#2952 = LOCAL_TIME ( 15, 33, 16.00000000000000000, #2989 ) ;
#2953 = DIRECTION ( 'NONE',  ( 0.000000000000000000, -6.938893903907222067E-15, 1.000000000000000000 ) ) ;
#2954 = CIRCLE ( 'NONE', #563, 3.999999999999999556 ) ;
#2955 = ORIENTED_EDGE ( 'NONE', *, *, #2252, .T. ) ;
#2956 = VERTEX_POINT ( 'NONE', #2154 ) ;
#2957 = CIRCLE ( 'NONE', #1467, 10.00000000000000000 ) ;
#2958 = CARTESIAN_POINT ( 'NONE',  ( -16.74999999999913314, -13.89999999999994351, 21.15000000000055991 ) ) ;
#2959 = LINE ( 'NONE', #787, #1307 ) ;
#2960 = LINE ( 'NONE', #2695, #1942 ) ;
#2961 = DIRECTION ( 'NONE',  ( 0.000000000000000000, 0.000000000000000000, 1.000000000000000000 ) ) ;
#2962 = ORIENTED_EDGE ( 'NONE', *, *, #1831, .F. ) ;
#2963 = CARTESIAN_POINT ( 'NONE',  ( -34.69002642901104849, -116.3778085582467270, 6.114376649267450503 ) ) ;
#2964 = VERTEX_POINT ( 'NONE', #3420 ) ;
#2965 = AXIS2_PLACEMENT_3D ( 'NONE', #1298, #2356, #1230 ) ;
#2966 = VECTOR ( 'NONE', #87, 1000.000000000000000 ) ;
#2967 = VECTOR ( 'NONE', #176, 1000.000000000000000 ) ;
#2968 = DIRECTION ( 'NONE',  ( 0.000000000000000000, -1.000000000000000000, 0.000000000000000000 ) ) ;
#2969 = EDGE_LOOP ( 'NONE', ( #391, #2674, #3231, #41 ) ) ;
#2970 = TOROIDAL_SURFACE ( 'NONE', #1487, 1.000000000000000000, 4.000000000000000000 ) ;
#2971 = DIRECTION ( 'NONE',  ( -0.1736481776669340782, -0.9848077530122073542, 0.000000000000000000 ) ) ;
#2972 = EDGE_CURVE ( 'NONE', #2146, #930, #2024, .T. ) ;
#2973 = VERTEX_POINT ( 'NONE', #1341 ) ;
#2974 = EDGE_CURVE ( 'NONE', #3317, #678, #785, .T. ) ;
#2975 = DIRECTION ( 'NONE',  ( 0.000000000000000000, 0.000000000000000000, -1.000000000000000000 ) ) ;
#2976 = DIRECTION ( 'NONE',  ( 0.1736481776669340782, 0.9848077530122073542, -0.000000000000000000 ) ) ;
#2977 = AXIS2_PLACEMENT_3D ( 'NONE', #1734, #1659, #1393 ) ;
#2978 = CARTESIAN_POINT ( 'NONE',  ( 5.328075372209283955, -13.89999999999994174, 25.15000000000055991 ) ) ;
#2979 = VERTEX_POINT ( 'NONE', #503 ) ;
#2980 = CARTESIAN_POINT ( 'NONE',  ( -16.74999999999913314, -13.89999999999994351, 36.00000000000000000 ) ) ;
#2981 = ORIENTED_EDGE ( 'NONE', *, *, #3308, .T. ) ;
#2982 = CIRCLE ( 'NONE', #435, 1.000000000000000000 ) ;
#2983 = CARTESIAN_POINT ( 'NONE',  ( 7.521459390826212399, -18.03175911166528422, 3.150000000000555023 ) ) ;
#2984 = ORIENTED_EDGE ( 'NONE', *, *, #979, .T. ) ;
#2985 = CIRCLE ( 'NONE', #1928, 1.799999999999999600 ) ;
#2986 = DIRECTION ( 'NONE',  ( -1.000000000000000000, -0.000000000000000000, -0.000000000000000000 ) ) ;
#2987 = ORIENTED_EDGE ( 'NONE', *, *, #1350, .T. ) ;
#2988 = VERTEX_POINT ( 'NONE', #2404 ) ;
#2989 = COORDINATED_UNIVERSAL_TIME_OFFSET ( 8, 0, .AHEAD. ) ;
#2990 = DIRECTION ( 'NONE',  ( -6.987509761568186270E-17, 0.8660254037844387076, 0.4999999999999999445 ) ) ;
#2991 = CARTESIAN_POINT ( 'NONE',  ( 18.25000000000087397, 1.974315775643245674, 10.25000000000056133 ) ) ;
#2992 = CIRCLE ( 'NONE', #597, 4.000000000000000888 ) ;
#2993 = DIRECTION ( 'NONE',  ( -0.000000000000000000, -1.000000000000000000, 0.000000000000000000 ) ) ;
#2994 = EDGE_CURVE ( 'NONE', #84, #2184, #1749, .T. ) ;
#2995 = CARTESIAN_POINT ( 'NONE',  ( 18.25000000000087397, 0.2999999949933278565, 7.350000000000560973 ) ) ;
#2996 = EDGE_CURVE ( 'NONE', #1821, #961, #2386, .T. ) ;
#2997 = DIRECTION ( 'NONE',  ( 0.000000000000000000, 0.000000000000000000, -1.000000000000000000 ) ) ;
#2998 = ORIENTED_EDGE ( 'NONE', *, *, #264, .F. ) ;
#2999 = CARTESIAN_POINT ( 'NONE',  ( 17.25000000000087041, 8.999999999999442224, 21.69999999999983942 ) ) ;
#3000 = EDGE_LOOP ( 'NONE', ( #1215, #1809, #1550, #1357 ) ) ;
#3001 = AXIS2_PLACEMENT_3D ( 'NONE', #364, #2190, #2506 ) ;
#3002 = CARTESIAN_POINT ( 'NONE',  ( -15.24999999999913491, -3.399999999999943512, 10.70000000000000284 ) ) ;
#3003 = ORIENTED_EDGE ( 'NONE', *, *, #846, .T. ) ;
#3004 = VECTOR ( 'NONE', #670, 1000.000000000000227 ) ;
#3005 = DIRECTION ( 'NONE',  ( 0.000000000000000000, -1.000000000000000000, 0.000000000000000000 ) ) ;
#3006 = AXIS2_PLACEMENT_3D ( 'NONE', #3259, #1110, #2189 ) ;
#3007 = LINE ( 'NONE', #1926, #3115 ) ;
#3008 = ORIENTED_EDGE ( 'NONE', *, *, #1384, .T. ) ;
#3009 = LOCAL_TIME ( 15, 33, 16.00000000000000000, #941 ) ;
#3010 = DIRECTION ( 'NONE',  ( 0.000000000000000000, 0.000000000000000000, 1.000000000000000000 ) ) ;
#3011 = DIRECTION ( 'NONE',  ( -1.000000000000000000, -0.000000000000000000, -0.000000000000000000 ) ) ;
#3012 = DIRECTION ( 'NONE',  ( 0.000000000000000000, 0.000000000000000000, 1.000000000000000000 ) ) ;
#3013 = VECTOR ( 'NONE', #292, 1000.000000000000000 ) ;
#3014 = DIRECTION ( 'NONE',  ( 0.9848077530122074652, -0.1736481776669341892, 0.000000000000000000 ) ) ;
#3015 = DIRECTION ( 'NONE',  ( 1.000000000000000000, 0.000000000000000000, 0.000000000000000000 ) ) ;
#3016 = EDGE_LOOP ( 'NONE', ( #69, #3381, #2602, #3283 ) ) ;
#3017 = LINE ( 'NONE', #948, #705 ) ;
#3018 = EDGE_CURVE ( 'NONE', #77, #1352, #9, .T. ) ;
#3019 = ORIENTED_EDGE ( 'NONE', *, *, #1063, .T. ) ;
#3020 = CARTESIAN_POINT ( 'NONE',  ( 15.25000000000086864, -13.89999999999994351, 2.000000000000001776 ) ) ;
#3021 = EDGE_LOOP ( 'NONE', ( #1318, #2587, #2425, #2791 ) ) ;
#3022 = AXIS2_PLACEMENT_3D ( 'NONE', #639, #1948, #621 ) ;
#3023 = LINE ( 'NONE', #1761, #777 ) ;
#3024 = PLANE ( 'NONE',  #1873 ) ;
#3025 = CIRCLE ( 'NONE', #800, 1.000000000000000888 ) ;
#3026 = CARTESIAN_POINT ( 'NONE',  ( -9.928654690918861547, 1.750689704146699111, 25.15000000000055991 ) ) ;
#3027 = VERTEX_POINT ( 'NONE', #3165 ) ;
#3028 = DIRECTION ( 'NONE',  ( 1.000000000000000000, 0.000000000000000000, 0.000000000000000000 ) ) ;
#3029 = CARTESIAN_POINT ( 'NONE',  ( 17.25000000000087041, 0.2999999949937874888, 24.97999999378772173 ) ) ;
#3030 = ORIENTED_EDGE ( 'NONE', *, *, #1682, .F. ) ;
#3031 = CARTESIAN_POINT ( 'NONE',  ( -30.85554728175731753, -116.9594075513292069, 25.15000000000055991 ) ) ;
#3032 = FACE_OUTER_BOUND ( 'NONE', #730, .T. ) ;
#3033 = ORIENTED_EDGE ( 'NONE', *, *, #767, .T. ) ;
#3034 = CARTESIAN_POINT ( 'NONE',  ( 17.25000000000087041, 14.10000000000005649, 2.000000000000001776 ) ) ;
#3035 = ORIENTED_EDGE ( 'NONE', *, *, #1912, .F. ) ;
#3036 = CARTESIAN_POINT ( 'NONE',  ( 15.25000000000087397, 4.877777772214800578, 35.96970720417849776 ) ) ;
#3037 = VERTEX_POINT ( 'NONE', #1846 ) ;
#3038 = CARTESIAN_POINT ( 'NONE',  ( -16.74999999999913314, -3.399999999999942180, 23.50000000000000000 ) ) ;
#3039 = LINE ( 'NONE', #3057, #779 ) ;
#3040 = ADVANCED_FACE ( 'NONE', ( #1594 ), #1325, .F. ) ;
#3041 = CARTESIAN_POINT ( 'NONE',  ( -20.92471613209712089, -37.57599170203147310, 23.49314575050818021 ) ) ;
#3042 = DIRECTION ( 'NONE',  ( 1.000000000000000000, 0.000000000000000000, 0.000000000000000000 ) ) ;
#3043 = ORIENTED_EDGE ( 'NONE', *, *, #2932, .T. ) ;
#3044 = FACE_OUTER_BOUND ( 'NONE', #545, .T. ) ;
#3045 = LINE ( 'NONE', #2745, #3344 ) ;
#3046 = EDGE_LOOP ( 'NONE', ( #3142, #1242, #699, #1888 ) ) ;
#3047 = FACE_OUTER_BOUND ( 'NONE', #548, .T. ) ;
#3048 = CARTESIAN_POINT ( 'NONE',  ( 15.25000000000087219, -4.200000005006672588, 34.99499861017198299 ) ) ;
#3049 = DIRECTION ( 'NONE',  ( 0.000000000000000000, -0.000000000000000000, 1.000000000000000000 ) ) ;
#3050 = EDGE_LOOP ( 'NONE', ( #1765, #1750 ) ) ;
#3051 = LINE ( 'NONE', #2750, #2235 ) ;
#3052 = VERTEX_POINT ( 'NONE', #3179 ) ;
#3053 = DIRECTION ( 'NONE',  ( 1.000000000000000000, 0.000000000000000000, 0.000000000000000000 ) ) ;
#3054 = ORIENTED_EDGE ( 'NONE', *, *, #1544, .F. ) ;
#3055 = LINE ( 'NONE', #953, #2372 ) ;
#3056 = CC_DESIGN_PERSON_AND_ORGANIZATION_ASSIGNMENT ( #2296, #3313, ( #2273 ) ) ;
#3057 = CARTESIAN_POINT ( 'NONE',  ( 18.25000000000087397, -3.048631566306497565, 7.350000000000560973 ) ) ;
#3058 = CARTESIAN_POINT ( 'NONE',  ( -13.74999999999913491, -8.899999999999943512, 16.19999999999999929 ) ) ;
#3059 = DIRECTION ( 'NONE',  ( 1.000000000000000000, -7.885106708985487801E-17, 0.000000000000000000 ) ) ;
#3060 = EDGE_CURVE ( 'NONE', #313, #2083, #2936, .T. ) ;
#3061 = EDGE_CURVE ( 'NONE', #1426, #2630, #867, .T. ) ;
#3062 = CARTESIAN_POINT ( 'NONE',  ( -15.24999999999913314, -8.899999999999943512, 18.00000000000000000 ) ) ;
#3063 = CARTESIAN_POINT ( 'NONE',  ( 17.25000000000087041, -4.233333338896309250, 35.99444290019108905 ) ) ;
#3064 = ORIENTED_EDGE ( 'NONE', *, *, #165, .F. ) ;
#3065 = ORIENTED_EDGE ( 'NONE', *, *, #2064, .T. ) ;
#3066 = CARTESIAN_POINT ( 'NONE',  ( -13.74999999999913491, -10.89999999999994529, 1.499999999999994449 ) ) ;
#3067 = DIRECTION ( 'NONE',  ( 0.000000000000000000, 0.000000000000000000, 1.000000000000000000 ) ) ;
#3068 = VECTOR ( 'NONE', #2782, 1000.000000000000000 ) ;
#3069 = ORIENTED_EDGE ( 'NONE', *, *, #2334, .F. ) ;
#3070 = CARTESIAN_POINT ( 'NONE',  ( 7.550003508321084134, 4.100000000000056488, 11.14142842854284865 ) ) ;
#3071 = AXIS2_PLACEMENT_3D ( 'NONE', #386, #3284, #3067 ) ;
#3072 = VERTEX_POINT ( 'NONE', #131 ) ;
#3073 = VERTEX_POINT ( 'NONE', #1932 ) ;
#3074 = CARTESIAN_POINT ( 'NONE',  ( -16.74999999999913314, -13.89999999999994351, 36.00000000000000000 ) ) ;
#3075 = DIRECTION ( 'NONE',  ( 1.000000000000000000, 0.000000000000000000, 0.000000000000000000 ) ) ;
#3076 = AXIS2_PLACEMENT_3D ( 'NONE', #238, #3209, #2110 ) ;
#3077 = CARTESIAN_POINT ( 'NONE',  ( -13.74999999999913491, 1.084202172485436198E-15, 1.499999999999994449 ) ) ;
#3078 = AXIS2_PLACEMENT_3D ( 'NONE', #536, #1109, #1608 ) ;
#3079 = CARTESIAN_POINT ( 'NONE',  ( -13.74999999999913491, 1.084202172485436198E-15, 36.00000000000000000 ) ) ;
#3080 = CARTESIAN_POINT ( 'NONE',  ( 19.75000000000086686, 0.2999999949933278565, 7.350000000000560973 ) ) ;
#3081 = ORIENTED_EDGE ( 'NONE', *, *, #247, .T. ) ;
#3082 = VECTOR ( 'NONE', #169, 1000.000000000000000 ) ;
#3083 = EDGE_CURVE ( 'NONE', #961, #2472, #2582, .T. ) ;
#3084 = EDGE_CURVE ( 'NONE', #2844, #2605, #2523, .T. ) ;
#3085 = CARTESIAN_POINT ( 'NONE',  ( 24.29999999999970584, 8.999999999999442224, 20.69999999999994245 ) ) ;
#3086 = FACE_OUTER_BOUND ( 'NONE', #1233, .T. ) ;
#3087 = DIRECTION ( 'NONE',  ( -1.000000000000000000, -1.577021341797097560E-16, 0.000000000000000000 ) ) ;
#3088 = FACE_BOUND ( 'NONE', #1542, .T. ) ;
#3089 = EDGE_LOOP ( 'NONE', ( #843, #33, #1074, #1814 ) ) ;
#3090 = ORIENTED_EDGE ( 'NONE', *, *, #1042, .T. ) ;
#3091 = LINE ( 'NONE', #703, #3375 ) ;
#3092 = CARTESIAN_POINT ( 'NONE',  ( 7.250000000000868638, -3.200000005006673032, 31.58324958071143840 ) ) ;
#3093 = PERSON_AND_ORGANIZATION ( #298, #2846 ) ;
#3094 = DIRECTION ( 'NONE',  ( 0.000000000000000000, 0.000000000000000000, -1.000000000000000000 ) ) ;
#3095 = FACE_OUTER_BOUND ( 'NONE', #2831, .T. ) ;
#3096 = AXIS2_PLACEMENT_3D ( 'NONE', #2774, #2517, #937 ) ;
#3097 = ORIENTED_EDGE ( 'NONE', *, *, #471, .T. ) ;
#3098 = CARTESIAN_POINT ( 'NONE',  ( -6.949999999999125322, 4.100000000000056488, 11.14142842854284865 ) ) ;
#3099 = LINE ( 'NONE', #2057, #2635 ) ;
#3100 = ADVANCED_FACE ( 'NONE', ( #2243 ), #379, .F. ) ;
#3101 = EDGE_CURVE ( 'NONE', #2472, #961, #1353, .T. ) ;
#3102 = CARTESIAN_POINT ( 'NONE',  ( 15.25000000000087219, -1.374315785656583522, 4.450000000000562395 ) ) ;
#3103 = VERTEX_POINT ( 'NONE', #2762 ) ;
#3104 = ORIENTED_EDGE ( 'NONE', *, *, #2996, .F. ) ;
#3105 = CARTESIAN_POINT ( 'NONE',  ( -15.24999999999913491, -3.399999999999943068, 14.30000000000000249 ) ) ;
#3106 = LINE ( 'NONE', #1558, #307 ) ;
#3107 = ORIENTED_EDGE ( 'NONE', *, *, #1448, .T. ) ;
#3108 = VECTOR ( 'NONE', #1431, 1000.000000000000000 ) ;
#3109 = CARTESIAN_POINT ( 'NONE',  ( 15.25000000000087397, -3.200000005006673476, 32.77422862784739976 ) ) ;
#3110 = CYLINDRICAL_SURFACE ( 'NONE', #129, 1.799999999999999600 ) ;
#3111 = EDGE_LOOP ( 'NONE', ( #1485, #2642, #1501, #500 ) ) ;
#3112 = DIRECTION ( 'NONE',  ( 1.000000000000000000, 0.000000000000000000, 0.000000000000000000 ) ) ;
#3113 = ORIENTED_EDGE ( 'NONE', *, *, #1254, .F. ) ;
#3114 = VECTOR ( 'NONE', #1315, 1000.000000000000000 ) ;
#3115 = VECTOR ( 'NONE', #598, 1000.000000000000000 ) ;
#3116 = CARTESIAN_POINT ( 'NONE',  ( 12.73456751560201461, -24.76704265740639244, 7.150000000000555467 ) ) ;
#3117 = CARTESIAN_POINT ( 'NONE',  ( 15.25000000000087041, 11.10000000000005649, 1.499999999999994449 ) ) ;
#3118 = CARTESIAN_POINT ( 'NONE',  ( -16.74999999999913314, 4.799999994993326524, 34.97273648376064870 ) ) ;
#3119 = DIRECTION ( 'NONE',  ( 1.000000000000000000, -7.885106708985487801E-17, 0.000000000000000000 ) ) ;
#3120 = VERTEX_POINT ( 'NONE', #1694 ) ;
#3121 = VECTOR ( 'NONE', #2507, 1000.000000000000000 ) ;
#3122 = EDGE_CURVE ( 'NONE', #1632, #2175, #925, .T. ) ;
#3123 = EDGE_LOOP ( 'NONE', ( #1857, #1774, #2218, #1334, #262, #1612 ) ) ;
#3124 = EDGE_CURVE ( 'NONE', #3297, #1825, #2077, .T. ) ;
#3125 = CIRCLE ( 'NONE', #167, 8.000000000000000000 ) ;
#3126 = FACE_OUTER_BOUND ( 'NONE', #1049, .T. ) ;
#3127 = CIRCLE ( 'NONE', #2018, 1.000000000000000000 ) ;
#3128 = DIRECTION ( 'NONE',  ( 1.000000000000000000, -0.000000000000000000, -0.000000000000000000 ) ) ;
#3129 = VERTEX_POINT ( 'NONE', #2447 ) ;
#3130 = EDGE_CURVE ( 'NONE', #2265, #397, #1077, .T. ) ;
#3131 = CARTESIAN_POINT ( 'NONE',  ( -15.24999999999913491, -8.899999999999943512, 18.00000000000000000 ) ) ;
#3132 = ORIENTED_EDGE ( 'NONE', *, *, #3257, .F. ) ;
#3133 = FACE_BOUND ( 'NONE', #1976, .T. ) ;
#3134 = VERTEX_POINT ( 'NONE', #1658 ) ;
#3135 = AXIS2_PLACEMENT_3D ( 'NONE', #1147, #2204, #1429 ) ;
#3136 = CIRCLE ( 'NONE', #1481, 1.000000000000000888 ) ;
#3137 = DIRECTION ( 'NONE',  ( 0.000000000000000000, -1.000000000000000000, 0.000000000000000000 ) ) ;
#3138 = FACE_OUTER_BOUND ( 'NONE', #511, .T. ) ;
#3139 = VECTOR ( 'NONE', #2948, 1000.000000000000000 ) ;
#3140 = LINE ( 'NONE', #3153, #721 ) ;
#3141 = LINE ( 'NONE', #420, #2342 ) ;
#3142 = ORIENTED_EDGE ( 'NONE', *, *, #2420, .F. ) ;
#3143 = CARTESIAN_POINT ( 'NONE',  ( 15.25000000000087397, -10.89999999999994529, 1.499999999999994449 ) ) ;
#3144 = CARTESIAN_POINT ( 'NONE',  ( -19.43581900151004405, -38.67347982089981429, 3.150000000000550138 ) ) ;
#3145 = ORIENTED_EDGE ( 'NONE', *, *, #3303, .T. ) ;
#3146 = EDGE_CURVE ( 'NONE', #2964, #375, #586, .T. ) ;
#3147 = EDGE_CURVE ( 'NONE', #2348, #2729, #569, .T. ) ;
#3148 = CARTESIAN_POINT ( 'NONE',  ( 19.75000000000086686, 0.2999999949933278565, 12.35000000000056275 ) ) ;
#3149 = ORIENTED_EDGE ( 'NONE', *, *, #1092, .T. ) ;
#3150 = VECTOR ( 'NONE', #2067, 1000.000000000000000 ) ;
#3151 = CARTESIAN_POINT ( 'NONE',  ( -14.06198994623606779, -117.4025010090096828, 25.15000000000055991 ) ) ;
#3152 = CARTESIAN_POINT ( 'NONE',  ( -15.24999999999913314, 2.100000000000056044, 18.00000000000000000 ) ) ;
#3153 = CARTESIAN_POINT ( 'NONE',  ( 5.250000000000857980, -8.899999999999943512, 16.99999999999999645 ) ) ;
#3154 = DIRECTION ( 'NONE',  ( -0.000000000000000000, -0.000000000000000000, -1.000000000000000000 ) ) ;
#3155 = VERTEX_POINT ( 'NONE', #51 ) ;
#3156 = CARTESIAN_POINT ( 'NONE',  ( -29.89253158039080915, -117.2288528313427491, 21.15000000000055991 ) ) ;
#3157 = AXIS2_PLACEMENT_3D ( 'NONE', #1571, #1839, #2084 ) ;
#3158 = CARTESIAN_POINT ( 'NONE',  ( -23.73472924169848497, -39.02082716983183985, 21.15000000000055635 ) ) ;
#3159 = ORIENTED_EDGE ( 'NONE', *, *, #100, .F. ) ;
#3160 = CARTESIAN_POINT ( 'NONE',  ( 15.25000000000086686, -13.89999999999994351, 0.000000000000000000 ) ) ;
#3161 = VECTOR ( 'NONE', #649, 1000.000000000000000 ) ;
#3162 = EDGE_CURVE ( 'NONE', #2751, #2385, #850, .T. ) ;
#3163 = ORIENTED_EDGE ( 'NONE', *, *, #2087, .F. ) ;
#3164 = CIRCLE ( 'NONE', #322, 1.000000000000000888 ) ;
#3165 = CARTESIAN_POINT ( 'NONE',  ( -24.05847288343823109, -45.75534464401216184, 3.150000000000555023 ) ) ;
#3166 = CARTESIAN_POINT ( 'NONE',  ( -16.74999999999913314, 14.10000000000005649, 25.99999999999999645 ) ) ;
#3167 = DIRECTION ( 'NONE',  ( 1.000000000000000000, -0.000000000000000000, -0.000000000000000000 ) ) ;
#3168 = DIRECTION ( 'NONE',  ( 0.000000000000000000, 0.000000000000000000, 1.000000000000000000 ) ) ;
#3169 = EDGE_LOOP ( 'NONE', ( #1380, #2377, #111, #1205 ) ) ;
#3170 = CARTESIAN_POINT ( 'NONE',  ( -13.74999999999913491, 4.100000000000056488, 25.99999999999999645 ) ) ;
#3171 = ORIENTED_EDGE ( 'NONE', *, *, #2279, .T. ) ;
#3172 = CARTESIAN_POINT ( 'NONE',  ( 6.550003508321083245, 11.10000000000005649, 12.14142842854285043 ) ) ;
#3173 = ORIENTED_EDGE ( 'NONE', *, *, #2930, .T. ) ;
#3174 = CIRCLE ( 'NONE', #229, 10.00000000000000000 ) ;
#3175 = CARTESIAN_POINT ( 'NONE',  ( -19.51289968761172133, 1.862683469007563763, 21.15000000000055991 ) ) ;
#3176 = ORIENTED_EDGE ( 'NONE', *, *, #2972, .T. ) ;
#3177 = EDGE_CURVE ( 'NONE', #3317, #2868, #2135, .T. ) ;
#3178 = AXIS2_PLACEMENT_3D ( 'NONE', #1877, #801, #1066 ) ;
#3179 = CARTESIAN_POINT ( 'NONE',  ( -13.74999999999913491, -3.399999999999943512, 10.70000000000000284 ) ) ;
#3180 = DIRECTION ( 'NONE',  ( 1.000000000000000000, -0.000000000000000000, -0.000000000000000000 ) ) ;
#3181 = VECTOR ( 'NONE', #1398, 1000.000000000000227 ) ;
#3182 = EDGE_CURVE ( 'NONE', #3073, #1135, #3243, .T. ) ;
#3183 = FACE_OUTER_BOUND ( 'NONE', #2464, .T. ) ;
#3184 = EDGE_CURVE ( 'NONE', #2152, #2816, #1986, .T. ) ;
#3185 = CARTESIAN_POINT ( 'NONE',  ( 11.36003691516502379, -13.89999999999993996, 22.11015983084774561 ) ) ;
#3186 = EDGE_LOOP ( 'NONE', ( #1472, #2591, #2068, #2962 ) ) ;
#3187 = DIRECTION ( 'NONE',  ( 0.000000000000000000, 1.000000000000000000, 0.000000000000000000 ) ) ;
#3188 = ORIENTED_EDGE ( 'NONE', *, *, #2805, .F. ) ;
#3189 = LINE ( 'NONE', #841, #3311 ) ;
#3190 = AXIS2_PLACEMENT_3D ( 'NONE', #1892, #828, #2919 ) ;
#3191 = ORIENTED_EDGE ( 'NONE', *, *, #1045, .F. ) ;
#3192 = CARTESIAN_POINT ( 'NONE',  ( 19.75000000000086686, 0.2999999949933278565, 7.350000000000560973 ) ) ;
#3193 = ORIENTED_EDGE ( 'NONE', *, *, #2615, .T. ) ;
#3194 = CARTESIAN_POINT ( 'NONE',  ( 17.25000000000087041, 14.10000000000005649, 25.99999999999999645 ) ) ;
#3195 = LINE ( 'NONE', #817, #1009 ) ;
#3196 = EDGE_CURVE ( 'NONE', #2397, #2606, #339, .T. ) ;
#3197 = DIRECTION ( 'NONE',  ( 0.000000000000000000, -1.000000000000000000, 0.000000000000000000 ) ) ;
#3198 = CARTESIAN_POINT ( 'NONE',  ( 17.25000000000087041, 3.799999994993327412, 32.77422862784792557 ) ) ;
#3199 = VERTEX_POINT ( 'NONE', #1413 ) ;
#3200 = DIRECTION ( 'NONE',  ( 1.000000000000000000, 0.000000000000000000, 0.000000000000000000 ) ) ;
#3201 = EDGE_CURVE ( 'NONE', #2639, #2626, #1026, .T. ) ;
#3202 = EDGE_CURVE ( 'NONE', #3297, #2385, #3045, .T. ) ;
#3203 = VERTEX_POINT ( 'NONE', #1731 ) ;
#3204 = CARTESIAN_POINT ( 'NONE',  ( 15.25000000000087219, -3.200000005006673476, 32.77422862784739976 ) ) ;
#3205 = VERTEX_POINT ( 'NONE', #2784 ) ;
#3206 = LINE ( 'NONE', #2165, #2865 ) ;
#3207 = ORIENTED_EDGE ( 'NONE', *, *, #2402, .F. ) ;
#3208 = CIRCLE ( 'NONE', #1722, 4.000000000000000888 ) ;
#3209 = DIRECTION ( 'NONE',  ( -0.000000000000000000, -1.000000000000000000, -0.000000000000000000 ) ) ;
#3210 = DIRECTION ( 'NONE',  ( -1.000000000000000000, 0.000000000000000000, 0.000000000000000000 ) ) ;
#3211 = DIRECTION ( 'NONE',  ( 0.000000000000000000, 0.000000000000000000, 1.000000000000000000 ) ) ;
#3212 = CIRCLE ( 'NONE', #1450, 8.000000000000000000 ) ;
#3213 = CARTESIAN_POINT ( 'NONE',  ( -14.06198994623606957, -117.4025010090096828, 7.150000000000555467 ) ) ;
#3214 = ORIENTED_EDGE ( 'NONE', *, *, #401, .T. ) ;
#3215 = CARTESIAN_POINT ( 'NONE',  ( -31.88361467887773770, -116.7841389911249763, 3.278631993299835568 ) ) ;
#3216 = ORIENTED_EDGE ( 'NONE', *, *, #376, .T. ) ;
#3217 = AXIS2_PLACEMENT_3D ( 'NONE', #3291, #1943, #581 ) ;
#3218 = CARTESIAN_POINT ( 'NONE',  ( 7.550003508321083245, 11.10000000000005649, 1.499999999999993561 ) ) ;
#3219 = EDGE_CURVE ( 'NONE', #2956, #1853, #54, .T. ) ;
#3220 = EDGE_LOOP ( 'NONE', ( #1993, #3340, #951, #2808 ) ) ;
#3221 = ADVANCED_FACE ( 'NONE', ( #2822 ), #2299, .F. ) ;
#3222 = CARTESIAN_POINT ( 'NONE',  ( 18.25000000000087397, 3.648631556293159939, 7.350000000000561862 ) ) ;
#3223 = CIRCLE ( 'NONE', #336, 5.000000000000000000 ) ;
#3224 = ORIENTED_EDGE ( 'NONE', *, *, #956, .T. ) ;
#3225 = CIRCLE ( 'NONE', #2070, 5.000000000000000888 ) ;
#3226 = DIRECTION ( 'NONE',  ( -1.000000000000000000, 0.000000000000000000, 0.000000000000000000 ) ) ;
#3227 = FACE_OUTER_BOUND ( 'NONE', #2654, .T. ) ;
#3228 = CARTESIAN_POINT ( 'NONE',  ( -29.89253158039080915, -117.2288528313427491, 7.150000000000555467 ) ) ;
#3229 = AXIS2_PLACEMENT_3D ( 'NONE', #490, #944, #693 ) ;
#3230 = FACE_BOUND ( 'NONE', #198, .T. ) ;
#3231 = ORIENTED_EDGE ( 'NONE', *, *, #568, .T. ) ;
#3232 = FACE_OUTER_BOUND ( 'NONE', #2074, .T. ) ;
#3233 = ORIENTED_EDGE ( 'NONE', *, *, #1706, .F. ) ;
#3234 = VECTOR ( 'NONE', #3336, 1000.000000000000000 ) ;
#3235 = CARTESIAN_POINT ( 'NONE',  ( 17.25000000000087041, -5.700000000000617462, 4.499999999998745004 ) ) ;
#3236 = VERTEX_POINT ( 'NONE', #2543 ) ;
#3237 = VECTOR ( 'NONE', #30, 1000.000000000000000 ) ;
#3238 = LINE ( 'NONE', #2777, #733 ) ;
#3239 = ORIENTED_EDGE ( 'NONE', *, *, #158, .T. ) ;
#3240 = ADVANCED_FACE ( 'NONE', ( #170 ), #2876, .T. ) ;
#3241 = ADVANCED_FACE ( 'NONE', ( #3095, #3133 ), #2860, .T. ) ;
#3242 = DIRECTION ( 'NONE',  ( 1.000000000000000000, -0.000000000000000000, 0.000000000000000000 ) ) ;
#3243 = LINE ( 'NONE', #2991, #234 ) ;
#3244 = FACE_OUTER_BOUND ( 'NONE', #1349, .T. ) ;
#3245 = CARTESIAN_POINT ( 'NONE',  ( -12.68829355245615709, -13.89999999999994351, 25.15000000000055991 ) ) ;
#3246 = CARTESIAN_POINT ( 'NONE',  ( -15.24999999999913314, -3.399999999999943512, 12.50000000000000178 ) ) ;
#3247 = ORIENTED_EDGE ( 'NONE', *, *, #1405, .F. ) ;
#3248 = CARTESIAN_POINT ( 'NONE',  ( 6.439041044807314762, -1.135376666088779185, 21.15000000000055991 ) ) ;
#3249 = EDGE_LOOP ( 'NONE', ( #3251, #171, #2062, #2134 ) ) ;
#3250 = DIRECTION ( 'NONE',  ( -1.000000000000000000, -0.000000000000000000, -0.000000000000000000 ) ) ;
#3251 = ORIENTED_EDGE ( 'NONE', *, *, #2950, .F. ) ;
#3252 = CIRCLE ( 'NONE', #1605, 1.799999999999999600 ) ;
#3253 = DIRECTION ( 'NONE',  ( 1.000000000000000000, 0.000000000000000000, 0.000000000000000000 ) ) ;
#3254 = DIRECTION ( 'NONE',  ( 0.000000000000000000, 1.000000000000000000, 0.000000000000000000 ) ) ;
#3255 = VERTEX_POINT ( 'NONE', #1549 ) ;
#3256 = CARTESIAN_POINT ( 'NONE',  ( 15.25000000000087219, 1.974315775643245674, 4.450000000000562395 ) ) ;
#3257 = EDGE_CURVE ( 'NONE', #2040, #2769, #151, .T. ) ;
#3258 = CARTESIAN_POINT ( 'NONE',  ( -34.81657034545185070, -116.3606119430080952, 3.150000000000555023 ) ) ;
#3259 = CARTESIAN_POINT ( 'NONE',  ( 5.250000000000857980, -8.899999999999943512, 18.00000000000000000 ) ) ;
#3260 = DIRECTION ( 'NONE',  ( 1.000000000000000000, 0.000000000000000000, 0.000000000000000000 ) ) ;
#3261 = CARTESIAN_POINT ( 'NONE',  ( 17.25000000000087041, 4.100000000000056488, 25.99999999999999645 ) ) ;
#3262 = VERTEX_POINT ( 'NONE', #1492 ) ;
#3263 = FACE_OUTER_BOUND ( 'NONE', #2515, .T. ) ;
#3264 = ORIENTED_EDGE ( 'NONE', *, *, #2891, .F. ) ;
#3265 = CIRCLE ( 'NONE', #2389, 1.000000000000000000 ) ;
#3266 = DIRECTION ( 'NONE',  ( 0.1736481776669342725, 0.9848077530122074652, -1.783677021064101150E-15 ) ) ;
#3267 = ORIENTED_EDGE ( 'NONE', *, *, #289, .T. ) ;
#3268 = CIRCLE ( 'NONE', #1674, 1.000000000000000888 ) ;
#3269 = CARTESIAN_POINT ( 'NONE',  ( -29.89253158039080915, -117.2288528313427491, 25.15000000000055991 ) ) ;
#3270 = CARTESIAN_POINT ( 'NONE',  ( 18.25000000000087397, -1.374315785656583966, 10.25000000000056133 ) ) ;
#3271 = CARTESIAN_POINT ( 'NONE',  ( -13.74999999999913491, -3.399999999999943512, 16.40000000000000213 ) ) ;
#3272 = ORIENTED_EDGE ( 'NONE', *, *, #247, .F. ) ;
#3273 = PERSON_AND_ORGANIZATION ( #298, #2846 ) ;
#3274 = AXIS2_PLACEMENT_3D ( 'NONE', #1070, #2157, #836 ) ;
#3275 = DIRECTION ( 'NONE',  ( -1.000000000000000000, -0.000000000000000000, -0.000000000000000000 ) ) ;
#3276 = AXIS2_PLACEMENT_3D ( 'NONE', #880, #1408, #1443 ) ;
#3277 = DIRECTION ( 'NONE',  ( -1.000000000000000000, -0.000000000000000000, -0.000000000000000000 ) ) ;
#3278 = VERTEX_POINT ( 'NONE', #2838 ) ;
#3279 = CARTESIAN_POINT ( 'NONE',  ( 19.75000000000086686, 0.2999999949933278565, 7.350000000000560973 ) ) ;
#3280 = CIRCLE ( 'NONE', #2449, 0.9999999999999991118 ) ;
#3281 = LINE ( 'NONE', #1476, #3108 ) ;
#3282 = DIRECTION ( 'NONE',  ( -0.000000000000000000, -1.000000000000000000, -0.000000000000000000 ) ) ;
#3283 = ORIENTED_EDGE ( 'NONE', *, *, #1302, .F. ) ;
#3284 = DIRECTION ( 'NONE',  ( 1.000000000000000000, -0.000000000000000000, -0.000000000000000000 ) ) ;
#3285 = ORIENTED_EDGE ( 'NONE', *, *, #3184, .T. ) ;
#3286 = DIRECTION ( 'NONE',  ( -1.000000000000000000, 0.000000000000000000, 0.000000000000000000 ) ) ;
#3287 = EDGE_LOOP ( 'NONE', ( #2897, #542, #715, #2715 ) ) ;
#3288 = AXIS2_PLACEMENT_3D ( 'NONE', #3364, #3316, #2004 ) ;
#3289 = DIRECTION ( 'NONE',  ( 0.000000000000000000, 0.000000000000000000, 1.000000000000000000 ) ) ;
#3290 = CYLINDRICAL_SURFACE ( 'NONE', #1836, 3.999999999999998668 ) ;
#3291 = CARTESIAN_POINT ( 'NONE',  ( 15.25000000000087397, -5.700000000000617462, 5.499999999998713918 ) ) ;
#3292 =( LENGTH_UNIT ( ) NAMED_UNIT ( * ) SI_UNIT ( .MILLI., .METRE. ) );
#3293 = ORIENTED_EDGE ( 'NONE', *, *, #2640, .T. ) ;
#3294 = VECTOR ( 'NONE', #1858, 1000.000000000000000 ) ;
#3295 = CARTESIAN_POINT ( 'NONE',  ( -16.74999999999913314, 2.100000000000056044, 19.00000000000000000 ) ) ;
#3296 = DIRECTION ( 'NONE',  ( -1.000000000000000000, 4.733165431326068731E-30, -1.499999999999977831E-14 ) ) ;
#3297 = VERTEX_POINT ( 'NONE', #751 ) ;
#3298 = DIRECTION ( 'NONE',  ( 0.000000000000000000, 0.000000000000000000, 1.000000000000000000 ) ) ;
#3299 = DIRECTION ( 'NONE',  ( 0.000000000000000000, 0.000000000000000000, -1.000000000000000000 ) ) ;
#3300 = CARTESIAN_POINT ( 'NONE',  ( 18.25000000000087397, 3.648631556293159939, 7.350000000000561862 ) ) ;
#3301 = ORIENTED_EDGE ( 'NONE', *, *, #2252, .F. ) ;
#3302 = LINE ( 'NONE', #2471, #687 ) ;
#3303 = EDGE_CURVE ( 'NONE', #3134, #375, #966, .T. ) ;
#3304 = ORIENTED_EDGE ( 'NONE', *, *, #1887, .T. ) ;
#3305 = CARTESIAN_POINT ( 'NONE',  ( -15.04679769924827504, -117.2288528313427491, 7.150000000000555467 ) ) ;
#3306 = ADVANCED_FACE ( 'NONE', ( #2285 ), #2036, .T. ) ;
#3307 = ORIENTED_EDGE ( 'NONE', *, *, #86, .T. ) ;
#3308 = EDGE_CURVE ( 'NONE', #1563, #1520, #2862, .T. ) ;
#3309 = LINE ( 'NONE', #2197, #2282 ) ;
#3310 = DIRECTION ( 'NONE',  ( 0.000000000000000000, 0.5000000000000000000, -0.8660254037844385966 ) ) ;
#3311 = VECTOR ( 'NONE', #1651, 1000.000000000000000 ) ;
#3312 = DIRECTION ( 'NONE',  ( 1.000000000000000000, -0.000000000000000000, -0.000000000000000000 ) ) ;
#3313 = PERSON_AND_ORGANIZATION_ROLE ( 'creator' ) ;
#3314 = ORIENTED_EDGE ( 'NONE', *, *, #1525, .F. ) ;
#3315 = CARTESIAN_POINT ( 'NONE',  ( -16.74999999999913314, 4.100000000000056488, 25.99999999999999645 ) ) ;
#3316 = DIRECTION ( 'NONE',  ( 1.000000000000000000, 1.577021341797097560E-16, 0.000000000000000000 ) ) ;
#3317 = VERTEX_POINT ( 'NONE', #1204 ) ;
#3318 = ORIENTED_EDGE ( 'NONE', *, *, #1564, .F. ) ;
#3319 = CARTESIAN_POINT ( 'NONE',  ( -15.24999999999913314, -8.899999999999943512, 16.99999999999999645 ) ) ;
#3320 = TOROIDAL_SURFACE ( 'NONE', #2272, 1.000000000000000000, 4.000000000000000000 ) ;
#3321 = CARTESIAN_POINT ( 'NONE',  ( 11.90569581569378954, -13.89999999999994884, 6.667186712651595570 ) ) ;
#3322 = CARTESIAN_POINT ( 'NONE',  ( 15.25000000000086864, 12.10000000000005649, 0.000000000000000000 ) ) ;
#3323 = EDGE_LOOP ( 'NONE', ( #1483, #1987, #75, #1733 ) ) ;
#3324 = DIRECTION ( 'NONE',  ( -0.8893282335446544007, -0.4572693878014847391, 0.000000000000000000 ) ) ;
#3325 = AXIS2_PLACEMENT_3D ( 'NONE', #688, #1439, #2537 ) ;
#3326 = ORIENTED_EDGE ( 'NONE', *, *, #2399, .F. ) ;
#3327 = ORIENTED_EDGE ( 'NONE', *, *, #763, .T. ) ;
#3328 = DIRECTION ( 'NONE',  ( 0.000000000000000000, 0.000000000000000000, 1.000000000000000000 ) ) ;
#3329 = VECTOR ( 'NONE', #3343, 1000.000000000000000 ) ;
#3330 = EDGE_CURVE ( 'NONE', #2973, #1369, #1854, .T. ) ;
#3331 = CARTESIAN_POINT ( 'NONE',  ( 17.25000000000087041, -13.89999999999994351, 36.00000000000000000 ) ) ;
#3332 = LINE ( 'NONE', #1010, #752 ) ;
#3333 = CARTESIAN_POINT ( 'NONE',  ( 19.75000000000086686, 0.2999999949933278565, 5.850000000000560085 ) ) ;
#3334 = ORIENTED_EDGE ( 'NONE', *, *, #114, .F. ) ;
#3335 = CARTESIAN_POINT ( 'NONE',  ( -15.92157287525294151, 13.27157287525386486, 2.184664232470858947E-16 ) ) ;
#3336 = DIRECTION ( 'NONE',  ( -0.000000000000000000, -0.000000000000000000, -1.000000000000000000 ) ) ;
#3337 = AXIS2_PLACEMENT_3D ( 'NONE', #643, #947, #892 ) ;
#3338 = ORIENTED_EDGE ( 'NONE', *, *, #1729, .F. ) ;
#3339 = CARTESIAN_POINT ( 'NONE',  ( -13.74999999999913491, 2.100000000000056044, 18.00000000000000000 ) ) ;
#3340 = ORIENTED_EDGE ( 'NONE', *, *, #3219, .T. ) ;
#3341 = ORIENTED_EDGE ( 'NONE', *, *, #430, .F. ) ;
#3342 = CARTESIAN_POINT ( 'NONE',  ( 7.250000000000868638, 0.2999999949933278565, 7.350000000000560973 ) ) ;
#3343 = DIRECTION ( 'NONE',  ( 1.000000000000000000, -1.734723475976805319E-15, 0.000000000000000000 ) ) ;
#3344 = VECTOR ( 'NONE', #362, 1000.000000000000000 ) ;
#3345 = EDGE_CURVE ( 'NONE', #810, #5, #624, .T. ) ;
#3346 = AXIS2_PLACEMENT_3D ( 'NONE', #698, #980, #2601 ) ;
#3347 = CARTESIAN_POINT ( 'NONE',  ( 6.550003508321083245, 14.10000000000005649, 12.14142842854285043 ) ) ;
#3348 = CARTESIAN_POINT ( 'NONE',  ( 17.25000000000087041, -4.200000005006672588, 32.77422862784739976 ) ) ;
#3349 = EDGE_CURVE ( 'NONE', #2964, #2121, #1805, .T. ) ;
#3350 = ORIENTED_EDGE ( 'NONE', *, *, #1403, .T. ) ;
#3351 = AXIS2_PLACEMENT_3D ( 'NONE', #2659, #765, #265 ) ;
#3352 = DIRECTION ( 'NONE',  ( -0.8893282335446545117, -0.4572693878014847946, 0.000000000000000000 ) ) ;
#3353 = FACE_BOUND ( 'NONE', #592, .T. ) ;
#3354 = LINE ( 'NONE', #1266, #1639 ) ;
#3355 = ORIENTED_EDGE ( 'NONE', *, *, #2878, .T. ) ;
#3356 = ORIENTED_EDGE ( 'NONE', *, *, #2481, .T. ) ;
#3357 = DIRECTION ( 'NONE',  ( 1.239088197126291063E-16, 0.000000000000000000, 1.000000000000000000 ) ) ;
#3358 = CARTESIAN_POINT ( 'NONE',  ( 18.25000000000087397, -3.048631566306497565, 7.350000000000560973 ) ) ;
#3359 = ORIENTED_EDGE ( 'NONE', *, *, #1350, .F. ) ;
#3360 = DATE_AND_TIME ( #2312, #334 ) ;
#3361 = CARTESIAN_POINT ( 'NONE',  ( -32.83912692813983369, -116.6388419534472405, 24.62114116774924710 ) ) ;
#3362 = FACE_OUTER_BOUND ( 'NONE', #3111, .T. ) ;
#3363 = ORIENTED_EDGE ( 'NONE', *, *, #1123, .F. ) ;
#3364 = CARTESIAN_POINT ( 'NONE',  ( 15.25000000000087041, 6.299999999999406519, 5.499999999998650857 ) ) ;
#3365 = AXIS2_PLACEMENT_3D ( 'NONE', #214, #2871, #1058 ) ;
#3366 = ORIENTED_EDGE ( 'NONE', *, *, #2002, .F. ) ;
#3367 = EDGE_CURVE ( 'NONE', #31, #898, #729, .T. ) ;
#3368 = CARTESIAN_POINT ( 'NONE',  ( 0.000000000000000000, 12.10000000000005649, 2.000000000000000000 ) ) ;
#3369 = ORIENTED_EDGE ( 'NONE', *, *, #2994, .F. ) ;
#3370 = DIRECTION ( 'NONE',  ( 0.000000000000000000, 0.000000000000000000, 1.000000000000000000 ) ) ;
#3371 = PLANE ( 'NONE',  #3435 ) ;
#3372 = ORIENTED_EDGE ( 'NONE', *, *, #1063, .F. ) ;
#3373 = ORIENTED_EDGE ( 'NONE', *, *, #1102, .T. ) ;
#3374 = PLANE ( 'NONE',  #1442 ) ;
#3375 = VECTOR ( 'NONE', #3357, 1000.000000000000000 ) ;
#3376 = CARTESIAN_POINT ( 'NONE',  ( 6.550003508321083245, 14.10000000000005649, 11.14142842854284865 ) ) ;
#3377 = VERTEX_POINT ( 'NONE', #3063 ) ;
#3378 = AXIS2_PLACEMENT_3D ( 'NONE', #200, #2329, #2594 ) ;
#3379 = VECTOR ( 'NONE', #2603, 1000.000000000000000 ) ;
#3380 = DIRECTION ( 'NONE',  ( 0.000000000000000000, 0.000000000000000000, -1.000000000000000000 ) ) ;
#3381 = ORIENTED_EDGE ( 'NONE', *, *, #2930, .F. ) ;
#3382 = CYLINDRICAL_SURFACE ( 'NONE', #2722, 0.9999999999999991118 ) ;
#3383 = ORIENTED_EDGE ( 'NONE', *, *, #2597, .T. ) ;
#3384 = CIRCLE ( 'NONE', #3217, 1.000000000000000000 ) ;
#3385 = FACE_OUTER_BOUND ( 'NONE', #3220, .T. ) ;
#3386 = ORIENTED_EDGE ( 'NONE', *, *, #1322, .F. ) ;
#3387 = DIRECTION ( 'NONE',  ( 0.000000000000000000, 1.000000000000000000, 0.000000000000000000 ) ) ;
#3388 = LINE ( 'NONE', #757, #1291 ) ;
#3389 = ORIENTED_EDGE ( 'NONE', *, *, #748, .F. ) ;
#3390 = CIRCLE ( 'NONE', #1897, 1.000000000000000888 ) ;
#3391 = EDGE_CURVE ( 'NONE', #1816, #1365, #1801, .T. ) ;
#3392 = EDGE_CURVE ( 'NONE', #1038, #2184, #1510, .T. ) ;
#3393 = CARTESIAN_POINT ( 'NONE',  ( 24.29999999999972005, 8.999999999999442224, 19.69999999999994245 ) ) ;
#3394 = CIRCLE ( 'NONE', #3071, 10.00000000000000178 ) ;
#3395 = CARTESIAN_POINT ( 'NONE',  ( -20.92471613209713155, -37.57599170203148020, 7.150000000000559019 ) ) ;
#3396 = ORIENTED_EDGE ( 'NONE', *, *, #3433, .T. ) ;
#3397 = LINE ( 'NONE', #474, #240 ) ;
#3398 = DIRECTION ( 'NONE',  ( -1.000000000000000000, -0.000000000000000000, -0.000000000000000000 ) ) ;
#3399 = AXIS2_PLACEMENT_3D ( 'NONE', #572, #2694, #3438 ) ;
#3400 = VERTEX_POINT ( 'NONE', #3333 ) ;
#3401 = AXIS2_PLACEMENT_3D ( 'NONE', #188, #2580, #977 ) ;
#3402 = AXIS2_PLACEMENT_3D ( 'NONE', #3339, #1036, #1517 ) ;
#3403 = DIRECTION ( 'NONE',  ( 0.000000000000000000, 0.000000000000000000, -1.000000000000000000 ) ) ;
#3404 = CARTESIAN_POINT ( 'NONE',  ( -24.05847288343822754, -45.75534464401216184, 21.15000000000055991 ) ) ;
#3405 = CIRCLE ( 'NONE', #66, 1.500000000000000444 ) ;
#3406 = CYLINDRICAL_SURFACE ( 'NONE', #1910, 0.9999999999999991118 ) ;
#3407 = EDGE_CURVE ( 'NONE', #1655, #483, #2241, .T. ) ;
#3408 = CARTESIAN_POINT ( 'NONE',  ( -13.74999999999913491, -3.399999999999943512, 18.00000000000000355 ) ) ;
#3409 = ORIENTED_EDGE ( 'NONE', *, *, #2127, .T. ) ;
#3410 = FACE_OUTER_BOUND ( 'NONE', #2052, .T. ) ;
#3411 = CYLINDRICAL_SURFACE ( 'NONE', #590, 1.000000000000000888 ) ;
#3412 = ADVANCED_FACE ( 'NONE', ( #2332 ), #3382, .F. ) ;
#3413 = ADVANCED_FACE ( 'NONE', ( #1293 ), #1031, .F. ) ;
#3414 = ORIENTED_EDGE ( 'NONE', *, *, #3330, .T. ) ;
#3415 = VECTOR ( 'NONE', #2993, 1000.000000000000000 ) ;
#3416 = LINE ( 'NONE', #283, #3294 ) ;
#3417 = ORIENTED_EDGE ( 'NONE', *, *, #1260, .T. ) ;
#3418 = TOROIDAL_SURFACE ( 'NONE', #1925, 4.000000000000000000, 4.000000000000000000 ) ;
#3419 = AXIS2_PLACEMENT_3D ( 'NONE', #3358, #1541, #776 ) ;
#3420 = CARTESIAN_POINT ( 'NONE',  ( -34.81657034545185070, -116.3606119430080952, 7.150000000000555467 ) ) ;
#3421 = CARTESIAN_POINT ( 'NONE',  ( 1.750000000000865530, 0.2999999949937874888, 24.97999999378772173 ) ) ;
#3422 = CYLINDRICAL_SURFACE ( 'NONE', #2560, 1.000000000000000888 ) ;
#3423 = DIRECTION ( 'NONE',  ( 0.8893282335446542897, 0.4572693878014851832, -0.000000000000000000 ) ) ;
#3424 = ORIENTED_EDGE ( 'NONE', *, *, #803, .T. ) ;
#3425 = CARTESIAN_POINT ( 'NONE',  ( -32.60857500434500622, -116.6729567083133361, 3.554638078851815930 ) ) ;
#3426 = VERTEX_POINT ( 'NONE', #1201 ) ;
#3427 = DIRECTION ( 'NONE',  ( 0.000000000000000000, 0.000000000000000000, 1.000000000000000000 ) ) ;
#3428 = ORIENTED_EDGE ( 'NONE', *, *, #1831, .T. ) ;
#3429 = VECTOR ( 'NONE', #916, 1000.000000000000000 ) ;
#3430 = ADVANCED_FACE ( 'NONE', ( #2835, #2260, #2559, #955, #1543, #2017 ), #1507, .T. ) ;
#3431 = CARTESIAN_POINT ( 'NONE',  ( -15.24999999999913314, 2.100000000000056044, 16.99999999999999645 ) ) ;
#3432 = ORIENTED_EDGE ( 'NONE', *, *, #1790, .F. ) ;
#3433 = EDGE_CURVE ( 'NONE', #3236, #2366, #989, .T. ) ;
#3434 = VECTOR ( 'NONE', #1327, 1000.000000000000000 ) ;
#3435 = AXIS2_PLACEMENT_3D ( 'NONE', #2000, #1744, #227 ) ;
#3436 = CARTESIAN_POINT ( 'NONE',  ( -14.74999999999913314, -13.89999999999994351, 2.000000000000000000 ) ) ;
#3437 = CIRCLE ( 'NONE', #2947, 1.000000000000000888 ) ;
#3438 = DIRECTION ( 'NONE',  ( 0.000000000000000000, 0.000000000000000000, -1.000000000000000000 ) ) ;
#3439 = PLANE ( 'NONE',  #602 ) ;
#3440 = CARTESIAN_POINT ( 'NONE',  ( 1.750000000000865530, -3.700000005006621961, 31.90820322406299425 ) ) ;
#3441 = ORIENTED_EDGE ( 'NONE', *, *, #304, .F. ) ;
#3442 = CARTESIAN_POINT ( 'NONE',  ( -32.83897966057702433, -116.6388636229492732, 3.678772048660822414 ) ) ;
#3443 = EDGE_LOOP ( 'NONE', ( #988, #1404, #424, #799, #610, #3145 ) ) ;
#3444 = APPROVAL_PERSON_ORGANIZATION ( #106, #2123, #2444 ) ;
#3445 = DIRECTION ( 'NONE',  ( 0.000000000000000000, -0.4999999999999999445, 0.8660254037844385966 ) ) ;
ENDSEC;
END-ISO-10303-21;
