ISO-10303-21;
HEADER;
FILE_DESCRIPTION (( 'STEP AP203' ),
    '1' );
FILE_NAME ('指环2.STEP',
    '2026-06-24T07:34:01',
    ( '' ),
    ( '' ),
    'SwSTEP 2.0',
    'SolidWorks 2021',
    '' );
FILE_SCHEMA (( 'CONFIG_CONTROL_DESIGN' ));
ENDSEC;

DATA;
#1 = ORIENTED_EDGE ( 'NONE', *, *, #2735, .F. ) ;
#2 = DIRECTION ( 'NONE',  ( -0.9656799471307168092, 0.2597349412566901106, 0.000000000000000000 ) ) ;
#3 = FACE_OUTER_BOUND ( 'NONE', #447, .T. ) ;
#4 = AXIS2_PLACEMENT_3D ( 'NONE', #1103, #902, #2910 ) ;
#5 = ORIENTED_EDGE ( 'NONE', *, *, #638, .T. ) ;
#6 = CYLINDRICAL_SURFACE ( 'NONE', #2607, 3.009777261265889958 ) ;
#7 = EDGE_CURVE ( 'NONE', #1340, #867, #1325, .T. ) ;
#8 = CARTESIAN_POINT ( 'NONE',  ( -8.207656991483856856, 1.007773559740973823, 5.599999999999999645 ) ) ;
#9 = ORIENTED_EDGE ( 'NONE', *, *, #553, .F. ) ;
#10 = EDGE_CURVE ( 'NONE', #2423, #1665, #2646, .T. ) ;
#11 = MANIFOLD_SOLID_BREP ( '圆角4', #2273 ) ;
#12 = DIRECTION ( 'NONE',  ( -0.5877852522924769119, 0.8090169943749446757, 0.000000000000000000 ) ) ;
#13 = CARTESIAN_POINT ( 'NONE',  ( 30.57563275392932667, -17.22076148067771229, 2.000000000000000000 ) ) ;
#14 = CARTESIAN_POINT ( 'NONE',  ( -8.117364821707893086, -1.577855883427253803, 0.000000000000000000 ) ) ;
#15 = CARTESIAN_POINT ( 'NONE',  ( 0.000000000000000000, 0.000000000000000000, 5.599999999999999645 ) ) ;
#16 = ADVANCED_FACE ( 'NONE', ( #2278 ), #1823, .T. ) ;
#17 = VERTEX_POINT ( 'NONE', #2778 ) ;
#18 = FACE_OUTER_BOUND ( 'NONE', #2808, .T. ) ;
#19 = ORIENTED_EDGE ( 'NONE', *, *, #2425, .F. ) ;
#20 = EDGE_CURVE ( 'NONE', #894, #851, #2932, .T. ) ;
#21 = DIRECTION ( 'NONE',  ( -0.9656799471307162541, 0.2597349412566916094, 1.689631125485397652E-16 ) ) ;
#22 = EDGE_CURVE ( 'NONE', #260, #2104, #58, .T. ) ;
#23 = DIRECTION ( 'NONE',  ( -0.000000000000000000, -0.000000000000000000, -1.000000000000000000 ) ) ;
#24 = ORIENTED_EDGE ( 'NONE', *, *, #2827, .F. ) ;
#25 = CARTESIAN_POINT ( 'NONE',  ( 28.31222647033802531, -12.70026071423273706, 2.000000000000000000 ) ) ;
#26 = AXIS2_PLACEMENT_3D ( 'NONE', #2291, #2722, #1850 ) ;
#27 = CARTESIAN_POINT ( 'NONE',  ( 2.828265482620778037, 7.770595549723498863, 0.000000000000000000 ) ) ;
#28 = EDGE_CURVE ( 'NONE', #1840, #177, #558, .T. ) ;
#29 = PRODUCT_DEFINITION_SHAPE ( 'NONE', 'NONE',  #1077 ) ;
#30 = CARTESIAN_POINT ( 'NONE',  ( -2.214887187781488631, 9.649055640082167429, 0.000000000000000000 ) ) ;
#31 = DIRECTION ( 'NONE',  ( 1.000000000000000000, 0.000000000000000000, 0.000000000000000000 ) ) ;
#32 = ORIENTED_EDGE ( 'NONE', *, *, #2184, .T. ) ;
#33 = DIRECTION ( 'NONE',  ( 0.000000000000000000, 0.000000000000000000, 1.000000000000000000 ) ) ;
#34 = ORIENTED_EDGE ( 'NONE', *, *, #2708, .T. ) ;
#35 = AXIS2_PLACEMENT_3D ( 'NONE', #2562, #487, #1386 ) ;
#36 = CYLINDRICAL_SURFACE ( 'NONE', #2134, 10.00000000000000000 ) ;
#37 = CC_DESIGN_PERSON_AND_ORGANIZATION_ASSIGNMENT ( #1309, #1535, ( #1053 ) ) ;
#38 = DIRECTION ( 'NONE',  ( -0.000000000000000000, -0.000000000000000000, -1.000000000000000000 ) ) ;
#39 = CIRCLE ( 'NONE', #752, 3.009777261265889958 ) ;
#40 = VERTEX_POINT ( 'NONE', #30 ) ;
#41 = ORIENTED_EDGE ( 'NONE', *, *, #2155, .T. ) ;
#42 = CARTESIAN_POINT ( 'NONE',  ( -5.256750925104925365, 8.389074425191886064, 0.000000000000000000 ) ) ;
#43 = TOROIDAL_SURFACE ( 'NONE', #1668, 8.000000000000000000, 2.000000000000000000 ) ;
#44 = CARTESIAN_POINT ( 'NONE',  ( 0.000000000000000000, 0.000000000000000000, 0.000000000000000000 ) ) ;
#45 = DIRECTION ( 'NONE',  ( -0.000000000000000000, -0.000000000000000000, -1.000000000000000000 ) ) ;
#46 = ORIENTED_EDGE ( 'NONE', *, *, #2138, .T. ) ;
#47 = LINE ( 'NONE', #1198, #1770 ) ;
#48 = ORIENTED_EDGE ( 'NONE', *, *, #626, .T. ) ;
#49 = CARTESIAN_POINT ( 'NONE',  ( -3.226273398300803397, 6.687434856461526245, 0.000000000000000000 ) ) ;
#50 = VECTOR ( 'NONE', #1769, 1000.000000000000000 ) ;
#51 = AXIS2_PLACEMENT_3D ( 'NONE', #1391, #1868, #2781 ) ;
#52 = DIRECTION ( 'NONE',  ( -1.000000000000000000, 0.000000000000000000, 0.000000000000000000 ) ) ;
#53 = AXIS2_PLACEMENT_3D ( 'NONE', #2289, #1566, #2234 ) ;
#54 = ORIENTED_EDGE ( 'NONE', *, *, #1568, .T. ) ;
#55 = ADVANCED_FACE ( 'NONE', ( #1593 ), #1755, .T. ) ;
#56 = EDGE_LOOP ( 'NONE', ( #2523, #1156, #2614, #560 ) ) ;
#57 = CARTESIAN_POINT ( 'NONE',  ( -5.363155188962296371, -5.134899358225710309, 0.000000000000000000 ) ) ;
#58 = LINE ( 'NONE', #1148, #325 ) ;
#59 = EDGE_CURVE ( 'NONE', #286, #667, #39, .T. ) ;
#60 = CARTESIAN_POINT ( 'NONE',  ( -2.094789153885332489, -6.201058811981068786, 5.600000000000000533 ) ) ;
#61 = AXIS2_PLACEMENT_3D ( 'NONE', #2585, #104, #2121 ) ;
#62 = ORIENTED_EDGE ( 'NONE', *, *, #1551, .T. ) ;
#63 = CARTESIAN_POINT ( 'NONE',  ( 1.668796997574233387, 6.204493660314855497, 0.000000000000000000 ) ) ;
#64 = ORIENTED_EDGE ( 'NONE', *, *, #2312, .F. ) ;
#65 = FACE_OUTER_BOUND ( 'NONE', #1043, .T. ) ;
#66 = EDGE_CURVE ( 'NONE', #1845, #609, #1410, .T. ) ;
#67 = DIRECTION ( 'NONE',  ( -1.000000000000000000, 0.000000000000000000, 0.000000000000000000 ) ) ;
#68 = ORIENTED_EDGE ( 'NONE', *, *, #1387, .T. ) ;
#69 = CARTESIAN_POINT ( 'NONE',  ( 0.000000000000000000, 0.000000000000000000, 5.599999999999999645 ) ) ;
#70 = EDGE_CURVE ( 'NONE', #2351, #1289, #464, .T. ) ;
#71 = EDGE_LOOP ( 'NONE', ( #522, #2590, #1368, #1210 ) ) ;
#72 = TOROIDAL_SURFACE ( 'NONE', #1642, 6.999999999999999112, 2.000000000000000000 ) ;
#73 = AXIS2_PLACEMENT_3D ( 'NONE', #160, #2860, #1017 ) ;
#74 = EDGE_CURVE ( 'NONE', #1539, #1796, #706, .T. ) ;
#75 = DIRECTION ( 'NONE',  ( 1.000000000000000000, 0.000000000000000000, 0.000000000000000000 ) ) ;
#76 = CIRCLE ( 'NONE', #1746, 2.000000000000000000 ) ;
#77 = EDGE_CURVE ( 'NONE', #682, #627, #951, .T. ) ;
#78 = DIRECTION ( 'NONE',  ( 0.000000000000000000, 0.000000000000000000, 1.000000000000000000 ) ) ;
#79 = EDGE_CURVE ( 'NONE', #2104, #923, #847, .T. ) ;
#80 = ORIENTED_EDGE ( 'NONE', *, *, #2127, .T. ) ;
#81 = CARTESIAN_POINT ( 'NONE',  ( 28.31222647033802531, -12.70026071423273883, 10.00000000000000000 ) ) ;
#82 = EDGE_LOOP ( 'NONE', ( #1, #1185 ) ) ;
#83 = DIRECTION ( 'NONE',  ( -0.000000000000000000, -0.000000000000000000, -1.000000000000000000 ) ) ;
#84 = LINE ( 'NONE', #2757, #785 ) ;
#85 = CIRCLE ( 'NONE', #2124, 2.000000000000001776 ) ;
#86 = CARTESIAN_POINT ( 'NONE',  ( -9.108128016965425289, 3.879691228251228807, 0.000000000000000000 ) ) ;
#87 = CARTESIAN_POINT ( 'NONE',  ( -3.697063108304941892, -9.183775061117875893, 0.000000000000000000 ) ) ;
#88 = ORIENTED_EDGE ( 'NONE', *, *, #2516, .F. ) ;
#89 = AXIS2_PLACEMENT_3D ( 'NONE', #717, #2266, #2084 ) ;
#90 = CARTESIAN_POINT ( 'NONE',  ( -2.085594987771485442, -6.704349401921690266, 0.1862692599337292532 ) ) ;
#91 = ORIENTED_EDGE ( 'NONE', *, *, #1352, .T. ) ;
#92 = CARTESIAN_POINT ( 'NONE',  ( -2.279326625612735135, 7.948956596392994456, 0.000000000000000000 ) ) ;
#93 = AXIS2_PLACEMENT_3D ( 'NONE', #798, #131, #2848 ) ;
#94 = DIRECTION ( 'NONE',  ( -0.9510565162951556406, 0.3090169943749411785, 0.000000000000000000 ) ) ;
#95 = EDGE_LOOP ( 'NONE', ( #1183, #2196, #215, #749 ) ) ;
#96 = AXIS2_PLACEMENT_3D ( 'NONE', #1334, #1063, #601 ) ;
#97 = CARTESIAN_POINT ( 'NONE',  ( 0.000000000000000000, 0.000000000000000000, 5.599999999999999645 ) ) ;
#98 = ORIENTED_EDGE ( 'NONE', *, *, #1202, .T. ) ;
#99 = CARTESIAN_POINT ( 'NONE',  ( -2.407100657401072930, 9.602909268817414912, 5.599999999999999645 ) ) ;
#100 = DIRECTION ( 'NONE',  ( 0.000000000000000000, 0.000000000000000000, 1.000000000000000000 ) ) ;
#101 = CIRCLE ( 'NONE', #1909, 1.999999999999999778 ) ;
#102 = CIRCLE ( 'NONE', #1002, 3.009777261265890402 ) ;
#103 = DIRECTION ( 'NONE',  ( -1.000000000000000000, 0.000000000000000000, 0.000000000000000000 ) ) ;
#104 = DIRECTION ( 'NONE',  ( -0.000000000000000000, -0.000000000000000000, -1.000000000000000000 ) ) ;
#105 = DIRECTION ( 'NONE',  ( 0.000000000000000000, 0.000000000000000000, 1.000000000000000000 ) ) ;
#106 = VERTEX_POINT ( 'NONE', #2519 ) ;
#107 = AXIS2_PLACEMENT_3D ( 'NONE', #2115, #1538, #2433 ) ;
#108 = ORIENTED_EDGE ( 'NONE', *, *, #66, .T. ) ;
#109 = EDGE_CURVE ( 'NONE', #876, #2462, #1864, .T. ) ;
#110 = DIRECTION ( 'NONE',  ( 0.000000000000000000, 0.000000000000000000, 1.000000000000000000 ) ) ;
#111 = ORIENTED_EDGE ( 'NONE', *, *, #545, .F. ) ;
#112 = FACE_OUTER_BOUND ( 'NONE', #1469, .T. ) ;
#113 = ORIENTED_EDGE ( 'NONE', *, *, #2079, .T. ) ;
#114 = CARTESIAN_POINT ( 'NONE',  ( 0.9487338637249129736, 6.476174305613062288, 5.600000000000000533 ) ) ;
#115 = ADVANCED_FACE ( 'NONE', ( #735 ), #1880, .T. ) ;
#116 = FACE_OUTER_BOUND ( 'NONE', #2014, .T. ) ;
#117 = EDGE_CURVE ( 'NONE', #327, #1830, #1713, .T. ) ;
#118 = DIRECTION ( 'NONE',  ( -0.9973014606884310629, 0.07341523349225186068, 0.000000000000000000 ) ) ;
#119 = DIRECTION ( 'NONE',  ( 0.8288985699993679512, 0.5593989280048747847, 0.000000000000000000 ) ) ;
#120 = DIRECTION ( 'NONE',  ( 0.3090169943749448422, 0.9510565162951544194, 0.000000000000000000 ) ) ;
#121 = ORIENTED_EDGE ( 'NONE', *, *, #2777, .F. ) ;
#122 = DIRECTION ( 'NONE',  ( -0.000000000000000000, -0.000000000000000000, 1.000000000000000000 ) ) ;
#123 = ADVANCED_FACE ( 'NONE', ( #476, #1388 ), #1180, .T. ) ;
#124 = CIRCLE ( 'NONE', #1792, 6.425000000000000711 ) ;
#125 = DIRECTION ( 'NONE',  ( 1.000000000000000000, 0.000000000000000000, 0.000000000000000000 ) ) ;
#126 = ORIENTED_EDGE ( 'NONE', *, *, #534, .T. ) ;
#127 = VERTEX_POINT ( 'NONE', #771 ) ;
#128 = DIRECTION ( 'NONE',  ( 1.000000000000000000, 0.000000000000000000, 0.000000000000000000 ) ) ;
#129 = CARTESIAN_POINT ( 'NONE',  ( 20.86790418964721994, -13.30163674519122630, 5.600000000000000533 ) ) ;
#130 = DIRECTION ( 'NONE',  ( -0.000000000000000000, -0.000000000000000000, -1.000000000000000000 ) ) ;
#131 = DIRECTION ( 'NONE',  ( -0.000000000000000000, -0.000000000000000000, -1.000000000000000000 ) ) ;
#132 = CARTESIAN_POINT ( 'NONE',  ( 30.86319377600110414, -3.215907315548600653, 3.600000000000000089 ) ) ;
#133 = VECTOR ( 'NONE', #2362, 1000.000000000000000 ) ;
#134 = CARTESIAN_POINT ( 'NONE',  ( 0.000000000000000000, 0.000000000000000000, 5.599999999999999645 ) ) ;
#135 = CIRCLE ( 'NONE', #506, 5.000000000000000888 ) ;
#136 = DIRECTION ( 'NONE',  ( -0.8090169943749507819, 0.5877852522924685852, 0.000000000000000000 ) ) ;
#137 = CIRCLE ( 'NONE', #510, 3.009777261265890402 ) ;
#138 = VERTEX_POINT ( 'NONE', #620 ) ;
#139 = EDGE_CURVE ( 'NONE', #1721, #314, #2345, .T. ) ;
#140 = EDGE_LOOP ( 'NONE', ( #2706, #2404, #32, #1031 ) ) ;
#141 = EDGE_LOOP ( 'NONE', ( #1015, #2274, #433, #2311 ) ) ;
#142 = ORIENTED_EDGE ( 'NONE', *, *, #813, .F. ) ;
#143 = DIRECTION ( 'NONE',  ( -0.4367782276403637254, -0.8995692190483969286, 0.000000000000000000 ) ) ;
#144 = AXIS2_PLACEMENT_3D ( 'NONE', #2807, #2779, #2564 ) ;
#145 = DIRECTION ( 'NONE',  ( 0.000000000000000000, 0.000000000000000000, 1.000000000000000000 ) ) ;
#146 = DIRECTION ( 'NONE',  ( 0.000000000000000000, 0.000000000000000000, 1.000000000000000000 ) ) ;
#147 = DIRECTION ( 'NONE',  ( 0.9510565162951531981, 0.3090169943749482839, 0.000000000000000000 ) ) ;
#148 = DIRECTION ( 'NONE',  ( -0.000000000000000000, -0.000000000000000000, -1.000000000000000000 ) ) ;
#149 = CARTESIAN_POINT ( 'NONE',  ( 30.49611760853984421, -8.202414618990754747, 3.600000000000000089 ) ) ;
#150 = EDGE_CURVE ( 'NONE', #2194, #2506, #1660, .T. ) ;
#151 = CARTESIAN_POINT ( 'NONE',  ( -7.591833786322155220, 6.354058526710107735, 5.599999999999999645 ) ) ;
#152 = AXIS2_PLACEMENT_3D ( 'NONE', #1402, #1184, #2538 ) ;
#153 = ORIENTED_EDGE ( 'NONE', *, *, #2568, .T. ) ;
#154 = EDGE_CURVE ( 'NONE', #609, #1427, #372, .T. ) ;
#155 = EDGE_LOOP ( 'NONE', ( #2219, #403, #2248, #180 ) ) ;
#156 = ORIENTED_EDGE ( 'NONE', *, *, #2302, .F. ) ;
#157 = CIRCLE ( 'NONE', #1964, 6.999999999999995559 ) ;
#158 = ORIENTED_EDGE ( 'NONE', *, *, #648, .T. ) ;
#159 = DIRECTION ( 'NONE',  ( -0.000000000000000000, -0.000000000000000000, -1.000000000000000000 ) ) ;
#160 = CARTESIAN_POINT ( 'NONE',  ( 0.000000000000000000, 0.000000000000000000, 0.000000000000000000 ) ) ;
#161 = EDGE_CURVE ( 'NONE', #2205, #2369, #1991, .T. ) ;
#162 = DIRECTION ( 'NONE',  ( -0.8090169943749507819, 0.5877852522924684742, 0.000000000000000000 ) ) ;
#163 = DIRECTION ( 'NONE',  ( -1.000000000000000000, 0.000000000000000000, 0.000000000000000000 ) ) ;
#164 = DIRECTION ( 'NONE',  ( -0.000000000000000000, -0.000000000000000000, -1.000000000000000000 ) ) ;
#165 = CARTESIAN_POINT ( 'NONE',  ( -5.088205065253063708, 8.492359460946831362, 0.000000000000000000 ) ) ;
#166 = ORIENTED_EDGE ( 'NONE', *, *, #790, .T. ) ;
#167 = CARTESIAN_POINT ( 'NONE',  ( 49.60796630892207304, -10.78767380862165304, 3.600000000000000089 ) ) ;
#168 = ORIENTED_EDGE ( 'NONE', *, *, #22, .F. ) ;
#169 = VERTEX_POINT ( 'NONE', #1422 ) ;
#170 = EDGE_LOOP ( 'NONE', ( #1698, #1795, #2536, #1736 ) ) ;
#171 = CIRCLE ( 'NONE', #644, 1.000000000000000000 ) ;
#172 = DIRECTION ( 'NONE',  ( 0.000000000000000000, 0.000000000000000000, 1.000000000000000000 ) ) ;
#173 = AXIS2_PLACEMENT_3D ( 'NONE', #554, #582, #1499 ) ;
#174 = LINE ( 'NONE', #677, #220 ) ;
#175 = CARTESIAN_POINT ( 'NONE',  ( 0.000000000000000000, 0.000000000000000000, 4.599999999999999645 ) ) ;
#176 = APPROVAL_STATUS ( 'not_yet_approved' ) ;
#177 = VERTEX_POINT ( 'NONE', #1323 ) ;
#178 = DIRECTION ( 'NONE',  ( 0.4868304963150708597, -0.8734964612736688672, 0.000000000000000000 ) ) ;
#179 = AXIS2_PLACEMENT_3D ( 'NONE', #1938, #475, #965 ) ;
#180 = ORIENTED_EDGE ( 'NONE', *, *, #2644, .F. ) ;
#181 = AXIS2_PLACEMENT_3D ( 'NONE', #2010, #1815, #2443 ) ;
#182 = EDGE_LOOP ( 'NONE', ( #64, #2012, #548, #2436, #2288 ) ) ;
#183 = ORIENTED_EDGE ( 'NONE', *, *, #856, .F. ) ;
#184 = CC_DESIGN_SECURITY_CLASSIFICATION ( #342, ( #1053 ) ) ;
#185 = CARTESIAN_POINT ( 'NONE',  ( 0.000000000000000000, 0.000000000000000000, 0.000000000000000000 ) ) ;
#186 = CARTESIAN_POINT ( 'NONE',  ( 0.000000000000000000, 0.000000000000000000, 5.599999999999999645 ) ) ;
#187 = ADVANCED_FACE ( 'NONE', ( #636 ), #276, .T. ) ;
#188 = FACE_OUTER_BOUND ( 'NONE', #1348, .T. ) ;
#189 = AXIS2_PLACEMENT_3D ( 'NONE', #1883, #2593, #748 ) ;
#190 = CARTESIAN_POINT ( 'NONE',  ( 18.27055477708032072, -22.95843621649838440, 4.599999999999999645 ) ) ;
#191 = ADVANCED_FACE ( 'NONE', ( #1546 ), #2885, .T. ) ;
#192 = SHAPE_DEFINITION_REPRESENTATION ( #29, #635 ) ;
#193 = AXIS2_PLACEMENT_3D ( 'NONE', #1532, #2468, #1786 ) ;
#194 = ORIENTED_EDGE ( 'NONE', *, *, #934, .T. ) ;
#195 = ORIENTED_EDGE ( 'NONE', *, *, #2568, .F. ) ;
#196 = DIRECTION ( 'NONE',  ( -0.4364420614358169304, 0.8997323641003777128, 0.000000000000000000 ) ) ;
#197 = AXIS2_PLACEMENT_3D ( 'NONE', #2017, #2223, #629 ) ;
#198 = CIRCLE ( 'NONE', #1860, 10.00000000000000178 ) ;
#199 = VERTEX_POINT ( 'NONE', #581 ) ;
#200 = CC_DESIGN_APPROVAL ( #2363, ( #342 ) ) ;
#201 = EDGE_LOOP ( 'NONE', ( #2605, #1931, #596, #2565 ) ) ;
#202 = CARTESIAN_POINT ( 'NONE',  ( -6.504371968026362083, -7.463453979328398269, 5.599999999999999645 ) ) ;
#203 = DIRECTION ( 'NONE',  ( -0.000000000000000000, -0.000000000000000000, -1.000000000000000000 ) ) ;
#204 = EDGE_CURVE ( 'NONE', #2379, #875, #1084, .T. ) ;
#205 = FACE_OUTER_BOUND ( 'NONE', #2703, .T. ) ;
#206 = DIRECTION ( 'NONE',  ( 0.000000000000000000, 0.000000000000000000, 1.000000000000000000 ) ) ;
#207 = EDGE_CURVE ( 'NONE', #1893, #1356, #2457, .T. ) ;
#208 = ORIENTED_EDGE ( 'NONE', *, *, #1478, .T. ) ;
#209 = DIRECTION ( 'NONE',  ( -0.000000000000000000, -0.000000000000000000, -1.000000000000000000 ) ) ;
#210 = ORIENTED_EDGE ( 'NONE', *, *, #1521, .F. ) ;
#211 = VERTEX_POINT ( 'NONE', #886 ) ;
#212 = DIRECTION ( 'NONE',  ( -1.000000000000000000, 0.000000000000000000, 0.000000000000000000 ) ) ;
#213 = CARTESIAN_POINT ( 'NONE',  ( -9.649055640082156771, -2.214887187781523270, 5.599999999999999645 ) ) ;
#214 = CIRCLE ( 'NONE', #2023, 9.900000000000002132 ) ;
#215 = ORIENTED_EDGE ( 'NONE', *, *, #1112, .F. ) ;
#216 = AXIS2_PLACEMENT_3D ( 'NONE', #2542, #1669, #513 ) ;
#217 = CARTESIAN_POINT ( 'NONE',  ( 1.668796997574233609, 6.204493660314854608, 5.599999999999999645 ) ) ;
#218 = AXIS2_PLACEMENT_3D ( 'NONE', #69, #742, #977 ) ;
#219 = CARTESIAN_POINT ( 'NONE',  ( 1.928531938830923442, 7.170173607445572195, 4.599999999999999645 ) ) ;
#220 = VECTOR ( 'NONE', #661, 1000.000000000000000 ) ;
#221 = CARTESIAN_POINT ( 'NONE',  ( -3.697063108304941892, -9.183775061117875893, 5.599999999999999645 ) ) ;
#222 = PERSON_AND_ORGANIZATION_ROLE ( 'creator' ) ;
#223 = ORIENTED_EDGE ( 'NONE', *, *, #1214, .F. ) ;
#224 = VERTEX_POINT ( 'NONE', #427 ) ;
#225 = DIRECTION ( 'NONE',  ( 0.000000000000000000, 0.000000000000000000, 1.000000000000000000 ) ) ;
#226 = AXIS2_PLACEMENT_3D ( 'NONE', #1649, #2823, #1010 ) ;
#227 = ORIENTED_EDGE ( 'NONE', *, *, #819, .T. ) ;
#228 = DIRECTION ( 'NONE',  ( 0.000000000000000000, 0.000000000000000000, 1.000000000000000000 ) ) ;
#229 = ADVANCED_FACE ( 'NONE', ( #1803 ), #2455, .T. ) ;
#230 = AXIS2_PLACEMENT_3D ( 'NONE', #1924, #2156, #2573 ) ;
#231 = CARTESIAN_POINT ( 'NONE',  ( -4.493850614800948939, 5.910662539162014895, 0.000000000000000000 ) ) ;
#232 = AXIS2_PLACEMENT_3D ( 'NONE', #2764, #2, #2720 ) ;
#233 = ORIENTED_EDGE ( 'NONE', *, *, #1968, .T. ) ;
#234 = CYLINDRICAL_SURFACE ( 'NONE', #51, 7.425000000000000711 ) ;
#235 = CARTESIAN_POINT ( 'NONE',  ( 30.57563275392932667, -17.22076148067771229, 0.000000000000000000 ) ) ;
#236 = ORIENTED_EDGE ( 'NONE', *, *, #872, .F. ) ;
#237 = CIRCLE ( 'NONE', #144, 3.009777261265889958 ) ;
#238 = AXIS2_PLACEMENT_3D ( 'NONE', #8, #2714, #1814 ) ;
#239 = CARTESIAN_POINT ( 'NONE',  ( 0.000000000000000000, 0.000000000000000000, 0.000000000000000000 ) ) ;
#240 = EDGE_CURVE ( 'NONE', #853, #2710, #1848, .T. ) ;
#241 = DIRECTION ( 'NONE',  ( 1.000000000000000000, -1.810146235801884926E-15, 0.000000000000000000 ) ) ;
#242 = AXIS2_PLACEMENT_3D ( 'NONE', #1199, #2831, #2552 ) ;
#243 = CARTESIAN_POINT ( 'NONE',  ( 30.49611760853984421, -8.202414618990754747, 10.00000000000000000 ) ) ;
#244 = AXIS2_PLACEMENT_3D ( 'NONE', #1428, #33, #1167 ) ;
#245 = ORIENTED_EDGE ( 'NONE', *, *, #2735, .T. ) ;
#246 = PLANE ( 'NONE',  #670 ) ;
#247 = ORIENTED_EDGE ( 'NONE', *, *, #1518, .F. ) ;
#248 = DIRECTION ( 'NONE',  ( -1.000000000000000000, 0.000000000000000000, 0.000000000000000000 ) ) ;
#249 = FACE_OUTER_BOUND ( 'NONE', #1944, .T. ) ;
#250 = EDGE_CURVE ( 'NONE', #2450, #2207, #1256, .T. ) ;
#251 = ORIENTED_EDGE ( 'NONE', *, *, #2080, .T. ) ;
#252 = ORIENTED_EDGE ( 'NONE', *, *, #2526, .F. ) ;
#253 = DIRECTION ( 'NONE',  ( -0.000000000000000000, -0.000000000000000000, -1.000000000000000000 ) ) ;
#254 = DIRECTION ( 'NONE',  ( 0.9510565162951533091, 0.3090169943749481729, 0.000000000000000000 ) ) ;
#255 = CARTESIAN_POINT ( 'NONE',  ( 0.000000000000000000, 0.000000000000000000, 1.000000000000000000 ) ) ;
#256 = CYLINDRICAL_SURFACE ( 'NONE', #1074, 7.425000000000000711 ) ;
#257 = APPROVAL ( #1638, '未指定' ) ;
#258 = ORIENTED_EDGE ( 'NONE', *, *, #2164, .T. ) ;
#259 = CARTESIAN_POINT ( 'NONE',  ( -2.279326625612735135, 7.948956596392994456, 5.599999999999999645 ) ) ;
#260 = VERTEX_POINT ( 'NONE', #396 ) ;
#261 = DIRECTION ( 'NONE',  ( 0.000000000000000000, 0.000000000000000000, 1.000000000000000000 ) ) ;
#262 = CYLINDRICAL_SURFACE ( 'NONE', #2916, 3.009777261265889958 ) ;
#263 = ADVANCED_FACE ( 'NONE', ( #1335 ), #2429, .T. ) ;
#264 = ORIENTED_EDGE ( 'NONE', *, *, #2220, .F. ) ;
#265 = AXIS2_PLACEMENT_3D ( 'NONE', #291, #941, #2525 ) ;
#266 = VERTEX_POINT ( 'NONE', #1560 ) ;
#267 = DIRECTION ( 'NONE',  ( 0.3090169943749447867, 0.9510565162951545304, 0.000000000000000000 ) ) ;
#268 = DIRECTION ( 'NONE',  ( -1.000000000000000000, 0.000000000000000000, 0.000000000000000000 ) ) ;
#269 = CIRCLE ( 'NONE', #368, 3.009777261265890846 ) ;
#270 = LINE ( 'NONE', #1371, #925 ) ;
#271 = VERTEX_POINT ( 'NONE', #2668 ) ;
#272 = DIRECTION ( 'NONE',  ( -0.000000000000000000, -0.000000000000000000, -1.000000000000000000 ) ) ;
#273 = CIRCLE ( 'NONE', #2224, 3.009777261265889514 ) ;
#274 = EDGE_CURVE ( 'NONE', #1241, #2450, #1178, .T. ) ;
#275 = CARTESIAN_POINT ( 'NONE',  ( 0.000000000000000000, 0.000000000000000000, 0.000000000000000000 ) ) ;
#276 = TOROIDAL_SURFACE ( 'NONE', #1898, 14.00000000000000533, 1.000000000000000000 ) ;
#277 = ORIENTED_EDGE ( 'NONE', *, *, #2020, .F. ) ;
#278 = DIRECTION ( 'NONE',  ( -1.000000000000000000, 0.000000000000000000, 0.000000000000000000 ) ) ;
#279 = VERTEX_POINT ( 'NONE', #633 ) ;
#280 = DIRECTION ( 'NONE',  ( -0.000000000000000000, -0.000000000000000000, -1.000000000000000000 ) ) ;
#281 = AXIS2_PLACEMENT_3D ( 'NONE', #1196, #1928, #347 ) ;
#282 = EDGE_CURVE ( 'NONE', #1826, #483, #416, .T. ) ;
#283 = CARTESIAN_POINT ( 'NONE',  ( -5.091086398338004138, -6.516293434324805567, 5.599999999999999645 ) ) ;
#284 = ADVANCED_FACE ( 'NONE', ( #1308 ), #1034, .T. ) ;
#285 = CARTESIAN_POINT ( 'NONE',  ( -2.115049005690108341, -6.066893167308066381, 5.599999999999999645 ) ) ;
#286 = VERTEX_POINT ( 'NONE', #221 ) ;
#287 = DIRECTION ( 'NONE',  ( 0.000000000000000000, 0.000000000000000000, 1.000000000000000000 ) ) ;
#288 = ORIENTED_EDGE ( 'NONE', *, *, #734, .F. ) ;
#289 = CARTESIAN_POINT ( 'NONE',  ( 54.10796630892206593, -10.78767380862165304, 1.000000000000000888 ) ) ;
#290 = CIRCLE ( 'NONE', #2098, 1.999999999999999778 ) ;
#291 = CARTESIAN_POINT ( 'NONE',  ( -2.279326625612735135, 7.948956596392994456, 5.599999999999999645 ) ) ;
#292 = ADVANCED_FACE ( 'NONE', ( #2818 ), #1733, .T. ) ;
#293 = ORIENTED_EDGE ( 'NONE', *, *, #543, .F. ) ;
#294 = DIRECTION ( 'NONE',  ( 1.000000000000000000, 1.734723475976806700E-15, 0.000000000000000000 ) ) ;
#295 = ADVANCED_FACE ( 'NONE', ( #2415 ), #2137, .T. ) ;
#296 = VERTEX_POINT ( 'NONE', #1949 ) ;
#297 =( LENGTH_UNIT ( ) NAMED_UNIT ( * ) SI_UNIT ( .MILLI., .METRE. ) );
#298 = DIRECTION ( 'NONE',  ( 0.8288985699993679512, 0.5593989280048747847, 0.000000000000000000 ) ) ;
#299 = DIRECTION ( 'NONE',  ( -0.9510565162951556406, 0.3090169943749411785, 0.000000000000000000 ) ) ;
#300 = ORIENTED_EDGE ( 'NONE', *, *, #600, .F. ) ;
#301 = CARTESIAN_POINT ( 'NONE',  ( 27.87901585109068492, -17.60330075703262054, 4.599999999999999645 ) ) ;
#302 = ORIENTED_EDGE ( 'NONE', *, *, #1556, .T. ) ;
#303 = LINE ( 'NONE', #2117, #2660 ) ;
#304 = CARTESIAN_POINT ( 'NONE',  ( -3.879691228251194168, -9.108128016965439500, 0.000000000000000000 ) ) ;
#305 = ORIENTED_EDGE ( 'NONE', *, *, #139, .T. ) ;
#306 = DIRECTION ( 'NONE',  ( 1.000000000000000000, 1.734723475976807094E-15, 0.000000000000000000 ) ) ;
#307 = ORIENTED_EDGE ( 'NONE', *, *, #59, .T. ) ;
#308 = TOROIDAL_SURFACE ( 'NONE', #2530, 11.50000000000000533, 2.000000000000000000 ) ;
#309 = CARTESIAN_POINT ( 'NONE',  ( -2.079495785064169766, -6.587586071407008248, 0.1149481267774689897 ) ) ;
#310 = CIRCLE ( 'NONE', #359, 5.000000000000000888 ) ;
#311 = CARTESIAN_POINT ( 'NONE',  ( -1.928531938830924553, -7.170173607445571307, -39.59147899454167430 ) ) ;
#312 = AXIS2_PLACEMENT_3D ( 'NONE', #243, #2707, #705 ) ;
#313 = DIRECTION ( 'NONE',  ( -1.000000000000000000, 0.000000000000000000, 0.000000000000000000 ) ) ;
#314 = VERTEX_POINT ( 'NONE', #384 ) ;
#315 = DIRECTION ( 'NONE',  ( 1.000000000000000000, 0.000000000000000000, 0.000000000000000000 ) ) ;
#316 = ORIENTED_EDGE ( 'NONE', *, *, #2752, .F. ) ;
#317 = DIRECTION ( 'NONE',  ( -1.000000000000000000, 0.000000000000000000, 0.000000000000000000 ) ) ;
#318 = CARTESIAN_POINT ( 'NONE',  ( -9.649055640082156771, -2.214887187781523270, 0.000000000000000000 ) ) ;
#319 = CIRCLE ( 'NONE', #230, 9.999999999999998224 ) ;
#320 = EDGE_CURVE ( 'NONE', #2366, #2287, #800, .T. ) ;
#321 = DIRECTION ( 'NONE',  ( -1.000000000000000000, 0.000000000000000000, 0.000000000000000000 ) ) ;
#322 = CARTESIAN_POINT ( 'NONE',  ( 30.89893035275242283, -0.6218746302551303451, -39.59147899454167430 ) ) ;
#323 = DIRECTION ( 'NONE',  ( 1.000000000000000000, 0.000000000000000000, 0.000000000000000000 ) ) ;
#324 = ORIENTED_EDGE ( 'NONE', *, *, #1662, .T. ) ;
#325 = VECTOR ( 'NONE', #746, 1000.000000000000000 ) ;
#326 = LINE ( 'NONE', #2533, #1512 ) ;
#327 = VERTEX_POINT ( 'NONE', #1717 ) ;
#328 = ORIENTED_EDGE ( 'NONE', *, *, #2747, .T. ) ;
#329 = EDGE_CURVE ( 'NONE', #698, #2488, #2837, .T. ) ;
#330 = AXIS2_PLACEMENT_3D ( 'NONE', #555, #1466, #2373 ) ;
#331 = CARTESIAN_POINT ( 'NONE',  ( 0.6781733939056497906, 9.876744445807966954, 0.000000000000000000 ) ) ;
#332 = ORIENTED_EDGE ( 'NONE', *, *, #2613, .T. ) ;
#333 = EDGE_CURVE ( 'NONE', #627, #1496, #135, .T. ) ;
#334 = ORIENTED_EDGE ( 'NONE', *, *, #59, .F. ) ;
#335 = DIRECTION ( 'NONE',  ( 0.000000000000000000, 0.000000000000000000, 1.000000000000000000 ) ) ;
#336 = CARTESIAN_POINT ( 'NONE',  ( 0.000000000000000000, 0.000000000000000000, 5.599999999999999645 ) ) ;
#337 = CARTESIAN_POINT ( 'NONE',  ( -5.134899358225692545, 5.363155188962314135, 0.000000000000000000 ) ) ;
#338 = VECTOR ( 'NONE', #523, 1000.000000000000000 ) ;
#339 = VECTOR ( 'NONE', #1227, 1000.000000000000000 ) ;
#340 = CARTESIAN_POINT ( 'NONE',  ( -1.928531938830924553, -7.170173607445571307, 1.000000000000000888 ) ) ;
#341 = DIRECTION ( 'NONE',  ( -0.000000000000000000, -0.000000000000000000, -1.000000000000000000 ) ) ;
#342 = SECURITY_CLASSIFICATION ( '', '', #2430 ) ;
#343 = EDGE_CURVE ( 'NONE', #1152, #2076, #2176, .T. ) ;
#344 = LINE ( 'NONE', #1271, #2863 ) ;
#345 = EDGE_LOOP ( 'NONE', ( #419, #2308, #1396, #628 ) ) ;
#346 = ADVANCED_FACE ( 'NONE', ( #1269 ), #1965, .T. ) ;
#347 = DIRECTION ( 'NONE',  ( 1.000000000000000000, 0.000000000000000000, 0.000000000000000000 ) ) ;
#348 = ORIENTED_EDGE ( 'NONE', *, *, #1132, .T. ) ;
#349 = CARTESIAN_POINT ( 'NONE',  ( 30.49611760853984421, -8.202414618990754747, 3.600000000000000089 ) ) ;
#350 = ORIENTED_EDGE ( 'NONE', *, *, #662, .T. ) ;
#351 = DIRECTION ( 'NONE',  ( -0.000000000000000000, -0.000000000000000000, -1.000000000000000000 ) ) ;
#352 = FACE_OUTER_BOUND ( 'NONE', #95, .T. ) ;
#353 = CARTESIAN_POINT ( 'NONE',  ( -7.770595549723508633, 2.828265482620750504, 5.599999999999999645 ) ) ;
#354 = CARTESIAN_POINT ( 'NONE',  ( -5.289103886878624650, 7.948956596392994456, 0.000000000000000000 ) ) ;
#355 = DIRECTION ( 'NONE',  ( -1.000000000000000000, 0.000000000000000000, 0.000000000000000000 ) ) ;
#356 = CARTESIAN_POINT ( 'NONE',  ( -2.104169153026920647, -6.899267370254095866, 0.3701296129684498726 ) ) ;
#357 = AXIS2_PLACEMENT_3D ( 'NONE', #2603, #572, #355 ) ;
#358 = AXIS2_PLACEMENT_3D ( 'NONE', #1890, #1155, #2771 ) ;
#359 = AXIS2_PLACEMENT_3D ( 'NONE', #1332, #409, #2211 ) ;
#360 = EDGE_LOOP ( 'NONE', ( #956, #1956, #2043, #1188 ) ) ;
#361 = VERTEX_POINT ( 'NONE', #2202 ) ;
#362 = DIRECTION ( 'NONE',  ( -0.000000000000000000, -0.000000000000000000, 1.000000000000000000 ) ) ;
#363 = EDGE_CURVE ( 'NONE', #271, #1656, #1503, .T. ) ;
#364 = CARTESIAN_POINT ( 'NONE',  ( 0.000000000000000000, 0.000000000000000000, 4.599999999999999645 ) ) ;
#365 = CARTESIAN_POINT ( 'NONE',  ( 0.000000000000000000, 0.000000000000000000, 5.599999999999999645 ) ) ;
#366 = CARTESIAN_POINT ( 'NONE',  ( -8.389074425191868301, -5.256750925104952898, 5.599999999999999645 ) ) ;
#367 = DIRECTION ( 'NONE',  ( 1.000000000000000000, 9.912705577010332452E-16, 0.000000000000000000 ) ) ;
#368 = AXIS2_PLACEMENT_3D ( 'NONE', #1054, #1966, #832 ) ;
#369 = CARTESIAN_POINT ( 'NONE',  ( -2.214887187781488631, 9.649055640082167429, 5.599999999999999645 ) ) ;
#370 = AXIS2_PLACEMENT_3D ( 'NONE', #1697, #1534, #1294 ) ;
#371 = ADVANCED_FACE ( 'NONE', ( #1979 ), #72, .T. ) ;
#372 = CIRCLE ( 'NONE', #1564, 3.009777261265891291 ) ;
#373 = ORIENTED_EDGE ( 'NONE', *, *, #2155, .F. ) ;
#374 = ORIENTED_EDGE ( 'NONE', *, *, #28, .T. ) ;
#375 = VERTEX_POINT ( 'NONE', #2879 ) ;
#376 = EDGE_CURVE ( 'NONE', #17, #1152, #1881, .T. ) ;
#377 = AXIS2_PLACEMENT_3D ( 'NONE', #1706, #1026, #2113 ) ;
#378 = VERTEX_POINT ( 'NONE', #2653 ) ;
#379 = DIRECTION ( 'NONE',  ( -0.8995692190483969286, 0.4367782276403636699, 0.000000000000000000 ) ) ;
#380 = AXIS2_PLACEMENT_3D ( 'NONE', #452, #739, #2051 ) ;
#381 = DIRECTION ( 'NONE',  ( -0.8090169943749507819, 0.5877852522924684742, 0.000000000000000000 ) ) ;
#382 = DIRECTION ( 'NONE',  ( 0.000000000000000000, 0.000000000000000000, 1.000000000000000000 ) ) ;
#383 = FACE_OUTER_BOUND ( 'NONE', #2128, .T. ) ;
#384 = CARTESIAN_POINT ( 'NONE',  ( -1.928531938830924553, -7.170173607445571307, 4.599999999999999645 ) ) ;
#385 = TOROIDAL_SURFACE ( 'NONE', #242, 11.50000000000000533, 2.000000000000000000 ) ;
#386 = APPROVAL ( #176, '未指定' ) ;
#387 = VECTOR ( 'NONE', #2276, 1000.000000000000000 ) ;
#388 = VERTEX_POINT ( 'NONE', #369 ) ;
#389 = DIRECTION ( 'NONE',  ( -0.000000000000000000, -0.000000000000000000, -1.000000000000000000 ) ) ;
#390 = VERTEX_POINT ( 'NONE', #1006 ) ;
#391 = ORIENTED_EDGE ( 'NONE', *, *, #1414, .T. ) ;
#392 = VERTEX_POINT ( 'NONE', #2850 ) ;
#393 = DIRECTION ( 'NONE',  ( 0.000000000000000000, 0.000000000000000000, -1.000000000000000000 ) ) ;
#394 = CARTESIAN_POINT ( 'NONE',  ( -8.389074425191868301, -5.256750925104952898, 5.599999999999999645 ) ) ;
#395 = PLANE ( 'NONE',  #2258 ) ;
#396 = CARTESIAN_POINT ( 'NONE',  ( -9.861235024242464675, 0.8752392796565661159, 5.599999999999999645 ) ) ;
#397 = PERSON_AND_ORGANIZATION ( #2612, #1624 ) ;
#398 = DIRECTION ( 'NONE',  ( -0.9510565162951584162, 0.3090169943749327963, 0.000000000000000000 ) ) ;
#399 = ORIENTED_EDGE ( 'NONE', *, *, #2594, .T. ) ;
#400 = CARTESIAN_POINT ( 'NONE',  ( -6.540885592019885841, 3.513892524268020789, 5.599999999999999645 ) ) ;
#401 = DIRECTION ( 'NONE',  ( -0.8593273499851497021, -0.5114259531618438048, 1.219876084863788895E-15 ) ) ;
#402 = ADVANCED_FACE ( 'NONE', ( #1923 ), #782, .T. ) ;
#403 = ORIENTED_EDGE ( 'NONE', *, *, #2613, .F. ) ;
#404 = VERTEX_POINT ( 'NONE', #2388 ) ;
#405 = AXIS2_PLACEMENT_3D ( 'NONE', #2726, #1602, #2496 ) ;
#406 = DIRECTION ( 'NONE',  ( -0.000000000000000000, -0.000000000000000000, -1.000000000000000000 ) ) ;
#407 = EDGE_CURVE ( 'NONE', #1656, #1165, #1789, .T. ) ;
#408 = ADVANCED_FACE ( 'NONE', ( #1021 ), #1937, .T. ) ;
#409 = DIRECTION ( 'NONE',  ( -0.000000000000000000, -0.000000000000000000, -1.000000000000000000 ) ) ;
#410 = CIRCLE ( 'NONE', #2448, 3.009777261265890402 ) ;
#411 = CARTESIAN_POINT ( 'NONE',  ( -4.009033799157220912, 7.232488426176834295, 5.599999999999999645 ) ) ;
#412 = CARTESIAN_POINT ( 'NONE',  ( 1.257500470440550577, 7.102954915304699135, 0.3707118987095426865 ) ) ;
#413 = DIRECTION ( 'NONE',  ( 0.000000000000000000, 0.000000000000000000, 1.000000000000000000 ) ) ;
#414 = EDGE_CURVE ( 'NONE', #528, #1875, #214, .T. ) ;
#415 = ORIENTED_EDGE ( 'NONE', *, *, #955, .T. ) ;
#416 = CIRCLE ( 'NONE', #2316, 3.009777261265889958 ) ;
#417 = DIRECTION ( 'NONE',  ( -0.000000000000000000, -0.000000000000000000, -1.000000000000000000 ) ) ;
#418 = CIRCLE ( 'NONE', #797, 1.800000000000000044 ) ;
#419 = ORIENTED_EDGE ( 'NONE', *, *, #819, .F. ) ;
#420 = ADVANCED_FACE ( 'NONE', ( #2878 ), #1064, .T. ) ;
#421 = ORIENTED_EDGE ( 'NONE', *, *, #1306, .F. ) ;
#422 = ORIENTED_EDGE ( 'NONE', *, *, #2821, .F. ) ;
#423 = DIRECTION ( 'NONE',  ( 0.000000000000000000, 0.000000000000000000, 1.000000000000000000 ) ) ;
#424 = ADVANCED_FACE ( 'NONE', ( #2862, #815, #2636 ), #395, .F. ) ;
#425 = DIRECTION ( 'NONE',  ( -0.9656799471307166982, 0.2597349412566900551, 0.000000000000000000 ) ) ;
#426 = DIRECTION ( 'NONE',  ( 0.000000000000000000, 0.000000000000000000, 1.000000000000000000 ) ) ;
#427 = CARTESIAN_POINT ( 'NONE',  ( -0.1614012457592478578, 7.423245559582907660, 0.000000000000000000 ) ) ;
#428 = EDGE_LOOP ( 'NONE', ( #2780, #803, #2422, #19 ) ) ;
#429 = EDGE_CURVE ( 'NONE', #327, #2148, #2428, .T. ) ;
#430 = CYLINDRICAL_SURFACE ( 'NONE', #480, 3.009777261265889958 ) ;
#431 = CIRCLE ( 'NONE', #2004, 7.425000000000000711 ) ;
#432 = AXIS2_PLACEMENT_3D ( 'NONE', #97, #1915, #1779 ) ;
#433 = ORIENTED_EDGE ( 'NONE', *, *, #1834, .T. ) ;
#434 = LOCAL_TIME ( 15, 34, 1.000000000000000000, #500 ) ;
#435 = ORIENTED_EDGE ( 'NONE', *, *, #2610, .T. ) ;
#436 = EDGE_LOOP ( 'NONE', ( #62, #2029, #454, #2459 ) ) ;
#437 = CARTESIAN_POINT ( 'NONE',  ( -6.540885592019885841, 3.513892524268020789, 5.599999999999999645 ) ) ;
#438 = ORIENTED_EDGE ( 'NONE', *, *, #1042, .T. ) ;
#439 = CARTESIAN_POINT ( 'NONE',  ( 0.000000000000000000, 0.000000000000000000, 1.000000000000000000 ) ) ;
#440 = CARTESIAN_POINT ( 'NONE',  ( -9.876744445807968731, 0.6781733939056152627, 5.599999999999999645 ) ) ;
#441 = DIRECTION ( 'NONE',  ( 0.000000000000000000, 0.000000000000000000, 1.000000000000000000 ) ) ;
#442 = ORIENTED_EDGE ( 'NONE', *, *, #823, .F. ) ;
#443 = DIRECTION ( 'NONE',  ( 0.000000000000000000, 0.000000000000000000, 1.000000000000000000 ) ) ;
#444 = FACE_OUTER_BOUND ( 'NONE', #2548, .T. ) ;
#445 = ORIENTED_EDGE ( 'NONE', *, *, #117, .F. ) ;
#446 = VERTEX_POINT ( 'NONE', #2414 ) ;
#447 = EDGE_LOOP ( 'NONE', ( #435, #1663, #88, #2761 ) ) ;
#448 = DIRECTION ( 'NONE',  ( 0.000000000000000000, 0.000000000000000000, 1.000000000000000000 ) ) ;
#449 = ORIENTED_EDGE ( 'NONE', *, *, #1208, .T. ) ;
#450 = VECTOR ( 'NONE', #1446, 1000.000000000000000 ) ;
#451 = CARTESIAN_POINT ( 'NONE',  ( 1.320665576569563848, 7.306604371037491497, 5.599999999999999645 ) ) ;
#452 = CARTESIAN_POINT ( 'NONE',  ( 0.000000000000000000, 0.000000000000000000, 5.599999999999999645 ) ) ;
#453 = CALENDAR_DATE ( 2026, 24, 6 ) ;
#454 = ORIENTED_EDGE ( 'NONE', *, *, #2594, .F. ) ;
#455 = CYLINDRICAL_SURFACE ( 'NONE', #1253, 2.299999999999999822 ) ;
#456 = ADVANCED_FACE ( 'NONE', ( #383 ), #1293, .T. ) ;
#457 = EDGE_CURVE ( 'NONE', #1688, #848, #157, .T. ) ;
#458 = DIRECTION ( 'NONE',  ( -1.000000000000000000, 0.000000000000000000, 0.000000000000000000 ) ) ;
#459 = ORIENTED_EDGE ( 'NONE', *, *, #872, .T. ) ;
#460 = CARTESIAN_POINT ( 'NONE',  ( -5.639645671781591041, -6.047779554044771189, 5.599999999999999645 ) ) ;
#461 = CIRCLE ( 'NONE', #1753, 3.009777261265890846 ) ;
#462 = CARTESIAN_POINT ( 'NONE',  ( 24.72496806730906371, 1.038710469699919647, 0.000000000000000000 ) ) ;
#463 = EDGE_CURVE ( 'NONE', #1496, #997, #1978, .T. ) ;
#464 = CIRCLE ( 'NONE', #1609, 11.50000000000000355 ) ;
#465 = ORIENTED_EDGE ( 'NONE', *, *, #1491, .T. ) ;
#466 = FACE_OUTER_BOUND ( 'NONE', #2789, .T. ) ;
#467 = DIRECTION ( 'NONE',  ( 0.000000000000000000, 0.000000000000000000, -1.000000000000000000 ) ) ;
#468 = CARTESIAN_POINT ( 'NONE',  ( 0.000000000000000000, 0.000000000000000000, 0.000000000000000000 ) ) ;
#469 = ORIENTED_EDGE ( 'NONE', *, *, #1250, .F. ) ;
#470 = AXIS2_PLACEMENT_3D ( 'NONE', #353, #1004, #103 ) ;
#471 = ORIENTED_EDGE ( 'NONE', *, *, #363, .T. ) ;
#472 = AXIS2_PLACEMENT_3D ( 'NONE', #1307, #382, #1802 ) ;
#473 = FACE_OUTER_BOUND ( 'NONE', #1913, .T. ) ;
#474 = CC_DESIGN_DATE_AND_TIME_ASSIGNMENT ( #1096, #1363, ( #1077 ) ) ;
#475 = DIRECTION ( 'NONE',  ( 0.000000000000000000, 0.000000000000000000, 1.000000000000000000 ) ) ;
#476 = FACE_OUTER_BOUND ( 'NONE', #906, .T. ) ;
#477 = CIRCLE ( 'NONE', #2141, 6.999999999999995559 ) ;
#478 = CIRCLE ( 'NONE', #2005, 7.425000000000000711 ) ;
#479 = CARTESIAN_POINT ( 'NONE',  ( -5.134899358225691657, 5.363155188962313247, 5.599999999999999645 ) ) ;
#480 = AXIS2_PLACEMENT_3D ( 'NONE', #2702, #1832, #1607 ) ;
#481 = ORIENTED_EDGE ( 'NONE', *, *, #2518, .T. ) ;
#482 = DIRECTION ( 'NONE',  ( -0.000000000000000000, -0.000000000000000000, -1.000000000000000000 ) ) ;
#483 = VERTEX_POINT ( 'NONE', #2652 ) ;
#484 = CARTESIAN_POINT ( 'NONE',  ( 40.10796630892206593, -10.78767380862165304, 3.600000000000000089 ) ) ;
#485 = CARTESIAN_POINT ( 'NONE',  ( -1.001837319381684521, 7.357101806111842279, 0.000000000000000000 ) ) ;
#486 = EDGE_LOOP ( 'NONE', ( #1055, #1780, #1443, #991 ) ) ;
#487 = DIRECTION ( 'NONE',  ( 0.000000000000000000, -1.000000000000000000, 0.000000000000000000 ) ) ;
#488 = DIRECTION ( 'NONE',  ( -0.000000000000000000, -0.000000000000000000, -1.000000000000000000 ) ) ;
#489 = CYLINDRICAL_SURFACE ( 'NONE', #1699, 3.009777261265889958 ) ;
#490 = ADVANCED_FACE ( 'NONE', ( #1279 ), #616, .F. ) ;
#491 = ORIENTED_EDGE ( 'NONE', *, *, #2184, .F. ) ;
#492 = CARTESIAN_POINT ( 'NONE',  ( -5.363155188962296371, -5.134899358225710309, 5.599999999999999645 ) ) ;
#493 = ORIENTED_EDGE ( 'NONE', *, *, #376, .T. ) ;
#494 = EDGE_CURVE ( 'NONE', #667, #375, #1821, .T. ) ;
#495 = DIRECTION ( 'NONE',  ( -1.000000000000000000, 0.000000000000000000, 0.000000000000000000 ) ) ;
#496 = CIRCLE ( 'NONE', #2260, 3.009777261265889514 ) ;
#497 = CARTESIAN_POINT ( 'NONE',  ( -3.494755105310459520, -7.494526508824509214, 5.599999999999999645 ) ) ;
#498 = ORIENTED_EDGE ( 'NONE', *, *, #680, .T. ) ;
#499 = ADVANCED_FACE ( 'NONE', ( #962 ), #2760, .T. ) ;
#500 = COORDINATED_UNIVERSAL_TIME_OFFSET ( 8, 0, .AHEAD. ) ;
#501 = DIRECTION ( 'NONE',  ( 0.5593989280048747847, -0.8288985699993679512, 0.000000000000000000 ) ) ;
#502 = CARTESIAN_POINT ( 'NONE',  ( 18.27055477708032072, -22.95843621649838440, 5.599999999999999645 ) ) ;
#503 = CIRCLE ( 'NONE', #2175, 15.00000000000000711 ) ;
#504 = DIRECTION ( 'NONE',  ( 0.5877852522924713607, 0.8090169943749487835, 0.000000000000000000 ) ) ;
#505 = ADVANCED_FACE ( 'NONE', ( #1380 ), #529, .T. ) ;
#506 = AXIS2_PLACEMENT_3D ( 'NONE', #149, #2622, #617 ) ;
#507 = ORIENTED_EDGE ( 'NONE', *, *, #7, .F. ) ;
#508 = DIRECTION ( 'NONE',  ( 0.000000000000000000, 0.000000000000000000, 1.000000000000000000 ) ) ;
#509 = VERTEX_POINT ( 'NONE', #1635 ) ;
#510 = AXIS2_PLACEMENT_3D ( 'NONE', #2657, #2191, #398 ) ;
#511 = ADVANCED_FACE ( 'NONE', ( #915 ), #455, .F. ) ;
#512 = CARTESIAN_POINT ( 'NONE',  ( -9.649055640082156771, -2.214887187781523270, 5.599999999999999645 ) ) ;
#513 = DIRECTION ( 'NONE',  ( 0.000000000000000000, 0.000000000000000000, -1.000000000000000000 ) ) ;
#514 = ORIENTED_EDGE ( 'NONE', *, *, #407, .F. ) ;
#515 = ORIENTED_EDGE ( 'NONE', *, *, #2476, .T. ) ;
#516 = CARTESIAN_POINT ( 'NONE',  ( -0.09754373146142816808, 0.000000000000000000, 3.000000000000000000 ) ) ;
#517 = AXIS2_PLACEMENT_3D ( 'NONE', #1677, #78, #1258 ) ;
#518 = DIRECTION ( 'NONE',  ( 1.000000000000000000, 0.000000000000000000, 0.000000000000000000 ) ) ;
#519 = CARTESIAN_POINT ( 'NONE',  ( -2.140407324811949952, -7.109801789353297430, 4.599999999999999645 ) ) ;
#520 = EDGE_LOOP ( 'NONE', ( #2230, #2591, #1324, #1986 ) ) ;
#521 = DIRECTION ( 'NONE',  ( -0.8995692190483969286, 0.4367782276403636699, 0.000000000000000000 ) ) ;
#522 = ORIENTED_EDGE ( 'NONE', *, *, #139, .F. ) ;
#523 = DIRECTION ( 'NONE',  ( -0.000000000000000000, -0.000000000000000000, -1.000000000000000000 ) ) ;
#524 = AXIS2_PLACEMENT_3D ( 'NONE', #808, #2596, #1442 ) ;
#525 = FACE_OUTER_BOUND ( 'NONE', #170, .T. ) ;
#526 = CARTESIAN_POINT ( 'NONE',  ( -1.928531938830924553, -7.170173607445571307, 4.599999999999999645 ) ) ;
#527 = DIRECTION ( 'NONE',  ( 0.000000000000000000, 0.000000000000000000, 1.000000000000000000 ) ) ;
#528 = VERTEX_POINT ( 'NONE', #1831 ) ;
#529 = TOROIDAL_SURFACE ( 'NONE', #1873, 8.000000000000000000, 2.000000000000000000 ) ;
#530 = DIRECTION ( 'NONE',  ( -0.000000000000000000, -0.000000000000000000, -1.000000000000000000 ) ) ;
#531 = EDGE_CURVE ( 'NONE', #1888, #982, #2729, .T. ) ;
#532 = CARTESIAN_POINT ( 'NONE',  ( 0.2885942357802444014, 8.264257631792538916, 5.599999999999999645 ) ) ;
#533 = ORIENTED_EDGE ( 'NONE', *, *, #2845, .F. ) ;
#534 = EDGE_CURVE ( 'NONE', #968, #2616, #1487, .T. ) ;
#535 = FACE_OUTER_BOUND ( 'NONE', #985, .T. ) ;
#536 = DIRECTION ( 'NONE',  ( -0.000000000000000000, -0.000000000000000000, -1.000000000000000000 ) ) ;
#537 = DIRECTION ( 'NONE',  ( 1.000000000000000000, 0.000000000000000000, 0.000000000000000000 ) ) ;
#538 = DIRECTION ( 'NONE',  ( -0.000000000000000000, -0.000000000000000000, -1.000000000000000000 ) ) ;
#539 = DIRECTION ( 'NONE',  ( -0.4364420614358169304, 0.8997323641003777128, 0.000000000000000000 ) ) ;
#540 = EDGE_CURVE ( 'NONE', #1072, #682, #1865, .T. ) ;
#541 = AXIS2_PLACEMENT_3D ( 'NONE', #2118, #2327, #67 ) ;
#542 = CARTESIAN_POINT ( 'NONE',  ( -5.639645671781591041, -6.047779554044771189, 0.000000000000000000 ) ) ;
#543 = EDGE_CURVE ( 'NONE', #1888, #1344, #974, .T. ) ;
#544 = ORIENTED_EDGE ( 'NONE', *, *, #2479, .F. ) ;
#545 = EDGE_CURVE ( 'NONE', #2351, #2096, #2918, .T. ) ;
#546 = AXIS2_PLACEMENT_3D ( 'NONE', #1149, #2086, #2047 ) ;
#547 = CARTESIAN_POINT ( 'NONE',  ( 0.000000000000000000, 0.000000000000000000, 0.000000000000000000 ) ) ;
#548 = ORIENTED_EDGE ( 'NONE', *, *, #1075, .F. ) ;
#549 = ORIENTED_EDGE ( 'NONE', *, *, #2560, .T. ) ;
#550 = DIRECTION ( 'NONE',  ( -0.000000000000000000, -0.000000000000000000, -1.000000000000000000 ) ) ;
#551 = ORIENTED_EDGE ( 'NONE', *, *, #1478, .F. ) ;
#552 = CARTESIAN_POINT ( 'NONE',  ( 1.320665576569564514, 7.306604371037491497, 4.735872922675327779 ) ) ;
#553 = EDGE_CURVE ( 'NONE', #2096, #627, #2632, .T. ) ;
#554 = CARTESIAN_POINT ( 'NONE',  ( 0.000000000000000000, 0.000000000000000000, 0.000000000000000000 ) ) ;
#555 = CARTESIAN_POINT ( 'NONE',  ( 1.668796997574233387, 6.204493660314854608, 4.599999999999999645 ) ) ;
#556 = DIRECTION ( 'NONE',  ( 0.5593989280048747847, -0.8288985699993679512, 0.000000000000000000 ) ) ;
#557 = CARTESIAN_POINT ( 'NONE',  ( -6.047779554044754313, 5.639645671781612357, 5.599999999999999645 ) ) ;
#558 = CIRCLE ( 'NONE', #89, 6.425000000000000711 ) ;
#559 = CARTESIAN_POINT ( 'NONE',  ( -0.1815117786451120041, 7.770595549723498863, 5.599999999999999645 ) ) ;
#560 = ORIENTED_EDGE ( 'NONE', *, *, #1432, .F. ) ;
#561 = CARTESIAN_POINT ( 'NONE',  ( -2.084070581519195997, -6.336175505674653152, 5.577911442640335338 ) ) ;
#562 = ORIENTED_EDGE ( 'NONE', *, *, #2296, .T. ) ;
#563 = CIRCLE ( 'NONE', #2893, 0.9999999999999996669 ) ;
#564 = CYLINDRICAL_SURFACE ( 'NONE', #2242, 7.425000000000000711 ) ;
#565 = VERTEX_POINT ( 'NONE', #571 ) ;
#566 = CYLINDRICAL_SURFACE ( 'NONE', #2421, 9.900000000000000355 ) ;
#567 = DIRECTION ( 'NONE',  ( 1.000000000000000000, 0.000000000000000000, 0.000000000000000000 ) ) ;
#568 = CIRCLE ( 'NONE', #197, 3.009777261265889958 ) ;
#569 = AXIS2_PLACEMENT_3D ( 'NONE', #2161, #1709, #2673 ) ;
#570 = CARTESIAN_POINT ( 'NONE',  ( -4.232697913335866424, -6.100401083079881381, 5.599999999999999645 ) ) ;
#571 = CARTESIAN_POINT ( 'NONE',  ( -4.232697913335866424, -6.100401083079881381, 0.000000000000000000 ) ) ;
#572 = DIRECTION ( 'NONE',  ( -0.000000000000000000, -0.000000000000000000, -1.000000000000000000 ) ) ;
#573 = AXIS2_PLACEMENT_3D ( 'NONE', #2514, #964, #1876 ) ;
#574 = CARTESIAN_POINT ( 'NONE',  ( -2.115049005690108341, -6.066893167308066381, 0.000000000000000000 ) ) ;
#575 = ORIENTED_EDGE ( 'NONE', *, *, #376, .F. ) ;
#576 = ORIENTED_EDGE ( 'NONE', *, *, #1333, .T. ) ;
#577 = FACE_OUTER_BOUND ( 'NONE', #896, .T. ) ;
#578 = ORIENTED_EDGE ( 'NONE', *, *, #1132, .F. ) ;
#579 = ORIENTED_EDGE ( 'NONE', *, *, #2015, .F. ) ;
#580 = CARTESIAN_POINT ( 'NONE',  ( -9.183775061117861682, 3.697063108304976531, 5.599999999999999645 ) ) ;
#581 = CARTESIAN_POINT ( 'NONE',  ( -9.183775061117861682, 3.697063108304976531, 5.599999999999999645 ) ) ;
#582 = DIRECTION ( 'NONE',  ( 0.000000000000000000, 0.000000000000000000, 1.000000000000000000 ) ) ;
#583 = ADVANCED_FACE ( 'NONE', ( #2387 ), #1646, .T. ) ;
#584 = DIRECTION ( 'NONE',  ( 1.000000000000000000, 0.000000000000000000, 0.000000000000000000 ) ) ;
#585 = CARTESIAN_POINT ( 'NONE',  ( -8.492359460946810046, -5.088205065253091242, 5.599999999999999645 ) ) ;
#586 = CARTESIAN_POINT ( 'NONE',  ( 2.828265482620778037, 7.770595549723498863, 5.599999999999999645 ) ) ;
#587 = APPLICATION_CONTEXT ( 'configuration controlled 3d designs of mechanical parts and assemblies' ) ;
#588 = EDGE_CURVE ( 'NONE', #327, #1673, #1117, .T. ) ;
#589 = EDGE_CURVE ( 'NONE', #1840, #1893, #775, .T. ) ;
#590 = EDGE_LOOP ( 'NONE', ( #1857, #210, #1058, #544 ) ) ;
#591 = AXIS2_PLACEMENT_3D ( 'NONE', #1038, #1467, #1203 ) ;
#592 = AXIS2_PLACEMENT_3D ( 'NONE', #2847, #1730, #2397 ) ;
#593 = ORIENTED_EDGE ( 'NONE', *, *, #850, .F. ) ;
#594 = EDGE_CURVE ( 'NONE', #1539, #875, #1159, .T. ) ;
#595 = ORIENTED_EDGE ( 'NONE', *, *, #540, .T. ) ;
#596 = ORIENTED_EDGE ( 'NONE', *, *, #1961, .F. ) ;
#597 = DIRECTION ( 'NONE',  ( -0.000000000000000000, -0.000000000000000000, -1.000000000000000000 ) ) ;
#598 = ADVANCED_FACE ( 'NONE', ( #781 ), #1907, .T. ) ;
#599 = LINE ( 'NONE', #2583, #921 ) ;
#600 = EDGE_CURVE ( 'NONE', #296, #127, #2018, .T. ) ;
#601 = DIRECTION ( 'NONE',  ( 0.2597349412566902771, 0.9656799471307166982, 0.000000000000000000 ) ) ;
#602 = DIRECTION ( 'NONE',  ( 0.000000000000000000, 0.000000000000000000, 1.000000000000000000 ) ) ;
#603 = CARTESIAN_POINT ( 'NONE',  ( 0.2885942357802444014, 8.264257631792538916, 5.599999999999999645 ) ) ;
#604 = TOROIDAL_SURFACE ( 'NONE', #2360, 11.00000000000000000, 1.000000000000000000 ) ;
#605 = CARTESIAN_POINT ( 'NONE',  ( -2.214887187781488631, 9.649055640082167429, 5.599999999999999645 ) ) ;
#606 = AXIS2_PLACEMENT_3D ( 'NONE', #190, #1993, #2229 ) ;
#607 = DIRECTION ( 'NONE',  ( -0.000000000000000000, -0.000000000000000000, -1.000000000000000000 ) ) ;
#608 = EDGE_LOOP ( 'NONE', ( #373, #1295, #348, #493 ) ) ;
#609 = VERTEX_POINT ( 'NONE', #354 ) ;
#610 = ORIENTED_EDGE ( 'NONE', *, *, #1791, .T. ) ;
#611 = AXIS2_PLACEMENT_3D ( 'NONE', #547, #110, #94 ) ;
#612 = DIRECTION ( 'NONE',  ( -1.000000000000000000, 0.000000000000000000, 0.000000000000000000 ) ) ;
#613 = AXIS2_PLACEMENT_3D ( 'NONE', #2861, #2905, #1545 ) ;
#614 = DIRECTION ( 'NONE',  ( -0.000000000000000000, -0.000000000000000000, -1.000000000000000000 ) ) ;
#615 = CARTESIAN_POINT ( 'NONE',  ( -5.289103886878624650, 7.948956596392994456, 5.599999999999999645 ) ) ;
#616 = CYLINDRICAL_SURFACE ( 'NONE', #2515, 2.299999999999999822 ) ;
#617 = DIRECTION ( 'NONE',  ( 1.000000000000000000, 0.000000000000000000, 0.000000000000000000 ) ) ;
#618 = AXIS2_PLACEMENT_3D ( 'NONE', #870, #883, #2903 ) ;
#619 = APPROVAL_DATE_TIME ( #1805, #386 ) ;
#620 = CARTESIAN_POINT ( 'NONE',  ( -1.001837319381684521, 7.357101806111842279, 5.599999999999999645 ) ) ;
#621 = DIRECTION ( 'NONE',  ( -0.000000000000000000, -0.000000000000000000, -1.000000000000000000 ) ) ;
#622 = AXIS2_PLACEMENT_3D ( 'NONE', #2129, #1260, #128 ) ;
#623 = CARTESIAN_POINT ( 'NONE',  ( -7.306604371037496826, 1.320665576569538091, 0.000000000000000000 ) ) ;
#624 = DIRECTION ( 'NONE',  ( 1.000000000000000000, 0.000000000000000000, 0.000000000000000000 ) ) ;
#625 = EDGE_CURVE ( 'NONE', #2238, #682, #1543, .T. ) ;
#626 = EDGE_CURVE ( 'NONE', #40, #2048, #2298, .T. ) ;
#627 = VERTEX_POINT ( 'NONE', #132 ) ;
#628 = ORIENTED_EDGE ( 'NONE', *, *, #150, .F. ) ;
#629 = DIRECTION ( 'NONE',  ( -0.9510565162951555296, 0.3090169943749411785, 0.000000000000000000 ) ) ;
#630 = EDGE_CURVE ( 'NONE', #1245, #279, #1303, .T. ) ;
#631 = DIRECTION ( 'NONE',  ( 0.9656799471307166982, -0.2597349412566901106, 0.000000000000000000 ) ) ;
#632 = CARTESIAN_POINT ( 'NONE',  ( 40.10796630892206593, -10.78767380862165304, 0.000000000000000000 ) ) ;
#633 = CARTESIAN_POINT ( 'NONE',  ( 30.57563275392933022, -17.22076148067771229, 5.599999999999999645 ) ) ;
#634 = DESIGN_CONTEXT ( 'detailed design', #587, 'design' ) ;
#635 = ADVANCED_BREP_SHAPE_REPRESENTATION ( '指环2', ( #11, #573 ), #2144 ) ;
#636 = FACE_OUTER_BOUND ( 'NONE', #2179, .T. ) ;
#637 = VERTEX_POINT ( 'NONE', #87 ) ;
#638 = EDGE_CURVE ( 'NONE', #2616, #2207, #2909, .T. ) ;
#639 = ORIENTED_EDGE ( 'NONE', *, *, #545, .T. ) ;
#640 = DIRECTION ( 'NONE',  ( 0.000000000000000000, 0.000000000000000000, -1.000000000000000000 ) ) ;
#641 = EDGE_CURVE ( 'NONE', #378, #1241, #344, .T. ) ;
#642 = ORIENTED_EDGE ( 'NONE', *, *, #1556, .F. ) ;
#643 = ORIENTED_EDGE ( 'NONE', *, *, #2008, .F. ) ;
#644 = AXIS2_PLACEMENT_3D ( 'NONE', #289, #2508, #1154 ) ;
#645 = ORIENTED_EDGE ( 'NONE', *, *, #823, .T. ) ;
#646 = DIRECTION ( 'NONE',  ( -1.000000000000000000, 0.000000000000000000, 0.000000000000000000 ) ) ;
#647 = LINE ( 'NONE', #217, #1119 ) ;
#648 = EDGE_CURVE ( 'NONE', #2809, #390, #1641, .T. ) ;
#649 = LINE ( 'NONE', #2456, #1852 ) ;
#650 = CARTESIAN_POINT ( 'NONE',  ( 0.8697893978445845331, 6.365853548692206765, 0.000000000000000000 ) ) ;
#651 = PERSON_AND_ORGANIZATION_ROLE ( 'classification_officer' ) ;
#652 = ORIENTED_EDGE ( 'NONE', *, *, #1122, .F. ) ;
#653 = VECTOR ( 'NONE', #1983, 1000.000000000000000 ) ;
#654 = AXIS2_PLACEMENT_3D ( 'NONE', #1773, #2469, #2036 ) ;
#655 = CARTESIAN_POINT ( 'NONE',  ( 55.10796630892207304, -10.78767380862165304, 4.599999999999999645 ) ) ;
#656 = VECTOR ( 'NONE', #621, 1000.000000000000000 ) ;
#657 = ORIENTED_EDGE ( 'NONE', *, *, #329, .T. ) ;
#658 = ORIENTED_EDGE ( 'NONE', *, *, #641, .T. ) ;
#659 = CARTESIAN_POINT ( 'NONE',  ( -6.855556305701242081, -4.624131115888339139, 5.599999999999999645 ) ) ;
#660 = LINE ( 'NONE', #213, #1799 ) ;
#661 = DIRECTION ( 'NONE',  ( -0.000000000000000000, -0.000000000000000000, -1.000000000000000000 ) ) ;
#662 = EDGE_CURVE ( 'NONE', #1228, #756, #1586, .T. ) ;
#663 = CYLINDRICAL_SURFACE ( 'NONE', #96, 0.9999999999999996669 ) ;
#664 = VECTOR ( 'NONE', #1218, 1000.000000000000000 ) ;
#665 = CARTESIAN_POINT ( 'NONE',  ( 1.019642999256020977, 6.591721958755041300, 0.02208855735966522640 ) ) ;
#666 = PERSON_AND_ORGANIZATION ( #2612, #1624 ) ;
#667 = VERTEX_POINT ( 'NONE', #1236 ) ;
#668 = DIRECTION ( 'NONE',  ( 0.000000000000000000, 0.000000000000000000, 1.000000000000000000 ) ) ;
#669 = DIRECTION ( 'NONE',  ( -1.000000000000000000, 0.000000000000000000, 0.000000000000000000 ) ) ;
#670 = AXIS2_PLACEMENT_3D ( 'NONE', #938, #922, #958 ) ;
#671 = ORIENTED_EDGE ( 'NONE', *, *, #1741, .F. ) ;
#672 = APPROVAL_PERSON_ORGANIZATION ( #949, #257, #2531 ) ;
#673 = ORIENTED_EDGE ( 'NONE', *, *, #772, .T. ) ;
#674 = DIRECTION ( 'NONE',  ( -0.000000000000000000, -0.000000000000000000, -1.000000000000000000 ) ) ;
#675 = ORIENTED_EDGE ( 'NONE', *, *, #2268, .T. ) ;
#676 = VECTOR ( 'NONE', #1757, 1000.000000000000000 ) ;
#677 = CARTESIAN_POINT ( 'NONE',  ( -2.140407324811949952, -7.109801789353297430, 5.599999999999999645 ) ) ;
#678 = EDGE_CURVE ( 'NONE', #2148, #837, #1265, .T. ) ;
#679 = FACE_OUTER_BOUND ( 'NONE', #2851, .T. ) ;
#680 = EDGE_CURVE ( 'NONE', #446, #2110, #319, .T. ) ;
#681 = CALENDAR_DATE ( 2026, 24, 6 ) ;
#682 = VERTEX_POINT ( 'NONE', #786 ) ;
#683 = ORIENTED_EDGE ( 'NONE', *, *, #1020, .T. ) ;
#684 = CARTESIAN_POINT ( 'NONE',  ( -6.687434856461514698, -3.226273398300826045, 5.599999999999999645 ) ) ;
#685 = EDGE_CURVE ( 'NONE', #271, #199, #1989, .T. ) ;
#686 = ORIENTED_EDGE ( 'NONE', *, *, #2307, .T. ) ;
#687 = DIRECTION ( 'NONE',  ( 0.000000000000000000, 0.000000000000000000, 1.000000000000000000 ) ) ;
#688 = ORIENTED_EDGE ( 'NONE', *, *, #282, .F. ) ;
#689 = DIRECTION ( 'NONE',  ( 1.000000000000000000, 0.000000000000000000, 0.000000000000000000 ) ) ;
#690 = ADVANCED_FACE ( 'NONE', ( #1734 ), #604, .T. ) ;
#691 = VERTEX_POINT ( 'NONE', #2806 ) ;
#692 = AXIS2_PLACEMENT_3D ( 'NONE', #1172, #2075, #1856 ) ;
#693 = CARTESIAN_POINT ( 'NONE',  ( 24.46523312605237521, 0.07303052256921109542, 4.599999999999999645 ) ) ;
#694 = CYLINDRICAL_SURFACE ( 'NONE', #1445, 3.009777261265889958 ) ;
#695 = AXIS2_PLACEMENT_3D ( 'NONE', #767, #2634, #811 ) ;
#696 = AXIS2_PLACEMENT_3D ( 'NONE', #1359, #1627, #2930 ) ;
#697 = CYLINDRICAL_SURFACE ( 'NONE', #1835, 9.500000000000005329 ) ;
#698 = VERTEX_POINT ( 'NONE', #559 ) ;
#699 = CARTESIAN_POINT ( 'NONE',  ( -0.09754373146142816808, 0.000000000000000000, 3.000000000000000000 ) ) ;
#700 = ORIENTED_EDGE ( 'NONE', *, *, #2698, .T. ) ;
#701 = DIRECTION ( 'NONE',  ( -0.000000000000000000, -0.000000000000000000, -1.000000000000000000 ) ) ;
#702 = DIRECTION ( 'NONE',  ( 0.000000000000000000, 0.000000000000000000, 1.000000000000000000 ) ) ;
#703 = DIRECTION ( 'NONE',  ( -0.000000000000000000, -0.000000000000000000, -1.000000000000000000 ) ) ;
#704 = AXIS2_PLACEMENT_3D ( 'NONE', #1041, #770, #1908 ) ;
#705 = DIRECTION ( 'NONE',  ( -1.000000000000000000, 0.000000000000000000, 0.000000000000000000 ) ) ;
#706 = CIRCLE ( 'NONE', #2125, 11.00000000000000000 ) ;
#707 = VERTEX_POINT ( 'NONE', #1683 ) ;
#708 = CARTESIAN_POINT ( 'NONE',  ( -5.088205065253063708, 8.492359460946831362, 5.599999999999999645 ) ) ;
#709 = DIRECTION ( 'NONE',  ( 0.000000000000000000, 0.000000000000000000, 1.000000000000000000 ) ) ;
#710 = DIRECTION ( 'NONE',  ( -1.000000000000000000, 0.000000000000000000, 0.000000000000000000 ) ) ;
#711 = AXIS2_PLACEMENT_3D ( 'NONE', #1515, #2877, #162 ) ;
#712 = ORIENTED_EDGE ( 'NONE', *, *, #2601, .F. ) ;
#713 = AXIS2_PLACEMENT_3D ( 'NONE', #632, #2412, #2650 ) ;
#714 = PERSON_AND_ORGANIZATION ( #2612, #1624 ) ;
#715 = EDGE_CURVE ( 'NONE', #876, #1888, #2272, .T. ) ;
#716 = CARTESIAN_POINT ( 'NONE',  ( -9.602909268817404254, -2.407100657401108013, 5.599999999999999645 ) ) ;
#717 = CARTESIAN_POINT ( 'NONE',  ( 0.000000000000000000, 0.000000000000000000, 5.599999999999999645 ) ) ;
#718 = AXIS2_PLACEMENT_3D ( 'NONE', #349, #2382, #624 ) ;
#719 = CARTESIAN_POINT ( 'NONE',  ( 40.10796630892206593, -10.78767380862165304, 5.599999999999999645 ) ) ;
#720 = AXIS2_PLACEMENT_3D ( 'NONE', #2263, #2749, #2500 ) ;
#721 = ORIENTED_EDGE ( 'NONE', *, *, #2020, .T. ) ;
#722 = LINE ( 'NONE', #492, #1506 ) ;
#723 = ORIENTED_EDGE ( 'NONE', *, *, #531, .F. ) ;
#724 = DIRECTION ( 'NONE',  ( 0.3090169943749448422, 0.9510565162951544194, 0.000000000000000000 ) ) ;
#725 = EDGE_CURVE ( 'NONE', #2474, #1790, #1451, .T. ) ;
#726 = AXIS2_PLACEMENT_3D ( 'NONE', #1502, #945, #2717 ) ;
#727 = DIRECTION ( 'NONE',  ( -0.000000000000000000, -0.000000000000000000, -1.000000000000000000 ) ) ;
#728 = ORIENTED_EDGE ( 'NONE', *, *, #1994, .T. ) ;
#729 = DIRECTION ( 'NONE',  ( 1.000000000000000000, 0.000000000000000000, 0.000000000000000000 ) ) ;
#730 = ORIENTED_EDGE ( 'NONE', *, *, #2138, .F. ) ;
#731 = CARTESIAN_POINT ( 'NONE',  ( -0.1614012457592478578, 7.423245559582907660, 5.599999999999999645 ) ) ;
#732 = ADVANCED_FACE ( 'NONE', ( #1023 ), #2741, .T. ) ;
#733 = CYLINDRICAL_SURFACE ( 'NONE', #1036, 3.009777261265890846 ) ;
#734 = EDGE_CURVE ( 'NONE', #2423, #1781, #326, .T. ) ;
#735 = FACE_OUTER_BOUND ( 'NONE', #2661, .T. ) ;
#736 = FACE_OUTER_BOUND ( 'NONE', #141, .T. ) ;
#737 = ORIENTED_EDGE ( 'NONE', *, *, #2704, .F. ) ;
#738 = DIRECTION ( 'NONE',  ( -0.000000000000000000, -0.000000000000000000, -1.000000000000000000 ) ) ;
#739 = DIRECTION ( 'NONE',  ( -0.000000000000000000, -0.000000000000000000, -1.000000000000000000 ) ) ;
#740 = FACE_OUTER_BOUND ( 'NONE', #140, .T. ) ;
#741 = CIRCLE ( 'NONE', #2731, 3.009777261265889514 ) ;
#742 = DIRECTION ( 'NONE',  ( 0.000000000000000000, 0.000000000000000000, 1.000000000000000000 ) ) ;
#743 = ORIENTED_EDGE ( 'NONE', *, *, #70, .F. ) ;
#744 = APPLICATION_PROTOCOL_DEFINITION ( 'international standard', 'config_control_design', 1994, #2618 ) ;
#745 = B_SPLINE_CURVE_WITH_KNOTS ( 'NONE', 3,
 ( #519, #1454, #1687, #1942, #2145, #2321, #1011, #561, #60, #285 ),
 .UNSPECIFIED., .F., .F.,
 ( 4, 2, 2, 2, 4 ),
 ( 0.000000000000000000, 0.0004017372491786654325, 0.0008034744983573308651, 0.001205211747535996298, 0.001606948996714661730 ),
 .UNSPECIFIED. ) ;
#746 = DIRECTION ( 'NONE',  ( -0.000000000000000000, -0.000000000000000000, -1.000000000000000000 ) ) ;
#747 = VECTOR ( 'NONE', #1483, 1000.000000000000000 ) ;
#748 = DIRECTION ( 'NONE',  ( 1.000000000000000000, 0.000000000000000000, 0.000000000000000000 ) ) ;
#749 = ORIENTED_EDGE ( 'NONE', *, *, #1493, .F. ) ;
#750 = CARTESIAN_POINT ( 'NONE',  ( -7.232488426176819196, -4.009033799157246669, 5.599999999999999645 ) ) ;
#751 = DIRECTION ( 'NONE',  ( -0.000000000000000000, -0.000000000000000000, -1.000000000000000000 ) ) ;
#752 = AXIS2_PLACEMENT_3D ( 'NONE', #283, #228, #1136 ) ;
#753 = DIRECTION ( 'NONE',  ( -0.5877852522924770229, 0.8090169943749446757, 0.000000000000000000 ) ) ;
#754 = EDGE_CURVE ( 'NONE', #388, #106, #1897, .T. ) ;
#755 = FACE_OUTER_BOUND ( 'NONE', #1738, .T. ) ;
#756 = VERTEX_POINT ( 'NONE', #1863 ) ;
#757 = AXIS2_PLACEMENT_3D ( 'NONE', #814, #1448, #306 ) ;
#758 = DIRECTION ( 'NONE',  ( -0.000000000000000000, -0.000000000000000000, 1.000000000000000000 ) ) ;
#759 = CIRCLE ( 'NONE', #238, 3.009777261265890846 ) ;
#760 = EDGE_CURVE ( 'NONE', #1984, #1088, #85, .T. ) ;
#761 = CYLINDRICAL_SURFACE ( 'NONE', #2088, 3.009777261265889958 ) ;
#762 = ORIENTED_EDGE ( 'NONE', *, *, #429, .F. ) ;
#763 = CARTESIAN_POINT ( 'NONE',  ( -2.397543731461428074, 0.000000000000000000, 0.000000000000000000 ) ) ;
#764 = ORIENTED_EDGE ( 'NONE', *, *, #1177, .T. ) ;
#765 = CYLINDRICAL_SURFACE ( 'NONE', #2003, 9.900000000000000355 ) ;
#766 = AXIS2_PLACEMENT_3D ( 'NONE', #1664, #2550, #2507 ) ;
#767 = CARTESIAN_POINT ( 'NONE',  ( 0.000000000000000000, 0.000000000000000000, 5.599999999999999645 ) ) ;
#768 = EDGE_CURVE ( 'NONE', #894, #1925, #461, .T. ) ;
#769 = DIRECTION ( 'NONE',  ( -0.000000000000000000, -0.000000000000000000, -1.000000000000000000 ) ) ;
#770 = DIRECTION ( 'NONE',  ( 0.000000000000000000, 0.000000000000000000, 1.000000000000000000 ) ) ;
#771 = CARTESIAN_POINT ( 'NONE',  ( -7.306604371037496826, 1.320665576569538091, 5.599999999999999645 ) ) ;
#772 = EDGE_CURVE ( 'NONE', #1656, #853, #2882, .T. ) ;
#773 = CARTESIAN_POINT ( 'NONE',  ( 25.49611760853984066, -8.202414618990754747, 3.600000000000000089 ) ) ;
#774 = ORIENTED_EDGE ( 'NONE', *, *, #967, .F. ) ;
#775 = CIRCLE ( 'NONE', #2435, 0.9999999999999996669 ) ;
#776 = CARTESIAN_POINT ( 'NONE',  ( -0.09754373146142816808, 0.000000000000000000, 0.000000000000000000 ) ) ;
#777 = EDGE_LOOP ( 'NONE', ( #422, #595, #893, #2658 ) ) ;
#778 = CARTESIAN_POINT ( 'NONE',  ( 30.49611760853984421, -8.202414618990754747, 10.00000000000000000 ) ) ;
#779 = DIRECTION ( 'NONE',  ( -0.3090169943749516701, 0.9510565162951520879, 0.000000000000000000 ) ) ;
#780 = DIRECTION ( 'NONE',  ( 1.000000000000000000, 0.000000000000000000, 0.000000000000000000 ) ) ;
#781 = FACE_OUTER_BOUND ( 'NONE', #2394, .T. ) ;
#782 = CYLINDRICAL_SURFACE ( 'NONE', #2773, 7.425000000000000711 ) ;
#783 = CC_DESIGN_PERSON_AND_ORGANIZATION_ASSIGNMENT ( #2697, #2215, ( #1053 ) ) ;
#784 = VERTEX_POINT ( 'NONE', #716 ) ;
#785 = VECTOR ( 'NONE', #727, 1000.000000000000000 ) ;
#786 = CARTESIAN_POINT ( 'NONE',  ( 30.86319377600110414, -3.215907315548600653, 2.000000000000000000 ) ) ;
#787 = ORIENTED_EDGE ( 'NONE', *, *, #117, .T. ) ;
#788 = ORIENTED_EDGE ( 'NONE', *, *, #772, .F. ) ;
#789 = CARTESIAN_POINT ( 'NONE',  ( -9.602909268817404254, -2.407100657401108013, 5.599999999999999645 ) ) ;
#790 = EDGE_CURVE ( 'NONE', #2110, #1708, #845, .T. ) ;
#791 = DIRECTION ( 'NONE',  ( 0.000000000000000000, -0.000000000000000000, -1.000000000000000000 ) ) ;
#792 = ORIENTED_EDGE ( 'NONE', *, *, #2554, .F. ) ;
#793 = CARTESIAN_POINT ( 'NONE',  ( -4.232697913335867312, -6.100401083079883158, 5.599999999999999645 ) ) ;
#794 = EDGE_LOOP ( 'NONE', ( #1134, #1629, #293, #2766 ) ) ;
#795 = FACE_OUTER_BOUND ( 'NONE', #360, .T. ) ;
#796 = DIRECTION ( 'NONE',  ( -0.9656799471307166982, 0.2597349412566900551, 1.588569074375653536E-17 ) ) ;
#797 = AXIS2_PLACEMENT_3D ( 'NONE', #1639, #702, #1608 ) ;
#798 = CARTESIAN_POINT ( 'NONE',  ( 0.000000000000000000, 0.000000000000000000, 4.599999999999999645 ) ) ;
#799 = CARTESIAN_POINT ( 'NONE',  ( 30.57563275392932667, -17.22076148067771229, 3.600000000000000089 ) ) ;
#800 = LINE ( 'NONE', #1280, #1801 ) ;
#801 = ORIENTED_EDGE ( 'NONE', *, *, #2704, .T. ) ;
#802 = AXIS2_PLACEMENT_3D ( 'NONE', #1105, #2690, #1357 ) ;
#803 = ORIENTED_EDGE ( 'NONE', *, *, #207, .F. ) ;
#804 = VERTEX_POINT ( 'NONE', #931 ) ;
#805 = EDGE_CURVE ( 'NONE', #1665, #2423, #1226, .T. ) ;
#806 = TOROIDAL_SURFACE ( 'NONE', #1373, 6.425000000000000711, 1.000000000000000000 ) ;
#807 = ORIENTED_EDGE ( 'NONE', *, *, #414, .F. ) ;
#808 = CARTESIAN_POINT ( 'NONE',  ( -7.232488426176819196, -4.009033799157246669, 5.599999999999999645 ) ) ;
#809 = CARTESIAN_POINT ( 'NONE',  ( 21.12763913090391199, -12.33595679806050782, 1.000000000000000000 ) ) ;
#810 = EDGE_CURVE ( 'NONE', #404, #1245, #2453, .T. ) ;
#811 = DIRECTION ( 'NONE',  ( 1.000000000000000000, 0.000000000000000000, 0.000000000000000000 ) ) ;
#812 = CIRCLE ( 'NONE', #622, 7.425000000000000711 ) ;
#813 = EDGE_CURVE ( 'NONE', #1781, #804, #418, .T. ) ;
#814 = CARTESIAN_POINT ( 'NONE',  ( 31.59734611092362400, 6.757107291335708865, 5.599999999999999645 ) ) ;
#815 = FACE_OUTER_BOUND ( 'NONE', #2625, .T. ) ;
#816 = DIRECTION ( 'NONE',  ( 0.8090169943749466741, 0.5877852522924742473, 0.000000000000000000 ) ) ;
#817 = VERTEX_POINT ( 'NONE', #2501 ) ;
#818 = VECTOR ( 'NONE', #2099, 1000.000000000000000 ) ;
#819 = EDGE_CURVE ( 'NONE', #2829, #2194, #1561, .T. ) ;
#820 = ORIENTED_EDGE ( 'NONE', *, *, #2127, .F. ) ;
#821 = AXIS2_PLACEMENT_3D ( 'NONE', #2201, #148, #163 ) ;
#822 = EDGE_CURVE ( 'NONE', #483, #2070, #1707, .T. ) ;
#823 = EDGE_CURVE ( 'NONE', #2207, #2544, #1179, .T. ) ;
#824 = ORIENTED_EDGE ( 'NONE', *, *, #946, .T. ) ;
#825 = ORIENTED_EDGE ( 'NONE', *, *, #725, .F. ) ;
#826 = AXIS2_PLACEMENT_3D ( 'NONE', #990, #1019, #2834 ) ;
#827 = CARTESIAN_POINT ( 'NONE',  ( 0.000000000000000000, 0.000000000000000000, 5.599999999999999645 ) ) ;
#828 = DIRECTION ( 'NONE',  ( -0.9656799471307165872, 0.2597349412566901106, 0.000000000000000000 ) ) ;
#829 = CARTESIAN_POINT ( 'NONE',  ( -7.306604371037495937, 1.320665576569538091, 5.599999999999999645 ) ) ;
#830 = DIRECTION ( 'NONE',  ( -0.000000000000000000, -0.000000000000000000, -1.000000000000000000 ) ) ;
#831 = DIRECTION ( 'NONE',  ( 1.000000000000000000, 0.000000000000000000, 0.000000000000000000 ) ) ;
#832 = DIRECTION ( 'NONE',  ( 0.8090169943749466741, 0.5877852522924741363, 0.000000000000000000 ) ) ;
#833 = VECTOR ( 'NONE', #38, 1000.000000000000000 ) ;
#834 = LINE ( 'NONE', #1086, #653 ) ;
#835 = CIRCLE ( 'NONE', #1837, 2.299999999999999822 ) ;
#836 = ORIENTED_EDGE ( 'NONE', *, *, #1740, .F. ) ;
#837 = VERTEX_POINT ( 'NONE', #1421 ) ;
#838 = EDGE_LOOP ( 'NONE', ( #2684, #2626, #1851, #2759 ) ) ;
#839 = CYLINDRICAL_SURFACE ( 'NONE', #1480, 7.425000000000000711 ) ;
#840 = DIRECTION ( 'NONE',  ( 0.9656799471307166982, -0.2597349412566902771, 0.000000000000000000 ) ) ;
#841 = CYLINDRICAL_SURFACE ( 'NONE', #1855, 9.999999999999998224 ) ;
#842 = CARTESIAN_POINT ( 'NONE',  ( 25.49611760853984066, -8.202414618990754747, 10.00000000000000000 ) ) ;
#843 = CARTESIAN_POINT ( 'NONE',  ( 0.2885942357802444014, 8.264257631792538916, 0.000000000000000000 ) ) ;
#844 = EDGE_CURVE ( 'NONE', #698, #1583, #2082, .T. ) ;
#845 = CIRCLE ( 'NONE', #2495, 1.000000000000000444 ) ;
#846 = CARTESIAN_POINT ( 'NONE',  ( 24.46523312605237521, 0.07303052256921109542, 5.599999999999999645 ) ) ;
#847 = CIRCLE ( 'NONE', #2227, 3.009777261265890402 ) ;
#848 = VERTEX_POINT ( 'NONE', #1438 ) ;
#849 = CARTESIAN_POINT ( 'NONE',  ( -5.256750925104925365, 8.389074425191886064, 5.599999999999999645 ) ) ;
#850 = EDGE_CURVE ( 'NONE', #1509, #1583, #273, .T. ) ;
#851 = VERTEX_POINT ( 'NONE', #42 ) ;
#852 = ORIENTED_EDGE ( 'NONE', *, *, #1264, .F. ) ;
#853 = VERTEX_POINT ( 'NONE', #1408 ) ;
#854 = CARTESIAN_POINT ( 'NONE',  ( -2.721183025485645501, 8.264257631792538916, 0.000000000000000000 ) ) ;
#855 = CARTESIAN_POINT ( 'NONE',  ( -0.09754373146142816808, 0.000000000000000000, 0.000000000000000000 ) ) ;
#856 = EDGE_CURVE ( 'NONE', #2218, #864, #1943, .T. ) ;
#857 = DIRECTION ( 'NONE',  ( -1.000000000000000000, 0.000000000000000000, 0.000000000000000000 ) ) ;
#858 = CARTESIAN_POINT ( 'NONE',  ( 1.282123777126762398, 7.178159717759078795, 0.4834838720406354207 ) ) ;
#859 = ADVANCED_FACE ( 'NONE', ( #1878 ), #733, .T. ) ;
#860 = APPROVAL_DATE_TIME ( #2247, #2363 ) ;
#861 = AXIS2_PLACEMENT_3D ( 'NONE', #750, #738, #2049 ) ;
#862 = ORIENTED_EDGE ( 'NONE', *, *, #2225, .F. ) ;
#863 = CC_DESIGN_APPROVAL ( #386, ( #1053 ) ) ;
#864 = VERTEX_POINT ( 'NONE', #1206 ) ;
#865 = CYLINDRICAL_SURFACE ( 'NONE', #432, 7.425000000000000711 ) ;
#866 = VECTOR ( 'NONE', #1655, 1000.000000000000000 ) ;
#867 = VERTEX_POINT ( 'NONE', #57 ) ;
#868 = EDGE_CURVE ( 'NONE', #388, #40, #2775, .T. ) ;
#869 = ORIENTED_EDGE ( 'NONE', *, *, #1341, .T. ) ;
#870 = CARTESIAN_POINT ( 'NONE',  ( 0.000000000000000000, 0.000000000000000000, 0.000000000000000000 ) ) ;
#871 = CYLINDRICAL_SURFACE ( 'NONE', #1358, 9.900000000000000355 ) ;
#872 = EDGE_CURVE ( 'NONE', #2287, #2462, #2589, .T. ) ;
#873 = LINE ( 'NONE', #394, #2416 ) ;
#874 = DIRECTION ( 'NONE',  ( 0.3090169943749448422, 0.9510565162951544194, 0.000000000000000000 ) ) ;
#875 = VERTEX_POINT ( 'NONE', #2880 ) ;
#876 = VERTEX_POINT ( 'NONE', #151 ) ;
#877 = DIRECTION ( 'NONE',  ( 0.8997323641003777128, 0.4364420614358168748, 0.000000000000000000 ) ) ;
#878 = AXIS2_PLACEMENT_3D ( 'NONE', #1963, #1744, #2400 ) ;
#879 = VECTOR ( 'NONE', #828, 1000.000000000000000 ) ;
#880 = ORIENTED_EDGE ( 'NONE', *, *, #2225, .T. ) ;
#881 = ORIENTED_EDGE ( 'NONE', *, *, #1306, .T. ) ;
#882 = CIRCLE ( 'NONE', #976, 3.009777261265891291 ) ;
#883 = DIRECTION ( 'NONE',  ( 0.000000000000000000, 0.000000000000000000, 1.000000000000000000 ) ) ;
#884 = CYLINDRICAL_SURFACE ( 'NONE', #2396, 3.009777261265889958 ) ;
#885 = DIRECTION ( 'NONE',  ( -0.000000000000000000, -0.000000000000000000, -1.000000000000000000 ) ) ;
#886 = CARTESIAN_POINT ( 'NONE',  ( -5.910662539161999796, -4.493850614800969367, 5.599999999999999645 ) ) ;
#887 = CALENDAR_DATE ( 2026, 24, 6 ) ;
#888 = VERTEX_POINT ( 'NONE', #846 ) ;
#889 = AXIS2_PLACEMENT_3D ( 'NONE', #1254, #1745, #2637 ) ;
#890 = CYLINDRICAL_SURFACE ( 'NONE', #720, 9.900000000000000355 ) ;
#891 = AXIS2_PLACEMENT_3D ( 'NONE', #2203, #1311, #1980 ) ;
#892 = ORIENTED_EDGE ( 'NONE', *, *, #429, .T. ) ;
#893 = ORIENTED_EDGE ( 'NONE', *, *, #625, .F. ) ;
#894 = VERTEX_POINT ( 'NONE', #165 ) ;
#895 = DIRECTION ( 'NONE',  ( -0.000000000000000000, -0.000000000000000000, -1.000000000000000000 ) ) ;
#896 = EDGE_LOOP ( 'NONE', ( #2269, #2342, #2858, #1620 ) ) ;
#897 = CARTESIAN_POINT ( 'NONE',  ( 1.702456268538571793, 0.000000000000000000, 3.000000000000000000 ) ) ;
#898 = DIRECTION ( 'NONE',  ( 1.000000000000000000, 0.000000000000000000, 0.000000000000000000 ) ) ;
#899 = DIRECTION ( 'NONE',  ( 1.000000000000000000, 0.000000000000000000, 0.000000000000000000 ) ) ;
#900 = EDGE_CURVE ( 'NONE', #2300, #909, #137, .T. ) ;
#901 = ORIENTED_EDGE ( 'NONE', *, *, #250, .T. ) ;
#902 = DIRECTION ( 'NONE',  ( 0.000000000000000000, 0.000000000000000000, 1.000000000000000000 ) ) ;
#903 = EDGE_CURVE ( 'NONE', #1708, #2000, #2178, .T. ) ;
#904 = ORIENTED_EDGE ( 'NONE', *, *, #2044, .T. ) ;
#905 = EDGE_CURVE ( 'NONE', #1984, #1379, #1322, .T. ) ;
#906 = EDGE_LOOP ( 'NONE', ( #415, #1761 ) ) ;
#907 = DIRECTION ( 'NONE',  ( 0.9656799471307165872, -0.2597349412566901106, 0.000000000000000000 ) ) ;
#908 = EDGE_CURVE ( 'NONE', #528, #1596, #269, .T. ) ;
#909 = VERTEX_POINT ( 'NONE', #1747 ) ;
#910 = CARTESIAN_POINT ( 'NONE',  ( 40.10796630892206593, -10.78767380862165304, 0.000000000000000000 ) ) ;
#911 = ADVANCED_FACE ( 'NONE', ( #2640 ), #1520, .T. ) ;
#912 = FACE_OUTER_BOUND ( 'NONE', #2318, .T. ) ;
#913 = APPROVAL_ROLE ( '' ) ;
#914 = ORIENTED_EDGE ( 'NONE', *, *, #1460, .F. ) ;
#915 = FACE_OUTER_BOUND ( 'NONE', #838, .T. ) ;
#916 = CARTESIAN_POINT ( 'NONE',  ( 35.08888260241016610, -0.4407516214673065091, 2.000000000000000000 ) ) ;
#917 = CARTESIAN_POINT ( 'NONE',  ( 0.000000000000000000, 0.000000000000000000, 5.599999999999999645 ) ) ;
#918 = DIRECTION ( 'NONE',  ( -0.000000000000000000, -0.000000000000000000, -1.000000000000000000 ) ) ;
#919 = DIRECTION ( 'NONE',  ( -0.000000000000000000, -0.000000000000000000, -1.000000000000000000 ) ) ;
#920 = VERTEX_POINT ( 'NONE', #167 ) ;
#921 = VECTOR ( 'NONE', #1919, 1000.000000000000114 ) ;
#922 = DIRECTION ( 'NONE',  ( 0.000000000000000000, 0.000000000000000000, 1.000000000000000000 ) ) ;
#923 = VERTEX_POINT ( 'NONE', #623 ) ;
#924 = CARTESIAN_POINT ( 'NONE',  ( 40.10796630892206593, -10.78767380862165304, 2.000000000000000000 ) ) ;
#925 = VECTOR ( 'NONE', #674, 1000.000000000000000 ) ;
#926 = DIRECTION ( 'NONE',  ( -0.000000000000000000, -0.000000000000000000, -1.000000000000000000 ) ) ;
#927 = PRODUCT ( '指环2', '指环2', '', ( #1205 ) ) ;
#928 = ORIENTED_EDGE ( 'NONE', *, *, #2044, .F. ) ;
#929 = EDGE_CURVE ( 'NONE', #138, #2048, #834, .T. ) ;
#930 = CARTESIAN_POINT ( 'NONE',  ( -6.354058526710081090, -7.591833786322177424, 5.599999999999999645 ) ) ;
#931 = CARTESIAN_POINT ( 'NONE',  ( -1.897543731461428074, 2.204364238465235576E-16, 5.599999999999999645 ) ) ;
#932 = AXIS2_PLACEMENT_3D ( 'NONE', #979, #1192, #2290 ) ;
#933 = DIRECTION ( 'NONE',  ( 1.000000000000000000, 0.000000000000000000, 0.000000000000000000 ) ) ;
#934 = EDGE_CURVE ( 'NONE', #1344, #1165, #1070, .T. ) ;
#935 = CARTESIAN_POINT ( 'NONE',  ( 0.2885942357802444014, 8.264257631792538916, 5.599999999999999645 ) ) ;
#936 = VECTOR ( 'NONE', #703, 1000.000000000000000 ) ;
#937 = ORIENTED_EDGE ( 'NONE', *, *, #534, .F. ) ;
#938 = CARTESIAN_POINT ( 'NONE',  ( 0.000000000000000000, 0.000000000000000000, 5.599999999999999645 ) ) ;
#939 = ORIENTED_EDGE ( 'NONE', *, *, #2817, .T. ) ;
#940 = CARTESIAN_POINT ( 'NONE',  ( -7.494526508824496780, 3.494755105310485721, 5.599999999999999645 ) ) ;
#941 = DIRECTION ( 'NONE',  ( 0.000000000000000000, 0.000000000000000000, 1.000000000000000000 ) ) ;
#942 = EDGE_CURVE ( 'NONE', #1875, #851, #1749, .T. ) ;
#943 = ORIENTED_EDGE ( 'NONE', *, *, #1025, .F. ) ;
#944 = CIRCLE ( 'NONE', #1419, 3.009777261265890402 ) ;
#945 = DIRECTION ( 'NONE',  ( 0.000000000000000000, 0.000000000000000000, 1.000000000000000000 ) ) ;
#946 = EDGE_CURVE ( 'NONE', #260, #127, #2033, .T. ) ;
#947 = VERTEX_POINT ( 'NONE', #1763 ) ;
#948 = TOROIDAL_SURFACE ( 'NONE', #1618, 11.00000000000000000, 1.000000000000000000 ) ;
#949 = PERSON_AND_ORGANIZATION ( #2612, #1624 ) ;
#950 = CARTESIAN_POINT ( 'NONE',  ( 0.000000000000000000, 0.000000000000000000, 0.000000000000000000 ) ) ;
#951 = LINE ( 'NONE', #1849, #2791 ) ;
#952 = VECTOR ( 'NONE', #362, 1000.000000000000000 ) ;
#953 = CIRCLE ( 'NONE', #1676, 3.009777261265889514 ) ;
#954 = CARTESIAN_POINT ( 'NONE',  ( 0.000000000000000000, 0.000000000000000000, 5.599999999999999645 ) ) ;
#955 = EDGE_CURVE ( 'NONE', #2064, #817, #1032, .T. ) ;
#956 = ORIENTED_EDGE ( 'NONE', *, *, #1153, .T. ) ;
#957 = LINE ( 'NONE', #789, #133 ) ;
#958 = DIRECTION ( 'NONE',  ( 1.000000000000000000, 0.000000000000000000, -0.000000000000000000 ) ) ;
#959 = CARTESIAN_POINT ( 'NONE',  ( 24.46523312605237521, 0.07303052256921171992, 1.000000000000000888 ) ) ;
#960 = DIRECTION ( 'NONE',  ( -1.000000000000000000, 0.000000000000000000, 0.000000000000000000 ) ) ;
#961 = ORIENTED_EDGE ( 'NONE', *, *, #768, .T. ) ;
#962 = FACE_OUTER_BOUND ( 'NONE', #2795, .T. ) ;
#963 = ORIENTED_EDGE ( 'NONE', *, *, #810, .F. ) ;
#964 = DIRECTION ( 'NONE',  ( 0.000000000000000000, 0.000000000000000000, 1.000000000000000000 ) ) ;
#965 = DIRECTION ( 'NONE',  ( 1.000000000000000000, 0.000000000000000000, 0.000000000000000000 ) ) ;
#966 = DIRECTION ( 'NONE',  ( -3.458176453723080680E-15, 1.000000000000000000, 0.000000000000000000 ) ) ;
#967 = EDGE_CURVE ( 'NONE', #390, #1721, #1510, .T. ) ;
#968 = VERTEX_POINT ( 'NONE', #1926 ) ;
#969 = DIRECTION ( 'NONE',  ( -0.000000000000000000, -0.000000000000000000, -1.000000000000000000 ) ) ;
#970 = ORIENTED_EDGE ( 'NONE', *, *, #2080, .F. ) ;
#971 = LINE ( 'NONE', #580, #338 ) ;
#972 = AXIS2_PLACEMENT_3D ( 'NONE', #1431, #1216, #1960 ) ;
#973 = FACE_OUTER_BOUND ( 'NONE', #2753, .T. ) ;
#974 = CIRCLE ( 'NONE', #1884, 7.425000000000000711 ) ;
#975 = ORIENTED_EDGE ( 'NONE', *, *, #967, .T. ) ;
#976 = AXIS2_PLACEMENT_3D ( 'NONE', #1485, #100, #779 ) ;
#977 = DIRECTION ( 'NONE',  ( -0.5877852522924770229, 0.8090169943749446757, 0.000000000000000000 ) ) ;
#978 = ORIENTED_EDGE ( 'NONE', *, *, #1207, .F. ) ;
#979 = CARTESIAN_POINT ( 'NONE',  ( 0.000000000000000000, 0.000000000000000000, 0.000000000000000000 ) ) ;
#980 = DIRECTION ( 'NONE',  ( 0.000000000000000000, 0.000000000000000000, 1.000000000000000000 ) ) ;
#981 = EDGE_CURVE ( 'NONE', #784, #864, #957, .T. ) ;
#982 = VERTEX_POINT ( 'NONE', #1704 ) ;
#983 = AXIS2_PLACEMENT_3D ( 'NONE', #1470, #1719, #1953 ) ;
#984 = DIRECTION ( 'NONE',  ( -1.000000000000000000, 0.000000000000000000, 0.000000000000000000 ) ) ;
#985 = EDGE_LOOP ( 'NONE', ( #801, #1329, #579, #2322 ) ) ;
#986 = EDGE_CURVE ( 'NONE', #2829, #2379, #2687, .T. ) ;
#987 = FACE_OUTER_BOUND ( 'NONE', #2109, .T. ) ;
#988 = DIRECTION ( 'NONE',  ( 0.000000000000000000, 0.000000000000000000, 1.000000000000000000 ) ) ;
#989 = DIRECTION ( 'NONE',  ( -0.000000000000000000, -0.000000000000000000, -1.000000000000000000 ) ) ;
#990 = CARTESIAN_POINT ( 'NONE',  ( -1.577855883427225381, 8.117364821707898415, 0.000000000000000000 ) ) ;
#991 = ORIENTED_EDGE ( 'NONE', *, *, #1862, .T. ) ;
#992 = EDGE_CURVE ( 'NONE', #1790, #2829, #503, .T. ) ;
#993 = CIRCLE ( 'NONE', #2132, 3.009777261265890846 ) ;
#994 = CARTESIAN_POINT ( 'NONE',  ( 0.000000000000000000, 0.000000000000000000, 5.599999999999999645 ) ) ;
#995 = AXIS2_PLACEMENT_3D ( 'NONE', #2480, #1617, #724 ) ;
#996 = LINE ( 'NONE', #1912, #2323 ) ;
#997 = VERTEX_POINT ( 'NONE', #2931 ) ;
#998 = AXIS2_PLACEMENT_3D ( 'NONE', #809, #2162, #2150 ) ;
#999 = DIRECTION ( 'NONE',  ( 0.000000000000000000, 0.000000000000000000, 1.000000000000000000 ) ) ;
#1000 = ORIENTED_EDGE ( 'NONE', *, *, #981, .F. ) ;
#1001 = DIRECTION ( 'NONE',  ( -0.000000000000000000, -0.000000000000000000, -1.000000000000000000 ) ) ;
#1002 = AXIS2_PLACEMENT_3D ( 'NONE', #2738, #1615, #2754 ) ;
#1003 = CARTESIAN_POINT ( 'NONE',  ( 40.10796630892206593, -10.78767380862165304, 3.600000000000000089 ) ) ;
#1004 = DIRECTION ( 'NONE',  ( -0.000000000000000000, -0.000000000000000000, -1.000000000000000000 ) ) ;
#1005 = CARTESIAN_POINT ( 'NONE',  ( 21.12763913090391199, -12.33595679806050782, 4.599999999999999645 ) ) ;
#1006 = CARTESIAN_POINT ( 'NONE',  ( -2.140407324811949952, -7.109801789353297430, 1.000000000000000000 ) ) ;
#1007 = ORIENTED_EDGE ( 'NONE', *, *, #457, .F. ) ;
#1008 = DIRECTION ( 'NONE',  ( -0.000000000000000000, -0.000000000000000000, -1.000000000000000000 ) ) ;
#1009 = ORIENTED_EDGE ( 'NONE', *, *, #678, .F. ) ;
#1010 = DIRECTION ( 'NONE',  ( 1.000000000000000000, 0.000000000000000000, 0.000000000000000000 ) ) ;
#1011 = CARTESIAN_POINT ( 'NONE',  ( -2.079528540249226953, -6.587748722466717055, 5.484867871711079701 ) ) ;
#1012 = ORIENTED_EDGE ( 'NONE', *, *, #1460, .T. ) ;
#1013 = AXIS2_PLACEMENT_3D ( 'NONE', #1696, #2341, #2136 ) ;
#1014 = DIRECTION ( 'NONE',  ( -0.000000000000000000, -0.000000000000000000, -1.000000000000000000 ) ) ;
#1015 = ORIENTED_EDGE ( 'NONE', *, *, #333, .T. ) ;
#1016 = LINE ( 'NONE', #2844, #747 ) ;
#1017 = DIRECTION ( 'NONE',  ( 1.000000000000000000, 0.000000000000000000, 0.000000000000000000 ) ) ;
#1018 = CYLINDRICAL_SURFACE ( 'NONE', #470, 3.009777261265889958 ) ;
#1019 = DIRECTION ( 'NONE',  ( 0.000000000000000000, -0.000000000000000000, -1.000000000000000000 ) ) ;
#1020 = EDGE_CURVE ( 'NONE', #2024, #2218, #660, .T. ) ;
#1021 = FACE_OUTER_BOUND ( 'NONE', #2843, .T. ) ;
#1022 = CIRCLE ( 'NONE', #2484, 3.009777261265889958 ) ;
#1023 = FACE_OUTER_BOUND ( 'NONE', #1412, .T. ) ;
#1024 = EDGE_CURVE ( 'NONE', #1241, #1893, #1573, .T. ) ;
#1025 = EDGE_CURVE ( 'NONE', #1427, #2251, #1275, .T. ) ;
#1026 = DIRECTION ( 'NONE',  ( -0.000000000000000000, 0.000000000000000000, 1.000000000000000000 ) ) ;
#1027 = EDGE_LOOP ( 'NONE', ( #514, #1765, #233, #194 ) ) ;
#1028 = EDGE_LOOP ( 'NONE', ( #1869, #671, #121, #2406 ) ) ;
#1029 = EDGE_CURVE ( 'NONE', #2064, #2623, #2869, .T. ) ;
#1030 = CYLINDRICAL_SURFACE ( 'NONE', #524, 3.009777261265889958 ) ;
#1031 = ORIENTED_EDGE ( 'NONE', *, *, #850, .T. ) ;
#1032 = CIRCLE ( 'NONE', #2314, 2.299999999999999822 ) ;
#1033 = CARTESIAN_POINT ( 'NONE',  ( 1.257373397915463764, 7.102565044335563904, 5.229870387031549939 ) ) ;
#1034 = TOROIDAL_SURFACE ( 'NONE', #1558, 11.50000000000000533, 2.000000000000000000 ) ;
#1035 = CARTESIAN_POINT ( 'NONE',  ( -3.494755105310459520, -7.494526508824509214, 5.599999999999999645 ) ) ;
#1036 = AXIS2_PLACEMENT_3D ( 'NONE', #2319, #280, #2101 ) ;
#1037 = CARTESIAN_POINT ( 'NONE',  ( -3.226273398300803397, 6.687434856461526245, 5.599999999999999645 ) ) ;
#1038 = CARTESIAN_POINT ( 'NONE',  ( 31.59734611092362400, 6.757107291335708865, 3.600000000000000089 ) ) ;
#1039 = DIRECTION ( 'NONE',  ( -1.000000000000000000, 0.000000000000000000, 0.000000000000000000 ) ) ;
#1040 = EDGE_CURVE ( 'NONE', #177, #1589, #2403, .T. ) ;
#1041 = CARTESIAN_POINT ( 'NONE',  ( 0.000000000000000000, 0.000000000000000000, 5.599999999999999645 ) ) ;
#1042 = EDGE_CURVE ( 'NONE', #1596, #1925, #1016, .T. ) ;
#1043 = EDGE_LOOP ( 'NONE', ( #1455, #743, #639, #2630 ) ) ;
#1044 = CIRCLE ( 'NONE', #2413, 2.000000000000000000 ) ;
#1045 = VERTEX_POINT ( 'NONE', #1213 ) ;
#1046 = EDGE_LOOP ( 'NONE', ( #2883, #2419, #1778, #1288 ) ) ;
#1047 = ORIENTED_EDGE ( 'NONE', *, *, #2685, .F. ) ;
#1048 = DIRECTION ( 'NONE',  ( -0.000000000000000000, -0.000000000000000000, -1.000000000000000000 ) ) ;
#1049 = CARTESIAN_POINT ( 'NONE',  ( -1.668796997574234275, -6.204493660314855497, 0.000000000000000000 ) ) ;
#1050 = CIRCLE ( 'NONE', #152, 9.900000000000000355 ) ;
#1051 = DIRECTION ( 'NONE',  ( 1.000000000000000000, 0.000000000000000000, 0.000000000000000000 ) ) ;
#1052 = DIRECTION ( 'NONE',  ( -0.000000000000000000, -0.000000000000000000, -1.000000000000000000 ) ) ;
#1053 = PRODUCT_DEFINITION_FORMATION_WITH_SPECIFIED_SOURCE ( '任何', '', #927, .NOT_KNOWN. ) ;
#1054 = CARTESIAN_POINT ( 'NONE',  ( -6.047779554044754313, 5.639645671781612357, 5.599999999999999645 ) ) ;
#1055 = ORIENTED_EDGE ( 'NONE', *, *, #1024, .F. ) ;
#1056 = ORIENTED_EDGE ( 'NONE', *, *, #805, .T. ) ;
#1057 = ORIENTED_EDGE ( 'NONE', *, *, #1465, .T. ) ;
#1058 = ORIENTED_EDGE ( 'NONE', *, *, #2821, .T. ) ;
#1059 = AXIS2_PLACEMENT_3D ( 'NONE', #994, #2123, #136 ) ;
#1060 = CARTESIAN_POINT ( 'NONE',  ( -7.423245559582906772, -0.1614012457592737815, 5.599999999999999645 ) ) ;
#1061 = ADVANCED_FACE ( 'NONE', ( #795 ), #566, .T. ) ;
#1062 = CARTESIAN_POINT ( 'NONE',  ( -7.591833786322155220, 6.354058526710107735, 0.000000000000000000 ) ) ;
#1063 = DIRECTION ( 'NONE',  ( 0.9656799471307166982, -0.2597349412566901661, 0.000000000000000000 ) ) ;
#1064 = CYLINDRICAL_SURFACE ( 'NONE', #878, 3.009777261265890846 ) ;
#1065 = DIRECTION ( 'NONE',  ( -0.000000000000000000, -0.000000000000000000, -1.000000000000000000 ) ) ;
#1066 = ADVANCED_FACE ( 'NONE', ( #1247 ), #1889, .T. ) ;
#1067 = DIRECTION ( 'NONE',  ( 1.000000000000000000, 0.000000000000000000, 0.000000000000000000 ) ) ;
#1068 = ORIENTED_EDGE ( 'NONE', *, *, #1377, .T. ) ;
#1069 = AXIS2_PLACEMENT_3D ( 'NONE', #1844, #1653, #710 ) ;
#1070 = LINE ( 'NONE', #400, #1129 ) ;
#1071 = CIRCLE ( 'NONE', #1447, 3.009777261265889514 ) ;
#1072 = VERTEX_POINT ( 'NONE', #2784 ) ;
#1073 = ORIENTED_EDGE ( 'NONE', *, *, #1432, .T. ) ;
#1074 = AXIS2_PLACEMENT_3D ( 'NONE', #15, #1866, #212 ) ;
#1075 = EDGE_CURVE ( 'NONE', #2238, #2249, #477, .T. ) ;
#1076 = DIRECTION ( 'NONE',  ( 1.000000000000000000, 0.000000000000000000, 0.000000000000000000 ) ) ;
#1077 = PRODUCT_DEFINITION ( '未知', '', #1053, #634 ) ;
#1078 = DIRECTION ( 'NONE',  ( -0.000000000000000000, 0.000000000000000000, 1.000000000000000000 ) ) ;
#1079 = DIRECTION ( 'NONE',  ( 0.2597349412566902771, 0.9656799471307166982, 0.000000000000000000 ) ) ;
#1080 = DIRECTION ( 'NONE',  ( 0.000000000000000000, 0.000000000000000000, 1.000000000000000000 ) ) ;
#1081 = CALENDAR_DATE ( 2026, 24, 6 ) ;
#1082 = AXIS2_PLACEMENT_3D ( 'NONE', #2343, #2111, #267 ) ;
#1083 = ADVANCED_FACE ( 'NONE', ( #65 ), #385, .T. ) ;
#1084 = CIRCLE ( 'NONE', #606, 9.999999999999998224 ) ;
#1085 = ORIENTED_EDGE ( 'NONE', *, *, #2292, .T. ) ;
#1086 = CARTESIAN_POINT ( 'NONE',  ( -1.001837319381684743, 7.357101806111843167, 5.599999999999999645 ) ) ;
#1087 = DIRECTION ( 'NONE',  ( 0.8734964612736696443, 0.4868304963150692499, 0.000000000000000000 ) ) ;
#1088 = VERTEX_POINT ( 'NONE', #1262 ) ;
#1089 = ORIENTED_EDGE ( 'NONE', *, *, #955, .F. ) ;
#1090 = CIRCLE ( 'NONE', #1522, 3.009777261265891291 ) ;
#1091 = CARTESIAN_POINT ( 'NONE',  ( 27.43867001505729775, -14.49939915232953069, 2.000000000000000000 ) ) ;
#1092 = VECTOR ( 'NONE', #1574, 1000.000000000000000 ) ;
#1093 = DIRECTION ( 'NONE',  ( -1.000000000000000000, 0.000000000000000000, 0.000000000000000000 ) ) ;
#1094 = CARTESIAN_POINT ( 'NONE',  ( 27.32231747987596648, 10.69550994100709396, 47.68459075783380285 ) ) ;
#1095 = CARTESIAN_POINT ( 'NONE',  ( 30.89893035275242283, -0.6218746302551303451, 4.599999999999999645 ) ) ;
#1096 = DATE_AND_TIME ( #681, #1958 ) ;
#1097 = CIRCLE ( 'NONE', #1859, 3.009777261265891291 ) ;
#1098 = AXIS2_PLACEMENT_3D ( 'NONE', #301, #178, #1087 ) ;
#1099 = ORIENTED_EDGE ( 'NONE', *, *, #1551, .F. ) ;
#1100 = APPROVAL_PERSON_ORGANIZATION ( #1995, #2363, #2892 ) ;
#1101 = ORIENTED_EDGE ( 'NONE', *, *, #1877, .T. ) ;
#1102 = ADVANCED_FACE ( 'NONE', ( #2800 ), #1667, .T. ) ;
#1103 = CARTESIAN_POINT ( 'NONE',  ( 40.10796630892206593, -10.78767380862165304, 1.000000000000000888 ) ) ;
#1104 = ORIENTED_EDGE ( 'NONE', *, *, #734, .T. ) ;
#1105 = CARTESIAN_POINT ( 'NONE',  ( -0.09754373146142816808, 0.000000000000000000, 3.000000000000000000 ) ) ;
#1106 = ORIENTED_EDGE ( 'NONE', *, *, #1158, .F. ) ;
#1107 = FACE_OUTER_BOUND ( 'NONE', #436, .T. ) ;
#1108 = DIRECTION ( 'NONE',  ( 0.000000000000000000, 0.000000000000000000, -1.000000000000000000 ) ) ;
#1109 = CARTESIAN_POINT ( 'NONE',  ( 27.00551938981701028, -18.09013125334769256, 47.68459075783380285 ) ) ;
#1110 = CARTESIAN_POINT ( 'NONE',  ( -7.770595549723508633, 2.828265482620750504, 5.599999999999999645 ) ) ;
#1111 = ORIENTED_EDGE ( 'NONE', *, *, #154, .F. ) ;
#1112 = EDGE_CURVE ( 'NONE', #446, #2000, #1382, .T. ) ;
#1113 = CARTESIAN_POINT ( 'NONE',  ( 0.000000000000000000, 0.000000000000000000, 0.000000000000000000 ) ) ;
#1114 = EDGE_CURVE ( 'NONE', #446, #875, #1728, .T. ) ;
#1115 = AXIS2_PLACEMENT_3D ( 'NONE', #843, #2187, #1758 ) ;
#1116 = ORIENTED_EDGE ( 'NONE', *, *, #2592, .T. ) ;
#1117 = CIRCLE ( 'NONE', #218, 9.900000000000000355 ) ;
#1118 = EDGE_LOOP ( 'NONE', ( #2745, #41, #2595, #862 ) ) ;
#1119 = VECTOR ( 'NONE', #425, 1000.000000000000114 ) ;
#1120 = LINE ( 'NONE', #479, #2217 ) ;
#1121 = DIRECTION ( 'NONE',  ( -0.000000000000000000, -0.000000000000000000, -1.000000000000000000 ) ) ;
#1122 = EDGE_CURVE ( 'NONE', #199, #853, #971, .T. ) ;
#1123 = EDGE_LOOP ( 'NONE', ( #1479, #1824, #9, #111 ) ) ;
#1124 = DIRECTION ( 'NONE',  ( 0.000000000000000000, 0.000000000000000000, 1.000000000000000000 ) ) ;
#1125 = LINE ( 'NONE', #1109, #2502 ) ;
#1126 = CARTESIAN_POINT ( 'NONE',  ( 40.10796630892206593, -10.78767380862165304, 2.000000000000000000 ) ) ;
#1127 = EDGE_CURVE ( 'NONE', #211, #1340, #303, .T. ) ;
#1128 = ORIENTED_EDGE ( 'NONE', *, *, #1341, .F. ) ;
#1129 = VECTOR ( 'NONE', #1523, 1000.000000000000000 ) ;
#1130 = ADVANCED_FACE ( 'NONE', ( #987 ), #765, .T. ) ;
#1131 = LINE ( 'NONE', #1591, #2856 ) ;
#1132 = EDGE_CURVE ( 'NONE', #106, #17, #2131, .T. ) ;
#1133 = AXIS2_PLACEMENT_3D ( 'NONE', #1519, #1223, #2417 ) ;
#1134 = ORIENTED_EDGE ( 'NONE', *, *, #2827, .T. ) ;
#1135 = ADVANCED_FACE ( 'NONE', ( #1917 ), #2812, .F. ) ;
#1136 = DIRECTION ( 'NONE',  ( -0.9510565162951555296, 0.3090169943749411785, 0.000000000000000000 ) ) ;
#1137 = CARTESIAN_POINT ( 'NONE',  ( -1.668796997574234053, -6.204493660314854608, 5.599999999999999645 ) ) ;
#1138 = ORIENTED_EDGE ( 'NONE', *, *, #981, .T. ) ;
#1139 = CIRCLE ( 'NONE', #2277, 14.00000000000000533 ) ;
#1140 = LINE ( 'NONE', #708, #2854 ) ;
#1141 = CARTESIAN_POINT ( 'NONE',  ( 40.10796630892206593, -10.78767380862165304, 5.599999999999999645 ) ) ;
#1142 = AXIS2_PLACEMENT_3D ( 'NONE', #1141, #1632, #898 ) ;
#1143 = ORIENTED_EDGE ( 'NONE', *, *, #1729, .T. ) ;
#1144 = VECTOR ( 'NONE', #2617, 1000.000000000000000 ) ;
#1145 = DIRECTION ( 'NONE',  ( 0.000000000000000000, 0.000000000000000000, 1.000000000000000000 ) ) ;
#1146 = CIRCLE ( 'NONE', #1098, 1.000000000000000444 ) ;
#1147 = CARTESIAN_POINT ( 'NONE',  ( -6.047779554044754313, 5.639645671781612357, 0.000000000000000000 ) ) ;
#1148 = CARTESIAN_POINT ( 'NONE',  ( -9.861235024242464675, 0.8752392796565661159, 5.599999999999999645 ) ) ;
#1149 = CARTESIAN_POINT ( 'NONE',  ( -7.232488426176819196, -4.009033799157246669, 0.000000000000000000 ) ) ;
#1150 = ORIENTED_EDGE ( 'NONE', *, *, #805, .F. ) ;
#1151 = CARTESIAN_POINT ( 'NONE',  ( 2.828265482620778037, 7.770595549723498863, 0.000000000000000000 ) ) ;
#1152 = VERTEX_POINT ( 'NONE', #854 ) ;
#1153 = EDGE_CURVE ( 'NONE', #947, #2359, #2802, .T. ) ;
#1154 = DIRECTION ( 'NONE',  ( 0.000000000000000000, 0.000000000000000000, -1.000000000000000000 ) ) ;
#1155 = DIRECTION ( 'NONE',  ( 0.000000000000000000, 0.000000000000000000, 1.000000000000000000 ) ) ;
#1156 = ORIENTED_EDGE ( 'NONE', *, *, #1595, .F. ) ;
#1157 = ORIENTED_EDGE ( 'NONE', *, *, #161, .F. ) ;
#1158 = EDGE_CURVE ( 'NONE', #2923, #2249, #101, .T. ) ;
#1159 = CIRCLE ( 'NONE', #1784, 1.000000000000000000 ) ;
#1160 = DIRECTION ( 'NONE',  ( -1.000000000000000000, 0.000000000000000000, 0.000000000000000000 ) ) ;
#1161 = DIRECTION ( 'NONE',  ( -1.000000000000000000, 0.000000000000000000, 0.000000000000000000 ) ) ;
#1162 = DIRECTION ( 'NONE',  ( 0.000000000000000000, 0.000000000000000000, 1.000000000000000000 ) ) ;
#1163 = CARTESIAN_POINT ( 'NONE',  ( 40.10796630892206593, -10.78767380862165304, 2.000000000000000000 ) ) ;
#1164 = EDGE_CURVE ( 'NONE', #2238, #509, #2283, .T. ) ;
#1165 = VERTEX_POINT ( 'NONE', #2648 ) ;
#1166 = AXIS2_PLACEMENT_3D ( 'NONE', #1003, #2570, #537 ) ;
#1167 = DIRECTION ( 'NONE',  ( 1.000000000000000000, 0.000000000000000000, 0.000000000000000000 ) ) ;
#1168 = ORIENTED_EDGE ( 'NONE', *, *, #2008, .T. ) ;
#1169 = EDGE_CURVE ( 'NONE', #909, #2647, #568, .T. ) ;
#1170 = DIRECTION ( 'NONE',  ( -0.3090169943749515036, 0.9510565162951521989, 0.000000000000000000 ) ) ;
#1171 = CIRCLE ( 'NONE', #546, 3.009777261265891291 ) ;
#1172 = CARTESIAN_POINT ( 'NONE',  ( -2.279326625612735135, 7.948956596392994456, 5.599999999999999645 ) ) ;
#1173 = ORIENTED_EDGE ( 'NONE', *, *, #2210, .F. ) ;
#1174 = EDGE_LOOP ( 'NONE', ( #1691, #258, #1173, #2730 ) ) ;
#1175 = APPLICATION_PROTOCOL_DEFINITION ( 'international standard', 'config_control_design', 1994, #587 ) ;
#1176 = CARTESIAN_POINT ( 'NONE',  ( 0.000000000000000000, 0.000000000000000000, 5.599999999999999645 ) ) ;
#1177 = EDGE_CURVE ( 'NONE', #1665, #804, #1528, .T. ) ;
#1178 = CIRCLE ( 'NONE', #1705, 7.425000000000000711 ) ;
#1179 = CIRCLE ( 'NONE', #932, 6.425000000000000711 ) ;
#1180 = PLANE ( 'NONE',  #2083 ) ;
#1181 = CYLINDRICAL_SURFACE ( 'NONE', #1189, 7.425000000000000711 ) ;
#1182 = AXIS2_PLACEMENT_3D ( 'NONE', #255, #1162, #933 ) ;
#1183 = ORIENTED_EDGE ( 'NONE', *, *, #1879, .T. ) ;
#1184 = DIRECTION ( 'NONE',  ( 0.000000000000000000, 0.000000000000000000, 1.000000000000000000 ) ) ;
#1185 = ORIENTED_EDGE ( 'NONE', *, *, #2432, .F. ) ;
#1186 = FACE_OUTER_BOUND ( 'NONE', #2727, .T. ) ;
#1187 = CARTESIAN_POINT ( 'NONE',  ( -8.492359460946810046, -5.088205065253091242, 0.000000000000000000 ) ) ;
#1188 = ORIENTED_EDGE ( 'NONE', *, *, #1214, .T. ) ;
#1189 = AXIS2_PLACEMENT_3D ( 'NONE', #954, #2491, #1476 ) ;
#1190 = DIRECTION ( 'NONE',  ( -0.000000000000000000, -0.000000000000000000, -1.000000000000000000 ) ) ;
#1191 = ORIENTED_EDGE ( 'NONE', *, *, #908, .T. ) ;
#1192 = DIRECTION ( 'NONE',  ( -0.000000000000000000, -0.000000000000000000, -1.000000000000000000 ) ) ;
#1193 = EDGE_CURVE ( 'NONE', #296, #2710, #1988, .T. ) ;
#1194 = AXIS2_PLACEMENT_3D ( 'NONE', #827, #2410, #2887 ) ;
#1195 = CIRCLE ( 'NONE', #1577, 3.009777261265889514 ) ;
#1196 = CARTESIAN_POINT ( 'NONE',  ( 27.32231747987596648, 10.69550994100709396, 1.000000000000000888 ) ) ;
#1197 = ORIENTED_EDGE ( 'NONE', *, *, #1250, .T. ) ;
#1198 = CARTESIAN_POINT ( 'NONE',  ( -4.017550821006833139, -8.207656991483858633, 5.599999999999999645 ) ) ;
#1199 = CARTESIAN_POINT ( 'NONE',  ( 40.10796630892206593, -10.78767380862165304, 3.600000000000000089 ) ) ;
#1200 = CARTESIAN_POINT ( 'NONE',  ( -2.447410737846978712, 7.010050333647493304, 0.000000000000000000 ) ) ;
#1201 = ORIENTED_EDGE ( 'NONE', *, *, #630, .F. ) ;
#1202 = EDGE_CURVE ( 'NONE', #1688, #279, #1337, .T. ) ;
#1203 = DIRECTION ( 'NONE',  ( 1.000000000000000000, 1.734723475976806700E-15, 0.000000000000000000 ) ) ;
#1204 = ORIENTED_EDGE ( 'NONE', *, *, #1020, .F. ) ;
#1205 = MECHANICAL_CONTEXT ( 'NONE', #2618, 'mechanical' ) ;
#1206 = CARTESIAN_POINT ( 'NONE',  ( -9.602909268817404254, -2.407100657401108013, 0.000000000000000000 ) ) ;
#1207 = EDGE_CURVE ( 'NONE', #2070, #2087, #2859, .T. ) ;
#1208 = EDGE_CURVE ( 'NONE', #1750, #1596, #2606, .T. ) ;
#1209 = CARTESIAN_POINT ( 'NONE',  ( -1.007773559740942515, -8.207656991483858633, 0.000000000000000000 ) ) ;
#1210 = ORIENTED_EDGE ( 'NONE', *, *, #1595, .T. ) ;
#1211 = DIRECTION ( 'NONE',  ( -0.000000000000000000, -0.000000000000000000, -1.000000000000000000 ) ) ;
#1212 = ORIENTED_EDGE ( 'NONE', *, *, #1828, .F. ) ;
#1213 = CARTESIAN_POINT ( 'NONE',  ( 32.94800296465625422, 1.242909091170445901, 0.000000000000000000 ) ) ;
#1214 = EDGE_CURVE ( 'NONE', #1228, #947, #1318, .T. ) ;
#1215 = CIRCLE ( 'NONE', #2680, 0.9999999999999996669 ) ;
#1216 = DIRECTION ( 'NONE',  ( -0.000000000000000000, -0.000000000000000000, -1.000000000000000000 ) ) ;
#1217 = VECTOR ( 'NONE', #1361, 1000.000000000000000 ) ;
#1218 = DIRECTION ( 'NONE',  ( -0.000000000000000000, -0.000000000000000000, -1.000000000000000000 ) ) ;
#1219 = CARTESIAN_POINT ( 'NONE',  ( 0.000000000000000000, 0.000000000000000000, 5.599999999999999645 ) ) ;
#1220 = ADVANCED_FACE ( 'NONE', ( #1107 ), #2665, .T. ) ;
#1221 = VERTEX_POINT ( 'NONE', #2631 ) ;
#1222 = CARTESIAN_POINT ( 'NONE',  ( -2.084134336115981867, -6.334634529891444821, 0.02164331488133897780 ) ) ;
#1223 = DIRECTION ( 'NONE',  ( 0.000000000000000000, 0.000000000000000000, 1.000000000000000000 ) ) ;
#1224 = CARTESIAN_POINT ( 'NONE',  ( -0.1815117786451120041, 7.770595549723498863, 0.000000000000000000 ) ) ;
#1225 = ORIENTED_EDGE ( 'NONE', *, *, #2210, .T. ) ;
#1226 = CIRCLE ( 'NONE', #1606, 1.800000000000000044 ) ;
#1227 = DIRECTION ( 'NONE',  ( -0.000000000000000000, -0.000000000000000000, -1.000000000000000000 ) ) ;
#1228 = VERTEX_POINT ( 'NONE', #2002 ) ;
#1229 = CARTESIAN_POINT ( 'NONE',  ( -2.397543731461428074, 0.000000000000000000, 3.000000000000000000 ) ) ;
#1230 = AXIS2_PLACEMENT_3D ( 'NONE', #460, #1836, #2503 ) ;
#1231 = CARTESIAN_POINT ( 'NONE',  ( 23.94444419393438395, -21.69595290471670168, 2.000000000000000000 ) ) ;
#1232 = FACE_OUTER_BOUND ( 'NONE', #1718, .T. ) ;
#1233 = DIRECTION ( 'NONE',  ( 0.000000000000000000, 0.000000000000000000, 1.000000000000000000 ) ) ;
#1234 = DIRECTION ( 'NONE',  ( -1.000000000000000000, 0.000000000000000000, 0.000000000000000000 ) ) ;
#1235 = CIRCLE ( 'NONE', #611, 9.900000000000000355 ) ;
#1236 = CARTESIAN_POINT ( 'NONE',  ( -2.115049005690108341, -6.066893167308066381, 5.599999999999999645 ) ) ;
#1237 = CIRCLE ( 'NONE', #613, 5.000000000000000888 ) ;
#1238 = ORIENTED_EDGE ( 'NONE', *, *, #2698, .F. ) ;
#1239 = DIRECTION ( 'NONE',  ( -0.8593273499851501462, -0.5114259531618426946, 0.000000000000000000 ) ) ;
#1240 = ORIENTED_EDGE ( 'NONE', *, *, #20, .T. ) ;
#1241 = VERTEX_POINT ( 'NONE', #1782 ) ;
#1242 = VECTOR ( 'NONE', #1797, 1000.000000000000000 ) ;
#1243 = CIRCLE ( 'NONE', #1423, 1.000000000000000000 ) ;
#1244 = FACE_OUTER_BOUND ( 'NONE', #2490, .T. ) ;
#1245 = VERTEX_POINT ( 'NONE', #2182 ) ;
#1246 = ADVANCED_FACE ( 'NONE', ( #1304 ), #2853, .T. ) ;
#1247 = FACE_OUTER_BOUND ( 'NONE', #1028, .T. ) ;
#1248 = AXIS2_PLACEMENT_3D ( 'NONE', #916, #877, #196 ) ;
#1249 = CYLINDRICAL_SURFACE ( 'NONE', #592, 0.9999999999999996669 ) ;
#1250 = EDGE_CURVE ( 'NONE', #483, #1776, #1290, .T. ) ;
#1251 = DIRECTION ( 'NONE',  ( 0.000000000000000000, 0.000000000000000000, 1.000000000000000000 ) ) ;
#1252 = DIRECTION ( 'NONE',  ( -0.000000000000000000, -0.000000000000000000, -1.000000000000000000 ) ) ;
#1253 = AXIS2_PLACEMENT_3D ( 'NONE', #699, #2528, #278 ) ;
#1254 = CARTESIAN_POINT ( 'NONE',  ( 0.2885942357802444014, 8.264257631792538916, 0.000000000000000000 ) ) ;
#1255 = CARTESIAN_POINT ( 'NONE',  ( 32.43657701149441408, 2.102236441155596935, 47.68459075783380285 ) ) ;
#1256 = B_SPLINE_CURVE_WITH_KNOTS ( 'NONE', 3,
 ( #1787, #2891, #2681, #858, #412, #2022, #2214, #665, #2696, #650 ),
 .UNSPECIFIED., .F., .F.,
 ( 4, 2, 2, 2, 4 ),
 ( 2.168404344971008868E-19, 0.0004017372491786659204, 0.0008034744983573316240, 0.001205211747535997382, 0.001606948996714663031 ),
 .UNSPECIFIED. ) ;
#1257 = ORIENTED_EDGE ( 'NONE', *, *, #204, .T. ) ;
#1258 = DIRECTION ( 'NONE',  ( -0.8090169943749507819, 0.5877852522924684742, 0.000000000000000000 ) ) ;
#1259 = ORIENTED_EDGE ( 'NONE', *, *, #1879, .F. ) ;
#1260 = DIRECTION ( 'NONE',  ( 0.000000000000000000, 0.000000000000000000, 1.000000000000000000 ) ) ;
#1261 = ORIENTED_EDGE ( 'NONE', *, *, #2510, .F. ) ;
#1262 = CARTESIAN_POINT ( 'NONE',  ( 32.23342989392806146, -16.10196362466796316, 2.000000000000000000 ) ) ;
#1263 = CARTESIAN_POINT ( 'NONE',  ( -2.447410737846978712, 7.010050333647493304, 5.599999999999999645 ) ) ;
#1264 = EDGE_CURVE ( 'NONE', #2076, #1925, #431, .T. ) ;
#1265 = CIRCLE ( 'NONE', #2643, 3.009777261265890402 ) ;
#1266 = CARTESIAN_POINT ( 'NONE',  ( -7.948956596392983798, -2.279326625612762669, 5.599999999999999645 ) ) ;
#1267 = CIRCLE ( 'NONE', #358, 1.800000000000000044 ) ;
#1268 = DIRECTION ( 'NONE',  ( 1.000000000000000000, 0.000000000000000000, 0.000000000000000000 ) ) ;
#1269 = FACE_OUTER_BOUND ( 'NONE', #1302, .T. ) ;
#1270 = CIRCLE ( 'NONE', #2776, 15.00000000000000711 ) ;
#1271 = CARTESIAN_POINT ( 'NONE',  ( 1.928531938830919890, 7.170173607445573083, 1.000000000000000000 ) ) ;
#1272 = ORIENTED_EDGE ( 'NONE', *, *, #1518, .T. ) ;
#1273 = ORIENTED_EDGE ( 'NONE', *, *, #2292, .F. ) ;
#1274 = ORIENTED_EDGE ( 'NONE', *, *, #463, .F. ) ;
#1275 = CIRCLE ( 'NONE', #2927, 7.425000000000000711 ) ;
#1276 = CARTESIAN_POINT ( 'NONE',  ( 23.94444419393438395, -21.69595290471670168, 5.599999999999999645 ) ) ;
#1277 = LINE ( 'NONE', #1263, #450 ) ;
#1278 = CARTESIAN_POINT ( 'NONE',  ( 40.10796630892206593, -10.78767380862165304, 0.000000000000000000 ) ) ;
#1279 = FACE_OUTER_BOUND ( 'NONE', #2295, .T. ) ;
#1280 = CARTESIAN_POINT ( 'NONE',  ( -7.463453979328375176, 6.504371968026388728, 5.599999999999999645 ) ) ;
#1281 = DIRECTION ( 'NONE',  ( 0.000000000000000000, 0.000000000000000000, 1.000000000000000000 ) ) ;
#1282 = ORIENTED_EDGE ( 'NONE', *, *, #2354, .T. ) ;
#1283 = EDGE_LOOP ( 'NONE', ( #465, #928, #1473, #1441 ) ) ;
#1284 = AXIS2_PLACEMENT_3D ( 'NONE', #2158, #1239, #1661 ) ;
#1285 = ADVANCED_FACE ( 'NONE', ( #2872 ), #839, .T. ) ;
#1286 = CIRCLE ( 'NONE', #377, 9.900000000000000355 ) ;
#1287 = ORIENTED_EDGE ( 'NONE', *, *, #1791, .F. ) ;
#1288 = ORIENTED_EDGE ( 'NONE', *, *, #74, .F. ) ;
#1289 = VERTEX_POINT ( 'NONE', #1555 ) ;
#1290 = LINE ( 'NONE', #1060, #2377 ) ;
#1291 = LINE ( 'NONE', #1049, #879 ) ;
#1292 = AXIS2_PLACEMENT_3D ( 'NONE', #2472, #1342, #458 ) ;
#1293 = CYLINDRICAL_SURFACE ( 'NONE', #821, 7.425000000000000711 ) ;
#1294 = DIRECTION ( 'NONE',  ( -1.000000000000000000, 0.000000000000000000, 0.000000000000000000 ) ) ;
#1295 = ORIENTED_EDGE ( 'NONE', *, *, #1700, .F. ) ;
#1296 = DIRECTION ( 'NONE',  ( 0.5877852522924713607, 0.8090169943749485615, 0.000000000000000000 ) ) ;
#1297 = DIRECTION ( 'NONE',  ( -1.000000000000000000, 0.000000000000000000, 0.000000000000000000 ) ) ;
#1298 = EDGE_CURVE ( 'NONE', #851, #609, #1097, .T. ) ;
#1299 = ORIENTED_EDGE ( 'NONE', *, *, #822, .F. ) ;
#1300 = EDGE_LOOP ( 'NONE', ( #970, #1540, #1808, #2580, #1400 ) ) ;
#1301 = ORIENTED_EDGE ( 'NONE', *, *, #2257, .T. ) ;
#1302 = EDGE_LOOP ( 'NONE', ( #2787, #937, #302, #1822, #1381, #901 ) ) ;
#1303 = CIRCLE ( 'NONE', #1541, 2.000000000000001776 ) ;
#1304 = FACE_OUTER_BOUND ( 'NONE', #345, .T. ) ;
#1305 = CARTESIAN_POINT ( 'NONE',  ( 2.202456268538571571, 2.816687638038912056E-16, 0.000000000000000000 ) ) ;
#1306 = EDGE_CURVE ( 'NONE', #1356, #378, #2240, .T. ) ;
#1307 = CARTESIAN_POINT ( 'NONE',  ( 40.10796630892206593, -10.78767380862165304, 3.600000000000000089 ) ) ;
#1308 = FACE_OUTER_BOUND ( 'NONE', #590, .T. ) ;
#1309 = PERSON_AND_ORGANIZATION ( #2612, #1624 ) ;
#1310 = DIRECTION ( 'NONE',  ( 0.000000000000000000, 0.000000000000000000, 1.000000000000000000 ) ) ;
#1311 = DIRECTION ( 'NONE',  ( 0.000000000000000000, 0.000000000000000000, 1.000000000000000000 ) ) ;
#1312 = CIRCLE ( 'NONE', #265, 3.009777261265891291 ) ;
#1313 = DIRECTION ( 'NONE',  ( -0.000000000000000000, -0.000000000000000000, -1.000000000000000000 ) ) ;
#1314 = CARTESIAN_POINT ( 'NONE',  ( 27.32231747987596648, 10.69550994100709396, 5.599999999999999645 ) ) ;
#1315 = CC_DESIGN_PERSON_AND_ORGANIZATION_ASSIGNMENT ( #397, #651, ( #342 ) ) ;
#1316 = ORIENTED_EDGE ( 'NONE', *, *, #414, .T. ) ;
#1317 = AXIS2_PLACEMENT_3D ( 'NONE', #2475, #2463, #689 ) ;
#1318 = LINE ( 'NONE', #202, #50 ) ;
#1319 = DIRECTION ( 'NONE',  ( -1.000000000000000000, 0.000000000000000000, 0.000000000000000000 ) ) ;
#1320 = ADVANCED_FACE ( 'NONE', ( #736 ), #1825, .F. ) ;
#1321 = DIRECTION ( 'NONE',  ( -0.000000000000000000, -0.000000000000000000, -1.000000000000000000 ) ) ;
#1322 = CIRCLE ( 'NONE', #2405, 11.50000000000000355 ) ;
#1323 = CARTESIAN_POINT ( 'NONE',  ( 0.8697893978445845331, 6.365853548692206765, 5.599999999999999645 ) ) ;
#1324 = ORIENTED_EDGE ( 'NONE', *, *, #2231, .F. ) ;
#1325 = CIRCLE ( 'NONE', #2744, 7.425000000000000711 ) ;
#1326 = ORIENTED_EDGE ( 'NONE', *, *, #2592, .F. ) ;
#1327 = FACE_OUTER_BOUND ( 'NONE', #1477, .T. ) ;
#1328 = ORIENTED_EDGE ( 'NONE', *, *, #1961, .T. ) ;
#1329 = ORIENTED_EDGE ( 'NONE', *, *, #2836, .F. ) ;
#1330 = AXIS2_PLACEMENT_3D ( 'NONE', #2103, #791, #125 ) ;
#1331 = DIRECTION ( 'NONE',  ( 0.8090169943749464521, 0.5877852522924743583, 0.000000000000000000 ) ) ;
#1332 = CARTESIAN_POINT ( 'NONE',  ( 30.49611760853984421, -8.202414618990754747, 2.000000000000000000 ) ) ;
#1333 = EDGE_CURVE ( 'NONE', #2218, #2087, #1171, .T. ) ;
#1334 = CARTESIAN_POINT ( 'NONE',  ( -1.668796997574234275, -6.204493660314855497, 4.599999999999999645 ) ) ;
#1335 = FACE_OUTER_BOUND ( 'NONE', #201, .T. ) ;
#1336 = EDGE_CURVE ( 'NONE', #2369, #2251, #1120, .T. ) ;
#1337 = CIRCLE ( 'NONE', #2756, 8.000000000000000000 ) ;
#1338 = ORIENTED_EDGE ( 'NONE', *, *, #900, .F. ) ;
#1339 = CIRCLE ( 'NONE', #2332, 7.425000000000000711 ) ;
#1340 = VERTEX_POINT ( 'NONE', #2736 ) ;
#1341 = EDGE_CURVE ( 'NONE', #1826, #2772, #270, .T. ) ;
#1342 = DIRECTION ( 'NONE',  ( -0.000000000000000000, -0.000000000000000000, -1.000000000000000000 ) ) ;
#1343 = EDGE_CURVE ( 'NONE', #2366, #876, #1981, .T. ) ;
#1344 = VERTEX_POINT ( 'NONE', #437 ) ;
#1345 = EDGE_LOOP ( 'NONE', ( #2259, #2446, #1157, #1973 ) ) ;
#1346 = CARTESIAN_POINT ( 'NONE',  ( -1.007773559740942515, -8.207656991483858633, 5.599999999999999645 ) ) ;
#1347 = DIRECTION ( 'NONE',  ( 1.000000000000000000, -1.734723475976806306E-15, 0.000000000000000000 ) ) ;
#1348 = EDGE_LOOP ( 'NONE', ( #825, #1563, #421, #332 ) ) ;
#1349 = CARTESIAN_POINT ( 'NONE',  ( -0.09754373146142816808, 0.000000000000000000, 3.000000000000000000 ) ) ;
#1350 = DIRECTION ( 'NONE',  ( 0.9656799471307165872, -0.2597349412566902771, 0.000000000000000000 ) ) ;
#1351 = DIRECTION ( 'NONE',  ( -3.458176453723081074E-15, 1.000000000000000000, 0.000000000000000000 ) ) ;
#1352 = EDGE_CURVE ( 'NONE', #1289, #279, #2733, .T. ) ;
#1353 = ORIENTED_EDGE ( 'NONE', *, *, #1684, .T. ) ;
#1354 = DIRECTION ( 'NONE',  ( -0.000000000000000000, -0.000000000000000000, -1.000000000000000000 ) ) ;
#1355 = VECTOR ( 'NONE', #2619, 1000.000000000000000 ) ;
#1356 = VERTEX_POINT ( 'NONE', #2505 ) ;
#1357 = DIRECTION ( 'NONE',  ( -1.000000000000000000, 0.000000000000000000, 0.000000000000000000 ) ) ;
#1358 = AXIS2_PLACEMENT_3D ( 'NONE', #186, #203, #1319 ) ;
#1359 = CARTESIAN_POINT ( 'NONE',  ( 0.000000000000000000, 0.000000000000000000, 5.599999999999999645 ) ) ;
#1360 = ORIENTED_EDGE ( 'NONE', *, *, #900, .T. ) ;
#1361 = DIRECTION ( 'NONE',  ( -0.000000000000000000, -0.000000000000000000, -1.000000000000000000 ) ) ;
#1362 = CYLINDRICAL_SURFACE ( 'NONE', #1401, 3.009777261265889958 ) ;
#1363 = DATE_TIME_ROLE ( 'creation_date' ) ;
#1364 = ORIENTED_EDGE ( 'NONE', *, *, #2688, .F. ) ;
#1365 = AXIS2_PLACEMENT_3D ( 'NONE', #917, #2517, #254 ) ;
#1366 = CYLINDRICAL_SURFACE ( 'NONE', #2805, 9.900000000000000355 ) ;
#1367 = AXIS2_PLACEMENT_3D ( 'NONE', #44, #687, #2546 ) ;
#1368 = ORIENTED_EDGE ( 'NONE', *, *, #1114, .T. ) ;
#1369 = CARTESIAN_POINT ( 'NONE',  ( 0.000000000000000000, 0.000000000000000000, 5.599999999999999645 ) ) ;
#1370 = ADVANCED_FACE ( 'NONE', ( #1389 ), #489, .T. ) ;
#1371 = CARTESIAN_POINT ( 'NONE',  ( -9.876744445807968731, 0.6781733939056152627, 5.599999999999999645 ) ) ;
#1372 = ORIENTED_EDGE ( 'NONE', *, *, #2777, .T. ) ;
#1373 = AXIS2_PLACEMENT_3D ( 'NONE', #1722, #2393, #1731 ) ;
#1374 = LINE ( 'NONE', #2071, #1911 ) ;
#1375 = DIRECTION ( 'NONE',  ( 0.000000000000000000, 0.000000000000000000, 1.000000000000000000 ) ) ;
#1376 = CIRCLE ( 'NONE', #1142, 14.00000000000000533 ) ;
#1377 = EDGE_CURVE ( 'NONE', #361, #1088, #1839, .T. ) ;
#1378 = CARTESIAN_POINT ( 'NONE',  ( -3.697063108304941892, -9.183775061117875893, 5.599999999999999645 ) ) ;
#1379 = VERTEX_POINT ( 'NONE', #2253 ) ;
#1380 = FACE_OUTER_BOUND ( 'NONE', #1123, .T. ) ;
#1381 = ORIENTED_EDGE ( 'NONE', *, *, #2447, .T. ) ;
#1382 = CIRCLE ( 'NONE', #998, 1.000000000000000000 ) ;
#1383 = CARTESIAN_POINT ( 'NONE',  ( -7.948956596392983798, -2.279326625612762669, 5.599999999999999645 ) ) ;
#1384 = VECTOR ( 'NONE', #1354, 1000.000000000000000 ) ;
#1385 = ADVANCED_FACE ( 'NONE', ( #1838 ), #2069, .T. ) ;
#1386 = DIRECTION ( 'NONE',  ( 0.000000000000000000, 0.000000000000000000, -1.000000000000000000 ) ) ;
#1387 = EDGE_CURVE ( 'NONE', #388, #138, #2352, .T. ) ;
#1388 = FACE_BOUND ( 'NONE', #1969, .T. ) ;
#1389 = FACE_OUTER_BOUND ( 'NONE', #2521, .T. ) ;
#1390 = ORIENTED_EDGE ( 'NONE', *, *, #150, .T. ) ;
#1391 = CARTESIAN_POINT ( 'NONE',  ( 0.000000000000000000, 0.000000000000000000, 5.599999999999999645 ) ) ;
#1392 = CARTESIAN_POINT ( 'NONE',  ( 0.000000000000000000, 0.000000000000000000, 5.599999999999999645 ) ) ;
#1393 = CARTESIAN_POINT ( 'NONE',  ( 35.96176672528179807, -2.240216349668061824, 3.600000000000000089 ) ) ;
#1394 = ADVANCED_FACE ( 'NONE', ( #3 ), #256, .T. ) ;
#1395 = ORIENTED_EDGE ( 'NONE', *, *, #754, .T. ) ;
#1396 = ORIENTED_EDGE ( 'NONE', *, *, #1505, .F. ) ;
#1397 = DIRECTION ( 'NONE',  ( -0.000000000000000000, 0.000000000000000000, 1.000000000000000000 ) ) ;
#1398 = AXIS2_PLACEMENT_3D ( 'NONE', #2374, #341, #120 ) ;
#1399 = LINE ( 'NONE', #1137, #2464 ) ;
#1400 = ORIENTED_EDGE ( 'NONE', *, *, #1075, .T. ) ;
#1401 = AXIS2_PLACEMENT_3D ( 'NONE', #1829, #2271, #248 ) ;
#1402 = CARTESIAN_POINT ( 'NONE',  ( 0.000000000000000000, 0.000000000000000000, 5.599999999999999645 ) ) ;
#1403 = CARTESIAN_POINT ( 'NONE',  ( 54.10796630892206593, -10.78767380862165304, 0.000000000000000000 ) ) ;
#1404 = CARTESIAN_POINT ( 'NONE',  ( -2.397543731461428074, 0.000000000000000000, 3.000000000000000000 ) ) ;
#1405 = CARTESIAN_POINT ( 'NONE',  ( -6.100401083079867171, 4.232697913335888629, 5.599999999999999645 ) ) ;
#1406 = ORIENTED_EDGE ( 'NONE', *, *, #250, .F. ) ;
#1407 = AXIS2_PLACEMENT_3D ( 'NONE', #1474, #2309, #2767 ) ;
#1408 = CARTESIAN_POINT ( 'NONE',  ( -9.183775061117861682, 3.697063108304976531, 0.000000000000000000 ) ) ;
#1409 = AXIS2_PLACEMENT_3D ( 'NONE', #586, #1517, #323 ) ;
#1410 = LINE ( 'NONE', #2489, #2497 ) ;
#1411 = DIRECTION ( 'NONE',  ( 0.9656799471307165872, -0.2597349412566901106, -0.000000000000000000 ) ) ;
#1412 = EDGE_LOOP ( 'NONE', ( #1768, #1212, #737, #316 ) ) ;
#1413 = DIRECTION ( 'NONE',  ( -1.000000000000000000, 0.000000000000000000, 0.000000000000000000 ) ) ;
#1414 = EDGE_CURVE ( 'NONE', #2488, #138, #2876, .T. ) ;
#1415 = ORIENTED_EDGE ( 'NONE', *, *, #1684, .F. ) ;
#1416 = CARTESIAN_POINT ( 'NONE',  ( 0.000000000000000000, 0.000000000000000000, 5.599999999999999645 ) ) ;
#1417 = CYLINDRICAL_SURFACE ( 'NONE', #541, 7.425000000000000711 ) ;
#1418 = ORIENTED_EDGE ( 'NONE', *, *, #2752, .T. ) ;
#1419 = AXIS2_PLACEMENT_3D ( 'NONE', #2840, #1440, #504 ) ;
#1420 = ORIENTED_EDGE ( 'NONE', *, *, #2481, .F. ) ;
#1421 = CARTESIAN_POINT ( 'NONE',  ( -6.687434856461516475, -3.226273398300826933, 0.000000000000000000 ) ) ;
#1422 = CARTESIAN_POINT ( 'NONE',  ( -8.389074425191868301, -5.256750925104952898, 0.000000000000000000 ) ) ;
#1423 = AXIS2_PLACEMENT_3D ( 'NONE', #693, #2060, #1600 ) ;
#1424 = EDGE_CURVE ( 'NONE', #392, #1750, #1450, .T. ) ;
#1425 = FACE_OUTER_BOUND ( 'NONE', #608, .T. ) ;
#1426 = LOCAL_TIME ( 15, 34, 1.000000000000000000, #1788 ) ;
#1427 = VERTEX_POINT ( 'NONE', #231 ) ;
#1428 = CARTESIAN_POINT ( 'NONE',  ( 0.000000000000000000, 0.000000000000000000, 5.599999999999999645 ) ) ;
#1429 = EDGE_CURVE ( 'NONE', #2119, #2737, #410, .T. ) ;
#1430 = CARTESIAN_POINT ( 'NONE',  ( 1.185432194487965107, 6.920459368303286674, 5.413730740066272418 ) ) ;
#1431 = CARTESIAN_POINT ( 'NONE',  ( -2.279326625612735135, 7.948956596392994456, 5.599999999999999645 ) ) ;
#1432 = EDGE_CURVE ( 'NONE', #375, #1539, #1399, .T. ) ;
#1433 = EDGE_LOOP ( 'NONE', ( #820, #108, #2913, #1971 ) ) ;
#1434 = FACE_OUTER_BOUND ( 'NONE', #2239, .T. ) ;
#1435 = DIRECTION ( 'NONE',  ( 1.000000000000000000, 0.000000000000000000, 0.000000000000000000 ) ) ;
#1436 = ADVANCED_FACE ( 'NONE', ( #2306 ), #1181, .T. ) ;
#1437 = ORIENTED_EDGE ( 'NONE', *, *, #320, .F. ) ;
#1438 = CARTESIAN_POINT ( 'NONE',  ( 31.01002424298560811, -1.221304394171738084, 5.599999999999999645 ) ) ;
#1439 = ORIENTED_EDGE ( 'NONE', *, *, #1828, .T. ) ;
#1440 = DIRECTION ( 'NONE',  ( -0.000000000000000000, -0.000000000000000000, -1.000000000000000000 ) ) ;
#1441 = ORIENTED_EDGE ( 'NONE', *, *, #2685, .T. ) ;
#1442 = DIRECTION ( 'NONE',  ( -1.000000000000000000, 0.000000000000000000, 0.000000000000000000 ) ) ;
#1443 = ORIENTED_EDGE ( 'NONE', *, *, #2447, .F. ) ;
#1444 = CARTESIAN_POINT ( 'NONE',  ( 0.8697893978445845331, 6.365853548692206765, 5.599999999999999645 ) ) ;
#1445 = AXIS2_PLACEMENT_3D ( 'NONE', #940, #2524, #495 ) ;
#1446 = DIRECTION ( 'NONE',  ( -0.000000000000000000, -0.000000000000000000, -1.000000000000000000 ) ) ;
#1447 = AXIS2_PLACEMENT_3D ( 'NONE', #2310, #287, #1887 ) ;
#1448 = DIRECTION ( 'NONE',  ( -0.000000000000000000, -0.000000000000000000, -1.000000000000000000 ) ) ;
#1449 = CARTESIAN_POINT ( 'NONE',  ( 31.59734611092362400, 6.757107291335708865, 2.000000000000000000 ) ) ;
#1450 = CIRCLE ( 'NONE', #2581, 3.009777261265890846 ) ;
#1451 = LINE ( 'NONE', #1255, #1458 ) ;
#1452 = ORIENTED_EDGE ( 'NONE', *, *, #626, .F. ) ;
#1453 = DIRECTION ( 'NONE',  ( -1.000000000000000000, 0.000000000000000000, 0.000000000000000000 ) ) ;
#1454 = CARTESIAN_POINT ( 'NONE',  ( -2.140407324811950396, -7.109801789353298318, 4.735829983521442799 ) ) ;
#1455 = ORIENTED_EDGE ( 'NONE', *, *, #2164, .F. ) ;
#1456 = EDGE_CURVE ( 'NONE', #864, #1221, #1090, .T. ) ;
#1457 = ORIENTED_EDGE ( 'NONE', *, *, #2425, .T. ) ;
#1458 = VECTOR ( 'NONE', #122, 1000.000000000000000 ) ;
#1459 = CARTESIAN_POINT ( 'NONE',  ( -3.879691228251194168, -9.108128016965439500, 5.599999999999999645 ) ) ;
#1460 = EDGE_CURVE ( 'NONE', #2366, #2369, #944, .T. ) ;
#1461 = ORIENTED_EDGE ( 'NONE', *, *, #1414, .F. ) ;
#1462 = CARTESIAN_POINT ( 'NONE',  ( 1.320665576569563848, 7.306604371037491497, 4.599999999999999645 ) ) ;
#1463 = VECTOR ( 'NONE', #2921, 1000.000000000000114 ) ;
#1464 = CARTESIAN_POINT ( 'NONE',  ( 0.000000000000000000, 0.000000000000000000, 0.000000000000000000 ) ) ;
#1465 = EDGE_CURVE ( 'NONE', #2772, #1776, #237, .T. ) ;
#1466 = DIRECTION ( 'NONE',  ( -0.9656799471307168092, 0.2597349412566901106, 0.000000000000000000 ) ) ;
#1467 = DIRECTION ( 'NONE',  ( -0.000000000000000000, -0.000000000000000000, -1.000000000000000000 ) ) ;
#1468 = DIRECTION ( 'NONE',  ( -1.000000000000000000, 0.000000000000000000, 0.000000000000000000 ) ) ;
#1469 = EDGE_LOOP ( 'NONE', ( #610, #978, #1299, #1197 ) ) ;
#1470 = CARTESIAN_POINT ( 'NONE',  ( -4.624131115888315158, 6.855556305701257180, 5.599999999999999645 ) ) ;
#1471 = ORIENTED_EDGE ( 'NONE', *, *, #715, .T. ) ;
#1472 = CIRCLE ( 'NONE', #472, 9.500000000000008882 ) ;
#1473 = ORIENTED_EDGE ( 'NONE', *, *, #1475, .F. ) ;
#1474 = CARTESIAN_POINT ( 'NONE',  ( 40.10796630892206593, -10.78767380862165304, 4.599999999999999645 ) ) ;
#1475 = EDGE_CURVE ( 'NONE', #2300, #286, #2846, .T. ) ;
#1476 = DIRECTION ( 'NONE',  ( -1.000000000000000000, 0.000000000000000000, 0.000000000000000000 ) ) ;
#1477 = EDGE_LOOP ( 'NONE', ( #2867, #2301, #549, #2895 ) ) ;
#1478 = EDGE_CURVE ( 'NONE', #2737, #1634, #1903, .T. ) ;
#1479 = ORIENTED_EDGE ( 'NONE', *, *, #1654, .T. ) ;
#1480 = AXIS2_PLACEMENT_3D ( 'NONE', #1571, #1752, #612 ) ;
#1481 = CIRCLE ( 'NONE', #4, 15.00000000000000711 ) ;
#1482 = DIRECTION ( 'NONE',  ( 1.000000000000000000, 0.000000000000000000, 0.000000000000000000 ) ) ;
#1483 = DIRECTION ( 'NONE',  ( -0.000000000000000000, -0.000000000000000000, -1.000000000000000000 ) ) ;
#1484 = VECTOR ( 'NONE', #1550, 1000.000000000000000 ) ;
#1485 = CARTESIAN_POINT ( 'NONE',  ( -8.264257631792540693, 0.2885942357802144809, 5.599999999999999645 ) ) ;
#1486 = DIRECTION ( 'NONE',  ( -1.000000000000000000, 0.000000000000000000, 0.000000000000000000 ) ) ;
#1487 = LINE ( 'NONE', #2329, #866 ) ;
#1488 = VECTOR ( 'NONE', #1190, 1000.000000000000000 ) ;
#1489 = DIRECTION ( 'NONE',  ( 0.000000000000000000, 0.000000000000000000, 1.000000000000000000 ) ) ;
#1490 = EDGE_LOOP ( 'NONE', ( #459, #2293, #2670, #1818 ) ) ;
#1491 = EDGE_CURVE ( 'NONE', #2119, #637, #1235, .T. ) ;
#1492 = ORIENTED_EDGE ( 'NONE', *, *, #543, .T. ) ;
#1493 = EDGE_CURVE ( 'NONE', #1721, #446, #996, .T. ) ;
#1494 = AXIS2_PLACEMENT_3D ( 'NONE', #1874, #2746, #1819 ) ;
#1495 = LINE ( 'NONE', #526, #2939 ) ;
#1496 = VERTEX_POINT ( 'NONE', #773 ) ;
#1497 = ORIENTED_EDGE ( 'NONE', *, *, #2189, .F. ) ;
#1498 = DIRECTION ( 'NONE',  ( -1.000000000000000000, 0.000000000000000000, 0.000000000000000000 ) ) ;
#1499 = DIRECTION ( 'NONE',  ( 1.000000000000000000, 0.000000000000000000, 0.000000000000000000 ) ) ;
#1500 = DIRECTION ( 'NONE',  ( 0.000000000000000000, 0.000000000000000000, -1.000000000000000000 ) ) ;
#1501 = CIRCLE ( 'NONE', #1693, 7.425000000000000711 ) ;
#1502 = CARTESIAN_POINT ( 'NONE',  ( 0.000000000000000000, 0.000000000000000000, 5.599999999999999645 ) ) ;
#1503 = LINE ( 'NONE', #2170, #2929 ) ;
#1504 = AXIS2_PLACEMENT_3D ( 'NONE', #1922, #1892, #539 ) ;
#1505 = EDGE_CURVE ( 'NONE', #2506, #1790, #1570, .T. ) ;
#1506 = VECTOR ( 'NONE', #2281, 1000.000000000000000 ) ;
#1507 = ORIENTED_EDGE ( 'NONE', *, *, #74, .T. ) ;
#1508 = ORIENTED_EDGE ( 'NONE', *, *, #1700, .T. ) ;
#1509 = VERTEX_POINT ( 'NONE', #331 ) ;
#1510 = CIRCLE ( 'NONE', #226, 7.425000000000000711 ) ;
#1511 = CARTESIAN_POINT ( 'NONE',  ( 40.10796630892206593, -10.78767380862165304, 4.599999999999999645 ) ) ;
#1512 = VECTOR ( 'NONE', #2792, 1000.000000000000000 ) ;
#1513 = CARTESIAN_POINT ( 'NONE',  ( -4.493850614800948051, 5.910662539162014895, 5.599999999999999645 ) ) ;
#1514 = AXIS2_PLACEMENT_3D ( 'NONE', #2894, #1775, #518 ) ;
#1515 = CARTESIAN_POINT ( 'NONE',  ( -3.494755105310459520, -7.494526508824509214, 0.000000000000000000 ) ) ;
#1516 = DIRECTION ( 'NONE',  ( 1.000000000000000000, 0.000000000000000000, -0.000000000000000000 ) ) ;
#1517 = DIRECTION ( 'NONE',  ( -0.000000000000000000, 0.000000000000000000, 1.000000000000000000 ) ) ;
#1518 = EDGE_CURVE ( 'NONE', #2559, #667, #745, .T. ) ;
#1519 = CARTESIAN_POINT ( 'NONE',  ( 40.10796630892206593, -10.78767380862165304, 5.599999999999999645 ) ) ;
#1520 = CYLINDRICAL_SURFACE ( 'NONE', #1940, 9.900000000000000355 ) ;
#1521 = EDGE_CURVE ( 'NONE', #1072, #361, #2599, .T. ) ;
#1522 = AXIS2_PLACEMENT_3D ( 'NONE', #2365, #2334, #2126 ) ;
#1523 = DIRECTION ( 'NONE',  ( -0.000000000000000000, -0.000000000000000000, -1.000000000000000000 ) ) ;
#1524 = CIRCLE ( 'NONE', #995, 3.009777261265890846 ) ;
#1525 = ORIENTED_EDGE ( 'NONE', *, *, #1952, .F. ) ;
#1526 = EDGE_CURVE ( 'NONE', #2474, #378, #2549, .T. ) ;
#1527 = ORIENTED_EDGE ( 'NONE', *, *, #1333, .F. ) ;
#1528 = LINE ( 'NONE', #2452, #952 ) ;
#1529 = AXIS2_PLACEMENT_3D ( 'NONE', #778, #1048, #1542 ) ;
#1530 = DIRECTION ( 'NONE',  ( -1.000000000000000000, 0.000000000000000000, 0.000000000000000000 ) ) ;
#1531 = CIRCLE ( 'NONE', #1248, 2.000000000000000000 ) ;
#1532 = CARTESIAN_POINT ( 'NONE',  ( 0.000000000000000000, 0.000000000000000000, 0.000000000000000000 ) ) ;
#1533 = CARTESIAN_POINT ( 'NONE',  ( -0.09754373146142816808, 0.000000000000000000, 3.000000000000000000 ) ) ;
#1534 = DIRECTION ( 'NONE',  ( -0.000000000000000000, -0.000000000000000000, -1.000000000000000000 ) ) ;
#1535 = PERSON_AND_ORGANIZATION_ROLE ( 'design_supplier' ) ;
#1536 = DIRECTION ( 'NONE',  ( 0.8090169943749464521, 0.5877852522924743583, 0.000000000000000000 ) ) ;
#1537 = DIRECTION ( 'NONE',  ( 0.000000000000000000, 0.000000000000000000, -1.000000000000000000 ) ) ;
#1538 = DIRECTION ( 'NONE',  ( 0.000000000000000000, 0.000000000000000000, 1.000000000000000000 ) ) ;
#1539 = VERTEX_POINT ( 'NONE', #1644 ) ;
#1540 = ORIENTED_EDGE ( 'NONE', *, *, #905, .T. ) ;
#1541 = AXIS2_PLACEMENT_3D ( 'NONE', #799, #556, #119 ) ;
#1542 = DIRECTION ( 'NONE',  ( -1.000000000000000000, 0.000000000000000000, 0.000000000000000000 ) ) ;
#1543 = CIRCLE ( 'NONE', #1013, 2.000000000000000000 ) ;
#1544 = DIRECTION ( 'NONE',  ( 0.000000000000000000, 0.000000000000000000, 1.000000000000000000 ) ) ;
#1545 = DIRECTION ( 'NONE',  ( 1.000000000000000000, 0.000000000000000000, 0.000000000000000000 ) ) ;
#1546 = FACE_OUTER_BOUND ( 'NONE', #2881, .T. ) ;
#1547 = ORIENTED_EDGE ( 'NONE', *, *, #2476, .F. ) ;
#1548 = ORIENTED_EDGE ( 'NONE', *, *, #282, .T. ) ;
#1549 = TOROIDAL_SURFACE ( 'NONE', #1934, 8.000000000000000000, 2.000000000000000000 ) ;
#1550 = DIRECTION ( 'NONE',  ( -0.000000000000000000, -0.000000000000000000, -1.000000000000000000 ) ) ;
#1551 = EDGE_CURVE ( 'NONE', #2359, #565, #2937, .T. ) ;
#1552 = ORIENTED_EDGE ( 'NONE', *, *, #685, .F. ) ;
#1553 = AXIS2_PLACEMENT_3D ( 'NONE', #719, #2765, #1611 ) ;
#1554 = DIRECTION ( 'NONE',  ( 1.000000000000000000, 0.000000000000000000, 0.000000000000000000 ) ) ;
#1555 = CARTESIAN_POINT ( 'NONE',  ( 51.60796630892206593, -10.78767380862165304, 5.599999999999999645 ) ) ;
#1556 = EDGE_CURVE ( 'NONE', #968, #177, #2190, .T. ) ;
#1557 = DIRECTION ( 'NONE',  ( -1.000000000000000000, 0.000000000000000000, 0.000000000000000000 ) ) ;
#1558 = AXIS2_PLACEMENT_3D ( 'NONE', #1126, #2935, #899 ) ;
#1559 = CARTESIAN_POINT ( 'NONE',  ( -1.668796997574234497, -6.204493660314855497, 1.000000000000000000 ) ) ;
#1560 = CARTESIAN_POINT ( 'NONE',  ( 24.46523312605237521, 0.07303052256921237217, 0.000000000000000000 ) ) ;
#1561 = CIRCLE ( 'NONE', #35, 1.000000000000000000 ) ;
#1562 = ADVANCED_FACE ( 'NONE', ( #2535 ), #2651, .T. ) ;
#1563 = ORIENTED_EDGE ( 'NONE', *, *, #1526, .T. ) ;
#1564 = AXIS2_PLACEMENT_3D ( 'NONE', #92, #1310, #1536 ) ;
#1565 = ORIENTED_EDGE ( 'NONE', *, *, #2383, .T. ) ;
#1566 = DIRECTION ( 'NONE',  ( 0.000000000000000000, 0.000000000000000000, 1.000000000000000000 ) ) ;
#1567 = ORIENTED_EDGE ( 'NONE', *, *, #2644, .T. ) ;
#1568 = EDGE_CURVE ( 'NONE', #968, #691, #1286, .T. ) ;
#1569 = ORIENTED_EDGE ( 'NONE', *, *, #1465, .F. ) ;
#1570 = CIRCLE ( 'NONE', #1284, 1.000000000000000666 ) ;
#1571 = CARTESIAN_POINT ( 'NONE',  ( 0.000000000000000000, 0.000000000000000000, 5.599999999999999645 ) ) ;
#1572 = ADVANCED_FACE ( 'NONE', ( #1425 ), #761, .T. ) ;
#1573 = LINE ( 'NONE', #2938, #2541 ) ;
#1574 = DIRECTION ( 'NONE',  ( -0.000000000000000000, -0.000000000000000000, -1.000000000000000000 ) ) ;
#1575 = DIRECTION ( 'NONE',  ( 1.000000000000000000, 0.000000000000000000, 0.000000000000000000 ) ) ;
#1576 = DATE_TIME_ROLE ( 'classification_date' ) ;
#1577 = AXIS2_PLACEMENT_3D ( 'NONE', #1151, #1630, #2768 ) ;
#1578 = ORIENTED_EDGE ( 'NONE', *, *, #1377, .F. ) ;
#1579 = CARTESIAN_POINT ( 'NONE',  ( 31.59734611092362400, 6.757107291335708865, 3.600000000000000089 ) ) ;
#1580 = AXIS2_PLACEMENT_3D ( 'NONE', #239, #1145, #2732 ) ;
#1581 = LINE ( 'NONE', #684, #387 ) ;
#1582 = ORIENTED_EDGE ( 'NONE', *, *, #1424, .T. ) ;
#1583 = VERTEX_POINT ( 'NONE', #1224 ) ;
#1584 = ORIENTED_EDGE ( 'NONE', *, *, #1343, .T. ) ;
#1585 = PLANE ( 'NONE',  #1886 ) ;
#1586 = CIRCLE ( 'NONE', #1059, 9.900000000000000355 ) ;
#1587 = FACE_OUTER_BOUND ( 'NONE', #2699, .T. ) ;
#1588 = COORDINATED_UNIVERSAL_TIME_OFFSET ( 8, 0, .AHEAD. ) ;
#1589 = VERTEX_POINT ( 'NONE', #2611 ) ;
#1590 = ADVANCED_FACE ( 'NONE', ( #577 ), #806, .T. ) ;
#1591 = CARTESIAN_POINT ( 'NONE',  ( 35.96176672528179807, -2.240216349668061824, 10.00000000000000000 ) ) ;
#1592 = AXIS2_PLACEMENT_3D ( 'NONE', #1416, #2326, #2035 ) ;
#1593 = FACE_OUTER_BOUND ( 'NONE', #2130, .T. ) ;
#1594 = AXIS2_PLACEMENT_3D ( 'NONE', #910, #508, #2105 ) ;
#1595 = EDGE_CURVE ( 'NONE', #875, #314, #1495, .T. ) ;
#1596 = VERTEX_POINT ( 'NONE', #1037 ) ;
#1597 = DIRECTION ( 'NONE',  ( -0.000000000000000000, -0.000000000000000000, -1.000000000000000000 ) ) ;
#1598 = AXIS2_PLACEMENT_3D ( 'NONE', #2068, #448, #31 ) ;
#1599 = ORIENTED_EDGE ( 'NONE', *, *, #1475, .T. ) ;
#1600 = DIRECTION ( 'NONE',  ( -0.2597349412566917204, -0.9656799471307163651, 0.000000000000000000 ) ) ;
#1601 = CYLINDRICAL_SURFACE ( 'NONE', #380, 9.900000000000000355 ) ;
#1602 = DIRECTION ( 'NONE',  ( 0.000000000000000000, 0.000000000000000000, 1.000000000000000000 ) ) ;
#1603 = ORIENTED_EDGE ( 'NONE', *, *, #2481, .T. ) ;
#1604 = CC_DESIGN_PERSON_AND_ORGANIZATION_ASSIGNMENT ( #714, #1861, ( #927 ) ) ;
#1605 = ORIENTED_EDGE ( 'NONE', *, *, #2085, .F. ) ;
#1606 = AXIS2_PLACEMENT_3D ( 'NONE', #516, #758, #1161 ) ;
#1607 = DIRECTION ( 'NONE',  ( -1.000000000000000000, 0.000000000000000000, 0.000000000000000000 ) ) ;
#1608 = DIRECTION ( 'NONE',  ( 1.000000000000000000, 0.000000000000000000, 0.000000000000000000 ) ) ;
#1609 = AXIS2_PLACEMENT_3D ( 'NONE', #2102, #1610, #241 ) ;
#1610 = DIRECTION ( 'NONE',  ( -0.000000000000000000, -0.000000000000000000, -1.000000000000000000 ) ) ;
#1611 = DIRECTION ( 'NONE',  ( 1.000000000000000000, 0.000000000000000000, 0.000000000000000000 ) ) ;
#1612 = ADVANCED_FACE ( 'NONE', ( #2620 ), #43, .T. ) ;
#1613 = ORIENTED_EDGE ( 'NONE', *, *, #2296, .F. ) ;
#1614 = AXIS2_PLACEMENT_3D ( 'NONE', #2803, #538, #321 ) ;
#1615 = DIRECTION ( 'NONE',  ( -0.000000000000000000, -0.000000000000000000, -1.000000000000000000 ) ) ;
#1616 = ORIENTED_EDGE ( 'NONE', *, *, #2817, .F. ) ;
#1617 = DIRECTION ( 'NONE',  ( 0.000000000000000000, 0.000000000000000000, 1.000000000000000000 ) ) ;
#1618 = AXIS2_PLACEMENT_3D ( 'NONE', #2740, #2755, #2725 ) ;
#1619 = CYLINDRICAL_SURFACE ( 'NONE', #1069, 3.009777261265889958 ) ;
#1620 = ORIENTED_EDGE ( 'NONE', *, *, #28, .F. ) ;
#1621 = AXIS2_PLACEMENT_3D ( 'NONE', #1711, #351, #2353 ) ;
#1622 = AXIS2_PLACEMENT_3D ( 'NONE', #1511, #2424, #2198 ) ;
#1623 =( NAMED_UNIT ( * ) PLANE_ANGLE_UNIT ( ) SI_UNIT ( $, .RADIAN. ) );
#1624 = ORGANIZATION ( '未指定', '未指定', '' ) ;
#1625 = DIRECTION ( 'NONE',  ( 1.000000000000000000, 1.040834085586084059E-15, 0.000000000000000000 ) ) ;
#1626 = DIRECTION ( 'NONE',  ( -0.000000000000000000, -0.000000000000000000, -1.000000000000000000 ) ) ;
#1627 = DIRECTION ( 'NONE',  ( 0.000000000000000000, 0.000000000000000000, 1.000000000000000000 ) ) ;
#1628 = ADVANCED_FACE ( 'NONE', ( #1434 ), #1672, .T. ) ;
#1629 = ORIENTED_EDGE ( 'NONE', *, *, #934, .F. ) ;
#1630 = DIRECTION ( 'NONE',  ( -0.000000000000000000, 0.000000000000000000, 1.000000000000000000 ) ) ;
#1631 = ORIENTED_EDGE ( 'NONE', *, *, #2510, .T. ) ;
#1632 = DIRECTION ( 'NONE',  ( 0.000000000000000000, 0.000000000000000000, 1.000000000000000000 ) ) ;
#1633 = FACE_OUTER_BOUND ( 'NONE', #486, .T. ) ;
#1634 = VERTEX_POINT ( 'NONE', #2120 ) ;
#1635 = CARTESIAN_POINT ( 'NONE',  ( 35.08888260241016610, -0.4407516214673103949, 0.000000000000000000 ) ) ;
#1636 = EDGE_LOOP ( 'NONE', ( #2094, #1996, #300, #2140 ) ) ;
#1637 = AXIS2_PLACEMENT_3D ( 'NONE', #322, #1716, #2558 ) ;
#1638 = APPROVAL_STATUS ( 'not_yet_approved' ) ;
#1639 = CARTESIAN_POINT ( 'NONE',  ( -0.09754373146142816808, 0.000000000000000000, 5.599999999999999645 ) ) ;
#1640 = CARTESIAN_POINT ( 'NONE',  ( -7.591833786322155220, 6.354058526710107735, 5.599999999999999645 ) ) ;
#1641 = B_SPLINE_CURVE_WITH_KNOTS ( 'NONE', 3,
 ( #574, #2171, #1222, #309, #90, #356, #2852, #2375, #2604, #2139 ),
 .UNSPECIFIED., .F., .F.,
 ( 4, 2, 2, 2, 4 ),
 ( 0.000000000000000000, 0.0004017577937253740913, 0.0008035155874507481826, 0.001205273381176122328, 0.001607031174901496365 ),
 .UNSPECIFIED. ) ;
#1642 = AXIS2_PLACEMENT_3D ( 'NONE', #2864, #105, #831 ) ;
#1643 = AXIS2_PLACEMENT_3D ( 'NONE', #2313, #2091, #2540 ) ;
#1644 = CARTESIAN_POINT ( 'NONE',  ( 21.12763913090391554, -12.33595679806050249, 5.599999999999999645 ) ) ;
#1645 = ADVANCED_FACE ( 'NONE', ( #2571 ), #2152, .F. ) ;
#1646 = TOROIDAL_SURFACE ( 'NONE', #2026, 8.000000000000000000, 2.000000000000000000 ) ;
#1647 = ORIENTED_EDGE ( 'NONE', *, *, #2676, .T. ) ;
#1648 = CIRCLE ( 'NONE', #2534, 2.299999999999999822 ) ;
#1649 = CARTESIAN_POINT ( 'NONE',  ( 0.000000000000000000, 0.000000000000000000, 1.000000000000000000 ) ) ;
#1650 = CARTESIAN_POINT ( 'NONE',  ( 32.43657701149441408, 2.102236441155596935, 1.000000000000000888 ) ) ;
#1651 = EDGE_LOOP ( 'NONE', ( #1274, #700, #1647, #2477 ) ) ;
#1652 = DIRECTION ( 'NONE',  ( -0.2597349412566917204, -0.9656799471307162541, 0.000000000000000000 ) ) ;
#1653 = DIRECTION ( 'NONE',  ( -0.000000000000000000, -0.000000000000000000, -1.000000000000000000 ) ) ;
#1654 = EDGE_CURVE ( 'NONE', #2351, #848, #2042, .T. ) ;
#1655 = DIRECTION ( 'NONE',  ( -0.000000000000000000, -0.000000000000000000, -1.000000000000000000 ) ) ;
#1656 = VERTEX_POINT ( 'NONE', #86 ) ;
#1657 = EDGE_CURVE ( 'NONE', #2641, #565, #2584, .T. ) ;
#1658 = VECTOR ( 'NONE', #2370, 1000.000000000000000 ) ;
#1659 = AXIS2_PLACEMENT_3D ( 'NONE', #557, #164, #1234 ) ;
#1660 = CIRCLE ( 'NONE', #1133, 14.00000000000000533 ) ;
#1661 = DIRECTION ( 'NONE',  ( 0.5114259531618435828, -0.8593273499851495911, 0.000000000000000000 ) ) ;
#1662 = EDGE_CURVE ( 'NONE', #627, #848, #1044, .T. ) ;
#1663 = ORIENTED_EDGE ( 'NONE', *, *, #2747, .F. ) ;
#1664 = CARTESIAN_POINT ( 'NONE',  ( -6.855556305701242081, -4.624131115888339139, 5.599999999999999645 ) ) ;
#1665 = VERTEX_POINT ( 'NONE', #2356 ) ;
#1666 = ADVANCED_FACE ( 'NONE', ( #1232 ), #1018, .T. ) ;
#1667 = CYLINDRICAL_SURFACE ( 'NONE', #1621, 9.900000000000000355 ) ;
#1668 = AXIS2_PLACEMENT_3D ( 'NONE', #1948, #1251, #584 ) ;
#1669 = DIRECTION ( 'NONE',  ( 0.000000000000000000, -1.000000000000000000, 0.000000000000000000 ) ) ;
#1670 = EDGE_CURVE ( 'NONE', #314, #2559, #2701, .T. ) ;
#1671 = AXIS2_PLACEMENT_3D ( 'NONE', #175, #1321, #2427 ) ;
#1672 = CYLINDRICAL_SURFACE ( 'NONE', #1951, 15.00000000000000711 ) ;
#1673 = VERTEX_POINT ( 'NONE', #366 ) ;
#1674 = DIRECTION ( 'NONE',  ( -0.000000000000000000, -0.000000000000000000, -1.000000000000000000 ) ) ;
#1675 = ORIENTED_EDGE ( 'NONE', *, *, #905, .F. ) ;
#1676 = AXIS2_PLACEMENT_3D ( 'NONE', #1383, #225, #12 ) ;
#1677 = CARTESIAN_POINT ( 'NONE',  ( -6.855556305701242081, -4.624131115888339139, 0.000000000000000000 ) ) ;
#1678 = ORIENTED_EDGE ( 'NONE', *, *, #79, .T. ) ;
#1679 = FACE_OUTER_BOUND ( 'NONE', #2587, .T. ) ;
#1680 = CARTESIAN_POINT ( 'NONE',  ( 0.000000000000000000, 0.000000000000000000, 5.599999999999999645 ) ) ;
#1681 = DIRECTION ( 'NONE',  ( -1.000000000000000000, 0.000000000000000000, 0.000000000000000000 ) ) ;
#1682 = FACE_OUTER_BOUND ( 'NONE', #2739, .T. ) ;
#1683 = CARTESIAN_POINT ( 'NONE',  ( 55.10796630892207304, -10.78767380862165304, 1.000000000000000888 ) ) ;
#1684 = EDGE_CURVE ( 'NONE', #2001, #1708, #1139, .T. ) ;
#1685 = ORIENTED_EDGE ( 'NONE', *, *, #822, .T. ) ;
#1686 = DIRECTION ( 'NONE',  ( -1.000000000000000000, 0.000000000000000000, -0.000000000000000000 ) ) ;
#1687 = CARTESIAN_POINT ( 'NONE',  ( -2.134607467527162683, -7.082705137715187504, 4.869336153842674264 ) ) ;
#1688 = VERTEX_POINT ( 'NONE', #1695 ) ;
#1689 = ADVANCED_FACE ( 'NONE', ( #1682 ), #2185, .T. ) ;
#1690 = DIRECTION ( 'NONE',  ( -0.4367782276403637254, -0.8995692190483969286, 0.000000000000000000 ) ) ;
#1691 = ORIENTED_EDGE ( 'NONE', *, *, #1352, .F. ) ;
#1692 = DIRECTION ( 'NONE',  ( 0.000000000000000000, 0.000000000000000000, 1.000000000000000000 ) ) ;
#1693 = AXIS2_PLACEMENT_3D ( 'NONE', #468, #2511, #2786 ) ;
#1694 = LINE ( 'NONE', #2166, #1355 ) ;
#1695 = CARTESIAN_POINT ( 'NONE',  ( 27.43867001505729775, -14.49939915232953247, 5.599999999999999645 ) ) ;
#1696 = CARTESIAN_POINT ( 'NONE',  ( 31.01002424298560811, -1.221304394171737639, 2.000000000000000000 ) ) ;
#1697 = CARTESIAN_POINT ( 'NONE',  ( -1.577855883427225381, 8.117364821707898415, 5.599999999999999645 ) ) ;
#1698 = ORIENTED_EDGE ( 'NONE', *, *, #66, .F. ) ;
#1699 = AXIS2_PLACEMENT_3D ( 'NONE', #1346, #45, #2058 ) ;
#1700 = EDGE_CURVE ( 'NONE', #106, #392, #993, .T. ) ;
#1701 = CARTESIAN_POINT ( 'NONE',  ( 18.27055477708032072, -22.95843621649838440, 1.000000000000000888 ) ) ;
#1702 = ADVANCED_FACE ( 'NONE', ( #755 ), #2386, .T. ) ;
#1703 = ORIENTED_EDGE ( 'NONE', *, *, #754, .F. ) ;
#1704 = CARTESIAN_POINT ( 'NONE',  ( -6.100401083079867171, 4.232697913335888629, 0.000000000000000000 ) ) ;
#1705 = AXIS2_PLACEMENT_3D ( 'NONE', #2246, #206, #1575 ) ;
#1706 = CARTESIAN_POINT ( 'NONE',  ( 0.000000000000000000, 0.000000000000000000, 5.599999999999999645 ) ) ;
#1707 = CIRCLE ( 'NONE', #2077, 7.425000000000000711 ) ;
#1708 = VERTEX_POINT ( 'NONE', #2135 ) ;
#1709 = DIRECTION ( 'NONE',  ( -0.000000000000000000, -0.000000000000000000, 1.000000000000000000 ) ) ;
#1710 = ORIENTED_EDGE ( 'NONE', *, *, #2030, .F. ) ;
#1711 = CARTESIAN_POINT ( 'NONE',  ( 0.000000000000000000, 0.000000000000000000, 5.599999999999999645 ) ) ;
#1712 = ADVANCED_FACE ( 'NONE', ( #1921 ), #2815, .T. ) ;
#1713 = CIRCLE ( 'NONE', #1230, 3.009777261265890402 ) ;
#1714 = DIRECTION ( 'NONE',  ( -0.2597349412566902771, -0.9656799471307166982, 0.000000000000000000 ) ) ;
#1715 = CARTESIAN_POINT ( 'NONE',  ( 31.01002424298560811, -1.221304394171737639, 3.600000000000000089 ) ) ;
#1716 = DIRECTION ( 'NONE',  ( 0.2597349412566900551, 0.9656799471307166982, -0.000000000000000000 ) ) ;
#1717 = CARTESIAN_POINT ( 'NONE',  ( -8.492359460946810046, -5.088205065253091242, 5.599999999999999645 ) ) ;
#1718 = EDGE_LOOP ( 'NONE', ( #1057, #469, #688, #869 ) ) ;
#1719 = DIRECTION ( 'NONE',  ( 0.000000000000000000, 0.000000000000000000, 1.000000000000000000 ) ) ;
#1720 = ORIENTED_EDGE ( 'NONE', *, *, #207, .T. ) ;
#1721 = VERTEX_POINT ( 'NONE', #340 ) ;
#1722 = CARTESIAN_POINT ( 'NONE',  ( 0.000000000000000000, 0.000000000000000000, 4.599999999999999645 ) ) ;
#1723 = ORIENTED_EDGE ( 'NONE', *, *, #760, .F. ) ;
#1724 = ORIENTED_EDGE ( 'NONE', *, *, #648, .F. ) ;
#1725 = AXIS2_PLACEMENT_3D ( 'NONE', #659, #1739, #646 ) ;
#1726 = CIRCLE ( 'NONE', #2286, 9.999999999999998224 ) ;
#1727 = LINE ( 'NONE', #1459, #339 ) ;
#1728 = LINE ( 'NONE', #129, #1144 ) ;
#1729 = EDGE_CURVE ( 'NONE', #2379, #2110, #1125, .T. ) ;
#1730 = DIRECTION ( 'NONE',  ( 0.9656799471307166982, -0.2597349412566901661, 0.000000000000000000 ) ) ;
#1731 = DIRECTION ( 'NONE',  ( 1.000000000000000000, 0.000000000000000000, 0.000000000000000000 ) ) ;
#1732 = CARTESIAN_POINT ( 'NONE',  ( 30.49611760853984421, -8.202414618990754747, 5.599999999999999645 ) ) ;
#1733 = CYLINDRICAL_SURFACE ( 'NONE', #1659, 3.009777261265890846 ) ;
#1734 = FACE_OUTER_BOUND ( 'NONE', #1842, .T. ) ;
#1735 = ORIENTED_EDGE ( 'NONE', *, *, #1153, .F. ) ;
#1736 = ORIENTED_EDGE ( 'NONE', *, *, #1298, .T. ) ;
#1737 = ORIENTED_EDGE ( 'NONE', *, *, #929, .F. ) ;
#1738 = EDGE_LOOP ( 'NONE', ( #2798, #578, #1703, #2193 ) ) ;
#1739 = DIRECTION ( 'NONE',  ( -0.000000000000000000, -0.000000000000000000, -1.000000000000000000 ) ) ;
#1740 = EDGE_CURVE ( 'NONE', #947, #867, #1997, .T. ) ;
#1741 = EDGE_CURVE ( 'NONE', #1088, #1245, #649, .T. ) ;
#1742 = CARTESIAN_POINT ( 'NONE',  ( -5.363155188962296371, -5.134899358225710309, 5.599999999999999645 ) ) ;
#1743 = CIRCLE ( 'NONE', #1882, 9.900000000000000355 ) ;
#1744 = DIRECTION ( 'NONE',  ( -0.000000000000000000, -0.000000000000000000, -1.000000000000000000 ) ) ;
#1745 = DIRECTION ( 'NONE',  ( 0.000000000000000000, 0.000000000000000000, 1.000000000000000000 ) ) ;
#1746 = AXIS2_PLACEMENT_3D ( 'NONE', #2711, #2917, #1108 ) ;
#1747 = CARTESIAN_POINT ( 'NONE',  ( -4.017550821006834028, -8.207656991483858633, 5.599999999999999645 ) ) ;
#1748 = ADVANCED_FACE ( 'NONE', ( #205 ), #2021, .T. ) ;
#1749 = LINE ( 'NONE', #849, #2785 ) ;
#1750 = VERTEX_POINT ( 'NONE', #2228 ) ;
#1751 = ORIENTED_EDGE ( 'NONE', *, *, #588, .T. ) ;
#1752 = DIRECTION ( 'NONE',  ( -0.000000000000000000, -0.000000000000000000, -1.000000000000000000 ) ) ;
#1753 = AXIS2_PLACEMENT_3D ( 'NONE', #1147, #1833, #2734 ) ;
#1754 = CARTESIAN_POINT ( 'NONE',  ( 35.08888260241016610, -0.4407516214673060650, 5.599999999999999645 ) ) ;
#1755 = TOROIDAL_SURFACE ( 'NONE', #1182, 6.425000000000000711, 1.000000000000000000 ) ;
#1756 = DIRECTION ( 'NONE',  ( 0.000000000000000000, 0.000000000000000000, -1.000000000000000000 ) ) ;
#1757 = DIRECTION ( 'NONE',  ( -0.000000000000000000, -0.000000000000000000, -1.000000000000000000 ) ) ;
#1758 = DIRECTION ( 'NONE',  ( 0.9510565162951531981, 0.3090169943749482839, 0.000000000000000000 ) ) ;
#1759 = CARTESIAN_POINT ( 'NONE',  ( -0.09754373146142816808, 0.000000000000000000, 3.000000000000000000 ) ) ;
#1760 = CARTESIAN_POINT ( 'NONE',  ( 0.000000000000000000, 0.000000000000000000, 0.000000000000000000 ) ) ;
#1761 = ORIENTED_EDGE ( 'NONE', *, *, #2395, .T. ) ;
#1762 = AXIS2_PLACEMENT_3D ( 'NONE', #1266, #769, #1486 ) ;
#1763 = CARTESIAN_POINT ( 'NONE',  ( -6.504371968026362083, -7.463453979328398269, 0.000000000000000000 ) ) ;
#1764 = TOROIDAL_SURFACE ( 'NONE', #2235, 11.50000000000000533, 2.000000000000000000 ) ;
#1765 = ORIENTED_EDGE ( 'NONE', *, *, #363, .F. ) ;
#1766 = EDGE_LOOP ( 'NONE', ( #1723, #251, #1106, #1372 ) ) ;
#1767 = ORIENTED_EDGE ( 'NONE', *, *, #715, .F. ) ;
#1768 = ORIENTED_EDGE ( 'NONE', *, *, #1994, .F. ) ;
#1769 = DIRECTION ( 'NONE',  ( -0.000000000000000000, -0.000000000000000000, -1.000000000000000000 ) ) ;
#1770 = VECTOR ( 'NONE', #482, 1000.000000000000000 ) ;
#1771 = CARTESIAN_POINT ( 'NONE',  ( 40.10796630892206593, -10.78767380862165304, 1.000000000000000888 ) ) ;
#1772 = CARTESIAN_POINT ( 'NONE',  ( 1.668796997574232943, 6.204493660314854608, 5.599999999999999645 ) ) ;
#1773 = CARTESIAN_POINT ( 'NONE',  ( -6.516293434324786915, 5.091086398338029007, 5.599999999999999645 ) ) ;
#1774 = UNCERTAINTY_MEASURE_WITH_UNIT (LENGTH_MEASURE( 1.000000000000000082E-05 ), #297, 'distance_accuracy_value', 'NONE');
#1775 = DIRECTION ( 'NONE',  ( 0.000000000000000000, 0.000000000000000000, 1.000000000000000000 ) ) ;
#1776 = VERTEX_POINT ( 'NONE', #2212 ) ;
#1777 = ADVANCED_FACE ( 'NONE', ( #2245 ), #663, .T. ) ;
#1778 = ORIENTED_EDGE ( 'NONE', *, *, #2708, .F. ) ;
#1779 = DIRECTION ( 'NONE',  ( -1.000000000000000000, 0.000000000000000000, 0.000000000000000000 ) ) ;
#1780 = ORIENTED_EDGE ( 'NONE', *, *, #274, .T. ) ;
#1781 = VERTEX_POINT ( 'NONE', #2441 ) ;
#1782 = CARTESIAN_POINT ( 'NONE',  ( 1.928531938830923442, 7.170173607445572195, 1.000000000000000888 ) ) ;
#1783 = EDGE_CURVE ( 'NONE', #127, #923, #2889, .T. ) ;
#1784 = AXIS2_PLACEMENT_3D ( 'NONE', #1005, #2788, #2816 ) ;
#1785 = CARTESIAN_POINT ( 'NONE',  ( -7.463453979328375176, 6.504371968026388728, 5.599999999999999645 ) ) ;
#1786 = DIRECTION ( 'NONE',  ( 1.000000000000000000, 0.000000000000000000, 0.000000000000000000 ) ) ;
#1787 = CARTESIAN_POINT ( 'NONE',  ( 1.320665576569563848, 7.306604371037491497, 1.000000000000000000 ) ) ;
#1788 = COORDINATED_UNIVERSAL_TIME_OFFSET ( 8, 0, .AHEAD. ) ;
#1789 = CIRCLE ( 'NONE', #1398, 3.009777261265890846 ) ;
#1790 = VERTEX_POINT ( 'NONE', #2919 ) ;
#1791 = EDGE_CURVE ( 'NONE', #1776, #2087, #2655, .T. ) ;
#1792 = AXIS2_PLACEMENT_3D ( 'NONE', #2801, #130, #2600 ) ;
#1793 = DIRECTION ( 'NONE',  ( 0.000000000000000000, 0.000000000000000000, 1.000000000000000000 ) ) ;
#1794 = ADVANCED_FACE ( 'NONE', ( #188 ), #841, .F. ) ;
#1795 = ORIENTED_EDGE ( 'NONE', *, *, #2053, .F. ) ;
#1796 = VERTEX_POINT ( 'NONE', #2667 ) ;
#1797 = DIRECTION ( 'NONE',  ( -0.000000000000000000, -0.000000000000000000, -1.000000000000000000 ) ) ;
#1798 = DIRECTION ( 'NONE',  ( -0.000000000000000000, -0.000000000000000000, -1.000000000000000000 ) ) ;
#1799 = VECTOR ( 'NONE', #1121, 1000.000000000000000 ) ;
#1800 = DIRECTION ( 'NONE',  ( -1.000000000000000000, 0.000000000000000000, 0.000000000000000000 ) ) ;
#1801 = VECTOR ( 'NONE', #2835, 1000.000000000000000 ) ;
#1802 = DIRECTION ( 'NONE',  ( 1.000000000000000000, 0.000000000000000000, 0.000000000000000000 ) ) ;
#1803 = FACE_OUTER_BOUND ( 'NONE', #2252, .T. ) ;
#1804 = AXIS2_PLACEMENT_3D ( 'NONE', #2750, #1674, #1625 ) ;
#1805 = DATE_AND_TIME ( #887, #1426 ) ;
#1806 = ORIENTED_EDGE ( 'NONE', *, *, #2518, .F. ) ;
#1807 = DIRECTION ( 'NONE',  ( 1.000000000000000000, 0.000000000000000000, 0.000000000000000000 ) ) ;
#1808 = ORIENTED_EDGE ( 'NONE', *, *, #2479, .T. ) ;
#1809 = ORIENTED_EDGE ( 'NONE', *, *, #2516, .T. ) ;
#1810 = AXIS2_PLACEMENT_3D ( 'NONE', #2825, #2576, #2380 ) ;
#1811 = DIRECTION ( 'NONE',  ( 1.000000000000000000, 0.000000000000000000, 0.000000000000000000 ) ) ;
#1812 = ORIENTED_EDGE ( 'NONE', *, *, #2268, .F. ) ;
#1813 = CARTESIAN_POINT ( 'NONE',  ( -1.668796997574234275, -6.204493660314854608, 4.599999999999999645 ) ) ;
#1814 = DIRECTION ( 'NONE',  ( 0.3090169943749448422, 0.9510565162951544194, 0.000000000000000000 ) ) ;
#1815 = DIRECTION ( 'NONE',  ( 0.000000000000000000, 0.000000000000000000, 1.000000000000000000 ) ) ;
#1816 = DATE_AND_TIME ( #453, #434 ) ;
#1817 = CIRCLE ( 'NONE', #766, 3.009777261265889958 ) ;
#1818 = ORIENTED_EDGE ( 'NONE', *, *, #320, .T. ) ;
#1819 = DIRECTION ( 'NONE',  ( -1.000000000000000000, 0.000000000000000000, 0.000000000000000000 ) ) ;
#1820 = DIRECTION ( 'NONE',  ( 1.000000000000000000, 1.040834085586084059E-15, 0.000000000000000000 ) ) ;
#1821 = CIRCLE ( 'NONE', #726, 6.425000000000000711 ) ;
#1822 = ORIENTED_EDGE ( 'NONE', *, *, #1040, .T. ) ;
#1823 = CYLINDRICAL_SURFACE ( 'NONE', #232, 1.000000000000000444 ) ;
#1824 = ORIENTED_EDGE ( 'NONE', *, *, #1662, .F. ) ;
#1825 = CYLINDRICAL_SURFACE ( 'NONE', #312, 5.000000000000000888 ) ;
#1826 = VERTEX_POINT ( 'NONE', #440 ) ;
#1827 = CARTESIAN_POINT ( 'NONE',  ( -0.1614012457592478578, 7.423245559582908548, 5.599999999999999645 ) ) ;
#1828 = EDGE_CURVE ( 'NONE', #1045, #2001, #1905, .T. ) ;
#1829 = CARTESIAN_POINT ( 'NONE',  ( -5.091086398338004138, -6.516293434324805567, 5.599999999999999645 ) ) ;
#1830 = VERTEX_POINT ( 'NONE', #2009 ) ;
#1831 = CARTESIAN_POINT ( 'NONE',  ( -5.088205065253063708, 8.492359460946831362, 5.599999999999999645 ) ) ;
#1832 = DIRECTION ( 'NONE',  ( -0.000000000000000000, -0.000000000000000000, -1.000000000000000000 ) ) ;
#1833 = DIRECTION ( 'NONE',  ( -0.000000000000000000, -0.000000000000000000, -1.000000000000000000 ) ) ;
#1834 = EDGE_CURVE ( 'NONE', #997, #682, #1237, .T. ) ;
#1835 = AXIS2_PLACEMENT_3D ( 'NONE', #2553, #2092, #52 ) ;
#1836 = DIRECTION ( 'NONE',  ( -0.000000000000000000, -0.000000000000000000, -1.000000000000000000 ) ) ;
#1837 = AXIS2_PLACEMENT_3D ( 'NONE', #855, #393, #1093 ) ;
#1838 = FACE_OUTER_BOUND ( 'NONE', #155, .T. ) ;
#1839 = CIRCLE ( 'NONE', #2830, 9.500000000000008882 ) ;
#1840 = VERTEX_POINT ( 'NONE', #1772 ) ;
#1841 = CARTESIAN_POINT ( 'NONE',  ( -7.010050333647484422, -2.447410737847004025, 5.599999999999999645 ) ) ;
#1842 = EDGE_LOOP ( 'NONE', ( #2866, #2335, #2912, #2936 ) ) ;
#1843 = DIRECTION ( 'NONE',  ( 0.000000000000000000, 0.000000000000000000, 1.000000000000000000 ) ) ;
#1844 = CARTESIAN_POINT ( 'NONE',  ( 2.828265482620778037, 7.770595549723498863, 5.599999999999999645 ) ) ;
#1845 = VERTEX_POINT ( 'NONE', #615 ) ;
#1846 = CARTESIAN_POINT ( 'NONE',  ( -9.876744445807968731, 0.6781733939056152627, 0.000000000000000000 ) ) ;
#1847 = DIRECTION ( 'NONE',  ( 0.000000000000000000, 0.000000000000000000, 1.000000000000000000 ) ) ;
#1848 = CIRCLE ( 'NONE', #1941, 3.009777261265890846 ) ;
#1849 = CARTESIAN_POINT ( 'NONE',  ( 30.86319377600110414, -3.215907315548598877, 10.00000000000000000 ) ) ;
#1850 = DIRECTION ( 'NONE',  ( 0.9510565162951531981, 0.3090169943749482284, 0.000000000000000000 ) ) ;
#1851 = ORIENTED_EDGE ( 'NONE', *, *, #2432, .T. ) ;
#1852 = VECTOR ( 'NONE', #426, 1000.000000000000000 ) ;
#1853 = CARTESIAN_POINT ( 'NONE',  ( -2.140407324811949952, -7.109801789353297430, 4.599999999999999645 ) ) ;
#1854 = DIRECTION ( 'NONE',  ( -0.5877852522924769119, 0.8090169943749446757, 0.000000000000000000 ) ) ;
#1855 = AXIS2_PLACEMENT_3D ( 'NONE', #1094, #1756, #857 ) ;
#1856 = DIRECTION ( 'NONE',  ( 0.8090169943749464521, 0.5877852522924743583, 0.000000000000000000 ) ) ;
#1857 = ORIENTED_EDGE ( 'NONE', *, *, #2383, .F. ) ;
#1858 = ORIENTED_EDGE ( 'NONE', *, *, #1968, .F. ) ;
#1859 = AXIS2_PLACEMENT_3D ( 'NONE', #2208, #423, #1331 ) ;
#1860 = AXIS2_PLACEMENT_3D ( 'NONE', #2940, #701, #1820 ) ;
#1861 = PERSON_AND_ORGANIZATION_ROLE ( 'design_owner' ) ;
#1862 = EDGE_CURVE ( 'NONE', #1589, #1893, #2372, .T. ) ;
#1863 = CARTESIAN_POINT ( 'NONE',  ( -6.354058526710081090, -7.591833786322177424, 5.599999999999999645 ) ) ;
#1864 = LINE ( 'NONE', #1640, #936 ) ;
#1865 = CIRCLE ( 'NONE', #2261, 10.00000000000000178 ) ;
#1866 = DIRECTION ( 'NONE',  ( -0.000000000000000000, -0.000000000000000000, -1.000000000000000000 ) ) ;
#1867 = ORIENTED_EDGE ( 'NONE', *, *, #2180, .F. ) ;
#1868 = DIRECTION ( 'NONE',  ( -0.000000000000000000, -0.000000000000000000, -1.000000000000000000 ) ) ;
#1869 = ORIENTED_EDGE ( 'NONE', *, *, #810, .T. ) ;
#1870 = DIRECTION ( 'NONE',  ( 1.000000000000000000, 0.000000000000000000, 0.000000000000000000 ) ) ;
#1871 = EDGE_CURVE ( 'NONE', #1673, #169, #873, .T. ) ;
#1872 = LINE ( 'NONE', #1378, #833 ) ;
#1873 = AXIS2_PLACEMENT_3D ( 'NONE', #1579, #2275, #729 ) ;
#1874 = CARTESIAN_POINT ( 'NONE',  ( -4.624131115888315158, 6.855556305701257180, 5.599999999999999645 ) ) ;
#1875 = VERTEX_POINT ( 'NONE', #2679 ) ;
#1876 = DIRECTION ( 'NONE',  ( 1.000000000000000000, 0.000000000000000000, 0.000000000000000000 ) ) ;
#1877 = EDGE_CURVE ( 'NONE', #920, #2096, #1472, .T. ) ;
#1878 = FACE_OUTER_BOUND ( 'NONE', #1027, .T. ) ;
#1879 = EDGE_CURVE ( 'NONE', #1721, #2683, #563, .T. ) ;
#1880 = CYLINDRICAL_SURFACE ( 'NONE', #2038, 9.900000000000000355 ) ;
#1881 = CIRCLE ( 'NONE', #1115, 3.009777261265890846 ) ;
#1882 = AXIS2_PLACEMENT_3D ( 'NONE', #275, #988, #753 ) ;
#1883 = CARTESIAN_POINT ( 'NONE',  ( 30.49611760853984421, -8.202414618990754747, 3.600000000000000089 ) ) ;
#1884 = AXIS2_PLACEMENT_3D ( 'NONE', #1219, #1233, #2543 ) ;
#1885 = EDGE_LOOP ( 'NONE', ( #1578, #1565, #1675, #2040 ) ) ;
#1886 = AXIS2_PLACEMENT_3D ( 'NONE', #2888, #2478, #631 ) ;
#1887 = DIRECTION ( 'NONE',  ( 0.5877852522924714718, 0.8090169943749486725, 0.000000000000000000 ) ) ;
#1888 = VERTEX_POINT ( 'NONE', #2256 ) ;
#1889 = CYLINDRICAL_SURFACE ( 'NONE', #2897, 10.00000000000000000 ) ;
#1890 = CARTESIAN_POINT ( 'NONE',  ( -0.09754373146142816808, 0.000000000000000000, 5.599999999999999645 ) ) ;
#1891 = ORIENTED_EDGE ( 'NONE', *, *, #2601, .T. ) ;
#1892 = DIRECTION ( 'NONE',  ( 0.8997323641003777128, 0.4364420614358168748, -0.000000000000000000 ) ) ;
#1893 = VERTEX_POINT ( 'NONE', #219 ) ;
#1894 = AXIS2_PLACEMENT_3D ( 'NONE', #2642, #1313, #2420 ) ;
#1895 = CARTESIAN_POINT ( 'NONE',  ( 27.87901585109068847, -17.60330075703262054, 1.000000000000000888 ) ) ;
#1896 = ORIENTED_EDGE ( 'NONE', *, *, #588, .F. ) ;
#1897 = CIRCLE ( 'NONE', #1365, 9.900000000000002132 ) ;
#1898 = AXIS2_PLACEMENT_3D ( 'NONE', #2445, #413, #2165 ) ;
#1899 = CARTESIAN_POINT ( 'NONE',  ( 0.000000000000000000, 0.000000000000000000, 5.599999999999999645 ) ) ;
#1900 = VERTEX_POINT ( 'NONE', #1742 ) ;
#1901 = LINE ( 'NONE', #81, #2331 ) ;
#1902 = CARTESIAN_POINT ( 'NONE',  ( 30.49611760853984421, -8.202414618990754747, 0.000000000000000000 ) ) ;
#1903 = CIRCLE ( 'NONE', #2233, 3.009777261265889958 ) ;
#1904 = DIRECTION ( 'NONE',  ( -0.000000000000000000, -0.000000000000000000, -1.000000000000000000 ) ) ;
#1905 = CIRCLE ( 'NONE', #713, 14.00000000000000533 ) ;
#1906 = CARTESIAN_POINT ( 'NONE',  ( 0.2885942357802444014, 8.264257631792538916, 5.599999999999999645 ) ) ;
#1907 = PLANE ( 'NONE',  #1637 ) ;
#1908 = DIRECTION ( 'NONE',  ( 0.3090169943749447867, 0.9510565162951545304, 0.000000000000000000 ) ) ;
#1909 = AXIS2_PLACEMENT_3D ( 'NONE', #1091, #379, #143 ) ;
#1910 = ADVANCED_FACE ( 'NONE', ( #2635 ), #1764, .T. ) ;
#1911 = VECTOR ( 'NONE', #969, 1000.000000000000000 ) ;
#1912 = CARTESIAN_POINT ( 'NONE',  ( 20.86790418964724125, -13.30163674519122807, 1.000000000000000000 ) ) ;
#1913 = EDGE_LOOP ( 'NONE', ( #1009, #762, #787, #939 ) ) ;
#1914 = EDGE_LOOP ( 'NONE', ( #2608, #2498, #2265, #2376, #91 ) ) ;
#1915 = DIRECTION ( 'NONE',  ( -0.000000000000000000, -0.000000000000000000, -1.000000000000000000 ) ) ;
#1916 = ORIENTED_EDGE ( 'NONE', *, *, #1208, .F. ) ;
#1917 = FACE_OUTER_BOUND ( 'NONE', #1651, .T. ) ;
#1918 = ADVANCED_FACE ( 'NONE', ( #2200 ), #948, .T. ) ;
#1919 = DIRECTION ( 'NONE',  ( 0.9656799471307166982, -0.2597349412566900551, 0.000000000000000000 ) ) ;
#1920 = ADVANCED_FACE ( 'NONE', ( #679 ), #36, .F. ) ;
#1921 = FACE_OUTER_BOUND ( 'NONE', #428, .T. ) ;
#1922 = CARTESIAN_POINT ( 'NONE',  ( 35.08888260241016610, -0.4407516214673065091, 3.600000000000000089 ) ) ;
#1923 = FACE_OUTER_BOUND ( 'NONE', #1345, .T. ) ;
#1924 = CARTESIAN_POINT ( 'NONE',  ( 18.27055477708032072, -22.95843621649838440, 1.000000000000000888 ) ) ;
#1925 = VERTEX_POINT ( 'NONE', #49 ) ;
#1926 = CARTESIAN_POINT ( 'NONE',  ( 0.8752392796566006439, 9.861235024242461122, 5.599999999999999645 ) ) ;
#1927 = EDGE_CURVE ( 'NONE', #1796, #2194, #1376, .T. ) ;
#1928 = DIRECTION ( 'NONE',  ( -0.000000000000000000, -0.000000000000000000, -1.000000000000000000 ) ) ;
#1929 = ORIENTED_EDGE ( 'NONE', *, *, #1114, .F. ) ;
#1930 = DIRECTION ( 'NONE',  ( -1.000000000000000000, 0.000000000000000000, 0.000000000000000000 ) ) ;
#1931 = ORIENTED_EDGE ( 'NONE', *, *, #1193, .F. ) ;
#1932 = ADVANCED_FACE ( 'NONE', ( #1587 ), #1601, .T. ) ;
#1933 = DIRECTION ( 'NONE',  ( 1.000000000000000000, 0.000000000000000000, 0.000000000000000000 ) ) ;
#1934 = AXIS2_PLACEMENT_3D ( 'NONE', #1231, #2411, #567 ) ;
#1935 = CARTESIAN_POINT ( 'NONE',  ( 27.43867001505729775, -14.49939915232953247, 0.000000000000000000 ) ) ;
#1936 = DIRECTION ( 'NONE',  ( -0.9656799471307165872, 0.2597349412566901106, -0.000000000000000000 ) ) ;
#1937 = CYLINDRICAL_SURFACE ( 'NONE', #357, 10.00000000000000178 ) ;
#1938 = CARTESIAN_POINT ( 'NONE',  ( 40.10796630892206593, -10.78767380862165304, 1.000000000000000888 ) ) ;
#1939 = ORIENTED_EDGE ( 'NONE', *, *, #2560, .F. ) ;
#1940 = AXIS2_PLACEMENT_3D ( 'NONE', #2418, #389, #1297 ) ;
#1941 = AXIS2_PLACEMENT_3D ( 'NONE', #2906, #1080, #874 ) ;
#1942 = CARTESIAN_POINT ( 'NONE',  ( -2.116435667238707463, -6.977859154495218874, 5.116516127959362947 ) ) ;
#1943 = CIRCLE ( 'NONE', #2692, 9.900000000000003908 ) ;
#1944 = EDGE_LOOP ( 'NONE', ( #1225, #1101, #2884, #2458, #1068, #2078 ) ) ;
#1945 = CARTESIAN_POINT ( 'NONE',  ( 0.000000000000000000, 0.000000000000000000, 5.599999999999999645 ) ) ;
#1946 = CARTESIAN_POINT ( 'NONE',  ( 1.313396200035951589, 7.279366465122149243, 4.870786501922296452 ) ) ;
#1947 = CARTESIAN_POINT ( 'NONE',  ( 31.01002424298560811, -1.221304394171738084, 0.000000000000000000 ) ) ;
#1948 = CARTESIAN_POINT ( 'NONE',  ( 23.94444419393438395, -21.69595290471670168, 3.600000000000000089 ) ) ;
#1949 = CARTESIAN_POINT ( 'NONE',  ( -7.109801789353291213, 2.140407324811976597, 5.599999999999999645 ) ) ;
#1950 = ORIENTED_EDGE ( 'NONE', *, *, #1729, .F. ) ;
#1951 = AXIS2_PLACEMENT_3D ( 'NONE', #2340, #1500, #2833 ) ;
#1952 = EDGE_CURVE ( 'NONE', #2024, #784, #2796, .T. ) ;
#1953 = DIRECTION ( 'NONE',  ( 0.5877852522924714718, 0.8090169943749486725, 0.000000000000000000 ) ) ;
#1954 = ORIENTED_EDGE ( 'NONE', *, *, #1024, .T. ) ;
#1955 = ORIENTED_EDGE ( 'NONE', *, *, #1029, .T. ) ;
#1956 = ORIENTED_EDGE ( 'NONE', *, *, #2924, .F. ) ;
#1957 = CARTESIAN_POINT ( 'NONE',  ( -7.109801789353291213, 2.140407324811976597, 5.599999999999999645 ) ) ;
#1958 = LOCAL_TIME ( 15, 34, 1.000000000000000000, #2715 ) ;
#1959 = DIRECTION ( 'NONE',  ( 1.000000000000000000, 0.000000000000000000, 0.000000000000000000 ) ) ;
#1960 = DIRECTION ( 'NONE',  ( -1.000000000000000000, 0.000000000000000000, 0.000000000000000000 ) ) ;
#1961 = EDGE_CURVE ( 'NONE', #199, #296, #1524, .T. ) ;
#1962 = DIRECTION ( 'NONE',  ( 0.000000000000000000, 0.000000000000000000, 1.000000000000000000 ) ) ;
#1963 = CARTESIAN_POINT ( 'NONE',  ( -8.117364821707893086, -1.577855883427253803, 5.599999999999999645 ) ) ;
#1964 = AXIS2_PLACEMENT_3D ( 'NONE', #1732, #1052, #367 ) ;
#1965 = CYLINDRICAL_SURFACE ( 'NONE', #370, 3.009777261265890402 ) ;
#1966 = DIRECTION ( 'NONE',  ( -0.000000000000000000, -0.000000000000000000, -1.000000000000000000 ) ) ;
#1967 = ORIENTED_EDGE ( 'NONE', *, *, #1871, .F. ) ;
#1968 = EDGE_CURVE ( 'NONE', #271, #1344, #759, .T. ) ;
#1969 = EDGE_LOOP ( 'NONE', ( #2280, #1056 ) ) ;
#1970 = ADVANCED_FACE ( 'NONE', ( #1186 ), #1362, .T. ) ;
#1971 = ORIENTED_EDGE ( 'NONE', *, *, #2911, .F. ) ;
#1972 = ORIENTED_EDGE ( 'NONE', *, *, #942, .F. ) ;
#1973 = ORIENTED_EDGE ( 'NONE', *, *, #2911, .T. ) ;
#1974 = DIRECTION ( 'NONE',  ( 0.000000000000000000, 0.000000000000000000, 1.000000000000000000 ) ) ;
#1975 = FACE_OUTER_BOUND ( 'NONE', #2282, .T. ) ;
#1976 = DIRECTION ( 'NONE',  ( -1.000000000000000000, 0.000000000000000000, 0.000000000000000000 ) ) ;
#1977 = VECTOR ( 'NONE', #926, 1000.000000000000000 ) ;
#1978 = LINE ( 'NONE', #842, #676 ) ;
#1979 = FACE_OUTER_BOUND ( 'NONE', #182, .T. ) ;
#1980 = DIRECTION ( 'NONE',  ( 1.000000000000000000, 0.000000000000000000, 0.000000000000000000 ) ) ;
#1981 = CIRCLE ( 'NONE', #696, 9.900000000000000355 ) ;
#1982 = EDGE_LOOP ( 'NONE', ( #2358, #2664, #1104, #2325 ) ) ;
#1983 = DIRECTION ( 'NONE',  ( -0.000000000000000000, -0.000000000000000000, -1.000000000000000000 ) ) ;
#1984 = VERTEX_POINT ( 'NONE', #235 ) ;
#1985 = ORIENTED_EDGE ( 'NONE', *, *, #79, .F. ) ;
#1986 = ORIENTED_EDGE ( 'NONE', *, *, #641, .F. ) ;
#1987 = ORIENTED_EDGE ( 'NONE', *, *, #77, .F. ) ;
#1988 = LINE ( 'NONE', #1957, #1242 ) ;
#1989 = CIRCLE ( 'NONE', #704, 9.900000000000000355 ) ;
#1990 = CARTESIAN_POINT ( 'NONE',  ( 27.00551938981701028, -18.09013125334769256, 4.599999999999999645 ) ) ;
#1991 = CIRCLE ( 'NONE', #1514, 7.425000000000000711 ) ;
#1992 = DIRECTION ( 'NONE',  ( 0.000000000000000000, 0.000000000000000000, -1.000000000000000000 ) ) ;
#1993 = DIRECTION ( 'NONE',  ( 0.000000000000000000, 0.000000000000000000, 1.000000000000000000 ) ) ;
#1994 = EDGE_CURVE ( 'NONE', #2001, #707, #171, .T. ) ;
#1995 = PERSON_AND_ORGANIZATION ( #2612, #1624 ) ;
#1996 = ORIENTED_EDGE ( 'NONE', *, *, #1783, .F. ) ;
#1997 = CIRCLE ( 'NONE', #711, 3.009777261265889958 ) ;
#1998 = CARTESIAN_POINT ( 'NONE',  ( -7.109801789353291213, 2.140407324811976597, 0.000000000000000000 ) ) ;
#1999 = ADVANCED_FACE ( 'NONE', ( #912 ), #694, .T. ) ;
#2000 = VERTEX_POINT ( 'NONE', #2494 ) ;
#2001 = VERTEX_POINT ( 'NONE', #1403 ) ;
#2002 = CARTESIAN_POINT ( 'NONE',  ( -6.504371968026362083, -7.463453979328398269, 5.599999999999999645 ) ) ;
#2003 = AXIS2_PLACEMENT_3D ( 'NONE', #1680, #2569, #317 ) ;
#2004 = AXIS2_PLACEMENT_3D ( 'NONE', #185, #1974, #2677 ) ;
#2005 = AXIS2_PLACEMENT_3D ( 'NONE', #2147, #335, #1482 ) ;
#2006 = DIRECTION ( 'NONE',  ( 1.000000000000000000, 0.000000000000000000, 0.000000000000000000 ) ) ;
#2007 = AXIS2_PLACEMENT_3D ( 'NONE', #2925, #253, #1160 ) ;
#2008 = EDGE_CURVE ( 'NONE', #169, #1340, #496, .T. ) ;
#2009 = CARTESIAN_POINT ( 'NONE',  ( -6.687434856461516475, -3.226273398300826933, 5.599999999999999645 ) ) ;
#2010 = CARTESIAN_POINT ( 'NONE',  ( 40.10796630892206593, -10.78767380862165304, 1.000000000000000888 ) ) ;
#2011 = ADVANCED_FACE ( 'NONE', ( #2297 ), #308, .T. ) ;
#2012 = ORIENTED_EDGE ( 'NONE', *, *, #1158, .T. ) ;
#2013 = CARTESIAN_POINT ( 'NONE',  ( -2.115049005690108341, -6.066893167308066381, 0.000000000000000000 ) ) ;
#2014 = EDGE_LOOP ( 'NONE', ( #686, #975, #305, #2348 ) ) ;
#2015 = EDGE_CURVE ( 'NONE', #378, #266, #2870, .T. ) ;
#2016 = ORIENTED_EDGE ( 'NONE', *, *, #1952, .T. ) ;
#2017 = CARTESIAN_POINT ( 'NONE',  ( -1.007773559740942515, -8.207656991483858633, 5.599999999999999645 ) ) ;
#2018 = CIRCLE ( 'NONE', #2814, 7.425000000000000711 ) ;
#2019 = FACE_OUTER_BOUND ( 'NONE', #1283, .T. ) ;
#2020 = EDGE_CURVE ( 'NONE', #637, #2809, #2346, .T. ) ;
#2021 = CYLINDRICAL_SURFACE ( 'NONE', #2504, 3.009777261265889958 ) ;
#2022 = CARTESIAN_POINT ( 'NONE',  ( 1.185870983150840718, 6.921502405465167485, 0.1871351723191435890 ) ) ;
#2023 = AXIS2_PLACEMENT_3D ( 'NONE', #134, #1489, #816 ) ;
#2024 = VERTEX_POINT ( 'NONE', #512 ) ;
#2025 = CIRCLE ( 'NONE', #405, 8.000000000000000000 ) ;
#2026 = AXIS2_PLACEMENT_3D ( 'NONE', #1449, #2357, #1268 ) ;
#2027 = AXIS2_PLACEMENT_3D ( 'NONE', #1813, #840, #2454 ) ;
#2028 = LINE ( 'NONE', #2250, #2512 ) ;
#2029 = ORIENTED_EDGE ( 'NONE', *, *, #1657, .F. ) ;
#2030 = EDGE_CURVE ( 'NONE', #211, #1900, #2774, .T. ) ;
#2031 = DIRECTION ( 'NONE',  ( -0.000000000000000000, -0.000000000000000000, -1.000000000000000000 ) ) ;
#2032 = ORIENTED_EDGE ( 'NONE', *, *, #2231, .T. ) ;
#2033 = CIRCLE ( 'NONE', #1894, 3.009777261265890402 ) ;
#2034 = DIRECTION ( 'NONE',  ( 1.000000000000000000, 0.000000000000000000, 0.000000000000000000 ) ) ;
#2035 = DIRECTION ( 'NONE',  ( 1.000000000000000000, 0.000000000000000000, 0.000000000000000000 ) ) ;
#2036 = DIRECTION ( 'NONE',  ( -1.000000000000000000, 0.000000000000000000, 0.000000000000000000 ) ) ;
#2037 = APPROVAL_STATUS ( 'not_yet_approved' ) ;
#2038 = AXIS2_PLACEMENT_3D ( 'NONE', #1369, #2305, #268 ) ;
#2039 = ORIENTED_EDGE ( 'NONE', *, *, #274, .F. ) ;
#2040 = ORIENTED_EDGE ( 'NONE', *, *, #760, .T. ) ;
#2041 = CYLINDRICAL_SURFACE ( 'NONE', #2007, 3.009777261265890846 ) ;
#2042 = CIRCLE ( 'NONE', #757, 8.000000000000000000 ) ;
#2043 = ORIENTED_EDGE ( 'NONE', *, *, #662, .F. ) ;
#2044 = EDGE_CURVE ( 'NONE', #286, #637, #1872, .T. ) ;
#2045 = AXIS2_PLACEMENT_3D ( 'NONE', #1392, #709, #1170 ) ;
#2046 = ADVANCED_FACE ( 'NONE', ( #973 ), #262, .T. ) ;
#2047 = DIRECTION ( 'NONE',  ( -0.3090169943749514481, 0.9510565162951521989, 0.000000000000000000 ) ) ;
#2048 = VERTEX_POINT ( 'NONE', #485 ) ;
#2049 = DIRECTION ( 'NONE',  ( -0.3090169943749514481, 0.9510565162951521989, 0.000000000000000000 ) ) ;
#2050 = VECTOR ( 'NONE', #1001, 1000.000000000000000 ) ;
#2051 = DIRECTION ( 'NONE',  ( -1.000000000000000000, 0.000000000000000000, 0.000000000000000000 ) ) ;
#2052 = CIRCLE ( 'NONE', #2899, 11.00000000000000000 ) ;
#2053 = EDGE_CURVE ( 'NONE', #1875, #1845, #1312, .T. ) ;
#2054 = ORIENTED_EDGE ( 'NONE', *, *, #2030, .T. ) ;
#2055 = LINE ( 'NONE', #2449, #1384 ) ;
#2056 = DIRECTION ( 'NONE',  ( 0.8734964612736696443, 0.4868304963150692499, 0.000000000000000000 ) ) ;
#2057 = DIRECTION ( 'NONE',  ( 0.000000000000000000, 0.000000000000000000, 1.000000000000000000 ) ) ;
#2058 = DIRECTION ( 'NONE',  ( -1.000000000000000000, 0.000000000000000000, 0.000000000000000000 ) ) ;
#2059 = ORIENTED_EDGE ( 'NONE', *, *, #1568, .F. ) ;
#2060 = DIRECTION ( 'NONE',  ( -0.9656799471307163651, 0.2597349412566913873, 0.000000000000000000 ) ) ;
#2061 = ORIENTED_EDGE ( 'NONE', *, *, #1169, .F. ) ;
#2062 = CARTESIAN_POINT ( 'NONE',  ( 18.27055477708032072, -22.95843621649838440, 47.68459075783380285 ) ) ;
#2063 = LINE ( 'NONE', #2339, #1977 ) ;
#2064 = VERTEX_POINT ( 'NONE', #1404 ) ;
#2065 = ORIENTED_EDGE ( 'NONE', *, *, #903, .T. ) ;
#2066 = LINE ( 'NONE', #930, #1484 ) ;
#2067 = CARTESIAN_POINT ( 'NONE',  ( -0.1815117786451120041, 7.770595549723498863, 5.599999999999999645 ) ) ;
#2068 = CARTESIAN_POINT ( 'NONE',  ( 0.000000000000000000, 0.000000000000000000, 5.599999999999999645 ) ) ;
#2069 = TOROIDAL_SURFACE ( 'NONE', #1317, 11.00000000000000000, 1.000000000000000000 ) ;
#2070 = VERTEX_POINT ( 'NONE', #2285 ) ;
#2071 = CARTESIAN_POINT ( 'NONE',  ( -7.010050333647484422, -2.447410737847004025, 5.599999999999999645 ) ) ;
#2072 = ORIENTED_EDGE ( 'NONE', *, *, #946, .F. ) ;
#2073 = DIRECTION ( 'NONE',  ( 1.000000000000000000, 0.000000000000000000, 0.000000000000000000 ) ) ;
#2074 = ADVANCED_FACE ( 'NONE', ( #249 ), #697, .F. ) ;
#2075 = DIRECTION ( 'NONE',  ( 0.000000000000000000, 0.000000000000000000, 1.000000000000000000 ) ) ;
#2076 = VERTEX_POINT ( 'NONE', #1200 ) ;
#2077 = AXIS2_PLACEMENT_3D ( 'NONE', #1176, #1847, #75 ) ;
#2078 = ORIENTED_EDGE ( 'NONE', *, *, #1741, .T. ) ;
#2079 = EDGE_CURVE ( 'NONE', #804, #1781, #1267, .T. ) ;
#2080 = EDGE_CURVE ( 'NONE', #1984, #2249, #2025, .T. ) ;
#2081 =( NAMED_UNIT ( * ) SI_UNIT ( $, .STERADIAN. ) SOLID_ANGLE_UNIT ( ) );
#2082 = LINE ( 'NONE', #2067, #2838 ) ;
#2083 = AXIS2_PLACEMENT_3D ( 'NONE', #1759, #2656, #1686 ) ;
#2084 = DIRECTION ( 'NONE',  ( 1.000000000000000000, 0.000000000000000000, 0.000000000000000000 ) ) ;
#2085 = EDGE_CURVE ( 'NONE', #817, #2407, #2063, .T. ) ;
#2086 = DIRECTION ( 'NONE',  ( -0.000000000000000000, -0.000000000000000000, -1.000000000000000000 ) ) ;
#2087 = VERTEX_POINT ( 'NONE', #2742 ) ;
#2088 = AXIS2_PLACEMENT_3D ( 'NONE', #532, #2347, #313 ) ;
#2089 = FACE_BOUND ( 'NONE', #2177, .T. ) ;
#2090 = ORIENTED_EDGE ( 'NONE', *, *, #2839, .F. ) ;
#2091 = DIRECTION ( 'NONE',  ( 0.000000000000000000, 0.000000000000000000, 1.000000000000000000 ) ) ;
#2092 = DIRECTION ( 'NONE',  ( -0.000000000000000000, -0.000000000000000000, -1.000000000000000000 ) ) ;
#2093 = ADVANCED_FACE ( 'NONE', ( #740 ), #1619, .T. ) ;
#2094 = ORIENTED_EDGE ( 'NONE', *, *, #2095, .T. ) ;
#2095 = EDGE_CURVE ( 'NONE', #2710, #923, #1501, .T. ) ;
#2096 = VERTEX_POINT ( 'NONE', #1393 ) ;
#2097 = VECTOR ( 'NONE', #919, 1000.000000000000000 ) ;
#2098 = AXIS2_PLACEMENT_3D ( 'NONE', #2522, #521, #1690 ) ;
#2099 = DIRECTION ( 'NONE',  ( -0.000000000000000000, -0.000000000000000000, -1.000000000000000000 ) ) ;
#2100 = CC_DESIGN_APPROVAL ( #257, ( #1077 ) ) ;
#2101 = DIRECTION ( 'NONE',  ( -1.000000000000000000, 0.000000000000000000, 0.000000000000000000 ) ) ;
#2102 = CARTESIAN_POINT ( 'NONE',  ( 40.10796630892206593, -10.78767380862165304, 5.599999999999999645 ) ) ;
#2103 = CARTESIAN_POINT ( 'NONE',  ( -1.577855883427225381, 8.117364821707898415, 5.599999999999999645 ) ) ;
#2104 = VERTEX_POINT ( 'NONE', #2315 ) ;
#2105 = DIRECTION ( 'NONE',  ( 1.000000000000000000, 0.000000000000000000, 0.000000000000000000 ) ) ;
#2106 = ORIENTED_EDGE ( 'NONE', *, *, #109, .T. ) ;
#2107 = CARTESIAN_POINT ( 'NONE',  ( 1.282030970598893926, 7.177882497265780870, 5.116859464414548420 ) ) ;
#2108 = CYLINDRICAL_SURFACE ( 'NONE', #972, 3.009777261265889958 ) ;
#2109 = EDGE_LOOP ( 'NONE', ( #2567, #491, #2059, #126 ) ) ;
#2110 = VERTEX_POINT ( 'NONE', #2299 ) ;
#2111 = DIRECTION ( 'NONE',  ( 0.000000000000000000, 0.000000000000000000, 1.000000000000000000 ) ) ;
#2112 = AXIS2_PLACEMENT_3D ( 'NONE', #365, #2183, #1681 ) ;
#2113 = DIRECTION ( 'NONE',  ( 1.000000000000000000, 0.000000000000000000, 0.000000000000000000 ) ) ;
#2114 = ORIENTED_EDGE ( 'NONE', *, *, #494, .F. ) ;
#2115 = CARTESIAN_POINT ( 'NONE',  ( 27.32231747987596648, 10.69550994100709396, 1.000000000000000888 ) ) ;
#2116 = ORIENTED_EDGE ( 'NONE', *, *, #1207, .T. ) ;
#2117 = CARTESIAN_POINT ( 'NONE',  ( -5.910662539161998019, -4.493850614800968479, 5.599999999999999645 ) ) ;
#2118 = CARTESIAN_POINT ( 'NONE',  ( 0.000000000000000000, 0.000000000000000000, 5.599999999999999645 ) ) ;
#2119 = VERTEX_POINT ( 'NONE', #304 ) ;
#2120 = CARTESIAN_POINT ( 'NONE',  ( -3.513892524267995476, -6.540885592019899164, 0.000000000000000000 ) ) ;
#2121 = DIRECTION ( 'NONE',  ( 0.9510565162951531981, 0.3090169943749482284, 0.000000000000000000 ) ) ;
#2122 = ORIENTED_EDGE ( 'NONE', *, *, #1491, .F. ) ;
#2123 = DIRECTION ( 'NONE',  ( 0.000000000000000000, 0.000000000000000000, 1.000000000000000000 ) ) ;
#2124 = AXIS2_PLACEMENT_3D ( 'NONE', #13, #501, #298 ) ;
#2125 = AXIS2_PLACEMENT_3D ( 'NONE', #502, #1626, #2320 ) ;
#2126 = DIRECTION ( 'NONE',  ( -0.3090169943749516701, 0.9510565162951520879, 0.000000000000000000 ) ) ;
#2127 = EDGE_CURVE ( 'NONE', #1845, #2205, #2824, .T. ) ;
#2128 = EDGE_LOOP ( 'NONE', ( #2769, #1737, #1461, #2146 ) ) ;
#2129 = CARTESIAN_POINT ( 'NONE',  ( 0.000000000000000000, 0.000000000000000000, 0.000000000000000000 ) ) ;
#2130 = EDGE_LOOP ( 'NONE', ( #2032, #442, #1406, #2039 ) ) ;
#2131 = LINE ( 'NONE', #99, #2050 ) ;
#2132 = AXIS2_PLACEMENT_3D ( 'NONE', #1906, #1962, #147 ) ;
#2133 = CARTESIAN_POINT ( 'NONE',  ( -7.463453979328375176, 6.504371968026388728, 0.000000000000000000 ) ) ;
#2134 = AXIS2_PLACEMENT_3D ( 'NONE', #2062, #467, #2770 ) ;
#2135 = CARTESIAN_POINT ( 'NONE',  ( 27.87901585109068137, -17.60330075703262054, 0.000000000000000000 ) ) ;
#2136 = DIRECTION ( 'NONE',  ( -0.07341523349225186068, -0.9973014606884310629, 0.000000000000000000 ) ) ;
#2137 = CYLINDRICAL_SURFACE ( 'NONE', #2689, 3.009777261265889958 ) ;
#2138 = EDGE_CURVE ( 'NONE', #2148, #169, #1743, .T. ) ;
#2139 = CARTESIAN_POINT ( 'NONE',  ( -2.140407324811949952, -7.109801789353297430, 1.000000000000000000 ) ) ;
#2140 = ORIENTED_EDGE ( 'NONE', *, *, #1193, .T. ) ;
#2141 = AXIS2_PLACEMENT_3D ( 'NONE', #1902, #1692, #1933 ) ;
#2142 = CIRCLE ( 'NONE', #2378, 1.000000000000000222 ) ;
#2143 = ORIENTED_EDGE ( 'NONE', *, *, #1740, .T. ) ;
#2144 =( GEOMETRIC_REPRESENTATION_CONTEXT ( 3 ) GLOBAL_UNCERTAINTY_ASSIGNED_CONTEXT ( ( #1774 ) ) GLOBAL_UNIT_ASSIGNED_CONTEXT ( ( #297, #1623, #2081 ) ) REPRESENTATION_CONTEXT ( 'NONE', 'WORKASPACE' ) );
#2145 = CARTESIAN_POINT ( 'NONE',  ( -2.104232928294135885, -6.899672437550355752, 5.229288101290457291 ) ) ;
#2146 = ORIENTED_EDGE ( 'NONE', *, *, #2926, .T. ) ;
#2147 = CARTESIAN_POINT ( 'NONE',  ( 0.000000000000000000, 0.000000000000000000, 0.000000000000000000 ) ) ;
#2148 = VERTEX_POINT ( 'NONE', #1187 ) ;
#2149 = CC_DESIGN_DATE_AND_TIME_ASSIGNMENT ( #2682, #1576, ( #342 ) ) ;
#2150 = DIRECTION ( 'NONE',  ( 0.2597349412566917204, 0.9656799471307163651, 0.000000000000000000 ) ) ;
#2151 = CARTESIAN_POINT ( 'NONE',  ( 54.10796630892206593, -10.78767380862165304, 5.599999999999999645 ) ) ;
#2152 = CYLINDRICAL_SURFACE ( 'NONE', #2890, 1.800000000000000044 ) ;
#2153 = DIRECTION ( 'NONE',  ( -0.2597349412566900551, -0.9656799471307166982, 0.000000000000000000 ) ) ;
#2154 = DIRECTION ( 'NONE',  ( -0.000000000000000000, -0.000000000000000000, -1.000000000000000000 ) ) ;
#2155 = EDGE_CURVE ( 'NONE', #392, #1152, #84, .T. ) ;
#2156 = DIRECTION ( 'NONE',  ( -0.000000000000000000, -0.000000000000000000, -1.000000000000000000 ) ) ;
#2157 = ORIENTED_EDGE ( 'NONE', *, *, #856, .T. ) ;
#2158 = CARTESIAN_POINT ( 'NONE',  ( 32.94800296465625422, 1.242909091170445901, 4.599999999999999645 ) ) ;
#2159 = ORIENTED_EDGE ( 'NONE', *, *, #1456, .F. ) ;
#2160 = ORIENTED_EDGE ( 'NONE', *, *, #986, .F. ) ;
#2161 = CARTESIAN_POINT ( 'NONE',  ( -0.09754373146142816808, 0.000000000000000000, -4.400000000000000355 ) ) ;
#2162 = DIRECTION ( 'NONE',  ( 0.9656799471307162541, -0.2597349412566916649, 4.505683001294399983E-16 ) ) ;
#2163 = CIRCLE ( 'NONE', #695, 7.425000000000000711 ) ;
#2164 = EDGE_CURVE ( 'NONE', #1289, #920, #2442, .T. ) ;
#2165 = DIRECTION ( 'NONE',  ( 1.000000000000000000, 0.000000000000000000, 0.000000000000000000 ) ) ;
#2166 = CARTESIAN_POINT ( 'NONE',  ( 0.6781733939056497906, 9.876744445807966954, 5.599999999999999645 ) ) ;
#2167 = DIRECTION ( 'NONE',  ( -0.07341523349225186068, -0.9973014606884310629, 0.000000000000000000 ) ) ;
#2168 = DIRECTION ( 'NONE',  ( -0.9656799471307166982, 0.2597349412566900551, 0.000000000000000000 ) ) ;
#2169 = ADVANCED_FACE ( 'NONE', ( #1633 ), #1417, .T. ) ;
#2170 = CARTESIAN_POINT ( 'NONE',  ( -9.108128016965425289, 3.879691228251228807, 5.599999999999999645 ) ) ;
#2171 = CARTESIAN_POINT ( 'NONE',  ( -2.094793547108315224, -6.201029718994633733, 5.717472393966525748E-18 ) ) ;
#2172 = ADVANCED_FACE ( 'NONE', ( #525 ), #2108, .T. ) ;
#2173 = EDGE_LOOP ( 'NONE', ( #1360, #2204, #2705, #1047 ) ) ;
#2174 = ORIENTED_EDGE ( 'NONE', *, *, #2192, .T. ) ;
#2175 = AXIS2_PLACEMENT_3D ( 'NONE', #2537, #1798, #1347 ) ;
#2176 = CIRCLE ( 'NONE', #889, 3.009777261265890846 ) ;
#2177 = EDGE_LOOP ( 'NONE', ( #142, #2841 ) ) ;
#2178 = CIRCLE ( 'NONE', #891, 11.00000000000000000 ) ;
#2179 = EDGE_LOOP ( 'NONE', ( #2160, #227, #2402, #34 ) ) ;
#2180 = EDGE_CURVE ( 'NONE', #40, #17, #2629, .T. ) ;
#2181 = ORIENTED_EDGE ( 'NONE', *, *, #22, .T. ) ;
#2182 = CARTESIAN_POINT ( 'NONE',  ( 32.23342989392806146, -16.10196362466796316, 3.600000000000000089 ) ) ;
#2183 = DIRECTION ( 'NONE',  ( -0.000000000000000000, -0.000000000000000000, -1.000000000000000000 ) ) ;
#2184 = EDGE_CURVE ( 'NONE', #691, #1509, #1694, .T. ) ;
#2185 = CYLINDRICAL_SURFACE ( 'NONE', #1762, 3.009777261265889070 ) ;
#2186 = CARTESIAN_POINT ( 'NONE',  ( 0.000000000000000000, 0.000000000000000000, 0.000000000000000000 ) ) ;
#2187 = DIRECTION ( 'NONE',  ( 0.000000000000000000, 0.000000000000000000, 1.000000000000000000 ) ) ;
#2188 = ORIENTED_EDGE ( 'NONE', *, *, #407, .T. ) ;
#2189 = EDGE_CURVE ( 'NONE', #2616, #1509, #2213, .T. ) ;
#2190 = CIRCLE ( 'NONE', #1330, 3.009777261265890402 ) ;
#2191 = DIRECTION ( 'NONE',  ( -0.000000000000000000, -0.000000000000000000, -1.000000000000000000 ) ) ;
#2192 = EDGE_CURVE ( 'NONE', #2544, #266, #599, .T. ) ;
#2193 = ORIENTED_EDGE ( 'NONE', *, *, #868, .T. ) ;
#2194 = VERTEX_POINT ( 'NONE', #2151 ) ;
#2195 = CIRCLE ( 'NONE', #718, 5.000000000000000888 ) ;
#2196 = ORIENTED_EDGE ( 'NONE', *, *, #2216, .F. ) ;
#2197 = ORIENTED_EDGE ( 'NONE', *, *, #1670, .F. ) ;
#2198 = DIRECTION ( 'NONE',  ( 1.000000000000000000, 0.000000000000000000, 0.000000000000000000 ) ) ;
#2199 = DIRECTION ( 'NONE',  ( 0.9510565162951533091, 0.3090169943749481729, 0.000000000000000000 ) ) ;
#2200 = FACE_OUTER_BOUND ( 'NONE', #1046, .T. ) ;
#2201 = CARTESIAN_POINT ( 'NONE',  ( 0.000000000000000000, 0.000000000000000000, 5.599999999999999645 ) ) ;
#2202 = CARTESIAN_POINT ( 'NONE',  ( 49.60796630892207304, -10.78767380862165304, 2.000000000000000000 ) ) ;
#2203 = CARTESIAN_POINT ( 'NONE',  ( 18.27055477708032072, -22.95843621649838440, 0.000000000000000000 ) ) ;
#2204 = ORIENTED_EDGE ( 'NONE', *, *, #2526, .T. ) ;
#2205 = VERTEX_POINT ( 'NONE', #1513 ) ;
#2206 = ORIENTED_EDGE ( 'NONE', *, *, #986, .T. ) ;
#2207 = VERTEX_POINT ( 'NONE', #2813 ) ;
#2208 = CARTESIAN_POINT ( 'NONE',  ( -2.279326625612735135, 7.948956596392994456, 0.000000000000000000 ) ) ;
#2209 = ADVANCED_FACE ( 'NONE', ( #116 ), #2385, .T. ) ;
#2210 = EDGE_CURVE ( 'NONE', #1245, #920, #2304, .T. ) ;
#2211 = DIRECTION ( 'NONE',  ( 1.000000000000000000, 1.734723475976806700E-15, 0.000000000000000000 ) ) ;
#2212 = CARTESIAN_POINT ( 'NONE',  ( -7.423245559582906772, -0.1614012457592737815, 0.000000000000000000 ) ) ;
#2213 = CIRCLE ( 'NONE', #73, 9.900000000000000355 ) ;
#2214 = CARTESIAN_POINT ( 'NONE',  ( 1.137901838073208660, 6.813813292641832220, 0.1151321282889192499 ) ) ;
#2215 = PERSON_AND_ORGANIZATION_ROLE ( 'creator' ) ;
#2216 = EDGE_CURVE ( 'NONE', #2000, #2683, #1291, .T. ) ;
#2217 = VECTOR ( 'NONE', #2031, 1000.000000000000000 ) ;
#2218 = VERTEX_POINT ( 'NONE', #318 ) ;
#2219 = ORIENTED_EDGE ( 'NONE', *, *, #1505, .T. ) ;
#2220 = EDGE_CURVE ( 'NONE', #1228, #1900, #1022, .T. ) ;
#2221 = DIRECTION ( 'NONE',  ( 0.000000000000000000, 0.000000000000000000, 1.000000000000000000 ) ) ;
#2222 = ORIENTED_EDGE ( 'NONE', *, *, #929, .T. ) ;
#2223 = DIRECTION ( 'NONE',  ( -0.000000000000000000, -0.000000000000000000, -1.000000000000000000 ) ) ;
#2224 = AXIS2_PLACEMENT_3D ( 'NONE', #27, #1397, #2303 ) ;
#2225 = EDGE_CURVE ( 'NONE', #1750, #2076, #1277, .T. ) ;
#2226 = FACE_OUTER_BOUND ( 'NONE', #2173, .T. ) ;
#2227 = AXIS2_PLACEMENT_3D ( 'NONE', #14, #918, #966 ) ;
#2228 = CARTESIAN_POINT ( 'NONE',  ( -2.447410737846978268, 7.010050333647492415, 5.599999999999999645 ) ) ;
#2229 = DIRECTION ( 'NONE',  ( 1.000000000000000000, 0.000000000000000000, 0.000000000000000000 ) ) ;
#2230 = ORIENTED_EDGE ( 'NONE', *, *, #2015, .T. ) ;
#2231 = EDGE_CURVE ( 'NONE', #1241, #2544, #1215, .T. ) ;
#2232 = ORIENTED_EDGE ( 'NONE', *, *, #1336, .T. ) ;
#2233 = AXIS2_PLACEMENT_3D ( 'NONE', #1209, #2547, #2794 ) ;
#2234 = DIRECTION ( 'NONE',  ( 1.000000000000000000, 0.000000000000000000, 0.000000000000000000 ) ) ;
#2235 = AXIS2_PLACEMENT_3D ( 'NONE', #924, #1843, #1870 ) ;
#2236 = ADVANCED_FACE ( 'NONE', ( #2355 ), #1549, .T. ) ;
#2237 = ORIENTED_EDGE ( 'NONE', *, *, #20, .F. ) ;
#2238 = VERTEX_POINT ( 'NONE', #1947 ) ;
#2239 = EDGE_LOOP ( 'NONE', ( #1143, #2551, #1418, #2328, #2539, #2206 ) ) ;
#2240 = LINE ( 'NONE', #462, #2097 ) ;
#2241 = VECTOR ( 'NONE', #597, 1000.000000000000000 ) ;
#2242 = AXIS2_PLACEMENT_3D ( 'NONE', #1945, #1014, #1930 ) ;
#2243 = CARTESIAN_POINT ( 'NONE',  ( 2.828265482620778037, 7.770595549723498863, 5.599999999999999645 ) ) ;
#2244 = LOCAL_TIME ( 15, 34, 1.000000000000000000, #1588 ) ;
#2245 = FACE_OUTER_BOUND ( 'NONE', #56, .T. ) ;
#2246 = CARTESIAN_POINT ( 'NONE',  ( 0.000000000000000000, 0.000000000000000000, 1.000000000000000000 ) ) ;
#2247 = DATE_AND_TIME ( #2482, #2758 ) ;
#2248 = ORIENTED_EDGE ( 'NONE', *, *, #2532, .F. ) ;
#2249 = VERTEX_POINT ( 'NONE', #1935 ) ;
#2250 = CARTESIAN_POINT ( 'NONE',  ( -4.493850614800948939, 5.910662539162014895, 5.599999999999999645 ) ) ;
#2251 = VERTEX_POINT ( 'NONE', #337 ) ;
#2252 = EDGE_LOOP ( 'NONE', ( #1415, #728, #2675, #166 ) ) ;
#2253 = CARTESIAN_POINT ( 'NONE',  ( 51.60796630892206593, -10.78767380862165304, 0.000000000000000000 ) ) ;
#2254 = ORIENTED_EDGE ( 'NONE', *, *, #2257, .F. ) ;
#2255 = DIRECTION ( 'NONE',  ( -0.000000000000000000, -0.000000000000000000, -1.000000000000000000 ) ) ;
#2256 = CARTESIAN_POINT ( 'NONE',  ( -6.100401083079868947, 4.232697913335888629, 5.599999999999999645 ) ) ;
#2257 = EDGE_CURVE ( 'NONE', #2683, #2809, #124, .T. ) ;
#2258 = AXIS2_PLACEMENT_3D ( 'NONE', #2186, #602, #1516 ) ;
#2259 = ORIENTED_EDGE ( 'NONE', *, *, #1025, .T. ) ;
#2260 = AXIS2_PLACEMENT_3D ( 'NONE', #2284, #1375, #1854 ) ;
#2261 = AXIS2_PLACEMENT_3D ( 'NONE', #2572, #1252, #294 ) ;
#2262 = CIRCLE ( 'NONE', #1594, 11.50000000000000355 ) ;
#2263 = CARTESIAN_POINT ( 'NONE',  ( 0.000000000000000000, 0.000000000000000000, 5.599999999999999645 ) ) ;
#2264 = ADVANCED_FACE ( 'NONE', ( #352 ), #1249, .T. ) ;
#2265 = ORIENTED_EDGE ( 'NONE', *, *, #1654, .F. ) ;
#2266 = DIRECTION ( 'NONE',  ( 0.000000000000000000, 0.000000000000000000, 1.000000000000000000 ) ) ;
#2267 = DIRECTION ( 'NONE',  ( 0.9510565162951531981, 0.3090169943749482839, 0.000000000000000000 ) ) ;
#2268 = EDGE_CURVE ( 'NONE', #2577, #1830, #2163, .T. ) ;
#2269 = ORIENTED_EDGE ( 'NONE', *, *, #589, .T. ) ;
#2270 = CARTESIAN_POINT ( 'NONE',  ( 1.320665576569563848, 7.306604371037491497, 1.000000000000000000 ) ) ;
#2271 = DIRECTION ( 'NONE',  ( -0.000000000000000000, -0.000000000000000000, -1.000000000000000000 ) ) ;
#2272 = CIRCLE ( 'NONE', #983, 3.009777261265889514 ) ;
#2273 = CLOSED_SHELL ( 'NONE', ( #187, #229, #511, #2011, #1910, #1320, #2398, #2485, #295, #2873, #1645, #2556, #424, #2654, #2209, #2169, #1394, #2563, #2470, #2695, #2712, #1285, #402, #1436, #456, #346, #1130, #2093, #1748, #1702, #1572, #292, #115, #2172, #1999, #1102, #499, #859, #2790, #263, #420, #1932, #1666, #2663, #2908, #2743, #2915, #911, #1689, #2046, #1061, #1220, #1370, #2344, #1970, #598, #2440, #1628, #2074, #1135, #284, #371, #1083, #1562, #1920, #1794, #123, #490, #1612, #1066, #2236, #505, #408, #583, #2391, #2264, #690, #732, #2638, #16, #55, #191, #1777, #1918, #1246, #1385, #1712, #1590 ) ) ;
#2274 = ORIENTED_EDGE ( 'NONE', *, *, #463, .T. ) ;
#2275 = DIRECTION ( 'NONE',  ( 0.000000000000000000, 0.000000000000000000, 1.000000000000000000 ) ) ;
#2276 = DIRECTION ( 'NONE',  ( -0.000000000000000000, -0.000000000000000000, -1.000000000000000000 ) ) ;
#2277 = AXIS2_PLACEMENT_3D ( 'NONE', #1278, #989, #1051 ) ;
#2278 = FACE_OUTER_BOUND ( 'NONE', #520, .T. ) ;
#2279 = DIRECTION ( 'NONE',  ( 0.000000000000000000, 0.000000000000000000, 1.000000000000000000 ) ) ;
#2280 = ORIENTED_EDGE ( 'NONE', *, *, #10, .T. ) ;
#2281 = DIRECTION ( 'NONE',  ( -0.000000000000000000, -0.000000000000000000, -1.000000000000000000 ) ) ;
#2282 = EDGE_LOOP ( 'NONE', ( #562, #1616, #1812, #2868 ) ) ;
#2283 = CIRCLE ( 'NONE', #2898, 8.000000000000000000 ) ;
#2284 = CARTESIAN_POINT ( 'NONE',  ( -7.948956596392983798, -2.279326625612762669, 0.000000000000000000 ) ) ;
#2285 = CARTESIAN_POINT ( 'NONE',  ( -7.357101806111839615, -1.001837319381711389, 5.599999999999999645 ) ) ;
#2286 = AXIS2_PLACEMENT_3D ( 'NONE', #2579, #999, #315 ) ;
#2287 = VERTEX_POINT ( 'NONE', #2133 ) ;
#2288 = ORIENTED_EDGE ( 'NONE', *, *, #1834, .F. ) ;
#2289 = CARTESIAN_POINT ( 'NONE',  ( 27.32231747987596648, 10.69550994100709396, 0.000000000000000000 ) ) ;
#2290 = DIRECTION ( 'NONE',  ( 1.000000000000000000, -1.776356839400250780E-14, 0.000000000000000000 ) ) ;
#2291 = CARTESIAN_POINT ( 'NONE',  ( -4.009033799157220912, 7.232488426176834295, 5.599999999999999645 ) ) ;
#2292 = EDGE_CURVE ( 'NONE', #784, #2577, #882, .T. ) ;
#2293 = ORIENTED_EDGE ( 'NONE', *, *, #109, .F. ) ;
#2294 = FACE_OUTER_BOUND ( 'NONE', #1433, .T. ) ;
#2295 = EDGE_LOOP ( 'NONE', ( #1605, #1089, #1955, #245 ) ) ;
#2296 = EDGE_CURVE ( 'NONE', #1221, #837, #2633, .T. ) ;
#2297 = FACE_OUTER_BOUND ( 'NONE', #1174, .T. ) ;
#2298 = CIRCLE ( 'NONE', #61, 3.009777261265891291 ) ;
#2299 = CARTESIAN_POINT ( 'NONE',  ( 27.00551938981701028, -18.09013125334769256, 1.000000000000000888 ) ) ;
#2300 = VERTEX_POINT ( 'NONE', #2371 ) ;
#2301 = ORIENTED_EDGE ( 'NONE', *, *, #844, .T. ) ;
#2302 = EDGE_CURVE ( 'NONE', #375, #314, #2920, .T. ) ;
#2303 = DIRECTION ( 'NONE',  ( 1.000000000000000000, 0.000000000000000000, 0.000000000000000000 ) ) ;
#2304 = CIRCLE ( 'NONE', #1166, 9.500000000000008882 ) ;
#2305 = DIRECTION ( 'NONE',  ( -0.000000000000000000, -0.000000000000000000, -1.000000000000000000 ) ) ;
#2306 = FACE_OUTER_BOUND ( 'NONE', #2901, .T. ) ;
#2307 = EDGE_CURVE ( 'NONE', #2559, #390, #174, .T. ) ;
#2308 = ORIENTED_EDGE ( 'NONE', *, *, #992, .F. ) ;
#2309 = DIRECTION ( 'NONE',  ( -0.000000000000000000, -0.000000000000000000, -1.000000000000000000 ) ) ;
#2310 = CARTESIAN_POINT ( 'NONE',  ( -4.624131115888315158, 6.855556305701257180, 0.000000000000000000 ) ) ;
#2311 = ORIENTED_EDGE ( 'NONE', *, *, #77, .T. ) ;
#2312 = EDGE_CURVE ( 'NONE', #2923, #997, #310, .T. ) ;
#2313 = CARTESIAN_POINT ( 'NONE',  ( -5.091086398338004138, -6.516293434324805567, 0.000000000000000000 ) ) ;
#2314 = AXIS2_PLACEMENT_3D ( 'NONE', #2659, #1537, #1453 ) ;
#2315 = CARTESIAN_POINT ( 'NONE',  ( -9.861235024242464675, 0.8752392796565661159, 0.000000000000000000 ) ) ;
#2316 = AXIS2_PLACEMENT_3D ( 'NONE', #1110, #441, #1351 ) ;
#2317 = AXIS2_PLACEMENT_3D ( 'NONE', #1760, #2431, #1296 ) ;
#2318 = EDGE_LOOP ( 'NONE', ( #1326, #1437, #1012, #2232 ) ) ;
#2319 = CARTESIAN_POINT ( 'NONE',  ( -8.207656991483856856, 1.007773559740973823, 5.599999999999999645 ) ) ;
#2320 = DIRECTION ( 'NONE',  ( 1.000000000000000000, -9.462128050782584868E-16, 0.000000000000000000 ) ) ;
#2321 = CARTESIAN_POINT ( 'NONE',  ( -2.085677553172492704, -6.705477960722239672, 5.412864827680855306 ) ) ;
#2322 = ORIENTED_EDGE ( 'NONE', *, *, #1526, .F. ) ;
#2323 = VECTOR ( 'NONE', #1411, 1000.000000000000000 ) ;
#2324 = CARTESIAN_POINT ( 'NONE',  ( 32.94800296465625422, 1.242909091170445901, 5.599999999999999645 ) ) ;
#2325 = ORIENTED_EDGE ( 'NONE', *, *, #813, .T. ) ;
#2326 = DIRECTION ( 'NONE',  ( 0.000000000000000000, 0.000000000000000000, 1.000000000000000000 ) ) ;
#2327 = DIRECTION ( 'NONE',  ( -0.000000000000000000, -0.000000000000000000, -1.000000000000000000 ) ) ;
#2328 = ORIENTED_EDGE ( 'NONE', *, *, #725, .T. ) ;
#2329 = CARTESIAN_POINT ( 'NONE',  ( 0.8752392796566006439, 9.861235024242461122, 5.599999999999999645 ) ) ;
#2330 = EDGE_LOOP ( 'NONE', ( #98, #1201, #963, #712 ) ) ;
#2331 = VECTOR ( 'NONE', #550, 1000.000000000000000 ) ;
#2332 = AXIS2_PLACEMENT_3D ( 'NONE', #1113, #1793, #1807 ) ;
#2333 = DIRECTION ( 'NONE',  ( 0.000000000000000000, 0.000000000000000000, 1.000000000000000000 ) ) ;
#2334 = DIRECTION ( 'NONE',  ( 0.000000000000000000, 0.000000000000000000, 1.000000000000000000 ) ) ;
#2335 = ORIENTED_EDGE ( 'NONE', *, *, #903, .F. ) ;
#2336 = DIRECTION ( 'NONE',  ( 1.000000000000000000, 0.000000000000000000, 0.000000000000000000 ) ) ;
#2337 = ORIENTED_EDGE ( 'NONE', *, *, #908, .F. ) ;
#2338 = DIRECTION ( 'NONE',  ( -1.000000000000000000, 0.000000000000000000, 0.000000000000000000 ) ) ;
#2339 = CARTESIAN_POINT ( 'NONE',  ( 2.202456268538571571, 2.816687638038912056E-16, 3.000000000000000000 ) ) ;
#2340 = CARTESIAN_POINT ( 'NONE',  ( 40.10796630892206593, -10.78767380862165304, 47.68459075783380285 ) ) ;
#2341 = DIRECTION ( 'NONE',  ( -0.9973014606884310629, 0.07341523349225186068, 0.000000000000000000 ) ) ;
#2342 = ORIENTED_EDGE ( 'NONE', *, *, #1862, .F. ) ;
#2343 = CARTESIAN_POINT ( 'NONE',  ( 0.000000000000000000, 0.000000000000000000, 0.000000000000000000 ) ) ;
#2344 = ADVANCED_FACE ( 'NONE', ( #2019 ), #871, .T. ) ;
#2345 = LINE ( 'NONE', #311, #2408 ) ;
#2346 = CIRCLE ( 'NONE', #1643, 3.009777261265889958 ) ;
#2347 = DIRECTION ( 'NONE',  ( -0.000000000000000000, -0.000000000000000000, -1.000000000000000000 ) ) ;
#2348 = ORIENTED_EDGE ( 'NONE', *, *, #1670, .T. ) ;
#2349 = AXIS2_PLACEMENT_3D ( 'NONE', #439, #1544, #2678 ) ;
#2350 = CYLINDRICAL_SURFACE ( 'NONE', #569, 1.800000000000000044 ) ;
#2351 = VERTEX_POINT ( 'NONE', #1754 ) ;
#2352 = CIRCLE ( 'NONE', #26, 3.009777261265891291 ) ;
#2353 = DIRECTION ( 'NONE',  ( -1.000000000000000000, 0.000000000000000000, 0.000000000000000000 ) ) ;
#2354 = EDGE_CURVE ( 'NONE', #691, #698, #741, .T. ) ;
#2355 = FACE_OUTER_BOUND ( 'NONE', #1766, .T. ) ;
#2356 = CARTESIAN_POINT ( 'NONE',  ( -1.897543731461428074, 2.204364238465235576E-16, 3.000000000000000000 ) ) ;
#2357 = DIRECTION ( 'NONE',  ( 0.000000000000000000, 0.000000000000000000, 1.000000000000000000 ) ) ;
#2358 = ORIENTED_EDGE ( 'NONE', *, *, #1177, .F. ) ;
#2359 = VERTEX_POINT ( 'NONE', #2904 ) ;
#2360 = AXIS2_PLACEMENT_3D ( 'NONE', #1701, #2624, #2588 ) ;
#2361 = ORIENTED_EDGE ( 'NONE', *, *, #1871, .T. ) ;
#2362 = DIRECTION ( 'NONE',  ( -0.000000000000000000, -0.000000000000000000, -1.000000000000000000 ) ) ;
#2363 = APPROVAL ( #2037, '未指定' ) ;
#2364 = AXIS2_PLACEMENT_3D ( 'NONE', #364, #145, #1959 ) ;
#2365 = CARTESIAN_POINT ( 'NONE',  ( -8.264257631792540693, 0.2885942357802144809, 0.000000000000000000 ) ) ;
#2366 = VERTEX_POINT ( 'NONE', #1785 ) ;
#2367 = ORIENTED_EDGE ( 'NONE', *, *, #2095, .F. ) ;
#2368 = CARTESIAN_POINT ( 'NONE',  ( -1.668796997574234497, -6.204493660314855497, 0.000000000000000000 ) ) ;
#2369 = VERTEX_POINT ( 'NONE', #2426 ) ;
#2370 = DIRECTION ( 'NONE',  ( -0.000000000000000000, -0.000000000000000000, -1.000000000000000000 ) ) ;
#2371 = CARTESIAN_POINT ( 'NONE',  ( -3.879691228251194168, -9.108128016965439500, 5.599999999999999645 ) ) ;
#2372 = CIRCLE ( 'NONE', #1671, 7.425000000000000711 ) ;
#2373 = DIRECTION ( 'NONE',  ( -0.2597349412566900551, -0.9656799471307168092, 0.000000000000000000 ) ) ;
#2374 = CARTESIAN_POINT ( 'NONE',  ( -8.207656991483856856, 1.007773559740973823, 0.000000000000000000 ) ) ;
#2375 = CARTESIAN_POINT ( 'NONE',  ( -2.134518636211814702, -7.082232409592208455, 0.7292134980777041919 ) ) ;
#2376 = ORIENTED_EDGE ( 'NONE', *, *, #70, .T. ) ;
#2377 = VECTOR ( 'NONE', #159, 1000.000000000000000 ) ;
#2378 = AXIS2_PLACEMENT_3D ( 'NONE', #2842, #401, #2810 ) ;
#2379 = VERTEX_POINT ( 'NONE', #1990 ) ;
#2380 = DIRECTION ( 'NONE',  ( 1.000000000000000000, -1.826024711554532040E-15, 0.000000000000000000 ) ) ;
#2381 = EDGE_LOOP ( 'NONE', ( #2886, #1806, #1191, #438 ) ) ;
#2382 = DIRECTION ( 'NONE',  ( 0.000000000000000000, 0.000000000000000000, 1.000000000000000000 ) ) ;
#2383 = EDGE_CURVE ( 'NONE', #361, #1379, #76, .T. ) ;
#2384 = CARTESIAN_POINT ( 'NONE',  ( 23.94444419393438395, -21.69595290471670168, 10.00000000000000000 ) ) ;
#2385 = CYLINDRICAL_SURFACE ( 'NONE', #2112, 7.425000000000000711 ) ;
#2386 = CYLINDRICAL_SURFACE ( 'NONE', #1614, 9.900000000000000355 ) ;
#2387 = FACE_OUTER_BOUND ( 'NONE', #777, .T. ) ;
#2388 = CARTESIAN_POINT ( 'NONE',  ( 28.31222647033802531, -12.70026071423273706, 3.600000000000000089 ) ) ;
#2389 = DIRECTION ( 'NONE',  ( -0.5877852522924770229, 0.8090169943749444537, 0.000000000000000000 ) ) ;
#2390 = ORIENTED_EDGE ( 'NONE', *, *, #1264, .T. ) ;
#2391 = ADVANCED_FACE ( 'NONE', ( #2466 ), #2486, .T. ) ;
#2392 = ORIENTED_EDGE ( 'NONE', *, *, #2220, .T. ) ;
#2393 = DIRECTION ( 'NONE',  ( 0.000000000000000000, 0.000000000000000000, 1.000000000000000000 ) ) ;
#2394 = EDGE_LOOP ( 'NONE', ( #881, #658, #1954, #1720 ) ) ;
#2395 = EDGE_CURVE ( 'NONE', #817, #2064, #1648, .T. ) ;
#2396 = AXIS2_PLACEMENT_3D ( 'NONE', #2693, #2255, #1557 ) ;
#2397 = DIRECTION ( 'NONE',  ( 0.2597349412566902771, 0.9656799471307166982, 0.000000000000000000 ) ) ;
#2398 = ADVANCED_FACE ( 'NONE', ( #2226 ), #884, .T. ) ;
#2399 = CARTESIAN_POINT ( 'NONE',  ( -0.09754373146142816808, 0.000000000000000000, -4.400000000000000355 ) ) ;
#2400 = DIRECTION ( 'NONE',  ( -1.000000000000000000, 0.000000000000000000, 0.000000000000000000 ) ) ;
#2401 = DIRECTION ( 'NONE',  ( -0.000000000000000000, -0.000000000000000000, -1.000000000000000000 ) ) ;
#2402 = ORIENTED_EDGE ( 'NONE', *, *, #1927, .F. ) ;
#2403 = B_SPLINE_CURVE_WITH_KNOTS ( 'NONE', 3,
 ( #1444, #114, #2598, #2582, #1430, #1033, #2107, #1946, #552, #1462 ),
 .UNSPECIFIED., .F., .F.,
 ( 4, 2, 2, 2, 4 ),
 ( 0.000000000000000000, 0.0004017577937253743081, 0.0008035155874507486163, 0.001205273381176122979, 0.001607031174901497233 ),
 .UNSPECIFIED. ) ;
#2404 = ORIENTED_EDGE ( 'NONE', *, *, #2354, .F. ) ;
#2405 = AXIS2_PLACEMENT_3D ( 'NONE', #2865, #1281, #1067 ) ;
#2406 = ORIENTED_EDGE ( 'NONE', *, *, #2676, .F. ) ;
#2407 = VERTEX_POINT ( 'NONE', #1305 ) ;
#2408 = VECTOR ( 'NONE', #2639, 1000.000000000000000 ) ;
#2409 = ORIENTED_EDGE ( 'NONE', *, *, #2610, .F. ) ;
#2410 = DIRECTION ( 'NONE',  ( 0.000000000000000000, 0.000000000000000000, 1.000000000000000000 ) ) ;
#2411 = DIRECTION ( 'NONE',  ( 0.000000000000000000, 0.000000000000000000, 1.000000000000000000 ) ) ;
#2412 = DIRECTION ( 'NONE',  ( -0.000000000000000000, -0.000000000000000000, -1.000000000000000000 ) ) ;
#2413 = AXIS2_PLACEMENT_3D ( 'NONE', #1715, #118, #2167 ) ;
#2414 = CARTESIAN_POINT ( 'NONE',  ( 20.86790418964721994, -13.30163674519122630, 1.000000000000000888 ) ) ;
#2415 = FACE_OUTER_BOUND ( 'NONE', #1118, .T. ) ;
#2416 = VECTOR ( 'NONE', #885, 1000.000000000000000 ) ;
#2417 = DIRECTION ( 'NONE',  ( 1.000000000000000000, 0.000000000000000000, 0.000000000000000000 ) ) ;
#2418 = CARTESIAN_POINT ( 'NONE',  ( 0.000000000000000000, 0.000000000000000000, 5.599999999999999645 ) ) ;
#2419 = ORIENTED_EDGE ( 'NONE', *, *, #204, .F. ) ;
#2420 = DIRECTION ( 'NONE',  ( -3.458176453723080680E-15, 1.000000000000000000, 0.000000000000000000 ) ) ;
#2421 = AXIS2_PLACEMENT_3D ( 'NONE', #336, #536, #2338 ) ;
#2422 = ORIENTED_EDGE ( 'NONE', *, *, #589, .F. ) ;
#2423 = VERTEX_POINT ( 'NONE', #897 ) ;
#2424 = DIRECTION ( 'NONE',  ( 0.000000000000000000, 0.000000000000000000, 1.000000000000000000 ) ) ;
#2425 = EDGE_CURVE ( 'NONE', #888, #1840, #647, .T. ) ;
#2426 = CARTESIAN_POINT ( 'NONE',  ( -5.134899358225692545, 5.363155188962314135, 5.599999999999999645 ) ) ;
#2427 = DIRECTION ( 'NONE',  ( 1.000000000000000000, -1.243449787580175483E-14, 0.000000000000000000 ) ) ;
#2428 = LINE ( 'NONE', #585, #2627 ) ;
#2429 = CYLINDRICAL_SURFACE ( 'NONE', #654, 3.009777261265889070 ) ;
#2430 = SECURITY_CLASSIFICATION_LEVEL ( 'unclassified' ) ;
#2431 = DIRECTION ( 'NONE',  ( 0.000000000000000000, 0.000000000000000000, 1.000000000000000000 ) ) ;
#2432 = EDGE_CURVE ( 'NONE', #2407, #2623, #835, .T. ) ;
#2433 = DIRECTION ( 'NONE',  ( 1.000000000000000000, 0.000000000000000000, 0.000000000000000000 ) ) ;
#2434 = EDGE_CURVE ( 'NONE', #2110, #707, #1270, .T. ) ;
#2435 = AXIS2_PLACEMENT_3D ( 'NONE', #2804, #2168, #2153 ) ;
#2436 = ORIENTED_EDGE ( 'NONE', *, *, #625, .T. ) ;
#2437 = CARTESIAN_POINT ( 'NONE',  ( 0.000000000000000000, 0.000000000000000000, 0.000000000000000000 ) ) ;
#2438 = DIRECTION ( 'NONE',  ( 1.000000000000000000, 0.000000000000000000, 0.000000000000000000 ) ) ;
#2439 = LINE ( 'NONE', #451, #1217 ) ;
#2440 = ADVANCED_FACE ( 'NONE', ( #2666 ), #1585, .T. ) ;
#2441 = CARTESIAN_POINT ( 'NONE',  ( 1.702456268538571793, 0.000000000000000000, 5.599999999999999645 ) ) ;
#2442 = CIRCLE ( 'NONE', #216, 2.000000000000000000 ) ;
#2443 = DIRECTION ( 'NONE',  ( 1.000000000000000000, 0.000000000000000000, 0.000000000000000000 ) ) ;
#2444 = COORDINATED_UNIVERSAL_TIME_OFFSET ( 8, 0, .AHEAD. ) ;
#2445 = CARTESIAN_POINT ( 'NONE',  ( 40.10796630892206593, -10.78767380862165304, 4.599999999999999645 ) ) ;
#2446 = ORIENTED_EDGE ( 'NONE', *, *, #1336, .F. ) ;
#2447 = EDGE_CURVE ( 'NONE', #1589, #2450, #2439, .T. ) ;
#2448 = AXIS2_PLACEMENT_3D ( 'NONE', #2751, #1597, #2520 ) ;
#2449 = CARTESIAN_POINT ( 'NONE',  ( -3.513892524267995476, -6.540885592019899164, 5.599999999999999645 ) ) ;
#2450 = VERTEX_POINT ( 'NONE', #2270 ) ;
#2451 = ORIENTED_EDGE ( 'NONE', *, *, #2845, .T. ) ;
#2452 = CARTESIAN_POINT ( 'NONE',  ( -1.897543731461428074, 2.204364238465235576E-16, -4.400000000000000355 ) ) ;
#2453 = CIRCLE ( 'NONE', #1804, 10.00000000000000178 ) ;
#2454 = DIRECTION ( 'NONE',  ( 0.2597349412566904436, 0.9656799471307165872, 0.000000000000000000 ) ) ;
#2455 = TOROIDAL_SURFACE ( 'NONE', #181, 14.00000000000000533, 1.000000000000000000 ) ;
#2456 = CARTESIAN_POINT ( 'NONE',  ( 32.23342989392806146, -16.10196362466795961, 10.00000000000000000 ) ) ;
#2457 = LINE ( 'NONE', #1095, #1463 ) ;
#2458 = ORIENTED_EDGE ( 'NONE', *, *, #1521, .T. ) ;
#2459 = ORIENTED_EDGE ( 'NONE', *, *, #2924, .T. ) ;
#2460 = DIRECTION ( 'NONE',  ( -0.000000000000000000, -0.000000000000000000, -1.000000000000000000 ) ) ;
#2461 = ORIENTED_EDGE ( 'NONE', *, *, #1783, .T. ) ;
#2462 = VERTEX_POINT ( 'NONE', #1062 ) ;
#2463 = DIRECTION ( 'NONE',  ( 0.000000000000000000, 0.000000000000000000, 1.000000000000000000 ) ) ;
#2464 = VECTOR ( 'NONE', #907, 1000.000000000000000 ) ;
#2465 = CIRCLE ( 'NONE', #861, 3.009777261265891291 ) ;
#2466 = FACE_OUTER_BOUND ( 'NONE', #2871, .T. ) ;
#2467 = CIRCLE ( 'NONE', #1580, 9.900000000000000355 ) ;
#2468 = DIRECTION ( 'NONE',  ( 0.000000000000000000, 0.000000000000000000, 1.000000000000000000 ) ) ;
#2469 = DIRECTION ( 'NONE',  ( -0.000000000000000000, -0.000000000000000000, -1.000000000000000000 ) ) ;
#2470 = ADVANCED_FACE ( 'NONE', ( #1975 ), #2875, .T. ) ;
#2471 = EDGE_LOOP ( 'NONE', ( #1150, #764, #113, #288 ) ) ;
#2472 = CARTESIAN_POINT ( 'NONE',  ( -8.264257631792540693, 0.2885942357802144809, 5.599999999999999645 ) ) ;
#2473 = ORIENTED_EDGE ( 'NONE', *, *, #1127, .T. ) ;
#2474 = VERTEX_POINT ( 'NONE', #1650 ) ;
#2475 = CARTESIAN_POINT ( 'NONE',  ( 27.32231747987596648, 10.69550994100709396, 4.599999999999999645 ) ) ;
#2476 = EDGE_CURVE ( 'NONE', #1900, #867, #722, .T. ) ;
#2477 = ORIENTED_EDGE ( 'NONE', *, *, #2312, .T. ) ;
#2478 = DIRECTION ( 'NONE',  ( -0.2597349412566901106, -0.9656799471307166982, 0.000000000000000000 ) ) ;
#2479 = EDGE_CURVE ( 'NONE', #1379, #509, #2262, .T. ) ;
#2480 = CARTESIAN_POINT ( 'NONE',  ( -6.516293434324786915, 5.091086398338029007, 5.599999999999999645 ) ) ;
#2481 = EDGE_CURVE ( 'NONE', #2462, #982, #1071, .T. ) ;
#2482 = CALENDAR_DATE ( 2026, 24, 6 ) ;
#2483 = EDGE_LOOP ( 'NONE', ( #1985, #168, #824, #2461 ) ) ;
#2484 = AXIS2_PLACEMENT_3D ( 'NONE', #1035, #1904, #381 ) ;
#2485 = ADVANCED_FACE ( 'NONE', ( #2294 ), #6, .T. ) ;
#2486 = TOROIDAL_SURFACE ( 'NONE', #2349, 6.425000000000000711, 1.000000000000000000 ) ;
#2487 = FACE_OUTER_BOUND ( 'NONE', #2721, .T. ) ;
#2488 = VERTEX_POINT ( 'NONE', #1827 ) ;
#2489 = CARTESIAN_POINT ( 'NONE',  ( -5.289103886878624650, 7.948956596392994456, 5.599999999999999645 ) ) ;
#2490 = EDGE_LOOP ( 'NONE', ( #1527, #1204, #153, #2116 ) ) ;
#2491 = DIRECTION ( 'NONE',  ( -0.000000000000000000, -0.000000000000000000, -1.000000000000000000 ) ) ;
#2492 = ORIENTED_EDGE ( 'NONE', *, *, #2216, .T. ) ;
#2493 = FACE_BOUND ( 'NONE', #1914, .T. ) ;
#2494 = CARTESIAN_POINT ( 'NONE',  ( 21.12763913090391554, -12.33595679806050249, 0.000000000000000000 ) ) ;
#2495 = AXIS2_PLACEMENT_3D ( 'NONE', #1895, #2545, #2056 ) ;
#2496 = DIRECTION ( 'NONE',  ( 1.000000000000000000, 0.000000000000000000, 0.000000000000000000 ) ) ;
#2497 = VECTOR ( 'NONE', #488, 1000.000000000000000 ) ;
#2498 = ORIENTED_EDGE ( 'NONE', *, *, #457, .T. ) ;
#2499 = ORIENTED_EDGE ( 'NONE', *, *, #553, .T. ) ;
#2500 = DIRECTION ( 'NONE',  ( -1.000000000000000000, 0.000000000000000000, 0.000000000000000000 ) ) ;
#2501 = CARTESIAN_POINT ( 'NONE',  ( 2.202456268538571571, 2.816687638038912056E-16, 3.000000000000000000 ) ) ;
#2502 = VECTOR ( 'NONE', #1992, 1000.000000000000000 ) ;
#2503 = DIRECTION ( 'NONE',  ( -0.5877852522924770229, 0.8090169943749444537, 0.000000000000000000 ) ) ;
#2504 = AXIS2_PLACEMENT_3D ( 'NONE', #411, #2694, #1976 ) ;
#2505 = CARTESIAN_POINT ( 'NONE',  ( 24.72496806730906371, 1.038710469699919647, 4.599999999999999645 ) ) ;
#2506 = VERTEX_POINT ( 'NONE', #2324 ) ;
#2507 = DIRECTION ( 'NONE',  ( -0.8090169943749507819, 0.5877852522924684742, 0.000000000000000000 ) ) ;
#2508 = DIRECTION ( 'NONE',  ( 0.000000000000000000, -1.000000000000000000, 0.000000000000000000 ) ) ;
#2509 = TOROIDAL_SURFACE ( 'NONE', #107, 11.00000000000000000, 1.000000000000000000 ) ;
#2510 = EDGE_CURVE ( 'NONE', #260, #1826, #1050, .T. ) ;
#2511 = DIRECTION ( 'NONE',  ( 0.000000000000000000, 0.000000000000000000, 1.000000000000000000 ) ) ;
#2512 = VECTOR ( 'NONE', #209, 1000.000000000000000 ) ;
#2513 = ORIENTED_EDGE ( 'NONE', *, *, #2783, .F. ) ;
#2514 = CARTESIAN_POINT ( 'NONE',  ( 0.000000000000000000, 0.000000000000000000, 0.000000000000000000 ) ) ;
#2515 = AXIS2_PLACEMENT_3D ( 'NONE', #1533, #2849, #2621 ) ;
#2516 = EDGE_CURVE ( 'NONE', #2641, #2647, #2709, .T. ) ;
#2517 = DIRECTION ( 'NONE',  ( 0.000000000000000000, 0.000000000000000000, 1.000000000000000000 ) ) ;
#2518 = EDGE_CURVE ( 'NONE', #528, #894, #1140, .T. ) ;
#2519 = CARTESIAN_POINT ( 'NONE',  ( -2.407100657401072930, 9.602909268817414912, 5.599999999999999645 ) ) ;
#2520 = DIRECTION ( 'NONE',  ( -0.9510565162951584162, 0.3090169943749327963, 0.000000000000000000 ) ) ;
#2521 = EDGE_LOOP ( 'NONE', ( #252, #2574, #328, #551 ) ) ;
#2522 = CARTESIAN_POINT ( 'NONE',  ( 27.43867001505729775, -14.49939915232953069, 3.600000000000000089 ) ) ;
#2523 = ORIENTED_EDGE ( 'NONE', *, *, #2302, .T. ) ;
#2524 = DIRECTION ( 'NONE',  ( -0.000000000000000000, -0.000000000000000000, -1.000000000000000000 ) ) ;
#2525 = DIRECTION ( 'NONE',  ( 0.8090169943749464521, 0.5877852522924743583, 0.000000000000000000 ) ) ;
#2526 = EDGE_CURVE ( 'NONE', #909, #2737, #47, .T. ) ;
#2527 = ORIENTED_EDGE ( 'NONE', *, *, #343, .F. ) ;
#2528 = DIRECTION ( 'NONE',  ( -0.000000000000000000, -0.000000000000000000, -1.000000000000000000 ) ) ;
#2529 = ORIENTED_EDGE ( 'NONE', *, *, #2053, .T. ) ;
#2530 = AXIS2_PLACEMENT_3D ( 'NONE', #484, #261, #2073 ) ;
#2531 = APPROVAL_ROLE ( '' ) ;
#2532 = EDGE_CURVE ( 'NONE', #888, #1356, #1243, .T. ) ;
#2533 = CARTESIAN_POINT ( 'NONE',  ( 1.702456268538571793, 0.000000000000000000, -4.400000000000000355 ) ) ;
#2534 = AXIS2_PLACEMENT_3D ( 'NONE', #1349, #2934, #1800 ) ;
#2535 = FACE_OUTER_BOUND ( 'NONE', #2857, .T. ) ;
#2536 = ORIENTED_EDGE ( 'NONE', *, *, #942, .T. ) ;
#2537 = CARTESIAN_POINT ( 'NONE',  ( 40.10796630892206593, -10.78767380862165304, 4.599999999999999645 ) ) ;
#2538 = DIRECTION ( 'NONE',  ( -3.491481338843133355E-15, 1.000000000000000000, 0.000000000000000000 ) ) ;
#2539 = ORIENTED_EDGE ( 'NONE', *, *, #992, .T. ) ;
#2540 = DIRECTION ( 'NONE',  ( -0.9510565162951555296, 0.3090169943749411785, 0.000000000000000000 ) ) ;
#2541 = VECTOR ( 'NONE', #668, 1000.000000000000000 ) ;
#2542 = CARTESIAN_POINT ( 'NONE',  ( 51.60796630892206593, -10.78767380862165304, 3.600000000000000089 ) ) ;
#2543 = DIRECTION ( 'NONE',  ( 1.000000000000000000, 0.000000000000000000, 0.000000000000000000 ) ) ;
#2544 = VERTEX_POINT ( 'NONE', #63 ) ;
#2545 = DIRECTION ( 'NONE',  ( 0.4868304963150693054, -0.8734964612736695333, -1.689032581558380996E-15 ) ) ;
#2546 = DIRECTION ( 'NONE',  ( 0.8090169943749466741, 0.5877852522924742473, 0.000000000000000000 ) ) ;
#2547 = DIRECTION ( 'NONE',  ( -0.000000000000000000, -0.000000000000000000, -1.000000000000000000 ) ) ;
#2548 = EDGE_LOOP ( 'NONE', ( #2157, #1000, #1525, #683 ) ) ;
#2549 = CIRCLE ( 'NONE', #281, 9.999999999999998224 ) ;
#2550 = DIRECTION ( 'NONE',  ( 0.000000000000000000, 0.000000000000000000, 1.000000000000000000 ) ) ;
#2551 = ORIENTED_EDGE ( 'NONE', *, *, #2434, .T. ) ;
#2552 = DIRECTION ( 'NONE',  ( 1.000000000000000000, 0.000000000000000000, 0.000000000000000000 ) ) ;
#2553 = CARTESIAN_POINT ( 'NONE',  ( 40.10796630892206593, -10.78767380862165304, 10.00000000000000000 ) ) ;
#2554 = EDGE_CURVE ( 'NONE', #2577, #1221, #1374, .T. ) ;
#2555 = ORIENTED_EDGE ( 'NONE', *, *, #1127, .F. ) ;
#2556 = ADVANCED_FACE ( 'NONE', ( #18, #2089, #2493 ), #246, .T. ) ;
#2557 = DIRECTION ( 'NONE',  ( -0.000000000000000000, -0.000000000000000000, 1.000000000000000000 ) ) ;
#2558 = DIRECTION ( 'NONE',  ( -0.9656799471307166982, 0.2597349412566900551, 0.000000000000000000 ) ) ;
#2559 = VERTEX_POINT ( 'NONE', #1853 ) ;
#2560 = EDGE_CURVE ( 'NONE', #1583, #224, #1195, .T. ) ;
#2561 = CIRCLE ( 'NONE', #2662, 2.299999999999999822 ) ;
#2562 = CARTESIAN_POINT ( 'NONE',  ( 54.10796630892206593, -10.78767380862165304, 4.599999999999999645 ) ) ;
#2563 = ADVANCED_FACE ( 'NONE', ( #466 ), #234, .T. ) ;
#2564 = DIRECTION ( 'NONE',  ( -3.458176453723081074E-15, 1.000000000000000000, 0.000000000000000000 ) ) ;
#2565 = ORIENTED_EDGE ( 'NONE', *, *, #1122, .T. ) ;
#2566 = CARTESIAN_POINT ( 'NONE',  ( -3.513892524267995476, -6.540885592019899164, 5.599999999999999645 ) ) ;
#2567 = ORIENTED_EDGE ( 'NONE', *, *, #2189, .T. ) ;
#2568 = EDGE_CURVE ( 'NONE', #2024, #2070, #2465, .T. ) ;
#2569 = DIRECTION ( 'NONE',  ( -0.000000000000000000, -0.000000000000000000, -1.000000000000000000 ) ) ;
#2570 = DIRECTION ( 'NONE',  ( 0.000000000000000000, 0.000000000000000000, 1.000000000000000000 ) ) ;
#2571 = FACE_OUTER_BOUND ( 'NONE', #2471, .T. ) ;
#2572 = CARTESIAN_POINT ( 'NONE',  ( 31.59734611092362400, 6.757107291335708865, 2.000000000000000000 ) ) ;
#2573 = DIRECTION ( 'NONE',  ( 1.000000000000000000, 2.775557561562891745E-15, 0.000000000000000000 ) ) ;
#2574 = ORIENTED_EDGE ( 'NONE', *, *, #1169, .T. ) ;
#2575 = AXIS2_PLACEMENT_3D ( 'NONE', #959, #21, #1652 ) ;
#2576 = DIRECTION ( 'NONE',  ( -0.000000000000000000, -0.000000000000000000, -1.000000000000000000 ) ) ;
#2577 = VERTEX_POINT ( 'NONE', #1841 ) ;
#2578 = ORIENTED_EDGE ( 'NONE', *, *, #685, .T. ) ;
#2579 = CARTESIAN_POINT ( 'NONE',  ( 27.32231747987596648, 10.69550994100709396, 4.599999999999999645 ) ) ;
#2580 = ORIENTED_EDGE ( 'NONE', *, *, #1164, .F. ) ;
#2581 = AXIS2_PLACEMENT_3D ( 'NONE', #935, #2279, #2267 ) ;
#2582 = CARTESIAN_POINT ( 'NONE',  ( 1.137857181120916383, 6.813653498943635256, 5.485051873222527519 ) ) ;
#2583 = CARTESIAN_POINT ( 'NONE',  ( 24.46523312605237876, 0.07303052256920403162, 0.000000000000000000 ) ) ;
#2584 = LINE ( 'NONE', #570, #664 ) ;
#2585 = CARTESIAN_POINT ( 'NONE',  ( -4.009033799157220912, 7.232488426176834295, 0.000000000000000000 ) ) ;
#2586 = CARTESIAN_POINT ( 'NONE',  ( 0.000000000000000000, 0.000000000000000000, 5.599999999999999645 ) ) ;
#2587 = EDGE_LOOP ( 'NONE', ( #2933, #792, #1273, #1138 ) ) ;
#2588 = DIRECTION ( 'NONE',  ( 1.000000000000000000, 0.000000000000000000, 0.000000000000000000 ) ) ;
#2589 = CIRCLE ( 'NONE', #2317, 9.900000000000000355 ) ;
#2590 = ORIENTED_EDGE ( 'NONE', *, *, #1493, .T. ) ;
#2591 = ORIENTED_EDGE ( 'NONE', *, *, #2192, .F. ) ;
#2592 = EDGE_CURVE ( 'NONE', #2287, #2251, #102, .T. ) ;
#2593 = DIRECTION ( 'NONE',  ( 0.000000000000000000, 0.000000000000000000, 1.000000000000000000 ) ) ;
#2594 = EDGE_CURVE ( 'NONE', #756, #2641, #1817, .T. ) ;
#2595 = ORIENTED_EDGE ( 'NONE', *, *, #343, .T. ) ;
#2596 = DIRECTION ( 'NONE',  ( -0.000000000000000000, -0.000000000000000000, -1.000000000000000000 ) ) ;
#2597 = ORIENTED_EDGE ( 'NONE', *, *, #1387, .F. ) ;
#2598 = CARTESIAN_POINT ( 'NONE',  ( 1.018886605128433320, 6.590377883259842307, 5.578356685118659897 ) ) ;
#2599 = CIRCLE ( 'NONE', #1810, 9.500000000000008882 ) ;
#2600 = DIRECTION ( 'NONE',  ( 1.000000000000000000, 0.000000000000000000, 0.000000000000000000 ) ) ;
#2601 = EDGE_CURVE ( 'NONE', #1688, #404, #290, .T. ) ;
#2602 = CARTESIAN_POINT ( 'NONE',  ( 0.000000000000000000, 0.000000000000000000, 5.599999999999999645 ) ) ;
#2603 = CARTESIAN_POINT ( 'NONE',  ( 31.59734611092362400, 6.757107291335708865, 10.00000000000000000 ) ) ;
#2604 = CARTESIAN_POINT ( 'NONE',  ( -2.140407324811949952, -7.109801789353299206, 0.8641270773246721992 ) ) ;
#2605 = ORIENTED_EDGE ( 'NONE', *, *, #240, .T. ) ;
#2606 = CIRCLE ( 'NONE', #1194, 7.425000000000000711 ) ;
#2607 = AXIS2_PLACEMENT_3D ( 'NONE', #259, #272, #1413 ) ;
#2608 = ORIENTED_EDGE ( 'NONE', *, *, #1202, .F. ) ;
#2609 = CIRCLE ( 'NONE', #53, 11.00000000000000000 ) ;
#2610 = EDGE_CURVE ( 'NONE', #565, #1634, #812, .T. ) ;
#2611 = CARTESIAN_POINT ( 'NONE',  ( 1.320665576569563848, 7.306604371037491497, 4.599999999999999645 ) ) ;
#2612 = PERSON ( '未指定', '未指定', '未指定', ('未指定'), ('未指定'), ('未指定') ) ;
#2613 = EDGE_CURVE ( 'NONE', #1356, #1790, #1726, .T. ) ;
#2614 = ORIENTED_EDGE ( 'NONE', *, *, #594, .F. ) ;
#2615 = FACE_OUTER_BOUND ( 'NONE', #1982, .T. ) ;
#2616 = VERTEX_POINT ( 'NONE', #2828 ) ;
#2617 = DIRECTION ( 'NONE',  ( 0.000000000000000000, 0.000000000000000000, 1.000000000000000000 ) ) ;
#2618 = APPLICATION_CONTEXT ( 'configuration controlled 3d designs of mechanical parts and assemblies' ) ;
#2619 = DIRECTION ( 'NONE',  ( -0.000000000000000000, -0.000000000000000000, -1.000000000000000000 ) ) ;
#2620 = FACE_OUTER_BOUND ( 'NONE', #2330, .T. ) ;
#2621 = DIRECTION ( 'NONE',  ( -1.000000000000000000, 0.000000000000000000, 0.000000000000000000 ) ) ;
#2622 = DIRECTION ( 'NONE',  ( 0.000000000000000000, 0.000000000000000000, 1.000000000000000000 ) ) ;
#2623 = VERTEX_POINT ( 'NONE', #763 ) ;
#2624 = DIRECTION ( 'NONE',  ( 0.000000000000000000, 0.000000000000000000, 1.000000000000000000 ) ) ;
#2625 = EDGE_LOOP ( 'NONE', ( #1301, #277, #2122, #2826, #208, #2409, #1099, #1735, #2143, #507, #643, #730, #2723, #1613, #2159, #183, #576, #1287, #1569, #533, #1678, #2367, #2716, #788, #2188, #24, #1420, #236, #1116, #943, #1111, #2822, #2237, #961, #852, #2527, #575, #1867, #48, #1364, #1939, #593, #1497, #5, #645, #2174, #2674, #1439, #1353, #2065, #2492 ) ) ;
#2626 = ORIENTED_EDGE ( 'NONE', *, *, #2085, .T. ) ;
#2627 = VECTOR ( 'NONE', #830, 1000.000000000000000 ) ;
#2628 = DIRECTION ( 'NONE',  ( 1.000000000000000000, 0.000000000000000000, 0.000000000000000000 ) ) ;
#2629 = CIRCLE ( 'NONE', #2728, 9.900000000000002132 ) ;
#2630 = ORIENTED_EDGE ( 'NONE', *, *, #1877, .F. ) ;
#2631 = CARTESIAN_POINT ( 'NONE',  ( -7.010050333647484422, -2.447410737847004025, 0.000000000000000000 ) ) ;
#2632 = CIRCLE ( 'NONE', #591, 10.00000000000000178 ) ;
#2633 = CIRCLE ( 'NONE', #173, 7.425000000000000711 ) ;
#2634 = DIRECTION ( 'NONE',  ( 0.000000000000000000, 0.000000000000000000, 1.000000000000000000 ) ) ;
#2635 = FACE_OUTER_BOUND ( 'NONE', #1885, .T. ) ;
#2636 = FACE_BOUND ( 'NONE', #1300, .T. ) ;
#2637 = DIRECTION ( 'NONE',  ( 0.9510565162951531981, 0.3090169943749482839, 0.000000000000000000 ) ) ;
#2638 = ADVANCED_FACE ( 'NONE', ( #535 ), #2509, .T. ) ;
#2639 = DIRECTION ( 'NONE',  ( 0.000000000000000000, 0.000000000000000000, 1.000000000000000000 ) ) ;
#2640 = FACE_OUTER_BOUND ( 'NONE', #2819, .T. ) ;
#2641 = VERTEX_POINT ( 'NONE', #793 ) ;
#2642 = CARTESIAN_POINT ( 'NONE',  ( -8.117364821707893086, -1.577855883427253803, 5.599999999999999645 ) ) ;
#2643 = AXIS2_PLACEMENT_3D ( 'NONE', #542, #1008, #2389 ) ;
#2644 = EDGE_CURVE ( 'NONE', #2506, #888, #2052, .T. ) ;
#2645 = ORIENTED_EDGE ( 'NONE', *, *, #2307, .F. ) ;
#2646 = CIRCLE ( 'NONE', #802, 1.800000000000000044 ) ;
#2647 = VERTEX_POINT ( 'NONE', #2566 ) ;
#2648 = CARTESIAN_POINT ( 'NONE',  ( -6.540885592019885841, 3.513892524268020789, 0.000000000000000000 ) ) ;
#2649 = CARTESIAN_POINT ( 'NONE',  ( 0.000000000000000000, 0.000000000000000000, 5.599999999999999645 ) ) ;
#2650 = DIRECTION ( 'NONE',  ( 1.000000000000000000, -1.734723475976806503E-15, 0.000000000000000000 ) ) ;
#2651 = TOROIDAL_SURFACE ( 'NONE', #189, 6.999999999999999112, 2.000000000000000000 ) ;
#2652 = CARTESIAN_POINT ( 'NONE',  ( -7.423245559582908548, -0.1614012457592738092, 5.599999999999999645 ) ) ;
#2653 = CARTESIAN_POINT ( 'NONE',  ( 24.72496806730906371, 1.038710469699919647, 1.000000000000000888 ) ) ;
#2654 = ADVANCED_FACE ( 'NONE', ( #2615 ), #2350, .F. ) ;
#2655 = CIRCLE ( 'NONE', #193, 7.425000000000000711 ) ;
#2656 = DIRECTION ( 'NONE',  ( 0.000000000000000000, 0.000000000000000000, -1.000000000000000000 ) ) ;
#2657 = CARTESIAN_POINT ( 'NONE',  ( -1.007773559740942515, -8.207656991483858633, 5.599999999999999645 ) ) ;
#2658 = ORIENTED_EDGE ( 'NONE', *, *, #1164, .T. ) ;
#2659 = CARTESIAN_POINT ( 'NONE',  ( -0.09754373146142816808, 0.000000000000000000, 3.000000000000000000 ) ) ;
#2660 = VECTOR ( 'NONE', #83, 1000.000000000000000 ) ;
#2661 = EDGE_LOOP ( 'NONE', ( #1240, #1972, #807, #481 ) ) ;
#2662 = AXIS2_PLACEMENT_3D ( 'NONE', #776, #640, #984 ) ;
#2663 = ADVANCED_FACE ( 'NONE', ( #1244 ), #1030, .T. ) ;
#2664 = ORIENTED_EDGE ( 'NONE', *, *, #10, .F. ) ;
#2665 = CYLINDRICAL_SURFACE ( 'NONE', #1725, 3.009777261265889958 ) ;
#2666 = FACE_OUTER_BOUND ( 'NONE', #71, .T. ) ;
#2667 = CARTESIAN_POINT ( 'NONE',  ( 27.87901585109068137, -17.60330075703262054, 5.599999999999999645 ) ) ;
#2668 = CARTESIAN_POINT ( 'NONE',  ( -9.108128016965425289, 3.879691228251228807, 5.599999999999999645 ) ) ;
#2669 = PERSON_AND_ORGANIZATION ( #2612, #1624 ) ;
#2670 = ORIENTED_EDGE ( 'NONE', *, *, #1343, .F. ) ;
#2671 = PRODUCT_RELATED_PRODUCT_CATEGORY ( 'detail', '', ( #927 ) ) ;
#2672 = ORIENTED_EDGE ( 'NONE', *, *, #600, .T. ) ;
#2673 = DIRECTION ( 'NONE',  ( 1.000000000000000000, 0.000000000000000000, 0.000000000000000000 ) ) ;
#2674 = ORIENTED_EDGE ( 'NONE', *, *, #2836, .T. ) ;
#2675 = ORIENTED_EDGE ( 'NONE', *, *, #2434, .F. ) ;
#2676 = EDGE_CURVE ( 'NONE', #404, #2923, #1901, .T. ) ;
#2677 = DIRECTION ( 'NONE',  ( 1.000000000000000000, 0.000000000000000000, 0.000000000000000000 ) ) ;
#2678 = DIRECTION ( 'NONE',  ( 1.000000000000000000, 0.000000000000000000, 0.000000000000000000 ) ) ;
#2679 = CARTESIAN_POINT ( 'NONE',  ( -5.256750925104925365, 8.389074425191886064, 5.599999999999999645 ) ) ;
#2680 = AXIS2_PLACEMENT_3D ( 'NONE', #2832, #796, #1714 ) ;
#2681 = CARTESIAN_POINT ( 'NONE',  ( 1.313531664831218082, 7.279827997537136497, 0.7306638461573266019 ) ) ;
#2682 = DATE_AND_TIME ( #1081, #2244 ) ;
#2683 = VERTEX_POINT ( 'NONE', #2368 ) ;
#2684 = ORIENTED_EDGE ( 'NONE', *, *, #2395, .F. ) ;
#2685 = EDGE_CURVE ( 'NONE', #2300, #2119, #1727, .T. ) ;
#2686 = CYLINDRICAL_SURFACE ( 'NONE', #1292, 3.009777261265890846 ) ;
#2687 = CIRCLE ( 'NONE', #1407, 15.00000000000000711 ) ;
#2688 = EDGE_CURVE ( 'NONE', #224, #2048, #478, .T. ) ;
#2689 = AXIS2_PLACEMENT_3D ( 'NONE', #603, #1065, #1039 ) ;
#2690 = DIRECTION ( 'NONE',  ( -0.000000000000000000, -0.000000000000000000, 1.000000000000000000 ) ) ;
#2691 = CARTESIAN_POINT ( 'NONE',  ( -7.357101806111839615, -1.001837319381711389, 5.599999999999999645 ) ) ;
#2692 = AXIS2_PLACEMENT_3D ( 'NONE', #950, #2333, #2763 ) ;
#2693 = CARTESIAN_POINT ( 'NONE',  ( -1.007773559740942515, -8.207656991483858633, 5.599999999999999645 ) ) ;
#2694 = DIRECTION ( 'NONE',  ( -0.000000000000000000, -0.000000000000000000, -1.000000000000000000 ) ) ;
#2695 = ADVANCED_FACE ( 'NONE', ( #112 ), #564, .T. ) ;
#2696 = CARTESIAN_POINT ( 'NONE',  ( 0.9487509860547043150, 6.476198233172292262, -4.658681209898651865E-17 ) ) ;
#2697 = PERSON_AND_ORGANIZATION ( #2612, #1624 ) ;
#2698 = EDGE_CURVE ( 'NONE', #1496, #404, #2195, .T. ) ;
#2699 = EDGE_LOOP ( 'NONE', ( #2451, #1128, #1261, #2181 ) ) ;
#2700 = CARTESIAN_POINT ( 'NONE',  ( 0.000000000000000000, 0.000000000000000000, 0.000000000000000000 ) ) ;
#2701 = CIRCLE ( 'NONE', #93, 7.425000000000000711 ) ;
#2702 = CARTESIAN_POINT ( 'NONE',  ( 2.828265482620778037, 7.770595549723498863, 5.599999999999999645 ) ) ;
#2703 = EDGE_LOOP ( 'NONE', ( #1452, #2902, #68, #2222 ) ) ;
#2704 = EDGE_CURVE ( 'NONE', #2474, #1045, #2142, .T. ) ;
#2705 = ORIENTED_EDGE ( 'NONE', *, *, #1429, .F. ) ;
#2706 = ORIENTED_EDGE ( 'NONE', *, *, #844, .F. ) ;
#2707 = DIRECTION ( 'NONE',  ( -0.000000000000000000, -0.000000000000000000, -1.000000000000000000 ) ) ;
#2708 = EDGE_CURVE ( 'NONE', #1796, #2379, #1146, .T. ) ;
#2709 = CIRCLE ( 'NONE', #244, 7.425000000000000711 ) ;
#2710 = VERTEX_POINT ( 'NONE', #1998 ) ;
#2711 = CARTESIAN_POINT ( 'NONE',  ( 51.60796630892206593, -10.78767380862165304, 2.000000000000000000 ) ) ;
#2712 = ADVANCED_FACE ( 'NONE', ( #2896 ), #865, .T. ) ;
#2713 = APPROVAL_PERSON_ORGANIZATION ( #666, #386, #913 ) ;
#2714 = DIRECTION ( 'NONE',  ( -0.000000000000000000, -0.000000000000000000, -1.000000000000000000 ) ) ;
#2715 = COORDINATED_UNIVERSAL_TIME_OFFSET ( 8, 0, .AHEAD. ) ;
#2716 = ORIENTED_EDGE ( 'NONE', *, *, #240, .F. ) ;
#2717 = DIRECTION ( 'NONE',  ( 1.000000000000000000, 0.000000000000000000, 0.000000000000000000 ) ) ;
#2718 = CARTESIAN_POINT ( 'NONE',  ( 0.000000000000000000, 0.000000000000000000, 5.599999999999999645 ) ) ;
#2719 = ORIENTED_EDGE ( 'NONE', *, *, #7, .T. ) ;
#2720 = DIRECTION ( 'NONE',  ( -0.2597349412566900551, -0.9656799471307168092, 0.000000000000000000 ) ) ;
#2721 = EDGE_LOOP ( 'NONE', ( #673, #652, #1552, #471 ) ) ;
#2722 = DIRECTION ( 'NONE',  ( -0.000000000000000000, -0.000000000000000000, -1.000000000000000000 ) ) ;
#2723 = ORIENTED_EDGE ( 'NONE', *, *, #678, .T. ) ;
#2724 = DIRECTION ( 'NONE',  ( -0.000000000000000000, -0.000000000000000000, -1.000000000000000000 ) ) ;
#2725 = DIRECTION ( 'NONE',  ( 1.000000000000000000, 0.000000000000000000, 0.000000000000000000 ) ) ;
#2726 = CARTESIAN_POINT ( 'NONE',  ( 23.94444419393438395, -21.69595290471670168, 0.000000000000000000 ) ) ;
#2727 = EDGE_LOOP ( 'NONE', ( #721, #158, #2645, #1272, #334, #904 ) ) ;
#2728 = AXIS2_PLACEMENT_3D ( 'NONE', #1464, #146, #2199 ) ;
#2729 = LINE ( 'NONE', #1405, #1488 ) ;
#2730 = ORIENTED_EDGE ( 'NONE', *, *, #630, .T. ) ;
#2731 = AXIS2_PLACEMENT_3D ( 'NONE', #2243, #1078, #2006 ) ;
#2732 = DIRECTION ( 'NONE',  ( -3.491481338843133355E-15, 1.000000000000000000, 0.000000000000000000 ) ) ;
#2733 = CIRCLE ( 'NONE', #1553, 11.50000000000000355 ) ;
#2734 = DIRECTION ( 'NONE',  ( 0.8090169943749466741, 0.5877852522924741363, 0.000000000000000000 ) ) ;
#2735 = EDGE_CURVE ( 'NONE', #2623, #2407, #2561, .T. ) ;
#2736 = CARTESIAN_POINT ( 'NONE',  ( -5.910662539161998019, -4.493850614800968479, 0.000000000000000000 ) ) ;
#2737 = VERTEX_POINT ( 'NONE', #2797 ) ;
#2738 = CARTESIAN_POINT ( 'NONE',  ( -7.494526508824496780, 3.494755105310485721, 0.000000000000000000 ) ) ;
#2739 = EDGE_LOOP ( 'NONE', ( #1168, #2555, #2513, #2361 ) ) ;
#2740 = CARTESIAN_POINT ( 'NONE',  ( 18.27055477708032072, -22.95843621649838440, 4.599999999999999645 ) ) ;
#2741 = TOROIDAL_SURFACE ( 'NONE', #179, 14.00000000000000533, 1.000000000000000000 ) ;
#2742 = CARTESIAN_POINT ( 'NONE',  ( -7.357101806111839615, -1.001837319381711389, 0.000000000000000000 ) ) ;
#2743 = ADVANCED_FACE ( 'NONE', ( #1679 ), #2686, .T. ) ;
#2744 = AXIS2_PLACEMENT_3D ( 'NONE', #2437, #2221, #1554 ) ;
#2745 = ORIENTED_EDGE ( 'NONE', *, *, #1424, .F. ) ;
#2746 = DIRECTION ( 'NONE',  ( -0.000000000000000000, -0.000000000000000000, -1.000000000000000000 ) ) ;
#2747 = EDGE_CURVE ( 'NONE', #2647, #1634, #2055, .T. ) ;
#2748 = ORIENTED_EDGE ( 'NONE', *, *, #2783, .T. ) ;
#2749 = DIRECTION ( 'NONE',  ( -0.000000000000000000, -0.000000000000000000, -1.000000000000000000 ) ) ;
#2750 = CARTESIAN_POINT ( 'NONE',  ( 23.94444419393438395, -21.69595290471670168, 3.600000000000000089 ) ) ;
#2751 = CARTESIAN_POINT ( 'NONE',  ( -1.007773559740942515, -8.207656991483858633, 0.000000000000000000 ) ) ;
#2752 = EDGE_CURVE ( 'NONE', #707, #2474, #1481, .T. ) ;
#2753 = EDGE_LOOP ( 'NONE', ( #836, #223, #2392, #515 ) ) ;
#2754 = DIRECTION ( 'NONE',  ( 0.5877852522924713607, 0.8090169943749487835, 0.000000000000000000 ) ) ;
#2755 = DIRECTION ( 'NONE',  ( 0.000000000000000000, 0.000000000000000000, 1.000000000000000000 ) ) ;
#2756 = AXIS2_PLACEMENT_3D ( 'NONE', #1276, #406, #1076 ) ;
#2757 = CARTESIAN_POINT ( 'NONE',  ( -2.721183025485645501, 8.264257631792538916, 5.599999999999999645 ) ) ;
#2758 = LOCAL_TIME ( 15, 34, 1.000000000000000000, #2444 ) ;
#2759 = ORIENTED_EDGE ( 'NONE', *, *, #1029, .F. ) ;
#2760 = CYLINDRICAL_SURFACE ( 'NONE', #1494, 3.009777261265889958 ) ;
#2761 = ORIENTED_EDGE ( 'NONE', *, *, #1657, .T. ) ;
#2762 = LINE ( 'NONE', #731, #818 ) ;
#2763 = DIRECTION ( 'NONE',  ( -0.3090169943749515036, 0.9510565162951521989, 0.000000000000000000 ) ) ;
#2764 = CARTESIAN_POINT ( 'NONE',  ( 1.668796997574233387, 6.204493660314854608, 1.000000000000000000 ) ) ;
#2765 = DIRECTION ( 'NONE',  ( -0.000000000000000000, -0.000000000000000000, -1.000000000000000000 ) ) ;
#2766 = ORIENTED_EDGE ( 'NONE', *, *, #531, .T. ) ;
#2767 = DIRECTION ( 'NONE',  ( 1.000000000000000000, 0.000000000000000000, 0.000000000000000000 ) ) ;
#2768 = DIRECTION ( 'NONE',  ( 1.000000000000000000, 0.000000000000000000, 0.000000000000000000 ) ) ;
#2769 = ORIENTED_EDGE ( 'NONE', *, *, #2688, .T. ) ;
#2770 = DIRECTION ( 'NONE',  ( -1.000000000000000000, 0.000000000000000000, 0.000000000000000000 ) ) ;
#2771 = DIRECTION ( 'NONE',  ( 1.000000000000000000, 0.000000000000000000, 0.000000000000000000 ) ) ;
#2772 = VERTEX_POINT ( 'NONE', #1846 ) ;
#2773 = AXIS2_PLACEMENT_3D ( 'NONE', #2586, #2154, #1468 ) ;
#2774 = CIRCLE ( 'NONE', #1592, 7.425000000000000711 ) ;
#2775 = LINE ( 'NONE', #605, #656 ) ;
#2776 = AXIS2_PLACEMENT_3D ( 'NONE', #1771, #1124, #2034 ) ;
#2777 = EDGE_CURVE ( 'NONE', #2923, #1088, #198, .T. ) ;
#2778 = CARTESIAN_POINT ( 'NONE',  ( -2.407100657401072930, 9.602909268817414912, 0.000000000000000000 ) ) ;
#2779 = DIRECTION ( 'NONE',  ( 0.000000000000000000, 0.000000000000000000, 1.000000000000000000 ) ) ;
#2780 = ORIENTED_EDGE ( 'NONE', *, *, #2532, .T. ) ;
#2781 = DIRECTION ( 'NONE',  ( -1.000000000000000000, 0.000000000000000000, 0.000000000000000000 ) ) ;
#2782 = ORIENTED_EDGE ( 'NONE', *, *, #333, .F. ) ;
#2783 = EDGE_CURVE ( 'NONE', #1673, #211, #953, .T. ) ;
#2784 = CARTESIAN_POINT ( 'NONE',  ( 35.96176672528179807, -2.240216349668061824, 2.000000000000000000 ) ) ;
#2785 = VECTOR ( 'NONE', #607, 1000.000000000000000 ) ;
#2786 = DIRECTION ( 'NONE',  ( 1.000000000000000000, 0.000000000000000000, 0.000000000000000000 ) ) ;
#2787 = ORIENTED_EDGE ( 'NONE', *, *, #638, .F. ) ;
#2788 = DIRECTION ( 'NONE',  ( 0.9656799471307162541, -0.2597349412566916649, 0.000000000000000000 ) ) ;
#2789 = EDGE_LOOP ( 'NONE', ( #2719, #1547, #1710, #2473 ) ) ;
#2790 = ADVANCED_FACE ( 'NONE', ( #2487 ), #1366, .T. ) ;
#2791 = VECTOR ( 'NONE', #2057, 1000.000000000000000 ) ;
#2792 = DIRECTION ( 'NONE',  ( -0.000000000000000000, -0.000000000000000000, 1.000000000000000000 ) ) ;
#2793 = AXIS2_PLACEMENT_3D ( 'NONE', #1899, #980, #299 ) ;
#2794 = DIRECTION ( 'NONE',  ( -0.9510565162951555296, 0.3090169943749411785, 0.000000000000000000 ) ) ;
#2795 = EDGE_LOOP ( 'NONE', ( #1603, #723, #1767, #2106 ) ) ;
#2796 = CIRCLE ( 'NONE', #2045, 9.900000000000003908 ) ;
#2797 = CARTESIAN_POINT ( 'NONE',  ( -4.017550821006834028, -8.207656991483858633, 0.000000000000000000 ) ) ;
#2798 = ORIENTED_EDGE ( 'NONE', *, *, #2180, .T. ) ;
#2799 = CC_DESIGN_PERSON_AND_ORGANIZATION_ASSIGNMENT ( #2669, #222, ( #1077 ) ) ;
#2800 = FACE_OUTER_BOUND ( 'NONE', #1490, .T. ) ;
#2801 = CARTESIAN_POINT ( 'NONE',  ( 0.000000000000000000, 0.000000000000000000, 0.000000000000000000 ) ) ;
#2802 = CIRCLE ( 'NONE', #618, 9.900000000000000355 ) ;
#2803 = CARTESIAN_POINT ( 'NONE',  ( 0.000000000000000000, 0.000000000000000000, 5.599999999999999645 ) ) ;
#2804 = CARTESIAN_POINT ( 'NONE',  ( 1.668796997574232943, 6.204493660314854608, 4.599999999999999645 ) ) ;
#2805 = AXIS2_PLACEMENT_3D ( 'NONE', #2718, #417, #669 ) ;
#2806 = CARTESIAN_POINT ( 'NONE',  ( 0.6781733939056497906, 9.876744445807966954, 5.599999999999999645 ) ) ;
#2807 = CARTESIAN_POINT ( 'NONE',  ( -7.770595549723508633, 2.828265482620750504, 0.000000000000000000 ) ) ;
#2808 = EDGE_LOOP ( 'NONE', ( #374, #642, #54, #1282, #657, #391, #2597, #1395, #1508, #1582, #449, #2337, #1316, #2529, #80, #2811, #914, #1584, #1471, #1492, #1858, #2578, #1328, #2672, #2072, #1631, #1548, #1685, #195, #2016, #1085, #675, #445, #1751, #2748, #2054, #264, #350, #399, #1809, #2061, #1338, #1599, #307, #2900, #1073, #1507, #2907, #1390, #1567, #1457 ) ) ;
#2809 = VERTEX_POINT ( 'NONE', #2013 ) ;
#2810 = DIRECTION ( 'NONE',  ( 0.5114259531618438048, -0.8593273499851494801, 0.000000000000000000 ) ) ;
#2811 = ORIENTED_EDGE ( 'NONE', *, *, #161, .T. ) ;
#2812 = CYLINDRICAL_SURFACE ( 'NONE', #1529, 5.000000000000000888 ) ;
#2813 = CARTESIAN_POINT ( 'NONE',  ( 0.8697893978445845331, 6.365853548692206765, 0.000000000000000000 ) ) ;
#2814 = AXIS2_PLACEMENT_3D ( 'NONE', #2602, #527, #1435 ) ;
#2815 = CYLINDRICAL_SURFACE ( 'NONE', #330, 1.000000000000000444 ) ;
#2816 = DIRECTION ( 'NONE',  ( 0.2597349412566917204, 0.9656799471307163651, 0.000000000000000000 ) ) ;
#2817 = EDGE_CURVE ( 'NONE', #1830, #837, #1581, .T. ) ;
#2818 = FACE_OUTER_BOUND ( 'NONE', #2381, .T. ) ;
#2819 = EDGE_LOOP ( 'NONE', ( #46, #1967, #1896, #892 ) ) ;
#2820 = DIRECTION ( 'NONE',  ( -0.9656799471307166982, 0.2597349412566900551, -0.000000000000000000 ) ) ;
#2821 = EDGE_CURVE ( 'NONE', #1072, #509, #1531, .T. ) ;
#2822 = ORIENTED_EDGE ( 'NONE', *, *, #1298, .F. ) ;
#2823 = DIRECTION ( 'NONE',  ( 0.000000000000000000, 0.000000000000000000, 1.000000000000000000 ) ) ;
#2824 = CIRCLE ( 'NONE', #692, 3.009777261265891291 ) ;
#2825 = CARTESIAN_POINT ( 'NONE',  ( 40.10796630892206593, -10.78767380862165304, 2.000000000000000000 ) ) ;
#2826 = ORIENTED_EDGE ( 'NONE', *, *, #1429, .T. ) ;
#2827 = EDGE_CURVE ( 'NONE', #982, #1165, #1339, .T. ) ;
#2828 = CARTESIAN_POINT ( 'NONE',  ( 0.8752392796566006439, 9.861235024242461122, 0.000000000000000000 ) ) ;
#2829 = VERTEX_POINT ( 'NONE', #655 ) ;
#2830 = AXIS2_PLACEMENT_3D ( 'NONE', #1163, #895, #1811 ) ;
#2831 = DIRECTION ( 'NONE',  ( 0.000000000000000000, 0.000000000000000000, 1.000000000000000000 ) ) ;
#2832 = CARTESIAN_POINT ( 'NONE',  ( 1.668796997574233165, 6.204493660314854608, 1.000000000000000000 ) ) ;
#2833 = DIRECTION ( 'NONE',  ( -1.000000000000000000, 0.000000000000000000, 0.000000000000000000 ) ) ;
#2834 = DIRECTION ( 'NONE',  ( 1.000000000000000000, 0.000000000000000000, 0.000000000000000000 ) ) ;
#2835 = DIRECTION ( 'NONE',  ( -0.000000000000000000, -0.000000000000000000, -1.000000000000000000 ) ) ;
#2836 = EDGE_CURVE ( 'NONE', #266, #1045, #2609, .T. ) ;
#2837 = CIRCLE ( 'NONE', #1409, 3.009777261265889514 ) ;
#2838 = VECTOR ( 'NONE', #530, 1000.000000000000000 ) ;
#2839 = EDGE_CURVE ( 'NONE', #2096, #1072, #1131, .T. ) ;
#2840 = CARTESIAN_POINT ( 'NONE',  ( -7.494526508824496780, 3.494755105310485721, 5.599999999999999645 ) ) ;
#2841 = ORIENTED_EDGE ( 'NONE', *, *, #2079, .F. ) ;
#2842 = CARTESIAN_POINT ( 'NONE',  ( 32.94800296465625422, 1.242909091170448344, 1.000000000000000888 ) ) ;
#2843 = EDGE_LOOP ( 'NONE', ( #2499, #1987, #2855, #2090 ) ) ;
#2844 = CARTESIAN_POINT ( 'NONE',  ( -3.226273398300803841, 6.687434856461527133, 5.599999999999999645 ) ) ;
#2845 = EDGE_CURVE ( 'NONE', #2104, #2772, #2467, .T. ) ;
#2846 = CIRCLE ( 'NONE', #2793, 9.900000000000000355 ) ;
#2847 = CARTESIAN_POINT ( 'NONE',  ( -1.668796997574234275, -6.204493660314855497, 1.000000000000000000 ) ) ;
#2848 = DIRECTION ( 'NONE',  ( 1.000000000000000000, 0.000000000000000000, 0.000000000000000000 ) ) ;
#2849 = DIRECTION ( 'NONE',  ( -0.000000000000000000, -0.000000000000000000, -1.000000000000000000 ) ) ;
#2850 = CARTESIAN_POINT ( 'NONE',  ( -2.721183025485645501, 8.264257631792538916, 5.599999999999999645 ) ) ;
#2851 = EDGE_LOOP ( 'NONE', ( #1929, #498, #1950, #1257 ) ) ;
#2852 = CARTESIAN_POINT ( 'NONE',  ( -2.116392502990234181, -6.977570015945086190, 0.4831405355854535011 ) ) ;
#2853 = TOROIDAL_SURFACE ( 'NONE', #1622, 14.00000000000000533, 1.000000000000000000 ) ;
#2854 = VECTOR ( 'NONE', #2724, 1000.000000000000000 ) ;
#2855 = ORIENTED_EDGE ( 'NONE', *, *, #540, .F. ) ;
#2856 = VECTOR ( 'NONE', #2460, 1000.000000000000000 ) ;
#2857 = EDGE_LOOP ( 'NONE', ( #2782, #324, #1007, #1891, #1238 ) ) ;
#2858 = ORIENTED_EDGE ( 'NONE', *, *, #1040, .F. ) ;
#2859 = LINE ( 'NONE', #2691, #2241 ) ;
#2860 = DIRECTION ( 'NONE',  ( -0.000000000000000000, 0.000000000000000000, 1.000000000000000000 ) ) ;
#2861 = CARTESIAN_POINT ( 'NONE',  ( 30.49611760853984421, -8.202414618990754747, 2.000000000000000000 ) ) ;
#2862 = FACE_BOUND ( 'NONE', #82, .T. ) ;
#2863 = VECTOR ( 'NONE', #2820, 1000.000000000000114 ) ;
#2864 = CARTESIAN_POINT ( 'NONE',  ( 30.49611760853984421, -8.202414618990754747, 2.000000000000000000 ) ) ;
#2865 = CARTESIAN_POINT ( 'NONE',  ( 40.10796630892206593, -10.78767380862165304, 0.000000000000000000 ) ) ;
#2866 = ORIENTED_EDGE ( 'NONE', *, *, #1112, .T. ) ;
#2867 = ORIENTED_EDGE ( 'NONE', *, *, #329, .F. ) ;
#2868 = ORIENTED_EDGE ( 'NONE', *, *, #2554, .T. ) ;
#2869 = LINE ( 'NONE', #1229, #1658 ) ;
#2870 = CIRCLE ( 'NONE', #2575, 1.000000000000000000 ) ;
#2871 = EDGE_LOOP ( 'NONE', ( #1724, #2254, #1259, #774 ) ) ;
#2872 = FACE_OUTER_BOUND ( 'NONE', #794, .T. ) ;
#2873 = ADVANCED_FACE ( 'NONE', ( #1327 ), #430, .T. ) ;
#2874 = AXIS2_PLACEMENT_3D ( 'NONE', #2649, #614, #1530 ) ;
#2875 = CYLINDRICAL_SURFACE ( 'NONE', #2874, 7.425000000000000711 ) ;
#2876 = CIRCLE ( 'NONE', #1598, 7.425000000000000711 ) ;
#2877 = DIRECTION ( 'NONE',  ( -0.000000000000000000, -0.000000000000000000, -1.000000000000000000 ) ) ;
#2878 = FACE_OUTER_BOUND ( 'NONE', #2483, .T. ) ;
#2879 = CARTESIAN_POINT ( 'NONE',  ( -1.668796997574234053, -6.204493660314854608, 5.599999999999999645 ) ) ;
#2880 = CARTESIAN_POINT ( 'NONE',  ( 20.86790418964721994, -13.30163674519122630, 4.599999999999999645 ) ) ;
#2881 = EDGE_LOOP ( 'NONE', ( #247, #2197, #156, #2114 ) ) ;
#2882 = CIRCLE ( 'NONE', #1082, 9.900000000000000355 ) ;
#2883 = ORIENTED_EDGE ( 'NONE', *, *, #594, .T. ) ;
#2884 = ORIENTED_EDGE ( 'NONE', *, *, #2839, .T. ) ;
#2885 = TOROIDAL_SURFACE ( 'NONE', #2364, 6.425000000000000711, 1.000000000000000000 ) ;
#2886 = ORIENTED_EDGE ( 'NONE', *, *, #768, .F. ) ;
#2887 = DIRECTION ( 'NONE',  ( 1.000000000000000000, 0.000000000000000000, 0.000000000000000000 ) ) ;
#2888 = CARTESIAN_POINT ( 'NONE',  ( -1.928531938830924553, -7.170173607445571307, -39.59147899454167430 ) ) ;
#2889 = LINE ( 'NONE', #829, #1092 ) ;
#2890 = AXIS2_PLACEMENT_3D ( 'NONE', #2399, #2557, #780 ) ;
#2891 = CARTESIAN_POINT ( 'NONE',  ( 1.320665576569563848, 7.306604371037493273, 0.8641700164785571792 ) ) ;
#2892 = APPROVAL_ROLE ( '' ) ;
#2893 = AXIS2_PLACEMENT_3D ( 'NONE', #1559, #1350, #1079 ) ;
#2894 = CARTESIAN_POINT ( 'NONE',  ( 0.000000000000000000, 0.000000000000000000, 5.599999999999999645 ) ) ;
#2895 = ORIENTED_EDGE ( 'NONE', *, *, #2926, .F. ) ;
#2896 = FACE_OUTER_BOUND ( 'NONE', #1636, .T. ) ;
#2897 = AXIS2_PLACEMENT_3D ( 'NONE', #2384, #751, #1498 ) ;
#2898 = AXIS2_PLACEMENT_3D ( 'NONE', #2914, #172, #2438 ) ;
#2899 = AXIS2_PLACEMENT_3D ( 'NONE', #1314, #1211, #2336 ) ;
#2900 = ORIENTED_EDGE ( 'NONE', *, *, #494, .T. ) ;
#2901 = EDGE_LOOP ( 'NONE', ( #2390, #2928, #1916, #880 ) ) ;
#2902 = ORIENTED_EDGE ( 'NONE', *, *, #868, .F. ) ;
#2903 = DIRECTION ( 'NONE',  ( -0.8090169943749507819, 0.5877852522924685852, 0.000000000000000000 ) ) ;
#2904 = CARTESIAN_POINT ( 'NONE',  ( -6.354058526710081090, -7.591833786322177424, 0.000000000000000000 ) ) ;
#2905 = DIRECTION ( 'NONE',  ( -0.000000000000000000, -0.000000000000000000, -1.000000000000000000 ) ) ;
#2906 = CARTESIAN_POINT ( 'NONE',  ( -6.516293434324786915, 5.091086398338029007, 0.000000000000000000 ) ) ;
#2907 = ORIENTED_EDGE ( 'NONE', *, *, #1927, .T. ) ;
#2908 = ADVANCED_FACE ( 'NONE', ( #444 ), #890, .T. ) ;
#2909 = CIRCLE ( 'NONE', #826, 3.009777261265890402 ) ;
#2910 = DIRECTION ( 'NONE',  ( 1.000000000000000000, 0.000000000000000000, 0.000000000000000000 ) ) ;
#2911 = EDGE_CURVE ( 'NONE', #2205, #1427, #2028, .T. ) ;
#2912 = ORIENTED_EDGE ( 'NONE', *, *, #790, .F. ) ;
#2913 = ORIENTED_EDGE ( 'NONE', *, *, #154, .T. ) ;
#2914 = CARTESIAN_POINT ( 'NONE',  ( 31.59734611092362400, 6.757107291335708865, 0.000000000000000000 ) ) ;
#2915 = ADVANCED_FACE ( 'NONE', ( #473 ), #2041, .T. ) ;
#2916 = AXIS2_PLACEMENT_3D ( 'NONE', #497, #23, #960 ) ;
#2917 = DIRECTION ( 'NONE',  ( 0.000000000000000000, -1.000000000000000000, 0.000000000000000000 ) ) ;
#2918 = CIRCLE ( 'NONE', #1504, 2.000000000000000000 ) ;
#2919 = CARTESIAN_POINT ( 'NONE',  ( 32.43657701149441408, 2.102236441155596935, 4.599999999999999645 ) ) ;
#2920 = CIRCLE ( 'NONE', #2027, 0.9999999999999997780 ) ;
#2921 = DIRECTION ( 'NONE',  ( 0.9656799471307166982, -0.2597349412566900551, -0.000000000000000000 ) ) ;
#2922 = APPROVAL_DATE_TIME ( #1816, #257 ) ;
#2923 = VERTEX_POINT ( 'NONE', #25 ) ;
#2924 = EDGE_CURVE ( 'NONE', #756, #2359, #2066, .T. ) ;
#2925 = CARTESIAN_POINT ( 'NONE',  ( -5.639645671781591041, -6.047779554044771189, 5.599999999999999645 ) ) ;
#2926 = EDGE_CURVE ( 'NONE', #2488, #224, #2762, .T. ) ;
#2927 = AXIS2_PLACEMENT_3D ( 'NONE', #2700, #443, #2628 ) ;
#2928 = ORIENTED_EDGE ( 'NONE', *, *, #1042, .F. ) ;
#2929 = VECTOR ( 'NONE', #2401, 1000.000000000000000 ) ;
#2930 = DIRECTION ( 'NONE',  ( 0.5877852522924713607, 0.8090169943749485615, 0.000000000000000000 ) ) ;
#2931 = CARTESIAN_POINT ( 'NONE',  ( 25.49611760853984066, -8.202414618990754747, 2.000000000000000000 ) ) ;
#2932 = CIRCLE ( 'NONE', #1367, 9.900000000000002132 ) ;
#2933 = ORIENTED_EDGE ( 'NONE', *, *, #1456, .T. ) ;
#2934 = DIRECTION ( 'NONE',  ( 0.000000000000000000, 0.000000000000000000, -1.000000000000000000 ) ) ;
#2935 = DIRECTION ( 'NONE',  ( 0.000000000000000000, 0.000000000000000000, 1.000000000000000000 ) ) ;
#2936 = ORIENTED_EDGE ( 'NONE', *, *, #680, .F. ) ;
#2937 = CIRCLE ( 'NONE', #517, 3.009777261265889958 ) ;
#2938 = CARTESIAN_POINT ( 'NONE',  ( 1.928531938830923442, 7.170173607445572195, -39.59147899454167430 ) ) ;
#2939 = VECTOR ( 'NONE', #1936, 1000.000000000000000 ) ;
#2940 = CARTESIAN_POINT ( 'NONE',  ( 23.94444419393438395, -21.69595290471670168, 2.000000000000000000 ) ) ;
ENDSEC;
END-ISO-10303-21;
