ISO-10303-21;
HEADER;
FILE_DESCRIPTION (( 'STEP AP203' ),
    '1' );
FILE_NAME ('指环1.STEP',
    '2026-06-24T07:33:41',
    ( '' ),
    ( '' ),
    'SwSTEP 2.0',
    'SolidWorks 2021',
    '' );
FILE_SCHEMA (( 'CONFIG_CONTROL_DESIGN' ));
ENDSEC;

DATA;
#1 = VERTEX_POINT ( 'NONE', #3478 ) ;
#2 = CARTESIAN_POINT ( 'NONE',  ( 40.10796630892206593, -10.78767380862164238, 1.000000000000000888 ) ) ;
#3 = CARTESIAN_POINT ( 'NONE',  ( 6.304372540592347640, -2.677312923661003818, 5.200000000000000178 ) ) ;
#4 = DIRECTION ( 'NONE',  ( -3.458176453723080680E-15, 1.000000000000000000, 0.000000000000000000 ) ) ;
#5 = VERTEX_POINT ( 'NONE', #265 ) ;
#6 = EDGE_CURVE ( 'NONE', #1129, #2368, #1536, .T. ) ;
#7 = DIRECTION ( 'NONE',  ( 0.000000000000000000, 0.000000000000000000, 1.000000000000000000 ) ) ;
#8 = EDGE_CURVE ( 'NONE', #768, #3266, #1021, .T. ) ;
#9 = DIRECTION ( 'NONE',  ( -1.000000000000000000, 0.000000000000000000, 0.000000000000000000 ) ) ;
#10 = CARTESIAN_POINT ( 'NONE',  ( 1.668796997574233165, 6.204493660314855497, 7.219999999999999751 ) ) ;
#11 = ORIENTED_EDGE ( 'NONE', *, *, #1729, .F. ) ;
#12 = AXIS2_PLACEMENT_3D ( 'NONE', #1290, #2945, #1559 ) ;
#13 = DIRECTION ( 'NONE',  ( 0.5877852522924713607, 0.8090169943749485615, 0.000000000000000000 ) ) ;
#14 = ORIENTED_EDGE ( 'NONE', *, *, #3139, .T. ) ;
#15 = AXIS2_PLACEMENT_3D ( 'NONE', #2194, #1366, #2171 ) ;
#16 = AXIS2_PLACEMENT_3D ( 'NONE', #2851, #3409, #3163 ) ;
#17 = ORIENTED_EDGE ( 'NONE', *, *, #2682, .F. ) ;
#18 = CIRCLE ( 'NONE', #2113, 3.009777261265890402 ) ;
#19 = CARTESIAN_POINT ( 'NONE',  ( 3.304372540592346752, -2.677312923661003818, 5.200000000000000178 ) ) ;
#20 = VECTOR ( 'NONE', #2784, 1000.000000000000000 ) ;
#21 = FACE_OUTER_BOUND ( 'NONE', #3024, .T. ) ;
#22 = VERTEX_POINT ( 'NONE', #2146 ) ;
#23 = CIRCLE ( 'NONE', #125, 2.000000000000000000 ) ;
#24 = CARTESIAN_POINT ( 'NONE',  ( -1.007773559740942515, -8.207656991483858633, 7.219999999999999751 ) ) ;
#25 = ADVANCED_FACE ( 'NONE', ( #1555 ), #2942, .T. ) ;
#26 = FACE_OUTER_BOUND ( 'NONE', #1322, .T. ) ;
#27 = VECTOR ( 'NONE', #3118, 1000.000000000000000 ) ;
#28 = CARTESIAN_POINT ( 'NONE',  ( -5.639645671781591041, -6.047779554044771189, 7.219999999999999751 ) ) ;
#29 = CARTESIAN_POINT ( 'NONE',  ( -2.721183025485645501, 8.264257631792538916, 7.219999999999999751 ) ) ;
#30 = B_SPLINE_CURVE_WITH_KNOTS ( 'NONE', 3,
 ( #2781, #1117, #613, #1933 ),
 .UNSPECIFIED., .F., .F.,
 ( 4, 4 ),
 ( 0.000000000000000000, 0.0001570591954255346704 ),
 .UNSPECIFIED. ) ;
#31 = ORIENTED_EDGE ( 'NONE', *, *, #285, .F. ) ;
#32 = CIRCLE ( 'NONE', #3334, 3.009777261265890846 ) ;
#33 = AXIS2_PLACEMENT_3D ( 'NONE', #843, #2482, #1080 ) ;
#34 = ADVANCED_FACE ( 'NONE', ( #3228 ), #577, .T. ) ;
#35 = CYLINDRICAL_SURFACE ( 'NONE', #2342, 1.500000000000000222 ) ;
#36 = EDGE_CURVE ( 'NONE', #2719, #2614, #386, .T. ) ;
#37 = ORIENTED_EDGE ( 'NONE', *, *, #3299, .F. ) ;
#38 = ORIENTED_EDGE ( 'NONE', *, *, #2929, .T. ) ;
#39 = CARTESIAN_POINT ( 'NONE',  ( 0.000000000000000000, 0.000000000000000000, 7.219999999999999751 ) ) ;
#40 = DIRECTION ( 'NONE',  ( 1.000000000000000000, 0.000000000000000000, 0.000000000000000000 ) ) ;
#41 = ORIENTED_EDGE ( 'NONE', *, *, #2970, .F. ) ;
#42 = DIRECTION ( 'NONE',  ( -1.000000000000000000, 0.000000000000000000, 0.000000000000000000 ) ) ;
#43 = DIRECTION ( 'NONE',  ( 1.000000000000000000, 0.000000000000000000, 0.000000000000000000 ) ) ;
#44 = CARTESIAN_POINT ( 'NONE',  ( -2.677312923661003374, -4.804372540592348528, 5.200000000000000178 ) ) ;
#45 = CARTESIAN_POINT ( 'NONE',  ( 0.000000000000000000, 0.000000000000000000, 7.219999999999999751 ) ) ;
#46 = ORIENTED_EDGE ( 'NONE', *, *, #2509, .F. ) ;
#47 = DIRECTION ( 'NONE',  ( -0.000000000000000000, -0.000000000000000000, -1.000000000000000000 ) ) ;
#48 = DIRECTION ( 'NONE',  ( -0.000000000000000000, -0.000000000000000000, -1.000000000000000000 ) ) ;
#49 = EDGE_LOOP ( 'NONE', ( #733, #3296, #3009, #1296, #2750, #3349 ) ) ;
#50 = ADVANCED_FACE ( 'NONE', ( #2833 ), #2269, .T. ) ;
#51 = EDGE_CURVE ( 'NONE', #981, #1925, #675, .T. ) ;
#52 = ORIENTED_EDGE ( 'NONE', *, *, #567, .T. ) ;
#53 = CARTESIAN_POINT ( 'NONE',  ( -4.493850614800948051, 5.910662539162014895, 7.219999999999999751 ) ) ;
#54 = ORIENTED_EDGE ( 'NONE', *, *, #2112, .F. ) ;
#55 = DIRECTION ( 'NONE',  ( -1.000000000000000000, 0.000000000000000000, 0.000000000000000000 ) ) ;
#56 = CARTESIAN_POINT ( 'NONE',  ( 0.000000000000000000, 0.000000000000000000, 0.000000000000000000 ) ) ;
#57 = DIRECTION ( 'NONE',  ( 0.000000000000000000, 0.000000000000000000, 1.000000000000000000 ) ) ;
#58 = ORIENTED_EDGE ( 'NONE', *, *, #1684, .F. ) ;
#59 = CARTESIAN_POINT ( 'NONE',  ( 1.928531938830923442, 7.170173607445572195, 6.219999999999996199 ) ) ;
#60 = ORIENTED_EDGE ( 'NONE', *, *, #2615, .T. ) ;
#61 = EDGE_CURVE ( 'NONE', #1012, #720, #1219, .T. ) ;
#62 = EDGE_LOOP ( 'NONE', ( #2128, #647, #1920, #60 ) ) ;
#63 = EDGE_CURVE ( 'NONE', #1360, #1108, #2979, .T. ) ;
#64 = CIRCLE ( 'NONE', #1530, 9.900000000000000355 ) ;
#65 = CIRCLE ( 'NONE', #16, 3.009777261265889958 ) ;
#66 = CIRCLE ( 'NONE', #525, 10.99999999999999645 ) ;
#67 = AXIS2_PLACEMENT_3D ( 'NONE', #2869, #1483, #2583 ) ;
#68 = EDGE_CURVE ( 'NONE', #726, #2314, #1140, .T. ) ;
#69 = DIRECTION ( 'NONE',  ( -0.000000000000000000, -0.000000000000000000, -1.000000000000000000 ) ) ;
#70 = EDGE_CURVE ( 'NONE', #2957, #1252, #664, .T. ) ;
#71 = DIRECTION ( 'NONE',  ( -0.000000000000000000, -0.000000000000000000, -1.000000000000000000 ) ) ;
#72 = TOROIDAL_SURFACE ( 'NONE', #2754, 8.000000000000000000, 2.000000000000000000 ) ;
#73 = CARTESIAN_POINT ( 'NONE',  ( 0.000000000000000000, 0.000000000000000000, 0.000000000000000000 ) ) ;
#74 = AXIS2_PLACEMENT_3D ( 'NONE', #3143, #3394, #2608 ) ;
#75 = DIRECTION ( 'NONE',  ( -1.000000000000000000, 0.000000000000000000, 0.000000000000000000 ) ) ;
#76 = ORIENTED_EDGE ( 'NONE', *, *, #1699, .T. ) ;
#77 = DIRECTION ( 'NONE',  ( 1.000000000000000000, 0.000000000000000000, 0.000000000000000000 ) ) ;
#78 = AXIS2_PLACEMENT_3D ( 'NONE', #3071, #617, #1705 ) ;
#79 = CARTESIAN_POINT ( 'NONE',  ( 2.828265482620778037, 7.770595549723498863, 0.000000000000000000 ) ) ;
#80 = VERTEX_POINT ( 'NONE', #1796 ) ;
#81 = AXIS2_PLACEMENT_3D ( 'NONE', #681, #2560, #2018 ) ;
#82 = AXIS2_PLACEMENT_3D ( 'NONE', #1558, #439, #2148 ) ;
#83 = ORIENTED_EDGE ( 'NONE', *, *, #291, .F. ) ;
#84 = APPROVAL_PERSON_ORGANIZATION ( #1262, #1564, #129 ) ;
#85 = DIRECTION ( 'NONE',  ( 0.000000000000000000, 0.000000000000000000, 1.000000000000000000 ) ) ;
#86 = CYLINDRICAL_SURFACE ( 'NONE', #3197, 1.600000000000000089 ) ;
#87 = ADVANCED_FACE ( 'NONE', ( #181 ), #126, .T. ) ;
#88 = APPLICATION_CONTEXT ( 'configuration controlled 3d designs of mechanical parts and assemblies' ) ;
#89 = EDGE_CURVE ( 'NONE', #3464, #1609, #1472, .T. ) ;
#90 = DIRECTION ( 'NONE',  ( 0.9510565162951531981, 0.3090169943749482839, 0.000000000000000000 ) ) ;
#91 = CARTESIAN_POINT ( 'NONE',  ( -3.697063108304941892, -9.183775061117875893, 7.219999999999999751 ) ) ;
#92 = ORIENTED_EDGE ( 'NONE', *, *, #285, .T. ) ;
#93 = DIRECTION ( 'NONE',  ( 0.000000000000000000, 0.000000000000000000, 1.000000000000000000 ) ) ;
#94 = DIRECTION ( 'NONE',  ( 0.9510565162951533091, 0.3090169943749481729, 0.000000000000000000 ) ) ;
#95 = ORIENTED_EDGE ( 'NONE', *, *, #3384, .T. ) ;
#96 = LINE ( 'NONE', #302, #3224 ) ;
#97 = ORIENTED_EDGE ( 'NONE', *, *, #2200, .F. ) ;
#98 = VERTEX_POINT ( 'NONE', #948 ) ;
#99 = DIRECTION ( 'NONE',  ( -0.000000000000000000, -0.000000000000000000, 1.000000000000000000 ) ) ;
#100 = CARTESIAN_POINT ( 'NONE',  ( 51.60796630892206593, -10.78767380862164238, 0.000000000000000000 ) ) ;
#101 = EDGE_CURVE ( 'NONE', #981, #1864, #801, .T. ) ;
#102 = CARTESIAN_POINT ( 'NONE',  ( 0.000000000000000000, 0.000000000000000000, 7.219999999999999751 ) ) ;
#103 = ORIENTED_EDGE ( 'NONE', *, *, #1433, .F. ) ;
#104 = EDGE_CURVE ( 'NONE', #2632, #1843, #3491, .T. ) ;
#105 = CARTESIAN_POINT ( 'NONE',  ( -4.017550821006834028, -8.207656991483858633, 7.219999999999999751 ) ) ;
#106 = ORIENTED_EDGE ( 'NONE', *, *, #2214, .F. ) ;
#107 = CARTESIAN_POINT ( 'NONE',  ( 30.49611760853984777, -8.202414618990752970, 2.000000000000000000 ) ) ;
#108 = EDGE_CURVE ( 'NONE', #1811, #1818, #65, .T. ) ;
#109 = ORIENTED_EDGE ( 'NONE', *, *, #1972, .F. ) ;
#110 = ORIENTED_EDGE ( 'NONE', *, *, #1828, .F. ) ;
#111 = ORIENTED_EDGE ( 'NONE', *, *, #385, .T. ) ;
#112 = TOROIDAL_SURFACE ( 'NONE', #957, 11.00000000000000000, 1.000000000000000000 ) ;
#113 = CARTESIAN_POINT ( 'NONE',  ( 0.000000000000000000, 0.000000000000000000, 0.000000000000000000 ) ) ;
#114 = AXIS2_PLACEMENT_3D ( 'NONE', #1085, #1295, #1070 ) ;
#115 = CARTESIAN_POINT ( 'NONE',  ( -6.687434856461516475, -3.226273398300826933, 0.000000000000000000 ) ) ;
#116 = AXIS2_PLACEMENT_3D ( 'NONE', #3281, #1376, #2996 ) ;
#117 = AXIS2_PLACEMENT_3D ( 'NONE', #2321, #2816, #3101 ) ;
#118 = DIRECTION ( 'NONE',  ( 1.000000000000000000, 0.000000000000000000, 0.000000000000000000 ) ) ;
#119 = DIRECTION ( 'NONE',  ( 1.000000000000000000, 0.000000000000000000, 0.000000000000000000 ) ) ;
#120 = VERTEX_POINT ( 'NONE', #1490 ) ;
#121 = DIRECTION ( 'NONE',  ( -0.5877852522924770229, 0.8090169943749444537, 0.000000000000000000 ) ) ;
#122 = AXIS2_PLACEMENT_3D ( 'NONE', #663, #1257, #2352 ) ;
#123 = AXIS2_PLACEMENT_3D ( 'NONE', #721, #1812, #1545 ) ;
#124 = EDGE_CURVE ( 'NONE', #2637, #618, #1816, .T. ) ;
#125 = AXIS2_PLACEMENT_3D ( 'NONE', #2420, #1299, #1094 ) ;
#126 = CYLINDRICAL_SURFACE ( 'NONE', #1375, 7.425000000000000711 ) ;
#127 = CYLINDRICAL_SURFACE ( 'NONE', #1381, 15.00000000000000355 ) ;
#128 = ORIENTED_EDGE ( 'NONE', *, *, #1511, .F. ) ;
#129 = APPROVAL_ROLE ( '' ) ;
#130 = TOROIDAL_SURFACE ( 'NONE', #1993, 6.425000000000000711, 1.000000000000000000 ) ;
#131 = CIRCLE ( 'NONE', #2704, 1.000000000000000222 ) ;
#132 = FACE_OUTER_BOUND ( 'NONE', #929, .T. ) ;
#133 = ORIENTED_EDGE ( 'NONE', *, *, #124, .T. ) ;
#134 = ORIENTED_EDGE ( 'NONE', *, *, #3524, .F. ) ;
#135 = AXIS2_PLACEMENT_3D ( 'NONE', #637, #1900, #1671 ) ;
#136 = EDGE_LOOP ( 'NONE', ( #3175, #2056, #641, #1443, #2247, #2080, #953, #1650, #1124, #14, #2463, #1203, #2656, #771, #2839, #1645, #2325, #2179, #1520, #1533, #1970, #2070, #377, #1451, #1403, #2860, #1701, #1953, #920, #2248, #83, #1467, #1442, #738, #1095, #1940, #2906, #1454, #2026, #1629, #2774, #3147, #2446, #699, #103, #371, #3300, #2570, #1474, #41, #954, #1879, #2361, #52, #1571, #1016, #1346, #696 ) ) ;
#137 = DIRECTION ( 'NONE',  ( -1.000000000000000000, 0.000000000000000000, 0.000000000000000000 ) ) ;
#138 = DIRECTION ( 'NONE',  ( 0.9656799471307166982, -0.2597349412566898885, 0.000000000000000000 ) ) ;
#139 = CARTESIAN_POINT ( 'NONE',  ( 0.2885942357802444014, 8.264257631792538916, 0.000000000000000000 ) ) ;
#140 = DIRECTION ( 'NONE',  ( 1.000000000000000000, 1.734723475976806700E-15, 0.000000000000000000 ) ) ;
#141 = ORIENTED_EDGE ( 'NONE', *, *, #437, .T. ) ;
#142 = DIRECTION ( 'NONE',  ( 1.000000000000000000, 0.000000000000000000, 0.000000000000000000 ) ) ;
#143 = DIRECTION ( 'NONE',  ( 0.5593989280048743407, -0.8288985699993681733, 0.000000000000000000 ) ) ;
#144 = FACE_OUTER_BOUND ( 'NONE', #244, .T. ) ;
#145 = ORIENTED_EDGE ( 'NONE', *, *, #883, .F. ) ;
#146 = CARTESIAN_POINT ( 'NONE',  ( -3.804372540592347196, 2.677312923661004262, 5.200000000000001066 ) ) ;
#147 = PLANE ( 'NONE',  #2176 ) ;
#148 = EDGE_CURVE ( 'NONE', #1515, #772, #2020, .T. ) ;
#149 = ORIENTED_EDGE ( 'NONE', *, *, #1542, .T. ) ;
#150 = ORIENTED_EDGE ( 'NONE', *, *, #2153, .T. ) ;
#151 = EDGE_CURVE ( 'NONE', #1724, #1383, #240, .T. ) ;
#152 = ORIENTED_EDGE ( 'NONE', *, *, #1714, .T. ) ;
#153 = LINE ( 'NONE', #2319, #2288 ) ;
#154 = CARTESIAN_POINT ( 'NONE',  ( 4.804372540592347640, -2.677312923661003818, 5.200000000000000178 ) ) ;
#155 = CARTESIAN_POINT ( 'NONE',  ( 23.94444419393438750, -21.69595290471670523, 5.219999999999999751 ) ) ;
#156 = DIRECTION ( 'NONE',  ( 0.8090169943749466741, 0.5877852522924741363, 0.000000000000000000 ) ) ;
#157 = VERTEX_POINT ( 'NONE', #3393 ) ;
#158 = CARTESIAN_POINT ( 'NONE',  ( -0.1815117786451120041, 7.770595549723498863, 0.000000000000000000 ) ) ;
#159 = CARTESIAN_POINT ( 'NONE',  ( -5.088205065253063708, 8.492359460946831362, 7.219999999999999751 ) ) ;
#160 = DIRECTION ( 'NONE',  ( 0.000000000000000000, 0.000000000000000000, 1.000000000000000000 ) ) ;
#161 = CARTESIAN_POINT ( 'NONE',  ( -2.108545577290995787, -6.929087338581551236, 0.4115364931494203127 ) ) ;
#162 = ORIENTED_EDGE ( 'NONE', *, *, #2828, .F. ) ;
#163 = DIRECTION ( 'NONE',  ( -1.000000000000000000, 0.000000000000000000, 0.000000000000000000 ) ) ;
#164 = VERTEX_POINT ( 'NONE', #1236 ) ;
#165 = EDGE_LOOP ( 'NONE', ( #425, #58, #2355, #76 ) ) ;
#166 = EDGE_CURVE ( 'NONE', #600, #709, #853, .T. ) ;
#167 = EDGE_CURVE ( 'NONE', #3125, #2807, #3366, .T. ) ;
#168 = ORIENTED_EDGE ( 'NONE', *, *, #732, .F. ) ;
#169 = DIRECTION ( 'NONE',  ( 0.000000000000000000, 0.000000000000000000, -1.000000000000000000 ) ) ;
#170 = DIRECTION ( 'NONE',  ( 0.000000000000000000, 0.000000000000000000, 1.000000000000000000 ) ) ;
#171 = CIRCLE ( 'NONE', #296, 8.000000000000000000 ) ;
#172 = DIRECTION ( 'NONE',  ( 0.000000000000000000, 0.000000000000000000, 1.000000000000000000 ) ) ;
#173 = ADVANCED_FACE ( 'NONE', ( #2078 ), #1279, .T. ) ;
#174 = EDGE_CURVE ( 'NONE', #222, #2086, #236, .T. ) ;
#175 = DIRECTION ( 'NONE',  ( 1.000000000000000000, 0.000000000000000000, -0.000000000000000000 ) ) ;
#176 = VERTEX_POINT ( 'NONE', #821 ) ;
#177 = CARTESIAN_POINT ( 'NONE',  ( -7.463453979328375176, 6.504371968026388728, 0.000000000000000000 ) ) ;
#178 = CARTESIAN_POINT ( 'NONE',  ( -3.226273398300803397, 6.687434856461526245, 0.000000000000000000 ) ) ;
#179 = AXIS2_PLACEMENT_3D ( 'NONE', #229, #1001, #552 ) ;
#180 = AXIS2_PLACEMENT_3D ( 'NONE', #2413, #3278, #3198 ) ;
#181 = FACE_OUTER_BOUND ( 'NONE', #2854, .T. ) ;
#182 = AXIS2_PLACEMENT_3D ( 'NONE', #2143, #783, #2002 ) ;
#183 = AXIS2_PLACEMENT_3D ( 'NONE', #2927, #513, #2366 ) ;
#184 = DIRECTION ( 'NONE',  ( -0.000000000000000000, -0.000000000000000000, -1.000000000000000000 ) ) ;
#185 = ORIENTED_EDGE ( 'NONE', *, *, #1633, .T. ) ;
#186 = APPLICATION_PROTOCOL_DEFINITION ( 'international standard', 'config_control_design', 1994, #815 ) ;
#187 = CIRCLE ( 'NONE', #3499, 7.425000000000000711 ) ;
#188 = FACE_BOUND ( 'NONE', #1965, .T. ) ;
#189 = ORIENTED_EDGE ( 'NONE', *, *, #1531, .F. ) ;
#190 = ORIENTED_EDGE ( 'NONE', *, *, #642, .T. ) ;
#191 = CIRCLE ( 'NONE', #1552, 3.009777261265889958 ) ;
#192 = ORIENTED_EDGE ( 'NONE', *, *, #2751, .T. ) ;
#193 = CARTESIAN_POINT ( 'NONE',  ( -3.677312923660986943, -4.804372540592348528, 5.200000000000001066 ) ) ;
#194 = DIRECTION ( 'NONE',  ( 0.000000000000000000, 0.000000000000000000, 1.000000000000000000 ) ) ;
#195 = AXIS2_PLACEMENT_3D ( 'NONE', #568, #2794, #40 ) ;
#196 = DIRECTION ( 'NONE',  ( -0.000000000000000000, -0.000000000000000000, -1.000000000000000000 ) ) ;
#197 = DIRECTION ( 'NONE',  ( -1.000000000000000000, 0.000000000000000000, 0.000000000000000000 ) ) ;
#198 = VERTEX_POINT ( 'NONE', #2372 ) ;
#199 = EDGE_CURVE ( 'NONE', #2363, #2137, #2746, .T. ) ;
#200 = CARTESIAN_POINT ( 'NONE',  ( 28.31222647033802886, -12.70026071423273883, 10.00000000000000000 ) ) ;
#201 = DIRECTION ( 'NONE',  ( 1.000000000000000000, 1.734723475976807094E-15, 0.000000000000000000 ) ) ;
#202 = AXIS2_PLACEMENT_3D ( 'NONE', #1455, #1646, #1347 ) ;
#203 = EDGE_CURVE ( 'NONE', #1171, #1833, #2850, .T. ) ;
#204 = DIRECTION ( 'NONE',  ( 0.000000000000000000, 0.000000000000000000, 1.000000000000000000 ) ) ;
#205 = DIRECTION ( 'NONE',  ( -0.000000000000000000, -0.000000000000000000, -1.000000000000000000 ) ) ;
#206 = DIRECTION ( 'NONE',  ( 1.000000000000000000, 0.000000000000000000, 0.000000000000000000 ) ) ;
#207 = EDGE_LOOP ( 'NONE', ( #97, #430, #2346, #2301 ) ) ;
#208 = DIRECTION ( 'NONE',  ( 0.000000000000000000, 0.000000000000000000, 1.000000000000000000 ) ) ;
#209 = EDGE_LOOP ( 'NONE', ( #3316, #2430, #2318, #3381 ) ) ;
#210 = VERTEX_POINT ( 'NONE', #1052 ) ;
#211 = EDGE_LOOP ( 'NONE', ( #227, #1359, #3000, #3391, #936, #3096, #3127 ) ) ;
#212 = DIRECTION ( 'NONE',  ( 1.000000000000000000, 0.000000000000000000, 0.000000000000000000 ) ) ;
#213 = LINE ( 'NONE', #535, #3201 ) ;
#214 = DIRECTION ( 'NONE',  ( -1.000000000000000000, 0.000000000000000000, 0.000000000000000000 ) ) ;
#215 = LINE ( 'NONE', #1595, #694 ) ;
#216 = ORIENTED_EDGE ( 'NONE', *, *, #437, .F. ) ;
#217 = CARTESIAN_POINT ( 'NONE',  ( -0.1614012457592478578, 7.423245559582907660, 0.000000000000000000 ) ) ;
#218 = EDGE_CURVE ( 'NONE', #1822, #2265, #1709, .T. ) ;
#219 = CARTESIAN_POINT ( 'NONE',  ( 30.57563275392932667, -17.22076148067770873, 5.219999999999999751 ) ) ;
#220 = DIRECTION ( 'NONE',  ( -0.4367782276403633923, -0.8995692190483971507, 0.000000000000000000 ) ) ;
#221 = EDGE_CURVE ( 'NONE', #2137, #726, #2935, .T. ) ;
#222 = VERTEX_POINT ( 'NONE', #2096 ) ;
#223 = CARTESIAN_POINT ( 'NONE',  ( -5.134899358225691657, 5.363155188962313247, 7.219999999999999751 ) ) ;
#224 = EDGE_CURVE ( 'NONE', #198, #2597, #1760, .T. ) ;
#225 = ORIENTED_EDGE ( 'NONE', *, *, #642, .F. ) ;
#226 = ORIENTED_EDGE ( 'NONE', *, *, #3064, .F. ) ;
#227 = ORIENTED_EDGE ( 'NONE', *, *, #487, .T. ) ;
#228 = DIRECTION ( 'NONE',  ( 0.9510565162951531981, 0.3090169943749482839, 0.000000000000000000 ) ) ;
#229 = CARTESIAN_POINT ( 'NONE',  ( -2.677312923661003374, -4.804372540592348528, 5.200000000000000178 ) ) ;
#230 = DIRECTION ( 'NONE',  ( -0.000000000000000000, -0.000000000000000000, -1.000000000000000000 ) ) ;
#231 = CARTESIAN_POINT ( 'NONE',  ( 30.49611760853984777, -8.202414618990752970, 7.219999999999999751 ) ) ;
#232 = ORIENTED_EDGE ( 'NONE', *, *, #2970, .T. ) ;
#233 = CARTESIAN_POINT ( 'NONE',  ( -6.354058526710081090, -7.591833786322177424, 0.000000000000000000 ) ) ;
#234 = CARTESIAN_POINT ( 'NONE',  ( 6.304372540592347640, -2.677312923661003818, 5.200000000000000178 ) ) ;
#235 = AXIS2_PLACEMENT_3D ( 'NONE', #2946, #498, #2674 ) ;
#236 = LINE ( 'NONE', #1314, #1827 ) ;
#237 = LINE ( 'NONE', #10, #251 ) ;
#238 = ORIENTED_EDGE ( 'NONE', *, *, #269, .T. ) ;
#239 = VECTOR ( 'NONE', #2164, 1000.000000000000000 ) ;
#240 = CIRCLE ( 'NONE', #1983, 3.009777261265889514 ) ;
#241 = AXIS2_PLACEMENT_3D ( 'NONE', #2559, #3132, #3389 ) ;
#242 = CARTESIAN_POINT ( 'NONE',  ( -7.591833786322155220, 6.354058526710107735, 7.219999999999999751 ) ) ;
#243 = ORIENTED_EDGE ( 'NONE', *, *, #2899, .T. ) ;
#244 = EDGE_LOOP ( 'NONE', ( #1399, #1529, #2147, #2520 ) ) ;
#245 = AXIS2_PLACEMENT_3D ( 'NONE', #977, #652, #2573 ) ;
#246 = AXIS2_PLACEMENT_3D ( 'NONE', #2694, #1273, #1002 ) ;
#247 = AXIS2_PLACEMENT_3D ( 'NONE', #359, #1441, #94 ) ;
#248 = VERTEX_POINT ( 'NONE', #2992 ) ;
#249 = FACE_OUTER_BOUND ( 'NONE', #1980, .T. ) ;
#250 = DIRECTION ( 'NONE',  ( 0.000000000000000000, 0.000000000000000000, 1.000000000000000000 ) ) ;
#251 = VECTOR ( 'NONE', #2435, 1000.000000000000114 ) ;
#252 = CARTESIAN_POINT ( 'NONE',  ( -3.494755105310459520, -7.494526508824509214, 7.219999999999999751 ) ) ;
#253 = AXIS2_PLACEMENT_3D ( 'NONE', #1336, #1275, #1832 ) ;
#254 = CARTESIAN_POINT ( 'NONE',  ( 0.000000000000000000, 0.000000000000000000, 7.219999999999999751 ) ) ;
#255 = ORIENTED_EDGE ( 'NONE', *, *, #1541, .T. ) ;
#256 = CARTESIAN_POINT ( 'NONE',  ( -1.001837319381684521, 7.357101806111842279, 0.000000000000000000 ) ) ;
#257 = AXIS2_PLACEMENT_3D ( 'NONE', #1516, #2088, #1059 ) ;
#258 = DIRECTION ( 'NONE',  ( 1.000000000000000000, 0.000000000000000000, 0.000000000000000000 ) ) ;
#259 = DIRECTION ( 'NONE',  ( -0.9510565162951556406, 0.3090169943749411785, 0.000000000000000000 ) ) ;
#260 = CARTESIAN_POINT ( 'NONE',  ( 24.46523312605237876, 0.07303052256921041541, 1.000000000000000888 ) ) ;
#261 = ORIENTED_EDGE ( 'NONE', *, *, #104, .T. ) ;
#262 = AXIS2_PLACEMENT_3D ( 'NONE', #2163, #3268, #3433 ) ;
#263 = CARTESIAN_POINT ( 'NONE',  ( 1.677312923661003596, 4.804372540592348528, -2.780000000000000249 ) ) ;
#264 = EDGE_LOOP ( 'NONE', ( #3532, #2712 ) ) ;
#265 = CARTESIAN_POINT ( 'NONE',  ( -5.804372540592347640, 2.677312923661004262, 7.219999999999999751 ) ) ;
#266 = EDGE_CURVE ( 'NONE', #2457, #1745, #2688, .T. ) ;
#267 = ORIENTED_EDGE ( 'NONE', *, *, #3260, .F. ) ;
#268 = CARTESIAN_POINT ( 'NONE',  ( 0.000000000000000000, 0.000000000000000000, 7.219999999999999751 ) ) ;
#269 = EDGE_CURVE ( 'NONE', #2597, #3410, #1421, .T. ) ;
#270 = DIRECTION ( 'NONE',  ( 0.000000000000000000, 0.000000000000000000, 1.000000000000000000 ) ) ;
#271 = DIRECTION ( 'NONE',  ( 1.000000000000000000, 1.810146235801884926E-15, 0.000000000000000000 ) ) ;
#272 = DIRECTION ( 'NONE',  ( -0.000000000000000000, -0.000000000000000000, -1.000000000000000000 ) ) ;
#273 = EDGE_LOOP ( 'NONE', ( #1212, #2876, #3206, #3413 ) ) ;
#274 = CARTESIAN_POINT ( 'NONE',  ( 0.000000000000000000, 0.000000000000000000, 7.219999999999999751 ) ) ;
#275 = DIRECTION ( 'NONE',  ( 0.000000000000000000, 0.000000000000000000, 1.000000000000000000 ) ) ;
#276 = DIRECTION ( 'NONE',  ( -1.000000000000000000, 0.000000000000000000, -0.000000000000000000 ) ) ;
#277 = DIRECTION ( 'NONE',  ( 0.2597349412566902771, 0.9656799471307166982, 0.000000000000000000 ) ) ;
#278 = ORIENTED_EDGE ( 'NONE', *, *, #1610, .F. ) ;
#279 = PERSON_AND_ORGANIZATION ( #2538, #700 ) ;
#280 = CARTESIAN_POINT ( 'NONE',  ( 2.677312923661003818, 4.804372540592348528, -2.780000000000000249 ) ) ;
#281 = ORIENTED_EDGE ( 'NONE', *, *, #1426, .T. ) ;
#282 = ORIENTED_EDGE ( 'NONE', *, *, #879, .T. ) ;
#283 = DIRECTION ( 'NONE',  ( 1.000000000000000000, 0.000000000000000000, 0.000000000000000000 ) ) ;
#284 = CARTESIAN_POINT ( 'NONE',  ( -6.304372540592346752, 2.677312923661004262, 5.200000000000000178 ) ) ;
#285 = EDGE_CURVE ( 'NONE', #2011, #2669, #959, .T. ) ;
#286 = ADVANCED_FACE ( 'NONE', ( #1027, #1907 ), #1872, .T. ) ;
#287 = DIRECTION ( 'NONE',  ( -0.000000000000000000, -0.000000000000000000, -1.000000000000000000 ) ) ;
#288 = EDGE_LOOP ( 'NONE', ( #2043, #1596, #2506, #1463, #672, #823 ) ) ;
#289 = DIRECTION ( 'NONE',  ( -0.5877852522924770229, 0.8090169943749446757, 0.000000000000000000 ) ) ;
#290 = EDGE_CURVE ( 'NONE', #3468, #164, #1581, .T. ) ;
#291 = EDGE_CURVE ( 'NONE', #2494, #80, #1655, .T. ) ;
#292 = DIRECTION ( 'NONE',  ( 1.000000000000000000, 0.000000000000000000, 0.000000000000000000 ) ) ;
#293 = CARTESIAN_POINT ( 'NONE',  ( -5.256750925104925365, 8.389074425191886064, 7.219999999999999751 ) ) ;
#294 = ORIENTED_EDGE ( 'NONE', *, *, #1800, .F. ) ;
#295 = DIRECTION ( 'NONE',  ( 0.9656799471307166982, -0.2597349412566901106, 0.000000000000000000 ) ) ;
#296 = AXIS2_PLACEMENT_3D ( 'NONE', #1459, #170, #676 ) ;
#297 = LINE ( 'NONE', #1379, #1097 ) ;
#298 = ORIENTED_EDGE ( 'NONE', *, *, #2426, .F. ) ;
#299 = AXIS2_PLACEMENT_3D ( 'NONE', #3492, #491, #1033 ) ;
#300 = AXIS2_PLACEMENT_3D ( 'NONE', #3487, #3512, #9 ) ;
#301 = ORIENTED_EDGE ( 'NONE', *, *, #312, .F. ) ;
#302 = CARTESIAN_POINT ( 'NONE',  ( -7.306604371037495937, 1.320665576569538091, 7.219999999999999751 ) ) ;
#303 = AXIS2_PLACEMENT_3D ( 'NONE', #73, #2468, #354 ) ;
#304 = AXIS2_PLACEMENT_3D ( 'NONE', #665, #1220, #1524 ) ;
#305 = CYLINDRICAL_SURFACE ( 'NONE', #310, 5.000000000000000888 ) ;
#306 = EDGE_LOOP ( 'NONE', ( #1065, #1159 ) ) ;
#307 = DIRECTION ( 'NONE',  ( 0.000000000000000000, 0.000000000000000000, -1.000000000000000000 ) ) ;
#308 = VECTOR ( 'NONE', #2272, 1000.000000000000000 ) ;
#309 = CARTESIAN_POINT ( 'NONE',  ( 1.965461399472706594, 6.124701063161938741, 0.000000000000000000 ) ) ;
#310 = AXIS2_PLACEMENT_3D ( 'NONE', #2218, #1386, #1702 ) ;
#311 = CARTESIAN_POINT ( 'NONE',  ( 0.000000000000000000, 0.000000000000000000, 7.219999999999999751 ) ) ;
#312 = EDGE_CURVE ( 'NONE', #3314, #2576, #348, .T. ) ;
#313 = LINE ( 'NONE', #3012, #1773 ) ;
#314 = ORIENTED_EDGE ( 'NONE', *, *, #331, .T. ) ;
#315 = ADVANCED_FACE ( 'NONE', ( #1601 ), #502, .T. ) ;
#316 = EDGE_CURVE ( 'NONE', #3519, #2723, #526, .T. ) ;
#317 = DIRECTION ( 'NONE',  ( 0.2597349412566904436, 0.9656799471307165872, 0.000000000000000000 ) ) ;
#318 = CIRCLE ( 'NONE', #2003, 3.009777261265889958 ) ;
#319 = APPROVAL_PERSON_ORGANIZATION ( #2912, #608, #3225 ) ;
#320 = DIRECTION ( 'NONE',  ( -1.000000000000000000, 0.000000000000000000, 0.000000000000000000 ) ) ;
#321 = ORIENTED_EDGE ( 'NONE', *, *, #828, .F. ) ;
#322 = VERTEX_POINT ( 'NONE', #2700 ) ;
#323 = CARTESIAN_POINT ( 'NONE',  ( 4.804372540592347640, -2.677312923661003818, -2.780000000000000249 ) ) ;
#324 = CARTESIAN_POINT ( 'NONE',  ( 0.2885942357802444014, 8.264257631792538916, 7.219999999999999751 ) ) ;
#325 = ORIENTED_EDGE ( 'NONE', *, *, #266, .F. ) ;
#326 = DIRECTION ( 'NONE',  ( -0.000000000000000000, -0.000000000000000000, -1.000000000000000000 ) ) ;
#327 = DIRECTION ( 'NONE',  ( -0.9656799471307166982, 0.2597349412566898885, 0.000000000000000000 ) ) ;
#328 = EDGE_LOOP ( 'NONE', ( #2001, #2455, #1266, #1357 ) ) ;
#329 = LINE ( 'NONE', #3049, #3362 ) ;
#330 = EDGE_CURVE ( 'NONE', #2948, #2632, #1190, .T. ) ;
#331 = EDGE_CURVE ( 'NONE', #2038, #3266, #2450, .T. ) ;
#332 = DIRECTION ( 'NONE',  ( 0.000000000000000000, 0.000000000000000000, -1.000000000000000000 ) ) ;
#333 = ORIENTED_EDGE ( 'NONE', *, *, #1647, .T. ) ;
#334 = EDGE_CURVE ( 'NONE', #2409, #3410, #340, .T. ) ;
#335 = ORIENTED_EDGE ( 'NONE', *, *, #1350, .T. ) ;
#336 = LINE ( 'NONE', #1414, #1389 ) ;
#337 = VERTEX_POINT ( 'NONE', #2757 ) ;
#338 = DIRECTION ( 'NONE',  ( 1.000000000000000000, 0.000000000000000000, 0.000000000000000000 ) ) ;
#339 = CARTESIAN_POINT ( 'NONE',  ( 1.320665576569563848, 7.306604371037491497, 6.219999999999999751 ) ) ;
#340 = LINE ( 'NONE', #2242, #1378 ) ;
#341 = CARTESIAN_POINT ( 'NONE',  ( 30.86319377600110414, -3.215907315548596213, 10.00000000000000000 ) ) ;
#342 = VERTEX_POINT ( 'NONE', #1679 ) ;
#343 = FACE_OUTER_BOUND ( 'NONE', #459, .T. ) ;
#344 = VERTEX_POINT ( 'NONE', #3060 ) ;
#345 = EDGE_CURVE ( 'NONE', #210, #376, #2853, .T. ) ;
#346 = VERTEX_POINT ( 'NONE', #616 ) ;
#347 = AXIS2_PLACEMENT_3D ( 'NONE', #2534, #93, #2358 ) ;
#348 = CIRCLE ( 'NONE', #2796, 9.900000000000000355 ) ;
#349 = ADVANCED_FACE ( 'NONE', ( #1416, #847 ), #3294, .T. ) ;
#350 = AXIS2_PLACEMENT_3D ( 'NONE', #686, #1506, #1024 ) ;
#351 = CIRCLE ( 'NONE', #3039, 3.009777261265889514 ) ;
#352 = DIRECTION ( 'NONE',  ( -1.000000000000000000, 0.000000000000000000, 0.000000000000000000 ) ) ;
#353 = CIRCLE ( 'NONE', #744, 11.00000000000000000 ) ;
#354 = DIRECTION ( 'NONE',  ( -3.491481338843133355E-15, 1.000000000000000000, 0.000000000000000000 ) ) ;
#355 = LINE ( 'NONE', #341, #909 ) ;
#356 = ORIENTED_EDGE ( 'NONE', *, *, #1249, .F. ) ;
#357 = CARTESIAN_POINT ( 'NONE',  ( 0.000000000000000000, 0.000000000000000000, 7.219999999999999751 ) ) ;
#358 = CIRCLE ( 'NONE', #2474, 9.900000000000000355 ) ;
#359 = CARTESIAN_POINT ( 'NONE',  ( 0.000000000000000000, 0.000000000000000000, 0.000000000000000000 ) ) ;
#360 = ORIENTED_EDGE ( 'NONE', *, *, #3304, .T. ) ;
#361 = CIRCLE ( 'NONE', #2235, 1.499999999999999556 ) ;
#362 = AXIS2_PLACEMENT_3D ( 'NONE', #2528, #643, #1458 ) ;
#363 = ORIENTED_EDGE ( 'NONE', *, *, #1695, .F. ) ;
#364 = LOCAL_TIME ( 15, 33, 41.00000000000000000, #3396 ) ;
#365 = EDGE_CURVE ( 'NONE', #715, #1128, #2797, .T. ) ;
#366 = EDGE_CURVE ( 'NONE', #1609, #556, #3371, .T. ) ;
#367 = DIRECTION ( 'NONE',  ( -1.000000000000000000, 0.000000000000000000, 0.000000000000000000 ) ) ;
#368 = CARTESIAN_POINT ( 'NONE',  ( 32.94800296465624712, 1.242909091170449454, 0.000000000000000000 ) ) ;
#369 = CARTESIAN_POINT ( 'NONE',  ( 4.804372540592347640, -2.677312923661003818, -2.780000000000000249 ) ) ;
#370 = DIRECTION ( 'NONE',  ( 1.000000000000000000, -1.776356839400250780E-14, 0.000000000000000000 ) ) ;
#371 = ORIENTED_EDGE ( 'NONE', *, *, #2030, .F. ) ;
#372 = DIRECTION ( 'NONE',  ( -0.9656799471307166982, 0.2597349412566901106, -0.000000000000000000 ) ) ;
#373 = CARTESIAN_POINT ( 'NONE',  ( -1.007773559740942515, -8.207656991483858633, 0.000000000000000000 ) ) ;
#374 = VERTEX_POINT ( 'NONE', #1968 ) ;
#375 = DIRECTION ( 'NONE',  ( 0.000000000000000000, 0.000000000000000000, 1.000000000000000000 ) ) ;
#376 = VERTEX_POINT ( 'NONE', #3026 ) ;
#377 = ORIENTED_EDGE ( 'NONE', *, *, #89, .F. ) ;
#378 = DIRECTION ( 'NONE',  ( -0.000000000000000000, -0.000000000000000000, 1.000000000000000000 ) ) ;
#379 = ADVANCED_FACE ( 'NONE', ( #1122 ), #878, .T. ) ;
#380 = DIRECTION ( 'NONE',  ( -0.000000000000000000, -0.000000000000000000, -1.000000000000000000 ) ) ;
#381 = CARTESIAN_POINT ( 'NONE',  ( 31.01002424298560811, -1.221304394171734531, 5.219999999999999751 ) ) ;
#382 = CARTESIAN_POINT ( 'NONE',  ( -3.513892524267995476, -6.540885592019899164, 0.000000000000000000 ) ) ;
#383 = ORIENTED_EDGE ( 'NONE', *, *, #3208, .T. ) ;
#384 = EDGE_CURVE ( 'NONE', #1, #2158, #3494, .T. ) ;
#385 = EDGE_CURVE ( 'NONE', #2197, #1036, #2748, .T. ) ;
#386 = LINE ( 'NONE', #707, #2333 ) ;
#387 = DIRECTION ( 'NONE',  ( 1.000000000000000000, 0.000000000000000000, 0.000000000000000000 ) ) ;
#388 = ORIENTED_EDGE ( 'NONE', *, *, #166, .T. ) ;
#389 = CARTESIAN_POINT ( 'NONE',  ( -5.804372540592347640, 2.677312923661004262, -2.780000000000000249 ) ) ;
#390 = DIRECTION ( 'NONE',  ( 1.000000000000000000, 0.000000000000000000, -0.000000000000000000 ) ) ;
#391 = VERTEX_POINT ( 'NONE', #2209 ) ;
#392 = ORIENTED_EDGE ( 'NONE', *, *, #2615, .F. ) ;
#393 = AXIS2_PLACEMENT_3D ( 'NONE', #683, #1776, #1794 ) ;
#394 = ORIENTED_EDGE ( 'NONE', *, *, #729, .F. ) ;
#395 = AXIS2_PLACEMENT_3D ( 'NONE', #1452, #882, #1738 ) ;
#396 = FACE_OUTER_BOUND ( 'NONE', #504, .T. ) ;
#397 = AXIS2_PLACEMENT_3D ( 'NONE', #2909, #2891, #2328 ) ;
#398 = DIRECTION ( 'NONE',  ( -0.4364420614358169304, 0.8997323641003778238, 0.000000000000000000 ) ) ;
#399 = AXIS2_PLACEMENT_3D ( 'NONE', #1294, #722, #1813 ) ;
#400 = TOROIDAL_SURFACE ( 'NONE', #1313, 8.000000000000000000, 2.000000000000000000 ) ;
#401 = CARTESIAN_POINT ( 'NONE',  ( -4.232697913335866424, -6.100401083079881381, 0.000000000000000000 ) ) ;
#402 = CARTESIAN_POINT ( 'NONE',  ( 1.320665576569563848, 7.306604371037491497, 1.000000000000000000 ) ) ;
#403 = VERTEX_POINT ( 'NONE', #591 ) ;
#404 = AXIS2_PLACEMENT_3D ( 'NONE', #2388, #2139, #2432 ) ;
#405 = DIRECTION ( 'NONE',  ( -1.000000000000000000, 0.000000000000000000, 0.000000000000000000 ) ) ;
#406 = EDGE_CURVE ( 'NONE', #1475, #3343, #1425, .T. ) ;
#407 = AXIS2_PLACEMENT_3D ( 'NONE', #854, #1127, #3075 ) ;
#408 = DIRECTION ( 'NONE',  ( 1.000000000000000000, 0.000000000000000000, 0.000000000000000000 ) ) ;
#409 = PRODUCT_DEFINITION ( '未知', '', #1845, #3356 ) ;
#410 = DIRECTION ( 'NONE',  ( 0.000000000000000000, 0.000000000000000000, -1.000000000000000000 ) ) ;
#411 = ADVANCED_FACE ( 'NONE', ( #3070 ), #2772, .T. ) ;
#412 = VERTEX_POINT ( 'NONE', #1405 ) ;
#413 = DIRECTION ( 'NONE',  ( -0.000000000000000000, -0.000000000000000000, 1.000000000000000000 ) ) ;
#414 = AXIS2_PLACEMENT_3D ( 'NONE', #2993, #1624, #1873 ) ;
#415 = FACE_BOUND ( 'NONE', #2022, .T. ) ;
#416 = ORIENTED_EDGE ( 'NONE', *, *, #1043, .T. ) ;
#417 = ORIENTED_EDGE ( 'NONE', *, *, #2057, .F. ) ;
#418 = AXIS2_PLACEMENT_3D ( 'NONE', #3338, #2540, #352 ) ;
#419 = EDGE_LOOP ( 'NONE', ( #3336, #2680, #1788, #533 ) ) ;
#420 = VECTOR ( 'NONE', #2258, 1000.000000000000000 ) ;
#421 = DIRECTION ( 'NONE',  ( -0.000000000000000000, -0.000000000000000000, -1.000000000000000000 ) ) ;
#422 = CARTESIAN_POINT ( 'NONE',  ( 0.000000000000000000, 0.000000000000000000, 7.219999999999999751 ) ) ;
#423 = DIRECTION ( 'NONE',  ( -0.000000000000000000, -0.000000000000000000, -1.000000000000000000 ) ) ;
#424 = FACE_OUTER_BOUND ( 'NONE', #165, .T. ) ;
#425 = ORIENTED_EDGE ( 'NONE', *, *, #2492, .T. ) ;
#426 = CARTESIAN_POINT ( 'NONE',  ( -4.804372540592347640, 2.677312923661004262, 7.219999999999999751 ) ) ;
#427 = DIRECTION ( 'NONE',  ( -1.000000000000000000, 0.000000000000000000, 0.000000000000000000 ) ) ;
#428 = DIRECTION ( 'NONE',  ( 0.000000000000000000, 0.000000000000000000, 1.000000000000000000 ) ) ;
#429 = CARTESIAN_POINT ( 'NONE',  ( -2.090036250425846731, -6.760519899556796553, 0.2312338384171456485 ) ) ;
#430 = ORIENTED_EDGE ( 'NONE', *, *, #1918, .T. ) ;
#431 = EDGE_CURVE ( 'NONE', #979, #5, #1189, .T. ) ;
#432 = EDGE_CURVE ( 'NONE', #3005, #2637, #1093, .T. ) ;
#433 = CARTESIAN_POINT ( 'NONE',  ( 0.000000000000000000, 0.000000000000000000, 7.219999999999999751 ) ) ;
#434 = ORIENTED_EDGE ( 'NONE', *, *, #3459, .T. ) ;
#435 = EDGE_LOOP ( 'NONE', ( #1775, #1076 ) ) ;
#436 = ADVANCED_FACE ( 'NONE', ( #1164 ), #2251, .T. ) ;
#437 = EDGE_CURVE ( 'NONE', #1515, #210, #351, .T. ) ;
#438 = VERTEX_POINT ( 'NONE', #1370 ) ;
#439 = DIRECTION ( 'NONE',  ( 0.000000000000000000, 0.000000000000000000, 1.000000000000000000 ) ) ;
#440 = CARTESIAN_POINT ( 'NONE',  ( 35.08888260241015900, -0.4407516214673008470, 2.000000000000000000 ) ) ;
#441 = DIRECTION ( 'NONE',  ( 0.9656799471307165872, -0.2597349412566902771, 0.000000000000000000 ) ) ;
#442 = DIRECTION ( 'NONE',  ( -0.000000000000000000, -0.000000000000000000, -1.000000000000000000 ) ) ;
#443 = ORIENTED_EDGE ( 'NONE', *, *, #1111, .F. ) ;
#444 = DIRECTION ( 'NONE',  ( -1.000000000000000000, 0.000000000000000000, 0.000000000000000000 ) ) ;
#445 = CARTESIAN_POINT ( 'NONE',  ( -0.1815117786451120041, 7.770595549723498863, 7.219999999999999751 ) ) ;
#446 = LINE ( 'NONE', #2626, #2699 ) ;
#447 = ORIENTED_EDGE ( 'NONE', *, *, #1398, .F. ) ;
#448 = CARTESIAN_POINT ( 'NONE',  ( 32.23342989392806146, -16.10196362466795605, 2.000000000000000000 ) ) ;
#449 = VERTEX_POINT ( 'NONE', #2195 ) ;
#450 = EDGE_LOOP ( 'NONE', ( #1726, #1746, #3158, #392 ) ) ;
#451 = ADVANCED_FACE ( 'NONE', ( #1460 ), #400, .T. ) ;
#452 = ORIENTED_EDGE ( 'NONE', *, *, #2214, .T. ) ;
#453 = DIRECTION ( 'NONE',  ( 1.000000000000000000, 0.000000000000000000, 0.000000000000000000 ) ) ;
#454 = EDGE_CURVE ( 'NONE', #556, #2723, #1539, .T. ) ;
#455 = LINE ( 'NONE', #2866, #3081 ) ;
#456 = VECTOR ( 'NONE', #2029, 1000.000000000000000 ) ;
#457 = DIRECTION ( 'NONE',  ( -0.000000000000000000, -0.000000000000000000, -1.000000000000000000 ) ) ;
#458 = DIRECTION ( 'NONE',  ( -0.000000000000000000, -0.000000000000000000, -1.000000000000000000 ) ) ;
#459 = EDGE_LOOP ( 'NONE', ( #1439, #3291, #1670, #3323 ) ) ;
#460 = DIRECTION ( 'NONE',  ( 0.000000000000000000, 0.000000000000000000, -1.000000000000000000 ) ) ;
#461 = CIRCLE ( 'NONE', #2852, 1.000000000000000000 ) ;
#462 = AXIS2_PLACEMENT_3D ( 'NONE', #724, #3104, #3140 ) ;
#463 = CARTESIAN_POINT ( 'NONE',  ( 31.01002424298560811, -1.221304394171734531, 0.000000000000000000 ) ) ;
#464 = CARTESIAN_POINT ( 'NONE',  ( -2.721183025485645501, 8.264257631792538916, 7.219999999999999751 ) ) ;
#465 = AXIS2_PLACEMENT_3D ( 'NONE', #1814, #989, #765 ) ;
#466 = AXIS2_PLACEMENT_3D ( 'NONE', #1106, #1134, #3309 ) ;
#467 = CARTESIAN_POINT ( 'NONE',  ( 32.23342989392806146, -16.10196362466795605, 5.219999999999999751 ) ) ;
#468 = ORIENTED_EDGE ( 'NONE', *, *, #6, .T. ) ;
#469 =( LENGTH_UNIT ( ) NAMED_UNIT ( * ) SI_UNIT ( .MILLI., .METRE. ) );
#470 = AXIS2_PLACEMENT_3D ( 'NONE', #373, #992, #3164 ) ;
#471 = FACE_BOUND ( 'NONE', #2471, .T. ) ;
#472 = ORIENTED_EDGE ( 'NONE', *, *, #3303, .T. ) ;
#473 = CIRCLE ( 'NONE', #3505, 3.009777261265891291 ) ;
#474 = CARTESIAN_POINT ( 'NONE',  ( 0.000000000000000000, 0.000000000000000000, 7.219999999999999751 ) ) ;
#475 = AXIS2_PLACEMENT_3D ( 'NONE', #1582, #1438, #822 ) ;
#476 = ORIENTED_EDGE ( 'NONE', *, *, #597, .F. ) ;
#477 = DIRECTION ( 'NONE',  ( 0.000000000000000000, 0.000000000000000000, 1.000000000000000000 ) ) ;
#478 = DIRECTION ( 'NONE',  ( -0.000000000000000000, -0.000000000000000000, -1.000000000000000000 ) ) ;
#479 = AXIS2_PLACEMENT_3D ( 'NONE', #1048, #2644, #3174 ) ;
#480 = EDGE_CURVE ( 'NONE', #618, #2071, #2276, .T. ) ;
#481 = EDGE_CURVE ( 'NONE', #1178, #337, #1765, .T. ) ;
#482 = AXIS2_PLACEMENT_3D ( 'NONE', #3351, #1732, #1160 ) ;
#483 = CARTESIAN_POINT ( 'NONE',  ( -7.232488426176819196, -4.009033799157246669, 7.219999999999999751 ) ) ;
#484 = CARTESIAN_POINT ( 'NONE',  ( -6.516293434324786915, 5.091086398338029007, 7.219999999999999751 ) ) ;
#485 = EDGE_LOOP ( 'NONE', ( #3236, #886, #267, #3179 ) ) ;
#486 = CARTESIAN_POINT ( 'NONE',  ( 54.10796630892205883, -10.78767380862164238, 6.220000000000003304 ) ) ;
#487 = EDGE_CURVE ( 'NONE', #1833, #2086, #2920, .T. ) ;
#488 = CARTESIAN_POINT ( 'NONE',  ( 27.00551938981702449, -18.09013125334769967, 49.30459075783377898 ) ) ;
#489 = CARTESIAN_POINT ( 'NONE',  ( 27.43867001505730130, -14.49939915232953247, 5.219999999999999751 ) ) ;
#490 = ORIENTED_EDGE ( 'NONE', *, *, #151, .F. ) ;
#491 = DIRECTION ( 'NONE',  ( -0.000000000000000000, -0.000000000000000000, -1.000000000000000000 ) ) ;
#492 = DIRECTION ( 'NONE',  ( -0.000000000000000000, -0.000000000000000000, -1.000000000000000000 ) ) ;
#493 = ORIENTED_EDGE ( 'NONE', *, *, #1799, .T. ) ;
#494 = EDGE_LOOP ( 'NONE', ( #2145, #2789, #1004, #1155 ) ) ;
#495 = ORIENTED_EDGE ( 'NONE', *, *, #879, .F. ) ;
#496 = DIRECTION ( 'NONE',  ( 0.000000000000000000, 0.000000000000000000, 1.000000000000000000 ) ) ;
#497 = DIRECTION ( 'NONE',  ( 0.000000000000000000, 0.000000000000000000, 1.000000000000000000 ) ) ;
#498 = DIRECTION ( 'NONE',  ( -0.000000000000000000, -0.000000000000000000, -1.000000000000000000 ) ) ;
#499 = CARTESIAN_POINT ( 'NONE',  ( -5.804372540592347640, 2.677312923661004262, 5.200000000000001066 ) ) ;
#500 = ORIENTED_EDGE ( 'NONE', *, *, #3447, .F. ) ;
#501 = CARTESIAN_POINT ( 'NONE',  ( -1.577855883427225381, 8.117364821707898415, 7.219999999999999751 ) ) ;
#502 = CYLINDRICAL_SURFACE ( 'NONE', #2403, 10.00000000000000000 ) ;
#503 = CARTESIAN_POINT ( 'NONE',  ( -4.493850614800948939, 5.910662539162014895, 0.000000000000000000 ) ) ;
#504 = EDGE_LOOP ( 'NONE', ( #2670, #2780, #2686, #1217 ) ) ;
#505 = CALENDAR_DATE ( 2026, 24, 6 ) ;
#506 = EDGE_CURVE ( 'NONE', #2702, #1407, #804, .T. ) ;
#507 = CARTESIAN_POINT ( 'NONE',  ( -2.407100657401072930, 9.602909268817414912, 7.219999999999999751 ) ) ;
#508 = ORIENTED_EDGE ( 'NONE', *, *, #3023, .T. ) ;
#509 = EDGE_LOOP ( 'NONE', ( #1327, #325, #1994, #298 ) ) ;
#510 = ORIENTED_EDGE ( 'NONE', *, *, #1610, .T. ) ;
#511 = DIRECTION ( 'NONE',  ( -0.000000000000000000, -0.000000000000000000, -1.000000000000000000 ) ) ;
#512 = FACE_OUTER_BOUND ( 'NONE', #1568, .T. ) ;
#513 = DIRECTION ( 'NONE',  ( 0.000000000000000000, 0.000000000000000000, -1.000000000000000000 ) ) ;
#514 = DIRECTION ( 'NONE',  ( 0.3090169943749448422, 0.9510565162951544194, 0.000000000000000000 ) ) ;
#515 = ORIENTED_EDGE ( 'NONE', *, *, #2057, .T. ) ;
#516 = DIRECTION ( 'NONE',  ( -1.000000000000000000, 0.000000000000000000, 0.000000000000000000 ) ) ;
#517 = CIRCLE ( 'NONE', #2842, 3.009777261265890846 ) ;
#518 = DIRECTION ( 'NONE',  ( 0.000000000000000000, 0.000000000000000000, 1.000000000000000000 ) ) ;
#519 = DIRECTION ( 'NONE',  ( 0.000000000000000000, 0.000000000000000000, 1.000000000000000000 ) ) ;
#520 = CARTESIAN_POINT ( 'NONE',  ( -7.494526508824496780, 3.494755105310485721, 7.219999999999999751 ) ) ;
#521 = EDGE_LOOP ( 'NONE', ( #2496, #1803 ) ) ;
#522 = AXIS2_PLACEMENT_3D ( 'NONE', #717, #1808, #2902 ) ;
#523 = VECTOR ( 'NONE', #205, 1000.000000000000000 ) ;
#524 = EDGE_CURVE ( 'NONE', #1182, #2988, #740, .T. ) ;
#525 = AXIS2_PLACEMENT_3D ( 'NONE', #2138, #3276, #43 ) ;
#526 = CIRCLE ( 'NONE', #1989, 3.009777261265889958 ) ;
#527 = EDGE_CURVE ( 'NONE', #2696, #3410, #2110, .T. ) ;
#528 = CARTESIAN_POINT ( 'NONE',  ( 1.282123777126762398, 7.178159717759078795, 0.4834838720406354207 ) ) ;
#529 = ORIENTED_EDGE ( 'NONE', *, *, #224, .F. ) ;
#530 = ORIENTED_EDGE ( 'NONE', *, *, #2710, .F. ) ;
#531 = AXIS2_PLACEMENT_3D ( 'NONE', #2999, #825, #13 ) ;
#532 = CIRCLE ( 'NONE', #3093, 1.000000000000000222 ) ;
#533 = ORIENTED_EDGE ( 'NONE', *, *, #63, .T. ) ;
#534 = FACE_OUTER_BOUND ( 'NONE', #2336, .T. ) ;
#535 = CARTESIAN_POINT ( 'NONE',  ( -2.140407324811949952, -7.109801789353297430, 7.219999999999999751 ) ) ;
#536 = DIRECTION ( 'NONE',  ( -0.000000000000000000, -0.000000000000000000, -1.000000000000000000 ) ) ;
#537 = VECTOR ( 'NONE', #287, 1000.000000000000000 ) ;
#538 = DIRECTION ( 'NONE',  ( -1.000000000000000000, 0.000000000000000000, 0.000000000000000000 ) ) ;
#539 = ORIENTED_EDGE ( 'NONE', *, *, #36, .F. ) ;
#540 = DIRECTION ( 'NONE',  ( 0.000000000000000000, 0.000000000000000000, 1.000000000000000000 ) ) ;
#541 = DIRECTION ( 'NONE',  ( -0.9510565162951555296, 0.3090169943749411785, 0.000000000000000000 ) ) ;
#542 = DIRECTION ( 'NONE',  ( -0.9656799471307162541, 0.2597349412566916094, 5.244896618694255447E-16 ) ) ;
#543 = EDGE_LOOP ( 'NONE', ( #2438, #1880, #763, #756 ) ) ;
#544 = AXIS2_PLACEMENT_3D ( 'NONE', #551, #3006, #583 ) ;
#545 = CARTESIAN_POINT ( 'NONE',  ( 31.01002424298560811, -1.221304394171734531, 2.000000000000000000 ) ) ;
#546 = DIRECTION ( 'NONE',  ( 0.000000000000000000, 0.000000000000000000, 1.000000000000000000 ) ) ;
#547 = EDGE_CURVE ( 'NONE', #403, #870, #2227, .T. ) ;
#548 = ORIENTED_EDGE ( 'NONE', *, *, #3318, .F. ) ;
#549 = EDGE_CURVE ( 'NONE', #2188, #2911, #2046, .T. ) ;
#550 = EDGE_LOOP ( 'NONE', ( #2283, #1688, #1744, #2943, #1226, #243 ) ) ;
#551 = CARTESIAN_POINT ( 'NONE',  ( 30.49611760853984777, -8.202414618990752970, 5.219999999999999751 ) ) ;
#552 = DIRECTION ( 'NONE',  ( -1.000000000000000000, 0.000000000000000000, 0.000000000000000000 ) ) ;
#553 = EDGE_CURVE ( 'NONE', #1158, #2199, #679, .T. ) ;
#554 = ADVANCED_FACE ( 'NONE', ( #2074 ), #3173, .F. ) ;
#555 = CYLINDRICAL_SURFACE ( 'NONE', #2356, 3.009777261265890846 ) ;
#556 = VERTEX_POINT ( 'NONE', #401 ) ;
#557 = CARTESIAN_POINT ( 'NONE',  ( 0.9487338637249129736, 6.476174305613062288, 7.219999999999998863 ) ) ;
#558 = DIRECTION ( 'NONE',  ( -0.000000000000000000, -0.000000000000000000, 1.000000000000000000 ) ) ;
#559 = DIRECTION ( 'NONE',  ( 0.9656799471307166982, -0.2597349412566901106, -0.000000000000000000 ) ) ;
#560 = ORIENTED_EDGE ( 'NONE', *, *, #1932, .T. ) ;
#561 = CARTESIAN_POINT ( 'NONE',  ( -3.804372540592347196, 2.677312923661004262, -2.780000000000000249 ) ) ;
#562 = EDGE_LOOP ( 'NONE', ( #1276, #3280, #864, #3247 ) ) ;
#563 = ORIENTED_EDGE ( 'NONE', *, *, #2255, .T. ) ;
#564 = DIRECTION ( 'NONE',  ( 0.000000000000000000, 0.000000000000000000, 1.000000000000000000 ) ) ;
#565 = ADVANCED_FACE ( 'NONE', ( #1449 ), #2543, .F. ) ;
#566 = CC_DESIGN_PERSON_AND_ORGANIZATION_ASSIGNMENT ( #1205, #1526, ( #3017 ) ) ;
#567 = EDGE_CURVE ( 'NONE', #2087, #1588, #2173, .T. ) ;
#568 = CARTESIAN_POINT ( 'NONE',  ( 0.000000000000000000, 0.000000000000000000, 0.000000000000000000 ) ) ;
#569 = EDGE_LOOP ( 'NONE', ( #1310, #2932, #3184, #563 ) ) ;
#570 = CARTESIAN_POINT ( 'NONE',  ( 0.000000000000000000, 0.000000000000000000, 7.219999999999999751 ) ) ;
#571 = DIRECTION ( 'NONE',  ( 0.9656799471307166982, -0.2597349412566901661, 0.000000000000000000 ) ) ;
#572 = CARTESIAN_POINT ( 'NONE',  ( 24.46523312605237876, 0.07303052256920750107, 0.000000000000000000 ) ) ;
#573 = VERTEX_POINT ( 'NONE', #3156 ) ;
#574 = CARTESIAN_POINT ( 'NONE',  ( -1.668796997574234275, -6.204493660314854608, 6.219999999999999751 ) ) ;
#575 = AXIS2_PLACEMENT_3D ( 'NONE', #2814, #2262, #2250 ) ;
#576 = VECTOR ( 'NONE', #2961, 1000.000000000000000 ) ;
#577 = TOROIDAL_SURFACE ( 'NONE', #3036, 11.50000000000000355, 2.000000000000000000 ) ;
#578 = FACE_OUTER_BOUND ( 'NONE', #786, .T. ) ;
#579 = EDGE_LOOP ( 'NONE', ( #3048, #1144, #1324, #624 ) ) ;
#580 = AXIS2_PLACEMENT_3D ( 'NONE', #1153, #1437, #90 ) ;
#581 = ORIENTED_EDGE ( 'NONE', *, *, #610, .F. ) ;
#582 = CIRCLE ( 'NONE', #465, 5.000000000000004441 ) ;
#583 = DIRECTION ( 'NONE',  ( 1.000000000000000000, 0.000000000000000000, 0.000000000000000000 ) ) ;
#584 = CIRCLE ( 'NONE', #2406, 11.50000000000000355 ) ;
#585 = CARTESIAN_POINT ( 'NONE',  ( -6.047779554044754313, 5.639645671781612357, 7.219999999999999751 ) ) ;
#586 = VERTEX_POINT ( 'NONE', #100 ) ;
#587 = ADVANCED_FACE ( 'NONE', ( #1176 ), #942, .T. ) ;
#588 = CARTESIAN_POINT ( 'NONE',  ( -0.1614012457592478578, 7.423245559582907660, 7.219999999999999751 ) ) ;
#589 = CIRCLE ( 'NONE', #2577, 6.425000000000000711 ) ;
#590 = EDGE_CURVE ( 'NONE', #2158, #80, #1502, .T. ) ;
#591 = CARTESIAN_POINT ( 'NONE',  ( 24.46523312605237876, 0.07303052256921244156, 0.000000000000000000 ) ) ;
#592 = CARTESIAN_POINT ( 'NONE',  ( 27.43867001505730130, -14.49939915232953247, 2.000000000000000000 ) ) ;
#593 = EDGE_LOOP ( 'NONE', ( #1132, #1457, #3399, #335 ) ) ;
#594 = DIRECTION ( 'NONE',  ( 0.5877852522924713607, 0.8090169943749485615, 0.000000000000000000 ) ) ;
#595 = DIRECTION ( 'NONE',  ( 1.000000000000000000, 0.000000000000000000, 0.000000000000000000 ) ) ;
#596 = AXIS2_PLACEMENT_3D ( 'NONE', #3189, #2672, #734 ) ;
#597 = EDGE_CURVE ( 'NONE', #1498, #3053, #2407, .T. ) ;
#598 = AXIS2_PLACEMENT_3D ( 'NONE', #1099, #812, #3034 ) ;
#599 = CYLINDRICAL_SURFACE ( 'NONE', #1668, 1.600000000000000089 ) ;
#600 = VERTEX_POINT ( 'NONE', #3 ) ;
#601 = EDGE_LOOP ( 'NONE', ( #2604, #314, #635, #508, #3227, #2726, #2124 ) ) ;
#602 = DIRECTION ( 'NONE',  ( 0.000000000000000000, 0.000000000000000000, 1.000000000000000000 ) ) ;
#603 = ORIENTED_EDGE ( 'NONE', *, *, #712, .T. ) ;
#604 = FACE_OUTER_BOUND ( 'NONE', #543, .T. ) ;
#605 = CARTESIAN_POINT ( 'NONE',  ( 1.928531938830919668, 7.170173607445572195, 1.000000000000000000 ) ) ;
#606 = CARTESIAN_POINT ( 'NONE',  ( -3.697063108304941892, -9.183775061117875893, 7.219999999999999751 ) ) ;
#607 = ORIENTED_EDGE ( 'NONE', *, *, #330, .F. ) ;
#608 = APPROVAL ( #2652, '未指定' ) ;
#609 = CARTESIAN_POINT ( 'NONE',  ( 0.8697893978445845331, 6.365853548692206765, 0.000000000000000000 ) ) ;
#610 = EDGE_CURVE ( 'NONE', #1843, #3055, #1889, .T. ) ;
#611 = VERTEX_POINT ( 'NONE', #3250 ) ;
#612 = ORIENTED_EDGE ( 'NONE', *, *, #1015, .T. ) ;
#613 = CARTESIAN_POINT ( 'NONE',  ( -2.050915174966343901, -6.168324674008228037, 0.002225455289632169691 ) ) ;
#614 = DIRECTION ( 'NONE',  ( -0.000000000000000000, -0.000000000000000000, -1.000000000000000000 ) ) ;
#615 = CARTESIAN_POINT ( 'NONE',  ( 1.282030970598893926, 7.177882497265780870, 6.736859464414546750 ) ) ;
#616 = CARTESIAN_POINT ( 'NONE',  ( -6.687434856461516475, -3.226273398300826933, 7.219999999999999751 ) ) ;
#617 = DIRECTION ( 'NONE',  ( 0.000000000000000000, 0.000000000000000000, 1.000000000000000000 ) ) ;
#618 = VERTEX_POINT ( 'NONE', #2658 ) ;
#619 = CARTESIAN_POINT ( 'NONE',  ( 0.000000000000000000, 0.000000000000000000, 7.219999999999999751 ) ) ;
#620 = DIRECTION ( 'NONE',  ( 1.000000000000000000, 0.000000000000000000, 0.000000000000000000 ) ) ;
#621 = VERTEX_POINT ( 'NONE', #1349 ) ;
#622 = EDGE_CURVE ( 'NONE', #2719, #1158, #1713, .T. ) ;
#623 = TOROIDAL_SURFACE ( 'NONE', #2628, 14.00000000000000178, 1.000000000000000000 ) ;
#624 = ORIENTED_EDGE ( 'NONE', *, *, #842, .T. ) ;
#625 = AXIS2_PLACEMENT_3D ( 'NONE', #778, #3528, #289 ) ;
#626 = VECTOR ( 'NONE', #2566, 1000.000000000000000 ) ;
#627 = CYLINDRICAL_SURFACE ( 'NONE', #2481, 1.500000000000000444 ) ;
#628 = CIRCLE ( 'NONE', #1096, 13.99999999999999822 ) ;
#629 = CARTESIAN_POINT ( 'NONE',  ( 2.828265482620778037, 7.770595549723498863, 7.219999999999999751 ) ) ;
#630 = AXIS2_PLACEMENT_3D ( 'NONE', #280, #1285, #1877 ) ;
#631 = FACE_OUTER_BOUND ( 'NONE', #136, .T. ) ;
#632 = VERTEX_POINT ( 'NONE', #1291 ) ;
#633 = TOROIDAL_SURFACE ( 'NONE', #3440, 14.00000000000000178, 1.000000000000000000 ) ;
#634 = CARTESIAN_POINT ( 'NONE',  ( 2.677312923661003818, 4.804372540592348528, 5.200000000000000178 ) ) ;
#635 = ORIENTED_EDGE ( 'NONE', *, *, #2392, .T. ) ;
#636 = AXIS2_PLACEMENT_3D ( 'NONE', #2603, #2887, #3133 ) ;
#637 = CARTESIAN_POINT ( 'NONE',  ( -4.804372540592347640, 2.677312923661004262, 5.200000000000000178 ) ) ;
#638 = AXIS2_PLACEMENT_3D ( 'NONE', #2691, #169, #2109 ) ;
#639 = ADVANCED_FACE ( 'NONE', ( #1593 ), #3191, .T. ) ;
#640 = ORIENTED_EDGE ( 'NONE', *, *, #553, .F. ) ;
#641 = ORIENTED_EDGE ( 'NONE', *, *, #1061, .T. ) ;
#642 = EDGE_CURVE ( 'NONE', #322, #611, #2217, .T. ) ;
#643 = DIRECTION ( 'NONE',  ( -0.000000000000000000, -0.000000000000000000, -1.000000000000000000 ) ) ;
#644 = EDGE_CURVE ( 'NONE', #2494, #2864, #2793, .T. ) ;
#645 = LINE ( 'NONE', #702, #456 ) ;
#646 = CARTESIAN_POINT ( 'NONE',  ( 27.32231747987597004, 10.69550994100709396, 0.000000000000000000 ) ) ;
#647 = ORIENTED_EDGE ( 'NONE', *, *, #1274, .T. ) ;
#648 = CARTESIAN_POINT ( 'NONE',  ( 4.177312923661004262, 4.804372540592348528, 5.200000000000000178 ) ) ;
#649 = DIRECTION ( 'NONE',  ( -0.000000000000000000, -0.000000000000000000, -1.000000000000000000 ) ) ;
#650 = DIRECTION ( 'NONE',  ( -0.000000000000000000, -0.000000000000000000, 1.000000000000000000 ) ) ;
#651 = EDGE_LOOP ( 'NONE', ( #110, #655, #2770, #434 ) ) ;
#652 = DIRECTION ( 'NONE',  ( 0.000000000000000000, 0.000000000000000000, 1.000000000000000000 ) ) ;
#653 = ORIENTED_EDGE ( 'NONE', *, *, #431, .T. ) ;
#654 = ORIENTED_EDGE ( 'NONE', *, *, #3418, .F. ) ;
#655 = ORIENTED_EDGE ( 'NONE', *, *, #1067, .F. ) ;
#656 = CARTESIAN_POINT ( 'NONE',  ( 3.724566810294312358, 5.894611562180577913, 0.02521043783008847586 ) ) ;
#657 = DIRECTION ( 'NONE',  ( -1.000000000000000000, 0.000000000000000000, 0.000000000000000000 ) ) ;
#658 = ADVANCED_FACE ( 'NONE', ( #3482 ), #2384, .F. ) ;
#659 = DIRECTION ( 'NONE',  ( -1.000000000000000000, 0.000000000000000000, 0.000000000000000000 ) ) ;
#660 = DIRECTION ( 'NONE',  ( -0.000000000000000000, -0.000000000000000000, -1.000000000000000000 ) ) ;
#661 = ORIENTED_EDGE ( 'NONE', *, *, #2975, .F. ) ;
#662 = CARTESIAN_POINT ( 'NONE',  ( -4.177312923661004262, -4.804372540592348528, 0.000000000000000000 ) ) ;
#663 = CARTESIAN_POINT ( 'NONE',  ( 2.677312923661003818, 4.804372540592348528, 5.200000000000000178 ) ) ;
#664 = LINE ( 'NONE', #1754, #1089 ) ;
#665 = CARTESIAN_POINT ( 'NONE',  ( 40.10796630892206593, -10.78767380862164238, 5.219999999999999751 ) ) ;
#666 = VERTEX_POINT ( 'NONE', #1020 ) ;
#667 = DATE_TIME_ROLE ( 'creation_date' ) ;
#668 = LINE ( 'NONE', #2024, #902 ) ;
#669 = VERTEX_POINT ( 'NONE', #1867 ) ;
#670 = ORIENTED_EDGE ( 'NONE', *, *, #3097, .T. ) ;
#671 = AXIS2_PLACEMENT_3D ( 'NONE', #1446, #2752, #42 ) ;
#672 = ORIENTED_EDGE ( 'NONE', *, *, #2443, .T. ) ;
#673 = TOROIDAL_SURFACE ( 'NONE', #347, 11.50000000000000355, 2.000000000000000000 ) ;
#674 = CARTESIAN_POINT ( 'NONE',  ( 2.975052218190530340, 6.277564112521623940, 0.08784382578423288734 ) ) ;
#675 = CIRCLE ( 'NONE', #2630, 1.999999999999999112 ) ;
#676 = DIRECTION ( 'NONE',  ( 1.000000000000000000, 0.000000000000000000, 0.000000000000000000 ) ) ;
#677 = VECTOR ( 'NONE', #2662, 1000.000000000000000 ) ;
#678 = AXIS2_PLACEMENT_3D ( 'NONE', #646, #1195, #3446 ) ;
#679 = LINE ( 'NONE', #1999, #3269 ) ;
#680 = EDGE_CURVE ( 'NONE', #2142, #2738, #3207, .T. ) ;
#681 = CARTESIAN_POINT ( 'NONE',  ( 1.668796997574233387, 6.204493660314855497, 1.000000000000000000 ) ) ;
#682 = ORIENTED_EDGE ( 'NONE', *, *, #3256, .T. ) ;
#683 = CARTESIAN_POINT ( 'NONE',  ( 0.000000000000000000, 0.000000000000000000, 7.219999999999999751 ) ) ;
#684 = AXIS2_PLACEMENT_3D ( 'NONE', #1339, #2433, #1354 ) ;
#685 = EDGE_CURVE ( 'NONE', #1098, #342, #584, .T. ) ;
#686 = CARTESIAN_POINT ( 'NONE',  ( 0.000000000000000000, 0.000000000000000000, 0.000000000000000000 ) ) ;
#687 = CIRCLE ( 'NONE', #470, 3.009777261265890402 ) ;
#688 = CARTESIAN_POINT ( 'NONE',  ( 0.000000000000000000, 0.000000000000000000, 7.219999999999999751 ) ) ;
#689 = CARTESIAN_POINT ( 'NONE',  ( -2.080362055655166742, -6.433963487112875690, 0.05093469394454652049 ) ) ;
#690 = ORIENTED_EDGE ( 'NONE', *, *, #1583, .T. ) ;
#691 = EDGE_CURVE ( 'NONE', #374, #754, #2510, .T. ) ;
#692 = EDGE_CURVE ( 'NONE', #2339, #2038, #2558, .T. ) ;
#693 = AXIS2_PLACEMENT_3D ( 'NONE', #2502, #57, #3061 ) ;
#694 = VECTOR ( 'NONE', #1292, 1000.000000000000114 ) ;
#695 = DIRECTION ( 'NONE',  ( 0.000000000000000000, 0.000000000000000000, -1.000000000000000000 ) ) ;
#696 = ORIENTED_EDGE ( 'NONE', *, *, #1447, .F. ) ;
#697 = ORIENTED_EDGE ( 'NONE', *, *, #866, .T. ) ;
#698 = AXIS2_PLACEMENT_3D ( 'NONE', #1865, #1289, #1000 ) ;
#699 = ORIENTED_EDGE ( 'NONE', *, *, #3475, .T. ) ;
#700 = ORGANIZATION ( '未指定', '未指定', '' ) ;
#701 = DIRECTION ( 'NONE',  ( -0.000000000000000000, -0.000000000000000000, -1.000000000000000000 ) ) ;
#702 = CARTESIAN_POINT ( 'NONE',  ( -9.861235024242464675, 0.8752392796565661159, 7.219999999999999751 ) ) ;
#703 = DIRECTION ( 'NONE',  ( -0.07341523349225186068, -0.9973014606884310629, 0.000000000000000000 ) ) ;
#704 = CARTESIAN_POINT ( 'NONE',  ( -3.304372540592347640, 2.677312923661004262, 5.200000000000000178 ) ) ;
#705 = ORIENTED_EDGE ( 'NONE', *, *, #3023, .F. ) ;
#706 = CYLINDRICAL_SURFACE ( 'NONE', #2517, 7.425000000000000711 ) ;
#707 = CARTESIAN_POINT ( 'NONE',  ( -3.304372540592347640, 2.677312923661004262, 5.200000000000000178 ) ) ;
#708 = DIRECTION ( 'NONE',  ( 0.000000000000000000, 0.000000000000000000, 1.000000000000000000 ) ) ;
#709 = VERTEX_POINT ( 'NONE', #760 ) ;
#710 = CARTESIAN_POINT ( 'NONE',  ( 0.000000000000000000, 0.000000000000000000, 7.219999999999999751 ) ) ;
#711 = ADVANCED_FACE ( 'NONE', ( #736 ), #2986, .F. ) ;
#712 = EDGE_CURVE ( 'NONE', #2011, #1498, #3043, .T. ) ;
#713 = ORIENTED_EDGE ( 'NONE', *, *, #993, .T. ) ;
#714 = ORIENTED_EDGE ( 'NONE', *, *, #1973, .T. ) ;
#715 = VERTEX_POINT ( 'NONE', #1335 ) ;
#716 = CARTESIAN_POINT ( 'NONE',  ( -6.855556305701242081, -4.624131115888339139, 7.219999999999999751 ) ) ;
#717 = CARTESIAN_POINT ( 'NONE',  ( 2.828265482620778037, 7.770595549723498863, 7.219999999999999751 ) ) ;
#718 = DIRECTION ( 'NONE',  ( 0.9510565162951531981, 0.3090169943749482839, 0.000000000000000000 ) ) ;
#719 = CARTESIAN_POINT ( 'NONE',  ( -4.804372540592347640, 2.677312923661004262, 0.000000000000000000 ) ) ;
#720 = VERTEX_POINT ( 'NONE', #2428 ) ;
#721 = CARTESIAN_POINT ( 'NONE',  ( 0.000000000000000000, 0.000000000000000000, 7.219999999999999751 ) ) ;
#722 = DIRECTION ( 'NONE',  ( -0.000000000000000000, -0.000000000000000000, -1.000000000000000000 ) ) ;
#723 = CARTESIAN_POINT ( 'NONE',  ( -4.493850614800948939, 5.910662539162014895, 7.219999999999999751 ) ) ;
#724 = CARTESIAN_POINT ( 'NONE',  ( 40.10796630892206593, -10.78767380862164238, 1.000000000000000888 ) ) ;
#725 = CARTESIAN_POINT ( 'NONE',  ( -2.140407324811949952, -7.109801789353297430, 1.000000000000000000 ) ) ;
#726 = VERTEX_POINT ( 'NONE', #3506 ) ;
#727 = COORDINATED_UNIVERSAL_TIME_OFFSET ( 8, 0, .AHEAD. ) ;
#728 = LINE ( 'NONE', #3461, #1716 ) ;
#729 = EDGE_CURVE ( 'NONE', #2452, #22, #517, .T. ) ;
#730 = ORIENTED_EDGE ( 'NONE', *, *, #167, .T. ) ;
#731 = ORIENTED_EDGE ( 'NONE', *, *, #1411, .T. ) ;
#732 = EDGE_CURVE ( 'NONE', #818, #346, #955, .T. ) ;
#733 = ORIENTED_EDGE ( 'NONE', *, *, #1207, .T. ) ;
#734 = DIRECTION ( 'NONE',  ( -1.000000000000000000, 0.000000000000000000, 0.000000000000000000 ) ) ;
#735 = CARTESIAN_POINT ( 'NONE',  ( -3.879691228251194168, -9.108128016965439500, 7.219999999999999751 ) ) ;
#736 = FACE_OUTER_BOUND ( 'NONE', #601, .T. ) ;
#737 = FACE_OUTER_BOUND ( 'NONE', #2375, .T. ) ;
#738 = ORIENTED_EDGE ( 'NONE', *, *, #2594, .F. ) ;
#739 = CYLINDRICAL_SURFACE ( 'NONE', #3420, 0.9999999999999996669 ) ;
#740 = B_SPLINE_CURVE_WITH_KNOTS ( 'NONE', 3,
 ( #2289, #2304, #2052, #3421, #2032, #908, #1215, #3404, #963, #1250 ),
 .UNSPECIFIED., .F., .F.,
 ( 4, 2, 2, 2, 4 ),
 ( 0.000000000000000000, 0.0004017372491786654325, 0.0008034744983573308651, 0.001205211747535996298, 0.001606948996714661730 ),
 .UNSPECIFIED. ) ;
#741 = CARTESIAN_POINT ( 'NONE',  ( -3.697063108304941892, -9.183775061117875893, 0.000000000000000000 ) ) ;
#742 = CIRCLE ( 'NONE', #399, 15.00000000000000000 ) ;
#743 = DIRECTION ( 'NONE',  ( 0.000000000000000000, 0.000000000000000000, 1.000000000000000000 ) ) ;
#744 = AXIS2_PLACEMENT_3D ( 'NONE', #1084, #275, #1871 ) ;
#745 = AXIS2_PLACEMENT_3D ( 'NONE', #3353, #888, #3085 ) ;
#746 = FACE_OUTER_BOUND ( 'NONE', #450, .T. ) ;
#747 = EDGE_LOOP ( 'NONE', ( #1075, #1554, #46, #1054 ) ) ;
#748 = CALENDAR_DATE ( 2026, 24, 6 ) ;
#749 = FACE_OUTER_BOUND ( 'NONE', #874, .T. ) ;
#750 = VECTOR ( 'NONE', #3533, 1000.000000000000000 ) ;
#751 = CARTESIAN_POINT ( 'NONE',  ( -2.214887187781488631, 9.649055640082167429, 0.000000000000000000 ) ) ;
#752 = ORIENTED_EDGE ( 'NONE', *, *, #506, .T. ) ;
#753 = AXIS2_PLACEMENT_3D ( 'NONE', #3199, #1053, #2141 ) ;
#754 = VERTEX_POINT ( 'NONE', #2562 ) ;
#755 = EDGE_CURVE ( 'NONE', #2298, #3519, #1521, .T. ) ;
#756 = ORIENTED_EDGE ( 'NONE', *, *, #898, .T. ) ;
#757 = CYLINDRICAL_SURFACE ( 'NONE', #1673, 10.00000000000000178 ) ;
#758 = CARTESIAN_POINT ( 'NONE',  ( 35.08888260241015900, -0.4407516214673008470, 7.219999999999999751 ) ) ;
#759 = LOCAL_TIME ( 15, 33, 41.00000000000000000, #1297 ) ;
#760 = CARTESIAN_POINT ( 'NONE',  ( 3.304372540592346752, -2.677312923661003818, 5.200000000000000178 ) ) ;
#761 = ADVANCED_FACE ( 'NONE', ( #3120 ), #2093, .T. ) ;
#762 = CARTESIAN_POINT ( 'NONE',  ( 3.304372540592346752, -2.677312923661003818, 0.000000000000000000 ) ) ;
#763 = ORIENTED_EDGE ( 'NONE', *, *, #1298, .F. ) ;
#764 = DIRECTION ( 'NONE',  ( -1.000000000000000000, 0.000000000000000000, 0.000000000000000000 ) ) ;
#765 = DIRECTION ( 'NONE',  ( 1.000000000000000000, 1.734723475976805517E-15, 0.000000000000000000 ) ) ;
#766 = CARTESIAN_POINT ( 'NONE',  ( 0.000000000000000000, 0.000000000000000000, 7.219999999999999751 ) ) ;
#767 = DIRECTION ( 'NONE',  ( -1.000000000000000000, 0.000000000000000000, 0.000000000000000000 ) ) ;
#768 = VERTEX_POINT ( 'NONE', #662 ) ;
#769 = PERSON_AND_ORGANIZATION ( #2538, #700 ) ;
#770 = CARTESIAN_POINT ( 'NONE',  ( -2.279326625612735135, 7.948956596392994456, 0.000000000000000000 ) ) ;
#771 = ORIENTED_EDGE ( 'NONE', *, *, #2392, .F. ) ;
#772 = VERTEX_POINT ( 'NONE', #158 ) ;
#773 = FACE_OUTER_BOUND ( 'NONE', #1715, .T. ) ;
#774 = CARTESIAN_POINT ( 'NONE',  ( -3.879691228251194168, -9.108128016965439500, 0.000000000000000000 ) ) ;
#775 = DIRECTION ( 'NONE',  ( -0.5877852522924769119, 0.8090169943749446757, 0.000000000000000000 ) ) ;
#776 = DIRECTION ( 'NONE',  ( 1.000000000000000000, 0.000000000000000000, 0.000000000000000000 ) ) ;
#777 = ORIENTED_EDGE ( 'NONE', *, *, #1696, .F. ) ;
#778 = CARTESIAN_POINT ( 'NONE',  ( 0.000000000000000000, 0.000000000000000000, 0.000000000000000000 ) ) ;
#779 = ADVANCED_FACE ( 'NONE', ( #1005 ), #2847, .T. ) ;
#780 = DIRECTION ( 'NONE',  ( 1.000000000000000000, 0.000000000000000000, 0.000000000000000000 ) ) ;
#781 = DIRECTION ( 'NONE',  ( 0.2597349412566917204, 0.9656799471307163651, 0.000000000000000000 ) ) ;
#782 = ORIENTED_EDGE ( 'NONE', *, *, #432, .T. ) ;
#783 = DIRECTION ( 'NONE',  ( -0.000000000000000000, -0.000000000000000000, -1.000000000000000000 ) ) ;
#784 = LINE ( 'NONE', #242, #1548 ) ;
#785 = EDGE_LOOP ( 'NONE', ( #2160, #1869, #3067, #838 ) ) ;
#786 = EDGE_LOOP ( 'NONE', ( #2291, #2025, #1899, #3395 ) ) ;
#787 = VERTEX_POINT ( 'NONE', #3424 ) ;
#788 = DIRECTION ( 'NONE',  ( -1.000000000000000000, 0.000000000000000000, 0.000000000000000000 ) ) ;
#789 = DIRECTION ( 'NONE',  ( -0.000000000000000000, -0.000000000000000000, -1.000000000000000000 ) ) ;
#790 = DIRECTION ( 'NONE',  ( -1.000000000000000000, 0.000000000000000000, 0.000000000000000000 ) ) ;
#791 = VERTEX_POINT ( 'NONE', #177 ) ;
#792 = DIRECTION ( 'NONE',  ( -0.000000000000000000, -0.000000000000000000, -1.000000000000000000 ) ) ;
#793 = AXIS2_PLACEMENT_3D ( 'NONE', #1831, #2903, #1851 ) ;
#794 = ADVANCED_FACE ( 'NONE', ( #2307 ), #739, .T. ) ;
#795 = DIRECTION ( 'NONE',  ( -0.000000000000000000, -0.000000000000000000, -1.000000000000000000 ) ) ;
#796 = DIRECTION ( 'NONE',  ( 1.000000000000000000, 0.000000000000000000, 0.000000000000000000 ) ) ;
#797 = EDGE_CURVE ( 'NONE', #5, #979, #1665, .T. ) ;
#798 = ORIENTED_EDGE ( 'NONE', *, *, #1448, .F. ) ;
#799 = PERSON_AND_ORGANIZATION ( #2538, #700 ) ;
#800 = VECTOR ( 'NONE', #983, 1000.000000000000000 ) ;
#801 = CIRCLE ( 'NONE', #1308, 7.999999999999996447 ) ;
#802 = CYLINDRICAL_SURFACE ( 'NONE', #116, 0.9999999999999835687 ) ;
#803 = AXIS2_PLACEMENT_3D ( 'NONE', #1652, #1922, #1050 ) ;
#804 = CIRCLE ( 'NONE', #117, 0.9999999999999835687 ) ;
#805 = EDGE_CURVE ( 'NONE', #818, #374, #3262, .T. ) ;
#806 = DIRECTION ( 'NONE',  ( -0.000000000000000000, -0.000000000000000000, -1.000000000000000000 ) ) ;
#807 = EDGE_CURVE ( 'NONE', #999, #1745, #1758, .T. ) ;
#808 = VERTEX_POINT ( 'NONE', #1234 ) ;
#809 = AXIS2_PLACEMENT_3D ( 'NONE', #486, #3219, #3452 ) ;
#810 = CIRCLE ( 'NONE', #1894, 1.499999999999999556 ) ;
#811 = EDGE_LOOP ( 'NONE', ( #2421, #3509, #1238, #875 ) ) ;
#812 = DIRECTION ( 'NONE',  ( 0.000000000000000000, 0.000000000000000000, 1.000000000000000000 ) ) ;
#813 = CARTESIAN_POINT ( 'NONE',  ( -1.577855883427225381, 8.117364821707898415, 7.219999999999999751 ) ) ;
#814 = CIRCLE ( 'NONE', #2121, 1.000000000000000000 ) ;
#815 = APPLICATION_CONTEXT ( 'configuration controlled 3d designs of mechanical parts and assemblies' ) ;
#816 = CIRCLE ( 'NONE', #1998, 1.000000000000000444 ) ;
#817 = DIRECTION ( 'NONE',  ( 0.000000000000000000, 0.000000000000000000, -1.000000000000000000 ) ) ;
#818 = VERTEX_POINT ( 'NONE', #2326 ) ;
#819 = FACE_OUTER_BOUND ( 'NONE', #2676, .T. ) ;
#820 = VECTOR ( 'NONE', #378, 1000.000000000000000 ) ;
#821 = CARTESIAN_POINT ( 'NONE',  ( 54.10796630892205883, -10.78767380862164238, 7.219999999999999751 ) ) ;
#822 = DIRECTION ( 'NONE',  ( 0.2597349412566917204, 0.9656799471307163651, 0.000000000000000000 ) ) ;
#823 = ORIENTED_EDGE ( 'NONE', *, *, #2565, .F. ) ;
#824 = CC_DESIGN_APPROVAL ( #1564, ( #409 ) ) ;
#825 = DIRECTION ( 'NONE',  ( 0.000000000000000000, 0.000000000000000000, 1.000000000000000000 ) ) ;
#826 = ORIENTED_EDGE ( 'NONE', *, *, #481, .F. ) ;
#827 = ADVANCED_FACE ( 'NONE', ( #1253 ), #3159, .T. ) ;
#828 = EDGE_CURVE ( 'NONE', #3369, #3113, #2646, .T. ) ;
#829 = ORIENTED_EDGE ( 'NONE', *, *, #1580, .T. ) ;
#830 = FACE_OUTER_BOUND ( 'NONE', #2734, .T. ) ;
#831 = ORIENTED_EDGE ( 'NONE', *, *, #2776, .F. ) ;
#832 = DIRECTION ( 'NONE',  ( 1.000000000000000000, 0.000000000000000000, 0.000000000000000000 ) ) ;
#833 = DIRECTION ( 'NONE',  ( 0.000000000000000000, 0.000000000000000000, -1.000000000000000000 ) ) ;
#834 = DIRECTION ( 'NONE',  ( 1.000000000000000000, 0.000000000000000000, 0.000000000000000000 ) ) ;
#835 = EDGE_LOOP ( 'NONE', ( #2439, #2539, #490, #2760 ) ) ;
#836 = CARTESIAN_POINT ( 'NONE',  ( 31.59734611092361689, 6.757107291335714194, 7.219999999999999751 ) ) ;
#837 = CARTESIAN_POINT ( 'NONE',  ( -4.804372540592347640, 2.677312923661004262, 0.000000000000000000 ) ) ;
#838 = ORIENTED_EDGE ( 'NONE', *, *, #101, .T. ) ;
#839 = ADVANCED_FACE ( 'NONE', ( #3469 ), #86, .F. ) ;
#840 = VERTEX_POINT ( 'NONE', #3307 ) ;
#841 = LINE ( 'NONE', #19, #1494 ) ;
#842 = EDGE_CURVE ( 'NONE', #1129, #556, #3083, .T. ) ;
#843 = CARTESIAN_POINT ( 'NONE',  ( -2.279326625612735135, 7.948956596392994456, 7.219999999999999751 ) ) ;
#844 = ADVANCED_FACE ( 'NONE', ( #2484 ), #1434, .T. ) ;
#845 = ORIENTED_EDGE ( 'NONE', *, *, #108, .T. ) ;
#846 = DIRECTION ( 'NONE',  ( -0.000000000000000000, -0.000000000000000000, -1.000000000000000000 ) ) ;
#847 = FACE_BOUND ( 'NONE', #306, .T. ) ;
#848 = LOCAL_TIME ( 15, 33, 41.00000000000000000, #2995 ) ;
#849 = CARTESIAN_POINT ( 'NONE',  ( 0.6781733939056497906, 9.876744445807966954, 7.219999999999999751 ) ) ;
#850 = EDGE_LOOP ( 'NONE', ( #3223, #2098, #1928, #653 ) ) ;
#851 = CARTESIAN_POINT ( 'NONE',  ( 18.27055477708033493, -22.95843621649840216, 7.219999999999999751 ) ) ;
#852 = VECTOR ( 'NONE', #1703, 1000.000000000000000 ) ;
#853 = CIRCLE ( 'NONE', #2461, 1.500000000000000444 ) ;
#854 = CARTESIAN_POINT ( 'NONE',  ( -5.639645671781591041, -6.047779554044771189, 0.000000000000000000 ) ) ;
#855 = EDGE_LOOP ( 'NONE', ( #3076, #515, #3245, #2335 ) ) ;
#856 = AXIS2_PLACEMENT_3D ( 'NONE', #3195, #3218, #764 ) ;
#857 = AXIS2_PLACEMENT_3D ( 'NONE', #28, #326, #1978 ) ;
#858 = B_SPLINE_CURVE_WITH_KNOTS ( 'NONE', 3,
 ( #2411, #557, #1637, #3439, #1676, #1678, #615, #1906, #3293, #339 ),
 .UNSPECIFIED., .F., .F.,
 ( 4, 2, 2, 2, 4 ),
 ( 0.000000000000000000, 0.0004017577937253743081, 0.0008035155874507486163, 0.001205273381176122979, 0.001607031174901497233 ),
 .UNSPECIFIED. ) ;
#859 = ORIENTED_EDGE ( 'NONE', *, *, #1211, .F. ) ;
#860 = AXIS2_PLACEMENT_3D ( 'NONE', #24, #2720, #1870 ) ;
#861 = AXIS2_PLACEMENT_3D ( 'NONE', #426, #3135, #2872 ) ;
#862 = AXIS2_PLACEMENT_3D ( 'NONE', #2493, #3052, #1112 ) ;
#863 = DIRECTION ( 'NONE',  ( -0.000000000000000000, -0.000000000000000000, -1.000000000000000000 ) ) ;
#864 = ORIENTED_EDGE ( 'NONE', *, *, #1114, .T. ) ;
#865 = AXIS2_PLACEMENT_3D ( 'NONE', #489, #2373, #220 ) ;
#866 = EDGE_CURVE ( 'NONE', #2027, #2197, #2238, .T. ) ;
#867 = AXIS2_PLACEMENT_3D ( 'NONE', #3086, #1232, #119 ) ;
#868 = DIRECTION ( 'NONE',  ( 1.000000000000000000, 0.000000000000000000, 0.000000000000000000 ) ) ;
#869 = FACE_OUTER_BOUND ( 'NONE', #2213, .T. ) ;
#870 = VERTEX_POINT ( 'NONE', #368 ) ;
#871 = AXIS2_PLACEMENT_3D ( 'NONE', #2014, #1445, #3114 ) ;
#872 = CIRCLE ( 'NONE', #2292, 7.425000000000000711 ) ;
#873 = DIRECTION ( 'NONE',  ( 1.000000000000000000, 0.000000000000000000, 0.000000000000000000 ) ) ;
#874 = EDGE_LOOP ( 'NONE', ( #2215, #2386, #1557, #2633 ) ) ;
#875 = ORIENTED_EDGE ( 'NONE', *, *, #1179, .F. ) ;
#876 = LINE ( 'NONE', #2204, #2648 ) ;
#877 = DIRECTION ( 'NONE',  ( 0.000000000000000000, 0.000000000000000000, 1.000000000000000000 ) ) ;
#878 = CYLINDRICAL_SURFACE ( 'NONE', #2635, 0.9999999999999996669 ) ;
#879 = EDGE_CURVE ( 'NONE', #2738, #22, #1404, .T. ) ;
#880 = CARTESIAN_POINT ( 'NONE',  ( -5.091086398338004138, -6.516293434324805567, 7.219999999999999751 ) ) ;
#881 = ORIENTED_EDGE ( 'NONE', *, *, #3504, .F. ) ;
#882 = DIRECTION ( 'NONE',  ( 0.000000000000000000, 0.000000000000000000, 1.000000000000000000 ) ) ;
#883 = EDGE_CURVE ( 'NONE', #2012, #3110, #2114, .T. ) ;
#884 = CYLINDRICAL_SURFACE ( 'NONE', #3275, 3.009777261265889958 ) ;
#885 = ORIENTED_EDGE ( 'NONE', *, *, #3001, .F. ) ;
#886 = ORIENTED_EDGE ( 'NONE', *, *, #3077, .T. ) ;
#887 = DIRECTION ( 'NONE',  ( -1.000000000000000000, 0.000000000000000000, 0.000000000000000000 ) ) ;
#888 = DIRECTION ( 'NONE',  ( -0.000000000000000000, -0.000000000000000000, -1.000000000000000000 ) ) ;
#889 = DIRECTION ( 'NONE',  ( 0.000000000000000000, 0.000000000000000000, 1.000000000000000000 ) ) ;
#890 = ORIENTED_EDGE ( 'NONE', *, *, #1332, .T. ) ;
#891 = EDGE_CURVE ( 'NONE', #210, #1480, #3352, .T. ) ;
#892 = EDGE_CURVE ( 'NONE', #2086, #768, #1019, .T. ) ;
#893 = CARTESIAN_POINT ( 'NONE',  ( -1.928531938830924553, -7.170173607445571307, 1.000000000000000888 ) ) ;
#894 = VERTEX_POINT ( 'NONE', #2500 ) ;
#895 = CARTESIAN_POINT ( 'NONE',  ( -6.504371968026362083, -7.463453979328398269, 0.000000000000000000 ) ) ;
#896 = AXIS2_PLACEMENT_3D ( 'NONE', #3190, #270, #1866 ) ;
#897 = EDGE_CURVE ( 'NONE', #3274, #1081, #3032, .T. ) ;
#898 = EDGE_CURVE ( 'NONE', #3125, #791, #1133, .T. ) ;
#899 = VERTEX_POINT ( 'NONE', #3324 ) ;
#900 = AXIS2_PLACEMENT_3D ( 'NONE', #2327, #2119, #3136 ) ;
#901 = AXIS2_PLACEMENT_3D ( 'NONE', #3177, #970, #991 ) ;
#902 = VECTOR ( 'NONE', #3146, 1000.000000000000000 ) ;
#903 = AXIS2_PLACEMENT_3D ( 'NONE', #381, #2620, #703 ) ;
#904 = ORIENTED_EDGE ( 'NONE', *, *, #1656, .F. ) ;
#905 = DIRECTION ( 'NONE',  ( 0.000000000000000000, -1.000000000000000000, 0.000000000000000000 ) ) ;
#906 = CARTESIAN_POINT ( 'NONE',  ( -3.494755105310459520, -7.494526508824509214, 7.219999999999999751 ) ) ;
#907 = TOROIDAL_SURFACE ( 'NONE', #2861, 7.000000000000000888, 2.000000000000000000 ) ;
#908 = CARTESIAN_POINT ( 'NONE',  ( -2.085677553172492704, -6.705477960722239672, 7.032864827680855413 ) ) ;
#909 = VECTOR ( 'NONE', #1371, 1000.000000000000000 ) ;
#910 = CYLINDRICAL_SURFACE ( 'NONE', #2477, 7.425000000000000711 ) ;
#911 = ORIENTED_EDGE ( 'NONE', *, *, #61, .F. ) ;
#912 = CIRCLE ( 'NONE', #1264, 3.009777261265890846 ) ;
#913 = CARTESIAN_POINT ( 'NONE',  ( -2.279326625612735135, 7.948956596392994456, 0.000000000000000000 ) ) ;
#914 = CARTESIAN_POINT ( 'NONE',  ( -2.677312923661003374, -4.804372540592348528, 0.000000000000000000 ) ) ;
#915 = ORIENTED_EDGE ( 'NONE', *, *, #2952, .T. ) ;
#916 = AXIS2_PLACEMENT_3D ( 'NONE', #1810, #1852, #2905 ) ;
#917 = DIRECTION ( 'NONE',  ( 1.000000000000000000, 0.000000000000000000, 0.000000000000000000 ) ) ;
#918 = CIRCLE ( 'NONE', #698, 1.600000000000000089 ) ;
#919 = CARTESIAN_POINT ( 'NONE',  ( 0.000000000000000000, 0.000000000000000000, 7.219999999999999751 ) ) ;
#920 = ORIENTED_EDGE ( 'NONE', *, *, #385, .F. ) ;
#921 = ORIENTED_EDGE ( 'NONE', *, *, #1700, .T. ) ;
#922 = CC_DESIGN_PERSON_AND_ORGANIZATION_ASSIGNMENT ( #769, #2180, ( #1845 ) ) ;
#923 = EDGE_CURVE ( 'NONE', #1492, #164, #3486, .T. ) ;
#924 = ORIENTED_EDGE ( 'NONE', *, *, #2811, .F. ) ;
#925 = DIRECTION ( 'NONE',  ( -0.000000000000000000, -0.000000000000000000, -1.000000000000000000 ) ) ;
#926 = DIRECTION ( 'NONE',  ( 0.000000000000000000, 0.000000000000000000, 1.000000000000000000 ) ) ;
#927 = DIRECTION ( 'NONE',  ( -0.000000000000000000, -0.000000000000000000, 1.000000000000000000 ) ) ;
#928 = DIRECTION ( 'NONE',  ( -0.000000000000000000, -0.000000000000000000, -1.000000000000000000 ) ) ;
#929 = EDGE_LOOP ( 'NONE', ( #1612, #1675, #2596, #1267, #141, #3123, #1056, #416, #782, #3252, #190, #2888, #2220, #261, #1221, #3423, #3288, #2900, #3028, #1174, #2871, #152, #2044, #2092, #661, #3463, #845, #2107, #3257, #1636, #3016, #2516, #168, #1698, #1173, #1413, #1300, #92, #682, #468, #904, #1486, #1640, #1269, #2436, #3151, #281, #472, #3242, #510, #3497 ) ) ;
#930 = CARTESIAN_POINT ( 'NONE',  ( 40.10796630892206593, -10.78767380862164238, 2.000000000000000000 ) ) ;
#931 = CARTESIAN_POINT ( 'NONE',  ( 0.000000000000000000, 0.000000000000000000, 0.000000000000000000 ) ) ;
#932 = ORIENTED_EDGE ( 'NONE', *, *, #1700, .F. ) ;
#933 = CALENDAR_DATE ( 2026, 24, 6 ) ;
#934 = CARTESIAN_POINT ( 'NONE',  ( 49.60796630892206593, -10.78767380862164238, 5.219999999999999751 ) ) ;
#935 = EDGE_LOOP ( 'NONE', ( #994, #388 ) ) ;
#936 = ORIENTED_EDGE ( 'NONE', *, *, #524, .T. ) ;
#937 = ADVANCED_FACE ( 'NONE', ( #604 ), #2783, .T. ) ;
#938 = ADVANCED_FACE ( 'NONE', ( #3443 ), #2393, .T. ) ;
#939 = ORIENTED_EDGE ( 'NONE', *, *, #2101, .F. ) ;
#940 = CARTESIAN_POINT ( 'NONE',  ( 27.32231747987597004, 10.69550994100709396, 1.000000000000000888 ) ) ;
#941 = CARTESIAN_POINT ( 'NONE',  ( -1.677312923661019806, -4.804372540592348528, -2.780000000000000249 ) ) ;
#942 = CYLINDRICAL_SURFACE ( 'NONE', #2983, 7.425000000000000711 ) ;
#943 = EDGE_CURVE ( 'NONE', #3489, #1360, #1591, .T. ) ;
#944 = DIRECTION ( 'NONE',  ( -0.9656799471307166982, 0.2597349412566899440, 0.000000000000000000 ) ) ;
#945 = VERTEX_POINT ( 'NONE', #2320 ) ;
#946 = DIRECTION ( 'NONE',  ( -0.9656799471307166982, 0.2597349412566899440, 0.000000000000000000 ) ) ;
#947 = LINE ( 'NONE', #1835, #1025 ) ;
#948 = CARTESIAN_POINT ( 'NONE',  ( 54.10796630892205883, -10.78767380862164238, 0.000000000000000000 ) ) ;
#949 = CARTESIAN_POINT ( 'NONE',  ( 40.10796630892206593, -10.78767380862164238, 5.219999999999999751 ) ) ;
#950 = ORIENTED_EDGE ( 'NONE', *, *, #2730, .F. ) ;
#951 = CARTESIAN_POINT ( 'NONE',  ( -2.677312923661003374, -4.804372540592348528, -2.780000000000000249 ) ) ;
#952 = DIRECTION ( 'NONE',  ( -0.000000000000000000, -0.000000000000000000, -1.000000000000000000 ) ) ;
#953 = ORIENTED_EDGE ( 'NONE', *, *, #2565, .T. ) ;
#954 = ORIENTED_EDGE ( 'NONE', *, *, #480, .F. ) ;
#955 = CIRCLE ( 'NONE', #2229, 3.009777261265890402 ) ;
#956 = ORIENTED_EDGE ( 'NONE', *, *, #2277, .F. ) ;
#957 = AXIS2_PLACEMENT_3D ( 'NONE', #2657, #497, #3007 ) ;
#958 = CARTESIAN_POINT ( 'NONE',  ( 3.855067760939290267, 5.752885838784841610, -2.007468084992690324E-16 ) ) ;
#959 = CIRCLE ( 'NONE', #3427, 9.900000000000000355 ) ;
#960 = DIRECTION ( 'NONE',  ( 0.8997323641003778238, 0.4364420614358171524, 0.000000000000000000 ) ) ;
#961 = AXIS2_PLACEMENT_3D ( 'NONE', #1218, #2308, #3510 ) ;
#962 = VECTOR ( 'NONE', #2150, 1000.000000000000000 ) ;
#963 = CARTESIAN_POINT ( 'NONE',  ( -2.094789153885332489, -6.201058811981068786, 7.220000000000000639 ) ) ;
#964 = CARTESIAN_POINT ( 'NONE',  ( 1.320665576569563848, 7.306604371037491497, 7.219999999999999751 ) ) ;
#965 = ORIENTED_EDGE ( 'NONE', *, *, #2101, .T. ) ;
#966 = ADVANCED_FACE ( 'NONE', ( #3172 ), #3388, .T. ) ;
#967 = CIRCLE ( 'NONE', #2989, 7.425000000000000711 ) ;
#968 = DIRECTION ( 'NONE',  ( 1.000000000000000000, 0.000000000000000000, 0.000000000000000000 ) ) ;
#969 = CIRCLE ( 'NONE', #2575, 3.009777261265889514 ) ;
#970 = DIRECTION ( 'NONE',  ( -0.000000000000000000, -0.000000000000000000, -1.000000000000000000 ) ) ;
#971 = CARTESIAN_POINT ( 'NONE',  ( 40.10796630892206593, -10.78767380862164238, 1.000000000000000888 ) ) ;
#972 = VERTEX_POINT ( 'NONE', #1272 ) ;
#973 = DIRECTION ( 'NONE',  ( -0.000000000000000000, -0.000000000000000000, 1.000000000000000000 ) ) ;
#974 = CARTESIAN_POINT ( 'NONE',  ( 18.27055477708033493, -22.95843621649840216, 1.000000000000000888 ) ) ;
#975 = CIRCLE ( 'NONE', #1435, 3.009777261265890402 ) ;
#976 = CIRCLE ( 'NONE', #2997, 1.500000000000000222 ) ;
#977 = CARTESIAN_POINT ( 'NONE',  ( -2.677312923661003374, -4.804372540592348528, 7.219999999999999751 ) ) ;
#978 = ORIENTED_EDGE ( 'NONE', *, *, #1514, .F. ) ;
#979 = VERTEX_POINT ( 'NONE', #2286 ) ;
#980 = CIRCLE ( 'NONE', #2998, 7.425000000000000711 ) ;
#981 = VERTEX_POINT ( 'NONE', #2841 ) ;
#982 = FACE_OUTER_BOUND ( 'NONE', #2362, .T. ) ;
#983 = DIRECTION ( 'NONE',  ( -0.000000000000000000, -0.000000000000000000, 1.000000000000000000 ) ) ;
#984 = CARTESIAN_POINT ( 'NONE',  ( -1.668796997574234497, -6.204493660314855497, 1.000000000000000000 ) ) ;
#985 = CYLINDRICAL_SURFACE ( 'NONE', #1152, 1.500000000000000444 ) ;
#986 = ORIENTED_EDGE ( 'NONE', *, *, #3458, .F. ) ;
#987 = DIRECTION ( 'NONE',  ( -0.000000000000000000, -0.000000000000000000, -1.000000000000000000 ) ) ;
#988 = CARTESIAN_POINT ( 'NONE',  ( 40.10796630892206593, -10.78767380862164238, 6.220000000000003304 ) ) ;
#989 = DIRECTION ( 'NONE',  ( -0.000000000000000000, -0.000000000000000000, -1.000000000000000000 ) ) ;
#990 = ADVANCED_FACE ( 'NONE', ( #2365 ), #3417, .T. ) ;
#991 = DIRECTION ( 'NONE',  ( 0.5877852522924713607, 0.8090169943749487835, 0.000000000000000000 ) ) ;
#992 = DIRECTION ( 'NONE',  ( -0.000000000000000000, -0.000000000000000000, -1.000000000000000000 ) ) ;
#993 = EDGE_CURVE ( 'NONE', #438, #2702, #2885, .T. ) ;
#994 = ORIENTED_EDGE ( 'NONE', *, *, #1040, .T. ) ;
#995 = PERSON_AND_ORGANIZATION ( #2538, #700 ) ;
#996 = CARTESIAN_POINT ( 'NONE',  ( 2.677312923661003818, 4.804372540592348528, 7.219999999999999751 ) ) ;
#997 = ORIENTED_EDGE ( 'NONE', *, *, #1010, .F. ) ;
#998 = ORIENTED_EDGE ( 'NONE', *, *, #1580, .F. ) ;
#999 = VERTEX_POINT ( 'NONE', #1749 ) ;
#1000 = DIRECTION ( 'NONE',  ( 1.000000000000000000, 0.000000000000000000, 0.000000000000000000 ) ) ;
#1001 = DIRECTION ( 'NONE',  ( 0.000000000000000000, 0.000000000000000000, -1.000000000000000000 ) ) ;
#1002 = DIRECTION ( 'NONE',  ( -1.000000000000000000, 0.000000000000000000, 0.000000000000000000 ) ) ;
#1003 = DIRECTION ( 'NONE',  ( -1.000000000000000000, 0.000000000000000000, 0.000000000000000000 ) ) ;
#1004 = ORIENTED_EDGE ( 'NONE', *, *, #2449, .T. ) ;
#1005 = FACE_OUTER_BOUND ( 'NONE', #569, .T. ) ;
#1006 = DIRECTION ( 'NONE',  ( -0.000000000000000000, -0.000000000000000000, -1.000000000000000000 ) ) ;
#1007 = DIRECTION ( 'NONE',  ( 0.000000000000000000, 0.000000000000000000, -1.000000000000000000 ) ) ;
#1008 = CARTESIAN_POINT ( 'NONE',  ( -9.108128016965425289, 3.879691228251228807, 0.000000000000000000 ) ) ;
#1009 = ORIENTED_EDGE ( 'NONE', *, *, #1147, .T. ) ;
#1010 = EDGE_CURVE ( 'NONE', #2669, #1609, #455, .T. ) ;
#1011 = CARTESIAN_POINT ( 'NONE',  ( 1.320665576569563848, 7.306604371037493273, 0.8641700164785571792 ) ) ;
#1012 = VERTEX_POINT ( 'NONE', #1482 ) ;
#1013 = DIRECTION ( 'NONE',  ( 1.000000000000000000, 0.000000000000000000, 0.000000000000000000 ) ) ;
#1014 = EDGE_CURVE ( 'NONE', #1762, #248, #171, .T. ) ;
#1015 = EDGE_CURVE ( 'NONE', #720, #248, #1244, .T. ) ;
#1016 = ORIENTED_EDGE ( 'NONE', *, *, #2241, .F. ) ;
#1017 = CYLINDRICAL_SURFACE ( 'NONE', #2810, 1.499999999999999556 ) ;
#1018 = CARTESIAN_POINT ( 'NONE',  ( 1.928531938830923442, 7.170173607445572195, -39.59147899454167430 ) ) ;
#1019 = CIRCLE ( 'NONE', #671, 1.500000000000000000 ) ;
#1020 = CARTESIAN_POINT ( 'NONE',  ( 0.8752392796566006439, 9.861235024242461122, 0.000000000000000000 ) ) ;
#1021 = CIRCLE ( 'NONE', #2915, 1.500000000000000000 ) ;
#1022 = DIRECTION ( 'NONE',  ( -0.000000000000000000, -0.000000000000000000, -1.000000000000000000 ) ) ;
#1023 = EDGE_LOOP ( 'NONE', ( #216, #1824, #3333, #1587 ) ) ;
#1024 = DIRECTION ( 'NONE',  ( 1.000000000000000000, 0.000000000000000000, 0.000000000000000000 ) ) ;
#1025 = VECTOR ( 'NONE', #3485, 1000.000000000000000 ) ;
#1026 = AXIS2_PLACEMENT_3D ( 'NONE', #311, #2501, #1958 ) ;
#1027 = FACE_OUTER_BOUND ( 'NONE', #935, .T. ) ;
#1028 = CIRCLE ( 'NONE', #3089, 7.425000000000000711 ) ;
#1029 = VECTOR ( 'NONE', #2221, 1000.000000000000000 ) ;
#1030 = CYLINDRICAL_SURFACE ( 'NONE', #1484, 3.009777261265889958 ) ;
#1031 = EDGE_LOOP ( 'NONE', ( #1909, #2257, #1975, #1009 ) ) ;
#1032 = CALENDAR_DATE ( 2026, 24, 6 ) ;
#1033 = DIRECTION ( 'NONE',  ( -1.000000000000000000, 0.000000000000000000, 0.000000000000000000 ) ) ;
#1034 = VECTOR ( 'NONE', #1508, 1000.000000000000000 ) ;
#1035 = DIRECTION ( 'NONE',  ( 1.000000000000000000, 0.000000000000000000, 0.000000000000000000 ) ) ;
#1036 = VERTEX_POINT ( 'NONE', #115 ) ;
#1037 = AXIS2_PLACEMENT_3D ( 'NONE', #592, #1681, #1406 ) ;
#1038 = CARTESIAN_POINT ( 'NONE',  ( 31.59734611092361689, 6.757107291335714194, 10.00000000000000000 ) ) ;
#1039 = VECTOR ( 'NONE', #928, 1000.000000000000000 ) ;
#1040 = EDGE_CURVE ( 'NONE', #709, #600, #1139, .T. ) ;
#1041 = EDGE_LOOP ( 'NONE', ( #1372, #997, #31, #3185 ) ) ;
#1042 = DIRECTION ( 'NONE',  ( 0.000000000000000000, 0.000000000000000000, 1.000000000000000000 ) ) ;
#1043 = EDGE_CURVE ( 'NONE', #2654, #3005, #2687, .T. ) ;
#1044 = LINE ( 'NONE', #735, #576 ) ;
#1045 = AXIS2_PLACEMENT_3D ( 'NONE', #2812, #1228, #367 ) ;
#1046 = AXIS2_PLACEMENT_3D ( 'NONE', #2744, #2440, #2497 ) ;
#1047 = CARTESIAN_POINT ( 'NONE',  ( -8.207656991483856856, 1.007773559740973823, 0.000000000000000000 ) ) ;
#1048 = CARTESIAN_POINT ( 'NONE',  ( -2.279326625612735135, 7.948956596392994456, 7.219999999999999751 ) ) ;
#1049 = ORIENTED_EDGE ( 'NONE', *, *, #2776, .T. ) ;
#1050 = DIRECTION ( 'NONE',  ( -0.3090169943749514481, 0.9510565162951521989, 0.000000000000000000 ) ) ;
#1051 = DIRECTION ( 'NONE',  ( -0.000000000000000000, -0.000000000000000000, -1.000000000000000000 ) ) ;
#1052 = CARTESIAN_POINT ( 'NONE',  ( -0.1614012457592478578, 7.423245559582908548, 7.219999999999999751 ) ) ;
#1053 = DIRECTION ( 'NONE',  ( 0.000000000000000000, 0.000000000000000000, 1.000000000000000000 ) ) ;
#1054 = ORIENTED_EDGE ( 'NONE', *, *, #590, .T. ) ;
#1055 = DIRECTION ( 'NONE',  ( 0.000000000000000000, 0.000000000000000000, 1.000000000000000000 ) ) ;
#1056 = ORIENTED_EDGE ( 'NONE', *, *, #2449, .F. ) ;
#1057 = CARTESIAN_POINT ( 'NONE',  ( -2.677312923661003374, -4.804372540592348528, 0.000000000000000000 ) ) ;
#1058 = ORIENTED_EDGE ( 'NONE', *, *, #2929, .F. ) ;
#1059 = DIRECTION ( 'NONE',  ( 1.000000000000000000, 0.000000000000000000, 0.000000000000000000 ) ) ;
#1060 = DIRECTION ( 'NONE',  ( 0.000000000000000000, 0.000000000000000000, -1.000000000000000000 ) ) ;
#1061 = EDGE_CURVE ( 'NONE', #344, #1728, #3129, .T. ) ;
#1062 = ADVANCED_FACE ( 'NONE', ( #1230 ), #1517, .F. ) ;
#1063 = DIRECTION ( 'NONE',  ( -0.000000000000000000, -0.000000000000000000, -1.000000000000000000 ) ) ;
#1064 = CYLINDRICAL_SURFACE ( 'NONE', #1101, 7.425000000000000711 ) ;
#1065 = ORIENTED_EDGE ( 'NONE', *, *, #1565, .T. ) ;
#1066 = CARTESIAN_POINT ( 'NONE',  ( 55.10796630892206593, -10.78767380862164238, 6.220000000000003304 ) ) ;
#1067 = EDGE_CURVE ( 'NONE', #1964, #1475, #645, .T. ) ;
#1068 = EDGE_CURVE ( 'NONE', #2655, #772, #2512, .T. ) ;
#1069 = CARTESIAN_POINT ( 'NONE',  ( 25.49611760853984421, -8.202414618990752970, 10.00000000000000000 ) ) ;
#1070 = DIRECTION ( 'NONE',  ( 0.8734964612736696443, 0.4868304963150692499, 0.000000000000000000 ) ) ;
#1071 = CYLINDRICAL_SURFACE ( 'NONE', #3051, 0.9999999999999996669 ) ;
#1072 = ORIENTED_EDGE ( 'NONE', *, *, #2899, .F. ) ;
#1073 = DATE_TIME_ROLE ( 'classification_date' ) ;
#1074 = DIRECTION ( 'NONE',  ( 0.000000000000000000, 0.000000000000000000, 1.000000000000000000 ) ) ;
#1075 = ORIENTED_EDGE ( 'NONE', *, *, #1284, .T. ) ;
#1076 = ORIENTED_EDGE ( 'NONE', *, *, #1962, .T. ) ;
#1077 = DIRECTION ( 'NONE',  ( -1.000000000000000000, 0.000000000000000000, 0.000000000000000000 ) ) ;
#1078 = DIRECTION ( 'NONE',  ( 0.000000000000000000, 0.000000000000000000, -1.000000000000000000 ) ) ;
#1079 = DIRECTION ( 'NONE',  ( -1.000000000000000000, 0.000000000000000000, 0.000000000000000000 ) ) ;
#1080 = DIRECTION ( 'NONE',  ( -1.000000000000000000, 0.000000000000000000, 0.000000000000000000 ) ) ;
#1081 = VERTEX_POINT ( 'NONE', #2341 ) ;
#1082 = CARTESIAN_POINT ( 'NONE',  ( 0.000000000000000000, 0.000000000000000000, 7.219999999999999751 ) ) ;
#1083 = CIRCLE ( 'NONE', #3426, 7.425000000000000711 ) ;
#1084 = CARTESIAN_POINT ( 'NONE',  ( 18.27055477708033493, -22.95843621649840216, 0.000000000000000000 ) ) ;
#1085 = CARTESIAN_POINT ( 'NONE',  ( 27.87901585109069558, -17.60330075703263120, 6.219999999999999751 ) ) ;
#1086 = CARTESIAN_POINT ( 'NONE',  ( -1.001837319381684743, 7.357101806111843167, 7.219999999999999751 ) ) ;
#1087 = ORIENTED_EDGE ( 'NONE', *, *, #1684, .T. ) ;
#1088 = VECTOR ( 'NONE', #1006, 1000.000000000000000 ) ;
#1089 = VECTOR ( 'NONE', #2004, 1000.000000000000000 ) ;
#1090 = ADVANCED_FACE ( 'NONE', ( #1791 ), #2073, .T. ) ;
#1091 = DIRECTION ( 'NONE',  ( 0.9510565162951531981, 0.3090169943749482839, 0.000000000000000000 ) ) ;
#1092 = VECTOR ( 'NONE', #846, 1000.000000000000000 ) ;
#1093 = CIRCLE ( 'NONE', #580, 3.009777261265890846 ) ;
#1094 = DIRECTION ( 'NONE',  ( -0.4364420614358169304, 0.8997323641003778238, 0.000000000000000000 ) ) ;
#1095 = ORIENTED_EDGE ( 'NONE', *, *, #406, .F. ) ;
#1096 = AXIS2_PLACEMENT_3D ( 'NONE', #3412, #952, #2042 ) ;
#1097 = VECTOR ( 'NONE', #1170, 1000.000000000000000 ) ;
#1098 = VERTEX_POINT ( 'NONE', #758 ) ;
#1099 = CARTESIAN_POINT ( 'NONE',  ( 18.27055477708033493, -22.95843621649840216, 6.220000000000003304 ) ) ;
#1100 = AXIS2_PLACEMENT_3D ( 'NONE', #3027, #1908, #2532 ) ;
#1101 = AXIS2_PLACEMENT_3D ( 'NONE', #254, #1022, #197 ) ;
#1102 = DIRECTION ( 'NONE',  ( -1.000000000000000000, 0.000000000000000000, 0.000000000000000000 ) ) ;
#1103 = ORIENTED_EDGE ( 'NONE', *, *, #644, .F. ) ;
#1104 = CARTESIAN_POINT ( 'NONE',  ( -4.624131115888315158, 6.855556305701257180, 7.219999999999999751 ) ) ;
#1105 = VECTOR ( 'NONE', #1328, 1000.000000000000000 ) ;
#1106 = CARTESIAN_POINT ( 'NONE',  ( -6.855556305701242081, -4.624131115888339139, 0.000000000000000000 ) ) ;
#1107 = DIRECTION ( 'NONE',  ( 0.9656799471307166982, -0.2597349412566898885, 0.000000000000000000 ) ) ;
#1108 = VERTEX_POINT ( 'NONE', #1305 ) ;
#1109 = LINE ( 'NONE', #2490, #2172 ) ;
#1110 = EDGE_CURVE ( 'NONE', #1128, #2185, #2111, .T. ) ;
#1111 = EDGE_CURVE ( 'NONE', #3473, #2185, #2459, .T. ) ;
#1112 = DIRECTION ( 'NONE',  ( -1.000000000000000000, 0.000000000000000000, 0.000000000000000000 ) ) ;
#1113 = VERTEX_POINT ( 'NONE', #3213 ) ;
#1114 = EDGE_CURVE ( 'NONE', #1182, #899, #213, .T. ) ;
#1115 = ORIENTED_EDGE ( 'NONE', *, *, #1179, .T. ) ;
#1116 = CYLINDRICAL_SURFACE ( 'NONE', #1957, 3.009777261265889958 ) ;
#1117 = CARTESIAN_POINT ( 'NONE',  ( -2.003358177453742783, -6.145504578666365347, 0.000000000000000000 ) ) ;
#1118 = ORIENTED_EDGE ( 'NONE', *, *, #1805, .F. ) ;
#1119 = CARTESIAN_POINT ( 'NONE',  ( -7.010050333647484422, -2.447410737847004025, 7.219999999999999751 ) ) ;
#1120 = FACE_OUTER_BOUND ( 'NONE', #835, .T. ) ;
#1121 = PRODUCT_DEFINITION_SHAPE ( 'NONE', 'NONE',  #409 ) ;
#1122 = FACE_OUTER_BOUND ( 'NONE', #3361, .T. ) ;
#1123 = CARTESIAN_POINT ( 'NONE',  ( -2.214887187781488631, 9.649055640082167429, 7.219999999999999751 ) ) ;
#1124 = ORIENTED_EDGE ( 'NONE', *, *, #1954, .T. ) ;
#1125 = DIRECTION ( 'NONE',  ( 0.000000000000000000, 0.000000000000000000, 1.000000000000000000 ) ) ;
#1126 = LINE ( 'NONE', #2703, #1598 ) ;
#1127 = DIRECTION ( 'NONE',  ( -0.000000000000000000, -0.000000000000000000, -1.000000000000000000 ) ) ;
#1128 = VERTEX_POINT ( 'NONE', #2133 ) ;
#1129 = VERTEX_POINT ( 'NONE', #1901 ) ;
#1130 = EDGE_CURVE ( 'NONE', #2038, #2339, #3137, .T. ) ;
#1131 = CARTESIAN_POINT ( 'NONE',  ( -8.117364821707893086, -1.577855883427253803, 7.219999999999999751 ) ) ;
#1132 = ORIENTED_EDGE ( 'NONE', *, *, #124, .F. ) ;
#1133 = LINE ( 'NONE', #3340, #1029 ) ;
#1134 = DIRECTION ( 'NONE',  ( 0.000000000000000000, 0.000000000000000000, 1.000000000000000000 ) ) ;
#1135 = CARTESIAN_POINT ( 'NONE',  ( 24.72496806730907082, 1.038710469699922978, 6.220000000000004192 ) ) ;
#1136 = ORIENTED_EDGE ( 'NONE', *, *, #2065, .T. ) ;
#1137 = CARTESIAN_POINT ( 'NONE',  ( -5.910662539161998019, -4.493850614800968479, 7.219999999999999751 ) ) ;
#1138 = VECTOR ( 'NONE', #1277, 1000.000000000000000 ) ;
#1139 = CIRCLE ( 'NONE', #1759, 1.500000000000000444 ) ;
#1140 = CIRCLE ( 'NONE', #462, 15.00000000000000000 ) ;
#1141 = DIRECTION ( 'NONE',  ( -0.000000000000000000, -0.000000000000000000, -1.000000000000000000 ) ) ;
#1142 = ORIENTED_EDGE ( 'NONE', *, *, #2082, .F. ) ;
#1143 = AXIS2_PLACEMENT_3D ( 'NONE', #1658, #1391, #1691 ) ;
#1144 = ORIENTED_EDGE ( 'NONE', *, *, #2399, .F. ) ;
#1145 = VECTOR ( 'NONE', #2668, 1000.000000000000000 ) ;
#1146 = VECTOR ( 'NONE', #71, 1000.000000000000000 ) ;
#1147 = EDGE_CURVE ( 'NONE', #1252, #621, #2165, .T. ) ;
#1148 = EDGE_CURVE ( 'NONE', #2533, #3110, #1592, .T. ) ;
#1149 = FACE_OUTER_BOUND ( 'NONE', #494, .T. ) ;
#1150 = CARTESIAN_POINT ( 'NONE',  ( 2.677312923661003818, 4.804372540592348528, 5.200000000000000178 ) ) ;
#1151 = CIRCLE ( 'NONE', #753, 3.009777261265890846 ) ;
#1152 = AXIS2_PLACEMENT_3D ( 'NONE', #1868, #2091, #3508 ) ;
#1153 = CARTESIAN_POINT ( 'NONE',  ( 0.2885942357802444014, 8.264257631792538916, 7.219999999999999751 ) ) ;
#1154 = LINE ( 'NONE', #606, #3150 ) ;
#1155 = ORIENTED_EDGE ( 'NONE', *, *, #2526, .T. ) ;
#1156 = AXIS2_PLACEMENT_3D ( 'NONE', #3401, #905, #1481 ) ;
#1157 = DIRECTION ( 'NONE',  ( 0.000000000000000000, 0.000000000000000000, 1.000000000000000000 ) ) ;
#1158 = VERTEX_POINT ( 'NONE', #284 ) ;
#1159 = ORIENTED_EDGE ( 'NONE', *, *, #3524, .T. ) ;
#1160 = DIRECTION ( 'NONE',  ( -1.000000000000000000, 0.000000000000000000, 0.000000000000000000 ) ) ;
#1161 = EDGE_CURVE ( 'NONE', #840, #1515, #2266, .T. ) ;
#1162 = CARTESIAN_POINT ( 'NONE',  ( 0.000000000000000000, 0.000000000000000000, -2.780000000000000249 ) ) ;
#1163 = ADVANCED_FACE ( 'NONE', ( #1362 ), #112, .T. ) ;
#1164 = FACE_OUTER_BOUND ( 'NONE', #2244, .T. ) ;
#1165 = DIRECTION ( 'NONE',  ( -3.458176453723081074E-15, 1.000000000000000000, 0.000000000000000000 ) ) ;
#1166 = ORIENTED_EDGE ( 'NONE', *, *, #481, .T. ) ;
#1167 = ADVANCED_FACE ( 'NONE', ( #3231 ), #2441, .T. ) ;
#1168 = ADVANCED_FACE ( 'NONE', ( #1574 ), #2105, .T. ) ;
#1169 = UNCERTAINTY_MEASURE_WITH_UNIT (LENGTH_MEASURE( 1.000000000000000082E-05 ), #469, 'distance_accuracy_value', 'NONE');
#1170 = DIRECTION ( 'NONE',  ( -0.000000000000000000, -0.000000000000000000, -1.000000000000000000 ) ) ;
#1171 = VERTEX_POINT ( 'NONE', #774 ) ;
#1172 = DIRECTION ( 'NONE',  ( -1.000000000000000000, 0.000000000000000000, 0.000000000000000000 ) ) ;
#1173 = ORIENTED_EDGE ( 'NONE', *, *, #691, .T. ) ;
#1174 = ORIENTED_EDGE ( 'NONE', *, *, #3318, .T. ) ;
#1175 = CARTESIAN_POINT ( 'NONE',  ( 1.677312923661003596, 4.804372540592348528, 5.200000000000001066 ) ) ;
#1176 = FACE_OUTER_BOUND ( 'NONE', #579, .T. ) ;
#1177 = FACE_BOUND ( 'NONE', #2862, .T. ) ;
#1178 = VERTEX_POINT ( 'NONE', #2673 ) ;
#1179 = EDGE_CURVE ( 'NONE', #3314, #1171, #1044, .T. ) ;
#1180 = CARTESIAN_POINT ( 'NONE',  ( -3.513892524267995476, -6.540885592019899164, 7.219999999999999751 ) ) ;
#1181 = ADVANCED_FACE ( 'NONE', ( #512 ), #623, .T. ) ;
#1182 = VERTEX_POINT ( 'NONE', #2692 ) ;
#1183 = DIRECTION ( 'NONE',  ( -0.000000000000000000, -0.000000000000000000, -1.000000000000000000 ) ) ;
#1184 = VECTOR ( 'NONE', #138, 1000.000000000000114 ) ;
#1185 = AXIS2_PLACEMENT_3D ( 'NONE', #2175, #743, #1566 ) ;
#1186 = ORIENTED_EDGE ( 'NONE', *, *, #1447, .T. ) ;
#1187 = ORIENTED_EDGE ( 'NONE', *, *, #2053, .F. ) ;
#1188 = CIRCLE ( 'NONE', #2108, 8.000000000000000000 ) ;
#1189 = CIRCLE ( 'NONE', #2568, 1.000000000000000000 ) ;
#1190 = CIRCLE ( 'NONE', #1477, 9.900000000000002132 ) ;
#1191 = ORIENTED_EDGE ( 'NONE', *, *, #1954, .F. ) ;
#1192 = CARTESIAN_POINT ( 'NONE',  ( 2.315283978184562219, 6.272279249983025551, 0.02483968529790727200 ) ) ;
#1193 = DIRECTION ( 'NONE',  ( 0.000000000000000000, 0.000000000000000000, -1.000000000000000000 ) ) ;
#1194 = CIRCLE ( 'NONE', #2118, 9.500000000000001776 ) ;
#1195 = DIRECTION ( 'NONE',  ( 0.000000000000000000, 0.000000000000000000, 1.000000000000000000 ) ) ;
#1196 = CIRCLE ( 'NONE', #693, 9.900000000000000355 ) ;
#1197 = LINE ( 'NONE', #964, #1039 ) ;
#1198 = ORIENTED_EDGE ( 'NONE', *, *, #3475, .F. ) ;
#1199 = DIRECTION ( 'NONE',  ( -1.000000000000000000, 0.000000000000000000, 0.000000000000000000 ) ) ;
#1200 = VECTOR ( 'NONE', #458, 1000.000000000000000 ) ;
#1201 = DIRECTION ( 'NONE',  ( -1.000000000000000000, 0.000000000000000000, 0.000000000000000000 ) ) ;
#1202 = CARTESIAN_POINT ( 'NONE',  ( 40.10796630892206593, -10.78767380862164238, 49.30459075783377898 ) ) ;
#1203 = ORIENTED_EDGE ( 'NONE', *, *, #2844, .T. ) ;
#1204 = AXIS2_PLACEMENT_3D ( 'NONE', #2402, #496, #2638 ) ;
#1205 = PERSON_AND_ORGANIZATION ( #2538, #700 ) ;
#1206 = ADVANCED_FACE ( 'NONE', ( #2427 ), #3522, .F. ) ;
#1207 = EDGE_CURVE ( 'NONE', #720, #1904, #3490, .T. ) ;
#1208 = FACE_OUTER_BOUND ( 'NONE', #1387, .T. ) ;
#1209 = EDGE_LOOP ( 'NONE', ( #383, #2254 ) ) ;
#1210 = ORIENTED_EDGE ( 'NONE', *, *, #1918, .F. ) ;
#1211 = EDGE_CURVE ( 'NONE', #2010, #2846, #2978, .T. ) ;
#1212 = ORIENTED_EDGE ( 'NONE', *, *, #755, .F. ) ;
#1213 = DIRECTION ( 'NONE',  ( 1.000000000000000000, 0.000000000000000000, 0.000000000000000000 ) ) ;
#1214 = DIRECTION ( 'NONE',  ( 1.000000000000000000, 0.000000000000000000, 0.000000000000000000 ) ) ;
#1215 = CARTESIAN_POINT ( 'NONE',  ( -2.079528540249226953, -6.587748722466717055, 7.104867871711079808 ) ) ;
#1216 = DIRECTION ( 'NONE',  ( -1.000000000000000000, 0.000000000000000000, 0.000000000000000000 ) ) ;
#1217 = ORIENTED_EDGE ( 'NONE', *, *, #2083, .F. ) ;
#1218 = CARTESIAN_POINT ( 'NONE',  ( -4.804372540592347640, 2.677312923661004262, 5.200000000000001066 ) ) ;
#1219 = LINE ( 'NONE', #2309, #626 ) ;
#1220 = DIRECTION ( 'NONE',  ( 0.000000000000000000, 0.000000000000000000, 1.000000000000000000 ) ) ;
#1221 = ORIENTED_EDGE ( 'NONE', *, *, #610, .T. ) ;
#1222 = DIRECTION ( 'NONE',  ( 0.000000000000000000, 0.000000000000000000, 1.000000000000000000 ) ) ;
#1223 = DIRECTION ( 'NONE',  ( -0.000000000000000000, -0.000000000000000000, 1.000000000000000000 ) ) ;
#1224 = EDGE_LOOP ( 'NONE', ( #581, #915, #2661, #1118 ) ) ;
#1225 = ORIENTED_EDGE ( 'NONE', *, *, #797, .F. ) ;
#1226 = ORIENTED_EDGE ( 'NONE', *, *, #68, .T. ) ;
#1227 = EDGE_CURVE ( 'NONE', #754, #2265, #2245, .T. ) ;
#1228 = DIRECTION ( 'NONE',  ( -0.000000000000000000, -0.000000000000000000, -1.000000000000000000 ) ) ;
#1229 = EDGE_CURVE ( 'NONE', #1081, #972, #1971, .T. ) ;
#1230 = FACE_OUTER_BOUND ( 'NONE', #855, .T. ) ;
#1231 = CARTESIAN_POINT ( 'NONE',  ( 0.000000000000000000, 0.000000000000000000, 0.000000000000000000 ) ) ;
#1232 = DIRECTION ( 'NONE',  ( 0.000000000000000000, 0.000000000000000000, 1.000000000000000000 ) ) ;
#1233 = ORIENTED_EDGE ( 'NONE', *, *, #898, .F. ) ;
#1234 = CARTESIAN_POINT ( 'NONE',  ( -7.109801789353291213, 2.140407324811976597, 0.000000000000000000 ) ) ;
#1235 = DIRECTION ( 'NONE',  ( -0.000000000000000000, -0.000000000000000000, -1.000000000000000000 ) ) ;
#1236 = CARTESIAN_POINT ( 'NONE',  ( 3.804372540592347196, -2.677312923661003818, 7.219999999999999751 ) ) ;
#1237 = CARTESIAN_POINT ( 'NONE',  ( -2.119519275126079183, -6.996527258395180304, 0.5191967952773921535 ) ) ;
#1238 = ORIENTED_EDGE ( 'NONE', *, *, #2278, .F. ) ;
#1239 = CARTESIAN_POINT ( 'NONE',  ( -9.861235024242464675, 0.8752392796565661159, 7.219999999999999751 ) ) ;
#1240 = ORIENTED_EDGE ( 'NONE', *, *, #2730, .T. ) ;
#1241 = EDGE_LOOP ( 'NONE', ( #1303, #3520, #2281, #2330 ) ) ;
#1242 = AXIS2_PLACEMENT_3D ( 'NONE', #483, #3234, #214 ) ;
#1243 = EDGE_LOOP ( 'NONE', ( #3134, #1286, #2537, #3019 ) ) ;
#1244 = CIRCLE ( 'NONE', #1981, 2.000000000000000000 ) ;
#1245 = FACE_OUTER_BOUND ( 'NONE', #435, .T. ) ;
#1246 = VECTOR ( 'NONE', #1779, 1000.000000000000000 ) ;
#1247 = DIRECTION ( 'NONE',  ( 0.9510565162951533091, 0.3090169943749481729, 0.000000000000000000 ) ) ;
#1248 = AXIS2_PLACEMENT_3D ( 'NONE', #2962, #2115, #1540 ) ;
#1249 = EDGE_CURVE ( 'NONE', #2381, #1182, #1083, .T. ) ;
#1250 = CARTESIAN_POINT ( 'NONE',  ( -2.115049005690108341, -6.066893167308066381, 7.219999999999999751 ) ) ;
#1251 = DIRECTION ( 'NONE',  ( -0.000000000000000000, -0.000000000000000000, -1.000000000000000000 ) ) ;
#1252 = VERTEX_POINT ( 'NONE', #2225 ) ;
#1253 = FACE_OUTER_BOUND ( 'NONE', #1041, .T. ) ;
#1254 = TOROIDAL_SURFACE ( 'NONE', #2465, 6.425000000000000711, 1.000000000000000000 ) ;
#1255 = CYLINDRICAL_SURFACE ( 'NONE', #2690, 3.009777261265889070 ) ;
#1256 = CARTESIAN_POINT ( 'NONE',  ( -9.876744445807968731, 0.6781733939056152627, 7.219999999999999751 ) ) ;
#1257 = DIRECTION ( 'NONE',  ( -0.000000000000000000, -0.000000000000000000, -1.000000000000000000 ) ) ;
#1258 = CIRCLE ( 'NONE', #2051, 6.425000000000000711 ) ;
#1259 = DIRECTION ( 'NONE',  ( 0.000000000000000000, 0.000000000000000000, 1.000000000000000000 ) ) ;
#1260 = CARTESIAN_POINT ( 'NONE',  ( -1.928531938830924553, -7.170173607445571307, 6.219999999999996199 ) ) ;
#1261 = ORIENTED_EDGE ( 'NONE', *, *, #431, .F. ) ;
#1262 = PERSON_AND_ORGANIZATION ( #2538, #700 ) ;
#1263 = AXIS2_PLACEMENT_3D ( 'NONE', #1392, #2470, #2487 ) ;
#1264 = AXIS2_PLACEMENT_3D ( 'NONE', #1402, #2733, #1903 ) ;
#1265 = DIRECTION ( 'NONE',  ( 1.000000000000000000, 0.000000000000000000, 0.000000000000000000 ) ) ;
#1266 = ORIENTED_EDGE ( 'NONE', *, *, #691, .F. ) ;
#1267 = ORIENTED_EDGE ( 'NONE', *, *, #1161, .T. ) ;
#1268 = AXIS2_PLACEMENT_3D ( 'NONE', #3211, #477, #228 ) ;
#1269 = ORIENTED_EDGE ( 'NONE', *, *, #2639, .T. ) ;
#1270 = CIRCLE ( 'NONE', #202, 7.425000000000000711 ) ;
#1271 = DIRECTION ( 'NONE',  ( -0.8090169943749507819, 0.5877852522924684742, 0.000000000000000000 ) ) ;
#1272 = CARTESIAN_POINT ( 'NONE',  ( 4.177312923661004262, 4.804372540592348528, 0.000000000000000000 ) ) ;
#1273 = DIRECTION ( 'NONE',  ( 0.000000000000000000, 0.000000000000000000, -1.000000000000000000 ) ) ;
#1274 = EDGE_CURVE ( 'NONE', #2822, #2381, #329, .T. ) ;
#1275 = DIRECTION ( 'NONE',  ( -0.000000000000000000, -0.000000000000000000, -1.000000000000000000 ) ) ;
#1276 = ORIENTED_EDGE ( 'NONE', *, *, #1912, .T. ) ;
#1277 = DIRECTION ( 'NONE',  ( -0.000000000000000000, -0.000000000000000000, -1.000000000000000000 ) ) ;
#1278 = FACE_OUTER_BOUND ( 'NONE', #49, .T. ) ;
#1279 = CYLINDRICAL_SURFACE ( 'NONE', #300, 9.900000000000000355 ) ;
#1280 = CARTESIAN_POINT ( 'NONE',  ( -1.668796997574234497, -6.204493660314855497, 1.000000000000000000 ) ) ;
#1281 = ORIENTED_EDGE ( 'NONE', *, *, #2541, .F. ) ;
#1282 = CALENDAR_DATE ( 2026, 24, 6 ) ;
#1283 = EDGE_CURVE ( 'NONE', #2137, #2822, #1936, .T. ) ;
#1284 = EDGE_CURVE ( 'NONE', #80, #2197, #2397, .T. ) ;
#1285 = DIRECTION ( 'NONE',  ( -0.000000000000000000, -0.000000000000000000, 1.000000000000000000 ) ) ;
#1286 = ORIENTED_EDGE ( 'NONE', *, *, #1014, .T. ) ;
#1287 = ORIENTED_EDGE ( 'NONE', *, *, #3459, .F. ) ;
#1288 = ORIENTED_EDGE ( 'NONE', *, *, #3004, .F. ) ;
#1289 = DIRECTION ( 'NONE',  ( 0.000000000000000000, 0.000000000000000000, 1.000000000000000000 ) ) ;
#1290 = CARTESIAN_POINT ( 'NONE',  ( 0.000000000000000000, 0.000000000000000000, 7.219999999999999751 ) ) ;
#1291 = CARTESIAN_POINT ( 'NONE',  ( 27.87901585109069558, -17.60330075703263120, 0.000000000000000000 ) ) ;
#1292 = DIRECTION ( 'NONE',  ( -0.9656799471307166982, 0.2597349412566901106, 0.000000000000000000 ) ) ;
#1293 = VERTEX_POINT ( 'NONE', #2489 ) ;
#1294 = CARTESIAN_POINT ( 'NONE',  ( 40.10796630892206593, -10.78767380862164238, 6.220000000000003304 ) ) ;
#1295 = DIRECTION ( 'NONE',  ( 0.4868304963150693054, -0.8734964612736696443, 0.000000000000000000 ) ) ;
#1296 = ORIENTED_EDGE ( 'NONE', *, *, #2323, .T. ) ;
#1297 = COORDINATED_UNIVERSAL_TIME_OFFSET ( 8, 0, .AHEAD. ) ;
#1298 = EDGE_CURVE ( 'NONE', #3125, #1724, #64, .T. ) ;
#1299 = DIRECTION ( 'NONE',  ( 0.8997323641003778238, 0.4364420614358171524, -0.000000000000000000 ) ) ;
#1300 = ORIENTED_EDGE ( 'NONE', *, *, #712, .F. ) ;
#1301 = ORIENTED_EDGE ( 'NONE', *, *, #1932, .F. ) ;
#1302 = CC_DESIGN_APPROVAL ( #2951, ( #2161 ) ) ;
#1303 = ORIENTED_EDGE ( 'NONE', *, *, #2541, .T. ) ;
#1304 = CARTESIAN_POINT ( 'NONE',  ( -9.876744445807968731, 0.6781733939056152627, 7.219999999999999751 ) ) ;
#1305 = CARTESIAN_POINT ( 'NONE',  ( -5.289103886878624650, 7.948956596392994456, 0.000000000000000000 ) ) ;
#1306 = AXIS2_PLACEMENT_3D ( 'NONE', #2089, #3481, #788 ) ;
#1307 = DIRECTION ( 'NONE',  ( -0.8090169943749507819, 0.5877852522924684742, 0.000000000000000000 ) ) ;
#1308 = AXIS2_PLACEMENT_3D ( 'NONE', #2589, #2293, #408 ) ;
#1309 = DIRECTION ( 'NONE',  ( 1.000000000000000000, 0.000000000000000000, 0.000000000000000000 ) ) ;
#1310 = ORIENTED_EDGE ( 'NONE', *, *, #291, .T. ) ;
#1311 = DIRECTION ( 'NONE',  ( 1.000000000000000000, 0.000000000000000000, 0.000000000000000000 ) ) ;
#1312 = CIRCLE ( 'NONE', #961, 1.000000000000000000 ) ;
#1313 = AXIS2_PLACEMENT_3D ( 'NONE', #155, #2843, #118 ) ;
#1314 = CARTESIAN_POINT ( 'NONE',  ( -2.099212645435582392, -6.188496837148004914, 0.006051166610364542946 ) ) ;
#1315 = AXIS2_PLACEMENT_3D ( 'NONE', #570, #3010, #516 ) ;
#1316 = CARTESIAN_POINT ( 'NONE',  ( -9.183775061117861682, 3.697063108304976531, 7.219999999999999751 ) ) ;
#1317 = ORIENTED_EDGE ( 'NONE', *, *, #923, .T. ) ;
#1318 = COORDINATED_UNIVERSAL_TIME_OFFSET ( 8, 0, .AHEAD. ) ;
#1319 = AXIS2_PLACEMENT_3D ( 'NONE', #1725, #1141, #620 ) ;
#1320 = CARTESIAN_POINT ( 'NONE',  ( 6.304372540592347640, -2.677312923661003818, 0.000000000000000000 ) ) ;
#1321 = ADVANCED_FACE ( 'NONE', ( #1707 ), #2800, .T. ) ;
#1322 = EDGE_LOOP ( 'NONE', ( #3066, #3414, #255, #493, #3534, #1504 ) ) ;
#1323 = AXIS2_PLACEMENT_3D ( 'NONE', #3329, #3310, #75 ) ;
#1324 = ORIENTED_EDGE ( 'NONE', *, *, #6, .F. ) ;
#1325 = ADVANCED_FACE ( 'NONE', ( #1408 ), #673, .T. ) ;
#1326 = AXIS2_PLACEMENT_3D ( 'NONE', #1543, #272, #538 ) ;
#1327 = ORIENTED_EDGE ( 'NONE', *, *, #807, .T. ) ;
#1328 = DIRECTION ( 'NONE',  ( -0.000000000000000000, -0.000000000000000000, -1.000000000000000000 ) ) ;
#1329 = DIRECTION ( 'NONE',  ( 1.000000000000000000, 0.000000000000000000, 0.000000000000000000 ) ) ;
#1330 = CIRCLE ( 'NONE', #3284, 7.425000000000000711 ) ;
#1331 = ADVANCED_FACE ( 'NONE', ( #749 ), #2611, .T. ) ;
#1332 = EDGE_CURVE ( 'NONE', #787, #726, #1764, .T. ) ;
#1333 = B_SPLINE_CURVE_WITH_KNOTS ( 'NONE', 3,
 ( #3476, #1011, #2974, #528, #2100, #2706, #1358, #2454, #3204, #609 ),
 .UNSPECIFIED., .F., .F.,
 ( 4, 2, 2, 2, 4 ),
 ( 2.168404344971008868E-19, 0.0004017372491786659204, 0.0008034744983573316240, 0.001205211747535997382, 0.001606948996714663031 ),
 .UNSPECIFIED. ) ;
#1334 = CIRCLE ( 'NONE', #1785, 7.425000000000000711 ) ;
#1335 = CARTESIAN_POINT ( 'NONE',  ( 24.72496806730907082, 1.038710469699922978, 1.000000000000002220 ) ) ;
#1336 = CARTESIAN_POINT ( 'NONE',  ( -6.516293434324786915, 5.091086398338029007, 7.219999999999999751 ) ) ;
#1337 = ORIENTED_EDGE ( 'NONE', *, *, #2015, .F. ) ;
#1338 = CARTESIAN_POINT ( 'NONE',  ( -1.600000000000000089, 1.959434878635765230E-16, 0.000000000000000000 ) ) ;
#1339 = CARTESIAN_POINT ( 'NONE',  ( 2.677312923661003818, 4.804372540592348528, 0.000000000000000000 ) ) ;
#1340 = DIRECTION ( 'NONE',  ( 0.5593989280048747847, -0.8288985699993679512, 4.675073557351923913E-16 ) ) ;
#1341 = LINE ( 'NONE', #2722, #1720 ) ;
#1342 = ORIENTED_EDGE ( 'NONE', *, *, #1398, .T. ) ;
#1343 = APPROVAL_DATE_TIME ( #2724, #608 ) ;
#1344 = CYLINDRICAL_SURFACE ( 'NONE', #630, 1.000000000000000000 ) ;
#1345 = ORIENTED_EDGE ( 'NONE', *, *, #1396, .F. ) ;
#1346 = ORIENTED_EDGE ( 'NONE', *, *, #1068, .F. ) ;
#1347 = DIRECTION ( 'NONE',  ( 1.000000000000000000, 0.000000000000000000, 0.000000000000000000 ) ) ;
#1348 = CARTESIAN_POINT ( 'NONE',  ( 4.804372540592347640, -2.677312923661003818, 0.000000000000000000 ) ) ;
#1349 = CARTESIAN_POINT ( 'NONE',  ( -1.600000000000000089, 1.959434878635765230E-16, 7.219999999999999751 ) ) ;
#1350 = EDGE_CURVE ( 'NONE', #2959, #618, #2629, .T. ) ;
#1351 = DIRECTION ( 'NONE',  ( -1.000000000000000000, 0.000000000000000000, 0.000000000000000000 ) ) ;
#1352 = ORIENTED_EDGE ( 'NONE', *, *, #1511, .T. ) ;
#1353 = CYLINDRICAL_SURFACE ( 'NONE', #2634, 3.009777261265890402 ) ;
#1354 = DIRECTION ( 'NONE',  ( -1.000000000000000000, 0.000000000000000000, 0.000000000000000000 ) ) ;
#1355 = DIRECTION ( 'NONE',  ( 0.8090169943749466741, 0.5877852522924742473, 0.000000000000000000 ) ) ;
#1356 = FACE_OUTER_BOUND ( 'NONE', #1423, .T. ) ;
#1357 = ORIENTED_EDGE ( 'NONE', *, *, #2921, .T. ) ;
#1358 = CARTESIAN_POINT ( 'NONE',  ( 1.137901838073208660, 6.813813292641832220, 0.1151321282889192499 ) ) ;
#1359 = ORIENTED_EDGE ( 'NONE', *, *, #174, .F. ) ;
#1360 = VERTEX_POINT ( 'NONE', #3243 ) ;
#1361 = LINE ( 'NONE', #2767, #420 ) ;
#1362 = FACE_OUTER_BOUND ( 'NONE', #2117, .T. ) ;
#1363 = CARTESIAN_POINT ( 'NONE',  ( 2.677312923661003818, 4.804372540592348528, 0.000000000000000000 ) ) ;
#1364 = ORIENTED_EDGE ( 'NONE', *, *, #1068, .T. ) ;
#1365 = EDGE_CURVE ( 'NONE', #2299, #1293, #1126, .T. ) ;
#1366 = DIRECTION ( 'NONE',  ( -0.000000000000000000, -0.000000000000000000, -1.000000000000000000 ) ) ;
#1367 = ADVANCED_FACE ( 'NONE', ( #2417 ), #802, .F. ) ;
#1368 = VECTOR ( 'NONE', #47, 1000.000000000000000 ) ;
#1369 = DIRECTION ( 'NONE',  ( -0.000000000000000000, -0.000000000000000000, -1.000000000000000000 ) ) ;
#1370 = CARTESIAN_POINT ( 'NONE',  ( -1.677312923661019806, -4.804372540592348528, 5.200000000000001066 ) ) ;
#1371 = DIRECTION ( 'NONE',  ( 0.000000000000000000, 0.000000000000000000, 1.000000000000000000 ) ) ;
#1372 = ORIENTED_EDGE ( 'NONE', *, *, #89, .T. ) ;
#1373 = PERSON_AND_ORGANIZATION_ROLE ( 'creator' ) ;
#1374 = AXIS2_PLACEMENT_3D ( 'NONE', #2787, #1961, #77 ) ;
#1375 = AXIS2_PLACEMENT_3D ( 'NONE', #688, #649, #1201 ) ;
#1376 = DIRECTION ( 'NONE',  ( -0.000000000000000000, -0.000000000000000000, 1.000000000000000000 ) ) ;
#1377 = AXIS2_PLACEMENT_3D ( 'NONE', #2859, #2068, #2297 ) ;
#1378 = VECTOR ( 'NONE', #3342, 1000.000000000000000 ) ;
#1379 = CARTESIAN_POINT ( 'NONE',  ( -6.100401083079867171, 4.232697913335888629, 7.219999999999999751 ) ) ;
#1380 = ORIENTED_EDGE ( 'NONE', *, *, #3212, .F. ) ;
#1381 = AXIS2_PLACEMENT_3D ( 'NONE', #1202, #410, #1780 ) ;
#1382 = AXIS2_PLACEMENT_3D ( 'NONE', #2701, #2123, #1550 ) ;
#1383 = VERTEX_POINT ( 'NONE', #1910 ) ;
#1384 = CARTESIAN_POINT ( 'NONE',  ( 3.804372540592347196, -2.677312923661003818, 5.200000000000001066 ) ) ;
#1385 = CIRCLE ( 'NONE', #1156, 2.000000000000000000 ) ;
#1386 = DIRECTION ( 'NONE',  ( -0.000000000000000000, -0.000000000000000000, -1.000000000000000000 ) ) ;
#1387 = EDGE_LOOP ( 'NONE', ( #2977, #1337, #3436, #149 ) ) ;
#1388 = CARTESIAN_POINT ( 'NONE',  ( -9.183775061117861682, 3.697063108304976531, 7.219999999999999751 ) ) ;
#1389 = VECTOR ( 'NONE', #69, 1000.000000000000000 ) ;
#1390 = EDGE_CURVE ( 'NONE', #1762, #1859, #2747, .T. ) ;
#1391 = DIRECTION ( 'NONE',  ( 0.000000000000000000, 0.000000000000000000, 1.000000000000000000 ) ) ;
#1392 = CARTESIAN_POINT ( 'NONE',  ( 4.804372540592347640, -2.677312923661003818, 5.200000000000001066 ) ) ;
#1393 = ORIENTED_EDGE ( 'NONE', *, *, #1067, .T. ) ;
#1394 = DIRECTION ( 'NONE',  ( -0.3090169943749516701, 0.9510565162951520879, 0.000000000000000000 ) ) ;
#1395 = CARTESIAN_POINT ( 'NONE',  ( -5.256750925104925365, 8.389074425191886064, 7.219999999999999751 ) ) ;
#1396 = EDGE_CURVE ( 'NONE', #2632, #1360, #1642, .T. ) ;
#1397 = CARTESIAN_POINT ( 'NONE',  ( -7.010050333647484422, -2.447410737847004025, 0.000000000000000000 ) ) ;
#1398 = EDGE_CURVE ( 'NONE', #3229, #1407, #1109, .T. ) ;
#1399 = ORIENTED_EDGE ( 'NONE', *, *, #3139, .F. ) ;
#1400 = EDGE_LOOP ( 'NONE', ( #2315, #2552, #603, #3079 ) ) ;
#1401 = DIRECTION ( 'NONE',  ( 1.000000000000000000, 0.000000000000000000, 0.000000000000000000 ) ) ;
#1402 = CARTESIAN_POINT ( 'NONE',  ( -6.047779554044754313, 5.639645671781612357, 0.000000000000000000 ) ) ;
#1403 = ORIENTED_EDGE ( 'NONE', *, *, #3304, .F. ) ;
#1404 = LINE ( 'NONE', #1921, #1708 ) ;
#1405 = CARTESIAN_POINT ( 'NONE',  ( 0.8697893978445845331, 6.365853548692206765, 0.000000000000000000 ) ) ;
#1406 = DIRECTION ( 'NONE',  ( -0.4367782276403633923, -0.8995692190483971507, 0.000000000000000000 ) ) ;
#1407 = VERTEX_POINT ( 'NONE', #3297 ) ;
#1408 = FACE_OUTER_BOUND ( 'NONE', #485, .T. ) ;
#1409 = DIRECTION ( 'NONE',  ( -1.000000000000000000, 0.000000000000000000, 0.000000000000000000 ) ) ;
#1410 = ORIENTED_EDGE ( 'NONE', *, *, #685, .T. ) ;
#1411 = EDGE_CURVE ( 'NONE', #1098, #337, #1188, .T. ) ;
#1412 = EDGE_CURVE ( 'NONE', #2299, #2381, #1712, .T. ) ;
#1413 = ORIENTED_EDGE ( 'NONE', *, *, #2472, .T. ) ;
#1414 = CARTESIAN_POINT ( 'NONE',  ( -4.177312923661003374, -4.804372540592348528, 5.200000000000000178 ) ) ;
#1415 = ORIENTED_EDGE ( 'NONE', *, *, #2316, .F. ) ;
#1416 = FACE_OUTER_BOUND ( 'NONE', #264, .T. ) ;
#1417 = LINE ( 'NONE', #572, #2762 ) ;
#1418 = ORIENTED_EDGE ( 'NONE', *, *, #1332, .F. ) ;
#1419 = AXIS2_PLACEMENT_3D ( 'NONE', #1955, #877, #3059 ) ;
#1420 = AXIS2_PLACEMENT_3D ( 'NONE', #813, #2925, #2383 ) ;
#1421 = CIRCLE ( 'NONE', #2513, 10.00000000000000178 ) ;
#1422 = DIRECTION ( 'NONE',  ( -0.000000000000000000, -0.000000000000000000, -1.000000000000000000 ) ) ;
#1423 = EDGE_LOOP ( 'NONE', ( #2507, #356, #3166, #3058 ) ) ;
#1424 = AXIS2_PLACEMENT_3D ( 'NONE', #3345, #1694, #968 ) ;
#1425 = CIRCLE ( 'NONE', #303, 9.900000000000000355 ) ;
#1426 = EDGE_CURVE ( 'NONE', #1293, #2363, #2226, .T. ) ;
#1427 = ORIENTED_EDGE ( 'NONE', *, *, #1433, .T. ) ;
#1428 = CIRCLE ( 'NONE', #2636, 9.900000000000000355 ) ;
#1429 = ADVANCED_FACE ( 'NONE', ( #1685 ), #3516, .T. ) ;
#1430 = VECTOR ( 'NONE', #2956, 1000.000000000000000 ) ;
#1431 = EDGE_CURVE ( 'NONE', #1480, #1588, #3493, .T. ) ;
#1432 = FACE_OUTER_BOUND ( 'NONE', #2882, .T. ) ;
#1433 = EDGE_CURVE ( 'NONE', #2536, #945, #2981, .T. ) ;
#1434 = CYLINDRICAL_SURFACE ( 'NONE', #575, 3.009777261265889958 ) ;
#1435 = AXIS2_PLACEMENT_3D ( 'NONE', #2544, #1251, #1519 ) ;
#1436 = AXIS2_PLACEMENT_3D ( 'NONE', #3467, #3235, #776 ) ;
#1437 = DIRECTION ( 'NONE',  ( 0.000000000000000000, 0.000000000000000000, 1.000000000000000000 ) ) ;
#1438 = DIRECTION ( 'NONE',  ( 0.9656799471307161431, -0.2597349412566920535, 0.000000000000000000 ) ) ;
#1439 = ORIENTED_EDGE ( 'NONE', *, *, #1962, .F. ) ;
#1440 = CIRCLE ( 'NONE', #3453, 10.00000000000000178 ) ;
#1441 = DIRECTION ( 'NONE',  ( 0.000000000000000000, 0.000000000000000000, 1.000000000000000000 ) ) ;
#1442 = ORIENTED_EDGE ( 'NONE', *, *, #1781, .F. ) ;
#1443 = ORIENTED_EDGE ( 'NONE', *, *, #1799, .F. ) ;
#1444 = ORIENTED_EDGE ( 'NONE', *, *, #2542, .F. ) ;
#1445 = DIRECTION ( 'NONE',  ( -0.000000000000000000, -0.000000000000000000, -1.000000000000000000 ) ) ;
#1446 = CARTESIAN_POINT ( 'NONE',  ( -2.677312923661003374, -4.804372540592348528, 0.000000000000000000 ) ) ;
#1447 = EDGE_CURVE ( 'NONE', #666, #2655, #1534, .T. ) ;
#1448 = EDGE_CURVE ( 'NONE', #2948, #3489, #2606, .T. ) ;
#1449 = FACE_OUTER_BOUND ( 'NONE', #2550, .T. ) ;
#1450 = LINE ( 'NONE', #3354, #27 ) ;
#1451 = ORIENTED_EDGE ( 'NONE', *, *, #3037, .T. ) ;
#1452 = CARTESIAN_POINT ( 'NONE',  ( 18.27055477708033493, -22.95843621649840216, 6.220000000000003304 ) ) ;
#1453 = CARTESIAN_POINT ( 'NONE',  ( -1.668796997574234275, -6.204493660314854608, 7.219999999999999751 ) ) ;
#1454 = ORIENTED_EDGE ( 'NONE', *, *, #2492, .F. ) ;
#1455 = CARTESIAN_POINT ( 'NONE',  ( 0.000000000000000000, 0.000000000000000000, 1.000000000000000000 ) ) ;
#1456 = ORIENTED_EDGE ( 'NONE', *, *, #3256, .F. ) ;
#1457 = ORIENTED_EDGE ( 'NONE', *, *, #432, .F. ) ;
#1458 = DIRECTION ( 'NONE',  ( -1.000000000000000000, 0.000000000000000000, 0.000000000000000000 ) ) ;
#1459 = CARTESIAN_POINT ( 'NONE',  ( 31.59734611092361689, 6.757107291335714194, 0.000000000000000000 ) ) ;
#1460 = FACE_OUTER_BOUND ( 'NONE', #509, .T. ) ;
#1461 = EDGE_CURVE ( 'NONE', #669, #2131, #947, .T. ) ;
#1462 = FACE_OUTER_BOUND ( 'NONE', #2295, .T. ) ;
#1463 = ORIENTED_EDGE ( 'NONE', *, *, #365, .F. ) ;
#1464 = ADVANCED_FACE ( 'NONE', ( #3160 ), #706, .T. ) ;
#1465 = CARTESIAN_POINT ( 'NONE',  ( -1.928531938830924553, -7.170173607445571307, -39.59147899454167430 ) ) ;
#1466 = LINE ( 'NONE', #2021, #1034 ) ;
#1467 = ORIENTED_EDGE ( 'NONE', *, *, #644, .T. ) ;
#1468 = CARTESIAN_POINT ( 'NONE',  ( 23.94444419393438750, -21.69595290471670523, 5.219999999999999751 ) ) ;
#1469 = AXIS2_PLACEMENT_3D ( 'NONE', #1150, #307, #55 ) ;
#1470 = ADVANCED_FACE ( 'NONE', ( #1278 ), #2348, .F. ) ;
#1471 = AXIS2_PLACEMENT_3D ( 'NONE', #1634, #1060, #3249 ) ;
#1472 = CIRCLE ( 'NONE', #1937, 9.900000000000000355 ) ;
#1473 = DIRECTION ( 'NONE',  ( -0.000000000000000000, -0.000000000000000000, -1.000000000000000000 ) ) ;
#1474 = ORIENTED_EDGE ( 'NONE', *, *, #2966, .T. ) ;
#1475 = VERTEX_POINT ( 'NONE', #3408 ) ;
#1476 = CIRCLE ( 'NONE', #856, 0.9999999999999835687 ) ;
#1477 = AXIS2_PLACEMENT_3D ( 'NONE', #1623, #2721, #1355 ) ;
#1478 = CIRCLE ( 'NONE', #2275, 1.000000000000000000 ) ;
#1479 = AXIS2_PLACEMENT_3D ( 'NONE', #1487, #2369, #2586 ) ;
#1480 = VERTEX_POINT ( 'NONE', #217 ) ;
#1481 = DIRECTION ( 'NONE',  ( 0.000000000000000000, 0.000000000000000000, -1.000000000000000000 ) ) ;
#1482 = CARTESIAN_POINT ( 'NONE',  ( 35.96176672528179097, -2.240216349668056495, 5.219999999999999751 ) ) ;
#1483 = DIRECTION ( 'NONE',  ( -0.000000000000000000, -0.000000000000000000, -1.000000000000000000 ) ) ;
#1484 = AXIS2_PLACEMENT_3D ( 'NONE', #520, #2451, #767 ) ;
#1485 = FACE_OUTER_BOUND ( 'NONE', #3013, .T. ) ;
#1486 = ORIENTED_EDGE ( 'NONE', *, *, #2707, .F. ) ;
#1487 = CARTESIAN_POINT ( 'NONE',  ( 0.000000000000000000, 0.000000000000000000, 7.219999999999999751 ) ) ;
#1488 = DIRECTION ( 'NONE',  ( 0.000000000000000000, 0.000000000000000000, 1.000000000000000000 ) ) ;
#1489 = VECTOR ( 'NONE', #2931, 1000.000000000000000 ) ;
#1490 = CARTESIAN_POINT ( 'NONE',  ( -7.591833786322155220, 6.354058526710107735, 0.000000000000000000 ) ) ;
#1491 = DIRECTION ( 'NONE',  ( -0.000000000000000000, -0.000000000000000000, -1.000000000000000000 ) ) ;
#1492 = VERTEX_POINT ( 'NONE', #2624 ) ;
#1493 = LINE ( 'NONE', #389, #3515 ) ;
#1494 = VECTOR ( 'NONE', #3376, 1000.000000000000000 ) ;
#1495 = EDGE_CURVE ( 'NONE', #120, #391, #2914, .T. ) ;
#1496 = ADVANCED_FACE ( 'NONE', ( #2889 ), #1255, .T. ) ;
#1497 = EDGE_LOOP ( 'NONE', ( #3106, #1444, #2211, #911 ) ) ;
#1498 = VERTEX_POINT ( 'NONE', #1522 ) ;
#1499 = ORIENTED_EDGE ( 'NONE', *, *, #1207, .F. ) ;
#1500 = DIRECTION ( 'NONE',  ( 1.000000000000000000, 0.000000000000000000, 0.000000000000000000 ) ) ;
#1501 = CARTESIAN_POINT ( 'NONE',  ( 2.828265482620778037, 7.770595549723498863, 0.000000000000000000 ) ) ;
#1502 = LINE ( 'NONE', #3272, #962 ) ;
#1503 = CARTESIAN_POINT ( 'NONE',  ( -1.007773559740942515, -8.207656991483858633, 7.219999999999999751 ) ) ;
#1504 = ORIENTED_EDGE ( 'NONE', *, *, #2973, .T. ) ;
#1505 = CARTESIAN_POINT ( 'NONE',  ( 23.94444419393438750, -21.69595290471670523, 7.219999999999999751 ) ) ;
#1506 = DIRECTION ( 'NONE',  ( -0.000000000000000000, 0.000000000000000000, 1.000000000000000000 ) ) ;
#1507 = CARTESIAN_POINT ( 'NONE',  ( -4.624131115888315158, 6.855556305701257180, 7.219999999999999751 ) ) ;
#1508 = DIRECTION ( 'NONE',  ( -0.000000000000000000, -0.000000000000000000, -1.000000000000000000 ) ) ;
#1509 = ORIENTED_EDGE ( 'NONE', *, *, #1917, .F. ) ;
#1510 = DIRECTION ( 'NONE',  ( -1.000000000000000000, 0.000000000000000000, 0.000000000000000000 ) ) ;
#1511 = EDGE_CURVE ( 'NONE', #2503, #2864, #2587, .T. ) ;
#1512 = ORIENTED_EDGE ( 'NONE', *, *, #2082, .T. ) ;
#1513 = VERTEX_POINT ( 'NONE', #178 ) ;
#1514 = EDGE_CURVE ( 'NONE', #3410, #1687, #1942, .T. ) ;
#1515 = VERTEX_POINT ( 'NONE', #2873 ) ;
#1516 = CARTESIAN_POINT ( 'NONE',  ( 40.10796630892206593, -10.78767380862164238, 0.000000000000000000 ) ) ;
#1517 = CYLINDRICAL_SURFACE ( 'NONE', #3265, 1.000000000000000000 ) ;
#1518 = DIRECTION ( 'NONE',  ( 0.000000000000000000, 0.000000000000000000, 1.000000000000000000 ) ) ;
#1519 = DIRECTION ( 'NONE',  ( -0.9510565162951584162, 0.3090169943749327963, 0.000000000000000000 ) ) ;
#1520 = ORIENTED_EDGE ( 'NONE', *, *, #2278, .T. ) ;
#1521 = LINE ( 'NONE', #3176, #2332 ) ;
#1522 = CARTESIAN_POINT ( 'NONE',  ( -5.363155188962296371, -5.134899358225710309, 7.219999999999999751 ) ) ;
#1523 = DIRECTION ( 'NONE',  ( -0.2597349412566901106, -0.9656799471307166982, 0.000000000000000000 ) ) ;
#1524 = DIRECTION ( 'NONE',  ( 1.000000000000000000, 0.000000000000000000, 0.000000000000000000 ) ) ;
#1525 = ORIENTED_EDGE ( 'NONE', *, *, #1800, .T. ) ;
#1526 = PERSON_AND_ORGANIZATION_ROLE ( 'design_owner' ) ;
#1527 = FACE_BOUND ( 'NONE', #2152, .T. ) ;
#1528 = ORIENTED_EDGE ( 'NONE', *, *, #1148, .T. ) ;
#1529 = ORIENTED_EDGE ( 'NONE', *, *, #2277, .T. ) ;
#1530 = AXIS2_PLACEMENT_3D ( 'NONE', #619, #1125, #594 ) ;
#1531 = EDGE_CURVE ( 'NONE', #1687, #2137, #742, .T. ) ;
#1532 = EDGE_CURVE ( 'NONE', #2846, #2010, #2567, .T. ) ;
#1533 = ORIENTED_EDGE ( 'NONE', *, *, #316, .T. ) ;
#1534 = CIRCLE ( 'NONE', #350, 9.900000000000000355 ) ;
#1535 = DIRECTION ( 'NONE',  ( -0.000000000000000000, -0.000000000000000000, 1.000000000000000000 ) ) ;
#1536 = CIRCLE ( 'NONE', #2271, 7.425000000000000711 ) ;
#1537 = DIRECTION ( 'NONE',  ( 0.000000000000000000, 0.000000000000000000, 1.000000000000000000 ) ) ;
#1538 = AXIS2_PLACEMENT_3D ( 'NONE', #274, #7, #1311 ) ;
#1539 = CIRCLE ( 'NONE', #3320, 7.425000000000000711 ) ;
#1540 = DIRECTION ( 'NONE',  ( 0.8090169943749464521, 0.5877852522924743583, 0.000000000000000000 ) ) ;
#1541 = EDGE_CURVE ( 'NONE', #3274, #1878, #1546, .T. ) ;
#1542 = EDGE_CURVE ( 'NONE', #2654, #2087, #2370, .T. ) ;
#1543 = CARTESIAN_POINT ( 'NONE',  ( -8.117364821707893086, -1.577855883427253803, 7.219999999999999751 ) ) ;
#1544 = ORIENTED_EDGE ( 'NONE', *, *, #2013, .F. ) ;
#1545 = DIRECTION ( 'NONE',  ( -1.000000000000000000, 0.000000000000000000, 0.000000000000000000 ) ) ;
#1546 = LINE ( 'NONE', #2094, #3267 ) ;
#1547 = CARTESIAN_POINT ( 'NONE',  ( 0.000000000000000000, 0.000000000000000000, 0.000000000000000000 ) ) ;
#1548 = VECTOR ( 'NONE', #806, 1000.000000000000000 ) ;
#1549 = DIRECTION ( 'NONE',  ( 0.8288985699993672851, 0.5593989280048754509, 0.000000000000000000 ) ) ;
#1550 = DIRECTION ( 'NONE',  ( 1.000000000000000000, 0.000000000000000000, 0.000000000000000000 ) ) ;
#1551 = ORIENTED_EDGE ( 'NONE', *, *, #3378, .T. ) ;
#1552 = AXIS2_PLACEMENT_3D ( 'NONE', #880, #2196, #1959 ) ;
#1553 = FACE_OUTER_BOUND ( 'NONE', #2665, .T. ) ;
#1554 = ORIENTED_EDGE ( 'NONE', *, *, #866, .F. ) ;
#1555 = FACE_OUTER_BOUND ( 'NONE', #1497, .T. ) ;
#1556 = CIRCLE ( 'NONE', #82, 13.99999999999999822 ) ;
#1557 = ORIENTED_EDGE ( 'NONE', *, *, #345, .F. ) ;
#1558 = CARTESIAN_POINT ( 'NONE',  ( 40.10796630892206593, -10.78767380862164238, 7.219999999999999751 ) ) ;
#1559 = DIRECTION ( 'NONE',  ( 1.000000000000000000, 0.000000000000000000, 0.000000000000000000 ) ) ;
#1560 = CARTESIAN_POINT ( 'NONE',  ( -4.804372540592347640, 2.677312923661004262, 5.200000000000000178 ) ) ;
#1561 = DIRECTION ( 'NONE',  ( 0.000000000000000000, 0.000000000000000000, 1.000000000000000000 ) ) ;
#1562 = ORIENTED_EDGE ( 'NONE', *, *, #2667, .F. ) ;
#1563 = DIRECTION ( 'NONE',  ( -0.000000000000000000, -0.000000000000000000, -1.000000000000000000 ) ) ;
#1564 = APPROVAL ( #3180, '未指定' ) ;
#1565 = EDGE_CURVE ( 'NONE', #438, #3229, #1476, .T. ) ;
#1566 = DIRECTION ( 'NONE',  ( -0.5877852522924769119, 0.8090169943749446757, 0.000000000000000000 ) ) ;
#1567 = DIRECTION ( 'NONE',  ( 0.000000000000000000, 0.000000000000000000, 1.000000000000000000 ) ) ;
#1568 = EDGE_LOOP ( 'NONE', ( #956, #1191, #1607, #1072 ) ) ;
#1569 = LINE ( 'NONE', #561, #2697 ) ;
#1570 = ORIENTED_EDGE ( 'NONE', *, *, #1161, .F. ) ;
#1571 = ORIENTED_EDGE ( 'NONE', *, *, #1431, .F. ) ;
#1572 = EDGE_LOOP ( 'NONE', ( #2743, #1380, #1913, #1393 ) ) ;
#1573 = DIRECTION ( 'NONE',  ( 1.000000000000000000, 0.000000000000000000, 0.000000000000000000 ) ) ;
#1574 = FACE_OUTER_BOUND ( 'NONE', #2561, .T. ) ;
#1575 = DIRECTION ( 'NONE',  ( 0.3090169943749448422, 0.9510565162951544194, 0.000000000000000000 ) ) ;
#1576 = CARTESIAN_POINT ( 'NONE',  ( -1.668796997574234497, -6.204493660314855497, 0.000000000000000000 ) ) ;
#1577 = ORIENTED_EDGE ( 'NONE', *, *, #2219, .F. ) ;
#1578 = DIRECTION ( 'NONE',  ( -1.000000000000000000, 0.000000000000000000, 0.000000000000000000 ) ) ;
#1579 = LINE ( 'NONE', #234, #2571 ) ;
#1580 = EDGE_CURVE ( 'NONE', #164, #1492, #461, .T. ) ;
#1581 = LINE ( 'NONE', #2122, #2168 ) ;
#1582 = CARTESIAN_POINT ( 'NONE',  ( 21.12763913090392975, -12.33595679806051315, 6.219999999999999751 ) ) ;
#1583 = EDGE_CURVE ( 'NONE', #3518, #2792, #1312, .T. ) ;
#1584 = ORIENTED_EDGE ( 'NONE', *, *, #3097, .F. ) ;
#1585 = CARTESIAN_POINT ( 'NONE',  ( 2.677312923661003818, 4.804372540592348528, 5.200000000000001066 ) ) ;
#1586 = ADVANCED_FACE ( 'NONE', ( #3237 ), #3253, .T. ) ;
#1587 = ORIENTED_EDGE ( 'NONE', *, *, #891, .F. ) ;
#1588 = VERTEX_POINT ( 'NONE', #256 ) ;
#1589 = ORIENTED_EDGE ( 'NONE', *, *, #1110, .F. ) ;
#1590 = CARTESIAN_POINT ( 'NONE',  ( 27.32231747987597004, 10.69550994100709396, 1.000000000000000888 ) ) ;
#1591 = CIRCLE ( 'NONE', #1883, 9.900000000000002132 ) ;
#1592 = CIRCLE ( 'NONE', #1420, 3.009777261265890402 ) ;
#1593 = FACE_OUTER_BOUND ( 'NONE', #1915, .T. ) ;
#1594 = VECTOR ( 'NONE', #3240, 1000.000000000000000 ) ;
#1595 = CARTESIAN_POINT ( 'NONE',  ( -1.668796997574234497, -6.204493660314855497, 0.000000000000000000 ) ) ;
#1596 = ORIENTED_EDGE ( 'NONE', *, *, #1061, .F. ) ;
#1597 = CARTESIAN_POINT ( 'NONE',  ( -7.591833786322155220, 6.354058526710107735, 7.219999999999999751 ) ) ;
#1598 = VECTOR ( 'NONE', #295, 1000.000000000000114 ) ;
#1599 = AXIS2_PLACEMENT_3D ( 'NONE', #369, #927, #2602 ) ;
#1600 = DIRECTION ( 'NONE',  ( 1.000000000000000000, 0.000000000000000000, 0.000000000000000000 ) ) ;
#1601 = FACE_OUTER_BOUND ( 'NONE', #3091, .T. ) ;
#1602 = CIRCLE ( 'NONE', #531, 9.900000000000000355 ) ;
#1603 = CARTESIAN_POINT ( 'NONE',  ( 32.43657701149440697, 2.102236441155601820, 1.000000000000014655 ) ) ;
#1604 = VERTEX_POINT ( 'NONE', #1338 ) ;
#1605 = CIRCLE ( 'NONE', #862, 1.000000000000000000 ) ;
#1606 = DIRECTION ( 'NONE',  ( -1.000000000000000000, 0.000000000000000000, 0.000000000000000000 ) ) ;
#1607 = ORIENTED_EDGE ( 'NONE', *, *, #2240, .F. ) ;
#1608 = TOROIDAL_SURFACE ( 'NONE', #78, 14.00000000000000178, 1.000000000000000000 ) ;
#1609 = VERTEX_POINT ( 'NONE', #233 ) ;
#1610 = EDGE_CURVE ( 'NONE', #2696, #198, #66, .T. ) ;
#1611 = CIRCLE ( 'NONE', #2351, 1.600000000000000089 ) ;
#1612 = ORIENTED_EDGE ( 'NONE', *, *, #883, .T. ) ;
#1613 = CARTESIAN_POINT ( 'NONE',  ( -6.855556305701242081, -4.624131115888339139, 7.219999999999999751 ) ) ;
#1614 = DIRECTION ( 'NONE',  ( 1.000000000000000000, 1.826024711554533618E-15, 0.000000000000000000 ) ) ;
#1615 = CIRCLE ( 'NONE', #2527, 3.009777261265889958 ) ;
#1616 = CARTESIAN_POINT ( 'NONE',  ( 30.86319377600110414, -3.215907315548596213, 2.000000000000000000 ) ) ;
#1617 = CIRCLE ( 'NONE', #544, 5.000000000000004441 ) ;
#1618 = DIRECTION ( 'NONE',  ( 0.3090169943749448422, 0.9510565162951544194, 0.000000000000000000 ) ) ;
#1619 = CYLINDRICAL_SURFACE ( 'NONE', #253, 3.009777261265889070 ) ;
#1620 = ORIENTED_EDGE ( 'NONE', *, *, #1714, .F. ) ;
#1621 = DIRECTION ( 'NONE',  ( 0.3090169943749447867, 0.9510565162951545304, 0.000000000000000000 ) ) ;
#1622 = CARTESIAN_POINT ( 'NONE',  ( 30.57563275392932667, -17.22076148067770873, 7.219999999999999751 ) ) ;
#1623 = CARTESIAN_POINT ( 'NONE',  ( 0.000000000000000000, 0.000000000000000000, 7.219999999999999751 ) ) ;
#1624 = DIRECTION ( 'NONE',  ( 0.000000000000000000, 0.000000000000000000, 1.000000000000000000 ) ) ;
#1625 = ORIENTED_EDGE ( 'NONE', *, *, #221, .F. ) ;
#1626 = PERSON_AND_ORGANIZATION ( #2538, #700 ) ;
#1627 = DIRECTION ( 'NONE',  ( -0.9973014606884310629, 0.07341523349225186068, 0.000000000000000000 ) ) ;
#1628 = CARTESIAN_POINT ( 'NONE',  ( -2.447410737846978712, 7.010050333647493304, 0.000000000000000000 ) ) ;
#1629 = ORIENTED_EDGE ( 'NONE', *, *, #729, .T. ) ;
#1630 = ADVANCED_FACE ( 'NONE', ( #1905 ), #1353, .T. ) ;
#1631 = EDGE_LOOP ( 'NONE', ( #3210, #1840, #829, #1301 ) ) ;
#1632 = CARTESIAN_POINT ( 'NONE',  ( 31.59734611092361689, 6.757107291335714194, 5.219999999999999751 ) ) ;
#1633 = EDGE_CURVE ( 'NONE', #1, #2503, #2337, .T. ) ;
#1634 = CARTESIAN_POINT ( 'NONE',  ( 18.27055477708033493, -22.95843621649840216, 49.30459075783377898 ) ) ;
#1635 = CARTESIAN_POINT ( 'NONE',  ( -9.183775061117861682, 3.697063108304976531, 0.000000000000000000 ) ) ;
#1636 = ORIENTED_EDGE ( 'NONE', *, *, #384, .T. ) ;
#1637 = CARTESIAN_POINT ( 'NONE',  ( 1.018886605128433320, 6.590377883259842307, 7.198356685118660891 ) ) ;
#1638 = CARTESIAN_POINT ( 'NONE',  ( 0.000000000000000000, 0.000000000000000000, 0.000000000000000000 ) ) ;
#1639 = CARTESIAN_POINT ( 'NONE',  ( 21.12763913090392975, -12.33595679806051848, 0.000000000000000000 ) ) ;
#1640 = ORIENTED_EDGE ( 'NONE', *, *, #312, .T. ) ;
#1641 = APPROVAL_STATUS ( 'not_yet_approved' ) ;
#1642 = LINE ( 'NONE', #1395, #2270 ) ;
#1643 = CARTESIAN_POINT ( 'NONE',  ( -2.099212645434608060, -6.188496837147598129, 0.000000000000000000 ) ) ;
#1644 = ORIENTED_EDGE ( 'NONE', *, *, #2472, .F. ) ;
#1645 = ORIENTED_EDGE ( 'NONE', *, *, #892, .F. ) ;
#1646 = DIRECTION ( 'NONE',  ( 0.000000000000000000, 0.000000000000000000, 1.000000000000000000 ) ) ;
#1647 = EDGE_CURVE ( 'NONE', #573, #1822, #2801, .T. ) ;
#1648 = VECTOR ( 'NONE', #2771, 1000.000000000000000 ) ;
#1649 = DIRECTION ( 'NONE',  ( -0.000000000000000000, -0.000000000000000000, -1.000000000000000000 ) ) ;
#1650 = ORIENTED_EDGE ( 'NONE', *, *, #547, .T. ) ;
#1651 = DIRECTION ( 'NONE',  ( 1.000000000000000000, 0.000000000000000000, 0.000000000000000000 ) ) ;
#1652 = CARTESIAN_POINT ( 'NONE',  ( -7.232488426176819196, -4.009033799157246669, 7.219999999999999751 ) ) ;
#1653 = AXIS2_PLACEMENT_3D ( 'NONE', #422, #926, #1247 ) ;
#1654 = EDGE_CURVE ( 'NONE', #1904, #1925, #3084, .T. ) ;
#1655 = CIRCLE ( 'NONE', #1885, 9.900000000000003908 ) ;
#1656 = EDGE_CURVE ( 'NONE', #2298, #2368, #1982, .T. ) ;
#1657 = CARTESIAN_POINT ( 'NONE',  ( -7.423245559582906772, -0.1614012457592737815, 7.219999999999999751 ) ) ;
#1658 = CARTESIAN_POINT ( 'NONE',  ( 0.000000000000000000, 0.000000000000000000, 7.219999999999999751 ) ) ;
#1659 = CARTESIAN_POINT ( 'NONE',  ( -7.770595549723508633, 2.828265482620750504, 0.000000000000000000 ) ) ;
#1660 = ORIENTED_EDGE ( 'NONE', *, *, #1411, .F. ) ;
#1661 = AXIS2_PLACEMENT_3D ( 'NONE', #2933, #1563, #427 ) ;
#1662 = AXIS2_PLACEMENT_3D ( 'NONE', #44, #833, #2486 ) ;
#1663 = DIRECTION ( 'NONE',  ( 0.9656799471307166982, -0.2597349412566902771, 0.000000000000000000 ) ) ;
#1664 = CIRCLE ( 'NONE', #684, 1.500000000000000222 ) ;
#1665 = CIRCLE ( 'NONE', #861, 1.000000000000000000 ) ;
#1666 = DIRECTION ( 'NONE',  ( 0.000000000000000000, 0.000000000000000000, 1.000000000000000000 ) ) ;
#1667 = VERTEX_POINT ( 'NONE', #2677 ) ;
#1668 = AXIS2_PLACEMENT_3D ( 'NONE', #2475, #1945, #3090 ) ;
#1669 = CIRCLE ( 'NONE', #1382, 7.425000000000000711 ) ;
#1670 = ORIENTED_EDGE ( 'NONE', *, *, #3321, .T. ) ;
#1671 = DIRECTION ( 'NONE',  ( -1.000000000000000000, 0.000000000000000000, 0.000000000000000000 ) ) ;
#1672 = AXIS2_PLACEMENT_3D ( 'NONE', #3405, #944, #2033 ) ;
#1673 = AXIS2_PLACEMENT_3D ( 'NONE', #1847, #2960, #1172 ) ;
#1674 = DIRECTION ( 'NONE',  ( -1.000000000000000000, 0.000000000000000000, 0.000000000000000000 ) ) ;
#1675 = ORIENTED_EDGE ( 'NONE', *, *, #1148, .F. ) ;
#1676 = CARTESIAN_POINT ( 'NONE',  ( 1.185432194487965107, 6.920459368303286674, 7.033730740066272524 ) ) ;
#1677 = CIRCLE ( 'NONE', #1046, 1.000000000000000444 ) ;
#1678 = CARTESIAN_POINT ( 'NONE',  ( 1.257373397915463764, 7.102565044335563904, 6.849870387031550933 ) ) ;
#1679 = CARTESIAN_POINT ( 'NONE',  ( 51.60796630892206593, -10.78767380862164238, 7.219999999999999751 ) ) ;
#1680 = ADVANCED_FACE ( 'NONE', ( #1120 ), #2431, .T. ) ;
#1681 = DIRECTION ( 'NONE',  ( -0.8995692190483969286, 0.4367782276403636699, 0.000000000000000000 ) ) ;
#1682 = ORIENTED_EDGE ( 'NONE', *, *, #2593, .T. ) ;
#1683 = DIRECTION ( 'NONE',  ( -0.000000000000000000, -0.000000000000000000, -1.000000000000000000 ) ) ;
#1684 = EDGE_CURVE ( 'NONE', #894, #808, #3292, .T. ) ;
#1685 = FACE_OUTER_BOUND ( 'NONE', #1793, .T. ) ;
#1686 = CARTESIAN_POINT ( 'NONE',  ( -9.108128016965425289, 3.879691228251228807, 7.219999999999999751 ) ) ;
#1687 = VERTEX_POINT ( 'NONE', #1066 ) ;
#1688 = ORIENTED_EDGE ( 'NONE', *, *, #1514, .T. ) ;
#1689 = DIRECTION ( 'NONE',  ( 1.000000000000000000, 0.000000000000000000, 0.000000000000000000 ) ) ;
#1690 = ORIENTED_EDGE ( 'NONE', *, *, #2240, .T. ) ;
#1691 = DIRECTION ( 'NONE',  ( 1.000000000000000000, 0.000000000000000000, 0.000000000000000000 ) ) ;
#1692 = DIRECTION ( 'NONE',  ( -0.000000000000000000, -0.000000000000000000, -1.000000000000000000 ) ) ;
#1693 = ORIENTED_EDGE ( 'NONE', *, *, #1973, .F. ) ;
#1694 = DIRECTION ( 'NONE',  ( 0.000000000000000000, 0.000000000000000000, 1.000000000000000000 ) ) ;
#1695 = EDGE_CURVE ( 'NONE', #894, #1741, #187, .T. ) ;
#1696 = EDGE_CURVE ( 'NONE', #176, #2696, #2857, .T. ) ;
#1697 = CYLINDRICAL_SURFACE ( 'NONE', #2410, 1.500000000000000000 ) ;
#1698 = ORIENTED_EDGE ( 'NONE', *, *, #805, .T. ) ;
#1699 = EDGE_CURVE ( 'NONE', #2395, #2955, #2753, .T. ) ;
#1700 = EDGE_CURVE ( 'NONE', #621, #1252, #2985, .T. ) ;
#1701 = ORIENTED_EDGE ( 'NONE', *, *, #1647, .F. ) ;
#1702 = DIRECTION ( 'NONE',  ( -1.000000000000000000, 0.000000000000000000, 0.000000000000000000 ) ) ;
#1703 = DIRECTION ( 'NONE',  ( -0.000000000000000000, -0.000000000000000000, -1.000000000000000000 ) ) ;
#1704 = DIRECTION ( 'NONE',  ( 0.000000000000000000, 0.000000000000000000, 1.000000000000000000 ) ) ;
#1705 = DIRECTION ( 'NONE',  ( 1.000000000000000000, 0.000000000000000000, 0.000000000000000000 ) ) ;
#1706 = ORIENTED_EDGE ( 'NONE', *, *, #549, .F. ) ;
#1707 = FACE_OUTER_BOUND ( 'NONE', #2574, .T. ) ;
#1708 = VECTOR ( 'NONE', #3364, 1000.000000000000000 ) ;
#1709 = CIRCLE ( 'NONE', #1185, 3.009777261265889514 ) ;
#1710 = DIRECTION ( 'NONE',  ( 1.000000000000000000, 0.000000000000000000, 0.000000000000000000 ) ) ;
#1711 = ORIENTED_EDGE ( 'NONE', *, *, #842, .F. ) ;
#1712 = CIRCLE ( 'NONE', #2460, 0.9999999999999997780 ) ;
#1713 = CIRCLE ( 'NONE', #183, 1.499999999999999556 ) ;
#1714 = EDGE_CURVE ( 'NONE', #2142, #2395, #1428, .T. ) ;
#1715 = EDGE_LOOP ( 'NONE', ( #530, #238, #2422, #3415 ) ) ;
#1716 = VECTOR ( 'NONE', #1761, 1000.000000000000000 ) ;
#1717 = ADVANCED_FACE ( 'NONE', ( #819 ), #2950, .T. ) ;
#1718 = TOROIDAL_SURFACE ( 'NONE', #2181, 14.00000000000000178, 1.000000000000000000 ) ;
#1719 = CARTESIAN_POINT ( 'NONE',  ( 4.804372540592347640, -2.677312923661003818, 5.200000000000000178 ) ) ;
#1720 = VECTOR ( 'NONE', #3222, 1000.000000000000000 ) ;
#1721 = AXIS2_PLACEMENT_3D ( 'NONE', #324, #863, #1351 ) ;
#1722 = DIRECTION ( 'NONE',  ( -0.000000000000000000, 0.000000000000000000, 1.000000000000000000 ) ) ;
#1723 = CARTESIAN_POINT ( 'NONE',  ( 0.000000000000000000, 0.000000000000000000, 0.000000000000000000 ) ) ;
#1724 = VERTEX_POINT ( 'NONE', #1597 ) ;
#1725 = CARTESIAN_POINT ( 'NONE',  ( 40.10796630892206593, -10.78767380862164238, 7.219999999999999751 ) ) ;
#1726 = ORIENTED_EDGE ( 'NONE', *, *, #549, .T. ) ;
#1727 = DIRECTION ( 'NONE',  ( -0.000000000000000000, -0.000000000000000000, 1.000000000000000000 ) ) ;
#1728 = VERTEX_POINT ( 'NONE', #309 ) ;
#1729 = EDGE_CURVE ( 'NONE', #3110, #3473, #858, .T. ) ;
#1730 = EDGE_CURVE ( 'NONE', #1818, #157, #2467, .T. ) ;
#1731 = EDGE_LOOP ( 'NONE', ( #539, #2311, #2613, #150 ) ) ;
#1732 = DIRECTION ( 'NONE',  ( -0.000000000000000000, -0.000000000000000000, -1.000000000000000000 ) ) ;
#1733 = DIRECTION ( 'NONE',  ( -0.000000000000000000, -0.000000000000000000, -1.000000000000000000 ) ) ;
#1734 = DIRECTION ( 'NONE',  ( -0.000000000000000000, -0.000000000000000000, -1.000000000000000000 ) ) ;
#1735 = ADVANCED_FACE ( 'NONE', ( #26 ), #2208, .F. ) ;
#1736 = CARTESIAN_POINT ( 'NONE',  ( 31.59734611092361689, 6.757107291335714194, 2.000000000000000000 ) ) ;
#1737 = EDGE_LOOP ( 'NONE', ( #2917, #109 ) ) ;
#1738 = DIRECTION ( 'NONE',  ( 1.000000000000000000, 0.000000000000000000, 0.000000000000000000 ) ) ;
#1739 = DIRECTION ( 'NONE',  ( -0.8090169943749507819, 0.5877852522924685852, 0.000000000000000000 ) ) ;
#1740 = DIRECTION ( 'NONE',  ( -0.000000000000000000, -0.000000000000000000, -1.000000000000000000 ) ) ;
#1741 = VERTEX_POINT ( 'NONE', #1815 ) ;
#1742 = CARTESIAN_POINT ( 'NONE',  ( -5.088205065253063708, 8.492359460946831362, 0.000000000000000000 ) ) ;
#1743 = FACE_BOUND ( 'NONE', #2708, .T. ) ;
#1744 = ORIENTED_EDGE ( 'NONE', *, *, #1531, .T. ) ;
#1745 = VERTEX_POINT ( 'NONE', #1622 ) ;
#1746 = ORIENTED_EDGE ( 'NONE', *, *, #2844, .F. ) ;
#1747 = CYLINDRICAL_SURFACE ( 'NONE', #362, 7.425000000000000711 ) ;
#1748 = ADVANCED_FACE ( 'NONE', ( #1856 ), #72, .T. ) ;
#1749 = CARTESIAN_POINT ( 'NONE',  ( 27.43867001505730130, -14.49939915232953247, 7.219999999999999751 ) ) ;
#1750 = DIRECTION ( 'NONE',  ( -0.000000000000000000, -0.000000000000000000, -1.000000000000000000 ) ) ;
#1751 = FACE_BOUND ( 'NONE', #3109, .T. ) ;
#1752 = ORIENTED_EDGE ( 'NONE', *, *, #1227, .T. ) ;
#1753 = EDGE_CURVE ( 'NONE', #632, #2599, #353, .T. ) ;
#1754 = CARTESIAN_POINT ( 'NONE',  ( 1.600000000000000089, 0.000000000000000000, -2.780000000000000249 ) ) ;
#1755 = CARTESIAN_POINT ( 'NONE',  ( 27.87901585109069558, -17.60330075703263120, 7.219999999999999751 ) ) ;
#1756 = ORIENTED_EDGE ( 'NONE', *, *, #3260, .T. ) ;
#1757 = CARTESIAN_POINT ( 'NONE',  ( 25.49611760853984421, -8.202414618990752970, 5.219999999999999751 ) ) ;
#1758 = CIRCLE ( 'NONE', #2693, 7.999999999999996447 ) ;
#1759 = AXIS2_PLACEMENT_3D ( 'NONE', #154, #1193, #1770 ) ;
#1760 = CIRCLE ( 'NONE', #180, 1.000000000000000000 ) ;
#1761 = DIRECTION ( 'NONE',  ( -0.000000000000000000, -0.000000000000000000, -1.000000000000000000 ) ) ;
#1762 = VERTEX_POINT ( 'NONE', #463 ) ;
#1763 = ORIENTED_EDGE ( 'NONE', *, *, #2778, .T. ) ;
#1764 = CIRCLE ( 'NONE', #3141, 9.999999999999998224 ) ;
#1765 = CIRCLE ( 'NONE', #903, 2.000000000000000000 ) ;
#1766 = CIRCLE ( 'NONE', #245, 0.9999999999999835687 ) ;
#1767 = AXIS2_PLACEMENT_3D ( 'NONE', #1560, #196, #1079 ) ;
#1768 = ORIENTED_EDGE ( 'NONE', *, *, #290, .F. ) ;
#1769 = FACE_OUTER_BOUND ( 'NONE', #211, .T. ) ;
#1770 = DIRECTION ( 'NONE',  ( -1.000000000000000000, 0.000000000000000000, 0.000000000000000000 ) ) ;
#1771 = CIRCLE ( 'NONE', #1992, 1.000000000000000000 ) ;
#1772 = CARTESIAN_POINT ( 'NONE',  ( 0.000000000000000000, 0.000000000000000000, 7.219999999999999751 ) ) ;
#1773 = VECTOR ( 'NONE', #559, 1000.000000000000114 ) ;
#1774 = CARTESIAN_POINT ( 'NONE',  ( -1.677312923661019806, -4.804372540592348528, 7.219999999999999751 ) ) ;
#1775 = ORIENTED_EDGE ( 'NONE', *, *, #897, .T. ) ;
#1776 = DIRECTION ( 'NONE',  ( 0.000000000000000000, 0.000000000000000000, 1.000000000000000000 ) ) ;
#1777 = DIRECTION ( 'NONE',  ( -0.000000000000000000, -0.000000000000000000, -1.000000000000000000 ) ) ;
#1778 = AXIS2_PLACEMENT_3D ( 'NONE', #2305, #2290, #156 ) ;
#1779 = DIRECTION ( 'NONE',  ( -0.000000000000000000, -0.000000000000000000, -1.000000000000000000 ) ) ;
#1780 = DIRECTION ( 'NONE',  ( -1.000000000000000000, 0.000000000000000000, 0.000000000000000000 ) ) ;
#1781 = EDGE_CURVE ( 'NONE', #157, #2864, #1028, .T. ) ;
#1782 = ORIENTED_EDGE ( 'NONE', *, *, #2896, .F. ) ;
#1783 = CIRCLE ( 'NONE', #257, 11.50000000000000355 ) ;
#1784 =( NAMED_UNIT ( * ) PLANE_ANGLE_UNIT ( ) SI_UNIT ( $, .RADIAN. ) );
#1785 = AXIS2_PLACEMENT_3D ( 'NONE', #39, #375, #3092 ) ;
#1786 = FACE_OUTER_BOUND ( 'NONE', #1572, .T. ) ;
#1787 = ORIENTED_EDGE ( 'NONE', *, *, #1283, .T. ) ;
#1788 = ORIENTED_EDGE ( 'NONE', *, *, #1396, .T. ) ;
#1789 = ORIENTED_EDGE ( 'NONE', *, *, #2219, .T. ) ;
#1790 = CARTESIAN_POINT ( 'NONE',  ( 2.691258850384286028, 6.307282649762164795, 0.06872439954691041131 ) ) ;
#1791 = FACE_OUTER_BOUND ( 'NONE', #1023, .T. ) ;
#1792 = FACE_OUTER_BOUND ( 'NONE', #785, .T. ) ;
#1793 = EDGE_LOOP ( 'NONE', ( #2076, #1345, #607, #2224 ) ) ;
#1794 = DIRECTION ( 'NONE',  ( -0.5877852522924770229, 0.8090169943749446757, 0.000000000000000000 ) ) ;
#1795 = CARTESIAN_POINT ( 'NONE',  ( 0.000000000000000000, 0.000000000000000000, 7.219999999999999751 ) ) ;
#1796 = CARTESIAN_POINT ( 'NONE',  ( -9.602909268817404254, -2.407100657401108013, 0.000000000000000000 ) ) ;
#1797 = CARTESIAN_POINT ( 'NONE',  ( -2.082543003386257752, -6.657381805649824180, 0.1566594341893648434 ) ) ;
#1798 = ORIENTED_EDGE ( 'NONE', *, *, #2200, .T. ) ;
#1799 = EDGE_CURVE ( 'NONE', #1878, #1728, #1664, .T. ) ;
#1800 = EDGE_CURVE ( 'NONE', #3479, #2476, #3529, .T. ) ;
#1801 = DIRECTION ( 'NONE',  ( 0.000000000000000000, 0.000000000000000000, 1.000000000000000000 ) ) ;
#1802 = ORIENTED_EDGE ( 'NONE', *, *, #3346, .T. ) ;
#1803 = ORIENTED_EDGE ( 'NONE', *, *, #622, .T. ) ;
#1804 = EDGE_CURVE ( 'NONE', #1964, #1811, #3325, .T. ) ;
#1805 = EDGE_CURVE ( 'NONE', #3055, #2536, #3254, .T. ) ;
#1806 = ORIENTED_EDGE ( 'NONE', *, *, #1730, .T. ) ;
#1807 = DIRECTION ( 'NONE',  ( 0.000000000000000000, 0.000000000000000000, 1.000000000000000000 ) ) ;
#1808 = DIRECTION ( 'NONE',  ( -0.000000000000000000, -0.000000000000000000, -1.000000000000000000 ) ) ;
#1809 = DIRECTION ( 'NONE',  ( -0.3090169943749514481, 0.9510565162951521989, 0.000000000000000000 ) ) ;
#1810 = CARTESIAN_POINT ( 'NONE',  ( -1.577855883427225381, 8.117364821707898415, 0.000000000000000000 ) ) ;
#1811 = VERTEX_POINT ( 'NONE', #1256 ) ;
#1812 = DIRECTION ( 'NONE',  ( -0.000000000000000000, -0.000000000000000000, -1.000000000000000000 ) ) ;
#1813 = DIRECTION ( 'NONE',  ( 1.000000000000000000, 0.000000000000000000, 0.000000000000000000 ) ) ;
#1814 = CARTESIAN_POINT ( 'NONE',  ( 30.49611760853984777, -8.202414618990752970, 2.000000000000000000 ) ) ;
#1815 = CARTESIAN_POINT ( 'NONE',  ( -7.306604371037496826, 1.320665576569538091, 7.219999999999999751 ) ) ;
#1816 = LINE ( 'NONE', #464, #1246 ) ;
#1817 = DIRECTION ( 'NONE',  ( -1.000000000000000000, 0.000000000000000000, 0.000000000000000000 ) ) ;
#1818 = VERTEX_POINT ( 'NONE', #2890 ) ;
#1819 = CARTESIAN_POINT ( 'NONE',  ( -2.677312923661003374, -4.804372540592348528, 5.200000000000001066 ) ) ;
#1820 = CARTESIAN_POINT ( 'NONE',  ( 0.000000000000000000, 0.000000000000000000, 1.000000000000000000 ) ) ;
#1821 = ORIENTED_EDGE ( 'NONE', *, *, #807, .F. ) ;
#1822 = VERTEX_POINT ( 'NONE', #2908 ) ;
#1823 = AXIS2_PLACEMENT_3D ( 'NONE', #1848, #478, #2149 ) ;
#1824 = ORIENTED_EDGE ( 'NONE', *, *, #148, .T. ) ;
#1825 = AXIS2_PLACEMENT_3D ( 'NONE', #545, #1627, #3014 ) ;
#1826 = FACE_BOUND ( 'NONE', #3170, .T. ) ;
#1827 = VECTOR ( 'NONE', #1838, 1000.000000000000000 ) ;
#1828 = EDGE_CURVE ( 'NONE', #1475, #2764, #18, .T. ) ;
#1829 = DIRECTION ( 'NONE',  ( -0.000000000000000000, -0.000000000000000000, -1.000000000000000000 ) ) ;
#1830 = AXIS2_PLACEMENT_3D ( 'NONE', #2631, #2612, #163 ) ;
#1831 = CARTESIAN_POINT ( 'NONE',  ( 0.000000000000000000, 0.000000000000000000, 7.219999999999999751 ) ) ;
#1832 = DIRECTION ( 'NONE',  ( -1.000000000000000000, 0.000000000000000000, 0.000000000000000000 ) ) ;
#1833 = VERTEX_POINT ( 'NONE', #741 ) ;
#1834 = CIRCLE ( 'NONE', #304, 9.500000000000001776 ) ;
#1835 = CARTESIAN_POINT ( 'NONE',  ( 3.677312923661003818, 4.804372540592348528, -2.780000000000000249 ) ) ;
#1836 = DIRECTION ( 'NONE',  ( -0.000000000000000000, -0.000000000000000000, -1.000000000000000000 ) ) ;
#1837 = AXIS2_PLACEMENT_3D ( 'NONE', #260, #542, #1892 ) ;
#1838 = DIRECTION ( 'NONE',  ( -0.000000000000000000, -0.000000000000000000, -1.000000000000000000 ) ) ;
#1839 = CARTESIAN_POINT ( 'NONE',  ( -9.649055640082156771, -2.214887187781523270, 0.000000000000000000 ) ) ;
#1840 = ORIENTED_EDGE ( 'NONE', *, *, #290, .T. ) ;
#1841 = CIRCLE ( 'NONE', #2063, 7.425000000000000711 ) ;
#1842 = DIRECTION ( 'NONE',  ( 0.000000000000000000, 0.000000000000000000, 1.000000000000000000 ) ) ;
#1843 = VERTEX_POINT ( 'NONE', #2120 ) ;
#1844 = DIRECTION ( 'NONE',  ( -1.000000000000000000, 0.000000000000000000, 0.000000000000000000 ) ) ;
#1845 = PRODUCT_DEFINITION_FORMATION_WITH_SPECIFIED_SOURCE ( '任何', '', #3017, .NOT_KNOWN. ) ;
#1846 = EDGE_LOOP ( 'NONE', ( #2671, #2499, #1802, #2799 ) ) ;
#1847 = CARTESIAN_POINT ( 'NONE',  ( 27.32231747987597004, 10.69550994100709396, 49.30459075783377898 ) ) ;
#1848 = CARTESIAN_POINT ( 'NONE',  ( 0.000000000000000000, 0.000000000000000000, 6.219999999999999751 ) ) ;
#1849 = EDGE_CURVE ( 'NONE', #600, #2010, #1579, .T. ) ;
#1850 = EDGE_CURVE ( 'NONE', #1687, #176, #2405, .T. ) ;
#1851 = DIRECTION ( 'NONE',  ( 1.000000000000000000, 0.000000000000000000, 0.000000000000000000 ) ) ;
#1852 = DIRECTION ( 'NONE',  ( 0.000000000000000000, -0.000000000000000000, -1.000000000000000000 ) ) ;
#1853 = ORIENTED_EDGE ( 'NONE', *, *, #2547, .T. ) ;
#1854 = CARTESIAN_POINT ( 'NONE',  ( 4.804372540592347640, -2.677312923661003818, 7.219999999999999751 ) ) ;
#1855 = EDGE_CURVE ( 'NONE', #3113, #2476, #582, .T. ) ;
#1856 = FACE_OUTER_BOUND ( 'NONE', #1243, .T. ) ;
#1857 = CARTESIAN_POINT ( 'NONE',  ( 23.94444419393438750, -21.69595290471670523, 10.00000000000000000 ) ) ;
#1858 = LINE ( 'NONE', #1086, #2643 ) ;
#1859 = VERTEX_POINT ( 'NONE', #1616 ) ;
#1860 = SECURITY_CLASSIFICATION_LEVEL ( 'unclassified' ) ;
#1861 = CARTESIAN_POINT ( 'NONE',  ( 40.10796630892206593, -10.78767380862164238, 5.219999999999999751 ) ) ;
#1862 = ORIENTED_EDGE ( 'NONE', *, *, #480, .T. ) ;
#1863 = ORIENTED_EDGE ( 'NONE', *, *, #3402, .F. ) ;
#1864 = VERTEX_POINT ( 'NONE', #2504 ) ;
#1865 = CARTESIAN_POINT ( 'NONE',  ( 0.000000000000000000, 0.000000000000000000, 0.000000000000000000 ) ) ;
#1866 = DIRECTION ( 'NONE',  ( 1.000000000000000000, 0.000000000000000000, 0.000000000000000000 ) ) ;
#1867 = CARTESIAN_POINT ( 'NONE',  ( 3.677312923661003818, 4.804372540592348528, 5.200000000000001066 ) ) ;
#1868 = CARTESIAN_POINT ( 'NONE',  ( 4.804372540592347640, -2.677312923661003818, 5.200000000000000178 ) ) ;
#1869 = ORIENTED_EDGE ( 'NONE', *, *, #3186, .T. ) ;
#1870 = DIRECTION ( 'NONE',  ( -0.9510565162951555296, 0.3090169943749411785, 0.000000000000000000 ) ) ;
#1871 = DIRECTION ( 'NONE',  ( 1.000000000000000000, 0.000000000000000000, 0.000000000000000000 ) ) ;
#1872 = PLANE ( 'NONE',  #3202 ) ;
#1873 = DIRECTION ( 'NONE',  ( -0.3090169943749516701, 0.9510565162951520879, 0.000000000000000000 ) ) ;
#1874 = VERTEX_POINT ( 'NONE', #934 ) ;
#1875 = PRODUCT_RELATED_PRODUCT_CATEGORY ( 'detail', '', ( #3017 ) ) ;
#1876 = ADVANCED_FACE ( 'NONE', ( #2895, #188 ), #3124, .T. ) ;
#1877 = DIRECTION ( 'NONE',  ( 1.000000000000000000, 0.000000000000000000, 0.000000000000000000 ) ) ;
#1878 = VERTEX_POINT ( 'NONE', #2313 ) ;
#1879 = ORIENTED_EDGE ( 'NONE', *, *, #1350, .F. ) ;
#1880 = ORIENTED_EDGE ( 'NONE', *, *, #2066, .F. ) ;
#1881 = DIRECTION ( 'NONE',  ( -1.000000000000000000, 0.000000000000000000, 0.000000000000000000 ) ) ;
#1882 = CARTESIAN_POINT ( 'NONE',  ( 40.10796630892206593, -10.78767380862164238, 2.000000000000000000 ) ) ;
#1883 = AXIS2_PLACEMENT_3D ( 'NONE', #2050, #194, #3115 ) ;
#1884 = AXIS2_PLACEMENT_3D ( 'NONE', #357, #1683, #2775 ) ;
#1885 = AXIS2_PLACEMENT_3D ( 'NONE', #1638, #3221, #3255 ) ;
#1886 = CARTESIAN_POINT ( 'NONE',  ( -5.088205065253063708, 8.492359460946831362, 7.219999999999999751 ) ) ;
#1887 = ORIENTED_EDGE ( 'NONE', *, *, #2928, .F. ) ;
#1888 = DIRECTION ( 'NONE',  ( 0.000000000000000000, 0.000000000000000000, 1.000000000000000000 ) ) ;
#1889 = CIRCLE ( 'NONE', #1248, 3.009777261265891291 ) ;
#1890 = DIRECTION ( 'NONE',  ( -1.000000000000000000, 0.000000000000000000, 0.000000000000000000 ) ) ;
#1891 = AXIS2_PLACEMENT_3D ( 'NONE', #1104, #2447, #1578 ) ;
#1892 = DIRECTION ( 'NONE',  ( -0.2597349412566917204, -0.9656799471307162541, 0.000000000000000000 ) ) ;
#1893 = VERTEX_POINT ( 'NONE', #3108 ) ;
#1894 = AXIS2_PLACEMENT_3D ( 'NONE', #837, #332, #2256 ) ;
#1895 = ADVANCED_FACE ( 'NONE', ( #1553 ), #1254, .T. ) ;
#1896 = DIRECTION ( 'NONE',  ( 0.000000000000000000, 0.000000000000000000, 1.000000000000000000 ) ) ;
#1897 = ORIENTED_EDGE ( 'NONE', *, *, #2322, .T. ) ;
#1898 = CIRCLE ( 'NONE', #1263, 1.000000000000000000 ) ;
#1899 = ORIENTED_EDGE ( 'NONE', *, *, #3073, .T. ) ;
#1900 = DIRECTION ( 'NONE',  ( 0.000000000000000000, 0.000000000000000000, -1.000000000000000000 ) ) ;
#1901 = CARTESIAN_POINT ( 'NONE',  ( -4.232697913335867312, -6.100401083079883158, 7.219999999999999751 ) ) ;
#1902 = AXIS2_PLACEMENT_3D ( 'NONE', #3387, #421, #1213 ) ;
#1903 = DIRECTION ( 'NONE',  ( 0.8090169943749466741, 0.5877852522924741363, 0.000000000000000000 ) ) ;
#1904 = VERTEX_POINT ( 'NONE', #2280 ) ;
#1905 = FACE_OUTER_BOUND ( 'NONE', #3188, .T. ) ;
#1906 = CARTESIAN_POINT ( 'NONE',  ( 1.313396200035951589, 7.279366465122149243, 6.490786501922296559 ) ) ;
#1907 = FACE_BOUND ( 'NONE', #2709, .T. ) ;
#1908 = DIRECTION ( 'NONE',  ( 0.000000000000000000, 0.000000000000000000, 1.000000000000000000 ) ) ;
#1909 = ORIENTED_EDGE ( 'NONE', *, *, #3078, .F. ) ;
#1910 = CARTESIAN_POINT ( 'NONE',  ( -6.100401083079868947, 4.232697913335888629, 7.219999999999999751 ) ) ;
#1911 = CARTESIAN_POINT ( 'NONE',  ( -6.504371968026362083, -7.463453979328398269, 7.219999999999999751 ) ) ;
#1912 = EDGE_CURVE ( 'NONE', #2188, #2381, #668, .T. ) ;
#1913 = ORIENTED_EDGE ( 'NONE', *, *, #1804, .F. ) ;
#1914 = ADVANCED_FACE ( 'NONE', ( #2334 ), #3042, .T. ) ;
#1915 = EDGE_LOOP ( 'NONE', ( #1103, #3350, #185, #1352 ) ) ;
#1916 = FACE_OUTER_BOUND ( 'NONE', #1241, .T. ) ;
#1917 = EDGE_CURVE ( 'NONE', #2533, #666, #728, .T. ) ;
#1918 = EDGE_CURVE ( 'NONE', #342, #1874, #2228, .T. ) ;
#1919 = DIRECTION ( 'NONE',  ( -0.000000000000000000, -0.000000000000000000, -1.000000000000000000 ) ) ;
#1920 = ORIENTED_EDGE ( 'NONE', *, *, #1912, .F. ) ;
#1921 = CARTESIAN_POINT ( 'NONE',  ( -6.540885592019885841, 3.513892524268020789, 7.219999999999999751 ) ) ;
#1922 = DIRECTION ( 'NONE',  ( -0.000000000000000000, -0.000000000000000000, -1.000000000000000000 ) ) ;
#1923 = DIRECTION ( 'NONE',  ( -0.9656799471307166982, 0.2597349412566898885, -0.000000000000000000 ) ) ;
#1924 = CYLINDRICAL_SURFACE ( 'NONE', #1323, 3.009777261265889958 ) ;
#1925 = VERTEX_POINT ( 'NONE', #448 ) ;
#1926 = DIRECTION ( 'NONE',  ( -0.000000000000000000, -0.000000000000000000, -1.000000000000000000 ) ) ;
#1927 = CARTESIAN_POINT ( 'NONE',  ( -9.602909268817404254, -2.407100657401108013, 7.219999999999999751 ) ) ;
#1928 = ORIENTED_EDGE ( 'NONE', *, *, #2083, .T. ) ;
#1929 = ORIENTED_EDGE ( 'NONE', *, *, #527, .F. ) ;
#1930 = DIRECTION ( 'NONE',  ( -0.000000000000000000, -0.000000000000000000, -1.000000000000000000 ) ) ;
#1931 = ADVANCED_FACE ( 'NONE', ( #132, #1743, #415, #2916, #1527, #2837, #471 ), #147, .T. ) ;
#1932 = EDGE_CURVE ( 'NONE', #1667, #1492, #2360, .T. ) ;
#1933 = CARTESIAN_POINT ( 'NONE',  ( -2.099212645435582392, -6.188496837148004914, 0.006051166610364542946 ) ) ;
#1934 = ORIENTED_EDGE ( 'NONE', *, *, #805, .F. ) ;
#1935 = CARTESIAN_POINT ( 'NONE',  ( -4.232697913335866424, -6.100401083079881381, 7.219999999999999751 ) ) ;
#1936 = CIRCLE ( 'NONE', #395, 9.999999999999998224 ) ;
#1937 = AXIS2_PLACEMENT_3D ( 'NONE', #2874, #428, #1739 ) ;
#1938 = CARTESIAN_POINT ( 'NONE',  ( -1.668796997574234497, -6.204493660314855497, 6.219999999999999751 ) ) ;
#1939 = CARTESIAN_POINT ( 'NONE',  ( 30.89893035275242283, -0.6218746302551256822, -39.59147899454167430 ) ) ;
#1940 = ORIENTED_EDGE ( 'NONE', *, *, #1828, .T. ) ;
#1941 = CARTESIAN_POINT ( 'NONE',  ( 0.000000000000000000, 0.000000000000000000, 6.219999999999999751 ) ) ;
#1942 = CIRCLE ( 'NONE', #3429, 15.00000000000000000 ) ;
#1943 = AXIS2_PLACEMENT_3D ( 'NONE', #56, #1704, #2514 ) ;
#1944 = AXIS2_PLACEMENT_3D ( 'NONE', #433, #1473, #1510 ) ;
#1945 = DIRECTION ( 'NONE',  ( -0.000000000000000000, -0.000000000000000000, 1.000000000000000000 ) ) ;
#1946 = ORIENTED_EDGE ( 'NONE', *, *, #2448, .F. ) ;
#1947 = CIRCLE ( 'NONE', #74, 1.000000000000000000 ) ;
#1948 = CIRCLE ( 'NONE', #475, 1.000000000000000000 ) ;
#1949 = ORIENTED_EDGE ( 'NONE', *, *, #1274, .F. ) ;
#1950 = CIRCLE ( 'NONE', #81, 1.000000000000000444 ) ;
#1951 = CIRCLE ( 'NONE', #1902, 13.99999999999999822 ) ;
#1952 = DIRECTION ( 'NONE',  ( -0.000000000000000000, -0.000000000000000000, -1.000000000000000000 ) ) ;
#1953 = ORIENTED_EDGE ( 'NONE', *, *, #2155, .T. ) ;
#1954 = EDGE_CURVE ( 'NONE', #870, #98, #628, .T. ) ;
#1955 = CARTESIAN_POINT ( 'NONE',  ( 4.804372540592347640, -2.677312923661003818, 7.219999999999999751 ) ) ;
#1956 = ADVANCED_FACE ( 'NONE', ( #1786 ), #2880, .T. ) ;
#1957 = AXIS2_PLACEMENT_3D ( 'NONE', #1613, #3302, #1077 ) ;
#1958 = DIRECTION ( 'NONE',  ( -0.3090169943749515036, 0.9510565162951521989, 0.000000000000000000 ) ) ;
#1959 = DIRECTION ( 'NONE',  ( -0.9510565162951555296, 0.3090169943749411785, 0.000000000000000000 ) ) ;
#1960 = ORIENTED_EDGE ( 'NONE', *, *, #2806, .F. ) ;
#1961 = DIRECTION ( 'NONE',  ( 0.000000000000000000, 0.000000000000000000, 1.000000000000000000 ) ) ;
#1962 = EDGE_CURVE ( 'NONE', #1081, #3274, #3088, .T. ) ;
#1963 = DIRECTION ( 'NONE',  ( -0.8593273499851494801, -0.5114259531618440269, 1.108978258967081475E-16 ) ) ;
#1964 = VERTEX_POINT ( 'NONE', #1239 ) ;
#1965 = EDGE_LOOP ( 'NONE', ( #690, #3193 ) ) ;
#1966 = CYLINDRICAL_SURFACE ( 'NONE', #33, 3.009777261265889958 ) ;
#1967 = CARTESIAN_POINT ( 'NONE',  ( 0.000000000000000000, 0.000000000000000000, 7.219999999999999751 ) ) ;
#1968 = CARTESIAN_POINT ( 'NONE',  ( -8.389074425191868301, -5.256750925104952898, 7.219999999999999751 ) ) ;
#1969 = CARTESIAN_POINT ( 'NONE',  ( 0.000000000000000000, 0.000000000000000000, 0.000000000000000000 ) ) ;
#1970 = ORIENTED_EDGE ( 'NONE', *, *, #454, .F. ) ;
#1971 = LINE ( 'NONE', #648, #1368 ) ;
#1972 = EDGE_CURVE ( 'NONE', #1113, #2131, #1478, .T. ) ;
#1973 = EDGE_CURVE ( 'NONE', #1407, #2702, #1766, .T. ) ;
#1974 = CARTESIAN_POINT ( 'NONE',  ( 27.00551938981702449, -18.09013125334769967, 6.220000000000017515 ) ) ;
#1975 = ORIENTED_EDGE ( 'NONE', *, *, #70, .T. ) ;
#1976 = ORIENTED_EDGE ( 'NONE', *, *, #1730, .F. ) ;
#1977 = CARTESIAN_POINT ( 'NONE',  ( 28.31222647033802886, -12.70026071423273883, 2.000000000000000000 ) ) ;
#1978 = DIRECTION ( 'NONE',  ( -1.000000000000000000, 0.000000000000000000, 0.000000000000000000 ) ) ;
#1979 = FACE_BOUND ( 'NONE', #3301, .T. ) ;
#1980 = EDGE_LOOP ( 'NONE', ( #1690, #2980, #2689, #3432 ) ) ;
#1981 = AXIS2_PLACEMENT_3D ( 'NONE', #440, #960, #398 ) ;
#1982 = CIRCLE ( 'NONE', #860, 3.009777261265889958 ) ;
#1983 = AXIS2_PLACEMENT_3D ( 'NONE', #1507, #2607, #3373 ) ;
#1984 = DIRECTION ( 'NONE',  ( -1.000000000000000000, 0.000000000000000000, 0.000000000000000000 ) ) ;
#1985 = EDGE_LOOP ( 'NONE', ( #2817, #1991, #986, #1418 ) ) ;
#1986 = DIRECTION ( 'NONE',  ( 1.000000000000000000, 0.000000000000000000, 0.000000000000000000 ) ) ;
#1987 = ADVANCED_FACE ( 'NONE', ( #1208 ), #3397, .T. ) ;
#1988 = VECTOR ( 'NONE', #2485, 1000.000000000000000 ) ;
#1989 = AXIS2_PLACEMENT_3D ( 'NONE', #2953, #2678, #541 ) ;
#1990 = EDGE_CURVE ( 'NONE', #2807, #945, #2159, .T. ) ;
#1991 = ORIENTED_EDGE ( 'NONE', *, *, #1753, .F. ) ;
#1992 = AXIS2_PLACEMENT_3D ( 'NONE', #2519, #1963, #3065 ) ;
#1993 = AXIS2_PLACEMENT_3D ( 'NONE', #2097, #1567, #3241 ) ;
#1994 = ORIENTED_EDGE ( 'NONE', *, *, #3525, .F. ) ;
#1995 = DIRECTION ( 'NONE',  ( -0.000000000000000000, -0.000000000000000000, -1.000000000000000000 ) ) ;
#1996 = CARTESIAN_POINT ( 'NONE',  ( 0.2885942357802444014, 8.264257631792538916, 7.219999999999999751 ) ) ;
#1997 = TOROIDAL_SURFACE ( 'NONE', #636, 8.000000000000000000, 2.000000000000000000 ) ;
#1998 = AXIS2_PLACEMENT_3D ( 'NONE', #2621, #3157, #3368 ) ;
#1999 = CARTESIAN_POINT ( 'NONE',  ( -6.304372540592346752, 2.677312923661004262, 5.200000000000000178 ) ) ;
#2000 = DIRECTION ( 'NONE',  ( -0.000000000000000000, -0.000000000000000000, -1.000000000000000000 ) ) ;
#2001 = ORIENTED_EDGE ( 'NONE', *, *, #218, .T. ) ;
#2002 = DIRECTION ( 'NONE',  ( -1.000000000000000000, 0.000000000000000000, 0.000000000000000000 ) ) ;
#2003 = AXIS2_PLACEMENT_3D ( 'NONE', #3040, #1919, #3022 ) ;
#2004 = DIRECTION ( 'NONE',  ( -0.000000000000000000, -0.000000000000000000, 1.000000000000000000 ) ) ;
#2005 = DIRECTION ( 'NONE',  ( 0.000000000000000000, 0.000000000000000000, -1.000000000000000000 ) ) ;
#2006 = EDGE_LOOP ( 'NONE', ( #2396, #1976, #2273, #2591 ) ) ;
#2007 = CYLINDRICAL_SURFACE ( 'NONE', #2423, 0.9999999999999835687 ) ;
#2008 = EDGE_CURVE ( 'NONE', #791, #120, #1602, .T. ) ;
#2009 = CARTESIAN_POINT ( 'NONE',  ( 0.000000000000000000, 0.000000000000000000, 6.219999999999999751 ) ) ;
#2010 = VERTEX_POINT ( 'NONE', #1320 ) ;
#2011 = VERTEX_POINT ( 'NONE', #1911 ) ;
#2012 = VERTEX_POINT ( 'NONE', #3495 ) ;
#2013 = EDGE_CURVE ( 'NONE', #899, #2188, #967, .T. ) ;
#2014 = CARTESIAN_POINT ( 'NONE',  ( 23.94444419393438750, -21.69595290471670523, 2.000000000000000000 ) ) ;
#2015 = EDGE_CURVE ( 'NONE', #3005, #2959, #2127, .T. ) ;
#2016 = CARTESIAN_POINT ( 'NONE',  ( 18.27055477708033493, -22.95843621649840216, 1.000000000000000888 ) ) ;
#2017 = DIRECTION ( 'NONE',  ( 0.000000000000000000, 0.000000000000000000, 1.000000000000000000 ) ) ;
#2018 = DIRECTION ( 'NONE',  ( -0.2597349412566900551, -0.9656799471307168092, 0.000000000000000000 ) ) ;
#2019 = EDGE_LOOP ( 'NONE', ( #1198, #1233, #730, #2048 ) ) ;
#2020 = LINE ( 'NONE', #445, #523 ) ;
#2021 = CARTESIAN_POINT ( 'NONE',  ( -9.649055640082156771, -2.214887187781523270, 7.219999999999999751 ) ) ;
#2022 = EDGE_LOOP ( 'NONE', ( #3382, #932 ) ) ;
#2023 = DATE_AND_TIME ( #933, #2815 ) ;
#2024 = CARTESIAN_POINT ( 'NONE',  ( -1.928531938830924553, -7.170173607445571307, -39.59147899454167430 ) ) ;
#2025 = ORIENTED_EDGE ( 'NONE', *, *, #692, .F. ) ;
#2026 = ORIENTED_EDGE ( 'NONE', *, *, #2666, .F. ) ;
#2027 = VERTEX_POINT ( 'NONE', #3226 ) ;
#2028 = CYLINDRICAL_SURFACE ( 'NONE', #2868, 1.000000000000000000 ) ;
#2029 = DIRECTION ( 'NONE',  ( -0.000000000000000000, -0.000000000000000000, -1.000000000000000000 ) ) ;
#2030 = EDGE_CURVE ( 'NONE', #1108, #2536, #2469, .T. ) ;
#2031 = EDGE_CURVE ( 'NONE', #1874, #1012, #1194, .T. ) ;
#2032 = CARTESIAN_POINT ( 'NONE',  ( -2.104232928294135885, -6.899672437550355752, 6.849288101290457398 ) ) ;
#2033 = DIRECTION ( 'NONE',  ( -0.2597349412566900551, -0.9656799471307166982, 0.000000000000000000 ) ) ;
#2034 = EDGE_LOOP ( 'NONE', ( #2627, #1499, #612, #1577 ) ) ;
#2035 = DIRECTION ( 'NONE',  ( -0.2597349412566900551, -0.9656799471307166982, 0.000000000000000000 ) ) ;
#2036 = DIRECTION ( 'NONE',  ( 0.9656799471307166982, -0.2597349412566901106, 0.000000000000000000 ) ) ;
#2037 = CARTESIAN_POINT ( 'NONE',  ( -2.085784001951833222, -6.311063106350001561, 0.01840169044993329728 ) ) ;
#2038 = VERTEX_POINT ( 'NONE', #3263 ) ;
#2039 = DIRECTION ( 'NONE',  ( -0.000000000000000000, -0.000000000000000000, -1.000000000000000000 ) ) ;
#2040 = AXIS2_PLACEMENT_3D ( 'NONE', #2642, #2090, #1809 ) ;
#2041 = AXIS2_PLACEMENT_3D ( 'NONE', #1996, #380, #2303 ) ;
#2042 = DIRECTION ( 'NONE',  ( 1.000000000000000000, 1.734723475976807292E-15, 0.000000000000000000 ) ) ;
#2043 = ORIENTED_EDGE ( 'NONE', *, *, #3095, .F. ) ;
#2044 = ORIENTED_EDGE ( 'NONE', *, *, #2826, .T. ) ;
#2045 = AXIS2_PLACEMENT_3D ( 'NONE', #2735, #792, #3308 ) ;
#2046 = CIRCLE ( 'NONE', #2338, 0.9999999999999996669 ) ;
#2047 = VECTOR ( 'NONE', #1369, 1000.000000000000000 ) ;
#2048 = ORIENTED_EDGE ( 'NONE', *, *, #1990, .T. ) ;
#2049 = CARTESIAN_POINT ( 'NONE',  ( 0.8697893978445845331, 6.365853548692206765, 7.219999999999999751 ) ) ;
#2050 = CARTESIAN_POINT ( 'NONE',  ( 0.000000000000000000, 0.000000000000000000, 0.000000000000000000 ) ) ;
#2051 = AXIS2_PLACEMENT_3D ( 'NONE', #931, #1740, #3122 ) ;
#2052 = CARTESIAN_POINT ( 'NONE',  ( -2.134607467527162683, -7.082705137715187504, 6.489336153842675259 ) ) ;
#2053 = EDGE_CURVE ( 'NONE', #669, #3103, #532, .T. ) ;
#2054 = CIRCLE ( 'NONE', #2522, 6.425000000000000711 ) ;
#2055 = CARTESIAN_POINT ( 'NONE',  ( 32.94800296465624712, 1.242909091170449454, 7.219999999999999751 ) ) ;
#2056 = ORIENTED_EDGE ( 'NONE', *, *, #2682, .T. ) ;
#2057 = EDGE_CURVE ( 'NONE', #3103, #1113, #2725, .T. ) ;
#2058 = DIRECTION ( 'NONE',  ( -0.000000000000000000, -0.000000000000000000, -1.000000000000000000 ) ) ;
#2059 = CIRCLE ( 'NONE', #1436, 6.999999999999999112 ) ;
#2060 = DIRECTION ( 'NONE',  ( -0.000000000000000000, -0.000000000000000000, -1.000000000000000000 ) ) ;
#2061 = CYLINDRICAL_SURFACE ( 'NONE', #2232, 1.000000000000000000 ) ;
#2062 = ORIENTED_EDGE ( 'NONE', *, *, #622, .F. ) ;
#2063 = AXIS2_PLACEMENT_3D ( 'NONE', #2884, #1042, #1573 ) ;
#2064 = MECHANICAL_CONTEXT ( 'NONE', #88, 'mechanical' ) ;
#2065 = EDGE_CURVE ( 'NONE', #391, #22, #3209, .T. ) ;
#2066 = EDGE_CURVE ( 'NONE', #1724, #120, #784, .T. ) ;
#2067 = TOROIDAL_SURFACE ( 'NONE', #598, 11.00000000000000000, 1.000000000000000000 ) ;
#2068 = DIRECTION ( 'NONE',  ( 0.000000000000000000, -1.000000000000000000, 0.000000000000000000 ) ) ;
#2069 = EDGE_LOOP ( 'NONE', ( #2231, #1693 ) ) ;
#2070 = ORIENTED_EDGE ( 'NONE', *, *, #366, .F. ) ;
#2071 = VERTEX_POINT ( 'NONE', #1628 ) ;
#2072 = PLANE ( 'NONE',  #2236 ) ;
#2073 = CYLINDRICAL_SURFACE ( 'NONE', #522, 3.009777261265889958 ) ;
#2074 = FACE_OUTER_BOUND ( 'NONE', #2205, .T. ) ;
#2075 = CARTESIAN_POINT ( 'NONE',  ( -7.357101806111839615, -1.001837319381711389, 0.000000000000000000 ) ) ;
#2076 = ORIENTED_EDGE ( 'NONE', *, *, #943, .T. ) ;
#2077 = DIRECTION ( 'NONE',  ( -0.000000000000000000, -0.000000000000000000, -1.000000000000000000 ) ) ;
#2078 = FACE_OUTER_BOUND ( 'NONE', #3126, .T. ) ;
#2079 = CARTESIAN_POINT ( 'NONE',  ( -3.226273398300803841, 6.687434856461527133, 7.219999999999999751 ) ) ;
#2080 = ORIENTED_EDGE ( 'NONE', *, *, #2973, .F. ) ;
#2081 = PERSON_AND_ORGANIZATION_ROLE ( 'creator' ) ;
#2082 = EDGE_CURVE ( 'NONE', #1098, #1012, #23, .T. ) ;
#2083 = EDGE_CURVE ( 'NONE', #3518, #979, #1569, .T. ) ;
#2084 = DIRECTION ( 'NONE',  ( 1.000000000000000000, 0.000000000000000000, 0.000000000000000000 ) ) ;
#2085 = EDGE_LOOP ( 'NONE', ( #1427, #2823, #654, #2306 ) ) ;
#2086 = VERTEX_POINT ( 'NONE', #1643 ) ;
#2087 = VERTEX_POINT ( 'NONE', #751 ) ;
#2088 = DIRECTION ( 'NONE',  ( 0.000000000000000000, 0.000000000000000000, 1.000000000000000000 ) ) ;
#2089 = CARTESIAN_POINT ( 'NONE',  ( 0.000000000000000000, 0.000000000000000000, 7.219999999999999751 ) ) ;
#2090 = DIRECTION ( 'NONE',  ( -0.000000000000000000, -0.000000000000000000, -1.000000000000000000 ) ) ;
#2091 = DIRECTION ( 'NONE',  ( -0.000000000000000000, -0.000000000000000000, -1.000000000000000000 ) ) ;
#2092 = ORIENTED_EDGE ( 'NONE', *, *, #1695, .T. ) ;
#2093 = CYLINDRICAL_SURFACE ( 'NONE', #2972, 7.425000000000000711 ) ;
#2094 = CARTESIAN_POINT ( 'NONE',  ( 1.177312923661003596, 4.804372540592348528, 5.200000000000000178 ) ) ;
#2095 = CARTESIAN_POINT ( 'NONE',  ( -8.117364821707893086, -1.577855883427253803, 0.000000000000000000 ) ) ;
#2096 = CARTESIAN_POINT ( 'NONE',  ( -2.099212645435582392, -6.188496837148004914, 0.006051166610364542946 ) ) ;
#2097 = CARTESIAN_POINT ( 'NONE',  ( 0.000000000000000000, 0.000000000000000000, 6.219999999999999751 ) ) ;
#2098 = ORIENTED_EDGE ( 'NONE', *, *, #1583, .F. ) ;
#2099 = DATE_AND_TIME ( #505, #848 ) ;
#2100 = CARTESIAN_POINT ( 'NONE',  ( 1.257500470440550577, 7.102954915304699135, 0.3707118987095426865 ) ) ;
#2101 = EDGE_CURVE ( 'NONE', #3479, #3369, #3148, .T. ) ;
#2102 = ORIENTED_EDGE ( 'NONE', *, *, #3525, .T. ) ;
#2103 = DIRECTION ( 'NONE',  ( 0.000000000000000000, 0.000000000000000000, -1.000000000000000000 ) ) ;
#2104 = ADVANCED_FACE ( 'NONE', ( #3244 ), #1344, .F. ) ;
#2105 = TOROIDAL_SURFACE ( 'NONE', #896, 6.425000000000000711, 1.000000000000000000 ) ;
#2106 = CLOSED_SHELL ( 'NONE', ( #2317, #2508, #711, #3117, #2184, #658, #1325, #2347, #565, #839, #844, #3021, #2949, #1090, #3187, #1062, #3450, #1367, #1931, #2732, #3496, #554, #2104, #2268, #2731, #87, #587, #2808, #1321, #1464, #1167, #3233, #761, #3162, #1331, #1630, #173, #2548, #3074, #1987, #990, #3044, #1429, #2879, #2525, #937, #1680, #436, #1586, #2791, #2813, #1956, #2216, #639, #779, #3181, #411, #3357, #1496, #966, #827, #3474, #2756, #1717, #3111, #2618, #50, #2178, #2300, #1470, #3018, #2182, #3232, #2761, #34, #1206, #3339, #1876, #3283, #3282, #1735, #286, #2856, #349, #2174, #3419, #25, #1748, #451, #315, #2715, #2473, #379, #3347, #2681, #1163, #2790, #1914, #1168, #2491, #938, #1181, #3239, #794, #1895 ) ) ;
#2107 = ORIENTED_EDGE ( 'NONE', *, *, #3504, .T. ) ;
#2108 = AXIS2_PLACEMENT_3D ( 'NONE', #836, #1926, #3029 ) ;
#2109 = DIRECTION ( 'NONE',  ( -1.000000000000000000, 0.000000000000000000, 0.000000000000000000 ) ) ;
#2110 = CIRCLE ( 'NONE', #241, 1.000000000000000000 ) ;
#2111 = LINE ( 'NONE', #1018, #239 ) ;
#2112 = EDGE_CURVE ( 'NONE', #2782, #412, #1333, .T. ) ;
#2113 = AXIS2_PLACEMENT_3D ( 'NONE', #2095, #2349, #3196 ) ;
#2114 = CIRCLE ( 'NONE', #2572, 6.425000000000000711 ) ;
#2115 = DIRECTION ( 'NONE',  ( 0.000000000000000000, 0.000000000000000000, 1.000000000000000000 ) ) ;
#2116 = DIRECTION ( 'NONE',  ( -0.000000000000000000, -0.000000000000000000, -1.000000000000000000 ) ) ;
#2117 = EDGE_LOOP ( 'NONE', ( #3462, #2483, #529, #278 ) ) ;
#2118 = AXIS2_PLACEMENT_3D ( 'NONE', #1861, #1896, #2183 ) ;
#2119 = DIRECTION ( 'NONE',  ( 0.000000000000000000, 0.000000000000000000, 1.000000000000000000 ) ) ;
#2120 = CARTESIAN_POINT ( 'NONE',  ( -5.289103886878624650, 7.948956596392994456, 7.219999999999999751 ) ) ;
#2121 = AXIS2_PLACEMENT_3D ( 'NONE', #2969, #2936, #781 ) ;
#2122 = CARTESIAN_POINT ( 'NONE',  ( 3.804372540592347196, -2.677312923661003818, -2.780000000000000249 ) ) ;
#2123 = DIRECTION ( 'NONE',  ( 0.000000000000000000, 0.000000000000000000, 1.000000000000000000 ) ) ;
#2124 = ORIENTED_EDGE ( 'NONE', *, *, #3073, .F. ) ;
#2125 = CARTESIAN_POINT ( 'NONE',  ( 0.2885942357802444014, 8.264257631792538916, 0.000000000000000000 ) ) ;
#2126 = CIRCLE ( 'NONE', #1778, 3.009777261265890846 ) ;
#2127 = LINE ( 'NONE', #507, #750 ) ;
#2128 = ORIENTED_EDGE ( 'NONE', *, *, #2374, .T. ) ;
#2129 = DIRECTION ( 'NONE',  ( -1.000000000000000000, 0.000000000000000000, 0.000000000000000000 ) ) ;
#2130 = AXIS2_PLACEMENT_3D ( 'NONE', #268, #1183, #1881 ) ;
#2131 = VERTEX_POINT ( 'NONE', #2535 ) ;
#2132 = DIRECTION ( 'NONE',  ( -1.000000000000000000, 0.000000000000000000, 0.000000000000000000 ) ) ;
#2133 = CARTESIAN_POINT ( 'NONE',  ( 1.928531938830923442, 7.170173607445572195, 1.000000000000000888 ) ) ;
#2134 = CARTESIAN_POINT ( 'NONE',  ( -5.639645671781591041, -6.047779554044771189, 7.219999999999999751 ) ) ;
#2135 = EDGE_CURVE ( 'NONE', #1383, #391, #297, .T. ) ;
#2136 = DIRECTION ( 'NONE',  ( 0.000000000000000000, 0.000000000000000000, 1.000000000000000000 ) ) ;
#2137 = VERTEX_POINT ( 'NONE', #1974 ) ;
#2138 = CARTESIAN_POINT ( 'NONE',  ( 27.32231747987597004, 10.69550994100709396, 7.219999999999999751 ) ) ;
#2139 = DIRECTION ( 'NONE',  ( 0.000000000000000000, 0.000000000000000000, 1.000000000000000000 ) ) ;
#2140 = DIRECTION ( 'NONE',  ( 0.000000000000000000, 0.000000000000000000, 1.000000000000000000 ) ) ;
#2141 = DIRECTION ( 'NONE',  ( 0.3090169943749448422, 0.9510565162951544194, 0.000000000000000000 ) ) ;
#2142 = VERTEX_POINT ( 'NONE', #1686 ) ;
#2143 = CARTESIAN_POINT ( 'NONE',  ( 0.000000000000000000, 0.000000000000000000, 7.219999999999999751 ) ) ;
#2144 = DIRECTION ( 'NONE',  ( 1.000000000000000000, 0.000000000000000000, 0.000000000000000000 ) ) ;
#2145 = ORIENTED_EDGE ( 'NONE', *, *, #567, .F. ) ;
#2146 = CARTESIAN_POINT ( 'NONE',  ( -6.540885592019885841, 3.513892524268020789, 0.000000000000000000 ) ) ;
#2147 = ORIENTED_EDGE ( 'NONE', *, *, #68, .F. ) ;
#2148 = DIRECTION ( 'NONE',  ( 1.000000000000000000, 0.000000000000000000, 0.000000000000000000 ) ) ;
#2149 = DIRECTION ( 'NONE',  ( 1.000000000000000000, -1.243449787580175483E-14, 0.000000000000000000 ) ) ;
#2150 = DIRECTION ( 'NONE',  ( -0.000000000000000000, -0.000000000000000000, -1.000000000000000000 ) ) ;
#2151 = DIRECTION ( 'NONE',  ( 1.000000000000000000, 0.000000000000000000, 0.000000000000000000 ) ) ;
#2152 = EDGE_LOOP ( 'NONE', ( #2578, #998 ) ) ;
#2153 = EDGE_CURVE ( 'NONE', #2199, #2614, #810, .T. ) ;
#2154 = CARTESIAN_POINT ( 'NONE',  ( 0.000000000000000000, 0.000000000000000000, 7.219999999999999751 ) ) ;
#2155 = EDGE_CURVE ( 'NONE', #573, #1036, #2640, .T. ) ;
#2156 = CARTESIAN_POINT ( 'NONE',  ( 0.000000000000000000, 0.000000000000000000, 7.219999999999999751 ) ) ;
#2157 = CARTESIAN_POINT ( 'NONE',  ( -7.357101806111839615, -1.001837319381711389, 7.219999999999999751 ) ) ;
#2158 = VERTEX_POINT ( 'NONE', #1927 ) ;
#2159 = LINE ( 'NONE', #223, #1145 ) ;
#2160 = ORIENTED_EDGE ( 'NONE', *, *, #2659, .F. ) ;
#2161 = SECURITY_CLASSIFICATION ( '', '', #1860 ) ;
#2162 = ORIENTED_EDGE ( 'NONE', *, *, #2155, .F. ) ;
#2163 = CARTESIAN_POINT ( 'NONE',  ( -7.494526508824496780, 3.494755105310485721, 0.000000000000000000 ) ) ;
#2164 = DIRECTION ( 'NONE',  ( 0.000000000000000000, 0.000000000000000000, 1.000000000000000000 ) ) ;
#2165 = CIRCLE ( 'NONE', #12, 1.600000000000000089 ) ;
#2166 = AXIS2_PLACEMENT_3D ( 'NONE', #1501, #2825, #2601 ) ;
#2167 = CARTESIAN_POINT ( 'NONE',  ( -7.948956596392983798, -2.279326625612762669, 7.219999999999999751 ) ) ;
#2168 = VECTOR ( 'NONE', #558, 1000.000000000000000 ) ;
#2169 = CARTESIAN_POINT ( 'NONE',  ( -5.289103886878624650, 7.948956596392994456, 7.219999999999999751 ) ) ;
#2170 = ORIENTED_EDGE ( 'NONE', *, *, #2811, .T. ) ;
#2171 = DIRECTION ( 'NONE',  ( 1.000000000000000000, 0.000000000000000000, 0.000000000000000000 ) ) ;
#2172 = VECTOR ( 'NONE', #3312, 1000.000000000000000 ) ;
#2173 = CIRCLE ( 'NONE', #67, 3.009777261265891291 ) ;
#2174 = ADVANCED_FACE ( 'NONE', ( #578 ), #1697, .F. ) ;
#2175 = CARTESIAN_POINT ( 'NONE',  ( -7.948956596392983798, -2.279326625612762669, 0.000000000000000000 ) ) ;
#2176 = AXIS2_PLACEMENT_3D ( 'NONE', #919, #208, #390 ) ;
#2177 = FACE_OUTER_BOUND ( 'NONE', #2019, .T. ) ;
#2178 = ADVANCED_FACE ( 'NONE', ( #3348 ), #599, .F. ) ;
#2179 = ORIENTED_EDGE ( 'NONE', *, *, #203, .F. ) ;
#2180 = PERSON_AND_ORGANIZATION_ROLE ( 'design_supplier' ) ;
#2181 = AXIS2_PLACEMENT_3D ( 'NONE', #971, #708, #3105 ) ;
#2182 = ADVANCED_FACE ( 'NONE', ( #3030 ), #907, .T. ) ;
#2183 = DIRECTION ( 'NONE',  ( 1.000000000000000000, 0.000000000000000000, 0.000000000000000000 ) ) ;
#2184 = ADVANCED_FACE ( 'NONE', ( #343 ), #35, .F. ) ;
#2185 = VERTEX_POINT ( 'NONE', #59 ) ;
#2186 = CIRCLE ( 'NONE', #1037, 2.000000000000001332 ) ;
#2187 = CIRCLE ( 'NONE', #3379, 3.009777261265890402 ) ;
#2188 = VERTEX_POINT ( 'NONE', #893 ) ;
#2189 = DIRECTION ( 'NONE',  ( 1.000000000000000000, 1.734723475976806700E-15, 0.000000000000000000 ) ) ;
#2190 = CIRCLE ( 'NONE', #638, 1.500000000000000222 ) ;
#2191 = CIRCLE ( 'NONE', #3161, 5.000000000000004441 ) ;
#2192 = LINE ( 'NONE', #3290, #2930 ) ;
#2193 = ORIENTED_EDGE ( 'NONE', *, *, #2153, .F. ) ;
#2194 = CARTESIAN_POINT ( 'NONE',  ( 40.10796630892206593, -10.78767380862164238, 2.000000000000000000 ) ) ;
#2195 = CARTESIAN_POINT ( 'NONE',  ( 3.955450028387454076, 5.589462052381602319, 0.000000000000000000 ) ) ;
#2196 = DIRECTION ( 'NONE',  ( 0.000000000000000000, 0.000000000000000000, 1.000000000000000000 ) ) ;
#2197 = VERTEX_POINT ( 'NONE', #1397 ) ;
#2198 = LINE ( 'NONE', #3313, #2922 ) ;
#2199 = VERTEX_POINT ( 'NONE', #2230 ) ;
#2200 = EDGE_CURVE ( 'NONE', #342, #1745, #3501, .T. ) ;
#2201 = EDGE_CURVE ( 'NONE', #2792, #3518, #1605, .T. ) ;
#2202 = ORIENTED_EDGE ( 'NONE', *, *, #101, .F. ) ;
#2203 = DIRECTION ( 'NONE',  ( -0.000000000000000000, -0.000000000000000000, -1.000000000000000000 ) ) ;
#2204 = CARTESIAN_POINT ( 'NONE',  ( -2.447410737846978712, 7.010050333647493304, 7.219999999999999751 ) ) ;
#2205 = EDGE_LOOP ( 'NONE', ( #1768, #1584, #560, #1317 ) ) ;
#2206 = DIRECTION ( 'NONE',  ( -0.000000000000000000, -0.000000000000000000, 1.000000000000000000 ) ) ;
#2207 = CARTESIAN_POINT ( 'NONE',  ( -7.109801789353291213, 2.140407324811976597, 7.219999999999999751 ) ) ;
#2208 = CYLINDRICAL_SURFACE ( 'NONE', #122, 1.500000000000000222 ) ;
#2209 = CARTESIAN_POINT ( 'NONE',  ( -6.100401083079867171, 4.232697913335888629, 0.000000000000000000 ) ) ;
#2210 = DIRECTION ( 'NONE',  ( 0.000000000000000000, 0.000000000000000000, 1.000000000000000000 ) ) ;
#2211 = ORIENTED_EDGE ( 'NONE', *, *, #2716, .F. ) ;
#2212 = CARTESIAN_POINT ( 'NONE',  ( 30.49611760853984777, -8.202414618990752970, 5.219999999999999751 ) ) ;
#2213 = EDGE_LOOP ( 'NONE', ( #2415, #3286, #2479, #3168 ) ) ;
#2214 = EDGE_CURVE ( 'NONE', #818, #573, #2198, .T. ) ;
#2215 = ORIENTED_EDGE ( 'NONE', *, *, #1431, .T. ) ;
#2216 = ADVANCED_FACE ( 'NONE', ( #2777 ), #884, .T. ) ;
#2217 = CIRCLE ( 'NONE', #793, 7.425000000000000711 ) ;
#2218 = CARTESIAN_POINT ( 'NONE',  ( 30.49611760853984777, -8.202414618990752970, 10.00000000000000000 ) ) ;
#2219 = EDGE_CURVE ( 'NONE', #586, #248, #3328, .T. ) ;
#2220 = ORIENTED_EDGE ( 'NONE', *, *, #330, .T. ) ;
#2221 = DIRECTION ( 'NONE',  ( -0.000000000000000000, -0.000000000000000000, -1.000000000000000000 ) ) ;
#2222 = CARTESIAN_POINT ( 'NONE',  ( -4.804372540592347640, 2.677312923661004262, 7.219999999999999751 ) ) ;
#2223 = FACE_OUTER_BOUND ( 'NONE', #3205, .T. ) ;
#2224 = ORIENTED_EDGE ( 'NONE', *, *, #1448, .T. ) ;
#2225 = CARTESIAN_POINT ( 'NONE',  ( 1.600000000000000089, 0.000000000000000000, 7.219999999999999751 ) ) ;
#2226 = CIRCLE ( 'NONE', #3319, 11.00000000000000000 ) ;
#2227 = CIRCLE ( 'NONE', #678, 10.99999999999999645 ) ;
#2228 = CIRCLE ( 'NONE', #1377, 2.000000000000000000 ) ;
#2229 = AXIS2_PLACEMENT_3D ( 'NONE', #2134, #3523, #121 ) ;
#2230 = CARTESIAN_POINT ( 'NONE',  ( -6.304372540592346752, 2.677312923661004262, 0.000000000000000000 ) ) ;
#2231 = ORIENTED_EDGE ( 'NONE', *, *, #506, .F. ) ;
#2232 = AXIS2_PLACEMENT_3D ( 'NONE', #2569, #650, #387 ) ;
#2233 = CIRCLE ( 'NONE', #414, 3.009777261265891291 ) ;
#2234 = ORIENTED_EDGE ( 'NONE', *, *, #1855, .T. ) ;
#2235 = AXIS2_PLACEMENT_3D ( 'NONE', #719, #2345, #790 ) ;
#2236 = AXIS2_PLACEMENT_3D ( 'NONE', #3171, #3503, #2901 ) ;
#2237 = CYLINDRICAL_SURFACE ( 'NONE', #418, 3.009777261265889958 ) ;
#2238 = LINE ( 'NONE', #1119, #852 ) ;
#2239 =( GEOMETRIC_REPRESENTATION_CONTEXT ( 3 ) GLOBAL_UNCERTAINTY_ASSIGNED_CONTEXT ( ( #1169 ) ) GLOBAL_UNIT_ASSIGNED_CONTEXT ( ( #469, #1784, #2877 ) ) REPRESENTATION_CONTEXT ( 'NONE', 'WORKASPACE' ) );
#2240 = EDGE_CURVE ( 'NONE', #2409, #870, #1771, .T. ) ;
#2241 = EDGE_CURVE ( 'NONE', #772, #1480, #969, .T. ) ;
#2242 = CARTESIAN_POINT ( 'NONE',  ( 32.43657701149440697, 2.102236441155601820, 49.30459075783377898 ) ) ;
#2243 = PLANE ( 'NONE',  #2991 ) ;
#2244 = EDGE_LOOP ( 'NONE', ( #394, #3062, #3438, #282 ) ) ;
#2245 = LINE ( 'NONE', #1137, #2913 ) ;
#2246 = DIRECTION ( 'NONE',  ( -0.000000000000000000, 0.000000000000000000, 1.000000000000000000 ) ) ;
#2247 = ORIENTED_EDGE ( 'NONE', *, *, #3321, .F. ) ;
#2248 = ORIENTED_EDGE ( 'NONE', *, *, #1284, .F. ) ;
#2249 = CARTESIAN_POINT ( 'NONE',  ( -7.463453979328375176, 6.504371968026388728, 7.219999999999999751 ) ) ;
#2250 = DIRECTION ( 'NONE',  ( -1.000000000000000000, 0.000000000000000000, 0.000000000000000000 ) ) ;
#2251 = CYLINDRICAL_SURFACE ( 'NONE', #745, 3.009777261265890846 ) ;
#2252 = EDGE_CURVE ( 'NONE', #2087, #2959, #2521, .T. ) ;
#2253 = CARTESIAN_POINT ( 'NONE',  ( -3.304372540592347640, 2.677312923661004262, 0.000000000000000000 ) ) ;
#2254 = ORIENTED_EDGE ( 'NONE', *, *, #2928, .T. ) ;
#2255 = EDGE_CURVE ( 'NONE', #1, #2494, #1466, .T. ) ;
#2256 = DIRECTION ( 'NONE',  ( -1.000000000000000000, 0.000000000000000000, 0.000000000000000000 ) ) ;
#2257 = ORIENTED_EDGE ( 'NONE', *, *, #3208, .F. ) ;
#2258 = DIRECTION ( 'NONE',  ( -0.000000000000000000, -0.000000000000000000, -1.000000000000000000 ) ) ;
#2259 = ORIENTED_EDGE ( 'NONE', *, *, #199, .T. ) ;
#2260 = ORIENTED_EDGE ( 'NONE', *, *, #1014, .F. ) ;
#2261 = CARTESIAN_POINT ( 'NONE',  ( 3.955450028387454076, 5.589462052381602319, 0.000000000000000000 ) ) ;
#2262 = DIRECTION ( 'NONE',  ( -0.000000000000000000, -0.000000000000000000, -1.000000000000000000 ) ) ;
#2263 = DIRECTION ( 'NONE',  ( -1.000000000000000000, 0.000000000000000000, 0.000000000000000000 ) ) ;
#2264 = FACE_BOUND ( 'NONE', #1209, .T. ) ;
#2265 = VERTEX_POINT ( 'NONE', #2590 ) ;
#2266 = CIRCLE ( 'NONE', #2745, 3.009777261265889514 ) ;
#2267 = AXIS2_PLACEMENT_3D ( 'NONE', #1038, #3246, #2129 ) ;
#2268 = ADVANCED_FACE ( 'NONE', ( #2294 ), #2061, .F. ) ;
#2269 = PLANE ( 'NONE',  #2398 ) ;
#2270 = VECTOR ( 'NONE', #2740, 1000.000000000000000 ) ;
#2271 = AXIS2_PLACEMENT_3D ( 'NONE', #474, #3498, #1013 ) ;
#2272 = DIRECTION ( 'NONE',  ( 0.000000000000000000, 0.000000000000000000, 1.000000000000000000 ) ) ;
#2273 = ORIENTED_EDGE ( 'NONE', *, *, #108, .F. ) ;
#2274 = FACE_OUTER_BOUND ( 'NONE', #1631, .T. ) ;
#2275 = AXIS2_PLACEMENT_3D ( 'NONE', #996, #1801, #2084 ) ;
#2276 = CIRCLE ( 'NONE', #2755, 3.009777261265890846 ) ;
#2277 = EDGE_CURVE ( 'NONE', #98, #2314, #1947, .T. ) ;
#2278 = EDGE_CURVE ( 'NONE', #1171, #3519, #687, .T. ) ;
#2279 = ADVANCED_BREP_SHAPE_REPRESENTATION ( '指环1', ( #2904, #2711 ), #2239 ) ;
#2280 = CARTESIAN_POINT ( 'NONE',  ( 49.60796630892206593, -10.78767380862164238, 2.000000000000000000 ) ) ;
#2281 = ORIENTED_EDGE ( 'NONE', *, *, #199, .F. ) ;
#2282 = TOROIDAL_SURFACE ( 'NONE', #2926, 11.50000000000000355, 2.000000000000000000 ) ;
#2283 = ORIENTED_EDGE ( 'NONE', *, *, #334, .T. ) ;
#2284 = CIRCLE ( 'NONE', #1100, 1.000000000000000000 ) ;
#2285 = CYLINDRICAL_SURFACE ( 'NONE', #1045, 3.009777261265890846 ) ;
#2286 = CARTESIAN_POINT ( 'NONE',  ( -3.804372540592347196, 2.677312923661004262, 7.219999999999999751 ) ) ;
#2287 = CIRCLE ( 'NONE', #2809, 10.00000000000000178 ) ;
#2288 = VECTOR ( 'NONE', #701, 1000.000000000000000 ) ;
#2289 = CARTESIAN_POINT ( 'NONE',  ( -2.140407324811949952, -7.109801789353297430, 6.219999999999999751 ) ) ;
#2290 = DIRECTION ( 'NONE',  ( -0.000000000000000000, -0.000000000000000000, -1.000000000000000000 ) ) ;
#2291 = ORIENTED_EDGE ( 'NONE', *, *, #331, .F. ) ;
#2292 = AXIS2_PLACEMENT_3D ( 'NONE', #710, #1222, #3107 ) ;
#2293 = DIRECTION ( 'NONE',  ( 0.000000000000000000, 0.000000000000000000, 1.000000000000000000 ) ) ;
#2294 = FACE_OUTER_BOUND ( 'NONE', #850, .T. ) ;
#2295 = EDGE_LOOP ( 'NONE', ( #2609, #2553, #1058, #2742, #3375 ) ) ;
#2296 = DIRECTION ( 'NONE',  ( -1.000000000000000000, 0.000000000000000000, 0.000000000000000000 ) ) ;
#2297 = DIRECTION ( 'NONE',  ( 0.000000000000000000, 0.000000000000000000, -1.000000000000000000 ) ) ;
#2298 = VERTEX_POINT ( 'NONE', #105 ) ;
#2299 = VERTEX_POINT ( 'NONE', #1453 ) ;
#2300 = ADVANCED_FACE ( 'NONE', ( #3455 ), #127, .T. ) ;
#2301 = ORIENTED_EDGE ( 'NONE', *, *, #266, .T. ) ;
#2302 = DIRECTION ( 'NONE',  ( 1.000000000000000000, 8.673617379884033500E-16, 0.000000000000000000 ) ) ;
#2303 = DIRECTION ( 'NONE',  ( -1.000000000000000000, 0.000000000000000000, 0.000000000000000000 ) ) ;
#2304 = CARTESIAN_POINT ( 'NONE',  ( -2.140407324811950396, -7.109801789353298318, 6.355829983521442017 ) ) ;
#2305 = CARTESIAN_POINT ( 'NONE',  ( -6.047779554044754313, 5.639645671781612357, 7.219999999999999751 ) ) ;
#2306 = ORIENTED_EDGE ( 'NONE', *, *, #1805, .T. ) ;
#2307 = FACE_OUTER_BOUND ( 'NONE', #288, .T. ) ;
#2308 = DIRECTION ( 'NONE',  ( -0.000000000000000000, -0.000000000000000000, 1.000000000000000000 ) ) ;
#2309 = CARTESIAN_POINT ( 'NONE',  ( 35.96176672528179097, -2.240216349668056495, 10.00000000000000000 ) ) ;
#2310 = CARTESIAN_POINT ( 'NONE',  ( 55.10796630892206593, -10.78767380862164238, 1.000000000000000888 ) ) ;
#2311 = ORIENTED_EDGE ( 'NONE', *, *, #3341, .F. ) ;
#2312 = CARTESIAN_POINT ( 'NONE',  ( -4.017550821006834028, -8.207656991483858633, 0.000000000000000000 ) ) ;
#2313 = CARTESIAN_POINT ( 'NONE',  ( 1.177312923661003596, 4.804372540592348528, 0.000000000000000000 ) ) ;
#2314 = VERTEX_POINT ( 'NONE', #2310 ) ;
#2315 = ORIENTED_EDGE ( 'NONE', *, *, #3037, .F. ) ;
#2316 = EDGE_CURVE ( 'NONE', #2911, #1893, #1258, .T. ) ;
#2317 = ADVANCED_FACE ( 'NONE', ( #144 ), #1718, .T. ) ;
#2318 = ORIENTED_EDGE ( 'NONE', *, *, #1211, .T. ) ;
#2319 = CARTESIAN_POINT ( 'NONE',  ( -9.108128016965425289, 3.879691228251228807, 7.219999999999999751 ) ) ;
#2320 = CARTESIAN_POINT ( 'NONE',  ( -5.134899358225692545, 5.363155188962314135, 0.000000000000000000 ) ) ;
#2321 = CARTESIAN_POINT ( 'NONE',  ( -2.677312923661003374, -4.804372540592348528, 7.219999999999999751 ) ) ;
#2322 = EDGE_CURVE ( 'NONE', #611, #1513, #2354, .T. ) ;
#2323 = EDGE_CURVE ( 'NONE', #2457, #1874, #1834, .T. ) ;
#2324 = CARTESIAN_POINT ( 'NONE',  ( -7.306604371037496826, 1.320665576569538091, 0.000000000000000000 ) ) ;
#2325 = ORIENTED_EDGE ( 'NONE', *, *, #487, .F. ) ;
#2326 = CARTESIAN_POINT ( 'NONE',  ( -8.492359460946810046, -5.088205065253091242, 7.219999999999999751 ) ) ;
#2327 = CARTESIAN_POINT ( 'NONE',  ( -4.624131115888315158, 6.855556305701257180, 0.000000000000000000 ) ) ;
#2328 = DIRECTION ( 'NONE',  ( 0.8090169943749464521, 0.5877852522924743583, 0.000000000000000000 ) ) ;
#2329 = CARTESIAN_POINT ( 'NONE',  ( -2.135419750665921157, -7.086267434937220777, 0.7496102742747916547 ) ) ;
#2330 = ORIENTED_EDGE ( 'NONE', *, *, #1426, .F. ) ;
#2331 = APPLICATION_PROTOCOL_DEFINITION ( 'international standard', 'config_control_design', 1994, #88 ) ;
#2332 = VECTOR ( 'NONE', #3392, 1000.000000000000000 ) ;
#2333 = VECTOR ( 'NONE', #2060, 1000.000000000000000 ) ;
#2334 = FACE_OUTER_BOUND ( 'NONE', #3449, .T. ) ;
#2335 = ORIENTED_EDGE ( 'NONE', *, *, #1461, .F. ) ;
#2336 = EDGE_LOOP ( 'NONE', ( #3527, #1711, #1456, #2545 ) ) ;
#2337 = CIRCLE ( 'NONE', #803, 3.009777261265891291 ) ;
#2338 = AXIS2_PLACEMENT_3D ( 'NONE', #984, #441, #3367 ) ;
#2339 = VERTEX_POINT ( 'NONE', #2875 ) ;
#2340 = FACE_OUTER_BOUND ( 'NONE', #2958, .T. ) ;
#2341 = CARTESIAN_POINT ( 'NONE',  ( 4.177312923661004262, 4.804372540592348528, 5.200000000000000178 ) ) ;
#2342 = AXIS2_PLACEMENT_3D ( 'NONE', #634, #2803, #320 ) ;
#2343 = CARTESIAN_POINT ( 'NONE',  ( -5.091086398338004138, -6.516293434324805567, 0.000000000000000000 ) ) ;
#2344 = CIRCLE ( 'NONE', #1837, 1.000000000000000000 ) ;
#2345 = DIRECTION ( 'NONE',  ( 0.000000000000000000, 0.000000000000000000, -1.000000000000000000 ) ) ;
#2346 = ORIENTED_EDGE ( 'NONE', *, *, #2323, .F. ) ;
#2347 = ADVANCED_FACE ( 'NONE', ( #2819 ), #2282, .T. ) ;
#2348 = CYLINDRICAL_SURFACE ( 'NONE', #1661, 9.500000000000001776 ) ;
#2349 = DIRECTION ( 'NONE',  ( -0.000000000000000000, -0.000000000000000000, -1.000000000000000000 ) ) ;
#2350 = CC_DESIGN_PERSON_AND_ORGANIZATION_ASSIGNMENT ( #799, #2416, ( #2161 ) ) ;
#2351 = AXIS2_PLACEMENT_3D ( 'NONE', #3251, #3526, #2151 ) ;
#2352 = DIRECTION ( 'NONE',  ( -1.000000000000000000, 0.000000000000000000, 0.000000000000000000 ) ) ;
#2353 = CARTESIAN_POINT ( 'NONE',  ( 4.804372540592347640, -2.677312923661003818, 5.200000000000000178 ) ) ;
#2354 = LINE ( 'NONE', #2079, #3372 ) ;
#2355 = ORIENTED_EDGE ( 'NONE', *, *, #2826, .F. ) ;
#2356 = AXIS2_PLACEMENT_3D ( 'NONE', #585, #1952, #1674 ) ;
#2357 = DATE_AND_TIME ( #1282, #364 ) ;
#2358 = DIRECTION ( 'NONE',  ( 1.000000000000000000, 0.000000000000000000, 0.000000000000000000 ) ) ;
#2359 = AXIS2_PLACEMENT_3D ( 'NONE', #1819, #973, #2296 ) ;
#2360 = LINE ( 'NONE', #3183, #3370 ) ;
#2361 = ORIENTED_EDGE ( 'NONE', *, *, #2252, .F. ) ;
#2362 = EDGE_LOOP ( 'NONE', ( #1210, #3514, #1512, #3484 ) ) ;
#2363 = VERTEX_POINT ( 'NONE', #1755 ) ;
#2364 = CYLINDRICAL_SURFACE ( 'NONE', #596, 7.425000000000000711 ) ;
#2365 = FACE_OUTER_BOUND ( 'NONE', #593, .T. ) ;
#2366 = DIRECTION ( 'NONE',  ( -1.000000000000000000, 0.000000000000000000, 0.000000000000000000 ) ) ;
#2367 = FACE_OUTER_BOUND ( 'NONE', #1846, .T. ) ;
#2368 = VERTEX_POINT ( 'NONE', #1180 ) ;
#2369 = DIRECTION ( 'NONE',  ( -0.000000000000000000, -0.000000000000000000, -1.000000000000000000 ) ) ;
#2370 = LINE ( 'NONE', #3470, #1088 ) ;
#2371 = EDGE_CURVE ( 'NONE', #222, #899, #3337, .T. ) ;
#2372 = CARTESIAN_POINT ( 'NONE',  ( 24.46523312605237876, 0.07303052256921216401, 7.219999999999999751 ) ) ;
#2373 = DIRECTION ( 'NONE',  ( -0.8995692190483969286, 0.4367782276403636699, 0.000000000000000000 ) ) ;
#2374 = EDGE_CURVE ( 'NONE', #787, #2822, #3431, .T. ) ;
#2375 = EDGE_LOOP ( 'NONE', ( #360, #476, #1644, #1752 ) ) ;
#2376 = DIRECTION ( 'NONE',  ( 0.000000000000000000, 0.000000000000000000, 1.000000000000000000 ) ) ;
#2377 = DIRECTION ( 'NONE',  ( -0.000000000000000000, -0.000000000000000000, 1.000000000000000000 ) ) ;
#2378 = EDGE_CURVE ( 'NONE', #2011, #3464, #446, .T. ) ;
#2379 = ORIENTED_EDGE ( 'NONE', *, *, #2426, .T. ) ;
#2380 = EDGE_LOOP ( 'NONE', ( #3400, #978, #1929, #777 ) ) ;
#2381 = VERTEX_POINT ( 'NONE', #1260 ) ;
#2382 = CARTESIAN_POINT ( 'NONE',  ( 1.177312923661003596, 4.804372540592348528, 5.200000000000000178 ) ) ;
#2383 = DIRECTION ( 'NONE',  ( 1.000000000000000000, 0.000000000000000000, 0.000000000000000000 ) ) ;
#2384 = CYLINDRICAL_SURFACE ( 'NONE', #1767, 1.499999999999999556 ) ;
#2385 = DIRECTION ( 'NONE',  ( -0.000000000000000000, -0.000000000000000000, 1.000000000000000000 ) ) ;
#2386 = ORIENTED_EDGE ( 'NONE', *, *, #2526, .F. ) ;
#2387 = DIRECTION ( 'NONE',  ( -1.000000000000000000, 0.000000000000000000, 0.000000000000000000 ) ) ;
#2388 = CARTESIAN_POINT ( 'NONE',  ( 0.000000000000000000, 0.000000000000000000, 7.219999999999999751 ) ) ;
#2389 = DIRECTION ( 'NONE',  ( 0.000000000000000000, 0.000000000000000000, 1.000000000000000000 ) ) ;
#2390 = CARTESIAN_POINT ( 'NONE',  ( 40.10796630892206593, -10.78767380862164238, 6.220000000000003304 ) ) ;
#2391 = ORIENTED_EDGE ( 'NONE', *, *, #2374, .F. ) ;
#2392 = EDGE_CURVE ( 'NONE', #3266, #1893, #3094, .T. ) ;
#2393 = TOROIDAL_SURFACE ( 'NONE', #3131, 11.00000000000000000, 1.000000000000000000 ) ;
#2394 = CARTESIAN_POINT ( 'NONE',  ( 0.000000000000000000, 0.000000000000000000, 1.000000000000000000 ) ) ;
#2395 = VERTEX_POINT ( 'NONE', #1316 ) ;
#2396 = ORIENTED_EDGE ( 'NONE', *, *, #2594, .T. ) ;
#2397 = CIRCLE ( 'NONE', #2849, 3.009777261265891291 ) ;
#2398 = AXIS2_PLACEMENT_3D ( 'NONE', #1465, #1523, #2036 ) ;
#2399 = EDGE_CURVE ( 'NONE', #2368, #2723, #1341, .T. ) ;
#2400 = ORIENTED_EDGE ( 'NONE', *, *, #3377, .T. ) ;
#2401 = VECTOR ( 'NONE', #1777, 1000.000000000000000 ) ;
#2402 = CARTESIAN_POINT ( 'NONE',  ( 40.10796630892206593, -10.78767380862164238, 5.219999999999999751 ) ) ;
#2403 = AXIS2_PLACEMENT_3D ( 'NONE', #1857, #795, #1890 ) ;
#2404 = CARTESIAN_POINT ( 'NONE',  ( 2.828265482620778037, 7.770595549723498863, 7.219999999999999751 ) ) ;
#2405 = CIRCLE ( 'NONE', #809, 1.000000000000000000 ) ;
#2406 = AXIS2_PLACEMENT_3D ( 'NONE', #3215, #789, #271 ) ;
#2407 = LINE ( 'NONE', #2444, #3430 ) ;
#2408 = CYLINDRICAL_SURFACE ( 'NONE', #1326, 3.009777261265890846 ) ;
#2409 = VERTEX_POINT ( 'NONE', #1603 ) ;
#2410 = AXIS2_PLACEMENT_3D ( 'NONE', #2505, #2788, #1984 ) ;
#2411 = CARTESIAN_POINT ( 'NONE',  ( 0.8697893978445845331, 6.365853548692206765, 7.219999999999999751 ) ) ;
#2412 = CIRCLE ( 'NONE', #865, 2.000000000000001332 ) ;
#2413 = CARTESIAN_POINT ( 'NONE',  ( 24.46523312605237876, 0.07303052256921216401, 6.219999999999999751 ) ) ;
#2414 = DIRECTION ( 'NONE',  ( -0.000000000000000000, 0.000000000000000000, 1.000000000000000000 ) ) ;
#2415 = ORIENTED_EDGE ( 'NONE', *, *, #1110, .T. ) ;
#2416 = PERSON_AND_ORGANIZATION_ROLE ( 'classification_officer' ) ;
#2417 = FACE_OUTER_BOUND ( 'NONE', #2585, .T. ) ;
#2418 = CIRCLE ( 'NONE', #3444, 6.999999999999999112 ) ;
#2419 = CIRCLE ( 'NONE', #3054, 7.425000000000000711 ) ;
#2420 = CARTESIAN_POINT ( 'NONE',  ( 35.08888260241015900, -0.4407516214673008470, 5.219999999999999751 ) ) ;
#2421 = ORIENTED_EDGE ( 'NONE', *, *, #2707, .T. ) ;
#2422 = ORIENTED_EDGE ( 'NONE', *, *, #334, .F. ) ;
#2423 = AXIS2_PLACEMENT_3D ( 'NONE', #951, #413, #3411 ) ;
#2424 = ORIENTED_EDGE ( 'NONE', *, *, #3378, .F. ) ;
#2425 = DIRECTION ( 'NONE',  ( 0.000000000000000000, 0.000000000000000000, 1.000000000000000000 ) ) ;
#2426 = EDGE_CURVE ( 'NONE', #999, #3369, #2412, .T. ) ;
#2427 = FACE_OUTER_BOUND ( 'NONE', #3477, .T. ) ;
#2428 = CARTESIAN_POINT ( 'NONE',  ( 35.96176672528179097, -2.240216349668056495, 2.000000000000000000 ) ) ;
#2429 = DIRECTION ( 'NONE',  ( 1.000000000000000000, 0.000000000000000000, 0.000000000000000000 ) ) ;
#2430 = ORIENTED_EDGE ( 'NONE', *, *, #1849, .T. ) ;
#2431 = CYLINDRICAL_SURFACE ( 'NONE', #1891, 3.009777261265889958 ) ;
#2432 = DIRECTION ( 'NONE',  ( -3.491481338843133355E-15, 1.000000000000000000, 0.000000000000000000 ) ) ;
#2433 = DIRECTION ( 'NONE',  ( 0.000000000000000000, 0.000000000000000000, -1.000000000000000000 ) ) ;
#2434 = DIRECTION ( 'NONE',  ( 0.8288985699993679512, 0.5593989280048747847, 0.000000000000000000 ) ) ;
#2435 = DIRECTION ( 'NONE',  ( -0.9656799471307166982, 0.2597349412566898885, 0.000000000000000000 ) ) ;
#2436 = ORIENTED_EDGE ( 'NONE', *, *, #2641, .T. ) ;
#2437 = CARTESIAN_POINT ( 'NONE',  ( 0.000000000000000000, 0.000000000000000000, 7.219999999999999751 ) ) ;
#2438 = ORIENTED_EDGE ( 'NONE', *, *, #2008, .T. ) ;
#2439 = ORIENTED_EDGE ( 'NONE', *, *, #1495, .T. ) ;
#2440 = DIRECTION ( 'NONE',  ( 0.4868304963150693054, -0.8734964612736695333, 0.000000000000000000 ) ) ;
#2441 = CYLINDRICAL_SURFACE ( 'NONE', #1306, 7.425000000000000711 ) ;
#2442 = EDGE_CURVE ( 'NONE', #198, #2012, #237, .T. ) ;
#2443 = EDGE_CURVE ( 'NONE', #715, #403, #2344, .T. ) ;
#2444 = CARTESIAN_POINT ( 'NONE',  ( -5.363155188962296371, -5.134899358225710309, 7.219999999999999751 ) ) ;
#2445 = CARTESIAN_POINT ( 'NONE',  ( -2.407100657401072930, 9.602909268817414912, 0.000000000000000000 ) ) ;
#2446 = ORIENTED_EDGE ( 'NONE', *, *, #2008, .F. ) ;
#2447 = DIRECTION ( 'NONE',  ( -0.000000000000000000, -0.000000000000000000, -1.000000000000000000 ) ) ;
#2448 = EDGE_CURVE ( 'NONE', #2533, #840, #358, .T. ) ;
#2449 = EDGE_CURVE ( 'NONE', #2654, #376, #473, .T. ) ;
#2450 = LINE ( 'NONE', #2531, #20 ) ;
#2451 = DIRECTION ( 'NONE',  ( -0.000000000000000000, -0.000000000000000000, -1.000000000000000000 ) ) ;
#2452 = VERTEX_POINT ( 'NONE', #1008 ) ;
#2453 = SHAPE_DEFINITION_REPRESENTATION ( #1121, #2279 ) ;
#2454 = CARTESIAN_POINT ( 'NONE',  ( 1.019642999256020977, 6.591721958755041300, 0.02208855735966522640 ) ) ;
#2455 = ORIENTED_EDGE ( 'NONE', *, *, #1227, .F. ) ;
#2456 = CC_DESIGN_SECURITY_CLASSIFICATION ( #2161, ( #1845 ) ) ;
#2457 = VERTEX_POINT ( 'NONE', #467 ) ;
#2458 = FACE_OUTER_BOUND ( 'NONE', #2622, .T. ) ;
#2459 = CIRCLE ( 'NONE', #1823, 7.425000000000000711 ) ;
#2460 = AXIS2_PLACEMENT_3D ( 'NONE', #574, #1663, #317 ) ;
#2461 = AXIS2_PLACEMENT_3D ( 'NONE', #2353, #3428, #3454 ) ;
#2462 = CARTESIAN_POINT ( 'NONE',  ( -2.115049005690108341, -6.066893167308066381, 7.219999999999999751 ) ) ;
#2463 = ORIENTED_EDGE ( 'NONE', *, *, #1753, .T. ) ;
#2464 = DIRECTION ( 'NONE',  ( -0.000000000000000000, -0.000000000000000000, -1.000000000000000000 ) ) ;
#2465 = AXIS2_PLACEMENT_3D ( 'NONE', #1820, #3435, #2595 ) ;
#2466 = VECTOR ( 'NONE', #1923, 1000.000000000000114 ) ;
#2467 = LINE ( 'NONE', #1657, #2047 ) ;
#2468 = DIRECTION ( 'NONE',  ( 0.000000000000000000, 0.000000000000000000, 1.000000000000000000 ) ) ;
#2469 = CIRCLE ( 'NONE', #2758, 3.009777261265891291 ) ;
#2470 = DIRECTION ( 'NONE',  ( -0.000000000000000000, -0.000000000000000000, 1.000000000000000000 ) ) ;
#2471 = EDGE_LOOP ( 'NONE', ( #1660, #1410, #1798, #1821, #2170 ) ) ;
#2472 = EDGE_CURVE ( 'NONE', #754, #1498, #1669, .T. ) ;
#2473 = ADVANCED_FACE ( 'NONE', ( #1356 ), #130, .T. ) ;
#2474 = AXIS2_PLACEMENT_3D ( 'NONE', #2679, #2414, #206 ) ;
#2475 = CARTESIAN_POINT ( 'NONE',  ( 0.000000000000000000, 0.000000000000000000, -2.780000000000000249 ) ) ;
#2476 = VERTEX_POINT ( 'NONE', #3513 ) ;
#2477 = AXIS2_PLACEMENT_3D ( 'NONE', #102, #2000, #1216 ) ;
#2478 = CIRCLE ( 'NONE', #916, 3.009777261265890402 ) ;
#2479 = ORIENTED_EDGE ( 'NONE', *, *, #2710, .T. ) ;
#2480 = CARTESIAN_POINT ( 'NONE',  ( 1.320665576569563848, 7.306604371037491497, 6.219999999999999751 ) ) ;
#2481 = AXIS2_PLACEMENT_3D ( 'NONE', #1719, #1995, #137 ) ;
#2482 = DIRECTION ( 'NONE',  ( -0.000000000000000000, -0.000000000000000000, -1.000000000000000000 ) ) ;
#2483 = ORIENTED_EDGE ( 'NONE', *, *, #269, .F. ) ;
#2484 = FACE_OUTER_BOUND ( 'NONE', #811, .T. ) ;
#2485 = DIRECTION ( 'NONE',  ( -0.000000000000000000, -0.000000000000000000, -1.000000000000000000 ) ) ;
#2486 = DIRECTION ( 'NONE',  ( -1.000000000000000000, 0.000000000000000000, -0.000000000000000000 ) ) ;
#2487 = DIRECTION ( 'NONE',  ( -1.000000000000000000, 0.000000000000000000, 0.000000000000000000 ) ) ;
#2488 = EDGE_LOOP ( 'NONE', ( #1887, #3398, #921, #3200 ) ) ;
#2489 = CARTESIAN_POINT ( 'NONE',  ( 21.12763913090392975, -12.33595679806051848, 7.219999999999999751 ) ) ;
#2490 = CARTESIAN_POINT ( 'NONE',  ( -3.677312923660986943, -4.804372540592348528, -2.780000000000000249 ) ) ;
#2491 = ADVANCED_FACE ( 'NONE', ( #746 ), #1071, .T. ) ;
#2492 = EDGE_CURVE ( 'NONE', #2955, #808, #1151, .T. ) ;
#2493 = CARTESIAN_POINT ( 'NONE',  ( -4.804372540592347640, 2.677312923661004262, 5.200000000000001066 ) ) ;
#2494 = VERTEX_POINT ( 'NONE', #1839 ) ;
#2495 = EDGE_CURVE ( 'NONE', #787, #2599, #814, .T. ) ;
#2496 = ORIENTED_EDGE ( 'NONE', *, *, #3341, .T. ) ;
#2497 = DIRECTION ( 'NONE',  ( 0.8734964612736696443, 0.4868304963150692499, 0.000000000000000000 ) ) ;
#2498 = CARTESIAN_POINT ( 'NONE',  ( -5.363155188962296371, -5.134899358225710309, 0.000000000000000000 ) ) ;
#2499 = ORIENTED_EDGE ( 'NONE', *, *, #1040, .F. ) ;
#2500 = CARTESIAN_POINT ( 'NONE',  ( -7.109801789353291213, 2.140407324811976597, 7.219999999999999751 ) ) ;
#2501 = DIRECTION ( 'NONE',  ( 0.000000000000000000, 0.000000000000000000, 1.000000000000000000 ) ) ;
#2502 = CARTESIAN_POINT ( 'NONE',  ( 0.000000000000000000, 0.000000000000000000, 0.000000000000000000 ) ) ;
#2503 = VERTEX_POINT ( 'NONE', #2157 ) ;
#2504 = CARTESIAN_POINT ( 'NONE',  ( 27.43867001505730130, -14.49939915232953069, 0.000000000000000000 ) ) ;
#2505 = CARTESIAN_POINT ( 'NONE',  ( -2.677312923661003374, -4.804372540592348528, 5.200000000000000178 ) ) ;
#2506 = ORIENTED_EDGE ( 'NONE', *, *, #2778, .F. ) ;
#2507 = ORIENTED_EDGE ( 'NONE', *, *, #524, .F. ) ;
#2508 = ADVANCED_FACE ( 'NONE', ( #2664 ), #633, .T. ) ;
#2509 = EDGE_CURVE ( 'NONE', #2158, #2027, #2233, .T. ) ;
#2510 = CIRCLE ( 'NONE', #2858, 3.009777261265889514 ) ;
#2511 = FACE_OUTER_BOUND ( 'NONE', #1224, .T. ) ;
#2512 = CIRCLE ( 'NONE', #2166, 3.009777261265889514 ) ;
#2513 = AXIS2_PLACEMENT_3D ( 'NONE', #2663, #2140, #780 ) ;
#2514 = DIRECTION ( 'NONE',  ( 1.000000000000000000, 0.000000000000000000, 0.000000000000000000 ) ) ;
#2515 = FACE_OUTER_BOUND ( 'NONE', #2380, .T. ) ;
#2516 = ORIENTED_EDGE ( 'NONE', *, *, #3064, .T. ) ;
#2517 = AXIS2_PLACEMENT_3D ( 'NONE', #1795, #1235, #405 ) ;
#2518 = AXIS2_PLACEMENT_3D ( 'NONE', #2965, #3025, #2990 ) ;
#2519 = CARTESIAN_POINT ( 'NONE',  ( 32.94800296465624712, 1.242909091170449676, 1.000000000000000666 ) ) ;
#2520 = ORIENTED_EDGE ( 'NONE', *, *, #3458, .T. ) ;
#2521 = CIRCLE ( 'NONE', #247, 9.900000000000002132 ) ;
#2522 = AXIS2_PLACEMENT_3D ( 'NONE', #1969, #2798, #370 ) ;
#2523 = EDGE_LOOP ( 'NONE', ( #417, #1187, #2835, #1853 ) ) ;
#2524 = CIRCLE ( 'NONE', #195, 7.425000000000000711 ) ;
#2525 = ADVANCED_FACE ( 'NONE', ( #2177 ), #1030, .T. ) ;
#2526 = EDGE_CURVE ( 'NONE', #376, #1588, #1858, .T. ) ;
#2527 = AXIS2_PLACEMENT_3D ( 'NONE', #716, #1807, #1271 ) ;
#2528 = CARTESIAN_POINT ( 'NONE',  ( 0.000000000000000000, 0.000000000000000000, 7.219999999999999751 ) ) ;
#2529 = CARTESIAN_POINT ( 'NONE',  ( 0.000000000000000000, 0.000000000000000000, 7.219999999999999751 ) ) ;
#2530 = CIRCLE ( 'NONE', #262, 3.009777261265890402 ) ;
#2531 = CARTESIAN_POINT ( 'NONE',  ( -1.177312923661003152, -4.804372540592348528, 5.200000000000000178 ) ) ;
#2532 = DIRECTION ( 'NONE',  ( 1.000000000000000000, 0.000000000000000000, 0.000000000000000000 ) ) ;
#2533 = VERTEX_POINT ( 'NONE', #2954 ) ;
#2534 = CARTESIAN_POINT ( 'NONE',  ( 40.10796630892206593, -10.78767380862164238, 2.000000000000000000 ) ) ;
#2535 = CARTESIAN_POINT ( 'NONE',  ( 3.677312923661003818, 4.804372540592348528, 7.219999999999999751 ) ) ;
#2536 = VERTEX_POINT ( 'NONE', #503 ) ;
#2537 = ORIENTED_EDGE ( 'NONE', *, *, #1015, .F. ) ;
#2538 = PERSON ( '未指定', '未指定', '未指定', ('未指定'), ('未指定'), ('未指定') ) ;
#2539 = ORIENTED_EDGE ( 'NONE', *, *, #2135, .F. ) ;
#2540 = DIRECTION ( 'NONE',  ( -0.000000000000000000, -0.000000000000000000, -1.000000000000000000 ) ) ;
#2541 = EDGE_CURVE ( 'NONE', #1293, #2822, #1948, .T. ) ;
#2542 = EDGE_CURVE ( 'NONE', #1859, #1178, #355, .T. ) ;
#2543 = CYLINDRICAL_SURFACE ( 'NONE', #3142, 5.000000000000000888 ) ;
#2544 = CARTESIAN_POINT ( 'NONE',  ( -1.007773559740942515, -8.207656991483858633, 7.219999999999999751 ) ) ;
#2545 = ORIENTED_EDGE ( 'NONE', *, *, #1010, .T. ) ;
#2546 = CARTESIAN_POINT ( 'NONE',  ( -8.264257631792540693, 0.2885942357802144809, 0.000000000000000000 ) ) ;
#2547 = EDGE_CURVE ( 'NONE', #2131, #1113, #2284, .T. ) ;
#2548 = ADVANCED_FACE ( 'NONE', ( #2223 ), #1924, .T. ) ;
#2549 = CARTESIAN_POINT ( 'NONE',  ( -2.140407324811949952, -7.109801789353299206, 0.8744487024480837034 ) ) ;
#2550 = EDGE_LOOP ( 'NONE', ( #1551, #1525, #2400, #2616 ) ) ;
#2551 = DIRECTION ( 'NONE',  ( -0.000000000000000000, -0.000000000000000000, -1.000000000000000000 ) ) ;
#2552 = ORIENTED_EDGE ( 'NONE', *, *, #2378, .F. ) ;
#2553 = ORIENTED_EDGE ( 'NONE', *, *, #2659, .T. ) ;
#2554 = ORIENTED_EDGE ( 'NONE', *, *, #148, .F. ) ;
#2555 = CARTESIAN_POINT ( 'NONE',  ( 2.879798393191768113, 6.293645154906434058, 0.08355574664089628067 ) ) ;
#2556 = DIRECTION ( 'NONE',  ( 1.000000000000000000, 0.000000000000000000, 0.000000000000000000 ) ) ;
#2557 = LOCAL_TIME ( 15, 33, 41.00000000000000000, #1318 ) ;
#2558 = CIRCLE ( 'NONE', #246, 1.500000000000000000 ) ;
#2559 = CARTESIAN_POINT ( 'NONE',  ( 32.94800296465624712, 1.242909091170449454, 6.219999999999999751 ) ) ;
#2560 = DIRECTION ( 'NONE',  ( -0.9656799471307168092, 0.2597349412566901106, 0.000000000000000000 ) ) ;
#2561 = EDGE_LOOP ( 'NONE', ( #705, #1415, #1706, #1544, #2838 ) ) ;
#2562 = CARTESIAN_POINT ( 'NONE',  ( -5.910662539161999796, -4.493850614800969367, 7.219999999999999751 ) ) ;
#2563 = AXIS2_PLACEMENT_3D ( 'NONE', #906, #3403, #657 ) ;
#2564 = AXIS2_PLACEMENT_3D ( 'NONE', #913, #1259, #2649 ) ;
#2565 = EDGE_CURVE ( 'NONE', #449, #403, #1417, .T. ) ;
#2566 = DIRECTION ( 'NONE',  ( -0.000000000000000000, -0.000000000000000000, -1.000000000000000000 ) ) ;
#2567 = CIRCLE ( 'NONE', #3038, 1.500000000000000444 ) ;
#2568 = AXIS2_PLACEMENT_3D ( 'NONE', #2222, #3327, #868 ) ;
#2569 = CARTESIAN_POINT ( 'NONE',  ( -4.804372540592347640, 2.677312923661004262, -2.780000000000000249 ) ) ;
#2570 = ORIENTED_EDGE ( 'NONE', *, *, #943, .F. ) ;
#2571 = VECTOR ( 'NONE', #1836, 1000.000000000000000 ) ;
#2572 = AXIS2_PLACEMENT_3D ( 'NONE', #2529, #3069, #1651 ) ;
#2573 = DIRECTION ( 'NONE',  ( 1.000000000000000000, 0.000000000000000000, 0.000000000000000000 ) ) ;
#2574 = EDGE_LOOP ( 'NONE', ( #111, #2941, #226, #697 ) ) ;
#2575 = AXIS2_PLACEMENT_3D ( 'NONE', #79, #2246, #1710 ) ;
#2576 = VERTEX_POINT ( 'NONE', #91 ) ;
#2577 = AXIS2_PLACEMENT_3D ( 'NONE', #45, #3295, #834 ) ;
#2578 = ORIENTED_EDGE ( 'NONE', *, *, #923, .F. ) ;
#2579 = CARTESIAN_POINT ( 'NONE',  ( 3.249031272068261256, 6.203981954156012613, 0.08789106172393475191 ) ) ;
#2580 = CARTESIAN_POINT ( 'NONE',  ( 24.46523312605237876, 0.07303052256920750107, 0.000000000000000000 ) ) ;
#2581 = AXIS2_PLACEMENT_3D ( 'NONE', #1503, #660, #2845 ) ;
#2582 = TOROIDAL_SURFACE ( 'NONE', #3335, 11.00000000000000000, 1.000000000000000000 ) ;
#2583 = DIRECTION ( 'NONE',  ( 0.9510565162951531981, 0.3090169943749482284, 0.000000000000000000 ) ) ;
#2584 = CYLINDRICAL_SURFACE ( 'NONE', #1672, 0.9999999999999996669 ) ;
#2585 = EDGE_LOOP ( 'NONE', ( #134, #1342, #714, #2976 ) ) ;
#2586 = DIRECTION ( 'NONE',  ( -1.000000000000000000, 0.000000000000000000, 0.000000000000000000 ) ) ;
#2587 = LINE ( 'NONE', #3451, #2401 ) ;
#2588 = TOROIDAL_SURFACE ( 'NONE', #3056, 8.000000000000000000, 2.000000000000000000 ) ;
#2589 = CARTESIAN_POINT ( 'NONE',  ( 23.94444419393438750, -21.69595290471670523, 0.000000000000000000 ) ) ;
#2590 = CARTESIAN_POINT ( 'NONE',  ( -5.910662539161998019, -4.493850614800968479, 0.000000000000000000 ) ) ;
#2591 = ORIENTED_EDGE ( 'NONE', *, *, #3212, .T. ) ;
#2592 = DIRECTION ( 'NONE',  ( -0.000000000000000000, -0.000000000000000000, 1.000000000000000000 ) ) ;
#2593 = EDGE_CURVE ( 'NONE', #3468, #1667, #1898, .T. ) ;
#2594 = EDGE_CURVE ( 'NONE', #3343, #157, #2863, .T. ) ;
#2595 = DIRECTION ( 'NONE',  ( 1.000000000000000000, 0.000000000000000000, 0.000000000000000000 ) ) ;
#2596 = ORIENTED_EDGE ( 'NONE', *, *, #2448, .T. ) ;
#2597 = VERTEX_POINT ( 'NONE', #1135 ) ;
#2598 = EDGE_CURVE ( 'NONE', #840, #2655, #2759, .T. ) ;
#2599 = VERTEX_POINT ( 'NONE', #1639 ) ;
#2600 = CARTESIAN_POINT ( 'NONE',  ( 1.965461399472706594, 6.124701063161938741, 0.000000000000000000 ) ) ;
#2601 = DIRECTION ( 'NONE',  ( 1.000000000000000000, 0.000000000000000000, 0.000000000000000000 ) ) ;
#2602 = DIRECTION ( 'NONE',  ( 1.000000000000000000, 0.000000000000000000, 0.000000000000000000 ) ) ;
#2603 = CARTESIAN_POINT ( 'NONE',  ( 23.94444419393438750, -21.69595290471670523, 2.000000000000000000 ) ) ;
#2604 = ORIENTED_EDGE ( 'NONE', *, *, #1130, .F. ) ;
#2605 = DIRECTION ( 'NONE',  ( -0.000000000000000000, -0.000000000000000000, -1.000000000000000000 ) ) ;
#2606 = LINE ( 'NONE', #159, #677 ) ;
#2607 = DIRECTION ( 'NONE',  ( 0.000000000000000000, 0.000000000000000000, 1.000000000000000000 ) ) ;
#2608 = DIRECTION ( 'NONE',  ( 0.000000000000000000, 0.000000000000000000, -1.000000000000000000 ) ) ;
#2609 = ORIENTED_EDGE ( 'NONE', *, *, #1855, .F. ) ;
#2610 = CARTESIAN_POINT ( 'NONE',  ( 0.000000000000000000, 0.000000000000000000, 0.000000000000000000 ) ) ;
#2611 = CYLINDRICAL_SURFACE ( 'NONE', #299, 7.425000000000000711 ) ;
#2612 = DIRECTION ( 'NONE',  ( 0.000000000000000000, 0.000000000000000000, -1.000000000000000000 ) ) ;
#2613 = ORIENTED_EDGE ( 'NONE', *, *, #553, .T. ) ;
#2614 = VERTEX_POINT ( 'NONE', #2253 ) ;
#2615 = EDGE_CURVE ( 'NONE', #2188, #787, #313, .T. ) ;
#2616 = ORIENTED_EDGE ( 'NONE', *, *, #2542, .T. ) ;
#2617 = CARTESIAN_POINT ( 'NONE',  ( -3.879691228251194168, -9.108128016965439500, 7.219999999999999751 ) ) ;
#2618 = ADVANCED_FACE ( 'NONE', ( #869 ), #2243, .T. ) ;
#2619 = DIRECTION ( 'NONE',  ( -1.000000000000000000, 0.000000000000000000, 0.000000000000000000 ) ) ;
#2620 = DIRECTION ( 'NONE',  ( -0.9973014606884310629, 0.07341523349225186068, 0.000000000000000000 ) ) ;
#2621 = CARTESIAN_POINT ( 'NONE',  ( 1.668796997574233387, 6.204493660314855497, 6.219999999999999751 ) ) ;
#2622 = EDGE_LOOP ( 'NONE', ( #333, #3087, #1934, #452 ) ) ;
#2623 = CARTESIAN_POINT ( 'NONE',  ( 0.000000000000000000, 0.000000000000000000, 7.219999999999999751 ) ) ;
#2624 = CARTESIAN_POINT ( 'NONE',  ( 5.804372540592347640, -2.677312923661003818, 7.219999999999999751 ) ) ;
#2625 = DIRECTION ( 'NONE',  ( 1.000000000000000000, 0.000000000000000000, 0.000000000000000000 ) ) ;
#2626 = CARTESIAN_POINT ( 'NONE',  ( -6.504371968026362083, -7.463453979328398269, 7.219999999999999751 ) ) ;
#2627 = ORIENTED_EDGE ( 'NONE', *, *, #3077, .F. ) ;
#2628 = AXIS2_PLACEMENT_3D ( 'NONE', #2, #250, #1329 ) ;
#2629 = CIRCLE ( 'NONE', #3365, 3.009777261265890846 ) ;
#2630 = AXIS2_PLACEMENT_3D ( 'NONE', #3121, #143, #1549 ) ;
#2631 = CARTESIAN_POINT ( 'NONE',  ( 2.677312923661003818, 4.804372540592348528, 5.200000000000000178 ) ) ;
#2632 = VERTEX_POINT ( 'NONE', #293 ) ;
#2633 = ORIENTED_EDGE ( 'NONE', *, *, #891, .T. ) ;
#2634 = AXIS2_PLACEMENT_3D ( 'NONE', #501, #2464, #2698 ) ;
#2635 = AXIS2_PLACEMENT_3D ( 'NONE', #1938, #571, #3045 ) ;
#2636 = AXIS2_PLACEMENT_3D ( 'NONE', #1082, #540, #1621 ) ;
#2637 = VERTEX_POINT ( 'NONE', #29 ) ;
#2638 = DIRECTION ( 'NONE',  ( 1.000000000000000000, 0.000000000000000000, 0.000000000000000000 ) ) ;
#2639 = EDGE_CURVE ( 'NONE', #2576, #2988, #191, .T. ) ;
#2640 = CIRCLE ( 'NONE', #407, 3.009777261265890402 ) ;
#2641 = EDGE_CURVE ( 'NONE', #2988, #2299, #589, .T. ) ;
#2642 = CARTESIAN_POINT ( 'NONE',  ( -7.232488426176819196, -4.009033799157246669, 0.000000000000000000 ) ) ;
#2643 = VECTOR ( 'NONE', #3279, 1000.000000000000000 ) ;
#2644 = DIRECTION ( 'NONE',  ( -0.000000000000000000, -0.000000000000000000, -1.000000000000000000 ) ) ;
#2645 = ORIENTED_EDGE ( 'NONE', *, *, #828, .T. ) ;
#2646 = LINE ( 'NONE', #200, #1138 ) ;
#2647 = DIRECTION ( 'NONE',  ( -0.000000000000000000, -0.000000000000000000, -1.000000000000000000 ) ) ;
#2648 = VECTOR ( 'NONE', #2749, 1000.000000000000000 ) ;
#2649 = DIRECTION ( 'NONE',  ( 0.8090169943749464521, 0.5877852522924743583, 0.000000000000000000 ) ) ;
#2650 = DIRECTION ( 'NONE',  ( 0.9656799471307166982, -0.2597349412566901661, 0.000000000000000000 ) ) ;
#2651 = ORIENTED_EDGE ( 'NONE', *, *, #3186, .F. ) ;
#2652 = APPROVAL_STATUS ( 'not_yet_approved' ) ;
#2653 = DIRECTION ( 'NONE',  ( 0.000000000000000000, 0.000000000000000000, 1.000000000000000000 ) ) ;
#2654 = VERTEX_POINT ( 'NONE', #1123 ) ;
#2655 = VERTEX_POINT ( 'NONE', #3047 ) ;
#2656 = ORIENTED_EDGE ( 'NONE', *, *, #2316, .T. ) ;
#2657 = CARTESIAN_POINT ( 'NONE',  ( 27.32231747987597004, 10.69550994100709396, 6.220000000000003304 ) ) ;
#2658 = CARTESIAN_POINT ( 'NONE',  ( -2.721183025485645501, 8.264257631792538916, 0.000000000000000000 ) ) ;
#2659 = EDGE_CURVE ( 'NONE', #3113, #1864, #2186, .T. ) ;
#2660 = FACE_OUTER_BOUND ( 'NONE', #419, .T. ) ;
#2661 = ORIENTED_EDGE ( 'NONE', *, *, #2030, .T. ) ;
#2662 = DIRECTION ( 'NONE',  ( -0.000000000000000000, -0.000000000000000000, -1.000000000000000000 ) ) ;
#2663 = CARTESIAN_POINT ( 'NONE',  ( 27.32231747987597004, 10.69550994100709396, 6.220000000000003304 ) ) ;
#2664 = FACE_OUTER_BOUND ( 'NONE', #2831, .T. ) ;
#2665 = EDGE_LOOP ( 'NONE', ( #1763, #17, #54, #500 ) ) ;
#2666 = EDGE_CURVE ( 'NONE', #2452, #2955, #1196, .T. ) ;
#2667 = EDGE_CURVE ( 'NONE', #2576, #1833, #1154, .T. ) ;
#2668 = DIRECTION ( 'NONE',  ( -0.000000000000000000, -0.000000000000000000, -1.000000000000000000 ) ) ;
#2669 = VERTEX_POINT ( 'NONE', #2785 ) ;
#2670 = ORIENTED_EDGE ( 'NONE', *, *, #2201, .F. ) ;
#2671 = ORIENTED_EDGE ( 'NONE', *, *, #1849, .F. ) ;
#2672 = DIRECTION ( 'NONE',  ( -0.000000000000000000, -0.000000000000000000, -1.000000000000000000 ) ) ;
#2673 = CARTESIAN_POINT ( 'NONE',  ( 30.86319377600110414, -3.215907315548596213, 5.219999999999999751 ) ) ;
#2674 = DIRECTION ( 'NONE',  ( -1.000000000000000000, 0.000000000000000000, 0.000000000000000000 ) ) ;
#2675 = CARTESIAN_POINT ( 'NONE',  ( -8.389074425191868301, -5.256750925104952898, 7.219999999999999751 ) ) ;
#2676 = EDGE_LOOP ( 'NONE', ( #3119, #1562, #301, #1115 ) ) ;
#2677 = CARTESIAN_POINT ( 'NONE',  ( 5.804372540592347640, -2.677312923661003818, 5.200000000000001066 ) ) ;
#2678 = DIRECTION ( 'NONE',  ( -0.000000000000000000, -0.000000000000000000, -1.000000000000000000 ) ) ;
#2679 = CARTESIAN_POINT ( 'NONE',  ( 0.000000000000000000, 0.000000000000000000, 7.219999999999999751 ) ) ;
#2680 = ORIENTED_EDGE ( 'NONE', *, *, #104, .F. ) ;
#2681 = ADVANCED_FACE ( 'NONE', ( #2515 ), #1608, .T. ) ;
#2682 = EDGE_CURVE ( 'NONE', #412, #344, #2054, .T. ) ;
#2683 = AXIS2_PLACEMENT_3D ( 'NONE', #1967, #614, #2619 ) ;
#2684 = CARTESIAN_POINT ( 'NONE',  ( 0.000000000000000000, 0.000000000000000000, 0.000000000000000000 ) ) ;
#2685 = ORIENTED_EDGE ( 'NONE', *, *, #1111, .T. ) ;
#2686 = ORIENTED_EDGE ( 'NONE', *, *, #797, .T. ) ;
#2687 = CIRCLE ( 'NONE', #1653, 9.900000000000002132 ) ;
#2688 = CIRCLE ( 'NONE', #3138, 2.000000000000001776 ) ;
#2689 = ORIENTED_EDGE ( 'NONE', *, *, #2443, .F. ) ;
#2690 = AXIS2_PLACEMENT_3D ( 'NONE', #3425, #2058, #444 ) ;
#2691 = CARTESIAN_POINT ( 'NONE',  ( 2.677312923661003818, 4.804372540592348528, 0.000000000000000000 ) ) ;
#2692 = CARTESIAN_POINT ( 'NONE',  ( -2.140407324811949952, -7.109801789353297430, 6.219999999999999751 ) ) ;
#2693 = AXIS2_PLACEMENT_3D ( 'NONE', #1505, #2605, #3194 ) ;
#2694 = CARTESIAN_POINT ( 'NONE',  ( -2.677312923661003374, -4.804372540592348528, 5.200000000000000178 ) ) ;
#2695 = CARTESIAN_POINT ( 'NONE',  ( 32.23342989392806146, -16.10196362466795250, 10.00000000000000000 ) ) ;
#2696 = VERTEX_POINT ( 'NONE', #2055 ) ;
#2697 = VECTOR ( 'NONE', #3517, 1000.000000000000000 ) ;
#2698 = DIRECTION ( 'NONE',  ( -1.000000000000000000, 0.000000000000000000, 0.000000000000000000 ) ) ;
#2699 = VECTOR ( 'NONE', #184, 1000.000000000000000 ) ;
#2700 = CARTESIAN_POINT ( 'NONE',  ( -2.447410737846978268, 7.010050333647492415, 7.219999999999999751 ) ) ;
#2701 = CARTESIAN_POINT ( 'NONE',  ( 0.000000000000000000, 0.000000000000000000, 7.219999999999999751 ) ) ;
#2702 = VERTEX_POINT ( 'NONE', #1774 ) ;
#2703 = CARTESIAN_POINT ( 'NONE',  ( -1.668796997574234720, -6.204493660314856385, 7.219999999999999751 ) ) ;
#2704 = AXIS2_PLACEMENT_3D ( 'NONE', #3448, #2385, #1003 ) ;
#2705 = CIRCLE ( 'NONE', #1268, 3.009777261265890846 ) ;
#2706 = CARTESIAN_POINT ( 'NONE',  ( 1.185870983150840718, 6.921502405465167485, 0.1871351723191435890 ) ) ;
#2707 = EDGE_CURVE ( 'NONE', #3314, #2298, #975, .T. ) ;
#2708 = EDGE_LOOP ( 'NONE', ( #1261, #1225 ) ) ;
#2709 = EDGE_LOOP ( 'NONE', ( #670, #1682 ) ) ;
#2710 = EDGE_CURVE ( 'NONE', #2597, #715, #1450, .T. ) ;
#2711 = AXIS2_PLACEMENT_3D ( 'NONE', #2610, #2376, #917 ) ;
#2712 = ORIENTED_EDGE ( 'NONE', *, *, #1130, .T. ) ;
#2713 = CARTESIAN_POINT ( 'NONE',  ( -9.876744445807968731, 0.6781733939056152627, 0.000000000000000000 ) ) ;
#2714 = DIRECTION ( 'NONE',  ( 1.000000000000000000, 0.000000000000000000, 0.000000000000000000 ) ) ;
#2715 = ADVANCED_FACE ( 'NONE', ( #1792 ), #1997, .T. ) ;
#2716 = EDGE_CURVE ( 'NONE', #720, #1859, #2287, .T. ) ;
#2717 = DIRECTION ( 'NONE',  ( 0.000000000000000000, 0.000000000000000000, 1.000000000000000000 ) ) ;
#2718 = LINE ( 'NONE', #2695, #1489 ) ;
#2719 = VERTEX_POINT ( 'NONE', #704 ) ;
#2720 = DIRECTION ( 'NONE',  ( -0.000000000000000000, -0.000000000000000000, -1.000000000000000000 ) ) ;
#2721 = DIRECTION ( 'NONE',  ( 0.000000000000000000, 0.000000000000000000, 1.000000000000000000 ) ) ;
#2722 = CARTESIAN_POINT ( 'NONE',  ( -3.513892524267995476, -6.540885592019899164, 7.219999999999999751 ) ) ;
#2723 = VERTEX_POINT ( 'NONE', #382 ) ;
#2724 = DATE_AND_TIME ( #1032, #759 ) ;
#2725 = LINE ( 'NONE', #263, #1430 ) ;
#2726 = ORIENTED_EDGE ( 'NONE', *, *, #892, .T. ) ;
#2727 = ORIENTED_EDGE ( 'NONE', *, *, #2053, .T. ) ;
#2728 = FACE_OUTER_BOUND ( 'NONE', #2937, .T. ) ;
#2729 = DIRECTION ( 'NONE',  ( -0.000000000000000000, 0.000000000000000000, 1.000000000000000000 ) ) ;
#2730 = EDGE_CURVE ( 'NONE', #2012, #2185, #816, .T. ) ;
#2731 = ADVANCED_FACE ( 'NONE', ( #3422 ), #910, .T. ) ;
#2732 = ADVANCED_FACE ( 'NONE', ( #1979, #1751, #631, #2264, #1177 ), #2870, .F. ) ;
#2733 = DIRECTION ( 'NONE',  ( -0.000000000000000000, -0.000000000000000000, -1.000000000000000000 ) ) ;
#2734 = EDGE_LOOP ( 'NONE', ( #294, #965, #2645, #2234 ) ) ;
#2735 = CARTESIAN_POINT ( 'NONE',  ( 0.000000000000000000, 0.000000000000000000, 7.219999999999999751 ) ) ;
#2736 = CARTESIAN_POINT ( 'NONE',  ( 0.000000000000000000, 0.000000000000000000, 0.000000000000000000 ) ) ;
#2737 = DIRECTION ( 'NONE',  ( 0.2597349412566898885, 0.9656799471307166982, -0.000000000000000000 ) ) ;
#2738 = VERTEX_POINT ( 'NONE', #3390 ) ;
#2739 = APPROVAL_DATE_TIME ( #3258, #2951 ) ;
#2740 = DIRECTION ( 'NONE',  ( -0.000000000000000000, -0.000000000000000000, -1.000000000000000000 ) ) ;
#2741 = CARTESIAN_POINT ( 'NONE',  ( 30.49611760853984777, -8.202414618990752970, 5.219999999999999751 ) ) ;
#2742 = ORIENTED_EDGE ( 'NONE', *, *, #1390, .T. ) ;
#2743 = ORIENTED_EDGE ( 'NONE', *, *, #406, .T. ) ;
#2744 = CARTESIAN_POINT ( 'NONE',  ( 27.87901585109069558, -17.60330075703263120, 1.000000000000000888 ) ) ;
#2745 = AXIS2_PLACEMENT_3D ( 'NONE', #2404, #2729, #2714 ) ;
#2746 = CIRCLE ( 'NONE', #114, 1.000000000000000444 ) ;
#2747 = CIRCLE ( 'NONE', #1825, 2.000000000000000000 ) ;
#2748 = CIRCLE ( 'NONE', #1943, 7.425000000000000711 ) ;
#2749 = DIRECTION ( 'NONE',  ( -0.000000000000000000, -0.000000000000000000, -1.000000000000000000 ) ) ;
#2750 = ORIENTED_EDGE ( 'NONE', *, *, #2031, .T. ) ;
#2751 = EDGE_CURVE ( 'NONE', #2948, #611, #2126, .T. ) ;
#2752 = DIRECTION ( 'NONE',  ( 0.000000000000000000, 0.000000000000000000, -1.000000000000000000 ) ) ;
#2753 = LINE ( 'NONE', #1388, #1988 ) ;
#2754 = AXIS2_PLACEMENT_3D ( 'NONE', #2967, #518, #1600 ) ;
#2755 = AXIS2_PLACEMENT_3D ( 'NONE', #139, #2017, #718 ) ;
#2756 = ADVANCED_FACE ( 'NONE', ( #3102 ), #2830, .T. ) ;
#2757 = CARTESIAN_POINT ( 'NONE',  ( 31.01002424298560811, -1.221304394171734531, 7.219999999999999751 ) ) ;
#2758 = AXIS2_PLACEMENT_3D ( 'NONE', #770, #546, #3285 ) ;
#2759 = LINE ( 'NONE', #849, #3331 ) ;
#2760 = ORIENTED_EDGE ( 'NONE', *, *, #2066, .T. ) ;
#2761 = ADVANCED_FACE ( 'NONE', ( #1462 ), #3098, .T. ) ;
#2762 = VECTOR ( 'NONE', #1107, 1000.000000000000114 ) ;
#2763 = DIRECTION ( 'NONE',  ( 1.000000000000000000, 0.000000000000000000, 0.000000000000000000 ) ) ;
#2764 = VERTEX_POINT ( 'NONE', #2324 ) ;
#2765 = AXIS2_PLACEMENT_3D ( 'NONE', #2947, #2136, #2429 ) ;
#2766 = EDGE_LOOP ( 'NONE', ( #3330, #128, #881, #1806 ) ) ;
#2767 = CARTESIAN_POINT ( 'NONE',  ( -6.687434856461514698, -3.226273398300826045, 7.219999999999999751 ) ) ;
#2768 = AXIS2_PLACEMENT_3D ( 'NONE', #323, #1727, #1986 ) ;
#2769 = FACE_OUTER_BOUND ( 'NONE', #3149, .T. ) ;
#2770 = ORIENTED_EDGE ( 'NONE', *, *, #2975, .T. ) ;
#2771 = DIRECTION ( 'NONE',  ( -0.000000000000000000, -0.000000000000000000, -1.000000000000000000 ) ) ;
#2772 = CYLINDRICAL_SURFACE ( 'NONE', #857, 3.009777261265890846 ) ;
#2773 = DIRECTION ( 'NONE',  ( -0.000000000000000000, -0.000000000000000000, -1.000000000000000000 ) ) ;
#2774 = ORIENTED_EDGE ( 'NONE', *, *, #2065, .F. ) ;
#2775 = DIRECTION ( 'NONE',  ( -1.000000000000000000, 0.000000000000000000, 0.000000000000000000 ) ) ;
#2776 = EDGE_CURVE ( 'NONE', #3473, #2782, #1197, .T. ) ;
#2777 = FACE_OUTER_BOUND ( 'NONE', #2006, .T. ) ;
#2778 = EDGE_CURVE ( 'NONE', #1128, #344, #1950, .T. ) ;
#2779 = EDGE_LOOP ( 'NONE', ( #2424, #1166, #924, #2379, #939 ) ) ;
#2780 = ORIENTED_EDGE ( 'NONE', *, *, #3500, .T. ) ;
#2781 = CARTESIAN_POINT ( 'NONE',  ( -1.956538763460200281, -6.119851392564825687, 0.000000000000000000 ) ) ;
#2782 = VERTEX_POINT ( 'NONE', #402 ) ;
#2783 = CYLINDRICAL_SURFACE ( 'NONE', #2683, 9.900000000000000355 ) ;
#2784 = DIRECTION ( 'NONE',  ( -0.000000000000000000, -0.000000000000000000, -1.000000000000000000 ) ) ;
#2785 = CARTESIAN_POINT ( 'NONE',  ( -6.354058526710081090, -7.591833786322177424, 7.219999999999999751 ) ) ;
#2786 = ORIENTED_EDGE ( 'NONE', *, *, #3303, .F. ) ;
#2787 = CARTESIAN_POINT ( 'NONE',  ( 0.000000000000000000, 0.000000000000000000, 0.000000000000000000 ) ) ;
#2788 = DIRECTION ( 'NONE',  ( -0.000000000000000000, -0.000000000000000000, -1.000000000000000000 ) ) ;
#2789 = ORIENTED_EDGE ( 'NONE', *, *, #1542, .F. ) ;
#2790 = ADVANCED_FACE ( 'NONE', ( #1485 ), #2584, .T. ) ;
#2791 = ADVANCED_FACE ( 'NONE', ( #424 ), #1619, .T. ) ;
#2792 = VERTEX_POINT ( 'NONE', #499 ) ;
#2793 = CIRCLE ( 'NONE', #2040, 3.009777261265891291 ) ;
#2794 = DIRECTION ( 'NONE',  ( 0.000000000000000000, 0.000000000000000000, 1.000000000000000000 ) ) ;
#2795 = AXIS2_PLACEMENT_3D ( 'NONE', #1882, #2984, #1614 ) ;
#2796 = AXIS2_PLACEMENT_3D ( 'NONE', #766, #519, #3530 ) ;
#2797 = LINE ( 'NONE', #605, #2466 ) ;
#2798 = DIRECTION ( 'NONE',  ( -0.000000000000000000, -0.000000000000000000, -1.000000000000000000 ) ) ;
#2799 = ORIENTED_EDGE ( 'NONE', *, *, #1532, .T. ) ;
#2800 = CYLINDRICAL_SURFACE ( 'NONE', #1884, 7.425000000000000711 ) ;
#2801 = CIRCLE ( 'NONE', #625, 9.900000000000000355 ) ;
#2802 = AXIS2_PLACEMENT_3D ( 'NONE', #3167, #695, #3380 ) ;
#2803 = DIRECTION ( 'NONE',  ( -0.000000000000000000, -0.000000000000000000, -1.000000000000000000 ) ) ;
#2804 = ORIENTED_EDGE ( 'NONE', *, *, #732, .T. ) ;
#2805 = AXIS2_PLACEMENT_3D ( 'NONE', #3332, #1157, #873 ) ;
#2806 = EDGE_CURVE ( 'NONE', #1925, #2457, #2718, .T. ) ;
#2807 = VERTEX_POINT ( 'NONE', #2987 ) ;
#2808 = ADVANCED_FACE ( 'NONE', ( #737 ), #1064, .T. ) ;
#2809 = AXIS2_PLACEMENT_3D ( 'NONE', #1736, #442, #140 ) ;
#2810 = AXIS2_PLACEMENT_3D ( 'NONE', #3521, #511, #2132 ) ;
#2811 = EDGE_CURVE ( 'NONE', #999, #337, #2418, .T. ) ;
#2812 = CARTESIAN_POINT ( 'NONE',  ( -8.264257631792540693, 0.2885942357802144809, 7.219999999999999751 ) ) ;
#2813 = ADVANCED_FACE ( 'NONE', ( #3216 ), #2408, .T. ) ;
#2814 = CARTESIAN_POINT ( 'NONE',  ( -1.007773559740942515, -8.207656991483858633, 7.219999999999999751 ) ) ;
#2815 = LOCAL_TIME ( 15, 33, 41.00000000000000000, #727 ) ;
#2816 = DIRECTION ( 'NONE',  ( 0.000000000000000000, 0.000000000000000000, 1.000000000000000000 ) ) ;
#2817 = ORIENTED_EDGE ( 'NONE', *, *, #2495, .T. ) ;
#2818 = DIRECTION ( 'NONE',  ( -0.000000000000000000, -0.000000000000000000, -1.000000000000000000 ) ) ;
#2819 = FACE_OUTER_BOUND ( 'NONE', #207, .T. ) ;
#2820 = ORIENTED_EDGE ( 'NONE', *, *, #2442, .F. ) ;
#2821 = CARTESIAN_POINT ( 'NONE',  ( 32.43657701149440697, 2.102236441155601820, 6.220000000000017515 ) ) ;
#2822 = VERTEX_POINT ( 'NONE', #3192 ) ;
#2823 = ORIENTED_EDGE ( 'NONE', *, *, #1990, .F. ) ;
#2824 = CARTESIAN_POINT ( 'NONE',  ( 4.804372540592347640, -2.677312923661003818, 5.200000000000001066 ) ) ;
#2825 = DIRECTION ( 'NONE',  ( -0.000000000000000000, 0.000000000000000000, 1.000000000000000000 ) ) ;
#2826 = EDGE_CURVE ( 'NONE', #2395, #894, #32, .T. ) ;
#2827 = CC_DESIGN_DATE_AND_TIME_ASSIGNMENT ( #2099, #1073, ( #2161 ) ) ;
#2828 = EDGE_CURVE ( 'NONE', #2614, #2199, #361, .T. ) ;
#2829 = DIRECTION ( 'NONE',  ( -0.9510565162951555296, 0.3090169943749411785, 0.000000000000000000 ) ) ;
#2830 = CYLINDRICAL_SURFACE ( 'NONE', #2581, 3.009777261265889958 ) ;
#2831 = EDGE_LOOP ( 'NONE', ( #189, #3311, #2786, #2259 ) ) ;
#2832 = DIRECTION ( 'NONE',  ( 0.000000000000000000, 0.000000000000000000, 1.000000000000000000 ) ) ;
#2833 = FACE_OUTER_BOUND ( 'NONE', #62, .T. ) ;
#2834 = DIRECTION ( 'NONE',  ( 0.000000000000000000, 0.000000000000000000, 1.000000000000000000 ) ) ;
#2835 = ORIENTED_EDGE ( 'NONE', *, *, #1461, .T. ) ;
#2836 = DIRECTION ( 'NONE',  ( 1.000000000000000000, 0.000000000000000000, 0.000000000000000000 ) ) ;
#2837 = FACE_BOUND ( 'NONE', #2069, .T. ) ;
#2838 = ORIENTED_EDGE ( 'NONE', *, *, #2371, .F. ) ;
#2839 = ORIENTED_EDGE ( 'NONE', *, *, #8, .F. ) ;
#2840 = FACE_OUTER_BOUND ( 'NONE', #747, .T. ) ;
#2841 = CARTESIAN_POINT ( 'NONE',  ( 30.57563275392932667, -17.22076148067770873, 0.000000000000000000 ) ) ;
#2842 = AXIS2_PLACEMENT_3D ( 'NONE', #1047, #536, #1618 ) ;
#2843 = DIRECTION ( 'NONE',  ( 0.000000000000000000, 0.000000000000000000, 1.000000000000000000 ) ) ;
#2844 = EDGE_CURVE ( 'NONE', #2599, #2911, #215, .T. ) ;
#2845 = DIRECTION ( 'NONE',  ( -1.000000000000000000, 0.000000000000000000, 0.000000000000000000 ) ) ;
#2846 = VERTEX_POINT ( 'NONE', #762 ) ;
#2847 = CYLINDRICAL_SURFACE ( 'NONE', #1479, 9.900000000000000355 ) ;
#2848 = EDGE_CURVE ( 'NONE', #3103, #669, #131, .T. ) ;
#2849 = AXIS2_PLACEMENT_3D ( 'NONE', #2546, #2832, #1394 ) ;
#2850 = CIRCLE ( 'NONE', #3317, 9.900000000000000355 ) ;
#2851 = CARTESIAN_POINT ( 'NONE',  ( -7.770595549723508633, 2.828265482620750504, 7.219999999999999751 ) ) ;
#2852 = AXIS2_PLACEMENT_3D ( 'NONE', #1854, #1488, #142 ) ;
#2853 = CIRCLE ( 'NONE', #1143, 7.425000000000000711 ) ;
#2854 = EDGE_LOOP ( 'NONE', ( #831, #2685, #1589, #3033 ) ) ;
#2855 = FACE_OUTER_BOUND ( 'NONE', #2923, .T. ) ;
#2856 = ADVANCED_FACE ( 'NONE', ( #2367 ), #985, .F. ) ;
#2857 = CIRCLE ( 'NONE', #2518, 13.99999999999999822 ) ;
#2858 = AXIS2_PLACEMENT_3D ( 'NONE', #2167, #2717, #775 ) ;
#2859 = CARTESIAN_POINT ( 'NONE',  ( 51.60796630892206593, -10.78767380862164238, 5.219999999999999751 ) ) ;
#2860 = ORIENTED_EDGE ( 'NONE', *, *, #218, .F. ) ;
#2861 = AXIS2_PLACEMENT_3D ( 'NONE', #2212, #1666, #2763 ) ;
#2862 = EDGE_LOOP ( 'NONE', ( #2260, #38, #2202, #1756, #1789 ) ) ;
#2863 = CIRCLE ( 'NONE', #3277, 3.009777261265889958 ) ;
#2864 = VERTEX_POINT ( 'NONE', #2075 ) ;
#2865 = LINE ( 'NONE', #3128, #820 ) ;
#2866 = CARTESIAN_POINT ( 'NONE',  ( -6.354058526710081090, -7.591833786322177424, 7.219999999999999751 ) ) ;
#2867 = B_SPLINE_CURVE_WITH_KNOTS ( 'NONE', 3,
 ( #2600, #3416, #1192, #3099, #1790, #2555, #674, #2579, #3082, #656, #958, #2261 ),
 .UNSPECIFIED., .F., .F.,
 ( 4, 2, 2, 2, 2, 4 ),
 ( 0.000000000000000000, 0.0005661002620140132870, 0.0008491503930210199304, 0.001132200524028026574, 0.001698300786042039427, 0.002264401048056052280 ),
 .UNSPECIFIED. ) ;
#2868 = AXIS2_PLACEMENT_3D ( 'NONE', #2944, #1535, #453 ) ;
#2869 = CARTESIAN_POINT ( 'NONE',  ( -4.009033799157220912, 7.232488426176834295, 0.000000000000000000 ) ) ;
#2870 = PLANE ( 'NONE',  #3507 ) ;
#2871 = ORIENTED_EDGE ( 'NONE', *, *, #680, .F. ) ;
#2872 = DIRECTION ( 'NONE',  ( 1.000000000000000000, 0.000000000000000000, 0.000000000000000000 ) ) ;
#2873 = CARTESIAN_POINT ( 'NONE',  ( -0.1815117786451120041, 7.770595549723498863, 7.219999999999999751 ) ) ;
#2874 = CARTESIAN_POINT ( 'NONE',  ( 0.000000000000000000, 0.000000000000000000, 0.000000000000000000 ) ) ;
#2875 = CARTESIAN_POINT ( 'NONE',  ( -4.177312923661003374, -4.804372540592348528, 5.200000000000000178 ) ) ;
#2876 = ORIENTED_EDGE ( 'NONE', *, *, #1656, .T. ) ;
#2877 =( NAMED_UNIT ( * ) SI_UNIT ( $, .STERADIAN. ) SOLID_ANGLE_UNIT ( ) );
#2878 = CC_DESIGN_PERSON_AND_ORGANIZATION_ASSIGNMENT ( #279, #1373, ( #1845 ) ) ;
#2879 = ADVANCED_FACE ( 'NONE', ( #2660 ), #3483, .T. ) ;
#2880 = CYLINDRICAL_SURFACE ( 'NONE', #1944, 9.900000000000000355 ) ;
#2881 = ORIENTED_EDGE ( 'NONE', *, *, #1917, .T. ) ;
#2882 = EDGE_LOOP ( 'NONE', ( #232, #2918, #225, #3217 ) ) ;
#2883 = ORIENTED_EDGE ( 'NONE', *, *, #2112, .T. ) ;
#2884 = CARTESIAN_POINT ( 'NONE',  ( 0.000000000000000000, 0.000000000000000000, 0.000000000000000000 ) ) ;
#2885 = LINE ( 'NONE', #941, #800 ) ;
#2886 = DIRECTION ( 'NONE',  ( 1.000000000000000000, 0.000000000000000000, 0.000000000000000000 ) ) ;
#2887 = DIRECTION ( 'NONE',  ( 0.000000000000000000, 0.000000000000000000, 1.000000000000000000 ) ) ;
#2888 = ORIENTED_EDGE ( 'NONE', *, *, #2751, .F. ) ;
#2889 = FACE_OUTER_BOUND ( 'NONE', #328, .T. ) ;
#2890 = CARTESIAN_POINT ( 'NONE',  ( -7.423245559582908548, -0.1614012457592738092, 7.219999999999999751 ) ) ;
#2891 = DIRECTION ( 'NONE',  ( 0.000000000000000000, 0.000000000000000000, 1.000000000000000000 ) ) ;
#2892 = CARTESIAN_POINT ( 'NONE',  ( 20.86790418964723770, -13.30163674519122630, 7.220000000000011298 ) ) ;
#2893 = EDGE_LOOP ( 'NONE', ( #2062, #3031, #3355, #640 ) ) ;
#2894 = DIRECTION ( 'NONE',  ( -0.000000000000000000, -0.000000000000000000, -1.000000000000000000 ) ) ;
#2895 = FACE_OUTER_BOUND ( 'NONE', #521, .T. ) ;
#2896 = EDGE_CURVE ( 'NONE', #666, #412, #2478, .T. ) ;
#2897 = ORIENTED_EDGE ( 'NONE', *, *, #1365, .F. ) ;
#2898 = ORIENTED_EDGE ( 'NONE', *, *, #2666, .T. ) ;
#2899 = EDGE_CURVE ( 'NONE', #2314, #2409, #3154, .T. ) ;
#2900 = ORIENTED_EDGE ( 'NONE', *, *, #1298, .T. ) ;
#2901 = DIRECTION ( 'NONE',  ( -1.000000000000000000, 0.000000000000000000, -0.000000000000000000 ) ) ;
#2902 = DIRECTION ( 'NONE',  ( -1.000000000000000000, 0.000000000000000000, 0.000000000000000000 ) ) ;
#2903 = DIRECTION ( 'NONE',  ( 0.000000000000000000, 0.000000000000000000, 1.000000000000000000 ) ) ;
#2904 = MANIFOLD_SOLID_BREP ( '圆角4', #2106 ) ;
#2905 = DIRECTION ( 'NONE',  ( 1.000000000000000000, 0.000000000000000000, 0.000000000000000000 ) ) ;
#2906 = ORIENTED_EDGE ( 'NONE', *, *, #3165, .F. ) ;
#2907 = CARTESIAN_POINT ( 'NONE',  ( 4.804372540592347640, -2.677312923661003818, 0.000000000000000000 ) ) ;
#2908 = CARTESIAN_POINT ( 'NONE',  ( -8.389074425191868301, -5.256750925104952898, 0.000000000000000000 ) ) ;
#2909 = CARTESIAN_POINT ( 'NONE',  ( -2.279326625612735135, 7.948956596392994456, 7.219999999999999751 ) ) ;
#2910 = DIRECTION ( 'NONE',  ( -0.000000000000000000, -0.000000000000000000, -1.000000000000000000 ) ) ;
#2911 = VERTEX_POINT ( 'NONE', #1576 ) ;
#2912 = PERSON_AND_ORGANIZATION ( #2538, #700 ) ;
#2913 = VECTOR ( 'NONE', #2818, 1000.000000000000000 ) ;
#2914 = CIRCLE ( 'NONE', #900, 3.009777261265889514 ) ;
#2915 = AXIS2_PLACEMENT_3D ( 'NONE', #1057, #2103, #1844 ) ;
#2916 = FACE_BOUND ( 'NONE', #1737, .T. ) ;
#2917 = ORIENTED_EDGE ( 'NONE', *, *, #2547, .F. ) ;
#2918 = ORIENTED_EDGE ( 'NONE', *, *, #2322, .F. ) ;
#2919 = AXIS2_PLACEMENT_3D ( 'NONE', #2009, #2653, #1265 ) ;
#2920 = CIRCLE ( 'NONE', #3203, 3.009777261265889958 ) ;
#2921 = EDGE_CURVE ( 'NONE', #374, #1822, #2963, .T. ) ;
#2922 = VECTOR ( 'NONE', #48, 1000.000000000000000 ) ;
#2923 = EDGE_LOOP ( 'NONE', ( #447, #3264, #713, #752 ) ) ;
#2924 = FACE_OUTER_BOUND ( 'NONE', #1731, .T. ) ;
#2925 = DIRECTION ( 'NONE',  ( 0.000000000000000000, -0.000000000000000000, -1.000000000000000000 ) ) ;
#2926 = AXIS2_PLACEMENT_3D ( 'NONE', #949, #2834, #3178 ) ;
#2927 = CARTESIAN_POINT ( 'NONE',  ( -4.804372540592347640, 2.677312923661004262, 5.200000000000000178 ) ) ;
#2928 = EDGE_CURVE ( 'NONE', #1604, #2957, #1611, .T. ) ;
#2929 = EDGE_CURVE ( 'NONE', #1762, #1864, #2059, .T. ) ;
#2930 = VECTOR ( 'NONE', #3305, 1000.000000000000114 ) ;
#2931 = DIRECTION ( 'NONE',  ( 0.000000000000000000, 0.000000000000000000, 1.000000000000000000 ) ) ;
#2932 = ORIENTED_EDGE ( 'NONE', *, *, #590, .F. ) ;
#2933 = CARTESIAN_POINT ( 'NONE',  ( 40.10796630892206593, -10.78767380862164238, 10.00000000000000000 ) ) ;
#2934 = CIRCLE ( 'NONE', #3511, 1.000000000000000000 ) ;
#2935 = LINE ( 'NONE', #488, #1594 ) ;
#2936 = DIRECTION ( 'NONE',  ( 0.9656799471307162541, -0.2597349412566916649, 4.505683001294399983E-16 ) ) ;
#2937 = EDGE_LOOP ( 'NONE', ( #731, #826, #1863, #1142 ) ) ;
#2938 = TOROIDAL_SURFACE ( 'NONE', #1204, 11.50000000000000355, 2.000000000000000000 ) ;
#2939 = APPROVAL_ROLE ( '' ) ;
#2940 = DIRECTION ( 'NONE',  ( 1.000000000000000000, 0.000000000000000000, 0.000000000000000000 ) ) ;
#2941 = ORIENTED_EDGE ( 'NONE', *, *, #3384, .F. ) ;
#2942 = CYLINDRICAL_SURFACE ( 'NONE', #2267, 10.00000000000000178 ) ;
#2943 = ORIENTED_EDGE ( 'NONE', *, *, #221, .T. ) ;
#2944 = CARTESIAN_POINT ( 'NONE',  ( -4.804372540592347640, 2.677312923661004262, -2.780000000000000249 ) ) ;
#2945 = DIRECTION ( 'NONE',  ( 0.000000000000000000, 0.000000000000000000, 1.000000000000000000 ) ) ;
#2946 = CARTESIAN_POINT ( 'NONE',  ( -2.677312923661003374, -4.804372540592348528, 5.200000000000000178 ) ) ;
#2947 = CARTESIAN_POINT ( 'NONE',  ( 40.10796630892206593, -10.78767380862164238, 1.000000000000000888 ) ) ;
#2948 = VERTEX_POINT ( 'NONE', #1886 ) ;
#2949 = ADVANCED_FACE ( 'NONE', ( #21 ), #3068, .T. ) ;
#2950 = CYLINDRICAL_SURFACE ( 'NONE', #1315, 9.900000000000000355 ) ;
#2951 = APPROVAL ( #1641, '未指定' ) ;
#2952 = EDGE_CURVE ( 'NONE', #1843, #1108, #3273, .T. ) ;
#2953 = CARTESIAN_POINT ( 'NONE',  ( -1.007773559740942515, -8.207656991483858633, 0.000000000000000000 ) ) ;
#2954 = CARTESIAN_POINT ( 'NONE',  ( 0.8752392796566006439, 9.861235024242461122, 7.219999999999999751 ) ) ;
#2955 = VERTEX_POINT ( 'NONE', #1635 ) ;
#2956 = DIRECTION ( 'NONE',  ( -0.000000000000000000, -0.000000000000000000, 1.000000000000000000 ) ) ;
#2957 = VERTEX_POINT ( 'NONE', #3008 ) ;
#2958 = EDGE_LOOP ( 'NONE', ( #1136, #495, #548, #3358 ) ) ;
#2959 = VERTEX_POINT ( 'NONE', #2445 ) ;
#2960 = DIRECTION ( 'NONE',  ( 0.000000000000000000, 0.000000000000000000, -1.000000000000000000 ) ) ;
#2961 = DIRECTION ( 'NONE',  ( -0.000000000000000000, -0.000000000000000000, -1.000000000000000000 ) ) ;
#2962 = CARTESIAN_POINT ( 'NONE',  ( -2.279326625612735135, 7.948956596392994456, 7.219999999999999751 ) ) ;
#2963 = LINE ( 'NONE', #2675, #1200 ) ;
#2964 = ORIENTED_EDGE ( 'NONE', *, *, #1412, .T. ) ;
#2965 = CARTESIAN_POINT ( 'NONE',  ( 40.10796630892206593, -10.78767380862164238, 7.219999999999999751 ) ) ;
#2966 = EDGE_CURVE ( 'NONE', #3489, #1513, #912, .T. ) ;
#2967 = CARTESIAN_POINT ( 'NONE',  ( 31.59734611092361689, 6.757107291335714194, 2.000000000000000000 ) ) ;
#2968 = CARTESIAN_POINT ( 'NONE',  ( 4.804372540592347640, -2.677312923661003818, 5.200000000000000178 ) ) ;
#2969 = CARTESIAN_POINT ( 'NONE',  ( 21.12763913090392975, -12.33595679806051137, 1.000000000000000000 ) ) ;
#2970 = EDGE_CURVE ( 'NONE', #2071, #1513, #2524, .T. ) ;
#2971 = ORIENTED_EDGE ( 'NONE', *, *, #2966, .F. ) ;
#2972 = AXIS2_PLACEMENT_3D ( 'NONE', #2623, #987, #1199 ) ;
#2973 = EDGE_CURVE ( 'NONE', #449, #972, #976, .T. ) ;
#2974 = CARTESIAN_POINT ( 'NONE',  ( 1.313531664831218082, 7.279827997537136497, 0.7306638461573266019 ) ) ;
#2975 = EDGE_CURVE ( 'NONE', #1964, #1741, #2187, .T. ) ;
#2976 = ORIENTED_EDGE ( 'NONE', *, *, #993, .F. ) ;
#2977 = ORIENTED_EDGE ( 'NONE', *, *, #2252, .T. ) ;
#2978 = CIRCLE ( 'NONE', #3035, 1.500000000000000444 ) ;
#2979 = CIRCLE ( 'NONE', #2564, 3.009777261265891291 ) ;
#2980 = ORIENTED_EDGE ( 'NONE', *, *, #547, .F. ) ;
#2981 = CIRCLE ( 'NONE', #1424, 7.425000000000000711 ) ;
#2982 = CARTESIAN_POINT ( 'NONE',  ( 31.59734611092361689, 6.757107291335714194, 5.219999999999999751 ) ) ;
#2983 = AXIS2_PLACEMENT_3D ( 'NONE', #1772, #423, #2263 ) ;
#2984 = DIRECTION ( 'NONE',  ( -0.000000000000000000, -0.000000000000000000, -1.000000000000000000 ) ) ;
#2985 = CIRCLE ( 'NONE', #1538, 1.600000000000000089 ) ;
#2986 = CYLINDRICAL_SURFACE ( 'NONE', #235, 1.500000000000000000 ) ;
#2987 = CARTESIAN_POINT ( 'NONE',  ( -5.134899358225692545, 5.363155188962314135, 7.219999999999999751 ) ) ;
#2988 = VERTEX_POINT ( 'NONE', #2462 ) ;
#2989 = AXIS2_PLACEMENT_3D ( 'NONE', #2394, #1842, #1035 ) ;
#2990 = DIRECTION ( 'NONE',  ( 1.000000000000000000, 0.000000000000000000, 0.000000000000000000 ) ) ;
#2991 = AXIS2_PLACEMENT_3D ( 'NONE', #1939, #2737, #327 ) ;
#2992 = CARTESIAN_POINT ( 'NONE',  ( 35.08888260241015900, -0.4407516214673008470, 0.000000000000000000 ) ) ;
#2993 = CARTESIAN_POINT ( 'NONE',  ( -8.264257631792540693, 0.2885942357802144809, 7.219999999999999751 ) ) ;
#2994 = EDGE_LOOP ( 'NONE', ( #2898, #3456, #1620, #3385 ) ) ;
#2995 = COORDINATED_UNIVERSAL_TIME_OFFSET ( 8, 0, .AHEAD. ) ;
#2996 = DIRECTION ( 'NONE',  ( 1.000000000000000000, 0.000000000000000000, 0.000000000000000000 ) ) ;
#2997 = AXIS2_PLACEMENT_3D ( 'NONE', #1363, #817, #1102 ) ;
#2998 = AXIS2_PLACEMENT_3D ( 'NONE', #3230, #3480, #3248 ) ;
#2999 = CARTESIAN_POINT ( 'NONE',  ( 0.000000000000000000, 0.000000000000000000, 0.000000000000000000 ) ) ;
#3000 = ORIENTED_EDGE ( 'NONE', *, *, #2371, .T. ) ;
#3001 = EDGE_CURVE ( 'NONE', #322, #2071, #876, .T. ) ;
#3002 = CIRCLE ( 'NONE', #2359, 0.9999999999999835687 ) ;
#3003 = CC_DESIGN_DATE_AND_TIME_ASSIGNMENT ( #2023, #667, ( #409 ) ) ;
#3004 = EDGE_CURVE ( 'NONE', #2185, #2597, #2192, .T. ) ;
#3005 = VERTEX_POINT ( 'NONE', #3322 ) ;
#3006 = DIRECTION ( 'NONE',  ( 0.000000000000000000, 0.000000000000000000, 1.000000000000000000 ) ) ;
#3007 = DIRECTION ( 'NONE',  ( 1.000000000000000000, 0.000000000000000000, 0.000000000000000000 ) ) ;
#3008 = CARTESIAN_POINT ( 'NONE',  ( 1.600000000000000089, 0.000000000000000000, 0.000000000000000000 ) ) ;
#3009 = ORIENTED_EDGE ( 'NONE', *, *, #2806, .T. ) ;
#3010 = DIRECTION ( 'NONE',  ( -0.000000000000000000, -0.000000000000000000, -1.000000000000000000 ) ) ;
#3011 = DIRECTION ( 'NONE',  ( 0.000000000000000000, 0.000000000000000000, 1.000000000000000000 ) ) ;
#3012 = CARTESIAN_POINT ( 'NONE',  ( 20.86790418964724836, -13.30163674519123163, 1.000000000000000000 ) ) ;
#3013 = EDGE_LOOP ( 'NONE', ( #3144, #1288, #950, #2820 ) ) ;
#3014 = DIRECTION ( 'NONE',  ( -0.07341523349225186068, -0.9973014606884310629, 0.000000000000000000 ) ) ;
#3015 = DIRECTION ( 'NONE',  ( -1.000000000000000000, 0.000000000000000000, 0.000000000000000000 ) ) ;
#3016 = ORIENTED_EDGE ( 'NONE', *, *, #2509, .T. ) ;
#3017 = PRODUCT ( '指环1', '指环1', '', ( #2064 ) ) ;
#3018 = ADVANCED_FACE ( 'NONE', ( #830 ), #305, .F. ) ;
#3019 = ORIENTED_EDGE ( 'NONE', *, *, #2716, .T. ) ;
#3020 = CARTESIAN_POINT ( 'NONE',  ( 28.31222647033802886, -12.70026071423273883, 5.219999999999999751 ) ) ;
#3021 = ADVANCED_FACE ( 'NONE', ( #2511 ), #1966, .T. ) ;
#3022 = DIRECTION ( 'NONE',  ( -0.8090169943749507819, 0.5877852522924684742, 0.000000000000000000 ) ) ;
#3023 = EDGE_CURVE ( 'NONE', #1893, #222, #30, .T. ) ;
#3024 = EDGE_LOOP ( 'NONE', ( #37, #133, #1862, #885 ) ) ;
#3025 = DIRECTION ( 'NONE',  ( 0.000000000000000000, 0.000000000000000000, 1.000000000000000000 ) ) ;
#3026 = CARTESIAN_POINT ( 'NONE',  ( -1.001837319381684521, 7.357101806111842279, 7.219999999999999751 ) ) ;
#3027 = CARTESIAN_POINT ( 'NONE',  ( 2.677312923661003818, 4.804372540592348528, 7.219999999999999751 ) ) ;
#3028 = ORIENTED_EDGE ( 'NONE', *, *, #151, .T. ) ;
#3029 = DIRECTION ( 'NONE',  ( 1.000000000000000000, 1.734723475976807094E-15, 0.000000000000000000 ) ) ;
#3030 = FACE_OUTER_BOUND ( 'NONE', #2779, .T. ) ;
#3031 = ORIENTED_EDGE ( 'NONE', *, *, #36, .T. ) ;
#3032 = CIRCLE ( 'NONE', #1469, 1.500000000000000222 ) ;
#3033 = ORIENTED_EDGE ( 'NONE', *, *, #3447, .T. ) ;
#3034 = DIRECTION ( 'NONE',  ( 1.000000000000000000, 0.000000000000000000, 0.000000000000000000 ) ) ;
#3035 = AXIS2_PLACEMENT_3D ( 'NONE', #1348, #1078, #3270 ) ;
#3036 = AXIS2_PLACEMENT_3D ( 'NONE', #930, #160, #2625 ) ;
#3037 = EDGE_CURVE ( 'NONE', #3464, #3053, #318, .T. ) ;
#3038 = AXIS2_PLACEMENT_3D ( 'NONE', #2907, #460, #2387 ) ;
#3039 = AXIS2_PLACEMENT_3D ( 'NONE', #629, #1722, #292 ) ;
#3040 = CARTESIAN_POINT ( 'NONE',  ( -3.494755105310459520, -7.494526508824509214, 0.000000000000000000 ) ) ;
#3041 = ORIENTED_EDGE ( 'NONE', *, *, #3165, .T. ) ;
#3042 = TOROIDAL_SURFACE ( 'NONE', #2919, 6.425000000000000711, 1.000000000000000000 ) ;
#3043 = CIRCLE ( 'NONE', #3315, 3.009777261265889958 ) ;
#3044 = ADVANCED_FACE ( 'NONE', ( #2769 ), #555, .T. ) ;
#3045 = DIRECTION ( 'NONE',  ( 0.2597349412566902771, 0.9656799471307166982, 0.000000000000000000 ) ) ;
#3046 = AXIS2_PLACEMENT_3D ( 'NONE', #2684, #1074, #2940 ) ;
#3047 = CARTESIAN_POINT ( 'NONE',  ( 0.6781733939056497906, 9.876744445807966954, 0.000000000000000000 ) ) ;
#3048 = ORIENTED_EDGE ( 'NONE', *, *, #454, .T. ) ;
#3049 = CARTESIAN_POINT ( 'NONE',  ( -1.928531938830924553, -7.170173607445571307, 6.219999999999996199 ) ) ;
#3050 = DIRECTION ( 'NONE',  ( -0.000000000000000000, -0.000000000000000000, -1.000000000000000000 ) ) ;
#3051 = AXIS2_PLACEMENT_3D ( 'NONE', #1280, #2650, #277 ) ;
#3052 = DIRECTION ( 'NONE',  ( -0.000000000000000000, -0.000000000000000000, 1.000000000000000000 ) ) ;
#3053 = VERTEX_POINT ( 'NONE', #2498 ) ;
#3054 = AXIS2_PLACEMENT_3D ( 'NONE', #113, #85, #1500 ) ;
#3055 = VERTEX_POINT ( 'NONE', #53 ) ;
#3056 = AXIS2_PLACEMENT_3D ( 'NONE', #2982, #564, #283 ) ;
#3057 = CARTESIAN_POINT ( 'NONE',  ( 0.000000000000000000, 0.000000000000000000, 7.219999999999999751 ) ) ;
#3058 = ORIENTED_EDGE ( 'NONE', *, *, #2641, .F. ) ;
#3059 = DIRECTION ( 'NONE',  ( 1.000000000000000000, 0.000000000000000000, 0.000000000000000000 ) ) ;
#3060 = CARTESIAN_POINT ( 'NONE',  ( 1.668796997574233387, 6.204493660314855497, 0.000000000000000000 ) ) ;
#3061 = DIRECTION ( 'NONE',  ( 0.3090169943749447867, 0.9510565162951545304, 0.000000000000000000 ) ) ;
#3062 = ORIENTED_EDGE ( 'NONE', *, *, #3112, .F. ) ;
#3063 = DIRECTION ( 'NONE',  ( 1.000000000000000000, 0.000000000000000000, 0.000000000000000000 ) ) ;
#3064 = EDGE_CURVE ( 'NONE', #2027, #346, #1330, .T. ) ;
#3065 = DIRECTION ( 'NONE',  ( 0.5114259531618439159, -0.8593273499851494801, 0.000000000000000000 ) ) ;
#3066 = ORIENTED_EDGE ( 'NONE', *, *, #1229, .F. ) ;
#3067 = ORIENTED_EDGE ( 'NONE', *, *, #51, .F. ) ;
#3068 = CYLINDRICAL_SURFACE ( 'NONE', #1721, 3.009777261265889958 ) ;
#3069 = DIRECTION ( 'NONE',  ( 0.000000000000000000, 0.000000000000000000, 1.000000000000000000 ) ) ;
#3070 = FACE_OUTER_BOUND ( 'NONE', #3360, .T. ) ;
#3071 = CARTESIAN_POINT ( 'NONE',  ( 40.10796630892206593, -10.78767380862164238, 6.220000000000003304 ) ) ;
#3072 = ORIENTED_EDGE ( 'NONE', *, *, #1532, .F. ) ;
#3073 = EDGE_CURVE ( 'NONE', #2339, #768, #336, .T. ) ;
#3074 = ADVANCED_FACE ( 'NONE', ( #1149 ), #2237, .T. ) ;
#3075 = DIRECTION ( 'NONE',  ( -0.5877852522924770229, 0.8090169943749444537, 0.000000000000000000 ) ) ;
#3076 = ORIENTED_EDGE ( 'NONE', *, *, #2848, .F. ) ;
#3077 = EDGE_CURVE ( 'NONE', #1904, #586, #1385, .T. ) ;
#3078 = EDGE_CURVE ( 'NONE', #1604, #621, #2865, .T. ) ;
#3079 = ORIENTED_EDGE ( 'NONE', *, *, #597, .T. ) ;
#3080 = APPROVAL_PERSON_ORGANIZATION ( #1626, #2951, #2939 ) ;
#3081 = VECTOR ( 'NONE', #1733, 1000.000000000000000 ) ;
#3082 = CARTESIAN_POINT ( 'NONE',  ( 3.423032288816218571, 6.119387542672070524, 0.06949632396369448406 ) ) ;
#3083 = LINE ( 'NONE', #1935, #1146 ) ;
#3084 = CIRCLE ( 'NONE', #15, 9.500000000000001776 ) ;
#3085 = DIRECTION ( 'NONE',  ( -1.000000000000000000, 0.000000000000000000, 0.000000000000000000 ) ) ;
#3086 = CARTESIAN_POINT ( 'NONE',  ( 30.49611760853984777, -8.202414618990752970, 2.000000000000000000 ) ) ;
#3087 = ORIENTED_EDGE ( 'NONE', *, *, #2921, .F. ) ;
#3088 = CIRCLE ( 'NONE', #1830, 1.500000000000000222 ) ;
#3089 = AXIS2_PLACEMENT_3D ( 'NONE', #1547, #204, #258 ) ;
#3090 = DIRECTION ( 'NONE',  ( 1.000000000000000000, 0.000000000000000000, 0.000000000000000000 ) ) ;
#3091 = EDGE_LOOP ( 'NONE', ( #2102, #1960, #2651, #321 ) ) ;
#3092 = DIRECTION ( 'NONE',  ( 1.000000000000000000, 0.000000000000000000, 0.000000000000000000 ) ) ;
#3093 = AXIS2_PLACEMENT_3D ( 'NONE', #1585, #2377, #3015 ) ;
#3094 = CIRCLE ( 'NONE', #3214, 1.500000000000000000 ) ;
#3095 = EDGE_CURVE ( 'NONE', #1728, #449, #2867, .T. ) ;
#3096 = ORIENTED_EDGE ( 'NONE', *, *, #2639, .F. ) ;
#3097 = EDGE_CURVE ( 'NONE', #1667, #3468, #2934, .T. ) ;
#3098 = TOROIDAL_SURFACE ( 'NONE', #867, 7.000000000000000888, 2.000000000000000000 ) ;
#3099 = CARTESIAN_POINT ( 'NONE',  ( 2.597239342036090193, 6.305219630650159779, 0.05828688194169473480 ) ) ;
#3100 = DIRECTION ( 'NONE',  ( -0.000000000000000000, -0.000000000000000000, 1.000000000000000000 ) ) ;
#3101 = DIRECTION ( 'NONE',  ( 1.000000000000000000, 0.000000000000000000, 0.000000000000000000 ) ) ;
#3102 = FACE_OUTER_BOUND ( 'NONE', #273, .T. ) ;
#3103 = VERTEX_POINT ( 'NONE', #1175 ) ;
#3104 = DIRECTION ( 'NONE',  ( 0.000000000000000000, 0.000000000000000000, 1.000000000000000000 ) ) ;
#3105 = DIRECTION ( 'NONE',  ( 1.000000000000000000, 0.000000000000000000, 0.000000000000000000 ) ) ;
#3106 = ORIENTED_EDGE ( 'NONE', *, *, #3402, .T. ) ;
#3107 = DIRECTION ( 'NONE',  ( 1.000000000000000000, 0.000000000000000000, 0.000000000000000000 ) ) ;
#3108 = CARTESIAN_POINT ( 'NONE',  ( -1.956538763460200281, -6.119851392564825687, 0.000000000000000000 ) ) ;
#3109 = EDGE_LOOP ( 'NONE', ( #2193, #162 ) ) ;
#3110 = VERTEX_POINT ( 'NONE', #2049 ) ;
#3111 = ADVANCED_FACE ( 'NONE', ( #1769 ), #3152, .T. ) ;
#3112 = EDGE_CURVE ( 'NONE', #2142, #2452, #153, .T. ) ;
#3113 = VERTEX_POINT ( 'NONE', #1977 ) ;
#3114 = DIRECTION ( 'NONE',  ( 1.000000000000000000, 0.000000000000000000, 0.000000000000000000 ) ) ;
#3115 = DIRECTION ( 'NONE',  ( 0.8090169943749466741, 0.5877852522924742473, 0.000000000000000000 ) ) ;
#3116 = CARTESIAN_POINT ( 'NONE',  ( 30.49611760853984777, -8.202414618990752970, 10.00000000000000000 ) ) ;
#3117 = ADVANCED_FACE ( 'NONE', ( #3363 ), #627, .F. ) ;
#3118 = DIRECTION ( 'NONE',  ( -0.000000000000000000, -0.000000000000000000, -1.000000000000000000 ) ) ;
#3119 = ORIENTED_EDGE ( 'NONE', *, *, #203, .T. ) ;
#3120 = FACE_OUTER_BOUND ( 'NONE', #2085, .T. ) ;
#3121 = CARTESIAN_POINT ( 'NONE',  ( 30.57563275392933022, -17.22076148067770518, 2.000000000000000000 ) ) ;
#3122 = DIRECTION ( 'NONE',  ( 1.000000000000000000, 0.000000000000000000, 0.000000000000000000 ) ) ;
#3123 = ORIENTED_EDGE ( 'NONE', *, *, #345, .T. ) ;
#3124 = PLANE ( 'NONE',  #2802 ) ;
#3125 = VERTEX_POINT ( 'NONE', #2249 ) ;
#3126 = EDGE_LOOP ( 'NONE', ( #1186, #3306, #1946, #2881 ) ) ;
#3127 = ORIENTED_EDGE ( 'NONE', *, *, #2667, .T. ) ;
#3128 = CARTESIAN_POINT ( 'NONE',  ( -1.600000000000000089, 1.959434878635765230E-16, -2.780000000000000249 ) ) ;
#3129 = LINE ( 'NONE', #2580, #1184 ) ;
#3130 = CC_DESIGN_APPROVAL ( #608, ( #1845 ) ) ;
#3131 = AXIS2_PLACEMENT_3D ( 'NONE', #2016, #1537, #2556 ) ;
#3132 = DIRECTION ( 'NONE',  ( -0.8593273499851494801, -0.5114259531618439159, 0.000000000000000000 ) ) ;
#3133 = DIRECTION ( 'NONE',  ( 1.000000000000000000, 0.000000000000000000, 0.000000000000000000 ) ) ;
#3134 = ORIENTED_EDGE ( 'NONE', *, *, #1390, .F. ) ;
#3135 = DIRECTION ( 'NONE',  ( 0.000000000000000000, 0.000000000000000000, 1.000000000000000000 ) ) ;
#3136 = DIRECTION ( 'NONE',  ( 0.5877852522924714718, 0.8090169943749486725, 0.000000000000000000 ) ) ;
#3137 = CIRCLE ( 'NONE', #179, 1.500000000000000000 ) ;
#3138 = AXIS2_PLACEMENT_3D ( 'NONE', #219, #1340, #2434 ) ;
#3139 = EDGE_CURVE ( 'NONE', #98, #632, #1951, .T. ) ;
#3140 = DIRECTION ( 'NONE',  ( 1.000000000000000000, 0.000000000000000000, 0.000000000000000000 ) ) ;
#3141 = AXIS2_PLACEMENT_3D ( 'NONE', #974, #2894, #3460 ) ;
#3142 = AXIS2_PLACEMENT_3D ( 'NONE', #3116, #1734, #659 ) ;
#3143 = CARTESIAN_POINT ( 'NONE',  ( 54.10796630892205883, -10.78767380862164238, 1.000000000000000888 ) ) ;
#3144 = ORIENTED_EDGE ( 'NONE', *, *, #224, .T. ) ;
#3145 = AXIS2_PLACEMENT_3D ( 'NONE', #2437, #492, #1606 ) ;
#3146 = DIRECTION ( 'NONE',  ( 0.000000000000000000, 0.000000000000000000, 1.000000000000000000 ) ) ;
#3147 = ORIENTED_EDGE ( 'NONE', *, *, #1495, .F. ) ;
#3148 = CIRCLE ( 'NONE', #3437, 5.000000000000004441 ) ;
#3149 = EDGE_LOOP ( 'NONE', ( #2971, #798, #192, #1897 ) ) ;
#3150 = VECTOR ( 'NONE', #1692, 1000.000000000000000 ) ;
#3151 = ORIENTED_EDGE ( 'NONE', *, *, #1365, .T. ) ;
#3152 = CYLINDRICAL_SURFACE ( 'NONE', #482, 3.009777261265889958 ) ;
#3153 = CARTESIAN_POINT ( 'NONE',  ( 2.677312923661003818, 4.804372540592348528, -2.780000000000000249 ) ) ;
#3154 = CIRCLE ( 'NONE', #2765, 15.00000000000000000 ) ;
#3155 = AXIS2_PLACEMENT_3D ( 'NONE', #940, #925, #2302 ) ;
#3156 = CARTESIAN_POINT ( 'NONE',  ( -8.492359460946810046, -5.088205065253091242, 0.000000000000000000 ) ) ;
#3157 = DIRECTION ( 'NONE',  ( -0.9656799471307168092, 0.2597349412566901106, 0.000000000000000000 ) ) ;
#3158 = ORIENTED_EDGE ( 'NONE', *, *, #2495, .F. ) ;
#3159 = CYLINDRICAL_SURFACE ( 'NONE', #123, 9.900000000000000355 ) ;
#3160 = FACE_OUTER_BOUND ( 'NONE', #2766, .T. ) ;
#3161 = AXIS2_PLACEMENT_3D ( 'NONE', #107, #1930, #1401 ) ;
#3162 = ADVANCED_FACE ( 'NONE', ( #1432 ), #1747, .T. ) ;
#3163 = DIRECTION ( 'NONE',  ( -3.458176453723081074E-15, 1.000000000000000000, 0.000000000000000000 ) ) ;
#3164 = DIRECTION ( 'NONE',  ( -0.9510565162951584162, 0.3090169943749327963, 0.000000000000000000 ) ) ;
#3165 = EDGE_CURVE ( 'NONE', #808, #2764, #2419, .T. ) ;
#3166 = ORIENTED_EDGE ( 'NONE', *, *, #1412, .F. ) ;
#3167 = CARTESIAN_POINT ( 'NONE',  ( -4.804372540592347640, 2.677312923661004262, 5.200000000000000178 ) ) ;
#3168 = ORIENTED_EDGE ( 'NONE', *, *, #365, .T. ) ;
#3169 = ORIENTED_EDGE ( 'NONE', *, *, #2848, .T. ) ;
#3170 = EDGE_LOOP ( 'NONE', ( #2727, #3169 ) ) ;
#3171 = CARTESIAN_POINT ( 'NONE',  ( 2.677312923661003818, 4.804372540592348528, 5.200000000000000178 ) ) ;
#3172 = FACE_OUTER_BOUND ( 'NONE', #1400, .T. ) ;
#3173 = CYLINDRICAL_SURFACE ( 'NONE', #1599, 1.000000000000000000 ) ;
#3174 = DIRECTION ( 'NONE',  ( -1.000000000000000000, 0.000000000000000000, 0.000000000000000000 ) ) ;
#3175 = ORIENTED_EDGE ( 'NONE', *, *, #2896, .T. ) ;
#3176 = CARTESIAN_POINT ( 'NONE',  ( -4.017550821006833139, -8.207656991483858633, 7.219999999999999751 ) ) ;
#3177 = CARTESIAN_POINT ( 'NONE',  ( -7.494526508824496780, 3.494755105310485721, 7.219999999999999751 ) ) ;
#3178 = DIRECTION ( 'NONE',  ( 1.000000000000000000, 0.000000000000000000, 0.000000000000000000 ) ) ;
#3179 = ORIENTED_EDGE ( 'NONE', *, *, #51, .T. ) ;
#3180 = APPROVAL_STATUS ( 'not_yet_approved' ) ;
#3181 = ADVANCED_FACE ( 'NONE', ( #2840 ), #2285, .T. ) ;
#3182 = EDGE_CURVE ( 'NONE', #2409, #715, #3383, .T. ) ;
#3183 = CARTESIAN_POINT ( 'NONE',  ( 5.804372540592347640, -2.677312923661003818, -2.780000000000000249 ) ) ;
#3184 = ORIENTED_EDGE ( 'NONE', *, *, #384, .F. ) ;
#3185 = ORIENTED_EDGE ( 'NONE', *, *, #2378, .T. ) ;
#3186 = EDGE_CURVE ( 'NONE', #3113, #1925, #3445, .T. ) ;
#3187 = ADVANCED_FACE ( 'NONE', ( #396 ), #2028, .F. ) ;
#3188 = EDGE_LOOP ( 'NONE', ( #1782, #1509, #1528, #3406, #1049, #2883 ) ) ;
#3189 = CARTESIAN_POINT ( 'NONE',  ( 0.000000000000000000, 0.000000000000000000, 7.219999999999999751 ) ) ;
#3190 = CARTESIAN_POINT ( 'NONE',  ( 0.000000000000000000, 0.000000000000000000, 1.000000000000000000 ) ) ;
#3191 = CYLINDRICAL_SURFACE ( 'NONE', #1242, 3.009777261265889958 ) ;
#3192 = CARTESIAN_POINT ( 'NONE',  ( 20.86790418964723770, -13.30163674519122630, 6.220000000000004192 ) ) ;
#3193 = ORIENTED_EDGE ( 'NONE', *, *, #2201, .T. ) ;
#3194 = DIRECTION ( 'NONE',  ( 1.000000000000000000, -8.673617379884039416E-16, 0.000000000000000000 ) ) ;
#3195 = CARTESIAN_POINT ( 'NONE',  ( -2.677312923661003374, -4.804372540592348528, 5.200000000000001066 ) ) ;
#3196 = DIRECTION ( 'NONE',  ( -3.458176453723080680E-15, 1.000000000000000000, 0.000000000000000000 ) ) ;
#3197 = AXIS2_PLACEMENT_3D ( 'NONE', #1162, #2206, #338 ) ;
#3198 = DIRECTION ( 'NONE',  ( -0.2597349412566917204, -0.9656799471307163651, 0.000000000000000000 ) ) ;
#3199 = CARTESIAN_POINT ( 'NONE',  ( -6.516293434324786915, 5.091086398338029007, 0.000000000000000000 ) ) ;
#3200 = ORIENTED_EDGE ( 'NONE', *, *, #70, .F. ) ;
#3201 = VECTOR ( 'NONE', #1829, 1000.000000000000000 ) ;
#3202 = AXIS2_PLACEMENT_3D ( 'NONE', #2968, #1007, #276 ) ;
#3203 = AXIS2_PLACEMENT_3D ( 'NONE', #2343, #172, #2829 ) ;
#3204 = CARTESIAN_POINT ( 'NONE',  ( 0.9487509860547043150, 6.476198233172292262, -4.658681209898651865E-17 ) ) ;
#3205 = EDGE_LOOP ( 'NONE', ( #2554, #1570, #3502, #1364 ) ) ;
#3206 = ORIENTED_EDGE ( 'NONE', *, *, #2399, .T. ) ;
#3207 = CIRCLE ( 'NONE', #3326, 3.009777261265890846 ) ;
#3208 = EDGE_CURVE ( 'NONE', #2957, #1604, #918, .T. ) ;
#3209 = CIRCLE ( 'NONE', #3046, 7.425000000000000711 ) ;
#3210 = ORIENTED_EDGE ( 'NONE', *, *, #2593, .F. ) ;
#3211 = CARTESIAN_POINT ( 'NONE',  ( 0.2885942357802444014, 8.264257631792538916, 7.219999999999999751 ) ) ;
#3212 = EDGE_CURVE ( 'NONE', #1811, #3343, #3442, .T. ) ;
#3213 = CARTESIAN_POINT ( 'NONE',  ( 1.677312923661003596, 4.804372540592348528, 7.219999999999999751 ) ) ;
#3214 = AXIS2_PLACEMENT_3D ( 'NONE', #914, #2005, #1817 ) ;
#3215 = CARTESIAN_POINT ( 'NONE',  ( 40.10796630892206593, -10.78767380862164238, 7.219999999999999751 ) ) ;
#3216 = FACE_OUTER_BOUND ( 'NONE', #651, .T. ) ;
#3217 = ORIENTED_EDGE ( 'NONE', *, *, #3001, .T. ) ;
#3218 = DIRECTION ( 'NONE',  ( -0.000000000000000000, -0.000000000000000000, 1.000000000000000000 ) ) ;
#3219 = DIRECTION ( 'NONE',  ( 0.000000000000000000, -1.000000000000000000, 0.000000000000000000 ) ) ;
#3220 = CIRCLE ( 'NONE', #135, 1.499999999999999556 ) ;
#3221 = DIRECTION ( 'NONE',  ( 0.000000000000000000, 0.000000000000000000, 1.000000000000000000 ) ) ;
#3222 = DIRECTION ( 'NONE',  ( -0.000000000000000000, -0.000000000000000000, -1.000000000000000000 ) ) ;
#3223 = ORIENTED_EDGE ( 'NONE', *, *, #3500, .F. ) ;
#3224 = VECTOR ( 'NONE', #2551, 1000.000000000000000 ) ;
#3225 = APPROVAL_ROLE ( '' ) ;
#3226 = CARTESIAN_POINT ( 'NONE',  ( -7.010050333647484422, -2.447410737847004025, 7.219999999999999751 ) ) ;
#3227 = ORIENTED_EDGE ( 'NONE', *, *, #174, .T. ) ;
#3228 = FACE_OUTER_BOUND ( 'NONE', #2034, .T. ) ;
#3229 = VERTEX_POINT ( 'NONE', #193 ) ;
#3230 = CARTESIAN_POINT ( 'NONE',  ( 0.000000000000000000, 0.000000000000000000, 7.219999999999999751 ) ) ;
#3231 = FACE_OUTER_BOUND ( 'NONE', #3441, .T. ) ;
#3232 = ADVANCED_FACE ( 'NONE', ( #982 ), #2938, .T. ) ;
#3233 = ADVANCED_FACE ( 'NONE', ( #2340 ), #2364, .T. ) ;
#3234 = DIRECTION ( 'NONE',  ( -0.000000000000000000, -0.000000000000000000, -1.000000000000000000 ) ) ;
#3235 = DIRECTION ( 'NONE',  ( 0.000000000000000000, 0.000000000000000000, 1.000000000000000000 ) ) ;
#3236 = ORIENTED_EDGE ( 'NONE', *, *, #1654, .F. ) ;
#3237 = FACE_OUTER_BOUND ( 'NONE', #2994, .T. ) ;
#3238 = DIRECTION ( 'NONE',  ( -0.000000000000000000, -0.000000000000000000, -1.000000000000000000 ) ) ;
#3239 = ADVANCED_FACE ( 'NONE', ( #249 ), #2582, .T. ) ;
#3240 = DIRECTION ( 'NONE',  ( 0.000000000000000000, 0.000000000000000000, -1.000000000000000000 ) ) ;
#3241 = DIRECTION ( 'NONE',  ( 1.000000000000000000, 0.000000000000000000, 0.000000000000000000 ) ) ;
#3242 = ORIENTED_EDGE ( 'NONE', *, *, #1696, .T. ) ;
#3243 = CARTESIAN_POINT ( 'NONE',  ( -5.256750925104925365, 8.389074425191886064, 0.000000000000000000 ) ) ;
#3244 = FACE_OUTER_BOUND ( 'NONE', #2523, .T. ) ;
#3245 = ORIENTED_EDGE ( 'NONE', *, *, #1972, .T. ) ;
#3246 = DIRECTION ( 'NONE',  ( -0.000000000000000000, -0.000000000000000000, -1.000000000000000000 ) ) ;
#3247 = ORIENTED_EDGE ( 'NONE', *, *, #2013, .T. ) ;
#3248 = DIRECTION ( 'NONE',  ( 1.000000000000000000, 0.000000000000000000, 0.000000000000000000 ) ) ;
#3249 = DIRECTION ( 'NONE',  ( -1.000000000000000000, 0.000000000000000000, 0.000000000000000000 ) ) ;
#3250 = CARTESIAN_POINT ( 'NONE',  ( -3.226273398300803397, 6.687434856461526245, 7.219999999999999751 ) ) ;
#3251 = CARTESIAN_POINT ( 'NONE',  ( 0.000000000000000000, 0.000000000000000000, 0.000000000000000000 ) ) ;
#3252 = ORIENTED_EDGE ( 'NONE', *, *, #3299, .T. ) ;
#3253 = CYLINDRICAL_SURFACE ( 'NONE', #2045, 9.900000000000000355 ) ;
#3254 = LINE ( 'NONE', #723, #3434 ) ;
#3255 = DIRECTION ( 'NONE',  ( -0.3090169943749515036, 0.9510565162951521989, 0.000000000000000000 ) ) ;
#3256 = EDGE_CURVE ( 'NONE', #2669, #1129, #1615, .T. ) ;
#3257 = ORIENTED_EDGE ( 'NONE', *, *, #1633, .F. ) ;
#3258 = DATE_AND_TIME ( #748, #2557 ) ;
#3259 = CC_DESIGN_PERSON_AND_ORGANIZATION_ASSIGNMENT ( #995, #2081, ( #409 ) ) ;
#3260 = EDGE_CURVE ( 'NONE', #981, #586, #1783, .T. ) ;
#3261 = DIRECTION ( 'NONE',  ( 0.000000000000000000, 0.000000000000000000, 1.000000000000000000 ) ) ;
#3262 = CIRCLE ( 'NONE', #393, 9.900000000000000355 ) ;
#3263 = CARTESIAN_POINT ( 'NONE',  ( -1.177312923661003152, -4.804372540592348528, 5.200000000000000178 ) ) ;
#3264 = ORIENTED_EDGE ( 'NONE', *, *, #1565, .F. ) ;
#3265 = AXIS2_PLACEMENT_3D ( 'NONE', #3153, #3100, #1214 ) ;
#3266 = VERTEX_POINT ( 'NONE', #3465 ) ;
#3267 = VECTOR ( 'NONE', #2647, 1000.000000000000000 ) ;
#3268 = DIRECTION ( 'NONE',  ( -0.000000000000000000, -0.000000000000000000, -1.000000000000000000 ) ) ;
#3269 = VECTOR ( 'NONE', #1750, 1000.000000000000000 ) ;
#3270 = DIRECTION ( 'NONE',  ( -1.000000000000000000, 0.000000000000000000, 0.000000000000000000 ) ) ;
#3271 = VECTOR ( 'NONE', #1051, 1000.000000000000000 ) ;
#3272 = CARTESIAN_POINT ( 'NONE',  ( -9.602909268817404254, -2.407100657401108013, 7.219999999999999751 ) ) ;
#3273 = LINE ( 'NONE', #2169, #537 ) ;
#3274 = VERTEX_POINT ( 'NONE', #2382 ) ;
#3275 = AXIS2_PLACEMENT_3D ( 'NONE', #3298, #1422, #1409 ) ;
#3276 = DIRECTION ( 'NONE',  ( -0.000000000000000000, -0.000000000000000000, -1.000000000000000000 ) ) ;
#3277 = AXIS2_PLACEMENT_3D ( 'NONE', #1659, #2210, #1165 ) ;
#3278 = DIRECTION ( 'NONE',  ( -0.9656799471307163651, 0.2597349412566919979, 0.000000000000000000 ) ) ;
#3279 = DIRECTION ( 'NONE',  ( -0.000000000000000000, -0.000000000000000000, -1.000000000000000000 ) ) ;
#3280 = ORIENTED_EDGE ( 'NONE', *, *, #1249, .T. ) ;
#3281 = CARTESIAN_POINT ( 'NONE',  ( -2.677312923661003374, -4.804372540592348528, -2.780000000000000249 ) ) ;
#3282 = ADVANCED_FACE ( 'NONE', ( #1245, #1826 ), #2072, .T. ) ;
#3283 = ADVANCED_FACE ( 'NONE', ( #2924 ), #1017, .F. ) ;
#3284 = AXIS2_PLACEMENT_3D ( 'NONE', #3057, #602, #1689 ) ;
#3285 = DIRECTION ( 'NONE',  ( 0.8090169943749464521, 0.5877852522924743583, 0.000000000000000000 ) ) ;
#3286 = ORIENTED_EDGE ( 'NONE', *, *, #3004, .T. ) ;
#3287 = AXIS2_PLACEMENT_3D ( 'NONE', #1468, #2039, #2836 ) ;
#3288 = ORIENTED_EDGE ( 'NONE', *, *, #167, .F. ) ;
#3289 = CYLINDRICAL_SURFACE ( 'NONE', #2130, 9.900000000000000355 ) ;
#3290 = CARTESIAN_POINT ( 'NONE',  ( 30.89893035275242283, -0.6218746302551256822, 6.219999999999996199 ) ) ;
#3291 = ORIENTED_EDGE ( 'NONE', *, *, #1229, .T. ) ;
#3292 = LINE ( 'NONE', #2207, #1092 ) ;
#3293 = CARTESIAN_POINT ( 'NONE',  ( 1.320665576569564514, 7.306604371037491497, 6.355872922675326997 ) ) ;
#3294 = PLANE ( 'NONE',  #1662 ) ;
#3295 = DIRECTION ( 'NONE',  ( 0.000000000000000000, 0.000000000000000000, 1.000000000000000000 ) ) ;
#3296 = ORIENTED_EDGE ( 'NONE', *, *, #1654, .T. ) ;
#3297 = CARTESIAN_POINT ( 'NONE',  ( -3.677312923660986943, -4.804372540592348528, 7.219999999999999751 ) ) ;
#3298 = CARTESIAN_POINT ( 'NONE',  ( -7.770595549723508633, 2.828265482620750504, 7.219999999999999751 ) ) ;
#3299 = EDGE_CURVE ( 'NONE', #2637, #322, #2705, .T. ) ;
#3300 = ORIENTED_EDGE ( 'NONE', *, *, #63, .F. ) ;
#3301 = EDGE_LOOP ( 'NONE', ( #3072, #859 ) ) ;
#3302 = DIRECTION ( 'NONE',  ( -0.000000000000000000, -0.000000000000000000, -1.000000000000000000 ) ) ;
#3303 = EDGE_CURVE ( 'NONE', #2363, #176, #1556, .T. ) ;
#3304 = EDGE_CURVE ( 'NONE', #2265, #3053, #1841, .T. ) ;
#3305 = DIRECTION ( 'NONE',  ( 0.9656799471307166982, -0.2597349412566898885, -0.000000000000000000 ) ) ;
#3306 = ORIENTED_EDGE ( 'NONE', *, *, #2598, .F. ) ;
#3307 = CARTESIAN_POINT ( 'NONE',  ( 0.6781733939056497906, 9.876744445807966954, 7.219999999999999751 ) ) ;
#3308 = DIRECTION ( 'NONE',  ( -1.000000000000000000, 0.000000000000000000, 0.000000000000000000 ) ) ;
#3309 = DIRECTION ( 'NONE',  ( -0.8090169943749507819, 0.5877852522924684742, 0.000000000000000000 ) ) ;
#3310 = DIRECTION ( 'NONE',  ( -0.000000000000000000, -0.000000000000000000, -1.000000000000000000 ) ) ;
#3311 = ORIENTED_EDGE ( 'NONE', *, *, #1850, .T. ) ;
#3312 = DIRECTION ( 'NONE',  ( -0.000000000000000000, -0.000000000000000000, 1.000000000000000000 ) ) ;
#3313 = CARTESIAN_POINT ( 'NONE',  ( -8.492359460946810046, -5.088205065253091242, 7.219999999999999751 ) ) ;
#3314 = VERTEX_POINT ( 'NONE', #2617 ) ;
#3315 = AXIS2_PLACEMENT_3D ( 'NONE', #252, #230, #1307 ) ;
#3316 = ORIENTED_EDGE ( 'NONE', *, *, #166, .F. ) ;
#3317 = AXIS2_PLACEMENT_3D ( 'NONE', #2736, #3011, #259 ) ;
#3318 = EDGE_CURVE ( 'NONE', #1383, #2738, #980, .T. ) ;
#3319 = AXIS2_PLACEMENT_3D ( 'NONE', #851, #3050, #595 ) ;
#3320 = AXIS2_PLACEMENT_3D ( 'NONE', #1231, #1518, #2886 ) ;
#3321 = EDGE_CURVE ( 'NONE', #972, #1878, #2190, .T. ) ;
#3322 = CARTESIAN_POINT ( 'NONE',  ( -2.407100657401072930, 9.602909268817414912, 7.219999999999999751 ) ) ;
#3323 = ORIENTED_EDGE ( 'NONE', *, *, #1541, .F. ) ;
#3324 = CARTESIAN_POINT ( 'NONE',  ( -2.140407324811949952, -7.109801789353297430, 1.000000000000000000 ) ) ;
#3325 = CIRCLE ( 'NONE', #404, 9.900000000000000355 ) ;
#3326 = AXIS2_PLACEMENT_3D ( 'NONE', #3466, #1063, #1575 ) ;
#3327 = DIRECTION ( 'NONE',  ( 0.000000000000000000, 0.000000000000000000, 1.000000000000000000 ) ) ;
#3328 = CIRCLE ( 'NONE', #2805, 11.50000000000000355 ) ;
#3329 = CARTESIAN_POINT ( 'NONE',  ( 2.828265482620778037, 7.770595549723498863, 7.219999999999999751 ) ) ;
#3330 = ORIENTED_EDGE ( 'NONE', *, *, #1781, .T. ) ;
#3331 = VECTOR ( 'NONE', #2773, 1000.000000000000000 ) ;
#3332 = CARTESIAN_POINT ( 'NONE',  ( 40.10796630892206593, -10.78767380862164238, 0.000000000000000000 ) ) ;
#3333 = ORIENTED_EDGE ( 'NONE', *, *, #2241, .T. ) ;
#3334 = AXIS2_PLACEMENT_3D ( 'NONE', #484, #1561, #514 ) ;
#3335 = AXIS2_PLACEMENT_3D ( 'NONE', #1590, #2425, #212 ) ;
#3336 = ORIENTED_EDGE ( 'NONE', *, *, #2952, .F. ) ;
#3337 = B_SPLINE_CURVE_WITH_KNOTS ( 'NONE', 3,
 ( #3374, #2037, #689, #1797, #429, #161, #1237, #2329, #2549, #725 ),
 .UNSPECIFIED., .F., .F.,
 ( 4, 2, 2, 2, 4 ),
 ( 0.0001220785791780193928, 0.0004933167281088886563, 0.0008645548770397578926, 0.001235793025970627129, 0.001607031174901496365 ),
 .UNSPECIFIED. ) ;
#3338 = CARTESIAN_POINT ( 'NONE',  ( -4.009033799157220912, 7.232488426176834295, 7.219999999999999751 ) ) ;
#3339 = ADVANCED_FACE ( 'NONE', ( #773 ), #757, .F. ) ;
#3340 = CARTESIAN_POINT ( 'NONE',  ( -7.463453979328375176, 6.504371968026388728, 7.219999999999999751 ) ) ;
#3341 = EDGE_CURVE ( 'NONE', #1158, #2719, #3220, .T. ) ;
#3342 = DIRECTION ( 'NONE',  ( -0.000000000000000000, -0.000000000000000000, 1.000000000000000000 ) ) ;
#3343 = VERTEX_POINT ( 'NONE', #2713 ) ;
#3344 = DIRECTION ( 'NONE',  ( -0.000000000000000000, -0.000000000000000000, -1.000000000000000000 ) ) ;
#3345 = CARTESIAN_POINT ( 'NONE',  ( 0.000000000000000000, 0.000000000000000000, 0.000000000000000000 ) ) ;
#3346 = EDGE_CURVE ( 'NONE', #709, #2846, #841, .T. ) ;
#3347 = ADVANCED_FACE ( 'NONE', ( #1916 ), #2067, .T. ) ;
#3348 = FACE_OUTER_BOUND ( 'NONE', #1031, .T. ) ;
#3349 = ORIENTED_EDGE ( 'NONE', *, *, #61, .T. ) ;
#3350 = ORIENTED_EDGE ( 'NONE', *, *, #2255, .F. ) ;
#3351 = CARTESIAN_POINT ( 'NONE',  ( -5.091086398338004138, -6.516293434324805567, 7.219999999999999751 ) ) ;
#3352 = LINE ( 'NONE', #588, #1648 ) ;
#3353 = CARTESIAN_POINT ( 'NONE',  ( -8.207656991483856856, 1.007773559740973823, 7.219999999999999751 ) ) ;
#3354 = CARTESIAN_POINT ( 'NONE',  ( 24.72496806730907082, 1.038710469699922978, 1.387778780781445676E-14 ) ) ;
#3355 = ORIENTED_EDGE ( 'NONE', *, *, #2828, .T. ) ;
#3356 = DESIGN_CONTEXT ( 'detailed design', #815, 'design' ) ;
#3357 = ADVANCED_FACE ( 'NONE', ( #2458 ), #3289, .T. ) ;
#3358 = ORIENTED_EDGE ( 'NONE', *, *, #2135, .T. ) ;
#3359 = CYLINDRICAL_SURFACE ( 'NONE', #2768, 1.000000000000000000 ) ;
#3360 = EDGE_LOOP ( 'NONE', ( #2162, #106, #2804, #95 ) ) ;
#3361 = EDGE_LOOP ( 'NONE', ( #2964, #1949, #1281, #2897 ) ) ;
#3362 = VECTOR ( 'NONE', #372, 1000.000000000000114 ) ;
#3363 = FACE_OUTER_BOUND ( 'NONE', #209, .T. ) ;
#3364 = DIRECTION ( 'NONE',  ( -0.000000000000000000, -0.000000000000000000, -1.000000000000000000 ) ) ;
#3365 = AXIS2_PLACEMENT_3D ( 'NONE', #2125, #3261, #1091 ) ;
#3366 = CIRCLE ( 'NONE', #901, 3.009777261265890402 ) ;
#3367 = DIRECTION ( 'NONE',  ( 0.2597349412566902771, 0.9656799471307166982, 0.000000000000000000 ) ) ;
#3368 = DIRECTION ( 'NONE',  ( -0.2597349412566900551, -0.9656799471307168092, 0.000000000000000000 ) ) ;
#3369 = VERTEX_POINT ( 'NONE', #3020 ) ;
#3370 = VECTOR ( 'NONE', #1223, 1000.000000000000000 ) ;
#3371 = CIRCLE ( 'NONE', #466, 3.009777261265889958 ) ;
#3372 = VECTOR ( 'NONE', #1491, 1000.000000000000000 ) ;
#3373 = DIRECTION ( 'NONE',  ( 0.5877852522924714718, 0.8090169943749486725, 0.000000000000000000 ) ) ;
#3374 = CARTESIAN_POINT ( 'NONE',  ( -2.099212645435582392, -6.188496837148004914, 0.006051166610364542946 ) ) ;
#3375 = ORIENTED_EDGE ( 'NONE', *, *, #3377, .F. ) ;
#3376 = DIRECTION ( 'NONE',  ( -0.000000000000000000, -0.000000000000000000, -1.000000000000000000 ) ) ;
#3377 = EDGE_CURVE ( 'NONE', #2476, #1859, #2191, .T. ) ;
#3378 = EDGE_CURVE ( 'NONE', #1178, #3479, #1617, .T. ) ;
#3379 = AXIS2_PLACEMENT_3D ( 'NONE', #1131, #1649, #4 ) ;
#3380 = DIRECTION ( 'NONE',  ( -1.000000000000000000, 0.000000000000000000, -0.000000000000000000 ) ) ;
#3381 = ORIENTED_EDGE ( 'NONE', *, *, #3346, .F. ) ;
#3382 = ORIENTED_EDGE ( 'NONE', *, *, #1147, .F. ) ;
#3383 = CIRCLE ( 'NONE', #3155, 10.00000000000000178 ) ;
#3384 = EDGE_CURVE ( 'NONE', #346, #1036, #1361, .T. ) ;
#3385 = ORIENTED_EDGE ( 'NONE', *, *, #3112, .T. ) ;
#3386 = CIRCLE ( 'NONE', #3287, 9.999999999999998224 ) ;
#3387 = CARTESIAN_POINT ( 'NONE',  ( 40.10796630892206593, -10.78767380862164238, 0.000000000000000000 ) ) ;
#3388 = CYLINDRICAL_SURFACE ( 'NONE', #2563, 3.009777261265889958 ) ;
#3389 = DIRECTION ( 'NONE',  ( 0.5114259531618439159, -0.8593273499851494801, 0.000000000000000000 ) ) ;
#3390 = CARTESIAN_POINT ( 'NONE',  ( -6.540885592019885841, 3.513892524268020789, 7.219999999999999751 ) ) ;
#3391 = ORIENTED_EDGE ( 'NONE', *, *, #1114, .F. ) ;
#3392 = DIRECTION ( 'NONE',  ( -0.000000000000000000, -0.000000000000000000, -1.000000000000000000 ) ) ;
#3393 = CARTESIAN_POINT ( 'NONE',  ( -7.423245559582906772, -0.1614012457592737815, 0.000000000000000000 ) ) ;
#3394 = DIRECTION ( 'NONE',  ( 0.000000000000000000, -1.000000000000000000, 0.000000000000000000 ) ) ;
#3395 = ORIENTED_EDGE ( 'NONE', *, *, #8, .T. ) ;
#3396 = COORDINATED_UNIVERSAL_TIME_OFFSET ( 8, 0, .AHEAD. ) ;
#3397 = CYLINDRICAL_SURFACE ( 'NONE', #3145, 9.900000000000000355 ) ;
#3398 = ORIENTED_EDGE ( 'NONE', *, *, #3078, .T. ) ;
#3399 = ORIENTED_EDGE ( 'NONE', *, *, #2015, .T. ) ;
#3400 = ORIENTED_EDGE ( 'NONE', *, *, #1850, .F. ) ;
#3401 = CARTESIAN_POINT ( 'NONE',  ( 51.60796630892206593, -10.78767380862164238, 2.000000000000000000 ) ) ;
#3402 = EDGE_CURVE ( 'NONE', #1012, #1178, #1440, .T. ) ;
#3403 = DIRECTION ( 'NONE',  ( -0.000000000000000000, -0.000000000000000000, -1.000000000000000000 ) ) ;
#3404 = CARTESIAN_POINT ( 'NONE',  ( -2.084070581519195997, -6.336175505674653152, 7.197911442640334556 ) ) ;
#3405 = CARTESIAN_POINT ( 'NONE',  ( 1.668796997574233165, 6.204493660314855497, 6.219999999999999751 ) ) ;
#3406 = ORIENTED_EDGE ( 'NONE', *, *, #1729, .T. ) ;
#3407 = CARTESIAN_POINT ( 'NONE',  ( 1.668796997574233165, 6.204493660314855497, 1.000000000000000000 ) ) ;
#3408 = CARTESIAN_POINT ( 'NONE',  ( -9.861235024242464675, 0.8752392796565661159, 0.000000000000000000 ) ) ;
#3409 = DIRECTION ( 'NONE',  ( 0.000000000000000000, 0.000000000000000000, 1.000000000000000000 ) ) ;
#3410 = VERTEX_POINT ( 'NONE', #2821 ) ;
#3411 = DIRECTION ( 'NONE',  ( 1.000000000000000000, 0.000000000000000000, 0.000000000000000000 ) ) ;
#3412 = CARTESIAN_POINT ( 'NONE',  ( 40.10796630892206593, -10.78767380862164238, 0.000000000000000000 ) ) ;
#3413 = ORIENTED_EDGE ( 'NONE', *, *, #316, .F. ) ;
#3414 = ORIENTED_EDGE ( 'NONE', *, *, #897, .F. ) ;
#3415 = ORIENTED_EDGE ( 'NONE', *, *, #3182, .T. ) ;
#3416 = CARTESIAN_POINT ( 'NONE',  ( 2.134517326479329569, 6.215847105420061247, -5.908054807098744865E-17 ) ) ;
#3417 = CYLINDRICAL_SURFACE ( 'NONE', #2041, 3.009777261265889958 ) ;
#3418 = EDGE_CURVE ( 'NONE', #3055, #2807, #1334, .T. ) ;
#3419 = ADVANCED_FACE ( 'NONE', ( #2728 ), #2588, .T. ) ;
#3420 = AXIS2_PLACEMENT_3D ( 'NONE', #3407, #946, #2035 ) ;
#3421 = CARTESIAN_POINT ( 'NONE',  ( -2.116435667238707463, -6.977859154495218874, 6.736516127959362166 ) ) ;
#3422 = FACE_OUTER_BOUND ( 'NONE', #562, .T. ) ;
#3423 = ORIENTED_EDGE ( 'NONE', *, *, #3418, .T. ) ;
#3424 = CARTESIAN_POINT ( 'NONE',  ( 20.86790418964723770, -13.30163674519122630, 1.000000000000002665 ) ) ;
#3425 = CARTESIAN_POINT ( 'NONE',  ( -7.948956596392983798, -2.279326625612762669, 7.219999999999999751 ) ) ;
#3426 = AXIS2_PLACEMENT_3D ( 'NONE', #1941, #3344, #3063 ) ;
#3427 = AXIS2_PLACEMENT_3D ( 'NONE', #2156, #2389, #3471 ) ;
#3428 = DIRECTION ( 'NONE',  ( 0.000000000000000000, 0.000000000000000000, -1.000000000000000000 ) ) ;
#3429 = AXIS2_PLACEMENT_3D ( 'NONE', #988, #2077, #201 ) ;
#3430 = VECTOR ( 'NONE', #457, 1000.000000000000000 ) ;
#3431 = LINE ( 'NONE', #2892, #308 ) ;
#3432 = ORIENTED_EDGE ( 'NONE', *, *, #3182, .F. ) ;
#3433 = DIRECTION ( 'NONE',  ( 0.5877852522924713607, 0.8090169943749487835, 0.000000000000000000 ) ) ;
#3434 = VECTOR ( 'NONE', #3238, 1000.000000000000000 ) ;
#3435 = DIRECTION ( 'NONE',  ( 0.000000000000000000, 0.000000000000000000, 1.000000000000000000 ) ) ;
#3436 = ORIENTED_EDGE ( 'NONE', *, *, #1043, .F. ) ;
#3437 = AXIS2_PLACEMENT_3D ( 'NONE', #2741, #1055, #2144 ) ;
#3438 = ORIENTED_EDGE ( 'NONE', *, *, #680, .T. ) ;
#3439 = CARTESIAN_POINT ( 'NONE',  ( 1.137857181120916383, 6.813653498943635256, 7.105051873222530290 ) ) ;
#3440 = AXIS2_PLACEMENT_3D ( 'NONE', #2390, #3488, #796 ) ;
#3441 = EDGE_LOOP ( 'NONE', ( #3041, #1287, #363, #1087 ) ) ;
#3442 = LINE ( 'NONE', #1304, #1105 ) ;
#3443 = FACE_OUTER_BOUND ( 'NONE', #1985, .T. ) ;
#3444 = AXIS2_PLACEMENT_3D ( 'NONE', #231, #2116, #1309 ) ;
#3445 = CIRCLE ( 'NONE', #871, 9.999999999999998224 ) ;
#3446 = DIRECTION ( 'NONE',  ( 1.000000000000000000, 0.000000000000000000, 0.000000000000000000 ) ) ;
#3447 = EDGE_CURVE ( 'NONE', #1128, #2782, #1270, .T. ) ;
#3448 = CARTESIAN_POINT ( 'NONE',  ( 2.677312923661003818, 4.804372540592348528, 5.200000000000001066 ) ) ;
#3449 = EDGE_LOOP ( 'NONE', ( #1240, #443, #11, #145 ) ) ;
#3450 = ADVANCED_FACE ( 'NONE', ( #2274 ), #3359, .F. ) ;
#3451 = CARTESIAN_POINT ( 'NONE',  ( -7.357101806111839615, -1.001837319381711389, 7.219999999999999751 ) ) ;
#3452 = DIRECTION ( 'NONE',  ( 0.000000000000000000, 0.000000000000000000, -1.000000000000000000 ) ) ;
#3453 = AXIS2_PLACEMENT_3D ( 'NONE', #1632, #2203, #2189 ) ;
#3454 = DIRECTION ( 'NONE',  ( -1.000000000000000000, 0.000000000000000000, 0.000000000000000000 ) ) ;
#3455 = FACE_OUTER_BOUND ( 'NONE', #550, .T. ) ;
#3456 = ORIENTED_EDGE ( 'NONE', *, *, #1699, .F. ) ;
#3457 = APPROVAL_DATE_TIME ( #2357, #1564 ) ;
#3458 = EDGE_CURVE ( 'NONE', #726, #632, #1677, .T. ) ;
#3459 = EDGE_CURVE ( 'NONE', #1741, #2764, #96, .T. ) ;
#3460 = DIRECTION ( 'NONE',  ( 1.000000000000000000, 3.469446951953614978E-15, 0.000000000000000000 ) ) ;
#3461 = CARTESIAN_POINT ( 'NONE',  ( 0.8752392796566006439, 9.861235024242461122, 7.219999999999999751 ) ) ;
#3462 = ORIENTED_EDGE ( 'NONE', *, *, #527, .T. ) ;
#3463 = ORIENTED_EDGE ( 'NONE', *, *, #1804, .T. ) ;
#3464 = VERTEX_POINT ( 'NONE', #895 ) ;
#3465 = CARTESIAN_POINT ( 'NONE',  ( -1.177312923661003152, -4.804372540592348528, 0.000000000000000000 ) ) ;
#3466 = CARTESIAN_POINT ( 'NONE',  ( -8.207656991483856856, 1.007773559740973823, 7.219999999999999751 ) ) ;
#3467 = CARTESIAN_POINT ( 'NONE',  ( 30.49611760853984777, -8.202414618990752970, 0.000000000000000000 ) ) ;
#3468 = VERTEX_POINT ( 'NONE', #1384 ) ;
#3469 = FACE_OUTER_BOUND ( 'NONE', #2488, .T. ) ;
#3470 = CARTESIAN_POINT ( 'NONE',  ( -2.214887187781488631, 9.649055640082167429, 7.219999999999999751 ) ) ;
#3471 = DIRECTION ( 'NONE',  ( -0.8090169943749507819, 0.5877852522924685852, 0.000000000000000000 ) ) ;
#3472 = DIRECTION ( 'NONE',  ( 0.9510565162951531981, 0.3090169943749482284, 0.000000000000000000 ) ) ;
#3473 = VERTEX_POINT ( 'NONE', #2480 ) ;
#3474 = ADVANCED_FACE ( 'NONE', ( #534 ), #1116, .T. ) ;
#3475 = EDGE_CURVE ( 'NONE', #791, #945, #2530, .T. ) ;
#3476 = CARTESIAN_POINT ( 'NONE',  ( 1.320665576569563848, 7.306604371037491497, 1.000000000000000000 ) ) ;
#3477 = EDGE_LOOP ( 'NONE', ( #1625, #1787, #2391, #890 ) ) ;
#3478 = CARTESIAN_POINT ( 'NONE',  ( -9.649055640082156771, -2.214887187781523270, 7.219999999999999751 ) ) ;
#3479 = VERTEX_POINT ( 'NONE', #1757 ) ;
#3480 = DIRECTION ( 'NONE',  ( 0.000000000000000000, 0.000000000000000000, 1.000000000000000000 ) ) ;
#3481 = DIRECTION ( 'NONE',  ( -0.000000000000000000, -0.000000000000000000, -1.000000000000000000 ) ) ;
#3482 = FACE_OUTER_BOUND ( 'NONE', #2893, .T. ) ;
#3483 = CYLINDRICAL_SURFACE ( 'NONE', #479, 3.009777261265889958 ) ;
#3484 = ORIENTED_EDGE ( 'NONE', *, *, #2031, .F. ) ;
#3485 = DIRECTION ( 'NONE',  ( -0.000000000000000000, -0.000000000000000000, 1.000000000000000000 ) ) ;
#3486 = CIRCLE ( 'NONE', #1419, 1.000000000000000000 ) ;
#3487 = CARTESIAN_POINT ( 'NONE',  ( 0.000000000000000000, 0.000000000000000000, 7.219999999999999751 ) ) ;
#3488 = DIRECTION ( 'NONE',  ( 0.000000000000000000, 0.000000000000000000, 1.000000000000000000 ) ) ;
#3489 = VERTEX_POINT ( 'NONE', #1742 ) ;
#3490 = CIRCLE ( 'NONE', #2795, 9.500000000000001776 ) ;
#3491 = CIRCLE ( 'NONE', #397, 3.009777261265891291 ) ;
#3492 = CARTESIAN_POINT ( 'NONE',  ( 0.000000000000000000, 0.000000000000000000, 7.219999999999999751 ) ) ;
#3493 = CIRCLE ( 'NONE', #1374, 7.425000000000000711 ) ;
#3494 = CIRCLE ( 'NONE', #1026, 9.900000000000003908 ) ;
#3495 = CARTESIAN_POINT ( 'NONE',  ( 1.668796997574233387, 6.204493660314855497, 7.219999999999999751 ) ) ;
#3496 = ADVANCED_FACE ( 'NONE', ( #2855 ), #2007, .F. ) ;
#3497 = ORIENTED_EDGE ( 'NONE', *, *, #2442, .T. ) ;
#3498 = DIRECTION ( 'NONE',  ( 0.000000000000000000, 0.000000000000000000, 1.000000000000000000 ) ) ;
#3499 = AXIS2_PLACEMENT_3D ( 'NONE', #2154, #1888, #832 ) ;
#3500 = EDGE_CURVE ( 'NONE', #2792, #5, #1493, .T. ) ;
#3501 = CIRCLE ( 'NONE', #1319, 11.50000000000000355 ) ;
#3502 = ORIENTED_EDGE ( 'NONE', *, *, #2598, .T. ) ;
#3503 = DIRECTION ( 'NONE',  ( 0.000000000000000000, 0.000000000000000000, -1.000000000000000000 ) ) ;
#3504 = EDGE_CURVE ( 'NONE', #1818, #2503, #872, .T. ) ;
#3505 = AXIS2_PLACEMENT_3D ( 'NONE', #3531, #2910, #3472 ) ;
#3506 = CARTESIAN_POINT ( 'NONE',  ( 27.00551938981702449, -18.09013125334769967, 1.000000000000014655 ) ) ;
#3507 = AXIS2_PLACEMENT_3D ( 'NONE', #1723, #889, #175 ) ;
#3508 = DIRECTION ( 'NONE',  ( -1.000000000000000000, 0.000000000000000000, 0.000000000000000000 ) ) ;
#3509 = ORIENTED_EDGE ( 'NONE', *, *, #755, .T. ) ;
#3510 = DIRECTION ( 'NONE',  ( -1.000000000000000000, 0.000000000000000000, 0.000000000000000000 ) ) ;
#3511 = AXIS2_PLACEMENT_3D ( 'NONE', #2824, #99, #887 ) ;
#3512 = DIRECTION ( 'NONE',  ( -0.000000000000000000, -0.000000000000000000, -1.000000000000000000 ) ) ;
#3513 = CARTESIAN_POINT ( 'NONE',  ( 25.49611760853984421, -8.202414618990752970, 2.000000000000000000 ) ) ;
#3514 = ORIENTED_EDGE ( 'NONE', *, *, #685, .F. ) ;
#3515 = VECTOR ( 'NONE', #2592, 1000.000000000000000 ) ;
#3516 = CYLINDRICAL_SURFACE ( 'NONE', #182, 9.900000000000000355 ) ;
#3517 = DIRECTION ( 'NONE',  ( -0.000000000000000000, -0.000000000000000000, 1.000000000000000000 ) ) ;
#3518 = VERTEX_POINT ( 'NONE', #146 ) ;
#3519 = VERTEX_POINT ( 'NONE', #2312 ) ;
#3520 = ORIENTED_EDGE ( 'NONE', *, *, #1283, .F. ) ;
#3521 = CARTESIAN_POINT ( 'NONE',  ( -4.804372540592347640, 2.677312923661004262, 5.200000000000000178 ) ) ;
#3522 = CYLINDRICAL_SURFACE ( 'NONE', #1471, 10.00000000000000000 ) ;
#3523 = DIRECTION ( 'NONE',  ( -0.000000000000000000, -0.000000000000000000, -1.000000000000000000 ) ) ;
#3524 = EDGE_CURVE ( 'NONE', #3229, #438, #3002, .T. ) ;
#3525 = EDGE_CURVE ( 'NONE', #3369, #2457, #3386, .T. ) ;
#3526 = DIRECTION ( 'NONE',  ( 0.000000000000000000, 0.000000000000000000, 1.000000000000000000 ) ) ;
#3527 = ORIENTED_EDGE ( 'NONE', *, *, #366, .T. ) ;
#3528 = DIRECTION ( 'NONE',  ( 0.000000000000000000, 0.000000000000000000, 1.000000000000000000 ) ) ;
#3529 = LINE ( 'NONE', #1069, #3271 ) ;
#3530 = DIRECTION ( 'NONE',  ( -0.9510565162951556406, 0.3090169943749411785, 0.000000000000000000 ) ) ;
#3531 = CARTESIAN_POINT ( 'NONE',  ( -4.009033799157220912, 7.232488426176834295, 7.219999999999999751 ) ) ;
#3532 = ORIENTED_EDGE ( 'NONE', *, *, #692, .T. ) ;
#3533 = DIRECTION ( 'NONE',  ( -0.000000000000000000, -0.000000000000000000, -1.000000000000000000 ) ) ;
#3534 = ORIENTED_EDGE ( 'NONE', *, *, #3095, .T. ) ;
ENDSEC;
END-ISO-10303-21;
